-1177039.3797720347
-1177039.5943810001
-1177038.0719306117
-1177038.0499987605
-1177039.6735481261
-1177039.5943810001
-1177038.0719306117
-1177038.0499987605
-1177039.386602051
-1177039.6270732272
-1177038.0719306117
-1177038.0049869954
-1177038.8389618278
-1177039.3906870335
-1177038.0719306117
-1177037.9913182133
-1177038.9108775894
-1177039.3659563751
-1177038.0719306117
-1177037.9913182133
-1177039.322943234
-1177038.7674758732
-1177038.557011219
-1177037.9737094166
-1177039.3259313232
-1177039.4502523877
-1177038.5824210297
-1177037.9737094166
-1177038.9532978688
-1177039.4502523877
-1177038.1736081813
-1177037.9737094166
-1177039.3747979596
-1177039.394435562
-1177038.1622573065
-1177037.9737094166
-1177039.3747979596
-1177039.394435562
-1177038.0743557783
-1177038.3194330116
-1177039.463433708
-1177039.394435562
-1177038.0743557783
-1177038.3194330116
-1177039.1720969987
-1177039.394435562
-1177038.0743557783
-1177038.621198963
-1177039.1183508933
-1177039.198824952
-1177038.0330013463
-1177038.0183075983
-1177038.8420305902
-1177039.4484799157
-1177038.0041026876
-1177038.2069390758
-1177038.780967773
-1177039.4484799157
-1177038.0413574977
-1177038.4856760413
-1177038.813082841
-1177039.621853592
-1177037.9955085719
-1177038.4856760413
-1177038.708360014
-1177039.621853592
-1177037.9955085719
-1177038.6756635054
-1177038.732615328
-1177039.621853592
-1177037.9955085719
-1177038.5366932314
-1177038.7835136175
-1177039.1548410095
-1177038.0993622995
-1177038.5708294474
-1177038.879578829
-1177039.2931495358
-1177038.0993622995
-1177038.4280164358
-1177038.879578829
-1177039.6369380695
-1177038.50823988
-1177038.4391399533
-1177038.879578829
-1177039.6369380695
-1177038.50823988
-1177038.317690849
-1177039.1424991926
-1177039.6369380695
-1177038.0115014145
-1177038.9649605672
-1177039.2084411776
-1177039.6369380695
-1177038.0115014145
-1177038.823775418
-1177039.1538329092
-1177039.0653769926
-1177038.0115014145
-1177038.7879503001
-1177039.3773483615
-1177038.9983755352
-1177038.34558065
-1177038.8368984929
-1177039.3728336736
-1177038.9095684309
-1177038.3511936967
-1177038.8591547045
-1177039.3728336736
-1177038.828407243
-1177038.9250730092
-1177038.8581664816
-1177039.3728336736
-1177038.8178427937
-1177038.9807074147
-1177038.4689921015
-1177039.3839524726
-1177038.7649858997
-1177039.121025111
-1177038.604581838
-1177039.5698551028
-1177038.818837826
-1177039.1008145686
-1177038.6558570217
-1177039.261954932
-1177038.9020808565
-1177038.9935948125
-1177038.630440051
-1177039.6147009155
-1177038.8893569456
-1177039.2098214284
-1177038.630440051
-1177039.322598841
-1177038.9463410338
-1177039.110778798
-1177038.630440051
-1177039.259005295
-1177038.8564882565
-1177039.2909440445
-1177038.7916882944
-1177039.4263768343
-1177038.8218809608
-1177039.1087489917
-1177038.7929327516
-1177039.5445515418
-1177038.838986296
-1177038.6028654312
-1177038.7929327516
-1177039.5445515418
-1177038.847432332
-1177038.6028654312
-1177038.1045460382
-1177039.5445515418
-1177038.8241031189
-1177038.588338213
-1177038.1045460382
-1177039.5445515418
-1177038.8241031189
-1177038.525849833
-1177037.9767343341
-1177039.3510132367
-1177038.8241031189
-1177038.3951443748
-1177037.9767343341
-1177038.8323846972
-1177038.964263455
-1177038.0055769312
-1177037.9767343341
-1177038.5365767446
-1177039.550270376
-1177038.0055769312
-1177037.9767343341
-1177038.860372855
-1177038.9400495219
-1177038.109958534
-1177037.9767343341
-1177039.2576443532
-1177039.0344117237
-1177038.109958534
-1177037.9767343341
-1177039.3684458488
-1177039.2302037734
-1177037.9873333066
-1177037.9767343341
-1177039.1062391452
-1177039.2302037734
-1177037.9873333066
-1177037.9767343341
-1177039.5402570218
-1177039.2302037734
-1177037.9873333066
-1177037.9767343341
-1177039.1942554854
-1177039.3439255732
-1177037.9873333066
-1177038.0021838334
-1177039.1942554854
-1177039.3439255732
-1177037.9873333066
-1177038.0021838334
-1177039.2228466417
-1177038.7459960352
-1177037.9873333066
-1177038.0021838334
-1177039.4332829707
-1177038.3773648753
-1177037.9873333066
-1177038.0021838334
-1177039.2840979777
-1177038.1512857343
-1177037.9873333066
-1177038.642792968
-1177039.4864861986
-1177038.1512857343
-1177038.0917734674
-1177038.988750865
-1177039.3132192895
-1177038.1512857343
-1177038.281593308
-1177038.7894637925
-1177039.3970145395
-1177038.1512857343
-1177038.2090805522
-1177039.0417907625
-1177039.3970145395
-1177038.1506521616
-1177038.547143473
-1177038.9406911593
-1177039.3970145395
-1177037.9872152305
-1177037.9839847332
-1177039.5844541406
-1177039.3970145395
-1177037.9875140649
-1177037.98358961
-1177039.5520145725
-1177039.3970145395
-1177037.9875140649
-1177038.0822112805
-1177039.674837095
-1177039.1086418426
-1177037.9928525065
-1177038.281139857
-1177039.674837095
-1177039.4907956107
-1177038.009526827
-1177038.1105563825
-1177039.674837095
-1177039.3956524385
-1177038.009526827
-1177038.1571339194
-1177039.426711371
-1177039.3956524385
-1177038.009526827
-1177038.6359618385
-1177039.4524017118
-1177039.3956524385
-1177038.0305971748
-1177038.8915006488
-1177039.489770399
-1177039.3698877834
-1177037.9930497804
-1177039.5859121087
-1177039.4333817074
-1177039.3456209062
-1177037.9930497804
-1177039.5859121087
-1177039.4107410214
-1177039.3618761247
-1177038.1524453764
-1177039.2137786378
-1177039.4107410214
-1177039.3618761247
-1177038.1524453764
-1177039.0698143071
-1177039.644129521
-1177039.4645006105
-1177038.492775726
-1177039.0203168355
-1177039.644129521
-1177039.3239891487
-1177038.8699339232
-1177039.0908896674
-1177039.596451233
-1177038.9964193373
-1177038.764736968
-1177039.141763636
-1177039.2859608985
-1177039.0375879859
-1177038.530828862
-1177039.5142176116
-1177039.3493427509
-1177038.9177975778
-1177037.975952144
-1177039.252164387
-1177039.5008091242
-1177038.8984907954
-1177037.975952144
-1177039.3749859796
-1177039.5008091242
-1177038.0831748913
-1177037.975952144
-1177039.0543448913
-1177039.225929918
-1177037.9778685484
-1177037.975952144
-1177039.11807571
-1177038.7336589997
-1177038.496028087
-1177038.0249112877
-1177039.0504124847
-1177038.7336589997
-1177038.496028087
-1177037.9743335259
-1177039.0504124847
-1177038.7435078423
-1177038.2638505918
-1177037.9743335259
-1177039.0504124847
-1177038.7435078423
-1177038.2638505918
-1177038.0764823742
-1177039.0556263682
-1177038.825206696
-1177038.3712660428
-1177038.0048738832
-1177039.3676035763
-1177038.724831951
-1177038.1405752643
-1177038.0048738832
-1177039.430927418
-1177039.2258910306
-1177038.1405752643
-1177038.0048738832
-1177039.430927418
-1177039.6573063468
-1177038.1405752643
-1177038.0048738832
-1177039.1973286746
-1177039.212716521
-1177038.0097662746
-1177038.0048738832
-1177039.0927192143
-1177039.4394103528
-1177038.0097662746
-1177038.0048738832
-1177038.7477007892
-1177039.1112144839
-1177038.0097662746
-1177038.0048738832
-1177038.8553366775
-1177039.2668941729
-1177038.0097662746
-1177038.0048738832
-1177039.190174059
-1177038.805772806
-1177038.0097662746
-1177038.0048738832
-1177039.4879591365
-1177038.4492145942
-1177037.973842397
-1177038.0977768975
-1177039.5170331039
-1177038.4492145942
-1177038.0476925862
-1177038.0542028896
-1177039.5170331039
-1177038.647025216
-1177037.9955538725
-1177038.0944333056
-1177039.5170331039
-1177038.2852067514
-1177037.9955538725
-1177038.0944333056
-1177039.5170331039
-1177038.3610847679
-1177037.9955538725
-1177038.339442242
-1177039.5170331039
-1177038.3610847679
-1177037.9694977321
-1177038.339442242
-1177038.984011507
-1177038.2370452334
-1177037.9694977321
-1177038.5032464762
-1177038.978024579
-1177038.1720629595
-1177037.9694977321
-1177038.6185498305
-1177038.89609411
-1177038.1220499482
-1177037.9694977321
-1177038.5239440703
-1177038.9144124778
-1177038.1220499482
-1177037.9694977321
-1177038.3813538963
-1177038.7753104365
-1177038.1579032443
-1177037.9694977321
-1177038.5288430536
-1177038.7376414067
-1177038.109384941
-1177037.9694977321
-1177038.7216920967
-1177038.7390767348
-1177038.13480557
-1177037.9758034935
-1177038.718158041
-1177039.0475594501
-1177038.1195286831
-1177037.9758034935
-1177038.5507862861
-1177038.927753497
-1177038.5084034007
-1177037.9758034935
-1177038.5507862861
-1177038.8433951477
-1177038.9183078134
-1177037.9758034935
-1177038.5754555166
-1177038.6348880783
-1177039.1721013037
-1177037.9758034935
-1177038.527152547
-1177038.596843781
-1177039.2731435888
-1177038.0350066412
-1177038.4888966938
-1177038.7592102732
-1177039.0558499522
-1177038.0350066412
-1177038.393887975
-1177038.9181055564
-1177039.05578961
-1177038.0350066412
-1177038.024202179
-1177039.4461622569
-1177039.0518863557
-1177038.015658273
-1177038.024202179
-1177039.4461622569
-1177039.4689913758
-1177038.015658273
-1177038.3713213315
-1177039.4461622569
-1177039.4689913758
-1177038.015658273
-1177038.1109356678
-1177039.6668202507
-1177039.5019455473
-1177038.015658273
-1177038.1109356678
-1177039.6668202507
-1177038.9243689016
-1177038.0489507506
-1177038.1109356678
-1177039.600398576
-1177038.8680087398
-1177038.0265649857
-1177038.0374901968
-1177039.0092465265
-1177039.3092454444
-1177038.0265649857
-1177038.2588695786
-1177039.4613083154
-1177039.3092454444
-1177038.0265649857
-1177038.2588695786
-1177039.1503211139
-1177039.5481231154
-1177038.6344901477
-1177037.9943009433
-1177039.2147738587
-1177039.3106341762
-1177038.9029245682
-1177037.9943009433
-1177039.447712237
-1177039.191623704
-1177038.7189162176
-1177037.972862502
-1177039.332543555
-1177039.191623704
-1177038.6750677372
-1177037.972862502
-1177039.332543555
-1177039.191623704
-1177038.0303776655
-1177037.972862502
-1177038.81971393
-1177038.8460812098
-1177037.9946460426
-1177037.972862502
-1177038.7465174696
-1177038.833870504
-1177037.9946460426
-1177037.972862502
-1177038.8283248926
-1177038.277697415
-1177038.0033031057
-1177037.972862502
-1177038.5087353082
-1177038.2313257311
-1177038.0033031057
-1177037.972862502
-1177038.3656263265
-1177038.51566686
-1177038.0033031057
-1177037.972862502
-1177038.3167732824
-1177038.9303524075
-1177037.977810686
-1177037.972862502
-1177038.7255241107
-1177039.2980811608
-1177038.0609467449
-1177038.024900927
-1177038.569060051
-1177039.1317212824
-1177038.2198002678
-1177037.995648394
-1177038.6090842625
-1177038.8666552603
-1177038.1678050733
-1177037.9901429499
-1177038.4341203158
-1177038.4674695174
-1177038.127221721
-1177037.9800714266
-1177038.4266660288
-1177038.2301421806
-1177038.0355621797
-1177037.9800714266
-1177038.867419947
-1177038.0585711328
-1177038.0680771463
-1177037.9800714266
-1177039.1050597022
-1177038.05373146
-1177038.0713513799
-1177037.9751076824
-1177039.3338651613
-1177038.0244096539
-1177038.0713513799
-1177038.040330793
-1177039.3795289467
-1177038.0078355016
-1177038.0713513799
-1177038.0468658938
-1177039.307176243
-1177038.0153456249
-1177038.1614754137
-1177038.0468658938
-1177039.307176243
-1177037.9929432988
-1177038.5463965575
-1177038.0665823885
-1177039.2699716487
-1177037.9929432988
-1177038.5463965575
-1177038.0517338095
-1177039.049571397
-1177037.9929432988
-1177038.4359567666
-1177037.97074166
-1177039.265425538
-1177037.9929432988
-1177038.4359567666
-1177037.9744054663
-1177039.265425538
-1177037.9847091672
-1177038.3231513093
-1177037.9725329732
-1177039.493343003
-1177037.9847091672
-1177038.7292176513
-1177037.9758073702
-1177039.493343003
-1177037.9844074305
-1177038.3936831327
-1177037.9745963044
-1177039.493343003
-1177037.9844074305
-1177038.3936831327
-1177037.9745963044
-1177039.1564981334
-1177037.9844074305
-1177038.4282385816
-1177038.5199298093
-1177038.9250407375
-1177037.9844074305
-1177038.8954840945
-1177038.800459469
-1177038.9255586953
-1177037.9844074305
-1177039.5491551573
-1177039.4297906095
-1177038.9255586953
-1177037.9776405967
-1177039.6335954387
-1177039.1509143116
-1177038.9568302217
-1177037.9776405967
-1177039.6335954387
-1177039.2943425952
-1177038.1260911634
-1177037.9771221236
-1177039.3017794467
-1177039.2943425952
-1177037.977270042
-1177037.9771221236
-1177039.337100141
-1177038.9315678428
-1177037.977270042
-1177038.0013457409
-1177039.337100141
-1177038.5769376825
-1177037.977270042
-1177037.984611224
-1177039.0770027102
-1177039.0335265007
-1177038.4385398543
-1177037.984611224
-1177039.2282117824
-1177039.0715718763
-1177038.2590847774
-1177037.984611224
-1177038.7763703591
-1177038.5607832174
-1177038.0813852674
-1177038.0039277535
-1177038.948684612
-1177038.5607832174
-1177038.0813852674
-1177038.0039277535
-1177038.8990086536
-1177038.839958716
-1177038.1402984848
-1177038.0039277535
-1177039.5237306622
-1177038.839958716
-1177038.4507950684
-1177037.98987265
-1177039.201264189
-1177038.8089719897
-1177038.622295314
-1177038.2629413595
-1177039.218198292
-1177038.8403917726
-1177038.5749809705
-1177038.2629413595
-1177039.202189717
-1177039.0739180937
-1177038.174403199
-1177038.5550567429
-1177039.093880613
-1177039.0739180937
-1177038.0037808358
-1177038.0813396848
-1177039.228921669
-1177039.2596108443
-1177038.0037808358
-1177038.0813396848
-1177039.3839572454
-1177039.058046741
-1177038.0080434652
-1177038.0813396848
-1177038.8699967747
-1177039.368017166
-1177038.0080434652
-1177038.0813396848
-1177039.0430733257
-1177038.9263795717
-1177038.0080434652
-1177038.3603810691
-1177038.6374842592
-1177039.0138522738
-1177038.0080434652
-1177038.4518015087
-1177038.609166259
-1177039.4512619206
-1177038.00211225
-1177038.532132
-1177038.5995235583
-1177039.5599588552
-1177038.00211225
-1177038.5080651643
-1177038.2177812564
-1177039.5599588552
-1177038.00211225
-1177038.6861038855
-1177038.081863982
-1177039.212842241
-1177038.0096217096
-1177038.6522680768
-1177038.1195806046
-1177039.212842241
-1177038.0096217096
-1177038.825604053
-1177038.1195806046
-1177039.2515745792
-1177038.0258130205
-1177039.023831561
-1177038.0431921831
-1177039.3518418735
-1177038.0123632564
-1177039.0217918586
-1177038.0431921831
-1177038.774139591
-1177038.0040937718
-1177039.5165673909
-1177038.0431921831
-1177038.008015453
-1177037.992700633
-1177039.5165673909
-1177038.030998288
-1177038.008015453
-1177037.9943137832
-1177039.5165673909
-1177038.07677338
-1177038.008015453
-1177037.9727315155
-1177039.102157185
-1177038.5115276314
-1177038.017990293
-1177037.9727315155
-1177039.4987598816
-1177038.5576352174
-1177038.017990293
-1177037.9727315155
-1177039.2287352402
-1177038.5749878096
-1177038.017990293
-1177037.9727315155
-1177039.4794154894
-1177038.9755235023
-1177038.0104155042
-1177037.9727315155
-1177039.4794154894
-1177038.9256063048
-1177038.0050828075
-1177037.9727315155
-1177039.4364953658
-1177038.5847246852
-1177038.0050828075
-1177037.9727315155
-1177039.0845769928
-1177038.5513490792
-1177038.0334416614
-1177037.973973692
-1177038.7705425958
-1177038.7166677942
-1177038.1161503266
-1177038.0241154516
-1177038.7840525615
-1177038.9228980348
-1177038.2762588002
-1177038.0241154516
-1177038.937932552
-1177038.9187239716
-1177037.9830705738
-1177038.0238968707
-1177038.448932073
-1177038.8862260093
-1177037.9830705738
-1177038.0238968707
-1177038.3728612568
-1177039.0473729777
-1177037.9830705738
-1177038.0216549248
-1177038.4977934998
-1177038.9907169167
-1177037.9830705738
-1177038.070092507
-1177038.2778309716
-1177038.989547374
-1177037.9721335452
-1177037.9992180888
-1177038.2778309716
-1177039.1652434908
-1177038.0374183387
-1177037.9992180888
-1177038.2778309716
-1177039.1652434908
-1177038.028072803
-1177037.9992180888
-1177038.5197845716
-1177039.380258801
-1177038.034663958
-1177037.9992180888
-1177038.436210947
-1177039.380258801
-1177038.0362938636
-1177037.9992180888
-1177038.5255944435
-1177039.380258801
-1177038.04674767
-1177037.9967816705
-1177038.384071802
-1177039.051375284
-1177038.0212066388
-1177037.9776364265
-1177038.3617710376
-1177039.4165243362
-1177038.0835948244
-1177037.98818936
-1177038.2308587092
-1177038.7724059192
-1177038.0835948244
-1177037.9932615722
-1177038.3580569646
-1177038.7724059192
-1177038.1005180974
-1177037.9932615722
-1177038.080730239
-1177038.7069764365
-1177038.0474951752
-1177037.9932615722
-1177038.0664316579
-1177038.857317657
-1177038.0865212404
-1177038.0100359896
-1177038.075845234
-1177038.7334487946
-1177038.111993154
-1177038.0100359896
-1177038.075845234
-1177038.8273981677
-1177038.1815004433
-1177038.0100359896
-1177038.075845234
-1177038.8273981677
-1177038.2732874558
-1177038.0100359896
-1177038.0560552762
-1177039.022076136
-1177038.1977022237
-1177038.0100359896
-1177038.0122598386
-1177039.631834648
-1177038.528436855
-1177037.9902963433
-1177038.0504517108
-1177039.631834648
-1177038.8701824052
-1177038.8225713207
-1177038.0195501791
-1177039.631834648
-1177039.3914264163
-1177039.1065372368
-1177038.0195501791
-1177039.631834648
-1177039.2962678084
-1177039.1065372368
-1177038.1958231411
-1177039.631834648
-1177039.2962678084
-1177039.040340099
-1177038.2320107801
-1177039.1773549307
-1177039.3471972565
-1177039.0277584821
-1177038.0022191308
-1177039.1159850429
-1177039.4698111615
-1177038.9761620816
-1177038.0022191308
-1177039.3978115688
-1177039.4698111615
-1177039.01698008
-1177038.0022191308
-1177039.3978115688
-1177039.4698111615
-1177038.7725476627
-1177038.0022191308
-1177039.5351554318
-1177039.1622837845
-1177038.9270499272
-1177038.0069230844
-1177039.6103206528
-1177039.1622837845
-1177039.0776339641
-1177038.0069230844
-1177039.1560542579
-1177039.2371265676
-1177039.0267525003
-1177038.0069230844
-1177039.102512779
-1177039.2371265676
-1177039.0267525003
-1177038.0069230844
-1177039.0864979988
-1177038.8234919652
-1177038.94834383
-1177038.0069230844
-1177039.0335668055
-1177039.2240601026
-1177038.9261666336
-1177038.0069230844
-1177039.3082240112
-1177039.2240601026
-1177038.9261666336
-1177038.0069230844
-1177039.3819450187
-1177039.0926233886
-1177038.9261666336
-1177038.331957042
-1177039.6360066286
-1177039.4015527156
-1177038.4358161923
-1177037.978747968
-1177039.2220503432
-1177039.5406933092
-1177038.4358161923
-1177037.978747968
-1177039.2220503432
-1177039.5406933092
-1177038.0874327128
-1177037.978747968
-1177039.2220503432
-1177039.5406933092
-1177038.0466237608
-1177037.978747968
-1177039.2220503432
-1177039.5406933092
-1177038.0466237608
-1177037.978747968
-1177039.473930928
-1177039.5406933092
-1177038.0466237608
-1177037.978747968
-1177039.473930928
-1177039.5406933092
-1177038.0466237608
-1177037.978747968
-1177039.473930928
-1177038.8455872147
-1177038.2144734059
-1177037.978747968
-1177039.473930928
-1177039.345730636
-1177038.2144734059
-1177037.978747968
-1177039.3682098098
-1177039.1441203835
-1177038.2144734059
-1177037.978747968
-1177038.7495255084
-1177039.4242314727
-1177038.0466483422
-1177037.978747968
-1177038.2573529468
-1177039.4242314727
-1177038.0466483422
-1177037.978747968
-1177038.2231267923
-1177039.4242314727
-1177038.0466483422
-1177037.978747968
-1177038.2192808907
-1177039.4242314727
-1177038.0466483422
-1177037.978747968
-1177038.54165587
-1177039.4242314727
-1177038.081371811
-1177038.0313189928
-1177038.367153575
-1177039.517405105
-1177038.0021476091
-1177038.042591895
-1177038.5538296816
-1177039.057637517
-1177038.0021476091
-1177038.0794329522
-1177038.7043501136
-1177038.6822331771
-1177038.0021476091
-1177038.1850910832
-1177039.1951677108
-1177038.768249926
-1177037.9872373575
-1177038.3449300588
-1177039.1689498683
-1177039.0795080394
-1177037.9872373575
-1177038.3449300588
-1177039.3330095496
-1177038.9969088617
-1177037.9872373575
-1177038.5400320163
-1177039.3330095496
-1177039.3457316284
-1177038.0866777953
-1177038.008766186
-1177038.945932352
-1177039.4769693073
-1177038.0866777953
-1177037.9840155945
-1177038.945932352
-1177039.4769693073
-1177038.0866777953
-1177037.9840155945
-1177038.9985093656
-1177039.4769693073
-1177037.9717043696
-1177038.015210341
-1177038.751745936
-1177039.1032183056
-1177037.9717043696
-1177038.015210341
-1177038.8696779355
-1177039.6214843225
-1177037.9717043696
-1177038.015210341
-1177039.4214487122
-1177039.6214843225
-1177037.9717043696
-1177038.015210341
-1177039.093994477
-1177039.3818478386
-1177038.0054038437
-1177038.0308688476
-1177039.093994477
-1177039.125812344
-1177038.0054038437
-1177038.0308688476
-1177039.5885571118
-1177039.125812344
-1177038.0014392333
-1177038.0308688476
-1177039.5535272115
-1177038.817939171
-1177038.0014392333
-1177038.0308688476
-1177039.058608756
-1177039.0261204373
-1177038.0014392333
-1177038.0308688476
-1177039.058608756
-1177039.3916184728
-1177038.0014392333
-1177038.03290765
-1177039.2615121831
-1177039.3916184728
-1177038.127632289
-1177038.03290765
-1177039.4604508313
-1177038.977702167
-1177038.1999508126
-1177038.03290765
-1177039.4604508313
-1177039.1690108827
-1177038.167844034
-1177038.0125968764
-1177039.103196782
-1177039.4569313142
-1177038.021632042
-1177038.0125968764
-1177038.6721333854
-1177039.4569313142
-1177038.1625004786
-1177038.0125968764
-1177038.8054272346
-1177039.3858408874
-1177038.426885084
-1177038.0125968764
-1177038.3509718282
-1177039.3858408874
-1177038.426885084
-1177038.0125968764
-1177038.3509718282
-1177039.3142319105
-1177038.3942295357
-1177038.0125968764
-1177038.3181933076
-1177039.3142319105
-1177038.441044076
-1177038.1110709137
-1177038.2574587644
-1177039.556959285
-1177038.3883455421
-1177038.1110709137
-1177038.1788429585
-1177039.2502428277
-1177038.3281768186
-1177038.0790233396
-1177038.0897837481
-1177039.6332071768
-1177037.9832748894
-1177038.0764958928
-1177038.2356372795
-1177039.6332071768
-1177037.9832748894
-1177038.0764958928
-1177038.2743732394
-1177039.6225412611
-1177037.9832748894
-1177038.0433511361
-1177038.435181515
-1177039.017101088
-1177037.9832748894
-1177038.0433511361
-1177038.1891068926
-1177039.0097240356
-1177037.9832748894
-1177038.0252645938
-1177038.1891068926
-1177038.9956870095
-1177037.9832748894
-1177038.0252645938
-1177038.5328634765
-1177038.6438086152
-1177038.0065618025
-1177038.1098144334
-1177038.8898352832
-1177038.6667065332
-1177038.0365257433
-1177038.1291740793
-1177039.3383932079
-1177038.8278976264
-1177038.0365257433
-1177038.1291740793
-1177039.3383932079
-1177038.8278976264
-1177038.0365257433
-1177038.1873053915
-1177039.2111505892
-1177038.8278976264
-1177038.0365257433
-1177038.1998924965
-1177039.3414524111
-1177039.0558975283
-1177038.0365257433
-1177038.0075750756
-1177039.3414524111
-1177038.8810641821
-1177038.0365257433
-1177038.1105115982
-1177038.9759354228
-1177039.3869456525
-1177038.0190554082
-1177038.1239478968
-1177039.3230049517
-1177039.351002575
-1177038.0190554082
-1177038.0650746075
-1177038.950309518
-1177038.903566958
-1177038.050641274
-1177038.0650746075
-1177038.921117661
-1177039.30451951
-1177038.050641274
-1177038.0207858933
-1177039.214249159
-1177039.0505059834
-1177038.050641274
-1177038.0207858933
-1177039.4699925876
-1177038.8720621488
-1177038.050641274
-1177038.5898708464
-1177039.4699925876
-1177038.696276898
-1177037.9834105643
-1177038.8500500505
-1177039.499452628
-1177038.847663475
-1177037.9834105643
-1177038.7131779466
-1177039.3983339707
-1177038.9629073762
-1177037.9834105643
-1177038.6166763064
-1177039.236217465
-1177038.899372858
-1177037.9834105643
-1177038.70970817
-1177038.8814394786
-1177039.27750223
-1177037.9834105643
-1177038.8278171595
-1177038.4481159514
-1177039.3659894112
-1177037.9834105643
-1177038.8278171595
-1177038.1617956338
-1177039.353481176
-1177037.9926520674
-1177039.1845192132
-1177038.3797384168
-1177039.5366748879
-1177038.0068763092
-1177039.253082018
-1177038.6380127387
-1177039.5366748879
-1177038.0068763092
-1177039.0468008036
-1177038.4166869218
-1177039.5366748879
-1177038.0068763092
-1177039.0846809847
-1177038.5919560804
-1177039.556184286
-1177038.0068763092
-1177039.4568566615
-1177037.9710985203
-1177039.6038309368
-1177038.0068763092
-1177039.4568566615
-1177037.9710985203
-1177039.6038309368
-1177038.0068763092
-1177039.311239338
-1177037.9710985203
-1177039.6038309368
-1177038.0068763092
-1177039.3219813656
-1177037.9710985203
-1177039.6038309368
-1177038.0068763092
-1177039.1026511057
-1177037.9710985203
-1177039.5028627536
-1177037.991194229
-1177039.1026511057
-1177037.9710985203
-1177039.509513558
-1177037.991194229
-1177039.2548448374
-1177037.9710985203
-1177039.509513558
-1177037.991194229
-1177039.0661092144
-1177037.9710985203
-1177039.4030519284
-1177037.9944064931
-1177038.6043195145
-1177037.9707330994
-1177039.4030519284
-1177037.9989468865
-1177038.1688753043
-1177037.9707330994
-1177039.3730588115
-1177037.9989468865
-1177038.1688753043
-1177037.9814030905
-1177039.0019723913
-1177038.1346676124
-1177038.4791256075
-1177038.0008472924
-1177039.1953004953
-1177038.1202930885
-1177037.9789543776
-1177038.0245180072
-1177039.1953004953
-1177038.0160562552
-1177037.9789543776
-1177038.0245180072
-1177038.7452982059
-1177038.1867313029
-1177037.9745552973
-1177038.0245180072
-1177038.2229507426
-1177038.1867313029
-1177037.9858245228
-1177038.0710000992
-1177038.1303175518
-1177038.2037016253
-1177037.9801054315
-1177038.1045173437
-1177038.0899733363
-1177038.1994005784
-1177037.9944266302
-1177038.0722830857
-1177038.0560653482
-1177038.1825870583
-1177038.0145194475
-1177038.0271362725
-1177038.0618618962
-1177038.2343752799
-1177038.006500701
-1177037.987914081
-1177038.1495390146
-1177038.5849652195
-1177038.002773702
-1177037.9827321887
-1177038.3364547857
-1177038.6445571103
-1177038.0597134505
-1177038.0208829239
-1177038.3056180754
-1177038.239487439
-1177038.0597134505
-1177037.9989707905
-1177038.5030001833
-1177038.0808387692
-1177038.0728676089
-1177037.9966987807
-1177038.7738441208
-1177038.1379842504
-1177038.0288324913
-1177038.005019729
-1177039.152773381
-1177038.1379842504
-1177038.031606509
-1177038.0276469975
-1177039.152773381
-1177038.2413744484
-1177038.0316594548
-1177037.9884992144
-1177039.4171930365
-1177038.5772714058
-1177038.030147029
-1177037.973069673
-1177039.4171930365
-1177038.5850124306
-1177038.030147029
-1177037.973069673
-1177039.559184782
-1177038.5850124306
-1177038.030147029
-1177037.9829640444
-1177039.4820082881
-1177038.6762710765
-1177038.1031192387
-1177037.9829640444
-1177039.4820082881
-1177038.7535224806
-1177038.1031192387
-1177037.9829640444
-1177039.5923616046
-1177038.5663551355
-1177038.0781818219
-1177038.0044599986
-1177039.5923616046
-1177038.807902384
-1177038.0781818219
-1177038.0044599986
-1177039.61690894
-1177038.807902384
-1177037.9789221783
-1177038.0069468168
-1177039.2926791492
-1177038.5496523571
-1177037.9789221783
-1177038.0075052045
-1177039.5162058647
-1177038.8297509374
-1177037.9789221783
-1177038.0075052045
-1177039.297111014
-1177038.642146802
-1177037.9789221783
-1177038.0054273137
-1177039.540604009
-1177038.642146802
-1177037.9789221783
-1177038.007347889
-1177039.540604009
-1177038.642146802
-1177037.9789221783
-1177038.007347889
-1177039.540604009
-1177039.106363113
-1177037.9789221783
-1177038.0332191505
-1177039.3897030556
-1177039.236445303
-1177037.9789221783
-1177038.0072604918
-1177039.3897030556
-1177038.908929221
-1177037.9789221783
-1177038.0165192941
-1177039.1999089972
-1177038.878032888
-1177037.995953835
-1177038.0165192941
-1177039.3070590424
-1177039.0019875874
-1177037.995953835
-1177038.0165192941
-1177039.2665328518
-1177039.0019875874
-1177037.9903221328
-1177038.0432862905
-1177039.2746759176
-1177038.9219755644
-1177037.9903221328
-1177038.0144751798
-1177039.1740603244
-1177038.8657956347
-1177037.9890588827
-1177038.0121754068
-1177038.7816773693
-1177038.8547815077
-1177037.9886251541
-1177038.023299268
-1177038.768517237
-1177038.8679455093
-1177037.9932468422
-1177038.045913218
-1177038.8137159294
-1177038.8617494479
-1177038.0353200065
-1177038.042823546
-1177038.829268623
-1177038.8714594042
-1177038.0018977276
-1177038.462452476
-1177038.8692597414
-1177038.8714380816
-1177038.0018977276
-1177038.5239266893
-1177039.3574862233
-1177038.1845020575
-1177038.0018977276
-1177038.7060556246
-1177039.1199303549
-1177038.0767889998
-1177038.0018977276
-1177039.2266877755
-1177039.5142280888
-1177038.0767889998
-1177038.0018977276
-1177039.2266877755
-1177039.5142280888
-1177038.0637698518
-1177038.0018977276
-1177039.2266877755
-1177039.106474672
-1177038.1473720984
-1177038.0018977276
-1177038.8873362096
-1177039.0127473476
-1177038.5393936401
-1177038.2266578167
-1177039.0759905176
-1177038.9986355617
-1177038.0580281583
-1177038.2266578167
-1177039.4208748017
-1177038.8435078454
-1177038.0580281583
-1177038.0519690318
-1177039.4208748017
-1177038.8435078454
-1177038.0580281583
-1177038.4122002441
-1177039.4208748017
-1177038.8435078454
-1177038.0580281583
-1177038.258321087
-1177039.5506532078
-1177038.8129988213
-1177038.4541911064
-1177038.258321087
-1177039.3796887556
-1177039.0422272491
-1177038.0569143896
-1177038.258321087
-1177039.667491729
-1177039.528866764
-1177038.3822520638
-1177038.026440386
-1177039.6671780709
-1177039.528866764
-1177038.3822520638
-1177038.026440386
-1177039.5912453842
-1177039.528866764
-1177038.3822520638
-1177038.026440386
-1177039.4683985268
-1177039.562009979
-1177038.3822520638
-1177038.026440386
-1177039.4683985268
-1177039.369703433
-1177037.9915598996
-1177038.026440386
-1177039.6469193709
-1177039.369703433
-1177037.9915598996
-1177038.026440386
-1177039.305597676
-1177039.369703433
-1177037.9915598996
-1177038.026440386
-1177039.305597676
-1177038.9524744272
-1177037.9915598996
-1177038.026440386
-1177039.3105416514
-1177039.604802349
-1177037.9915598996
-1177038.026440386
-1177039.3105416514
-1177039.4269139103
-1177037.9915598996
-1177038.026440386
-1177039.3105416514
-1177039.4269139103
-1177037.9915598996
-1177038.3801575047
-1177039.3105416514
-1177039.3119679934
-1177038.3281900922
-1177037.981272376
-1177039.0517576896
-1177039.2065558615
-1177038.3281900922
-1177038.0503260011
-1177039.1485574266
-1177039.0567436267
-1177038.3281900922
-1177038.2970418877
-1177039.540650891
-1177038.8385254245
-1177038.1512512385
-1177038.2970418877
-1177039.540650891
-1177038.6856217
-1177038.3473785138
-1177038.331027725
-1177039.0611981826
-1177038.6884538936
-1177038.1123811197
-1177038.331027725
-1177039.367081762
-1177038.884653104
-1177038.1123811197
-1177038.0071098986
-1177039.367081762
-1177039.520792687
-1177038.3203469948
-1177038.2026384592
-1177039.367081762
-1177039.0384550614
-1177038.3203469948
-1177038.0084752995
-1177038.9206036802
-1177039.2577615594
-1177038.1148746181
-1177038.0084752995
-1177039.0222021018
-1177039.2577615594
-1177038.1148746181
-1177038.0084752995
-1177039.2830181026
-1177039.6108620495
-1177038.1148746181
-1177038.615333935
-1177038.9329172354
-1177039.4985279376
-1177038.3242268793
-1177038.7082094366
-1177039.152732065
-1177039.145829567
-1177038.1948878656
-1177038.8212434934
-1177039.152732065
-1177039.145829567
-1177038.1948878656
-1177038.7086019362
-1177039.0108500856
-1177039.374303549
-1177038.2927305573
-1177038.7086019362
-1177039.0108500856
-1177039.5442459295
-1177038.1712832088
-1177038.7579294487
-1177039.2350059922
-1177039.5442459295
-1177037.992889719
-1177038.0311928194
-1177039.2350059922
-1177039.1701382631
-1177037.992889719
-1177038.0311928194
-1177039.2350059922
-1177039.1701382631
-1177037.992889719
-1177038.0311928194
-1177039.064198264
-1177039.1701382631
-1177038.208156161
-1177038.0311928194
-1177039.064198264
-1177038.703447608
-1177038.100826376
-1177038.0311928194
-1177039.064198264
-1177038.79751775
-1177038.6430098927
-1177038.0311928194
-1177039.3400541418
-1177038.956419255
-1177038.6658417545
-1177037.9918566307
-1177039.3373141973
-1177039.0614301478
-1177038.6658417545
-1177037.9918566307
-1177038.9489320733
-1177039.0341149278
-1177038.4529443032
-1177037.9918566307
-1177038.8040820986
-1177039.2973458988
-1177038.1550516349
-1177038.3376882912
-1177038.7525869664
-1177039.3879267457
-1177038.0334429792
-1177038.2163964722
-1177038.8356043738
-1177039.1800043187
-1177038.0334429792
-1177037.9710985203
-1177038.4437688298
-1177039.1800043187
-1177038.0278944934
-1177037.9710985203
-1177038.4080255288
-1177039.1399451445
-1177038.0278944934
-1177037.9710985203
-1177038.6461310282
-1177039.5570864235
-1177038.0278944934
-1177037.9710985203
-1177038.4782597984
-1177039.5570864235
-1177038.0025766033
-1177037.9710985203
-1177038.3678702128
-1177039.0209593645
-1177038.0025766033
-1177037.9710985203
-1177038.0909626284
-1177039.0448887981
-1177038.0025766033
-1177037.9846622958
-1177038.171169981
-1177038.9256888598
-1177037.9993972122
-1177037.9703742205
-1177038.5816310754
-1177038.4003803895
-1177037.9954357794
-1177038.0008966085
-1177038.1528023968
-1177038.8126123687
-1177037.9954357794
-1177038.0008966085
-1177038.5790282858
-1177038.9265141962
-1177037.9954357794
-1177038.0008966085
-1177038.9499556369
-1177039.0934923557
-1177037.9954357794
-1177037.978071929
-1177039.2019021595
-1177038.8993210795
-1177037.9954357794
-1177037.978071929
-1177039.0442748198
-1177038.6857273455
-1177037.9954357794
-1177037.978071929
-1177038.6244144517
-1177038.8030293796
-1177038.0721378422
-1177038.0363619416
-1177038.9256129656
-1177038.709030462
-1177038.0721378422
-1177038.0191366842
-1177039.2854381504
-1177039.0342252154
-1177038.0721378422
-1177038.0191366842
-1177038.7579724977
-1177038.9168472353
-1177038.0721378422
-1177037.9784506776
-1177038.4135069938
-1177038.8510767126
-1177038.0399923543
-1177037.9784506776
-1177038.2431437832
-1177038.9908373968
-1177038.0440065884
-1177038.0155986606
-1177038.0915244995
-1177039.2013548594
-1177037.9881216818
-1177037.9946213649
-1177038.1377016904
-1177038.9964415801
-1177038.0999515478
-1177037.9946213649
-1177038.128622906
-1177038.9083082606
-1177038.1534220227
-1177038.012522845
-1177038.2145407188
-1177039.2140426717
-1177038.0733377913
-1177038.0264787683
-1177038.222987325
-1177039.2140426717
-1177038.01664841
-1177038.011856606
-1177038.529120426
-1177038.7315016715
-1177038.0219016923
-1177038.0081618389
-1177038.529120426
-1177038.993426996
-1177038.086206637
-1177038.0081618389
-1177038.558594497
-1177038.9085210767
-1177038.1326272725
-1177037.9723246905
-1177038.753153951
-1177038.9596830048
-1177038.1753697074
-1177038.0671314504
-1177038.7935409234
-1177038.9183084231
-1177038.1319368
-1177038.0621944831
-1177038.7542728595
-1177039.3906018618
-1177038.0590480063
-1177038.0099561326
-1177038.5549944828
-1177039.3906018618
-1177038.0590480063
-1177038.0099561326
-1177038.7942789134
-1177039.405203553
-1177038.0590480063
-1177038.0099561326
-1177038.7779128698
-1177038.8603220608
-1177038.0590480063
-1177038.006064272
-1177038.882614441
-1177039.3078095994
-1177038.0590480063
-1177037.9944595278
-1177038.647315904
-1177038.9349322196
-1177037.97947044
-1177038.2125364533
-1177038.7549160598
-1177038.9349322196
-1177037.97947044
-1177038.4769172168
-1177038.4089872094
-1177039.5353222035
-1177038.003431683
-1177039.046858289
-1177038.4089872094
-1177039.5353222035
-1177038.003431683
-1177039.0109532136
-1177038.4089872094
-1177039.46795165
-1177038.003431683
-1177039.0109532136
-1177038.4089872094
-1177039.46795165
-1177038.003431683
-1177038.7280224357
-1177038.078383394
-1177039.46795165
-1177038.003431683
-1177038.9726860274
-1177038.0753877345
-1177039.333200135
-1177038.0205976563
-1177039.2887335012
-1177038.0753877345
-1177039.3175399643
-1177038.0000134213
-1177039.3010839822
-1177038.0753877345
-1177039.3175399643
-1177037.9804055486
-1177039.305496302
-1177038.0753877345
-1177039.3244607719
-1177037.9745021346
-1177039.3048835753
-1177038.0827641867
-1177039.322907419
-1177037.9745021346
-1177039.290222011
-1177038.0827641867
-1177038.7574575548
-1177037.9745021346
-1177039.5852077876
-1177038.06325157
-1177038.4937535692
-1177037.9745021346
-1177039.2241413586
-1177038.105655193
-1177038.1948153009
-1177037.9745021346
-1177038.9479593022
-1177038.1845487969
-1177038.111401076
-1177037.9745021346
-1177038.8147507287
-1177038.010388574
-1177038.111401076
-1177037.976811374
-1177038.676746378
-1177038.043875815
-1177038.044044037
-1177037.976811374
-1177038.4853426707
-1177038.063916947
-1177038.003717539
-1177037.992584653
-1177038.4853426707
-1177038.1306419424
-1177038.0123036997
-1177037.9893427563
-1177038.3519979452
-1177038.0736417342
-1177038.0585038401
-1177037.9845714562
-1177038.5905212709
-1177038.3012311663
-1177038.0887231682
-1177037.9845714562
-1177038.7604594456
-1177038.7814118145
-1177038.0399705137
-1177037.9845714562
-1177038.4345763116
-1177039.3320588837
-1177038.0302594607
-1177037.9971333724
-1177038.3217885275
-1177039.4593873795
-1177038.0240075167
-1177037.9971333724
-1177038.7084301857
-1177039.4593873795
-1177038.0240075167
-1177037.999858496
-1177038.7084301857
-1177039.4593873795
-1177038.0240075167
-1177037.996859658
-1177038.7084301857
-1177039.269270939
-1177037.9971613097
-1177037.9966814253
-1177038.8976733258
-1177039.5204660227
-1177037.9971613097
-1177037.9966814253
-1177038.8976733258
-1177039.037768359
-1177038.0553393837
-1177037.9966814253
-1177038.8080052107
-1177039.3456799346
-1177038.0553393837
-1177037.9966814253
-1177039.0586641645
-1177039.320592752
-1177038.0553393837
-1177037.9966814253
-1177039.3984721433
-1177039.3531997758
-1177038.11247933
-1177037.9992438792
-1177039.3984721433
-1177039.1303760794
-1177038.11247933
-1177038.1199780612
-1177039.481559849
-1177039.1303760794
-1177038.11247933
-1177038.1237697976
-1177039.4367436261
-1177039.198122062
-1177038.1111300685
-1177038.1020193894
-1177039.4367436261
-1177039.1564339597
-1177038.1111300685
-1177038.1010743026
-1177039.3422923842
-1177039.2419619989
-1177038.120861083
-1177037.974089901
-1177039.5465743218
-1177039.2419619989
-1177038.7308903327
-1177038.140868293
-1177039.5465743218
-1177039.0196109528
-1177038.0342135706
-1177038.1163880827
-1177039.465693812
-1177038.7642414505
-1177038.0342135706
-1177038.1138477125
-1177039.505105125
-1177038.77029024
-1177038.048345821
-1177038.1429313303
-1177039.5008282824
-1177038.77029024
-1177038.0080064775
-1177038.0541964327
-1177039.519029991
-1177038.1885210585
-1177038.022505521
-1177038.0541964327
-1177039.519029991
-1177038.1885210585
-1177038.022505521
-1177038.1065484893
-1177039.519029991
-1177038.2953918555
-1177038.022505521
-1177038.2080749962
-1177039.519029991
-1177038.31364655
-1177038.0041407926
-1177038.1932889896
-1177038.9128680048
-1177038.31364655
-1177038.016143921
-1177038.162358349
-1177039.0504604355
-1177037.9860292785
-1177038.016143921
-1177038.2060923364
-1177038.5853583422
-1177037.9860292785
-1177038.016143921
-1177038.2022439584
-1177038.7076627174
-1177037.9860292785
-1177038.0704700968
-1177038.4855762355
-1177039.1456493316
-1177037.9860292785
-1177038.0393341247
-1177038.5091031652
-1177039.4993391135
-1177038.0267842864
-1177038.0647768665
-1177038.3589536375
-1177039.2604445629
-1177038.0267842864
-1177037.9947034798
-1177038.75193757
-1177039.676810815
-1177037.9800533974
-1177037.9947034798
-1177038.8143173268
-1177039.676810815
-1177037.9841944838
-1177038.7518935169
-1177039.1621908715
-1177039.3346310782
-1177037.9841944838
-1177038.021441569
-1177038.6778406498
-1177039.081667272
-1177037.9841944838
-1177038.0490996488
-1177038.2979776731
-1177038.8250049728
-1177038.0395861026
-1177037.9691810557
-1177038.1573443562
-1177038.9163538406
-1177038.0012326052
-1177037.9691810557
-1177038.0678816524
-1177038.9464838763
-1177038.0012326052
-1177037.9691810557
-1177038.0827053164
-1177038.8374641535
-1177038.0012326052
-1177037.9946213649
-1177038.0352685598
-1177038.9460092892
-1177037.9748008617
-1177038.0082971521
-1177038.2076915642
-1177038.5813044796
-1177037.9748008617
-1177038.0082971521
-1177038.7794639831
-1177038.8198901904
-1177037.9748008617
-1177038.0082971521
-1177038.6531101197
-1177038.7401710928
-1177037.9782999102
-1177038.0082971521
-1177038.20885338
-1177039.2709214224
-1177037.9782999102
-1177037.9920817397
-1177038.245320019
-1177038.815756029
-1177037.9782999102
-1177037.998996898
-1177038.5802080722
-1177038.6983737461
-1177037.9782999102
-1177038.0336512304
-1177038.6495438432
-1177038.8677220664
-1177037.9782999102
-1177038.0336512304
-1177038.7532631212
-1177039.275791505
-1177037.9782999102
-1177038.0336512304
-1177038.8278159907
-1177039.1896772608
-1177037.9782999102
-1177038.0931764757
-1177038.9013394124
-1177039.1896772608
-1177037.9782999102
-1177038.083969862
-1177038.5538303803
-1177038.7860774356
-1177038.0173151612
-1177038.0353802054
-1177038.5538303803
-1177038.9574772725
-1177038.0173151612
-1177038.0070791417
-1177038.465407903
-1177039.5467616392
-1177038.0173151612
-1177038.0070791417
-1177038.5571862455
-1177039.5467616392
-1177037.9775803725
-1177038.0070791417
-1177038.4876451385
-1177039.5467616392
-1177037.9775803725
-1177038.0070791417
-1177038.3375304895
-1177039.5467616392
-1177037.9871482162
-1177037.9898358283
-1177038.3375304895
-1177039.1962421306
-1177038.0413226676
-1177037.9898358283
-1177038.550066147
-1177039.139237473
-1177038.0413226676
-1177037.9898358283
-1177038.5783971262
-1177039.5665582574
-1177038.0413226676
-1177037.9898358283
-1177038.7607627455
-1177039.5011392515
-1177038.0413226676
-1177038.0353307007
-1177038.9309743738
-1177039.6594201277
-1177038.0413226676
-1177038.521937869
-1177039.2865641953
-1177039.3790558304
-1177038.0413226676
-1177037.9856233448
-1177039.6421869248
-1177039.3790558304
-1177038.0413226676
-1177037.972826056
-1177039.612357562
-1177039.3790558304
-1177038.0413226676
-1177037.972826056
-1177039.612357562
-1177039.1446808868
-1177038.2974460728
-1177037.972826056
-1177039.612357562
-1177039.3428154052
-1177038.1046945076
-1177037.972826056
-1177039.6252293815
-1177039.1520945255
-1177038.1046945076
-1177037.972826056
-1177039.6252293815
-1177038.8284143242
-1177038.1046945076
-1177038.019440834
-1177039.6252293815
-1177038.9423290049
-1177038.1046945076
-1177038.0087893917
-1177039.6252293815
-1177038.8587172474
-1177038.2024609384
-1177038.0087893917
-1177039.6482528525
-1177039.1763516907
-1177038.2024609384
-1177038.0087893917
-1177039.6482528525
-1177038.8922792755
-1177038.2024609384
-1177038.640087415
-1177039.6482528525
-1177038.8922792755
-1177038.2024609384
-1177039.0688202167
-1177039.6482528525
-1177038.6743096428
-1177038.2024609384
-1177039.0795804176
-1177039.5295230828
-1177038.791768549
-1177038.0286167338
-1177039.1687682145
-1177039.5295230828
-1177038.4015895007
-1177038.1578457954
-1177039.1687682145
-1177039.5470050187
-1177038.0737617444
-1177038.1947561465
-1177039.1743620997
-1177039.5470050187
-1177038.0737617444
-1177038.1952061837
-1177039.2400825117
-1177039.5470050187
-1177038.0737617444
-1177038.1205120306
-1177038.8246212236
-1177039.5470050187
-1177038.012230128
-1177038.3853127214
-1177038.8246212236
-1177039.0811565518
-1177038.012230128
-1177038.7490130048
-1177038.6790404718
-1177039.0103195384
-1177038.012230128
-1177038.5471080076
-1177038.838930124
-1177039.1054428918
-1177037.989943814
-1177038.8800987508
-1177039.4827670788
-1177039.0984745782
-1177037.989943814
-1177038.3880486647
-1177039.462507429
-1177039.3696515432
-1177037.989943814
-1177038.0747365719
-1177039.1890508574
-1177039.3997421905
-1177037.989943814
-1177038.5872228658
-1177039.3004557947
-1177039.4277744412
-1177037.989943814
-1177038.0243100598
-1177039.157959582
-1177039.3532836388
-1177037.977069545
-1177038.0243100598
-1177039.157959582
-1177039.3532836388
-1177037.9746928334
-1177038.0485619006
-1177039.1934270388
-1177038.8202425924
-1177037.9858414328
-1177038.0164234028
-1177039.4942574883
-1177038.7774227432
-1177037.9858414328
-1177038.0319188249
-1177039.50190347
-1177038.181017485
-1177037.9858414328
-1177038.0536464837
-1177039.50190347
-1177038.2573684675
-1177037.9858414328
-1177038.1236156602
-1177039.24971406
-1177038.4207813654
-1177037.9858414328
-1177038.1914886364
-1177039.24971406
-1177038.3251308806
-1177037.9858414328
-1177038.156333314
-1177039.1842119326
-1177038.2433019879
-1177037.9906977182
-1177038.6275528732
-1177039.1658132533
-1177038.0817420217
-1177037.9906977182
-1177038.9655492557
-1177039.1658132533
-1177038.4794516806
-1177037.9906977182
-1177039.0423451005
-1177038.915456345
-1177038.278480513
-1177037.9906977182
-1177039.3865628028
-1177039.3513836646
-1177038.784249256
-1177037.9906977182
-1177039.6703784387
-1177039.457907709
-1177038.7885505531
-1177037.9906977182
-1177039.6703784387
-1177039.251421924
-1177039.077852208
-1177037.9906977182
-1177039.6520662766
-1177039.3276087395
-1177038.961080263
-1177037.9906977182
-1177039.6520662766
-1177038.9812730323
-1177038.961080263
-1177037.9906977182
-1177039.6520662766
-1177038.9956247332
-1177038.9580818801
-1177038.0633546377
-1177039.6520662766
-1177039.0227178752
-1177038.915760483
-1177038.0633546377
-1177039.6520662766
-1177039.0641810957
-1177038.8470847234
-1177038.0386757643
-1177039.6520662766
-1177039.011623598
-1177038.54007777
-1177038.0386757643
-1177039.6520662766
-1177038.8196275888
-1177038.54007777
-1177037.9961019715
-1177039.6520662766
-1177038.8390093092
-1177038.54007777
-1177038.032587385
-1177039.2675625551
-1177038.7143052707
-1177038.608814322
-1177038.2316783147
-1177039.6552539016
-1177038.6806384702
-1177038.6363514124
-1177038.8282807304
-1177039.6552539016
-1177038.7037170497
-1177038.6679875304
-1177038.8282807304
-1177039.5797034453
-1177038.700943044
-1177038.6524203734
-1177038.8282807304
-1177039.5820949506
-1177038.5506076333
-1177037.9986504402
-1177038.8404151872
-1177039.3560785344
-1177038.266077874
-1177037.9986504402
-1177038.6620626827
-1177039.3560785344
-1177038.7021050176
-1177037.9986504402
-1177038.6480230074
-1177039.57055079
-1177038.7025964716
-1177037.9986504402
-1177038.6429661182
-1177039.57055079
-1177038.7417263098
-1177037.9986504402
-1177038.8348891556
-1177039.57055079
-1177038.6827730332
-1177037.9986504402
-1177038.8882051243
-1177038.94124817
-1177038.4790355994
-1177037.9986504402
-1177038.8647346257
-1177038.637167309
-1177038.4790355994
-1177038.0387381068
-1177038.8647346257
-1177038.725923629
-1177038.1851724773
-1177038.0287509644
-1177038.8786336088
-1177039.067287534
-1177038.3347040033
-1177038.0917547862
-1177038.7310050086
-1177039.2272671037
-1177038.1085271644
-1177038.0917547862
-1177038.8560874402
-1177038.815790391
-1177038.0389801564
-1177038.0655023272
-1177038.5320086644
-1177038.784446293
-1177037.969914847
-1177038.4390455915
-1177038.2126468786
-1177038.944470897
-1177038.0137509843
-1177038.311619316
-1177038.519855432
-1177039.1081588059
-1177038.0137509843
-1177038.7120128155
-1177038.8766218151
-1177039.2537788828
-1177038.22530798
-1177038.7693620862
-1177038.5942102335
-1177039.5053232035
-1177038.298378108
-1177038.9635693964
-1177038.630804685
-1177039.5631098947
-1177038.1566960078
-1177039.034633553
-1177038.0151268812
-1177039.5757913217
-1177038.023588743
-1177039.034633553
-1177038.0151268812
-1177039.5449494421
-1177038.0241947444
-1177039.225099517
-1177038.0151268812
-1177038.989870031
-1177038.0241947444
-1177038.8489666397
-1177038.0151268812
-1177039.0950881715
-1177038.0300248314
-1177038.8489666397
-1177038.052569463
-1177039.335205383
-1177038.0300248314
-1177039.2078551117
-1177038.0575076055
-1177039.4006145825
-1177038.0300248314
-1177039.4704628154
-1177038.0575076055
-1177039.4006145825
-1177038.0300248314
-1177039.520378549
-1177038.0575076055
-1177039.59162862
-1177038.0721792555
-1177039.547393054
-1177038.047959898
-1177039.596828296
-1177038.0721792555
-1177039.5369252255
-1177038.3574578864
-1177039.452003642
-1177038.0721792555
-1177039.5082283372
-1177038.2615710008
-1177039.452003642
-1177037.9929658012
-1177038.8509060533
-1177038.2615710008
-1177039.0244515787
-1177037.9835968264
-1177038.8509060533
-1177038.390220854
-1177039.0818910976
-1177037.9835968264
-1177038.7312792728
-1177038.9058676611
-1177039.1722423541
-1177038.0773059507
-1177038.8290701492
-1177039.0583094547
-1177039.2246877102
-1177038.1327327706
-1177038.9394179455
-1177038.832159329
-1177039.2246877102
-1177038.0601544331
-1177038.8853207263
-1177038.6097319752
-1177039.2219297562
-1177038.0601544331
-1177038.8853207263
-1177037.9884861007
-1177039.4834287162
-1177038.0601544331
-1177038.211661816
-1177037.9884861007
-1177039.3290140342
-1177038.0755569453
-1177038.211661816
-1177037.993580693
-1177039.199305547
-1177038.0755569453
-1177038.1688277344
-1177037.993580693
-1177039.6022402693
-1177038.230666141
-1177038.2007462913
-1177037.993580693
-1177039.6022402693
-1177038.0993132337
-1177038.2007462913
-1177037.993580693
-1177039.1987585805
-1177038.0577115905
-1177038.2665686943
-1177038.5743490353
-1177039.3093712272
-1177037.9981919697
-1177038.6750167923
-1177038.5240714694
-1177039.1942300983
-1177037.9981919697
-1177038.0686931687
-1177038.5240714694
-1177039.5625510737
-1177038.0017035052
-1177038.0686931687
-1177039.0133341586
-1177039.5625510737
-1177038.4578666114
-1177038.0686931687
-1177039.2672834578
-1177039.5625510737
-1177038.4186565855
-1177038.055199379
-1177039.0733715072
-1177039.5625510737
-1177038.64810864
-1177038.055199379
-1177039.0733715072
-1177039.5625510737
-1177038.7904981682
-1177038.055199379
-1177039.0960065231
-1177039.5947335118
-1177038.5506642042
-1177038.0955324862
-1177039.0332848548
-1177039.5947335118
-1177038.714813835
-1177038.017258695
-1177039.2673515815
-1177039.226260065
-1177038.970995855
-1177038.017258695
-1177039.4767060655
-1177039.226260065
-1177039.043526285
-1177038.2075766847
-1177039.4498151627
-1177039.226260065
-1177038.8469215774
-1177038.2075766847
-1177039.350333691
-1177039.1309819007
-1177038.5315067437
-1177038.2080183553
-1177039.2911938513
-1177039.0500813855
-1177038.444409326
-1177038.1510956795
-1177039.6306012124
-1177039.2916731343
-1177038.579631296
-1177038.1510956795
-1177039.6306012124
-1177039.4661460079
-1177038.579631296
-1177038.1510956795
-1177039.6306012124
-1177039.4661460079
-1177038.579631296
-1177038.1510956795
-1177039.6306012124
-1177039.4661460079
-1177038.738061489
-1177038.5912525798
-1177039.6306012124
-1177039.5456830286
-1177038.0668497349
-1177038.5912525798
-1177039.4561994737
-1177039.5487741295
-1177038.7207808474
-1177038.5912525798
-1177039.4252914698
-1177039.5173156536
-1177038.0469012337
-1177038.5565847622
-1177039.19885407
-1177039.5173156536
-1177037.9821307736
-1177038.1554473604
-1177039.551663265
-1177039.5173156536
-1177037.9878198758
-1177038.1554473604
-1177039.551663265
-1177039.4841324037
-1177037.9878198758
-1177038.288416963
-1177038.9725394307
-1177039.3197300904
-1177038.0303222677
-1177038.288416963
-1177038.969239814
-1177039.320822269
-1177038.0303222677
-1177038.288416963
-1177038.9644123693
-1177039.3391993432
-1177038.03349108
-1177038.3324464427
-1177038.661379844
-1177039.3575041364
-1177038.0360008245
-1177038.165652356
-1177038.5248621998
-1177039.0721549015
-1177037.9864421557
-1177038.1082565452
-1177038.6157585413
-1177039.1605499398
-1177038.0037278628
-1177038.0916670403
-1177038.845972414
-1177039.1299334425
-1177038.0126698602
-1177038.076517244
-1177038.9755415532
-1177039.201569086
-1177038.060778065
-1177037.9791873884
-1177039.2669625976
-1177039.2110655883
-1177038.060778065
-1177037.9791873884
-1177039.4060927962
-1177039.2110655883
-1177038.1777360807
-1177037.997979526
-1177039.3415073028
-1177039.1907006323
-1177038.1208434354
-1177037.974303862
-1177039.579330415
-1177039.1907006323
-1177038.5721204183
-1177037.974303862
-1177039.579330415
-1177039.3124322465
-1177038.4530775498
-1177037.974303862
-1177039.579330415
-1177039.328832995
-1177038.4530775498
-1177038.1024208183
-1177039.2833078476
-1177038.9284534305
-1177038.4530775498
-1177038.0712807432
-1177039.2574281872
-1177038.9605891246
-1177038.2963706842
-1177037.9707607666
-1177039.393195647
-1177038.8536881716
-1177038.5191747276
-1177037.9707607666
-1177039.393195647
-1177039.063212078
-1177038.5191747276
-1177038.000143357
-1177039.393195647
-1177038.7629800602
-1177038.1273451338
-1177038.0304388632
-1177039.48725179
-1177038.8111520247
-1177038.2270837438
-1177038.0304388632
-1177039.48725179
-1177039.081731842
-1177038.317075186
-1177038.0207580633
-1177039.48725179
-1177039.5567921933
-1177038.1630685895
-1177038.0207580633
-1177039.4715187277
-1177039.4410119231
-1177038.153269843
-1177037.9753207145
-1177039.4715187277
-1177038.8913280463
-1177038.6277374914
-1177037.9753207145
-1177039.4715187277
-1177039.33763087
-1177039.2588857994
-1177037.9753207145
-1177039.4715187277
-1177039.33763087
-1177039.2513372307
-1177037.9753207145
-1177039.4882037658
-1177039.037891495
-1177038.6871676238
-1177037.9753207145
-1177039.4882037658
-1177039.033234163
-1177038.7853105217
-1177037.9753207145
-1177039.3421088057
-1177039.1158148726
-1177038.7853105217
-1177037.9753207145
-1177039.3058424203
-1177038.682165636
-1177038.883080158
-1177037.9753207145
-1177039.4856811024
-1177038.2926114157
-1177038.8399818267
-1177037.989427086
-1177039.539489393
-1177038.1693703632
-1177038.7777296265
-1177037.989427086
-1177039.539489393
-1177038.0835913531
-1177038.7777296265
-1177038.059865648
-1177039.539489393
-1177038.107631257
-1177038.1716854514
-1177038.058318875
-1177039.417547401
-1177038.1418935938
-1177038.1716854514
-1177038.058318875
-1177039.4516321374
-1177038.212376935
-1177038.1716854514
-1177038.0708060935
-1177039.6082174047
-1177038.212376935
-1177038.1290296675
-1177038.0715543348
-1177039.6082174047
-1177038.212376935
-1177038.1162198903
-1177038.0469107088
-1177039.6082174047
-1177038.212376935
-1177038.1162198903
-1177038.012872995
-1177039.5743880065
-1177038.5891652103
-1177038.304676909
-1177038.012872995
-1177039.057963405
-1177038.7395845354
-1177038.3956715786
-1177038.012872995
-1177039.3752806352
-1177038.7395845354
-1177038.0999749564
-1177038.012872995
-1177039.3687545992
-1177038.046141819
-1177038.0999749564
-1177038.0044920119
-1177038.905673673
-1177038.0447260304
-1177038.0999749564
-1177037.9755982289
-1177039.1009747472
-1177038.5742177789
-1177038.0999749564
-1177037.9755982289
-1177038.972575166
-1177038.9844216858
-1177038.2308804514
-1177037.982160489
-1177038.9754159362
-1177038.9844216858
-1177038.524154766
-1177038.0125918782
-1177039.1523407877
-1177038.8853670731
-1177038.7116599316
-1177038.0125918782
-1177039.3500885642
-1177039.3991367898
-1177038.7116599316
-1177038.0125918782
-1177039.4963452974
-1177039.3991367898
-1177037.9694126982
-1177038.0020600273
-1177039.4768440498
-1177039.3991367898
-1177037.9694126982
-1177037.9935292094
-1177039.4768440498
-1177039.3991367898
-1177037.9694126982
-1177038.5107811491
-1177039.4793301208
-1177039.3510188377
-1177037.9694126982
-1177037.9724706523
-1177039.5118253117
-1177039.4168475044
-1177037.9694126982
-1177037.9743091492
-1177039.561052938
-1177039.3836856848
-1177037.9694126982
-1177037.9743091492
-1177039.557437727
-1177039.6717674215
-1177037.9694126982
-1177037.9743091492
-1177039.57131429
-1177039.6717674215
-1177038.0315640362
-1177038.8892509625
-1177039.5154883286
-1177039.6717674215
-1177038.0315640362
-1177039.1407414367
-1177039.1501698878
-1177039.6717674215
-1177038.0315640362
-1177038.908511238
-1177039.0407514502
-1177039.5791572947
-1177038.0799317393
-1177039.0963149222
-1177039.0407514502
-1177039.5791572947
-1177038.0799317393
-1177038.640568739
-1177038.5855893588
-1177039.5791572947
-1177038.0799317393
-1177038.8872966534
-1177038.529278878
-1177039.5791572947
-1177038.0974224296
-1177038.862739161
-1177038.0566190968
-1177039.129973353
-1177038.039274801
-1177039.080172615
-1177038.0566190968
-1177039.1620786819
-1177038.0460987242
-1177039.085685539
-1177038.0566190968
-1177039.2211267275
-1177038.0461104256
-1177039.1226022795
-1177038.0566190968
-1177039.2228566762
-1177038.0461104256
-1177039.589363234
-1177038.0145468113
-1177039.2228566762
-1177038.4746486994
-1177039.51047139
-1177038.0145468113
-1177039.1922297587
-1177038.3496521593
-1177039.51047139
-1177038.018728443
-1177039.3202488914
-1177038.2988456243
-1177039.4904784525
-1177038.014907022
-1177039.3253700472
-1177038.715006919
-1177039.4586172684
-1177038.014907022
-1177038.8037406069
-1177037.984578418
-1177038.8201857468
-1177038.1085777644
-1177038.8043488578
-1177038.0009197914
-1177038.7062707185
-1177038.1085777644
-1177038.8043488578
-1177038.0009197914
-1177038.6853144458
-1177038.1085777644
-1177038.8417213673
-1177037.969309978
-1177038.6263610325
-1177038.070636667
-1177038.8984585784
-1177037.969309978
-1177038.574268567
-1177038.070636667
-1177039.0236295883
-1177037.969309978
-1177038.1161827138
-1177038.014033961
-1177039.1579320647
-1177037.969309978
-1177038.0665733921
-1177038.0313262383
-1177039.6607582544
-1177037.9938218673
-1177038.1983334436
-1177038.070986093
-1177039.6607582544
-1177037.992442425
-1177038.1743082665
-1177038.03925536
-1177039.3576037548
-1177038.0073838825
-1177038.5982101178
-1177038.074302846
-1177039.3632715626
-1177037.9930985617
-1177038.9324323998
-1177038.104840209
-1177039.4279640063
-1177037.9930985617
-1177038.9321571519
-1177038.104840209
-1177039.3248458523
-1177037.9930985617
-1177038.9653365014
-1177038.2000362002
-1177039.2138410842
-1177037.9930985617
-1177038.846366737
-1177038.189043195
-1177039.2362249447
-1177037.975868477
-1177039.046545295
-1177038.0684937898
-1177039.1980839442
-1177037.975868477
-1177039.0919798526
-1177038.0684937898
-1177039.2180137343
-1177037.975868477
-1177038.849877424
-1177038.5331174226
-1177039.0748669405
-1177037.975868477
-1177038.9004674288
-1177038.1103981961
-1177039.4359991595
-1177037.9934482113
-1177039.5062780094
-1177038.2889855385
-1177039.1084414076
-1177038.2070762913
-1177039.5062780094
-1177038.3801518024
-1177039.2924541587
-1177038.2070762913
-1177039.4489522725
-1177038.3801518024
-1177039.2924541587
-1177038.1780326983
-1177039.5216284825
-1177038.2667488987
-1177039.2441418308
-1177038.1337717636
-1177039.5216284825
-1177038.3993483314
-1177039.1902869425
-1177038.0613090273
-1177039.307835846
-1177038.7256286491
-1177039.5183385443
-1177038.0938809505
-1177038.9441243666
-1177038.8532537092
-1177039.3522697587
-1177038.0938809505
-1177038.7133088543
-1177038.7870824158
-1177039.5502991008
-1177038.3244889656
-1177038.844537121
-1177038.8952593196
-1177039.5342243481
-1177038.0471232855
-1177038.4999110019
-1177038.8952593196
-1177039.6269555956
-1177038.0289037277
-1177038.4731548277
-1177038.8952593196
-1177039.6269555956
-1177038.0289037277
-1177038.4731548277
-1177038.5308842023
-1177039.6269555956
-1177038.0289037277
-1177038.186721085
-1177038.733524404
-1177039.6269555956
-1177038.0289037277
-1177038.186721085
-1177038.897807757
-1177039.6269555956
-1177038.0149228305
-1177038.186721085
-1177038.1377028318
-1177039.6269555956
-1177037.9943131243
-1177038.086973044
-1177038.3562434474
-1177039.6269555956
-1177037.9943131243
-1177038.2013068793
-1177038.5197144628
-1177039.6269555956
-1177037.9943131243
-1177038.2013068793
-1177038.5197144628
-1177039.6269555956
-1177037.9943131243
-1177038.0822541125
-1177038.548290688
-1177039.6269555956
-1177037.9943131243
-1177038.147773856
-1177038.683845615
-1177039.6269555956
-1177037.9943131243
-1177038.147773856
-1177038.0276404924
-1177039.6269555956
-1177037.9943131243
-1177038.024346521
-1177038.0318298405
-1177039.2118489596
-1177037.9957386465
-1177038.024346521
-1177038.0300934117
-1177038.7892513154
-1177038.0069799242
-1177038.024346521
-1177038.0653137076
-1177038.7892513154
-1177038.0082588613
-1177038.024346521
-1177038.0315634536
-1177038.826955625
-1177037.9982679596
-1177038.0569452813
-1177038.0084462282
-1177038.930866796
-1177037.9982679596
-1177038.2020431461
-1177038.0084462282
-1177039.2464637489
-1177037.9982679596
-1177038.4061553027
-1177038.0070508092
-1177039.3033776928
-1177037.9982679596
-1177038.1656182606
-1177038.0070508092
-1177039.206547754
-1177037.9971825264
-1177038.1562479164
-1177038.0053931968
-1177039.206547754
-1177037.9971825264
-1177038.1562479164
-1177038.0098770522
-1177039.206547754
-1177037.986441191
-1177038.3526096558
-1177038.0098770522
-1177039.206547754
-1177037.9923023882
-1177038.7358415741
-1177038.0098770522
-1177039.206547754
-1177037.9923023882
-1177038.7336886562
-1177038.0098770522
-1177039.3082942478
-1177037.9923023882
-1177038.7987697052
-1177038.0027447403
-1177039.5181545794
-1177037.9923023882
-1177039.0310287166
-1177038.0012652474
-1177039.2186656604
-1177037.992701028
-1177039.556533137
-1177038.0012652474
-1177038.6891080004
-1177037.9904595325
-1177039.556533137
-1177037.996516438
-1177038.8783491794
-1177037.9932553854
-1177039.556533137
-1177037.9967310193
-1177038.5865957814
-1177037.990275296
-1177038.959695751
-1177037.9983719927
-1177039.0063508975
-1177037.98358961
-1177038.9787690258
-1177037.999469331
-1177039.491581371
-1177038.1111686511
-1177039.1452250879
-1177038.0010558122
-1177039.491581371
-1177038.0677862533
-1177039.3498677746
-1177038.0010558122
-1177039.491581371
-1177038.2358090805
-1177039.3252549053
-1177038.0010558122
-1177039.437192697
-1177038.1949421046
-1177039.654037153
-1177038.0010558122
-1177038.9778008084
-1177038.2705714367
-1177039.654037153
-1177038.0402816383
-1177038.5121037515
-1177038.4242098746
-1177039.420616574
-1177038.0092083763
-1177038.5121037515
-1177038.867527683
-1177039.6018872843
-1177038.1169386245
-1177038.9826320023
-1177038.7717357608
-1177039.6018872843
-1177038.414983281
-1177038.9843502697
-1177038.8887359765
-1177039.4175446273
-1177038.2028555064
-1177038.8119542373
-1177038.8887359765
-1177039.4175446273
-1177038.0051764955
-1177038.4173315081
-1177039.4276042273
-1177039.4175446273
-1177038.0051764955
-1177038.4173315081
-1177039.4276042273
-1177039.4160106455
-1177038.0051764955
-1177038.8856239137
-1177039.4283658636
-1177039.4160106455
-1177038.5976411067
-1177038.9591041035
-1177039.4283658636
-1177039.40697993
-1177038.5976411067
-1177038.9591041035
-1177039.4310620488
-1177039.385193811
-1177038.7040144266
-1177038.7112707656
-1177039.4441459295
-1177039.4094598216
-1177038.7030763163
-1177038.7110280818
-1177039.4441459295
-1177039.520956539
-1177038.6976164675
-1177038.9689217773
-1177039.479192178
-1177039.520956539
-1177038.806667112
-1177039.1395333242
-1177039.4845152998
-1177039.4267486907
-1177038.450837682
-1177039.0014654354
-1177039.0563836792
-1177039.5683398223
-1177038.4589499126
-1177039.2159340344
-1177038.9974481475
-1177039.435991566
-1177038.0227808903
-1177039.0652423827
-1177039.1163282811
-1177039.3424093563
-1177038.0227808903
-1177038.9646775818
-1177038.878388814
-1177039.536579235
-1177038.0227808903
-1177039.1831571434
-1177038.6460886754
-1177039.525002043
-1177038.0227808903
-1177039.1831571434
-1177038.596957744
-1177039.5825741638
-1177038.3650076557
-1177039.0832808139
-1177038.596957744
-1177039.5825741638
-1177038.2685915267
-1177039.46858973
-1177038.520523498
-1177039.630293777
-1177038.746393882
-1177039.46858973
-1177037.977518376
-1177039.630293777
-1177038.5517403535
-1177039.4734137487
-1177037.977518376
-1177039.3989360926
-1177038.5517403535
-1177039.4734137487
-1177037.9861351012
-1177039.3989360926
-1177039.0166943439
-1177039.4734137487
-1177038.0412179118
-1177039.3789892765
-1177039.3067598916
-1177039.487840714
-1177038.1159697713
-1177039.6481361387
-1177038.8614413766
-1177039.4372487853
-1177038.1159697713
-1177039.4767273057
-1177039.1609573234
-1177039.4450141306
-1177038.1159697713
-1177039.4882553506
-1177038.8568972424
-1177039.4462908958
-1177037.9902700048
-1177039.4882553506
-1177039.0492794563
-1177039.4544327315
-1177037.9902700048
-1177039.4781173822
-1177039.278629492
-1177039.4908443966
-1177038.0095281398
-1177039.4726271504
-1177038.8313377104
-1177039.4908443966
-1177038.0095281398
-1177039.4646439354
-1177038.626736399
-1177039.667676578
-1177038.0095281398
-1177039.4852445999
-1177038.693512378
-1177039.667676578
-1177038.0095281398
-1177039.3157270937
-1177038.6969821698
-1177039.667676578
-1177038.0234595875
-1177039.031849021
-1177038.4313766148
-1177039.6642399703
-1177037.9929200157
-1177038.9703500713
-1177038.4313766148
-1177039.6642399703
-1177037.9929200157
-1177038.5725607846
-1177038.4313766148
-1177039.6642399703
-1177037.9929200157
-1177038.5725607846
-1177038.4313766148
-1177039.3089159632
-1177037.9929200157
-1177038.044375771
-1177038.1391795438
-1177039.3089159632
-1177038.0090075037
-1177038.0861054058
-1177038.7353963924
-1177039.2861479213
-1177038.0090075037
-1177038.0861054058
-1177038.0935301872
-1177039.2861479213
-1177037.9805532012
-1177038.0861054058
-1177038.1281766163
-1177039.2894037343
-1177037.9829172394
-1177038.6013885057
-1177038.3541109033
-1177039.6657427624
-1177037.9829172394
-1177038.1870967343
-1177038.3541109033
-1177039.6657427624
-1177037.9829172394
-1177038.2520557113
-1177038.2808890766
-1177039.6657427624
-1177037.9768134702
-1177038.0625967756
-1177038.2808890766
-1177039.6657427624
-1177037.9768134702
-1177038.1124197003
-1177038.2808890766
-1177039.548840955
-1177037.9768134702
-1177038.1124197003
-1177038.1134800569
-1177039.548840955
-1177037.9768134702
-1177037.996595141
-1177038.1134800569
-1177039.548840955
-1177038.0117886534
-1177037.996595141
-1177038.1508554886
-1177039.548840955
-1177038.0089569197
-1177038.5096040512
-1177038.1508554886
-1177039.548840955
-1177037.9886536216
-1177038.5096040512
-1177038.1508554886
-1177039.5999809226
-1177038.0372240406
-1177038.6924790638
-1177038.3922895144
-1177039.318867139
-1177037.980112162
-1177038.1143664392
-1177038.0828776453
-1177039.323764439
-1177037.980112162
-1177038.3604816818
-1177038.4890437312
-1177039.1569004564
-1177037.980112162
-1177038.6560657753
-1177038.4890437312
-1177039.075016379
-1177038.0078253343
-1177038.9682807669
-1177038.4624422586
-1177039.1420422543
-1177038.0078253343
-1177038.9682807669
-1177038.4885033292
-1177039.2924419097
-1177038.0668630598
-1177039.2359534628
-1177038.4496004283
-1177039.5573524213
-1177037.977477784
-1177039.2359534628
-1177038.082088871
-1177039.5573524213
-1177037.977477784
-1177038.9619935532
-1177038.082088871
-1177039.3375115085
-1177037.9800025676
-1177039.4551630293
-1177038.05931366
-1177039.242129375
-1177037.9800025676
-1177038.8258258763
-1177038.11850765
-1177039.4967406841
-1177037.9800025676
-1177038.8176763784
-1177038.2672232238
-1177039.4967406841
-1177037.9800025676
-1177039.37638643
-1177038.6543731366
-1177039.4460893588
-1177037.9800025676
-1177039.310929026
-1177038.0629809438
-1177039.355338721
-1177037.9800025676
-1177039.4225664167
-1177038.058273336
-1177039.2899205207
-1177037.99372472
-1177039.4608580722
-1177038.0620308176
-1177039.2084302988
-1177037.99372472
-1177039.4608580722
-1177038.0620308176
-1177038.9600739263
-1177037.9779038657
-1177038.958358357
-1177038.1794430357
-1177039.0218324992
-1177037.99900662
-1177038.939023212
-1177038.237503625
-1177038.9924065939
-1177037.99900662
-1177039.5434918203
-1177038.0610175794
-1177039.580728062
-1177037.9751191002
-1177039.3108480151
-1177038.0610175794
-1177039.580728062
-1177037.9751191002
-1177039.5770351754
-1177038.3653793857
-1177039.5804697492
-1177037.9751191002
-1177039.5770351754
-1177038.1832797169
-1177039.580611344
-1177038.009235744
-1177039.5762261336
-1177038.0659214838
-1177039.580611344
-1177037.994209303
-1177039.5762261336
-1177038.0659214838
-1177039.583136928
-1177037.994209303
-1177039.5768666742
-1177038.0659214838
-1177039.583136928
-1177037.993364943
-1177039.5741394216
-1177038.1678035469
-1177039.5835398994
-1177038.0034517583
-1177039.5699916752
-1177038.1678035469
-1177039.239980112
-1177038.0034517583
-1177039.5699916752
-1177038.1678035469
-1177038.867018361
-1177038.0131462489
-1177039.5699916752
-1177038.378587858
-1177038.889015303
-1177038.0472122151
-1177039.007392119
-1177038.5427266816
-1177039.1841677441
-1177038.0472122151
-1177039.2546655105
-1177038.7428693147
-1177039.465180025
-1177038.0472122151
-1177039.329420048
-1177038.9558335363
-1177039.6540162691
-1177037.976375049
-1177039.329420048
-1177038.8490060691
-1177039.6540162691
-1177037.976375049
-1177039.2950534401
-1177038.8096734313
-1177039.6754011428
-1177037.9751220793
-1177038.8586726
-1177038.207141633
-1177039.6754011428
-1177037.9751220793
-1177038.1023831519
-1177038.207141633
-1177039.2379026306
-1177037.9751220793
-1177038.0341733373
-1177038.3508281603
-1177039.5880104247
-1177037.9751220793
-1177038.0169541505
-1177038.3508281603
-1177039.1399392672
-1177037.9751220793
-1177038.0064671047
-1177038.0665790408
-1177039.1399392672
-1177037.9737998142
-1177038.015505231
-1177038.0665790408
-1177039.5989021212
-1177037.9737998142
-1177038.015505231
-1177038.0745563083
-1177039.5989021212
-1177037.9737998142
-1177038.015505231
-1177038.0745563083
-1177039.4748622784
-1177037.9866896782
-1177038.015505231
-1177038.0745563083
-1177039.4748622784
-1177037.9866896782
-1177038.0258887254
-1177038.0745563083
-1177039.1143685533
-1177037.9946011554
-1177038.1068265254
-1177038.1069115563
-1177038.793755955
-1177037.9946011554
-1177038.162725104
-1177038.084288874
-1177039.1759217682
-1177038.023226311
-1177038.180118174
-1177038.084288874
-1177039.1759217682
-1177038.023226311
-1177037.977398015
-1177038.054755005
-1177039.021320966
-1177038.0292176064
-1177037.977398015
-1177038.0634941016
-1177039.1918587328
-1177038.0151088724
-1177038.3810714167
-1177038.116537363
-1177039.6324384345
-1177038.0151088724
-1177038.6517679559
-1177038.116537363
-1177039.6324384345
-1177038.1482684196
-1177038.3299958017
-1177038.116537363
-1177039.1505316806
-1177038.111792458
-1177038.3329363952
-1177038.1148270362
-1177039.0004851073
-1177038.050495798
-1177038.0954109314
-1177038.0529366636
-1177038.617470341
-1177038.0494555526
-1177038.154647441
-1177038.054917111
-1177038.8362345388
-1177038.0264980537
-1177038.4576408176
-1177038.0924719619
-1177038.705442873
-1177038.0264980537
-1177038.5900951035
-1177038.0458730801
-1177038.7889203366
-1177038.0264980537
-1177038.5304867432
-1177038.0458730801
-1177038.9372677899
-1177038.0264980537
-1177038.7063200958
-1177038.0717046817
-1177039.0140569406
-1177038.006298767
-1177038.472412833
-1177038.0717046817
-1177038.7250233646
-1177038.025632048
-1177038.5281678063
-1177038.1144673673
-1177038.732798352
-1177038.049823041
-1177038.5281678063
-1177038.1144673673
-1177038.8672438343
-1177038.1101638926
-1177038.3368671597
-1177038.1161692545
-1177039.0611771697
-1177038.1695932518
-1177038.3368671597
-1177038.1161692545
-1177039.6330705911
-1177038.1888990512
-1177038.3928239748
-1177038.1161692545
-1177039.6330705911
-1177038.2605060225
-1177037.985777275
-1177038.1161692545
-1177039.6330705911
-1177038.4723285597
-1177038.0059848481
-1177038.1161692545
-1177039.0726746947
-1177038.344608642
-1177038.0059848481
-1177038.144721326
-1177038.9899618153
-1177038.5797768838
-1177038.0604819523
-1177038.0925663044
-1177038.9840124203
-1177038.694142334
-1177038.0607179315
-1177038.0925663044
-1177039.1495619393
-1177038.8103674618
-1177038.0607179315
-1177038.6480714409
-1177039.0414122483
-1177038.886861922
-1177037.9851261934
-1177038.3446327026
-1177039.4723835245
-1177039.007827989
-1177037.9851261934
-1177038.0045428267
-1177039.4311702438
-1177039.1900624689
-1177037.9851261934
-1177038.0045428267
-1177039.329753727
-1177038.900645156
-1177037.9851261934
-1177038.0045428267
-1177039.329753727
-1177038.8722316672
-1177037.9851261934
-1177038.0045428267
-1177039.329753727
-1177039.4820569374
-1177037.9851261934
-1177038.5576788029
-1177039.329753727
-1177039.4215092356
-1177037.9851261934
-1177038.5576788029
-1177039.548407911
-1177038.9147235167
-1177038.0098825986
-1177038.3582807253
-1177039.5388229454
-1177039.2389577022
-1177038.0315340194
-1177038.7347802706
-1177039.5388229454
-1177039.4662885838
-1177038.0315340194
-1177038.122449445
-1177039.1058877546
-1177039.4662885838
-1177038.0315340194
-1177038.122449445
-1177039.4589844777
-1177039.4662885838
-1177038.1709698606
-1177038.122449445
-1177039.4589844777
-1177039.5024563132
-1177038.0539170431
-1177038.122449445
-1177039.4589844777
-1177039.1405436625
-1177038.0539170431
-1177038.122449445
-1177038.9158011072
-1177039.4674990622
-1177038.0539170431
-1177038.122449445
-1177039.1740703103
-1177039.1495143783
-1177038.0539170431
-1177038.534583704
-1177039.3866721254
-1177039.5307240854
-1177038.033554742
-1177038.444935392
-1177038.9652148415
-1177039.0680681635
-1177038.033554742
-1177038.0379640146
-1177039.2851406017
-1177039.2190379703
-1177038.033554742
-1177038.0379640146
-1177038.7954439553
-1177038.7276274413
-1177038.0053243276
-1177038.0098572224
-1177038.36630822
-1177039.0901962381
-1177037.9988818334
-1177038.0718414583
-1177038.6740246085
-1177039.5478769478
-1177037.9988818334
-1177038.0718414583
-1177038.4590584182
-1177039.5478769478
-1177037.9988818334
-1177037.980576825
-1177038.3046710673
-1177039.33392706
-1177037.9988818334
-1177037.980576825
-1177038.5824210297
-1177039.1372474486
-1177037.9876035138
-1177037.980576825
-1177039.1192868014
-1177039.3053574185
-1177038.6698349619
-1177037.980576825
-1177039.1908286205
-1177039.4258682006
-1177038.2031346909
-1177037.980576825
-1177038.846844256
-1177039.4258682006
-1177038.4217911821
-1177038.0298787975
-1177038.7663717794
-1177039.4258682006
-1177038.4217911821
-1177038.2231507725
-1177039.0914401407
-1177039.4258682006
-1177038.0096692895
-1177038.0111399877
-1177039.322988525
-1177039.4258682006
-1177038.0096692895
-1177038.0308949798
-1177039.322988525
-1177039.4258682006
-1177038.2031957628
-1177038.0308949798
-1177039.4463957774
-1177039.4258682006
-1177038.2031957628
-1177038.0308949798
-1177039.1839322753
-1177039.4258682006
-1177038.2031957628
-1177038.0308949798
-1177039.5404425068
-1177039.294161329
-1177038.529396248
-1177038.0308949798
-1177039.5404425068
-1177039.1267808562
-1177038.6727366194
-1177038.0308949798
-1177039.5404425068
-1177039.3194992621
-1177038.0223633295
-1177038.8018641125
-1177039.4124641225
-1177039.0430148023
-1177038.0223633295
-1177038.8070911695
-1177039.1660249028
-1177039.5125893499
-1177038.752714548
-1177038.405423706
-1177038.9526654782
-1177039.5125893499
-1177038.4500865366
-1177038.0419307386
-1177038.9526654782
-1177039.2098328797
-1177038.2114534173
-1177038.0419307386
-1177039.0671325647
-1177039.6797729267
-1177038.2114534173
-1177038.0419307386
-1177039.540401688
-1177039.505917425
-1177038.197464894
-1177038.3929388807
-1177039.540401688
-1177039.505917425
-1177038.197464894
-1177038.3929388807
-1177039.5163002557
-1177039.505917425
-1177038.4632720163
-1177038.3929388807
-1177039.4591462044
-1177039.619497071
-1177038.439909528
-1177038.3929388807
-1177039.284393312
-1177039.5238377866
-1177038.2615808723
-1177038.3929388807
-1177039.2586269898
-1177039.5238377866
-1177038.2615808723
-1177038.5451335784
-1177039.6732319517
-1177039.5002989606
-1177038.2615808723
-1177038.4682833413
-1177039.6732319517
-1177039.5840578857
-1177038.2615808723
-1177038.0002109357
-1177039.6732319517
-1177039.5840578857
-1177038.2615808723
-1177038.0002109357
-1177039.6732319517
-1177039.0678626972
-1177038.2615808723
-1177038.5595438199
-1177039.6487050876
-1177038.9586658576
-1177038.2615808723
-1177038.4511621222
-1177039.6487050876
-1177039.0074404061
-1177038.1645520283
-1177038.6210228843
-1177039.6487050876
-1177039.2800872214
-1177038.1645520283
-1177038.3602263487
-1177039.6487050876
-1177039.277603636
-1177038.1645520283
-1177038.3602263487
-1177039.3860683204
-1177039.277603636
-1177038.1645520283
-1177038.7896041165
-1177039.089613897
-1177039.0644339744
-1177038.1907816425
-1177038.7113384493
-1177039.2403381213
-1177038.9126347692
-1177038.0345028893
-1177038.5594180059
-1177039.2403381213
-1177039.1758931254
-1177038.0345028893
-1177038.0140076894
-1177039.444671471
-1177039.1758931254
-1177038.1315278132
-1177038.0140076894
-1177039.444671471
-1177039.4604316852
-1177038.1315278132
-1177038.2778273018
-1177039.098067643
-1177039.0016050865
-1177038.1315278132
-1177038.1289329536
-1177039.6690188532
-1177039.0350446072
-1177038.1315278132
-1177038.1289329536
-1177039.3872365751
-1177039.280728936
-1177037.978264896
-1177038.1289329536
-1177039.5002918262
-1177038.8803307018
-1177037.978264896
-1177038.1289329536
-1177039.0292914282
-1177038.3471036884
-1177038.0083812708
-1177038.1289329536
-1177039.3561741016
-1177038.6274646625
-1177038.0010834513
-1177038.709563825
-1177039.4223099947
-1177038.8645867805
-1177038.0010834513
-1177038.5927704044
-1177038.833979523
-1177038.8002575478
-1177038.0010834513
-1177038.4168514288
-1177038.8819855207
-1177039.291912451
-1177038.0010834513
-1177038.4168514288
-1177039.2233376368
-1177038.8734997048
-1177038.1473335202
-1177038.8309293857
-1177039.3603934268
-1177038.8722415532
-1177038.046674385
-1177038.3672969507
-1177039.3603934268
-1177038.7787589696
-1177038.0276634577
-1177038.040136481
-1177039.0305198685
-1177039.2848510446
-1177038.0276634577
-1177037.9779308087
-1177038.9461831616
-1177038.6943168729
-1177038.190147215
-1177037.9880495253
-1177038.7980874863
-1177038.847054549
-1177038.190147215
-1177037.9880495253
-1177039.0381773044
-1177038.7213838382
-1177038.1114076353
-1177038.0819049992
-1177039.2418949523
-1177038.974225753
-1177038.2169873207
-1177038.0819049992
-1177039.2418949523
-1177038.7033363539
-1177038.166237427
-1177038.0819049992
-1177039.1605292254
-1177038.7933157578
-1177038.1259119415
-1177037.9920235896
-1177039.1605292254
-1177038.396604465
-1177038.1078558066
-1177037.9920235896
-1177039.1605292254
-1177038.5528989052
-1177038.1078586362
-1177037.9974790886
-1177039.1605292254
-1177038.8565915334
-1177038.1078586362
-1177037.9747822352
-1177039.1745587825
-1177038.8635804106
-1177038.1078586362
-1177037.9747822352
-1177038.9737942277
-1177038.8635804106
-1177038.5254212604
-1177037.9747822352
-1177038.8766484563
-1177039.4453181894
-1177038.1289319617
-1177037.9747822352
-1177039.4472643556
-1177039.057115932
-1177038.0166225578
-1177037.9747822352
-1177039.4472643556
-1177039.3548461844
-1177038.0166225578
-1177037.9747822352
-1177039.1042398945
-1177039.3548461844
-1177038.0166225578
-1177037.9747822352
-1177039.3678149837
-1177039.6700187156
-1177037.9964011244
-1177037.9821066922
-1177039.3678149837
-1177039.4201363747
-1177037.9964011244
-1177037.9817162792
-1177039.3678149837
-1177039.4201363747
-1177037.9964011244
-1177037.9817162792
-1177039.3678149837
-1177039.4201363747
-1177037.9964011244
-1177037.9817162792
-1177038.856770083
-1177039.1673152559
-1177037.9964011244
-1177038.004474465
-1177038.9324136714
-1177038.7966034212
-1177037.9964011244
-1177038.074432994
-1177039.130337947
-1177039.2396355295
-1177038.5715709224
-1177038.6893272768
-1177039.130337947
-1177039.6764129691
-1177038.5715709224
-1177038.8489083603
-1177039.0474806456
-1177039.5666378122
-1177038.7600466055
-1177038.8380194549
-1177038.9724879398
-1177039.5666378122
-1177038.633324799
-1177038.7739695231
-1177039.0309894455
-1177039.5666378122
-1177038.6624458397
-1177038.7543114498
-1177039.1877904034
-1177039.5666378122
-1177038.576445402
-1177038.1335396273
-1177039.3077384676
-1177039.5666378122
-1177038.3643789515
-1177038.1335396273
-1177039.4579138395
-1177039.449958171
-1177038.3643789515
-1177038.1335396273
-1177039.4915800623
-1177039.449958171
-1177038.036796593
-1177038.1335396273
-1177039.140044572
-1177039.449958171
-1177038.036796593
-1177038.1335396273
-1177038.8972204116
-1177039.091076657
-1177038.036796593
-1177038.1335396273
-1177039.1880920404
-1177039.4606015862
-1177038.2027678434
-1177038.2382836838
-1177039.5868939855
-1177039.4606015862
-1177038.2027678434
-1177038.2382836838
-1177039.5868939855
-1177039.4606015862
-1177038.2027678434
-1177038.2382836838
-1177039.6237301962
-1177039.0543738746
-1177038.3309828592
-1177038.2382836838
-1177039.6237301962
-1177039.0951137766
-1177038.196934988
-1177037.981450917
-1177039.6237301962
-1177039.4628724016
-1177037.9706971503
-1177037.981450917
-1177039.6237301962
-1177039.397270477
-1177038.7833357686
-1177037.981450917
-1177039.6237301962
-1177039.397270477
-1177037.9800553618
-1177037.981450917
-1177039.6237301962
-1177039.5717121128
-1177037.9800553618
-1177037.981450917
-1177039.6237301962
-1177039.5717121128
-1177037.9800553618
-1177037.981450917
-1177039.6237301962
-1177039.1673183746
-1177037.9800553618
-1177037.981450917
-1177039.4393142846
-1177038.8468222695
-1177037.9800553618
-1177037.981450917
-1177038.8518487485
-1177039.2513236725
-1177037.9800553618
-1177037.981450917
-1177039.0792433044
-1177039.4512902102
-1177037.9800553618
-1177037.981450917
-1177039.170620624
-1177039.4512902102
-1177037.9800553618
-1177037.981450917
-1177038.90120522
-1177039.4512902102
-1177038.5232660293
-1177037.981450917
-1177039.2256561036
-1177039.1663029345
-1177038.4903750701
-1177037.981450917
-1177039.31925477
-1177039.3091262295
-1177038.4442643048
-1177037.981450917
-1177039.31925477
-1177039.3091262295
-1177038.4233838639
-1177037.981450917
-1177039.31925477
-1177039.3793714088
-1177038.4233838639
-1177037.981450917
-1177038.6989373951
-1177039.3793714088
-1177038.1214309027
-1177037.981450917
-1177039.1968355519
-1177039.4542229688
-1177038.1214309027
-1177037.981450917
-1177039.1968355519
-1177039.4542229688
-1177038.1214309027
-1177037.981450917
-1177039.1678582304
-1177039.6706874496
-1177038.1214309027
-1177037.981450917
-1177039.1678582304
-1177039.4529402175
-1177038.716187423
-1177037.981450917
-1177039.1678582304
-1177038.860794281
-1177038.9164904791
-1177037.9805428402
-1177039.116744369
-1177038.9124746495
-1177038.7658748464
-1177037.9805428402
-1177039.4236137746
-1177038.9905888322
-1177038.0761949508
-1177037.9805428402
-1177038.7693573004
-1177039.1871835
-1177038.0761949508
-1177038.1004790966
-1177038.8668826537
-1177039.1871835
-1177038.0761949508
-1177038.020666998
-1177038.7647481775
-1177039.4611845545
-1177038.0761949508
-1177038.000664884
-1177038.9347493332
-1177038.95453384
-1177038.0761949508
-1177038.000664884
-1177039.1406704185
-1177038.894208053
-1177038.2128230694
-1177038.000664884
-1177039.0899905583
-1177038.7607067232
-1177038.2128230694
-1177038.000664884
-1177039.2677932282
-1177038.9974402979
-1177038.2128230694
-1177038.000664884
-1177039.0297313875
-1177038.609085909
-1177038.1386349672
-1177038.4932083914
-1177039.1779901006
-1177038.7704420874
-1177038.1696438487
-1177038.2354039615
-1177038.9528310606
-1177038.8207688932
-1177038.0296109351
-1177038.1463692745
-1177039.4376265625
-1177038.4398165813
-1177038.0296109351
-1177038.1463692745
-1177039.3575831782
-1177038.2933336163
-1177038.0296109351
-1177038.1463692745
-1177038.9873674952
-1177038.2552233993
-1177038.0296109351
-1177038.1463692745
-1177039.4630947693
-1177038.2779743993
-1177038.0730729478
-1177038.1463692745
-1177039.1925085203
-1177038.4859483857
-1177037.9914189286
-1177038.7664916448
-1177039.217166023
-1177038.814198792
-1177038.03088665
-1177038.1510169513
-1177038.713386032
-1177039.1386612463
-1177038.0109653026
-1177038.0328910039
-1177038.713386032
-1177039.1386612463
-1177038.0884690366
-1177038.0328910039
-1177038.903239688
-1177038.9250159063
-1177037.9898742957
-1177038.0328910039
-1177038.903239688
-1177038.9250159063
-1177037.9898742957
-1177038.0328910039
-1177039.2510215929
-1177039.410540631
-1177037.9898742957
-1177038.0328910039
-1177039.2510215929
-1177039.410540631
-1177037.9898742957
-1177038.159833729
-1177039.4804640631
-1177039.410540631
-1177037.9898742957
-1177038.159833729
-1177039.3272359069
-1177039.401268664
-1177037.9820437087
-1177038.4178634675
-1177039.539346999
-1177038.830133643
-1177037.9820437087
-1177038.4178634675
-1177039.539346999
-1177038.9704244812
-1177038.00135655
-1177038.4178634675
-1177039.539346999
-1177039.2952619295
-1177038.00135655
-1177038.4178634675
-1177039.539346999
-1177039.4321280068
-1177038.00135655
-1177038.4178634675
-1177039.539346999
-1177039.4321280068
-1177038.00135655
-1177038.4178634675
-1177039.539346999
-1177039.4321280068
-1177038.3211356048
-1177038.3552721469
-1177039.539346999
-1177039.4321280068
-1177038.3211356048
-1177038.3552721469
-1177039.539346999
-1177039.4525707643
-1177038.3211356048
-1177038.3552721469
-1177039.6009461454
-1177039.35841359
-1177038.3211356048
-1177038.3552721469
-1177039.6009461454
-1177039.35841359
-1177038.3211356048
-1177037.9789091612
-1177039.6009461454
-1177039.058023713
-1177038.3211356048
-1177037.9789091612
-1177039.6009461454
-1177039.058023713
-1177038.5541106816
-1177037.9789091612
-1177039.6009461454
-1177038.9894949323
-1177038.5726322953
-1177038.056705011
-1177039.6009461454
-1177039.138262716
-1177039.0272588306
-1177038.056705011
-1177039.226523933
-1177039.1620196868
-1177038.9771986566
-1177038.056705011
-1177038.8845566472
-1177039.104964741
-1177038.9771986566
-1177037.981747689
-1177038.816774311
-1177038.85603528
-1177039.0444352769
-1177037.9791525116
-1177038.8909593108
-1177038.8940320525
-1177039.0444352769
-1177037.9791525116
-1177039.272567395
-1177039.0869405917
-1177039.0444352769
-1177037.9791525116
-1177039.31160482
-1177039.6605337185
-1177039.0330320294
-1177037.9791525116
-1177039.2781708527
-1177039.0422059724
-1177038.9429018768
-1177037.9791525116
-1177039.2781708527
-1177039.006959243
-1177038.8927511314
-1177037.9791525116
-1177039.2781708527
-1177038.946668655
-1177038.8799798673
-1177037.9791525116
-1177039.2852583656
-1177038.946668655
-1177038.8685505213
-1177037.991227142
-1177038.8782573997
-1177039.0028792368
-1177038.867796505
-1177037.991227142
-1177038.8752903445
-1177038.9399030264
-1177038.8230640898
-1177037.991227142
-1177039.179216307
-1177038.844826876
-1177038.8230640898
-1177037.9966207962
-1177039.2108432592
-1177039.3261968195
-1177038.4642704343
-1177037.9966207962
-1177039.3407617162
-1177039.526997072
-1177038.4642704343
-1177038.0013112442
-1177039.3407617162
-1177039.526997072
-1177038.4642704343
-1177038.0013112442
-1177039.3287082827
-1177039.526997072
-1177038.453132453
-1177038.0013112442
-1177038.8253376365
-1177039.526997072
-1177038.453132453
-1177038.0013112442
-1177039.099326818
-1177039.0678727701
-1177038.486246143
-1177038.0013112442
-1177039.1475368938
-1177038.9128085314
-1177038.2252383272
-1177038.0645544105
-1177039.4200669418
-1177038.7621337927
-1177038.2252383272
-1177038.0645544105
-1177039.412632622
-1177039.0327937405
-1177038.2252383272
-1177038.0645544105
-1177039.2966282864
-1177039.559520705
-1177037.9823504607
-1177038.3222657572
-1177039.1353933027
-1177039.0160627784
-1177037.9823504607
-1177038.3222657572
-1177039.1147673097
-1177038.9421230187
-1177037.9823504607
-1177038.3222657572
-1177039.1266809357
-1177039.485476647
-1177037.9823504607
-1177038.9397586007
-1177039.260846142
-1177039.485476647
-1177037.9823504607
-1177038.746011127
-1177038.8679055634
-1177039.485476647
-1177037.9823504607
-1177038.900393765
-1177039.4113039486
-1177039.485476647
-1177037.9823504607
-1177038.5806003192
-1177038.7847940517
-1177039.3091075593
-1177037.9823504607
-1177038.64544359
-1177038.7503756224
-1177039.5963617347
-1177038.0428144585
-1177038.64544359
-1177039.066918586
-1177039.5963617347
-1177038.0428144585
-1177038.6600580805
-1177039.066918586
-1177039.6641332705
-1177037.977314152
-1177038.6600580805
-1177038.9302858608
-1177039.6641332705
-1177037.977314152
-1177038.3303161953
-1177038.8507432407
-1177039.489064944
-1177037.990059463
-1177037.97422271
-1177038.795122105
-1177039.288335878
-1177037.990059463
-1177037.97422271
-1177038.5386198987
-1177039.2137272996
-1177037.9921062482
-1177037.9847303391
-1177038.2008840353
-1177039.650401577
-1177037.9921062482
-1177037.9847303391
-1177038.094822121
-1177039.3144083978
-1177037.9921062482
-1177037.9847303391
-1177038.0422737256
-1177039.3144083978
-1177037.9714557386
-1177038.0041046198
-1177038.054520896
-1177039.120066479
-1177038.2298679603
-1177037.9730735794
-1177038.054520896
-1177039.5180490012
-1177038.4665387862
-1177037.9770677374
-1177038.0056219206
-1177039.6453969544
-1177039.0444212523
-1177037.9770677374
-1177038.0056219206
-1177039.3950376585
-1177038.912998967
-1177037.9770677374
-1177038.0056219206
-1177039.3950376585
-1177038.8997096345
-1177037.9770677374
-1177037.991730755
-1177039.571888472
-1177038.862115444
-1177037.9770677374
-1177037.991730755
-1177039.326464102
-1177038.7820414358
-1177037.9762902886
-1177037.9857971673
-1177039.0762994494
-1177039.014783321
-1177037.9762902886
-1177037.9904940198
-1177039.1028163896
-1177039.2044636544
-1177037.9799731998
-1177038.4427677074
-1177039.0692203802
-1177039.303181433
-1177038.0148039076
-1177038.7258970828
-1177039.035510496
-1177039.3505088561
-1177038.0148039076
-1177038.846093676
-1177039.035510496
-1177039.430875348
-1177038.1894090204
-1177038.0591448704
-1177038.7632143477
-1177039.2605970614
-1177038.2959381344
-1177038.0591448704
-1177038.7632143477
-1177039.1858000543
-1177038.0134599542
-1177038.1186985527
-1177039.289989589
-1177039.212916308
-1177037.9786956063
-1177038.0361275133
-1177039.2905731325
-1177039.237850796
-1177037.9786956063
-1177038.0361275133
-1177039.305257715
-1177039.237850796
-1177037.9786956063
-1177037.9842476298
-1177039.3079263286
-1177039.2190084888
-1177037.9773832925
-1177037.9842476298
-1177038.844484329
-1177039.2190084888
-1177037.9773832925
-1177037.9836567692
-1177038.9313632636
-1177039.1663321797
-1177037.975586297
-1177037.986563235
-1177039.1626921105
-1177039.1672125452
-1177037.9701616168
-1177037.986563235
-1177039.163795563
-1177039.167598285
-1177037.9770592758
-1177037.991802585
-1177039.1649034524
-1177039.167598285
-1177037.9770592758
-1177037.991802585
-1177039.1648093262
-1177039.1694114283
-1177037.9711144513
-1177038.0000481335
-1177039.1648093262
-1177039.3692648816
-1177037.9711144513
-1177038.0000481335
-1177039.2222174318
-1177039.3068970353
-1177037.9711144513
-1177038.0068800591
-1177039.2222174318
-1177038.7783556136
-1177037.9711144513
-1177038.0068800591
-1177039.0362570493
-1177038.7774911206
-1177037.9711144513
-1177038.0068800591
-1177038.976792665
-1177038.5939153174
-1177037.9711144513
-1177038.0068800591
-1177039.0691089951
-1177038.2777208542
-1177037.9739226105
-1177038.0056252421
-1177038.6319859226
-1177038.3246208364
-1177037.9890483525
-1177038.0094268161
-1177038.8535723498
-1177038.3825717818
-1177037.9747399238
-1177038.004226268
-1177039.3221345367
-1177038.8485098116
-1177037.9747399238
-1177038.004226268
-1177039.5356514761
-1177038.8485098116
-1177037.997481376
-1177038.0055613087
-1177039.323726367
-1177038.5417248956
-1177037.997481376
-1177038.0388992028
-1177039.1170002888
-1177038.5417248956
-1177038.0317923094
-1177038.0447293597
-1177039.0099092838
-1177038.254850428
-1177038.026471787
-1177038.035511091
-1177039.095906064
-1177038.3180823738
-1177038.0305504326
-1177038.0371130696
-1177038.9115935524
-1177038.2974008792
-1177038.0305504326
-1177038.046114384
-1177038.9246565131
-1177038.3056691724
-1177038.0305504326
-1177038.0434502058
-1177039.4092463818
-1177038.3056691724
-1177038.5255395707
-1177037.9978554973
-1177039.4092463818
-1177038.7222414187
-1177038.7800461503
-1177037.9978554973
-1177039.680098509
-1177038.850568838
-1177038.622667913
-1177038.1207445096
-1177039.6442876274
-1177038.6350984864
-1177038.4993804288
-1177038.1794202172
-1177039.226581894
-1177038.0845130635
-1177038.51479884
-1177038.2095411327
-1177039.3714860238
-1177038.033536878
-1177038.5731750303
-1177038.116851248
-1177039.3714860238
-1177038.033536878
-1177038.2464323319
-1177038.116851248
-1177039.55161624
-1177038.033536878
-1177038.2464323319
-1177038.2681218316
-1177039.4311494997
-1177038.0705124044
-1177038.230131374
-1177038.4684900052
-1177039.3971417544
-1177038.1001018046
-1177038.230131374
-1177038.5217671695
-1177039.014970518
-1177038.1001018046
-1177038.079793093
-1177038.6185646846
-1177038.7639247535
-1177038.0258940705
-1177038.079793093
-1177039.0017274292
-1177038.702410519
-1177038.0258940705
-1177038.0606097
-1177038.6999963704
-1177038.9369616744
-1177037.9736149968
-1177038.0606097
-1177038.4921608886
-1177038.7925402108
-1177037.9736149968
-1177038.250679258
-1177038.7538006064
-1177038.9779878773
-1177037.9736149968
-1177038.0428366773
-1177039.1636226359
-1177039.4740231147
-1177037.9736149968
-1177038.0428366773
-1177039.385420648
-1177039.4740231147
-1177038.217535077
-1177038.0428366773
-1177039.3483133842
-1177039.3152382565
-1177038.217535077
-1177038.0428366773
-1177039.3483133842
-1177039.3312858713
-1177038.217535077
-1177038.0428366773
-1177039.3483133842
-1177039.3825335565
-1177038.217535077
-1177038.0428366773
-1177039.3036097258
-1177039.3825335565
-1177038.263158071
-1177038.0428366773
-1177039.3424497896
-1177039.304841204
-1177038.1387627241
-1177038.0428366773
-1177039.1818770187
-1177039.304841204
-1177037.999182074
-1177038.0317162948
-1177039.3986016621
-1177039.1263140186
-1177037.999182074
-1177038.0068351717
-1177039.3424454622
-1177039.215844085
-1177037.999182074
-1177038.516082782
-1177039.0370655125
-1177038.9454086616
-1177037.999182074
-1177038.0314603688
-1177039.6118688136
-1177038.9454086616
-1177038.0195537203
-1177038.0314603688
-1177039.3884843069
-1177039.4460276456
-1177038.0195537203
-1177038.0314603688
-1177038.8789274935
-1177039.4460276456
-1177037.995337244
-1177038.0314603688
-1177038.5645146924
-1177038.879923483
-1177037.995337244
-1177038.0161277046
-1177039.0150419516
-1177039.3082240112
-1177037.995337244
-1177038.0161277046
-1177039.1225204668
-1177039.3082240112
-1177037.995337244
-1177038.0161277046
-1177039.5524093246
-1177039.3082240112
-1177037.995337244
-1177038.0161277046
-1177039.5524093246
-1177038.9802830445
-1177038.097794069
-1177038.0161277046
-1177039.4383271895
-1177038.8987075535
-1177038.097794069
-1177038.0161277046
-1177039.3889935182
-1177039.117214255
-1177038.0033973504
-1177038.0161277046
-1177039.3889935182
-1177039.5497872834
-1177038.0033973504
-1177038.0161277046
-1177039.3889935182
-1177039.5497872834
-1177038.0033973504
-1177038.0161277046
-1177039.534988491
-1177039.5497872834
-1177038.0033973504
-1177038.0161277046
-1177039.534988491
-1177039.1863816867
-1177037.9956594682
-1177038.0161277046
-1177039.3693542203
-1177039.1863816867
-1177037.9956594682
-1177038.079119836
-1177039.3953894293
-1177039.383488253
-1177037.9956594682
-1177038.079119836
-1177039.6310958215
-1177038.8737941678
-1177037.9956594682
-1177038.2604133908
-1177039.6310958215
-1177039.4646160817
-1177037.9956594682
-1177038.082177889
-1177039.6310958215
-1177039.4646160817
-1177037.9956594682
-1177038.082177889
-1177039.6310958215
-1177039.4646160817
-1177037.9956594682
-1177038.082177889
-1177039.53400482
-1177039.1160590728
-1177037.9956594682
-1177038.1276665276
-1177039.53400482
-1177039.4903892663
-1177037.9956594682
-1177038.1276665276
-1177039.2679529893
-1177039.387844571
-1177037.9956594682
-1177038.1276665276
-1177039.137661427
-1177039.2264061107
-1177038.0149078695
-1177038.099010373
-1177039.137661427
-1177038.764180451
-1177038.0149078695
-1177038.4598966998
-1177038.9680494587
-1177038.764180451
-1177038.0330019828
-1177038.0152136083
-1177039.3518434488
-1177038.8009386517
-1177038.0330019828
-1177038.1003267358
-1177039.3907675259
-1177038.892815854
-1177038.0330019828
-1177038.2076979054
-1177039.3907675259
-1177039.1923736401
-1177038.0330019828
-1177038.2076979054
-1177039.3907675259
-1177039.2715571127
-1177038.0330019828
-1177038.0012466987
-1177038.7804820773
-1177039.6526240646
-1177038.0330019828
-1177038.0012466987
-1177038.4795125946
-1177039.016891624
-1177038.0330019828
-1177038.0012466987
-1177038.3054132292
-1177039.3004646958
-1177038.0330019828
-1177037.9830660804
-1177038.3700205875
-1177039.3004646958
-1177038.1049474597
-1177038.059478188
-1177038.4353069314
-1177038.9689277913
-1177038.0133005863
-1177038.0354736755
-1177038.8186548606
-1177038.5833802007
-1177038.0133005863
-1177038.0354736755
-1177038.5372382076
-1177039.0539025324
-1177038.0133005863
-1177038.0191473116
-1177038.7872925757
-1177039.4845128548
-1177038.0183500943
-1177038.2922903062
-1177038.8088790867
-1177039.4845128548
-1177038.0183500943
-1177038.039552054
-1177039.324205814
-1177039.0485476344
-1177038.0183500943
-1177038.039552054
-1177039.2145027935
-1177039.0485476344
-1177038.0183500943
-1177038.039552054
-1177039.5157102519
-1177039.578283829
-1177038.0183500943
-1177038.039552054
-1177039.5978909715
-1177039.4437355318
-1177038.0183500943
-1177038.0767156435
-1177039.45484317
-1177039.2383979426
-1177038.0183500943
-1177037.973398016
-1177039.2072830524
-1177038.9958360107
-1177038.3942188655
-1177038.0214167323
-1177038.8934800408
-1177038.8269930554
-1177038.3989518133
-1177038.0214167323
-1177038.9449166348
-1177038.9820863141
-1177038.6763324162
-1177038.1594628866
-1177039.045032272
-1177039.4879172351
-1177038.6526735432
-1177038.1594628866
-1177039.206879222
-1177039.5904042474
-1177038.6526735432
-1177038.1594628866
-1177039.306966257
-1177039.5904042474
-1177037.9762676668
-1177037.9884065792
-1177039.1664139356
-1177039.5904042474
-1177037.9809119243
-1177037.9859499265
-1177039.4598912133
-1177039.0483543717
-1177038.067906644
-1177038.0594137853
-1177039.2082163591
-1177039.4679548864
-1177038.067906644
-1177038.3602305457
-1177039.3066843706
-1177039.4551428785
-1177038.067906644
-1177038.3602305457
-1177039.3066843706
-1177039.4551428785
-1177038.067906644
-1177037.9824602588
-1177039.2514922225
-1177039.4551428785
-1177038.067906644
-1177037.9824602588
-1177038.7383352437
-1177039.4551428785
-1177038.067906644
-1177037.9824602588
-1177038.236793185
-1177039.4551428785
-1177038.0252581767
-1177037.9824602588
-1177038.1878856395
-1177039.4551428785
-1177038.0252581767
-1177037.990029079
-1177038.119145797
-1177039.4551428785
-1177037.9913037866
-1177037.974359014
-1177038.614255883
-1177038.8904042223
-1177037.9913037866
-1177037.974359014
-1177038.763928913
-1177038.8904042223
-1177037.9913037866
-1177037.983852686
-1177039.3489408426
-1177038.68344011
-1177037.9913037866
-1177037.983852686
-1177039.193612781
-1177038.748193702
-1177037.9913037866
-1177037.983852686
-1177039.193612781
-1177038.5402592546
-1177037.9913037866
-1177037.983852686
-1177039.1451251581
-1177038.104675035
-1177037.9913037866
-1177037.9866226884
-1177039.0632800558
-1177038.1174533132
-1177038.0127586727
-1177037.9866226884
-1177039.112109428
-1177038.1422153814
-1177038.003349149
-1177038.007732511
-1177038.7055270853
-1177038.1385462813
-1177038.003349149
-1177037.9832448605
-1177038.9100636798
-1177038.1385462813
-1177037.9858307387
-1177038.1006443142
-1177039.0052822665
-1177038.1602411103
-1177038.0014962326
-1177037.9872820731
-1177039.405267345
-1177038.5252103806
-1177038.0014962326
-1177037.9872820731
-1177038.7791199072
-1177038.1556064636
-1177038.0014962326
-1177038.0007780425
-1177038.947375657
-1177038.122012114
-1177037.9867206214
-1177038.0007780425
-1177039.446035832
-1177038.289396144
-1177037.9867206214
-1177038.0600947028
-1177039.446035832
-1177038.1533020504
-1177037.9867206214
-1177038.0199126678
-1177039.446035832
-1177038.559227323
-1177037.9867206214
-1177038.0199126678
-1177039.1445958233
-1177038.7505093976
-1177038.104500759
-1177038.0199126678
-1177038.8349218618
-1177038.5121070733
-1177038.104500759
-1177038.0596221974
-1177038.5368766314
-1177038.5715373391
-1177038.0098091457
-1177038.0596221974
-1177038.5867646253
-1177038.9275107228
-1177038.0098091457
-1177038.2044101083
-1177038.5628606684
-1177038.5246475295
-1177038.0098091457
-1177038.0851586943
-1177038.4060770043
-1177038.67264594
-1177037.977074916
-1177038.0758730422
-1177038.5195869985
-1177038.4927880107
-1177037.9923994786
-1177038.0301379813
-1177038.8031088123
-1177038.2782860612
-1177038.0398861265
-1177038.0301379813
-1177038.6994966522
-1177038.4303185123
-1177038.0963040662
-1177037.9730050755
-1177038.7358503833
-1177038.7589689917
-1177038.3074236894
-1177037.9730050755
-1177038.9117321155
-1177039.0147251904
-1177037.9934482113
-1177037.9938472582
-1177039.2917942498
-1177038.654151732
-1177037.9934482113
-1177038.046109177
-1177039.357751852
-1177038.654151732
-1177038.0138402863
-1177038.0803079233
-1177039.4445990175
-1177038.654151732
-1177038.0138402863
-1177038.0803079233
-1177039.2361166123
-1177038.654151732
-1177038.0138402863
-1177038.0803079233
-1177039.2361166123
-1177038.8593285175
-1177038.0138402863
-1177038.0803079233
-1177039.3291001297
-1177038.838090206
-1177038.0138402863
-1177038.0803079233
-1177039.523733271
-1177039.1063403143
-1177038.0138402863
-1177038.0803079233
-1177039.523733271
-1177038.699319969
-1177038.0138402863
-1177038.0931784157
-1177039.523733271
-1177038.4028136083
-1177038.0138402863
-1177038.143534396
-1177039.0004713854
-1177038.1983230284
-1177038.0297930588
-1177038.143534396
-1177039.179837947
-1177038.1307465974
-1177038.013091863
-1177037.9826434308
-1177038.7553572115
-1177038.0544576927
-1177038.013091863
-1177037.9826434308
-1177038.5947583462
-1177038.068441295
-1177037.9848677872
-1177038.0189946026
-1177038.7853641747
-1177038.053999673
-1177037.9848677872
-1177038.0081164
-1177039.2084465576
-1177038.243566516
-1177038.0279529695
-1177038.0102327848
-1177039.3880889881
-1177038.2055704803
-1177037.9895905615
-1177038.0102327848
-1177039.3334637538
-1177038.1243137585
-1177037.9895905615
-1177037.987600138
-1177039.3651660765
-1177038.2192249184
-1177037.9895905615
-1177037.987600138
-1177039.5961953031
-1177038.480275976
-1177038.5444662576
-1177037.987600138
-1177039.4483912326
-1177038.4503375015
-1177038.5521495985
-1177038.0767644155
-1177039.106045195
-1177038.7041096464
-1177038.118879379
-1177038.1806631954
-1177039.672380424
-1177038.6085789066
-1177038.3369286726
-1177038.1806631954
-1177039.672380424
-1177038.5097515157
-1177038.2511222002
-1177038.0495967276
-1177039.0182513117
-1177038.4086223433
-1177038.0351563394
-1177038.0495967276
-1177039.5114482075
-1177038.6588070795
-1177038.0578142144
-1177038.2100759433
-1177039.0839525252
-1177038.6663050125
-1177038.0716632071
-1177038.012986991
-1177039.5869562093
-1177038.9391807688
-1177038.1477833868
-1177038.012986991
-1177039.009705681
-1177038.622290054
-1177038.1477833868
-1177038.012986991
-1177039.3162845157
-1177038.815107179
-1177038.1477833868
-1177038.0039304567
-1177038.9157528076
-1177039.0199998068
-1177037.9773013173
-1177038.0746911706
-1177039.5142308306
-1177039.1793803321
-1177037.9773013173
-1177038.0746911706
-1177039.5142308306
-1177039.1793803321
-1177037.9773013173
-1177038.1431937902
-1177038.865404644
-1177039.2317003591
-1177038.0210637394
-1177038.5758470502
-1177038.8496758023
-1177039.1593338582
-1177038.0210637394
-1177038.188916521
-1177038.6791458037
-1177039.1224211734
-1177038.025717524
-1177038.188916521
-1177039.0265443888
-1177039.2552263297
-1177038.025717524
-1177038.188916521
-1177039.4468429068
-1177039.128424688
-1177038.025717524
-1177038.188916521
-1177039.4537009825
-1177039.128424688
-1177038.43294616
-1177038.491840618
-1177039.2070135481
-1177039.0592672464
-1177038.307073885
-1177038.0375069825
-1177039.6808297224
-1177039.491940813
-1177038.307073885
-1177038.0375069825
-1177039.6808297224
-1177039.5322394627
-1177038.0651115195
-1177038.0375069825
-1177039.6808297224
-1177039.4529797172
-1177037.9968637482
-1177038.0200178858
-1177039.366071757
-1177039.0583509111
-1177038.2417478608
-1177038.0200178858
-1177039.366071757
-1177039.3828616359
-1177038.4160608398
-1177038.0914132984
-1177039.380815316
-1177039.291996469
-1177038.4160608398
-1177038.0914132984
-1177039.3149768962
-1177039.073666308
-1177038.0826592143
-1177038.0914132984
-1177039.3149768962
-1177039.4273166326
-1177038.0826592143
-1177038.0914132984
-1177039.4604133554
-1177039.4273166326
-1177038.0826592143
-1177038.0914132984
-1177039.4604133554
-1177039.2685612598
-1177038.0432487123
-1177038.3578094316
-1177039.4604133554
-1177039.5949610872
-1177038.0559680192
-1177038.8661656273
-1177039.4604133554
-1177039.5949610872
-1177038.0559680192
-1177038.339572288
-1177039.4604133554
-1177039.5949610872
-1177037.970563327
-1177038.2584725874
-1177038.8758045393
-1177039.5949610872
-1177038.1768563187
-1177038.47518648
-1177039.020281948
-1177039.5949610872
-1177038.1768563187
-1177038.6982989071
-1177039.2089290614
-1177039.5949610872
-1177038.1768563187
-1177038.6982989071
-1177039.2089290614
-1177039.5328674938
-1177038.1768563187
-1177038.6982989071
-1177038.873063533
-1177039.5328674938
-1177038.1768563187
-1177039.037308617
-1177038.7063374054
-1177039.5977167853
-1177037.9886257611
-1177039.1759235763
-1177038.7063374054
-1177039.6413876629
-1177037.9886257611
-1177039.151101902
-1177038.5236219165
-1177039.4310453797
-1177037.9886257611
-1177039.0610579182
-1177038.9127541173
-1177039.4894919312
-1177037.9886257611
-1177038.7548768304
-1177039.028472895
-1177039.5394009808
-1177037.9886257611
-1177038.1410629728
-1177039.5303660303
-1177039.0726446577
-1177038.0039542485
-1177038.1410629728
-1177039.4660842153
-1177039.2750488045
-1177038.0039542485
-1177038.1410629728
-1177039.4660842153
-1177039.4473387392
-1177038.0039542485
-1177038.1387921225
-1177039.4660842153
-1177038.9557281306
-1177038.3877465047
-1177038.1387921225
-1177039.2619012839
-1177039.3528368517
-1177038.3877465047
-1177037.9878584605
-1177039.1686782115
-1177039.3906056967
-1177038.1919880507
-1177038.3704146622
-1177039.3241151155
-1177039.3906056967
-1177038.0289719128
-1177038.3704146622
-1177039.3241151155
-1177039.3906056967
-1177038.0289719128
-1177038.3884654082
-1177039.3241151155
-1177038.8960518176
-1177038.0289719128
-1177037.9936851088
-1177039.2657789798
-1177039.4366492217
-1177038.0289719128
-1177037.9936851088
-1177039.2657789798
-1177039.62056653
-1177038.0289719128
-1177037.9936851088
-1177039.2559063386
-1177039.62056653
-1177038.0289719128
-1177037.9936851088
-1177039.4994023321
-1177039.308798094
-1177038.0289719128
-1177037.9936851088
-1177039.3083505852
-1177039.308798094
-1177037.9755041949
-1177037.985392892
-1177039.3083505852
-1177038.8679055634
-1177038.006515316
-1177037.985392892
-1177038.7264342466
-1177038.438463012
-1177038.1674767777
-1177037.9801197802
-1177038.5089236237
-1177038.0864096545
-1177038.2132215807
-1177037.9801197802
-1177038.5036955837
-1177038.4238267012
-1177038.230015186
-1177037.9801197802
-1177038.9677470715
-1177038.1123498194
-1177038.230015186
-1177038.0008905043
-1177038.9677470715
-1177038.1080441594
-1177038.3526474496
-1177038.0025487083
-1177039.414028763
-1177038.158127991
-1177038.3111321665
-1177038.0025487083
-1177039.414028763
-1177038.1658526377
-1177038.3061103756
-1177038.0386487166
-1177039.4034331664
-1177038.1658526377
-1177038.3322260664
-1177038.0567900299
-1177039.6513099892
-1177038.193696514
-1177038.313532597
-1177038.0567900299
-1177039.2405309484
-1177038.2309444118
-1177038.313532597
-1177038.0279738703
-1177038.9421554045
-1177038.270380158
-1177038.313532597
-1177037.9923813355
-1177039.1293213586
-1177038.2165938364
-1177038.213926478
-1177037.9923813355
-1177038.9599233954
-1177038.6593088293
-1177038.0171342595
-1177037.9923813355
-1177039.2229208262
-1177038.7128348364
-1177038.0303826157
-1177037.9923813355
-1177038.88646248
-1177038.6259751092
-1177038.0303826157
-1177037.9923813355
-1177038.495676555
-1177038.9037826888
-1177038.1035252959
-1177037.9923813355
-1177038.5373794266
-1177038.9290415244
-1177038.1035252959
-1177037.992026516
-1177038.648728636
-1177039.2696450558
-1177038.0670816784
-1177037.992026516
-1177038.9135078937
-1177039.2696450558
-1177038.0670816784
-1177037.992026516
-1177039.2948361796
-1177039.4202627793
-1177038.0670816784
-1177037.992026516
-1177038.8092058767
-1177039.4202627793
-1177038.0670816784
-1177037.992026516
-1177038.539833922
-1177038.9027366
-1177038.0670816784
-1177037.9785219957
-1177038.5011454134
-1177039.029131509
-1177038.0670816784
-1177037.9785219957
-1177038.2667142926
-1177039.6198712883
-1177038.0670816784
-1177037.9785219957
-1177038.6616914677
-1177039.6198712883
-1177038.0670816784
-1177038.0093432702
-1177038.778237858
-1177039.6198712883
-1177038.0670816784
-1177038.01581264
-1177039.2625745882
-1177039.6198712883
-1177038.0670816784
-1177038.01581264
-1177039.3691431605
-1177039.1984789178
-1177038.4900451433
-1177038.01581264
-1177039.3691431605
-1177039.1313521387
-1177038.1038822937
-1177038.0039347857
-1177039.3691431605
-1177038.6645130725
-1177038.1038822937
-1177038.0861343937
-1177038.9144921768
-1177038.9356578314
-1177038.1038822937
-1177038.0006681217
-1177038.799443002
-1177039.3504177209
-1177038.1038822937
-1177038.0006681217
-1177038.799443002
-1177039.3004932036
-1177038.1038822937
-1177038.0006681217
-1177038.9220512537
-1177039.3181269062
-1177037.9723337088
-1177038.0593639808
-1177039.5393488118
-1177038.8614841416
-1177037.9723337088
-1177038.0593639808
-1177039.5393488118
-1177038.531911365
-1177037.9723337088
-1177037.9761933563
-1177039.5393488118
-1177038.179405166
-1177037.9723337088
-1177038.5021197705
-1177039.3928164365
-1177038.0484532828
-1177037.9723337088
-1177038.6299161918
-1177039.3928164365
-1177038.0700971873
-1177037.9723337088
-1177038.3755333645
-1177038.9748929215
-1177038.0700971873
-1177037.9877436443
-1177038.3922863065
-1177038.9197182688
-1177038.0526412593
-1177037.9877436443
-1177038.4452486604
-1177039.3607969023
-1177038.1222382404
-1177037.9735058118
-1177038.4910646076
-1177039.3607969023
-1177038.0224351308
-1177037.9940648342
-1177038.7457492729
-1177039.0906707025
-1177037.9718434957
-1177037.9940648342
-1177038.7457492729
-1177038.8903863593
-1177037.9718434957
-1177037.9940648342
-1177038.7273987636
-1177039.4401103125
-1177037.9810459134
-1177037.9940648342
-1177038.1074487076
-1177038.930478657
-1177037.9769644556
-1177037.9747032681
-1177038.1074487076
-1177038.6913439997
-1177037.9769505484
-1177037.9747032681
-1177038.0589878766
-1177038.8692942907
-1177037.979161204
-1177037.9747032681
-1177038.3737115865
-1177038.5466775377
-1177037.979161204
-1177037.97538121
-1177038.3447614086
-1177038.5772478168
-1177038.0410697272
-1177037.97538121
-1177038.1815806178
-1177039.1289149534
-1177038.079988665
-1177038.3610416506
-1177038.3245288176
-1177038.8751030238
-1177038.0098354914
-1177038.0255855517
-1177038.1375267392
-1177038.702453772
-1177037.9967378173
-1177038.025135815
-1177038.1619796657
-1177038.8446338465
-1177038.0366569695
-1177038.025135815
-1177038.1619796657
-1177039.1724492428
-1177038.0225427179
-1177038.1065905308
-1177038.2583569968
-1177039.0325896186
-1177038.0098900956
-1177038.0869453296
-1177038.6674777947
-1177039.5844567553
-1177038.0050698456
-1177038.0667389985
-1177038.908634848
-1177039.5844567553
-1177038.0271941416
-1177038.0785260838
-1177038.1866993948
-1177039.1321004701
-1177038.0299689833
-1177037.9761659137
-1177038.1807229707
-1177039.4370389832
-1177038.0622180195
-1177038.024963697
-1177038.1807229707
-1177039.0294816862
-1177038.0429091991
-1177038.0164702325
-1177038.1807229707
-1177039.1835071275
-1177038.052192441
-1177038.0110659748
-1177038.1855591198
-1177039.6488618292
-1177038.0104847364
-1177038.2306998177
-1177038.3004199876
-1177039.6488618292
-1177038.0184640742
-1177038.1698952306
-1177038.1808988454
-1177039.6647674004
-1177037.9955241943
-1177038.0799026578
-1177038.1808988454
-1177039.3042982705
-1177038.0141690313
-1177038.0799026578
-1177038.1808988454
-1177039.0582354364
-1177038.0141690313
-1177038.3225787692
-1177038.1790541091
-1177038.8158782576
-1177038.039121798
-1177038.3905515603
-1177038.134512587
-1177038.7898118761
-1177038.0212481748
-1177038.3255355165
-1177038.1059997035
-1177039.0235073434
-1177038.0253007566
-1177038.2784900677
-1177038.1111388954
-1177038.7763651533
-1177037.989207706
-1177038.429628972
-1177038.4689830453
-1177038.729788723
-1177037.989207706
-1177038.2901023882
-1177038.219351548
-1177038.9926728862
-1177038.0300016555
-1177038.235517682
-1177038.212123714
-1177038.7881666755
-1177038.0459767722
-1177038.0149926322
-1177038.3401407725
-1177038.8943227828
-1177038.0962291884
-1177038.0264218666
-1177038.3401407725
-1177038.7786682525
-1177038.1163942365
-1177038.012697193
-1177038.580424244
-1177038.9165327651
-1177038.2874130707
-1177038.012697193
-1177038.3572811177
-1177039.3795171047
-1177038.691987145
-1177038.012697193
-1177038.750819308
-1177039.1722187828
-1177038.6272472916
-1177038.0035376938
-1177038.7938753932
-1177039.1722187828
-1177038.4078001655
-1177038.0035376938
-1177038.94411015
-1177039.0749693254
-1177038.667351018
-1177038.0035376938
-1177038.9360977951
-1177039.1703939436
-1177038.9927126574
-1177038.0035376938
-1177038.9237727474
-1177039.2450693937
-1177039.0077444017
-1177038.0105581903
-1177038.9237727474
-1177038.9640923382
-1177039.0077444017
-1177037.9833244618
-1177038.8876760618
-1177039.026230244
-1177039.1953044697
-1177037.9833244618
-1177038.8871649932
-1177038.7336231305
-1177039.2099404673
-1177037.9833244618
-1177038.9714889904
-1177038.582613313
-1177039.2099404673
-1177037.9911329213
-1177038.9714889904
-1177038.3621003982
-1177039.1306030042
-1177038.057790225
-1177039.0491837559
-1177038.3124951967
-1177039.154273705
-1177038.0512738877
-1177039.0273207745
-1177038.2467150807
-1177039.2691386223
-1177038.0512738877
-1177038.8457029816
-1177038.2731123045
-1177039.6727258775
-1177038.0807659798
-1177039.06784319
-1177038.2838384993
-1177039.058267177
-1177038.0807659798
-1177039.06784319
-1177037.9912348478
-1177038.9126899873
-1177038.070747032
-1177039.659671651
-1177037.9912348478
-1177038.8503277411
-1177038.070747032
-1177039.4749451054
-1177037.9912348478
-1177039.162762695
-1177038.070747032
-1177039.0124519784
-1177038.001414377
-1177039.136202873
-1177038.0304407564
-1177038.98943477
-1177038.001414377
-1177039.1130104656
-1177038.043553291
-1177039.0071050995
-1177037.9962190404
-1177039.4335431042
-1177038.043553291
-1177038.6419449598
-1177037.9962190404
-1177039.4335431042
-1177038.043553291
-1177038.6419449598
-1177038.0601452133
-1177039.659221028
-1177038.035614393
-1177038.587306493
-1177038.0502233407
-1177039.304983913
-1177038.3867045136
-1177038.7893573644
-1177038.0520907613
-1177039.5913678014
-1177038.076576873
-1177038.7019991444
-1177038.0456599223
-1177039.328847508
-1177038.09539964
-1177038.6380080408
-1177038.0174153894
-1177039.2575876617
-1177038.09539964
-1177038.666451885
-1177037.9931948462
-1177039.0576437912
-1177038.0733510244
-1177038.763287062
-1177038.026535584
-1177038.9364167517
-1177038.014011929
-1177038.5833074457
-1177038.0330822573
-1177038.958600219
-1177038.0098741255
-1177038.9395520042
-1177038.0330822573
-1177038.972575166
-1177037.9969471807
-1177038.939898624
-1177038.0652377114
-1177039.3799094984
-1177037.9969471807
-1177038.9109794311
-1177038.277168693
-1177039.3205921152
-1177037.9978155778
-1177038.523118684
-1177038.1188787126
-1177038.8491395453
-1177037.9978155778
-1177038.6654649687
-1177038.3922020535
-1177039.0836683663
-1177037.9978155778
-1177038.112164853
-1177038.42827078
-1177039.2432139546
-1177037.9696341958
-1177038.0143553612
-1177038.0958873543
-1177039.2432139546
-1177037.9696341958
-1177038.0143553612
-1177038.0673988692
-1177039.2432139546
-1177037.9696341958
-1177037.992265261
-1177038.3094585075
-1177038.7772420666
-1177037.9696341958
-1177038.013648327
-1177038.4313081861
-1177038.7772420666
-1177038.0394450868
-1177037.9807574772
-1177038.5849501858
-1177038.7825914724
-1177038.00097091
-1177038.0682440442
-1177038.3544517085
-1177038.804829444
-1177038.0096243168
-1177038.0368838941
-1177038.5253769704
-1177039.127569363
-1177038.0096243168
-1177037.9859120552
-1177038.3241585128
-1177039.052082407
-1177038.0096243168
-1177037.9859120552
-1177038.7507528015
-1177038.7032231386
-1177038.047986782
-1177037.9859120552
-1177038.5833242177
-1177038.8936378716
-1177038.113433746
-1177038.0459720134
-1177038.3984154323
-1177038.7170703732
-1177038.0307664978
-1177038.0459720134
-1177038.7322741007
-1177038.4218961885
-1177038.012084374
-1177038.068275021
-1177039.3030364166
-1177038.4218961885
-1177038.012084374
-1177038.068275021
-1177038.9111851694
-1177038.2237012691
-1177038.015047435
-1177038.068275021
-1177038.8261470036
-1177038.4703892658
-1177038.015047435
-1177038.0258378522
-1177039.3744617288
-1177038.2457289519
-1177038.015047435
-1177038.0039662085
-1177039.3744617288
-1177038.2445583795
-1177038.015047435
-1177037.9948925804
-1177039.1181308925
-1177038.4000874676
-1177038.032333222
-1177037.9948925804
-1177039.2566605574
-1177038.7241421
-1177038.032333222
-1177037.9948925804
-1177039.2566605574
-1177039.1867470029
-1177038.032333222
-1177037.9948925804
-1177039.2401329414
-1177039.1867470029
-1177038.032333222
-1177037.9948925804
-1177039.3380312189
-1177038.7184878814
-1177038.032333222
-1177037.9948925804
-1177039.4840574588
-1177038.9771805007
-1177038.0301379813
-1177037.982139993
-1177039.0779188972
-1177039.0122233713
-1177038.0301379813
-1177037.982139993
-1177038.9728801728
-1177039.2831242608
-1177038.0005918283
-1177037.982139993
-1177038.9728801728
-1177039.4286839673
-1177038.1056916006
-1177037.982139993
-1177039.2507980464
-1177039.1984227563
-1177038.0623311398
-1177037.982139993
-1177039.2507980464
-1177039.1984227563
-1177038.0623311398
-1177037.9918846223
-1177039.0510823478
-1177038.8929847649
-1177038.0623311398
-1177037.972328619
-1177039.0510823478
-1177039.1900603327
-1177038.0489190998
-1177037.972328619
-1177039.5886393494
-1177038.8643778996
-1177038.0489190998
-1177037.983266684
-1177039.5886393494
-1177039.230149867
-1177037.9822942023
-1177037.983266684
-1177039.5886393494
-1177039.1739470055
-1177038.1203077412
-1177038.0176950302
