14.081126131612885	1.58
16.96174998709113	1.58
2.8785372877904205	1.58
2.542122655335726	1.58
17.89541008506241	1.58
16.96174998709113	1.58
2.8785372877904205	1.58
2.542122655335726	1.58
14.16887446236086	1.58
17.375503298724333	1.58
2.8785372877904205	1.58
1.3343867523606576	1.58
8.348908111535748	1.58
14.222319090049828	1.58
2.8785372877904205	1.58
0.8514924318857533	1.58
9.133629389315402	1.58
13.908324532616597	1.58
2.8785372877904205	1.58
0.8514924318857533	1.58
13.357150343090403	1.58
7.647707765603491	1.58
5.959936593537416	1.58
0.22808440457127155	1.58
13.395171736344324	1.58
15.043083255838324	1.58
6.142898171002894	1.58
0.22808440457127155	1.58
9.613549268834577	1.58
15.043083255838324	1.58
3.8693392886931317	1.58
0.22808440457127155	1.58
14.018976353390086	1.58
14.27198858540493	1.58
3.7792894673948343	1.58
0.22808440457127155	1.58
14.018976353390086	1.58
14.27198858540493	1.58
2.91248648434582	1.58
4.680694852186317	1.58
15.226737547935098	1.58
14.27198858540493	1.58
2.91248648434582	1.58
4.680694852186317	1.58
11.789245846653369	1.58
14.27198858540493	1.58
2.91248648434582	1.58
6.420687561044243	1.58
11.276001225115836	1.58
12.0491789049404	1.58
2.1690588356019145	1.58
1.7685393683736912	1.58
8.38226449643443	1.58
15.018355820341638	1.58
1.302655589260823	1.58
4.107427958445332	1.58
7.770251104663764	1.58
15.018355820341638	1.58
2.369970991499099	1.58
5.49913252646723	1.58
8.089174945522357	1.58
17.313161682710927	1.58
1.0039247612257256	1.58
5.49913252646723	1.58
7.1291932453967926	1.58
17.313161682710927	1.58
1.0039247612257256	1.58
6.84348522358553	1.58
7.34713662249302	1.58
17.313161682710927	1.58
1.0039247612257256	1.58
5.816948312556235	1.58
7.7941853231568325	1.58
11.621009887455507	1.58
3.228040402898868	1.58
6.059331845457093	1.58
8.788018651590125	1.58
12.994167121137814	1.58
3.228040402898868	1.58
5.193034431643669	1.58
8.788018651590125	1.58
17.48790412646452	1.58
5.631281895074585	1.58
5.246818936741901	1.58
8.788018651590125	1.58
17.48790412646452	1.58
5.631281895074585	1.58
4.672791098540225	1.58
11.504042095253526	1.58
17.48790412646452	1.58
1.5591189762097688	1.58
9.732244997288625	1.58
12.144859747764542	1.58
17.48790412646452	1.58
1.5591189762097688	1.58
8.194064646978223	1.58
11.610998729167108	1.58
10.746518099340774	1.58
1.5591189762097688	1.58
7.8359985156153495	1.58
14.050623465073679	1.58
10.053854712942012	1.58
4.799845731400515	1.58
8.326055305282203	1.58
13.994602845741259	1.58
9.119520540949285	1.58
4.826650035199926	1.58
8.566393514885164	1.58
13.994602845741259	1.58
8.238975261160183	1.58
9.299952412922213	1.58
8.555702659482828	1.58
13.994602845741259	1.58
8.136652708704867	1.58
9.885235347208546	1.58
5.406562101813952	1.58
14.134424472836729	1.58
7.625906170890231	1.58
11.301542334968909	1.58
6.302196327183935	1.58
16.64640239682677	1.58
8.14638692216616	1.58
11.11069312298654	1.58
6.686942815694507	1.58
12.674033741933897	1.58
9.03786636417762	1.58
10.008635625513584	1.58
6.4898620637770295	1.58
17.22730212260575	1.58
8.895659786431922	1.58
12.158510089930562	1.58
6.4898620637770295	1.58
13.352799537808504	1.58
9.538668796952212	1.58
11.20363248697712	1.58
6.4898620637770295	1.58
12.644492137521537	1.58
8.537543806341466	1.58
12.969717063860381	1.58
7.871435290298133	1.58
14.711143112280727	1.58
8.175743821452802	1.58
11.184606081667148	1.58
7.884222513090211	1.58
16.317758272072346	1.58
8.349178426296236	1.58
6.2898332872816525	1.58
7.884222513090211	1.58
16.317758272072346	1.58
8.43978831626143	1.58
6.2898332872816525	1.58
3.28373938041592	1.58
16.317758272072346	1.58
8.197253975770492	1.58
6.185150618396468	1.58
3.28373938041592	1.58
16.317758272072346	1.58
8.197253975770492	1.58
5.744454249346461	1.58
0.33345604024525866	1.58
13.717027505078988	1.58
8.197253975770492	1.58
5.034601252210277	1.58
0.33345604024525866	1.58
8.279240086340316	1.58
9.725202956129019	1.58
1.3555858435416468	1.58
0.33345604024525866	1.58
5.816185033274133	1.58
16.392397454436413	1.58
1.3555858435416468	1.58
0.33345604024525866	1.58
8.57958291487276	1.58
9.469875899869805	1.58
3.337985629668827	1.58
0.33345604024525866	1.58
12.630857205523597	1.58
10.411736655327918	1.58
3.337985629668827	1.58
0.33345604024525866	1.58
13.939541931191407	1.58
12.358193951316748	1.58
0.6967226060929868	1.58
0.33345604024525866	1.58
11.161231138853022	1.58
12.358193951316748	1.58
0.6967226060929868	1.58
0.33345604024525866	1.58
16.26183217620071	1.58
12.358193951316748	1.58
0.6967226060929868	1.58
0.33345604024525866	1.58
12.004764364580128	1.58
13.626299277863806	1.58
0.6967226060929868	1.58
1.2352534725719675	1.58
12.004764364580128	1.58
13.626299277863806	1.58
0.6967226060929868	1.58
1.2352534725719675	1.58
12.285954075826737	1.58
7.4610403527467986	1.58
0.6967226060929868	1.58
1.2352534725719675	1.58
14.806540694616604	1.58
4.9511963839883375	1.58
0.6967226060929868	1.58
1.2352534725719675	1.58
12.896183688541557	1.58
3.691122012277815	1.58
0.6967226060929868	1.58
6.584536448448318	1.58
15.539455022122523	1.58
3.691122012277815	1.58
3.141994070933542	1.58
9.962665447617514	1.58
13.234436925213302	1.58
3.691122012277815	1.58
4.506778870791198	1.58
7.850291358225489	1.58
14.307365947667359	1.58
3.691122012277815	1.58
4.121471476786806	1.58
10.49240123171472	1.58
14.307365947667359	1.58
3.6859697975749177	1.58
5.886833849564969	1.58
9.476742141207296	1.58
14.307365947667359	1.58
0.6925951263728596	1.58
0.5862682062360687	1.58
16.8340127436497	1.58
14.307365947667359	1.58
0.702966283364186	1.58
0.5728379413066973	1.58
16.41520362335726	1.58
14.307365947667359	1.58
0.702966283364186	1.58
3.019178239505081	1.58
17.90971704185848	1.58
11.183609520157809	1.58
0.9088048019514239	1.58
4.504672169860675	1.58
17.90971704185848	1.58
15.597569376634713	1.58
1.4933548806401515	1.58
3.343537485477711	1.58
17.90971704185848	1.58
14.288681671159654	1.58
1.4933548806401515	1.58
3.7386332360501866	1.58
14.715721473811232	1.58
14.288681671159654	1.58
1.4933548806401515	1.58
6.531805705707588	1.58
15.07307665133158	1.58
14.288681671159654	1.58
2.1077868513589024	1.58
8.919745955783059	1.58
15.583678547328358	1.58
13.957635103665286	1.58
0.915832950648829	1.58
16.852773900545326	1.58
14.807910779949147	1.58
13.648031593222884	1.58
0.915832950648829	1.58
16.852773900545326	1.58
14.495846143651496	1.58
13.856348372860227	1.58
3.700550857283739	1.58
12.197535681541408	1.58
14.495846143651496	1.58
13.856348372860227	1.58
3.700550857283739	1.58
10.795985923252655	1.58
17.567610663191974	1.58
15.241368039109803	1.58
5.540146923865807	1.58
10.265786781198813	1.58
17.567610663191974	1.58
13.370383358741186	1.58
8.683157529355082	1.58
11.018376578388224	1.58
16.98906863499863	1.58
10.035464005626999	1.58
7.623713491705999	1.58
11.497422900944237	1.58
12.915925342623972	1.58
10.446446595876514	1.58
5.777820335129905	1.58
15.909015090404544	1.58
13.695579273457977	1.58
9.214095106082715	1.58
0.3063314475359835	1.58
12.575900949510766	1.58
15.73115715128285	1.58
8.998300241322303	1.58
0.3063314475359835	1.58
14.021310461708056	1.58
15.73115715128285	1.58
3.0321087230292765	1.58
0.3063314475359835	1.58
10.628918461299588	1.58
12.316258780664565	1.58
0.37286151373628584	1.58
0.3063314475359835	1.58
11.273369330120222	1.58
7.356130604192491	1.58
5.559329194415456	1.58
1.9556632252363375	1.58
10.58638959990327	1.58
7.356130604192491	1.58
5.559329194415456	1.58
0.24984810473567176	1.58
10.58638959990327	1.58
7.439750448001115	1.58
4.4243544761919065	1.58
0.24984810473567176	1.58
10.58638959990327	1.58
7.439750448001115	1.58
4.4243544761919065	1.58
2.941685526768241	1.58
10.642355939896479	1.58
8.207949873515544	1.58
4.922534753953256	1.58
1.3303494056765004	1.58
13.928983918033165	1.58
7.27992592421568	1.58
3.604783030542845	1.58
1.3303494056765004	1.58
14.773795116420796	1.58
12.315868713044832	1.58
3.604783030542845	1.58
1.3303494056765004	1.58
14.773795116420796	1.58
17.71444907101162	1.58
3.604783030542845	1.58
1.3303494056765004	1.58
12.034608082036137	1.58
12.187153898968155	1.58
1.501301987602286	1.58
1.3303494056765004	1.58
11.035393600376782	1.58
14.891843720490057	1.58
1.501301987602286	1.58
1.3303494056765004	1.58
7.4756239808706475	1.58
11.20780001543572	1.58
1.501301987602286	1.58
1.3303494056765004	1.58
8.525070002228134	1.58
12.723558334635465	1.58
1.501301987602286	1.58
1.3303494056765004	1.58
11.96516517149898	1.58
8.015155623291216	1.58
1.501301987602286	1.58
1.3303494056765004	1.58
15.559282115413225	1.58
5.2995408218935625	1.58
0.23274936367847232	1.58
3.210551593256628	1.58
15.946797771668438	1.58
5.2995408218935625	1.58
2.503526718858668	1.58
2.6091790517205946	1.58
15.946797771668438	1.58
6.617484981707106	1.58
1.0055731096493803	1.58
3.172958062192751	1.58
15.946797771668438	1.58
4.52351475498989	1.58
1.0055731096493803	1.58
3.172958062192751	1.58
15.946797771668438	1.58
4.8748387805031115	1.58
1.0055731096493803	1.58
4.771266620042335	1.58
15.946797771668438	1.58
4.8748387805031115	1.58
0.0845723697867431	1.58
4.771266620042335	1.58
9.917001630576063	1.58
4.28652802195533	1.58
0.0845723697867431	1.58
5.601850994287205	1.58
9.860242813979948	1.58
3.8571943002945437	1.58
0.0845723697867431	1.58
6.402099078255175	1.58
8.971415549767952	1.58
3.4488332489155713	1.58
0.0845723697867431	1.58
5.7317270563132805	1.58
9.17421784380037	1.58
3.4488332489155713	1.58
0.0845723697867431	1.58
4.9699401232781195	1.58
7.718209823447504	1.58
3.7447741098993053	1.58
0.0845723697867431	1.58
5.764507753973941	1.58
7.389987541003091	1.58
3.332645272494301	1.58
0.0845723697867431	1.58
7.252143836212776	1.58
7.402152117533141	1.58
3.5578514486157746	1.58
0.301161245866159	1.58
7.220317123653592	1.58
10.55538898948609	1.58
3.4266550461791883	1.58
0.301161245866159	1.58
5.913742478993359	1.58
9.331580276962985	1.58
5.632242840950909	1.58
0.301161245866159	1.58
5.913742478993359	1.58
8.396504521696583	1.58
9.220093584694734	1.58
0.301161245866159	1.58
6.092694551763323	1.58
6.523577520741905	1.58
11.789281600572025	1.58
0.301161245866159	1.58
5.753173544914329	1.58
6.246465633737366	1.58
12.786328075680121	1.58
2.2201853450084226	1.58
5.517614317072236	1.58
7.5753251356108935	1.58
10.644697645476498	1.58
2.2201853450084226	1.58
5.028650735674928	1.58
9.217731303485078	1.58
10.644070428814787	1.58
2.2201853450084226	1.58
1.9363408655068826	1.58
14.986022596299446	1.58
10.602478020971422	1.58
1.6897520932080035	1.58
1.9363408655068826	1.58
14.986022596299446	1.58
15.30267034425048	1.58
1.6897520932080035	1.58
4.922798075521754	1.58
14.986022596299446	1.58
15.30267034425048	1.58
1.6897520932080035	1.58
3.347077072814331	1.58
17.820636741145602	1.58
15.746205109676328	1.58
1.6897520932080035	1.58
3.347077072814331	1.58
17.820636741145602	1.58
9.291627564341432	1.58
2.5245590298327674	1.58
3.347077072814331	1.58
17.04117833949998	1.58
8.662304271996906	1.58
2.0011483278952804	1.58
2.2828692768287393	1.58
10.157225405672536	1.58
13.184305350166555	1.58
2.0011483278952804	1.58
4.400166383092035	1.58
15.197413184926027	1.58
13.184305350166555	1.58
2.0011483278952804	1.58
4.400166383092035	1.58
11.57728723206338	1.58
16.364335402927612	1.58
6.520560731106066	1.58
0.9600666209788891	1.58
12.207258505728255	1.58
13.201738793513245	1.58
9.047072341865876	1.58
0.9600666209788891	1.58
15.00765570338286	1.58
11.979344494389014	1.58
7.227197528586591	1.58
0.19821902843302652	1.58
13.48008406140716	1.58
11.979344494389014	1.58
6.838571956820634	1.58
0.19821902843302652	1.58
13.48008406140716	1.58
11.979344494389014	1.58
2.102058388865485	1.58
0.19821902843302652	1.58
8.154869186066229	1.58
8.42522695253236	1.58
0.9724514944197304	1.58
0.19821902843302652	1.58
7.4654966970847525	1.58
8.29460038763306	1.58
0.9724514944197304	1.58
0.19821902843302652	1.58
8.238184208795536	1.58
4.488707220019106	1.58
1.2740207776645338	1.58
0.19821902843302652	1.58
5.63420630818273	1.58
4.2545494758274955	1.58
1.2740207776645338	1.58
0.19821902843302652	1.58
4.896188121512095	1.58
5.67721506212772	1.58
1.2740207776645338	1.58
0.19821902843302652	1.58
4.668621582384565	1.58
9.361807622887747	1.58
0.37076254719775026	1.58
0.19821902843302652	1.58
7.286038741554907	1.58
13.04880911654574	1.58
2.714019034974365	1.58
1.9553834677215152	1.58
6.046550512715735	1.58
11.403548280348652	1.58
4.187634814366405	1.58
1.0090237371534894	1.58
6.334594732472746	1.58
8.647621474891729	1.58
3.823050535038448	1.58
0.8052736923775585	1.58
5.221799440737802	1.58
5.398120115338207	1.58
3.493771639396283	1.58
0.4507798901001703	1.58
5.186593525010945	1.58
4.247797090330641	1.58
2.2343419511762797	1.58
0.4507798901001703	1.58
8.655912799145671	1.58
2.676966255826367	1.58
2.822435098652112	1.58
0.4507798901001703	1.58
11.150258449186758	1.58
2.6019429848401447	1.58
2.8701263463857707	1.58
0.27691563149245946	1.58
13.497062681199063	1.58
1.9419854643315297	1.58
2.8701263463857707	1.58
2.347469458366229	1.58
14.078059627423166	1.58
1.4358313419107156	1.58
2.8701263463857707	1.58
2.4875995199601206	1.58
13.158460895521712	1.58
1.6802998328339611	1.58
3.773120257554607	1.58
2.4875995199601206	1.58
13.158460895521712	1.58
0.9121031074599324	1.58
5.881544518307393	1.58
2.799832615969359	1.58
12.754468106902747	1.58
0.9121031074599324	1.58
5.881544518307393	1.58
2.570736451337722	1.58
10.577221483748168	1.58
0.9121031074599324	1.58
5.230660829616736	1.58
0.12640214057127963	1.58
12.708814713356412	1.58
0.9121031074599324	1.58
5.230660829616736	1.58
0.25234475224942543	1.58
12.708814713356412	1.58
0.6102880272224436	1.58
4.69740512458654	1.58
0.18662837631439916	1.58
15.63210920540417	1.58
0.6102880272224436	1.58
7.317909758098553	1.58
0.30132863348405237	1.58
15.63210920540417	1.58
0.6002959018928402	1.58
5.02768071814662	1.58
0.2590423243272973	1.58
15.63210920540417	1.58
0.6002959018928402	1.58
5.02768071814662	1.58
0.2590423243272973	1.58
11.637388325022851	1.58
0.6002959018928402	1.58
5.1940840868946525	1.58
5.705064499336309	1.58
9.299569234093726	1.58
0.6002959018928402	1.58
8.964576476412	1.58
7.961354380348527	1.58
9.305705560299849	1.58
0.6002959018928402	1.58
16.377825354230552	1.58
14.757991401767558	1.58
9.305705560299849	1.58
0.36476302250345327	1.58
17.45016837014866	1.58
11.582878838067641	1.58
9.64961327719814	1.58
0.36476302250345327	1.58
17.45016837014866	1.58
13.007390272901766	1.58
3.484116684876666	1.58
0.3466600327779119	1.58
13.091245694894898	1.58
13.007390272901766	1.58
0.35173174379296235	1.58
0.3466600327779119	1.58
13.538613917945588	1.58
9.375907035042456	1.58
0.35173174379296235	1.58
1.2061472858334614	1.58
13.538613917945588	1.58
6.103372308470185	1.58
0.35173174379296235	1.58
0.6070791848885175	1.58
10.87656694124455	1.58
10.402182039622197	1.58
5.2437733742455555	1.58
0.6070791848885175	1.58
12.338708377052203	1.58
10.815658302552283	1.58
4.40124110780303	1.58
0.6070791848885175	1.58
7.727748314412797	1.58
5.986920188260412	1.58
3.0080426937019062	1.58
1.2964069103881544	1.58
9.564656186032758	1.58
5.986920188260412	1.58
3.0080426937019062	1.58
1.2964069103881544	1.58
9.0041060997486	1.58
8.359956690949572	1.58
3.6025535185802813	1.58
1.2964069103881544	1.58
16.036709684501982	1.58
8.359956690949572	1.58
5.307970210521666	1.58
0.7945285720410791	1.58
12.073121903172497	1.58
8.047540126593447	1.58
6.428636653048256	1.58
4.420080030802721	1.58
12.240699132359467	1.58
8.364756576490642	1.58
6.089281519578252	1.58
4.420080030802721	1.58
12.082474719729186	1.58
10.841983262869245	1.58
3.875551279064015	1.58
5.945468414215914	1.58
11.046192075298222	1.58
10.841983262869245	1.58
1.2911186238064154	1.58
3.0074296017438282	1.58
12.345659200324084	1.58
12.650561651996352	1.58
1.2911186238064154	1.58
3.0074296017438282	1.58
14.13448711403798	1.58
10.667725080338691	1.58
1.4430544451390208	1.58
3.0074296017438282	1.58
8.683843041659614	1.58
13.934165538564997	1.58
1.4430544451390208	1.58
3.0074296017438282	1.58
10.50644204973156	1.58
9.315415074044196	1.58
1.4430544451390208	1.58
4.87138372196181	1.58
6.5435404106145745	1.58
10.201965825943976	1.58
1.4430544451390208	1.58
5.3133461546443455	1.58
6.3351799188841325	1.58
15.05717790743661	1.58
1.2327917081823703	1.58
5.786565634589719	1.58
6.265793031770993	1.58
16.51844572742572	1.58
1.2327917081823703	1.58
5.630255134878081	1.58
4.175363905265401	1.58
16.51844572742572	1.58
1.2327917081823703	1.58
6.929214731426189	1.58
3.0144900636602503	1.58
12.188378581069522	1.58
1.496522108394672	1.58
6.658936283325897	1.58
3.4271203918721445	1.58
12.188378581069522	1.58
1.496522108394672	1.58
8.211812506751006	1.58
3.4271203918721445	1.58
12.569815571276132	1.58
1.980268951558922	1.58
10.301549825975412	1.58
2.409609310255802	1.58
13.727678697446567	1.58
1.5871495512633096	1.58
10.280687403686017	1.58
2.409609310255802	1.58
7.707637289583184	1.58
1.3023574498571415	1.58
15.940552067668278	1.58
2.409609310255802	1.58
1.442059243351082	1.58
0.9033220357965956	1.58
15.940552067668278	1.58
2.1182178804041873	1.58
1.442059243351082	1.58
0.9604978255240963	1.58
15.940552067668278	1.58
2.9456821752467235	1.58
1.442059243351082	1.58
0.19359381746063953	1.58
11.123196080114678	1.58
5.650978729812391	1.58
1.7592307614627254	1.58
0.19359381746063953	1.58
15.704003492842968	1.58
5.964441100970368	1.58
1.7592307614627254	1.58
0.19359381746063953	1.58
12.343827719640847	1.58
6.089323502737847	1.58
1.7592307614627254	1.58
0.19359381746063953	1.58
15.444184881031095	1.58
9.837278092703754	1.58
1.5231382145197638	1.58
0.19359381746063953	1.58
15.444184881031095	1.58
9.306270923644401	1.58
1.337837524072215	1.58
0.19359381746063953	1.58
14.851226716153885	1.58
6.159352668426518	1.58
1.337837524072215	1.58
0.19359381746063953	1.58
10.95887243893152	1.58
5.917930045900506	1.58
2.180291451805809	1.58
0.23732023888886733	1.58
7.674955319369393	1.58
7.206727009952491	1.58
3.395575153488008	1.58
1.933955094477577	1.58
7.799254629173555	1.58
9.274250686438428	1.58
4.4820399507717195	1.58
1.933955094477577	1.58
9.44722569038961	1.58
9.225009657547039	1.58
0.555142868723296	1.58
1.9279967963559823	1.58
5.298036140054175	1.58
8.860707715044633	1.58
0.555142868723296	1.58
1.9279967963559823	1.58
4.930028071709962	1.58
10.553389506188793	1.58
0.555142868723296	1.58
1.8658223627120414	1.58
5.569741038644963	1.58
9.981315488450774	1.58
0.555142868723296	1.58
2.8518603962367157	1.58
4.489330388910192	1.58
9.970229644415607	1.58
0.17272337227468082	1.58
1.1347308373955123	1.58
4.489330388910192	1.58
11.723211722872453	1.58
2.2811159819372397	1.58
1.1347308373955123	1.58
4.489330388910192	1.58
11.723211722872453	1.58
2.0418605133896306	1.58
1.1347308373955123	1.58
5.704107118011656	1.58
14.087242119736796	1.58
2.2114585289078743	1.58
1.1347308373955123	1.58
5.2319549631452595	1.58
14.087242119736796	1.58
2.2528454231042843	1.58
1.1347308373955123	1.58
5.742731339059207	1.58
14.087242119736796	1.58
2.4851437855771623	1.58
1.0498907816204246	1.58
4.982747560551109	1.58
10.596874571166193	1.58
1.852889154756058	1.58
0.36455842495047497	1.58
4.8781305973742075	1.58
14.575320650855344	1.58
3.037655510049538	1.58
0.7281551853947708	1.58
4.251885063663752	1.58
7.691788910678337	1.58
3.037655510049538	1.58
0.9233163299897491	1.58
4.860020569479923	1.58
7.691788910678337	1.58
3.240789691268451	1.58
0.9233163299897491	1.58
2.999187070939497	1.58
7.115755097907945	1.58
2.4998453517808175	1.58
0.9233163299897491	1.58
2.7975683405015763	1.58
8.546510579057838	1.58
3.075726986741745	1.58
1.5103275778375167	1.58
2.932954108047425	1.58
7.35432125631782	1.58
3.356935157314192	1.58
1.5103275778375167	1.58
2.932954108047425	1.58
8.229195537817805	1.58
3.929518417827568	1.58
1.5103275778375167	1.58
2.932954108047425	1.58
8.229195537817805	1.58
4.468247131233607	1.58
1.5103275778375167	1.58
2.6376194930927515	1.58
10.28357993816677	1.58
4.045553739216883	1.58
1.5103275778375167	1.58
1.5838147783584433	1.58
17.429989082159004	1.58
5.761780723478855	1.58
0.8113747186201463	1.58
2.5498328286720335	1.58
17.429989082159004	1.58
8.685852428620034	1.58
8.182414001049667	1.58
1.804912647668404	1.58
17.429989082159004	1.58
14.231988991611708	1.58
11.164017615021933	1.58
1.804912647668404	1.58
17.429989082159004	1.58
13.02872506305733	1.58
11.164017615021933	1.58
4.032679315123858	1.58
17.429989082159004	1.58
13.02872506305733	1.58
10.476538318037473	1.58
4.258449129327069	1.58
11.839864464069967	1.58
13.668249178576247	1.58
10.3411524231385	1.58
1.236512929368626	1.58
11.25338574513764	1.58
15.313794814948622	1.58
9.843083096371634	1.58
1.236512929368626	1.58
14.31829989657655	1.58
15.313794814948622	1.58
10.232671947542443	1.58
1.236512929368626	1.58
14.31829989657655	1.58
15.313794814948622	1.58
7.693104514119778	1.58
1.236512929368626	1.58
16.191969634391505	1.58
11.694614829785849	1.58
9.32336111110512	1.58
1.403916094745302	1.58
17.172254751780414	1.58
11.694614829785849	1.58
10.88358692275366	1.58
1.403916094745302	1.58
11.63300716250449	1.58
12.426273713414863	1.58
10.331037463963078	1.58
1.403916094745302	1.58
11.126522321132477	1.58
12.426273713414863	1.58
10.331037463963078	1.58
1.403916094745302	1.58
10.97744604701655	1.58
8.191326100044257	1.58
9.560910717020356	1.58
1.403916094745302	1.58
10.40261271398828	1.58
12.29776879122386	1.58
9.312900502135141	1.58
1.403916094745302	1.58
13.171469354368371	1.58
12.29776879122386	1.58
9.312900502135141	1.58
1.403916094745302	1.58
14.108581844705762	1.58
11.034500869777453	1.58
9.312900502135141	1.58
4.737001470213723	1.58
17.477583824356145	1.58
14.369667426507903	1.58
5.229943210096939	1.58
0.40397789848101695	1.58
12.278196880093237	1.58
16.267524590368176	1.58
5.229943210096939	1.58
0.40397789848101695	1.58
12.278196880093237	1.58
16.267524590368176	1.58
3.0876457459020905	1.58
0.40397789848101695	1.58
12.278196880093237	1.58
16.267524590368176	1.58
2.4826044108401977	1.58
0.40397789848101695	1.58
12.278196880093237	1.58
16.267524590368176	1.58
2.4826044108401977	1.58
0.40397789848101695	1.58
15.369735741257573	1.58
16.267524590368176	1.58
2.4826044108401977	1.58
0.40397789848101695	1.58
15.369735741257573	1.58
16.267524590368176	1.58
2.4826044108401977	1.58
0.40397789848101695	1.58
15.369735741257573	1.58
8.419933543280669	1.58
4.154924167927124	1.58
0.40397789848101695	1.58
15.369735741257573	1.58
13.649430435574484	1.58
4.154924167927124	1.58
0.40397789848101695	1.58
13.936588615892457	1.58
11.518783147401836	1.58
4.154924167927124	1.58
0.40397789848101695	1.58
7.491394939186015	1.58
14.681789279266804	1.58
2.483127607868571	1.58
0.40397789848101695	1.58
4.392539537376894	1.58
14.681789279266804	1.58
2.483127607868571	1.58
0.40397789848101695	1.58
4.207259704777626	1.58
14.681789279266804	1.58
2.483127607868571	1.58
0.40397789848101695	1.58
4.1845035578591485	1.58
14.681789279266804	1.58
2.483127607868571	1.58
0.40397789848101695	1.58
5.849808451693512	1.58
14.681789279266804	1.58
3.007861376729813	1.58
2.1264465338939678	1.58
4.903248294743135	1.58
15.951791307954995	1.58
1.2340318115231854	1.58
2.396627979093884	1.58
5.9363482279477084	1.58
10.6634638991323	1.58
1.2340318115231854	1.58
2.9816738571029053	1.58
7.090224455477607	1.58
6.897791289483024	1.58
1.2340318115231854	1.58
3.956330977316098	1.58
12.013573092622558	1.58
7.654517854199202	1.58
0.693372900857824	1.58
4.7968184186944445	1.58
11.758962062600217	1.58
10.903982752753725	1.58
0.693372900857824	1.58
4.7968184186944445	1.58
13.486074309738823	1.58
10.040073447524357	1.58
0.693372900857824	1.58
5.839015620163883	1.58
13.486074309738823	1.58
13.649438293960616	1.58
3.0777745134032006	1.58
1.4680227778001562	1.58
9.534097539063842	1.58
15.411020559140606	1.58
3.0777745134032006	1.58
0.5872855387992519	1.58
9.534097539063842	1.58
15.411020559140606	1.58
3.0777745134032006	1.58
0.5872855387992519	1.58
10.055108199775262	1.58
15.411020559140606	1.58
0.15870513428466104	1.58
1.6761898575773504	1.58
7.510791357562258	1.58
11.133095427174156	1.58
0.15870513428466104	1.58
1.6761898575773504	1.58
8.680390648210912	1.58
17.308748292966968	1.58
0.15870513428466104	1.58
1.6761898575773504	1.58
14.64345117279236	1.58
17.308748292966968	1.58
0.15870513428466104	1.58
1.6761898575773504	1.58
11.047247090160756	1.58
14.107328339992835	1.58
1.349379021871588	1.58
2.1148566941709497	1.58
11.047247090160756	1.58
11.347292179210923	1.58
1.349379021871588	1.58
2.1148566941709497	1.58
16.886809147437774	1.58
11.347292179210923	1.58
1.209270375286387	1.58
2.1148566941709497	1.58
16.435153634329698	1.58
8.137605482496877	1.58
1.209270375286387	1.58
2.1148566941709497	1.58
10.673576142079709	1.58
10.324686067806498	1.58
1.209270375286387	1.58
2.1148566941709497	1.58
10.673576142079709	1.58
14.234479381727708	1.58
1.209270375286387	1.58
2.1666798059062504	1.58
12.669595340949604	1.58
14.234479381727708	1.58
3.4972653747740043	1.58
2.1666798059062504	1.58
15.18546898444984	1.58
9.857240996833795	1.58
4.06075952127642	1.58
2.1666798059062504	1.58
15.18546898444984	1.58
11.759546474076997	1.58
3.8233623329234074	1.58
1.5947320463984447	1.58
11.132881134051527	1.58
15.13631652568905	1.58
1.865158421157398	1.58
1.5947320463984447	1.58
6.815083038350678	1.58
15.13631652568905	1.58
3.781198142365505	1.58
1.5947320463984447	1.58
8.01165483103803	1.58
14.158938960528527	1.58
5.187640908428234	1.58
1.5947320463984447	1.58
4.825569688568863	1.58
14.158938960528527	1.58
5.187640908428234	1.58
1.5947320463984447	1.58
4.825569688568863	1.58
13.2472477028257	1.58
5.0302651315332065	1.58
1.5947320463984447	1.58
4.675076737352242	1.58
13.2472477028257	1.58
5.256485466697358	1.58
3.3483347119765767	1.58
4.393083137613999	1.58
16.47968311926432	1.58
5.002766835606969	1.58
3.3483347119765767	1.58
3.909466505279295	1.58
12.556481722375903	1.58
4.719995369898232	1.58
2.9761572373101224	1.58
3.1176473251173977	1.58
17.44571335297455	1.58
0.5620969903515025	1.58
2.9418850790286935	1.58
4.2790570568691	1.58
17.44571335297455	1.58
0.5620969903515025	1.58
2.9418850790286935	1.58
4.473297517140752	1.58
17.32138276958743	1.58
0.5620969903515025	1.58
2.41308899253462	1.58
5.226783182966296	1.58
10.23386399497989	1.58
0.5620969903515025	1.58
2.41308899253462	1.58
3.9852753772290237	1.58
10.16184557535293	1.58
0.5620969903515025	1.58
1.9653050347233685	1.58
3.9852753772290237	1.58
10.028498570798082	1.58
0.5620969903515025	1.58
1.9653050347233685	1.58
5.791466952136596	1.58
6.592392985395346	1.58
1.391101557430365	1.58
3.336634478552869	1.58
8.901014662714875	1.58
6.771890882933911	1.58
2.25871781742957	1.58
3.5103936697828564	1.58
13.555203998524627	1.58
8.234036224143495	1.58
2.25871781742957	1.58
3.5103936697828564	1.58
13.555203998524627	1.58
8.234036224143495	1.58
2.25871781742957	1.58
3.9723793632847144	1.58
12.171660834760827	1.58
8.234036224143495	1.58
2.25871781742957	1.58
4.060364964283344	1.58
13.59455626856968	1.58
10.645198073576648	1.58
2.25871781742957	1.58
1.4267682477390338	1.58
13.59455626856968	1.58
8.804250851517317	1.58
2.25871781742957	1.58
3.3431199555652267	1.58
9.84101925473417	1.58
14.173377464878152	1.58
1.7904818310633868	1.58
3.4653399492018915	1.58
13.357928739270278	1.58
13.716907157230622	1.58
1.7904818310633868	1.58
2.7769938678168593	1.58
9.582598999336426	1.58
9.05407660227967	1.58
2.553053276162868	1.58
2.7769938678168593	1.58
9.253222203710722	1.58
13.125590801757241	1.58
2.553053276162868	1.58
1.8407646870471694	1.58
12.202140126948766	1.58
10.587403352896148	1.58
2.553053276162868	1.58
1.8407646870471694	1.58
15.3162712747135	1.58
8.706198070429238	1.58
2.553053276162868	1.58
6.196165830117579	1.58
15.3162712747135	1.58
7.014456956888801	1.58
0.5667197618925206	1.58
8.468018606407117	1.58
15.713175895009742	1.58
8.44228848707175	1.58
0.5667197618925206	1.58
7.1744485436647345	1.58
14.32547924666893	1.58
9.711499580312285	1.58
0.5667197618925206	1.58
6.388955637893046	1.58
12.417239200742854	1.58
9.008168673668061	1.58
0.5667197618925206	1.58
7.142300735045303	1.58
8.808359853298796	1.58
12.830112525309595	1.58
0.5667197618925206	1.58
8.233256523986098	1.58
5.293691717382549	1.58
13.908736555466167	1.58
0.5667197618925206	1.58
8.233256523986098	1.58
3.775657877495026	1.58
13.748726549906873	1.58
0.9015701123671032	1.58
11.909871790454911	1.58
4.9623455077910865	1.58
16.21281319039912	1.58
1.4022034090474205	1.58
12.585367699229362	1.58
6.547625917438207	1.58
16.21281319039912	1.58
1.4022034090474205	1.58
10.547178648946879	1.58
5.139252440441146	1.58
16.21281319039912	1.58
1.4022034090474205	1.58
10.959951875968898	1.58
6.21121207257166	1.58
16.469671794677094	1.58
1.4022034090474205	1.58
15.135271120621795	1.58
0.13850634871840128	1.58
17.08653082092978	1.58
1.4022034090474205	1.58
15.135271120621795	1.58
0.13850634871840128	1.58
17.08653082092978	1.58
1.4022034090474205	1.58
13.209375465720841	1.58
0.13850634871840128	1.58
17.08653082092978	1.58
1.4022034090474205	1.58
13.344988208379357	1.58
0.13850634871840128	1.58
17.08653082092978	1.58
1.4022034090474205	1.58
11.127806464713213	1.58
0.13850634871840128	1.58
15.758354604129046	1.58
0.8466089212463875	1.58
11.127806464713213	1.58
0.13850634871840128	1.58
15.846381087198008	1.58
0.8466089212463875	1.58
12.603066725746235	1.58
0.13850634871840128	1.58
15.846381087198008	1.58
0.8466089212463875	1.58
10.754678199035993	1.58
0.13850634871840128	1.58
14.390247619421766	1.58
0.9638365425452509	1.58
6.300310846826719	1.58
0.1261150598997578	1.58
14.390247619421766	1.58
1.1257327765420735	1.58
3.8316739308664713	1.58
0.1261150598997578	1.58
13.997431289684776	1.58
1.1257327765420735	1.58
3.8316739308664713	1.58
0.4976725057303265	1.58
10.087634410309136	1.58
3.556721864247435	1.58
5.462792436151311	1.58
1.1893120547697462	1.58
12.014875742979664	1.58
3.4334320922172257	1.58
0.4112836221267173	1.58
1.944947531997343	1.58
12.014875742979664	1.58
1.7018189776683261	1.58
0.4112836221267173	1.58
1.944947531997343	1.58
7.455069741535958	1.58
3.968253986593344	1.58
0.25758815435687943	1.58
1.944947531997343	1.58
4.206236914009823	1.58
3.968253986593344	1.58
0.6470198242298744	1.58
2.865030759478634	1.58
3.5201289409798444	1.58
4.085920938711317	1.58
0.4519764745992507	1.58
3.283431092324882	1.58
3.1200636247673597	1.58
4.057064510445128	1.58
0.9645747600455699	1.58
2.8836635903114454	1.58
2.637777726084896	1.58
3.937715287271752	1.58
1.6554079188188682	1.58
2.016854957624437	1.58
2.7282010258225555	1.58
4.271904958221512	1.58
1.3889267256605142	1.58
0.7173770457027726	1.58
3.6769262414525334	1.58
6.16107243741838	1.58
1.2555169218230937	1.58
0.5435591287069119	1.58
4.757568847203155	1.58
6.5981892742367725	1.58
2.6948302546209746	1.58
1.8435508836713632	1.58
4.617568588833589	1.58
4.299534304286222	1.58
2.6948302546209746	1.58
1.126542352249607	1.58
5.600401561914654	1.58
3.0006666117859586	1.58
2.892062939416289	1.58
1.0469564706927934	1.58
7.7049432645385085	1.58
3.583869508638828	1.58
2.061707709258763	1.58
1.335558429252377	1.58
11.600510432708067	1.58
3.583869508638828	1.58
2.133830038326674	1.58
2.0307242631943008	1.58
11.600510432708067	1.58
4.309622791517121	1.58
2.135154945892968	1.58
0.7402678569960965	1.58
14.584510334340306	1.58
6.10578755634635	1.58
2.0960622442009553	1.58
0.2055652438431932	1.58
14.584510334340306	1.58
6.1614049281720895	1.58
2.0960622442009553	1.58
0.2055652438431932	1.58
16.508441149150695	1.58
6.1614049281720895	1.58
2.0960622442009553	1.58
0.5514923038888522	1.58
15.479164036268958	1.58
6.848492671493493	1.58
3.268728169517093	1.58
0.5514923038888522	1.58
15.479164036268958	1.58
7.526539919557452	1.58
3.268728169517093	1.58
0.5514923038888522	1.58
16.935775123347764	1.58
6.0270186743881515	1.58
2.964783201870876	1.58
1.3154698574228538	1.58
16.935775123347764	1.58
8.036720912569942	1.58
2.964783201870876	1.58
1.3154698574228538	1.58
17.25382036146697	1.58
8.036720912569942	1.58
0.4101418314233456	1.58
1.4047070013275114	1.58
12.988947064741978	1.58
5.905329717856313	1.58
0.4101418314233456	1.58
1.4243367894100478	1.58
15.935709130401401	1.58
8.252006709639561	1.58
0.4101418314233456	1.58
1.4243367894100478	1.58
13.03805503599166	1.58
6.5795294132825255	1.58
0.4101418314233456	1.58
1.3502069320336365	1.58
16.266360281235382	1.58
6.5795294132825255	1.58
0.4101418314233456	1.58
1.4188828977323766	1.58
16.266360281235382	1.58
6.5795294132825255	1.58
0.4101418314233456	1.58
1.4188828977323766	1.58
16.266360281235382	1.58
11.162388927695652	1.58
0.4101418314233456	1.58
2.1746189324524234	1.58
14.209422396604655	1.58
12.41951570660198	1.58
0.4101418314233456	1.58
1.415831431808408	1.58
14.209422396604655	1.58
9.112619434405644	1.58
0.4101418314233456	1.58
1.7158352434496857	1.58
12.05974509781204	1.58
8.771116026582403	1.58
1.0202280829833446	1.58
1.7158352434496857	1.58
13.157031865136958	1.58
10.087783183867677	1.58
1.0202280829833446	1.58
1.7158352434496857	1.58
12.719932747566354	1.58
10.087783183867677	1.58
0.8123556145319887	1.58
2.411691053189979	1.58
12.80170962446501	1.58
9.263361843247653	1.58
0.8123556145319887	1.58
1.6540410570534023	1.58
11.808025815603223	1.58
8.63832103755042	1.58
0.7621328533982787	1.58
1.5810275136378613	1.58
7.776850517226983	1.58
8.519068989650892	1.58
0.7451969999790311	1.58
1.911627192346753	1.58
7.6568514355935084	1.58
8.661608946489416	1.58
0.9227680064678423	1.58
2.4679652324621397	1.58
8.095567935811754	1.58
8.594494564845395	1.58
2.2282039543605805	1.58
2.401638507279734	1.58
8.247322568411448	1.58
8.699693253005593	1.58
1.2252458168092124	1.58
5.370293605825042	1.58
8.67586180593664	1.58
8.699456031715851	1.58
1.2252458168092124	1.58
5.731602107916583	1.58
13.800098904176316	1.58
3.9520503305962897	1.58
1.2252458168092124	1.58
7.106797705929333	1.58
11.291083177779157	1.58
2.9458726798796313	1.58
1.2252458168092124	1.58
12.32383018477913	1.58
15.909155052510467	1.58
2.9458726798796313	1.58
1.2252458168092124	1.58
12.32383018477913	1.58
15.909155052510467	1.58
2.757191361622283	1.58
1.2252458168092124	1.58
12.32383018477913	1.58
11.163436073152457	1.58
3.6595354545288377	1.58
1.2252458168092124	1.58
8.872995639471846	1.58
10.191153883091594	1.58
5.8348079453599615	1.58
4.227875816487092	1.58
10.865274273496658	1.58
10.056288419191304	1.58
2.6684206411149223	1.58
4.227875816487092	1.58
14.635522319631885	1.58
8.39770549386149	1.58
2.6684206411149223	1.58
2.5744566331984515	1.58
14.635522319631885	1.58
8.39770549386149	1.58
2.6684206411149223	1.58
5.118082275786367	1.58
14.635522319631885	1.58
8.39770549386149	1.58
2.6684206411149223	1.58
4.3974079287731485	1.58
16.39741025096135	1.58
8.088315911170277	1.58
5.3260827652942115	1.58
4.3974079287731485	1.58
14.08006406269603	1.58
10.497176852960592	1.58
2.6508803500071263	1.58
4.3974079287731485	1.58
17.828160605104305	1.58
16.10575824608211	1.58
4.97415673282709	1.58
1.997618131141218	1.58
17.8246426198451	1.58
16.10575824608211	1.58
4.97415673282709	1.58
1.997618131141218	1.58
16.921416697872285	1.58
16.10575824608211	1.58
4.97415673282709	1.58
1.997618131141218	1.58
15.294618051915085	1.58
16.544980966061516	1.58
4.97415673282709	1.58
1.997618131141218	1.58
15.294618051915085	1.58
13.955328725298651	1.58
0.8609376738522592	1.58
1.997618131141218	1.58
17.59854626906673	1.58
13.955328725298651	1.58
0.8609376738522592	1.58
1.997618131141218	1.58
13.139128029088814	1.58
13.955328725298651	1.58
0.8609376738522592	1.58
1.997618131141218	1.58
13.139128029088814	1.58
9.605154027302943	1.58
0.8609376738522592	1.58
1.997618131141218	1.58
13.200571599718064	1.58
17.099359486828483	1.58
0.8609376738522592	1.58
1.997618131141218	1.58
13.200571599718064	1.58
14.718496153919995	1.58
0.8609376738522592	1.58
1.997618131141218	1.58
13.200571599718064	1.58
14.718496153919995	1.58
0.8609376738522592	1.58
4.964311628160052	1.58
13.200571599718064	1.58
13.218586663671502	1.58
4.720062420168885	1.58
0.4930584506012128	1.58
10.60106830391259	1.58
12.126142748551736	1.58
4.720062420168885	1.58
2.547691710483038	1.58
11.560652025734054	1.58
10.65408981309109	1.58
4.720062420168885	1.58
4.5782310682977165	1.58
16.266974201267494	1.58
8.344078139623601	1.58
3.69084640316761	1.58
4.5782310682977165	1.58
16.266974201267494	1.58
6.925289643024099	1.58
4.808222094392297	1.58
4.73281155372857	1.58
10.70053047016398	1.58
6.948442243513506	1.58
3.3605636081937433	1.58
4.73281155372857	1.58
13.922452400418761	1.58
8.843485221193777	1.58
3.3605636081937433	1.58
1.4105218735807146	1.58
13.922452400418761	1.58
15.99726127749604	1.58
4.684802232520756	1.58
4.078789810987329	1.58
13.922452400418761	1.58
10.455923624367102	1.58
4.684802232520756	1.58
1.4580433497695502	1.58
9.247165977720421	1.58
12.632042701012542	1.58
3.3837605896612555	1.58
1.4580433497695502	1.58
10.2848796816825	1.58
12.632042701012542	1.58
3.3837605896612555	1.58
1.4580433497695502	1.58
12.885450446027088	1.58
17.179418352991984	1.58
3.3837605896612555	1.58
6.379534497622716	1.58
9.391553743358275	1.58
15.700911748686671	1.58
4.702239021391865	1.58
7.127739702668947	1.58
11.6001199451253	1.58
11.534912324829417	1.58
4.026199584779648	1.58
8.169595474768423	1.58
11.6001199451253	1.58
11.534912324829417	1.58
4.026199584779648	1.58
7.131550030836917	1.58
10.172762574727853	1.58
14.01285538383852	1.58
4.558329350735043	1.58
7.131550030836917	1.58
10.172762574727853	1.58
16.313777703039758	1.58
3.850993579422071	1.58
7.564089688126595	1.58
12.405283720826745	1.58
16.313777703039758	1.58
0.9101803553990528	1.58
2.123243031711592	1.58
12.405283720826745	1.58
11.770423824355769	1.58
0.9101803553990528	1.58
2.123243031711592	1.58
12.405283720826745	1.58
11.770423824355769	1.58
0.9101803553990528	1.58
2.123243031711592	1.58
10.73338581965151	1.58
11.770423824355769	1.58
4.115460087434356	1.58
2.123243031711592	1.58
10.73338581965151	1.58
7.081456562890905	1.58
3.2441910744009386	1.58
2.123243031711592	1.58
10.73338581965151	1.58
7.93132690873167	1.58
6.5862151079813	1.58
2.123243031711592	1.58
13.576537777098983	1.58
9.645428803622783	1.58
6.765053746305755	1.58
0.8724818363950568	1.58
13.541352849064616	1.58
10.702940252116669	1.58
6.765053746305755	1.58
0.8724818363950568	1.58
9.567395853502118	1.58
10.408530106986488	1.58
5.319433223903371	1.58
0.8724818363950568	1.58
7.998038768733812	1.58
13.040659378471432	1.58
3.7217872170138726	1.58
4.763181070405652	1.58
7.518241870989149	1.58
14.18620517975033	1.58
2.1803418441227738	1.58
4.1668066383194375	1.58
8.312431798884147	1.58
11.865748341773081	1.58
2.1803418441227738	1.58
0.1385029782877929	1.58
5.270507619205096	1.58
11.865748341773081	1.58
2.0371678077454947	1.58
0.1385029782877929	1.58
5.097488479933341	1.58
11.481075962946228	1.58
2.0371678077454947	1.58
0.1385029782877929	1.58
6.610462927759667	1.58
16.48133737071204	1.58
2.0371678077454947	1.58
0.1385029782877929	1.58
5.457977794707796	1.58
16.48133737071204	1.58
1.2489140293618552	1.58
0.1385029782877929	1.58
4.906585076976955	1.58
10.272195200822733	1.58
1.2489140293618552	1.58
0.1385029782877929	1.58
3.1323350363531604	1.58
10.526303176690291	1.58
1.2489140293618552	1.58
0.6087577013990293	1.58
3.8501019986147784	1.58
9.307241805820226	1.58
1.140722260032664	1.58
0.11398631730042741	1.58
6.137216906144255	1.58
5.059879426801327	1.58
1.0012225620576292	1.58
1.1909640006773206	1.58
3.703452738563136	1.58
8.084394545647344	1.58
1.0012225620576292	1.58
1.1909640006773206	1.58
6.118445824565171	1.58
9.317005045200954	1.58
1.0012225620576292	1.58
1.1909640006773206	1.58
9.57868616706881	1.58
11.042577080635855	1.58
1.0012225620576292	1.58
0.3800696534565624	1.58
12.079568684352823	1.58
9.0076008807273	1.58
1.0012225620576292	1.58
0.3800696534565624	1.58
10.519599921771883	1.58
6.926135497113152	1.58
1.0012225620576292	1.58
0.3800696534565624	1.58
6.444545193802019	1.58
7.9873809545068735	1.58
2.881539161660924	1.58
2.2545746950976646	1.58
9.306338312509098	1.58
7.135723499171697	1.58
2.881539161660924	1.58
1.7928589670421928	1.58
12.910305191228357	1.58
10.409741411560228	1.58
2.881539161660924	1.58
1.7928589670421928	1.58
7.564467339844571	1.58
9.202898586260407	1.58
2.881539161660924	1.58
0.39345662638224255	1.58
5.124222834723638	1.58
8.479105588654054	1.58
2.339899136949415	1.58
0.39345662638224255	1.58
4.319080887869983	1.58
9.982457908063978	1.58
2.427400583328346	1.58
1.687946953791458	1.58
3.1390373793208424	1.58
12.074040073681568	1.58
0.7254983494048499	1.58
0.9715788465556292	1.58
3.5815731057218665	1.58
10.03567587499373	1.58
3.2345337222592443	1.58
0.9715788465556292	1.58
3.5057063360707366	1.58
9.105832414454225	1.58
3.7084914350968683	1.58
1.5923345486888554	1.58
4.155348498456152	1.58
12.200113678383744	1.58
2.898519326131643	1.58
1.9987027490287215	1.58
4.206447421844006	1.58
12.200113678383744	1.58
1.7198080762309953	1.58
1.570709495050453	1.58
5.766361617299139	1.58
7.337558920447495	1.58
1.8728963275192605	1.58
1.4471710767950112	1.58
5.766361617299139	1.58
10.007049216389518	1.58
3.0716145543301723	1.58
1.4471710767950112	1.58
5.971281267483196	1.58
9.108165914769021	1.58
3.539763601309697	1.58
0.17927984427180554	1.58
7.523271057597062	1.58
9.67871134980157	1.58
3.883085265796688	1.58
2.8081320503658933	1.58
7.890474206325126	1.58
9.2201120446721	1.58
3.5339220890104057	1.58
2.733261180132981	1.58
7.53310564190283	1.58
14.221204848090075	1.58
2.684484831921866	1.58
1.5076616625061243	1.58
5.94498620130532	1.58
14.221204848090075	1.58
2.684484831921866	1.58
1.5076616625061243	1.58
7.898067248466125	1.58
14.419794384946279	1.58
2.684484831921866	1.58
1.5076616625061243	1.58
7.741997763015163	1.58
8.5790317377617	1.58
2.684484831921866	1.58
1.3731600126815602	1.58
8.821201455674972	1.58
13.16628233086881	1.58
2.684484831921866	1.58
0.9657741881297142	1.58
6.619767683511867	1.58
9.414776720051687	1.58
0.42955667613886295	1.58
4.142951865299525	1.58
7.538478678649593	1.58
9.414776720051687	1.58
0.42955667613886295	1.58
5.450516607320873	1.58
5.1022470578395	1.58
16.19424740655976	1.58
1.278611955750074	1.58
10.547818803994122	1.58
5.1022470578395	1.58
16.19424740655976	1.58
1.278611955750074	1.58
10.17375997230241	1.58
5.1022470578395	1.58
15.288561540048336	1.58
1.278611955750074	1.58
10.17375997230241	1.58
5.1022470578395	1.58
15.288561540048336	1.58
1.278611955750074	1.58
7.307605907161623	1.58
2.9674899044154577	1.58
15.288561540048336	1.58
1.278611955750074	1.58
9.80988885138715	1.58
2.926661241998188	1.58
13.488517768121383	1.58
1.8353536177649012	1.58
12.945728532752893	1.58
2.926661241998188	1.58
13.288999751045843	1.58
1.1612078676535356	1.58
13.082526084200866	1.58
2.926661241998188	1.58
13.288999751045843	1.58
0.4626147491761867	1.58
13.137846085715546	1.58
2.926661241998188	1.58
13.376351564867363	1.58
0.25574898507165855	1.58
13.13015949418145	1.58
3.0266377333481067	1.58
13.356698195087104	1.58
0.25574898507165855	1.58
12.961737018626296	1.58
3.0266377333481067	1.58
7.559960816074428	1.58
0.25574898507165855	1.58
16.84372230638456	1.58
2.7493180904412635	1.58
5.545912400131071	1.58
0.25574898507165855	1.58
12.29856533643462	1.58
3.2953833723278283	1.58
4.025694735396738	1.58
0.25574898507165855	1.58
9.556658065789037	1.58
3.9523883907439017	1.58
3.351415439927305	1.58
0.25574898507165855	1.58
8.106046249414682	1.58
1.5222197618283024	1.58
3.351415439927305	1.58
0.3360691756915706	1.58
6.852417975713784	1.58
2.4245520178552846	1.58
2.4282088627125997	1.58
0.3360691756915706	1.58
5.497218577682611	1.58
2.759420243664488	1.58
1.28887343449572	1.58
0.8991624680091448	1.58
5.497218577682611	1.58
3.5228900514203043	1.58
1.5851833818497645	1.58
0.7734731322158608	1.58
4.830562930734457	1.58
2.902695495539831	1.58
2.6759042485146023	1.58
0.6057482550551363	1.58
6.200859398119652	1.58
4.597455579902711	1.58
3.1041310894813905	1.58
0.6057482550551363	1.58
7.586279091140957	1.58
7.774352400429078	1.58
2.339403034325769	1.58
0.6057482550551363	1.58
5.223934967433676	1.58
13.47386512171697	1.58
2.0989402315439674	1.58
1.062469784893187	1.58
4.6912828536636795	1.58
15.170631137508222	1.58
1.9310432411570644	1.58
1.062469784893187	1.58
7.129885619464611	1.58
15.170631137508222	1.58
1.9310432411570644	1.58
1.1560773478025481	1.58
7.129885619464611	1.58
15.170631137508222	1.58
1.9310432411570644	1.58
1.0526718021668537	1.58
7.129885619464611	1.58
12.747423456129408	1.58
1.0634761874655654	1.58
1.0463038241923932	1.58
8.989132709884256	1.58
15.992877461392585	1.58
1.0634761874655654	1.58
1.0463038241923932	1.58
8.989132709884256	1.58
10.448419646815339	1.58
2.626644551886189	1.58
1.0463038241923932	1.58
8.03776028619182	1.58
13.64878496069947	1.58
2.626644551886189	1.58
1.0463038241923932	1.58
10.674160683404331	1.58
13.327481126823692	1.58
2.626644551886189	1.58
1.0463038241923932	1.58
14.327371576775088	1.58
13.745104995945105	1.58
3.361483971069	1.58
1.1356158884221368	1.58
14.327371576775088	1.58
11.390782213532122	1.58
3.361483971069	1.58
3.4306364134828877	1.58
15.473111889196893	1.58
11.390782213532122	1.58
3.361483971069	1.58
3.4638019712221775	1.58
14.854677248605139	1.58
12.042347232412801	1.58
3.3488918688467813	1.58
3.257059674470243	1.58
14.854677248605139	1.58
11.636762846450674	1.58
3.3488918688467813	1.58
3.246914284690237	1.58
13.60534934306108	1.58
12.474230404263999	1.58
3.4384084207420034	1.58
0.24130171704315728	1.58
16.344093581521296	1.58
12.474230404263999	1.58
7.332292934153854	1.58
3.607149526481179	1.58
16.344093581521296	1.58
10.258735670568477	1.58
2.199989391426209	1.58
3.397811215409649	1.58
15.257750598095031	1.58
7.619391350050523	1.58
2.199989391426209	1.58
3.3742412101608106	1.58
15.78803196843284	1.58
7.672688363406634	1.58
2.5144460872159566	1.58
3.6237799421033423	1.58
15.731416375649575	1.58
7.672688363406634	1.58
1.4417753697970692	1.58
2.6090764603999563	1.58
15.973600090550804	1.58
3.981077930505057	1.58
1.8898731969412306	1.58
2.6090764603999563	1.58
15.973600090550804	1.58
3.981077930505057	1.58
1.8898731969412306	1.58
3.304621634411543	1.58
15.973600090550804	1.58
4.570621454505821	1.58
1.8898731969412306	1.58
4.114934763497686	1.58
15.973600090550804	1.58
4.654378338072762	1.58
1.3040297022215062	1.58
4.0149499989122654	1.58
9.15601332446162	1.58
4.654378338072762	1.58
1.7044951565089512	1.58
3.7800802766634036	1.58
10.586919089566301	1.58
0.6536703414263982	1.58
1.7044951565089512	1.58
4.101827556725473	1.58
6.163865735657287	1.58
0.6536703414263982	1.58
1.7044951565089512	1.58
4.07614048135725	1.58
7.122410716315894	1.58
0.6536703414263982	1.58
2.857322745485238	1.58
5.498543177935587	1.58
11.5332112779565	1.58
0.6536703414263982	1.58
2.3251443828638685	1.58
5.636369020600295	1.58
15.711662899243224	1.58
2.00727427684912	1.58
2.7724949279398317	1.58
4.8643863030949	1.58
12.658902417123693	1.58
2.00727427684912	1.58
0.974565881947866	1.58
7.512476758933847	1.58
17.93161562255028	1.58
0.45013078375512805	1.58
0.974565881947866	1.58
8.10165522164181	1.58
17.93161562255028	1.58
0.5932290149734039	1.58
7.512099436154882	1.58
11.69369831842803	1.58
13.506890117957415	1.58
0.5932290149734039	1.58
1.859638670470341	1.58
6.86146899392453	1.58
10.927360118299397	1.58
0.5932290149734039	1.58
2.5270436651522914	1.58
4.582536089577308	1.58
8.205983624109557	1.58
2.3307773286033915	1.58
0.07430603425342674	1.58
3.7403170577498814	1.58
9.197087123092016	1.58
1.202293430589613	1.58
0.07430603425342674	1.58
2.81950017474029	1.58
9.540269779571915	1.58
1.202293430589613	1.58
0.07430603425342674	1.58
3.0258372469878934	1.58
8.332320683520626	1.58
1.202293430589613	1.58
0.9715676426093518	1.58
2.2268896269801655	1.58
9.534970334927785	1.58
0.2661909500376327	1.58
1.4518374876812885	1.58
4.1123856640927565	1.58
6.134859271951563	1.58
0.2661909500376327	1.58
1.4518374876812885	1.58
7.756344364686725	1.58
8.156561268838278	1.58
0.2661909500376327	1.58
1.4518374876812885	1.58
6.665517430707153	1.58
7.411375390296174	1.58
0.38810982770975677	1.58
1.4518374876812885	1.58
4.120041926678849	1.58
12.763988927718204	1.58
0.38810982770975677	1.58
0.8809469840674864	1.58
4.3306436531221015	1.58
8.116231976846382	1.58
0.38810982770975677	1.58
1.1273803313716346	1.58
6.126950166877777	1.58
7.033387711350168	1.58
0.38810982770975677	1.58
2.1856456063544023	1.58
6.637473845811312	1.58
8.65918634069505	1.58
0.38810982770975677	1.58
2.1856456063544023	1.58
7.5242438458289405	1.58
12.812929341586402	1.58
0.38810982770975677	1.58
2.1856456063544023	1.58
8.233239975174094	1.58
11.960299312159846	1.58
0.38810982770975677	1.58
3.1584645458479175	1.58
9.029788947028372	1.58
11.960299312159846	1.58
0.38810982770975677	1.58
3.0425451046862086	1.58
5.936353296003108	1.58
7.818341633851972	1.58
1.7394136368645352	1.58
2.2297068613106985	1.58
5.936353296003108	1.58
9.656222116760052	1.58
1.7394136368645352	1.58
1.4093996477983577	1.58
5.386702923400826	1.58
16.346546491172965	1.58
1.7394136368645352	1.58
1.4093996477983577	1.58
5.961226943206677	1.58
16.346546491172965	1.58
0.3625854088730325	1.58
1.4093996477983577	1.58
5.510433346320876	1.58
16.346546491172965	1.58
0.3625854088730325	1.58
1.4093996477983577	1.58
4.762459996965988	1.58
16.346546491172965	1.58
0.6902634675291832	1.58
0.7931051985067263	1.58
4.762459996965988	1.58
12.024042500849053	1.58
2.3692275261013482	1.58
0.7931051985067263	1.58
5.9084070254147365	1.58
11.474465822849801	1.58
2.3692275261013482	1.58
0.7931051985067263	1.58
6.113906723602048	1.58
16.603789646946247	1.58
2.3692275261013482	1.58
0.7931051985067263	1.58
7.588921213961417	1.58
15.73551400749943	1.58
2.3692275261013482	1.58
2.2284603376896737	1.58
9.369019180164786	1.58
17.738108100933108	1.58
2.3692275261013482	1.58
5.718398900023644	1.58
12.922413103506056	1.58
14.072113276807078	1.58
2.3692275261013482	1.58
0.6405911358568606	1.58
17.546081116249912	1.58
14.072113276807078	1.58
2.3692275261013482	1.58
0.1969416373791777	1.58
17.19909745239565	1.58
14.072113276807078	1.58
2.3692275261013482	1.58
0.1969416373791777	1.58
17.19909745239565	1.58
11.52407174300968	1.58
4.580091450034446	1.58
0.1969416373791777	1.58
17.19909745239565	1.58
13.612051141279412	1.58
3.2853019929736043	1.58
0.1969416373791777	1.58
17.35355882481796	1.58
11.594033114297007	1.58
3.2853019929736043	1.58
0.1969416373791777	1.58
17.35355882481796	1.58
8.239043106098256	1.58
3.2853019929736043	1.58
1.8017244335674123	1.58
17.35355882481796	1.58
9.494273291072817	1.58
3.2853019929736043	1.58
1.4688082487780072	1.58
17.35355882481796	1.58
8.561664589647442	1.58
4.07759994361974	1.58
1.4688082487780072	1.58
17.613332314054134	1.58
11.830063741284192	1.58
4.07759994361974	1.58
1.4688082487780072	1.58
17.613332314054134	1.58
8.928513192922976	1.58
4.07759994361974	1.58
6.563625194118737	1.58
17.613332314054134	1.58
8.928513192922976	1.58
4.07759994361974	1.58
10.784898228924954	1.58
17.613332314054134	1.58
6.832498979238927	1.58
4.07759994361974	1.58
10.904769531922522	1.58
16.114762758075177	1.58
7.872268951540351	1.58
2.0560192047803314	1.58
11.75720897803301	1.58
16.114762758075177	1.58
5.065785431272532	1.58
3.7443060144817135	1.58
11.75720897803301	1.58
16.34971747623463	1.58
2.904355107834366	1.58
4.025274747471993	1.58
11.81090292940279	1.58
16.34971747623463	1.58
2.904355107834366	1.58
4.028440253938658	1.58
12.455567612038298	1.58
16.34971747623463	1.58
2.904355107834366	1.58
3.4353478791110437	1.58
8.202272904668511	1.58
16.34971747623463	1.58
1.5828196751261192	1.58
4.988591714969246	1.58
8.202272904668511	1.58
10.921830709687853	1.58
1.5828196751261192	1.58
7.48692714268613	1.58
6.871378825444564	1.58
10.167625259903613	1.58
1.5828196751261192	1.58
5.886575674968744	1.58
8.34854812895087	1.58
11.153831819773771	1.58
0.7973322253642854	1.58
8.793710555846982	1.58
15.489380835468793	1.58
11.08891064545234	1.58
0.7973322253642854	1.58
5.001375052792791	1.58
15.21401391595996	1.58
13.954687070506399	1.58
0.7973322253642854	1.58
2.9177323229107115	1.58
11.954166807871836	1.58
14.344811145038989	1.58
0.7973322253642854	1.58
6.177186757686451	1.58
13.075105022550751	1.58
14.730271904000919	1.58
0.7973322253642854	1.58
1.9392487555887392	1.58
11.65183874995887	1.58
13.746184442637373	1.58
0.34490807621477004	1.58
1.9392487555887392	1.58
11.65183874995887	1.58
13.746184442637373	1.58
0.2624179142646774	1.58
2.518055483021958	1.58
11.99673941399807	1.58
8.159953370671396	1.58
0.6475789411898447	1.58
1.712971725717457	1.58
15.644338114549324	1.58
7.737461874002763	1.58
0.6475789411898447	1.58
2.1417158654650477	1.58
15.745646341397013	1.58
3.925874872355976	1.58
0.6475789411898447	1.58
2.6006317765768783	1.58
15.745646341397013	1.58
4.392615442207662	1.58
0.6475789411898447	1.58
3.4624580227034376	1.58
12.55122988880356	1.58
5.158662453130261	1.58
0.6475789411898447	1.58
4.002214371234044	1.58
12.55122988880356	1.58
4.706300505776584	1.58
0.6475789411898447	1.58
3.732216538507673	1.58
11.906875543051767	1.58
4.3199265279971675	1.58
0.827118581202912	1.58
6.468124563600874	1.58
11.728717151095376	1.58
3.012856626053129	1.58
0.827118581202912	1.58
9.738196388625822	1.58
11.728717151095376	1.58
5.464596705586793	1.58
0.827118581202912	1.58
10.498475972287379	1.58
9.186513122799534	1.58
4.492343860346328	1.58
0.827118581202912	1.58
14.168377534916083	1.58
13.721788102322048	1.58
7.801118531499865	1.58
0.827118581202912	1.58
17.860236140123522	1.58
15.14996199859823	1.58
7.84165114605969	1.58
0.827118581202912	1.58
17.860236140123522	1.58
12.568235794110798	1.58
10.88602124258405	1.58
0.827118581202912	1.58
17.65582983448149	1.58
13.41672615139101	1.58
9.69292470527634	1.58
0.827118581202912	1.58
17.65582983448149	1.58
9.890498200918133	1.58
9.69292470527634	1.58
0.827118581202912	1.58
17.65582983448149	1.58
10.027922314936609	1.58
9.662395454496895	1.58
2.750897906466651	1.58
17.65582983448149	1.58
10.2901607802733	1.58
9.190095140718059	1.58
2.750897906466651	1.58
17.65582983448149	1.58
10.733186471946437	1.58
8.43605606965008	1.58
2.3103702585979207	1.58
17.65582983448149	1.58
10.180247030193732	1.58
5.839324501315318	1.58
2.3103702585979207	1.58
17.65582983448149	1.58
8.154036756224231	1.58
5.839324501315318	1.58
1.0255379342134905	1.58
17.65582983448149	1.58
8.34943159406155	1.58
5.839324501315318	1.58
2.158545982547869	1.58
12.73026935531866	1.58
7.184871561213105	1.58
6.332658287485227	1.58
4.256556667800355	1.58
17.691486028141075	1.58
6.884594504561498	1.58
6.534801503575302	1.58
8.237757248020134	1.58
17.691486028141075	1.58
7.084077078427652	1.58
6.7820916259329715	1.58
8.237757248020134	1.58
16.77320721809853	1.58
7.05762698547014	1.58
6.660118007560643	1.58
8.237757248020134	1.58
16.80366888844563	1.58
5.912419783753501	1.58
1.1157841115743032	1.58
8.365017943320243	1.58
13.78204684814767	1.58
4.4347964681859295	1.58
1.1157841115743032	1.58
6.735366090671902	1.58
13.78204684814767	1.58
7.068649843939199	1.58
1.1157841115743032	1.58
6.625333014263462	1.58
16.65539887085386	1.58
7.073302819865817	1.58
1.1157841115743032	1.58
6.585871750604131	1.58
16.65539887085386	1.58
7.424522251073248	1.58
1.1157841115743032	1.58
8.30508225203853	1.58
16.65539887085386	1.58
6.902170363221659	1.58
1.1157841115743032	1.58
8.8827390214999	1.58
9.482715792711454	1.58
5.462289070090494	1.58
1.1157841115743032	1.58
8.62681645875983	1.58
6.54109684680587	1.58
5.462289070090494	1.58
2.311780396791648	1.58
8.62681645875983	1.58
7.289535418588767	1.58
3.9569207826976767	1.58
2.059535623155976	1.58
8.777688561728564	1.58
10.767813218751524	1.58
4.749584135537851	1.58
3.1417629416165687	1.58
7.3332868771227595	1.58
12.329486468312307	1.58
3.324428396506508	1.58
3.1417629416165687	1.58
8.533196167346631	1.58
8.116569415758683	1.58
2.3172042733854896	1.58
2.783476981886995	1.58
5.785744791307648	1.58
7.802962533782784	1.58
0.09841875736864214	1.58
5.246337683068694	1.58
4.143644086648339	1.58
9.517793948260099	1.58
1.6317428810343437	1.58
4.645124591702089	1.58
5.704576802366711	1.58
11.179122103650958	1.58
1.6317428810343437	1.58
7.163662837126857	1.58
8.755705462579472	1.58
12.592564704453634	1.58
4.2200544727937475	1.58
7.6643738753861	1.58
6.227488574280416	1.58
15.790914072374854	1.58
4.584373599905254	1.58
9.718175657637389	1.58
6.492625156695619	1.58
16.559184391787554	1.58
3.7351399730838524	1.58
10.414138284253283	1.58
1.673674217713227	1.58
16.723157741317188	1.58
1.9195581043433645	1.58
10.414138284253283	1.58
1.673674217713227	1.58
16.322938628646853	1.58
1.936164762043809	1.58
12.3079620065139	1.58
1.673674217713227	1.58
9.973274248722303	1.58
1.936164762043809	1.58
8.456342999254456	1.58
1.673674217713227	1.58
11.057420566513596	1.58
2.092870791110286	1.58
8.456342999254456	1.58
2.5839193555044986	1.58
13.514280268540922	1.58
2.092870791110286	1.58
12.139070969274936	1.58
2.6601746553315038	1.58
14.356779697611495	1.58
2.092870791110286	1.58
15.322643118746093	1.58
2.6601746553315038	1.58
14.356779697611495	1.58
2.092870791110286	1.58
15.991703027541192	1.58
2.6601746553315038	1.58
16.926347091893604	1.58
2.8821542183882443	1.58
16.35479651655449	1.58
2.5080055674070167	1.58
16.994049762825647	1.58
2.8821542183882443	1.58
16.216237313207856	1.58
4.857096135852501	1.58
15.067537014867817	1.58
2.8821542183882443	1.58
15.829368057244425	1.58
4.413591533922852	1.58
15.067537014867817	1.58
0.9129034208545264	1.58
8.47725465359315	1.58
4.413591533922852	1.58
10.307902301385012	1.58
0.5730555142838365	1.58
8.47725465359315	1.58
5.011527200325125	1.58
10.929786578292171	1.58
0.5730555142838365	1.58
7.335638303486855	1.58
9.079176015295637	1.58
11.790625263539582	1.58
2.9529277476597553	1.58
8.245407970370536	1.58
10.67046231945312	1.58
12.303895716224996	1.58
3.540658081418349	1.58
9.463128799586633	1.58
8.276916638641397	1.58
12.303895716224996	1.58
2.701690531050051	1.58
8.85078929163419	1.58
6.339254458973085	1.58
12.277034820168717	1.58
2.701690531050051	1.58
8.85078929163419	1.58
0.7397703526670849	1.58
15.498274939462783	1.58
2.701690531050051	1.58
4.13754731993299	1.58
0.7397703526670849	1.58
13.434767067506334	1.58
2.928998306076471	1.58
4.13754731993299	1.58
0.9345034358930664	1.58
12.053868614259134	1.58
2.928998306076471	1.58
3.831273362217261	1.58
0.9345034358930664	1.58
17.065500054343826	1.58
4.250788288421555	1.58
4.0660892255918135	1.58
0.9345034358930664	1.58
17.065500054343826	1.58
3.227496687185657	1.58
4.0660892255918135	1.58
0.9345034358930664	1.58
12.048540992008059	1.58
2.663393054349579	1.58
4.437071088876729	1.58
6.084732620061726	1.58
13.185874848463612	1.58
1.0998513598039077	1.58
6.838160554729867	1.58
5.732569474366072	1.58
12.004518407668842	1.58
1.0998513598039077	1.58
2.83153528226271	1.58
5.732569474366072	1.58
16.551961395072183	1.58
1.218387386786363	1.58
2.83153528226271	1.58
10.196875043272051	1.58
16.551961395072183	1.58
5.3456786495725535	1.58
2.83153528226271	1.58
12.727481791403637	1.58
16.551961395072183	1.58
5.1485805525979185	1.58
2.6244893419327506	1.58
10.83583138541992	1.58
16.551961395072183	1.58
6.62601777494277	1.58
2.6244893419327506	1.58
10.83583138541992	1.58
16.551961395072183	1.58
7.859909175230154	1.58
2.6244893419327506	1.58
11.065948311167562	1.58
16.96639535850512	1.58
5.912849452715042	1.58
3.1855721374617034	1.58
10.399561632179509	1.58
16.96639535850512	1.58
7.189582450811077	1.58
1.73774466821581	1.58
12.728150321039063	1.58
12.319549332054379	1.58
9.792941503101346	1.58
1.73774466821581	1.58
15.407439917040264	1.58
12.319549332054379	1.58
10.511399278112117	1.58
4.111646326440473	1.58
15.036983571449072	1.58
12.319549332054379	1.58
8.434286640592529	1.58
4.111646326440473	1.58
13.708305216988347	1.58
11.39652642466913	1.58
5.782368485713029	1.58
4.11456524157456	1.58
12.972479223096677	1.58
10.582792232987282	1.58
5.273932291812271	1.58
3.689571916150512	1.58
17.41583109337015	1.58
12.977795802392581	1.58
6.1227914465018145	1.58
3.689571916150512	1.58
17.41583109337015	1.58
15.26396147795758	1.58
6.1227914465018145	1.58
3.689571916150512	1.58
17.41583109337015	1.58
15.26396147795758	1.58
6.1227914465018145	1.58
3.689571916150512	1.58
17.41583109337015	1.58
15.26396147795758	1.58
7.393539101329971	1.58
6.206143180514765	1.58
17.41583109337015	1.58
16.332497212478277	1.58
2.80389317082153	1.58
6.206143180514765	1.58
15.126095977000793	1.58
16.37284605588744	1.58
7.244068071565651	1.58
6.206143180514765	1.58
14.69629398747978	1.58
15.950599828046023	1.58
2.4882969052836934	1.58
5.95679279225641	1.58
12.049465113594815	1.58
15.950599828046023	1.58
0.522987873750413	1.58
3.7250505460948955	1.58
16.410605423788716	1.58
15.950599828046023	1.58
0.7137135813253837	1.58
3.7250505460948955	1.58
16.410605423788716	1.58
15.50775075550665	1.58
0.7137135813253837	1.58
4.538380176066152	1.58
9.808414882469279	1.58
13.316580789643476	1.58
2.1006292944865708	1.58
4.538380176066152	1.58
9.775336742842702	1.58
13.330370611689867	1.58
2.1006292944865708	1.58
4.538380176066152	1.58
9.726704433329814	1.58
13.565567818629216	1.58
2.181576744491556	1.58
4.739261140158905	1.58
6.73002396224892	1.58
13.800315735280908	1.58
2.2454358435082886	1.58
3.8057266968058787	1.58
5.737828844113385	1.58
10.822187837347593	1.58
0.6670589180437583	1.58
3.32182648148967	1.58
6.382505725705949	1.58
11.677435380445488	1.58
1.2892372779013472	1.58
3.1407271318520413	1.58
8.42405616587216	1.58
11.386572097533097	1.58
1.5970565407763857	1.58
2.9421517713795304	1.58
9.837446569412865	1.58
12.07620269989428	1.58
2.7113956467181213	1.58
0.4194774922077986	1.58
12.72424097039039	1.58
12.170819352444326	1.58
2.7113956467181213	1.58
0.4194774922077986	1.58
14.432001820032209	1.58
12.170819352444326	1.58
3.9011172727270873	1.58
1.0924604380594465	1.58
13.595247603004815	1.58
11.970319195315092	1.58
3.4382557744922297	1.58
0.2487971403803506	1.58
16.76842947485424	1.58
11.970319195315092	1.58
6.068649238045967	1.58
0.2487971403803506	1.58
16.76842947485424	1.58
13.224472046319386	1.58
5.320147738471424	1.58
0.2487971403803506	1.58
16.76842947485424	1.58
13.432429588457456	1.58
5.320147738471424	1.58
3.261327034539679	1.58
12.888253209478457	1.58
9.339729536856938	1.58
5.320147738471424	1.58
2.8690966327054417	1.58
12.628702378508024	1.58
9.687929469891426	1.58
4.575156173706031	1.58
0.12705688953659156	1.58
14.255096617248514	1.58
8.507277019529868	1.58
5.700058728157763	1.58
0.12705688953659156	1.58
14.255096617248514	1.58
10.722404166121173	1.58
5.700058728157763	1.58
1.1655886086407037	1.58
14.255096617248514	1.58
7.608325721429178	1.58
3.494809129311163	1.58
2.103666511561787	1.58
15.54975474274228	1.58
8.069613292054537	1.58
4.2303514469861305	1.58
2.103666511561787	1.58
15.54975474274228	1.58
10.928056400958951	1.58
4.669994269729782	1.58
1.839931311056414	1.58
15.54975474274228	1.58
16.477538118546338	1.58
3.7856371967420404	1.58
1.839931311056414	1.58
15.33698585266905	1.58
14.914192253593194	1.58
3.7072507884591532	1.58
0.2843537796835771	1.58
15.33698585266905	1.58
8.917795514417994	1.58
6.469498649549765	1.58
0.2843537796835771	1.58
15.33698585266905	1.58
13.545427453666216	1.58
12.643304543094512	1.58
0.2843537796835771	1.58
15.33698585266905	1.58
13.545427453666216	1.58
12.567361655169325	1.58
0.2843537796835771	1.58
15.562591250084413	1.58
10.449764467353708	1.58
6.937896149106532	1.58
0.2843537796835771	1.58
15.562591250084413	1.58
10.399013126293642	1.58
7.8111127120884625	1.58
0.2843537796835771	1.58
13.602993505337636	1.58
11.2517667162682	1.58
7.8111127120884625	1.58
0.2843537796835771	1.58
13.142183352605036	1.58
6.8972384851338475	1.58
8.826291677341164	1.58
0.2843537796835771	1.58
15.528590959790499	1.58
4.557779439828025	1.58
8.360214432714848	1.58
0.7768573261558043	1.58
16.251398402267544	1.58
3.8356437425559724	1.58
7.740306008795326	1.58
0.7768573261558043	1.58
16.251398402267544	1.58
3.0376185859777785	1.58
7.740306008795326	1.58
2.697198173279782	1.58
16.251398402267544	1.58
3.3157664791563204	1.58
3.854201396198489	1.58
2.6729763268721034	1.58
14.589379015277453	1.58
3.615407461040527	1.58
3.854201396198489	1.58
2.6729763268721034	1.58
15.062342039766108	1.58
4.141968066433303	1.58
3.854201396198489	1.58
2.862208037600472	1.58
17.14447395240874	1.58
4.141968066433303	1.58
3.5091650602012354	1.58
2.8730819064458304	1.58
17.14447395240874	1.58
4.141968066433303	1.58
3.396242130345427	1.58
2.4884951211137096	1.58
17.14447395240874	1.58
4.141968066433303	1.58
3.396242130345427	1.58
1.6035492512736074	1.58
16.705016942850357	1.58
6.191074721971432	1.58
4.613261223649703	1.58
1.6035492512736074	1.58
10.666854838386035	1.58
7.406437485969899	1.58
5.0370931941866965	1.58
1.6035492512736074	1.58
14.024959355831076	1.58
7.406437485969899	1.58
3.2348042630551923	1.58
1.6035492512736074	1.58
13.943420466518528	1.58
2.472674522120613	1.58
3.2348042630551923	1.58
1.316634490634321	1.58
9.077052075403536	1.58
2.4431333495691128	1.58
3.2348042630551923	1.58
0.2939979862612563	1.58
11.112185525517944	1.58
6.083780941607489	1.58
3.2348042630551923	1.58
0.2939979862612563	1.58
9.808774579465144	1.58
9.92104154299702	1.58
4.252012145722683	1.58
0.5239936545771027	1.58
9.836307469797076	1.58
9.92104154299702	1.58
5.733114996595491	1.58
1.5945820404476745	1.58
11.59638071105804	1.58
8.85130866205815	1.58
7.160399991282497	1.58
1.5945820404476745	1.58
13.705152236364894	1.58
14.336494437315734	1.58
7.160399991282497	1.58
1.5945820404476745	1.58
15.672001141939518	1.58
14.336494437315734	1.58
0.08179939212080711	1.58
1.2309775666171228	1.58
15.409305895181571	1.58
14.336494437315734	1.58
0.08179939212080711	1.58
0.9327533855511337	1.58
15.409305895181571	1.58
14.336494437315734	1.58
0.08179939212080711	1.58
5.646415583588736	1.58
15.44302659669261	1.58
13.717108779479139	1.58
0.08179939212080711	1.58
0.18440021561826825	1.58
15.876998318431008	1.58
14.579755419312542	1.58
0.08179939212080711	1.58
0.24901041744582972	1.58
16.532593518380075	1.58
14.13099773566509	1.58
0.08179939212080711	1.58
0.24901041744582972	1.58
16.48587077380985	1.58
17.875646924899904	1.58
0.08179939212080711	1.58
0.24901041744582972	1.58
16.665265801348383	1.58
17.875646924899904	1.58
2.1327640898798794	1.58
8.894465264267996	1.58
15.926061653501502	1.58
17.875646924899904	1.58
2.1327640898798794	1.58
11.488242141679777	1.58
11.575861181329984	1.58
17.875646924899904	1.58
2.1327640898798794	1.58
9.108054167541136	1.58
10.481036405992915	1.58
16.766225369869957	1.58
2.9884059671478767	1.58
11.068834494448442	1.58
10.481036405992915	1.58
16.766225369869957	1.58
2.9884059671478767	1.58
6.567334335749505	1.58
6.165520732442825	1.58
16.766225369869957	1.58
2.9884059671478767	1.58
8.872551837117738	1.58
5.767430856827328	1.58
16.766225369869957	1.58
3.20664755167077	1.58
8.605208286952553	1.58
2.646304293989278	1.58
11.386953856890349	1.58
2.3238085673977773	1.58
10.911178043687197	1.58
2.646304293989278	1.58
11.692582019529647	1.58
2.4718132809222433	1.58
10.969681077971051	1.58
2.646304293989278	1.58
12.269212696735597	1.58
2.4720335886958167	1.58
11.316635195491251	1.58
2.646304293989278	1.58
12.286053133641097	1.58
2.4720335886958167	1.58
16.897188514161076	1.58
1.6562241251459273	1.58
12.286053133641097	1.58
5.4379343426132625	1.58
15.859069104162991	1.58
1.6562241251459273	1.58
11.985225135380112	1.58
4.819153911321147	1.58
15.859069104162991	1.58
1.78092152629997	1.58
13.323136044335675	1.58
4.586529970992951	1.58
15.593279888558612	1.58
1.6670819359074227	1.58
13.387953155030946	1.58
7.1913642331395184	1.58
15.159858195164176	1.58
1.6670819359074227	1.58
7.994582752354535	1.58
0.6059488577521712	1.58
8.159411100680881	1.58
3.324922300170514	1.58
8.000740867845677	1.58
1.1917473084785182	1.58
7.108889510637569	1.58
3.324922300170514	1.58
8.000740867845677	1.58
1.1917473084785182	1.58
6.922787517739761	1.58
3.324922300170514	1.58
8.379058222817173	1.58
0.07847273835359347	1.58
6.459166205124749	1.58
2.859755080637771	1.58
8.997944750440677	1.58
0.07847273835359347	1.58
6.084146101332394	1.58
2.859755080637771	1.58
10.299489661221049	1.58
0.07847273835359347	1.58
3.3958879193722864	1.58
1.64067335268002	1.58
11.651559381134785	1.58
0.07847273835359347	1.58
2.799713109268711	1.58
2.126624650641586	1.58
17.753078308679736	1.58
0.9429483368803799	1.58
4.049875867264601	1.58
2.864821124658266	1.58
17.753078308679736	1.58
0.8940402445150162	1.58
3.8748009071065934	1.58
2.3233576505747635	1.58
13.80160298847092	1.58
1.4201348503821607	1.58
6.256321133230404	1.58
2.911767665710883	1.58
13.874269246189082	1.58
0.9175879380594749	1.58
9.385932226937964	1.58
3.286826540284596	1.58
14.73287009084772	1.58
0.9175879380594749	1.58
9.3827268831858	1.58
3.286826540284596	1.58
13.38123009885832	1.58
0.9175879380594749	1.58
9.73604261362179	1.58
4.061331654215722	1.58
12.198146720276728	1.58
0.9175879380594749	1.58
8.42831489300049	1.58
3.98482172990905	1.58
12.417325331753535	1.58
0.30342499552764224	1.58
10.544397051111124	1.58
2.8286420496313145	1.58
12.041973353697426	1.58
0.30342499552764224	1.58
11.02851706859515	1.58
2.8286420496313145	1.58
12.23890609161458	1.58
0.30342499552764224	1.58
8.466165456626072	1.58
5.793169470891551	1.58
10.852637772674358	1.58
0.30342499552764224	1.58
9.020277289084966	1.58
3.342072762836952	1.58
14.844314292663633	1.58
0.9298691743472283	1.58
15.803545184068211	1.58
4.5410128361419595	1.58
11.18173962022502	1.58
4.108329406072928	1.58
15.803545184068211	1.58
4.964288549441361	1.58
12.986455205592016	1.58
4.108329406072928	1.58
15.024952196654066	1.58
4.964288549441361	1.58
12.986455205592016	1.58
3.9033496055204315	1.58
16.008489062429373	1.58
4.437908000518014	1.58
12.495864322815377	1.58
3.549322110444834	1.58
16.008489062429373	1.58
5.054841938166013	1.58
11.966267321786637	1.58
2.7196589266975817	1.58
13.166612228300032	1.58
7.286974145771468	1.58
15.96431831050371	1.58
3.166636609757668	1.58
9.513926999726547	1.58
8.502589697075322	1.58
13.733187793077857	1.58
3.166636609757668	1.58
7.175642130536868	1.58
7.827818661294435	1.58
16.39277120104349	1.58
4.703414388057398	1.58
8.408704474913065	1.58
8.962054600691747	1.58
16.17921025844782	1.58
2.492811023160823	1.58
5.582205062909068	1.58
8.962054600691747	1.58
17.374158982195283	1.58
2.063535880142118	1.58
5.429650454900482	1.58
8.962054600691747	1.58
17.374158982195283	1.58
2.063535880142118	1.58
5.429650454900482	1.58
5.778200730505658	1.58
17.374158982195283	1.58
2.063535880142118	1.58
3.9681666150590997	1.58
7.354963640667562	1.58
17.374158982195283	1.58
2.063535880142118	1.58
3.9681666150590997	1.58
8.990636492319382	1.58
17.374158982195283	1.58
1.6675344042530198	1.58
3.9681666150590997	1.58
3.5815832123468585	1.58
17.374158982195283	1.58
0.9604863420529282	1.58
3.0816333763826993	1.58
4.851195378975911	1.58
17.374158982195283	1.58
0.9604863420529282	1.58
4.0698464340612786	1.58
5.7036524366278485	1.58
17.374158982195283	1.58
0.9604863420529282	1.58
4.0698464340612786	1.58
5.7036524366278485	1.58
17.374158982195283	1.58
0.9604863420529282	1.58
3.0197455723519737	1.58
5.895274900576839	1.58
17.374158982195283	1.58
0.9604863420529282	1.58
3.662759976624826	1.58
6.910862548871663	1.58
17.374158982195283	1.58
0.9604863420529282	1.58
3.662759976624826	1.58
2.030541458740581	1.58
17.374158982195283	1.58
0.9604863420529282	1.58
1.9402645899230286	1.58
2.1394874644151347	1.58
12.178578674463633	1.58
1.012337161627982	1.58
1.9402645899230286	1.58
2.0946629561657915	1.58
7.8482961034307115	1.58
1.405902116457962	1.58
1.9402645899230286	1.58
2.7806373048686988	1.58
7.8482961034307115	1.58
1.4505065745049728	1.58
1.9402645899230286	1.58
2.1327220097962836	1.58
8.224901080160915	1.58
1.1024804399125991	1.58
2.6513501912179915	1.58
1.4570130885624568	1.58
9.36778009202959	1.58
1.1024804399125991	1.58
4.0747984847617005	1.58
1.4570130885624568	1.58
12.518939453108361	1.58
1.1024804399125991	1.58
5.088225626639595	1.58
1.4084017838256349	1.58
13.111277003718207	1.58
1.1024804399125991	1.58
3.805459313471774	1.58
1.4084017838256349	1.58
12.126066691742464	1.58
1.0642246570616793	1.58
3.731523141285712	1.58
1.3489515640399308	1.58
12.126066691742464	1.58
1.0642246570616793	1.58
3.731523141285712	1.58
1.505042908984643	1.58
12.126066691742464	1.58
0.6670255189165115	1.58
4.8335339969951	1.58
1.505042908984643	1.58
12.126066691742464	1.58
0.8889307313600769	1.58
7.3747495381508505	1.58
1.505042908984643	1.58
12.126066691742464	1.58
0.8889307313600769	1.58
7.35638255751871	1.58
1.505042908984643	1.58
13.172368990626905	1.58
0.8889307313600769	1.58
7.944187115061053	1.58
1.2545754127617137	1.58
15.96185377980316	1.58
0.8889307313600769	1.58
10.375199938470734	1.58
1.2033990679140323	1.58
12.24525346618437	1.58
0.9033341379963693	1.58
16.474179235304476	1.58
1.2033990679140323	1.58
6.953846765352441	1.58
0.8177749904455235	1.58
16.474179235304476	1.58
1.0403641810733606	1.58
8.774567363204302	1.58
0.9231092186637254	1.58
16.474179235304476	1.58
1.0480706136407085	1.58
6.172717969655707	1.58
0.8105609629674108	1.58
9.678841981928603	1.58
1.1061479270434373	1.58
10.129176192750897	1.58
0.572841664371072	1.58
9.867187653011298	1.58
1.1431309056696577	1.58
15.608225974661623	1.58
3.349252590269111	1.58
11.529207370359192	1.58
1.1963360565371461	1.58
15.608225974661623	1.58
2.8180483414266106	1.58
13.702312974620313	1.58
1.1963360565371461	1.58
15.608225974661623	1.58
4.279976561263541	1.58
13.386467818833307	1.58
1.1963360565371461	1.58
14.860947695771442	1.58
4.026584253379548	1.58
17.67788136739769	1.58
1.1963360565371461	1.58
9.8581599384822	1.58
4.455648691901867	1.58
17.67788136739769	1.58
2.346379631728353	1.58
5.654519774314059	1.58
5.174930474765735	1.58
14.631925204263506	1.58
1.4828385723971191	1.58
5.654519774314059	1.58
8.6570725050621	1.58
17.06084897824907	1.58
3.4028677760389563	1.58
9.903382707595643	1.58
7.685696797042457	1.58
17.06084897824907	1.58
5.131168964625509	1.58
9.920330936472027	1.58
8.888699181719995	1.58
14.58935061481231	1.58
4.080248822927788	1.58
8.07773692104363	1.58
8.888699181719995	1.58
14.58935061481231	1.58
1.341219650647684	1.58
5.1423059647538665	1.58
14.727951133451857	1.58
14.58935061481231	1.58
1.341219650647684	1.58
5.1423059647538665	1.58
14.727951133451857	1.58
14.568259695893444	1.58
1.341219650647684	1.58
8.8541046073018	1.58
14.738375943007737	1.58
14.568259695893444	1.58
6.252228327446391	1.58
9.672831599870602	1.58
14.738375943007737	1.58
14.444178555598707	1.58
6.252228327446391	1.58
9.672831599870602	1.58
14.775675237028846	1.58
14.150487501430788	1.58
7.086967743595466	1.58
7.156799769230328	1.58
14.957902719168612	1.58
14.478254649122219	1.58
7.077850418897147	1.58
7.154562504842212	1.58
14.957902719168612	1.58
15.99946734899153	1.58
7.026271226080698	1.58
9.772158305197593	1.58
15.441156025241922	1.58
15.99946734899153	1.58
8.024211644192095	1.58
11.477228404524457	1.58
15.512912666941215	1.58
14.71623827947263	1.58
5.308195376516384	1.58
10.0828744140995	1.58
10.650302167734674	1.58
16.626822957560503	1.58
5.3514526952079375	1.58
12.218595537727174	1.58
10.045154067109081	1.58
14.844214722898968	1.58
1.8974365046257713	1.58
10.74501961192848	1.58
11.256665539206665	1.58
13.606859581576803	1.58
1.8974365046257713	1.58
9.729385493934775	1.58
8.775014463582263	1.58
16.21150205231767	1.58
1.8974365046257713	1.58
11.896560056294254	1.58
6.6101103861283015	1.58
16.053777868680385	1.58
1.8974365046257713	1.58
11.896560056294254	1.58
6.247285268729127	1.58
16.80983176491487	1.58
4.893314636275401	1.58
10.944863865434314	1.58
6.247285268729127	1.58
16.80983176491487	1.58
4.446459402808836	1.58
15.297213161710014	1.58
5.709010604404194	1.58
17.412326212354607	1.58
7.464431710070821	1.58
15.297213161710014	1.58
0.3604145054838952	1.58
17.412326212354607	1.58
5.9208302908305175	1.58
15.362710456566665	1.58
0.3604145054838952	1.58
14.333745918588422	1.58
5.9208302908305175	1.58
15.362710456566665	1.58
0.6570621364678813	1.58
14.333745918588422	1.58
10.229866647398971	1.58
15.362710456566665	1.58
2.3669585110266933	1.58
14.071268049640295	1.58
13.15338944745664	1.58
15.55769860900023	1.58
3.39392543054252	1.58
17.612024160166314	1.58
8.591161957435014	1.58
14.861703908157532	1.58
3.39392543054252	1.58
15.407729255770587	1.58
11.681477599484454	1.58
14.969997498058818	1.58
3.39392543054252	1.58
15.563276937935646	1.58
8.541968962513682	1.58
14.987824737239052	1.58
0.810361277159461	1.58
15.563276937935646	1.58
10.57404254367524	1.58
15.101438668225043	1.58
0.810361277159461	1.58
15.426599871339867	1.58
12.841496660626436	1.58
15.59824192704896	1.58
1.4933944310279657	1.58
15.352045477533641	1.58
8.268251390513807	1.58
15.59824192704896	1.58
1.4933944310279657	1.58
15.243347197754202	1.58
6.461982519180153	1.58
17.830225294110875	1.58
1.4933944310279657	1.58
15.52273152410071	1.58
6.991020247674356	1.58
17.830225294110875	1.58
1.4933944310279657	1.58
13.266160282107677	1.58
7.020505225374177	1.58
17.830225294110875	1.58
1.916014754131174	1.58
10.384044821458719	1.58
5.208972771716182	1.58
17.791884219869825	1.58
0.9112685462951866	1.58
9.786466470765035	1.58
5.208972771716182	1.58
17.791884219869825	1.58
0.9112685462951866	1.58
6.071826613687011	1.58
5.208972771716182	1.58
17.791884219869825	1.58
0.9112685462951866	1.58
6.071826613687011	1.58
5.208972771716182	1.58
13.18017460571854	1.58
0.9112685462951866	1.58
2.4354545505350327	1.58
3.593524908039323	1.58
13.18017460571854	1.58
1.4761733685509264	1.58
3.0702876294463772	1.58
7.370985032582072	1.58
12.917931567063736	1.58
1.4761733685509264	1.58
3.0702876294463772	1.58
3.162609949777613	1.58
12.917931567063736	1.58
0.46782285644441446	1.58
3.0702876294463772	1.58
3.501895771212586	1.58
12.95293110034994	1.58
0.5498550254454129	1.58
6.279202559581451	1.58
4.840831239779506	1.58
17.80857303594949	1.58
0.5498550254454129	1.58
3.9708866247971777	1.58
4.840831239779506	1.58
17.80857303594949	1.58
0.5498550254454129	1.58
4.365412661422333	1.58
4.50351473451434	1.58
17.80857303594949	1.58
0.3361383257248436	1.58
2.739371379097581	1.58
4.50351473451434	1.58
17.80857303594949	1.58
0.3361383257248436	1.58
3.3609208438948843	1.58
4.50351473451434	1.58
16.373715561312068	1.58
0.3361383257248436	1.58
3.3609208438948843	1.58
3.3708288987529347	1.58
16.373715561312068	1.58
0.3361383257248436	1.58
1.043232712934989	1.58
3.3708288987529347	1.58
16.373715561312068	1.58
1.5684744348236435	1.58
1.043232712934989	1.58
3.68762305290241	1.58
16.373715561312068	1.58
1.4744852097656156	1.58
5.63932189710215	1.58
3.68762305290241	1.58
16.373715561312068	1.58
0.7463292330016786	1.58
5.63932189710215	1.58
3.68762305290241	1.58
17.035680872137473	1.58
2.2762952218740393	1.58
6.982258579228661	1.58
5.021171431027932	1.58
13.305698560098222	1.58
0.45223343186641163	1.58
3.3790376172880148	1.58
3.028156008229756	1.58
13.367531884100845	1.58
0.45223343186641163	1.58
4.871881157402702	1.58
5.518469208969066	1.58
11.641355030848626	1.58
0.45223343186641163	1.58
6.688585588256942	1.58
5.518469208969066	1.58
10.85431554355996	1.58
1.4354613968101795	1.58
9.765710917463489	1.58
5.370239946733158	1.58
11.499930065481987	1.58
1.4354613968101795	1.58
9.765710917463489	1.58
5.5153589352378996	1.58
12.986327835678745	1.58
2.8040839095457883	1.58
12.414622879782275	1.58
5.301607361235906	1.58
16.48477027980688	1.58
0.3589377605059285	1.58
12.414622879782275	1.58
3.0175295272593297	1.58
16.48477027980688	1.58
0.3589377605059285	1.58
9.702223971257272	1.58
3.0175295272593297	1.58
13.54389058306516	1.58
0.4483468843709666	1.58
15.11163603694069	1.58
2.68861088088671	1.58
12.475880115270172	1.58
0.4483468843709666	1.58
8.213952063960683	1.58
3.417287331750537	1.58
15.677224207306732	1.58
0.4483468843709666	1.58
8.135034820859136	1.58
4.440111354234043	1.58
15.677224207306732	1.58
0.4483468843709666	1.58
14.038654837086275	1.58
6.675361962099587	1.58
14.985005102743568	1.58
0.4483468843709666	1.58
13.205436850617211	1.58
2.7452033640716493	1.58
13.772543645769293	1.58
0.4483468843709666	1.58
14.65887333285866	1.58
2.672253389218943	1.58
12.958482080850292	1.58
0.9396143923546569	1.58
15.191148991757046	1.58
2.730767311325292	1.58
12.144760025589967	1.58
0.9396143923546569	1.58
15.191148991757046	1.58
2.730767311325292	1.58
9.682683293914037	1.58
0.37410088147652987	1.58
9.665209595040434	1.58
3.9139927003294117	1.58
10.28110394577709	1.58
1.1277410890837483	1.58
9.458903547280833	1.58
4.288965257918477	1.58
9.997352655398053	1.58
1.1277410890837483	1.58
16.303954394568052	1.58
2.7151291993659976	1.58
16.786261639997708	1.58
0.2773426218924411	1.58
13.204424135196918	1.58
2.7151291993659976	1.58
16.786261639997708	1.58
0.2773426218924411	1.58
16.73908691163969	1.58
4.895040227413441	1.58
16.782984660024557	1.58
0.2773426218924411	1.58
16.73908691163969	1.58
3.942944636782377	1.58
16.784792088306656	1.58
1.4836787500855158	1.58
16.728761878091294	1.58
2.7898395106176332	1.58
16.784792088306656	1.58
0.956734333209265	1.58
16.728761878091294	1.58
2.7898395106176332	1.58
16.817075741071985	1.58
0.956734333209265	1.58
16.73694009603509	1.58
2.7898395106176332	1.58
16.817075741071985	1.58
0.9269470111408427	1.58
16.7017970195248	1.58
3.8230488442477846	1.58
16.82225803036226	1.58
1.2793492197015475	1.58
16.648167298292766	1.58
3.8230488442477846	1.58
12.454559148664092	1.58
1.2793492197015475	1.58
16.648167298292766	1.58
3.8230488442477846	1.58
8.651558215636403	1.58
1.6123126946744457	1.58
16.648167298292766	1.58
4.956937315818983	1.58
8.891829958726078	1.58
2.4945466472123354	1.58
10.13925702309956	1.58
5.856979948691939	1.58
11.906437787808947	1.58
2.4945466472123354	1.58
12.601337873585221	1.58
7.434289380554982	1.58
15.250698009368916	1.58
2.4945466472123354	1.58
13.439975315803089	1.58
9.639445486662723	1.58
17.67763692105988	1.58
0.3210973700809543	1.58
13.439975315803089	1.58
8.45676597208493	1.58
17.67763692105988	1.58
0.3210973700809543	1.58
13.015268806277628	1.58
8.054644367561329	1.58
17.91596995038046	1.58
0.27744641519120794	1.58
8.561184700184763	1.58
4.108759113079648	1.58
17.91596995038046	1.58
0.27744641519120794	1.58
3.2609185590960106	1.58
4.108759113079648	1.58
12.433962619193151	1.58
0.27744641519120794	1.58
2.1989727930227927	1.58
4.824878491091334	1.58
16.879779548485455	1.58
0.27744641519120794	1.58
1.7288172619012705	1.58
4.824878491091334	1.58
11.481026992585498	1.58
0.27744641519120794	1.58
1.3877396289598387	1.58
2.7997702855380964	1.58
11.481026992585498	1.58
0.23130522205071014	1.58
1.6850966069318614	1.58
2.7997702855380964	1.58
17.021424973842066	1.58
0.23130522205071014	1.58
1.6850966069318614	1.58
2.915234207034014	1.58
17.021424973842066	1.58
0.23130522205071014	1.58
1.6850966069318614	1.58
2.915234207034014	1.58
15.382392078594808	1.58
0.6751327682807264	1.58
1.6850966069318614	1.58
2.915234207034014	1.58
15.382392078594808	1.58
0.6751327682807264	1.58
1.9823526132722655	1.58
2.915234207034014	1.58
11.237945699819292	1.58
0.9708364913203678	1.58
3.307488589568388	1.58
3.308353338749549	1.58
7.892696917340291	1.58
0.9708364913203678	1.58
3.7829474944286705	1.58
3.046665915758075	1.58
11.825865046866442	1.58
1.909625763640549	1.58
3.9190863674952485	1.58
3.046665915758075	1.58
11.825865046866442	1.58
1.909625763640549	1.58
0.3561233738408198	1.58
2.617680569595044	1.58
10.275862576122451	1.58
2.0717458978140404	1.58
0.3561233738408198	1.58
2.753015812343252	1.58
11.981639925137921	1.58
1.673154638905688	1.58
4.968606104287799	1.58
3.399184610779404	1.58
17.43689934758527	1.58
1.673154638905688	1.58
6.655036033043375	1.58
3.399184610779404	1.58
17.43689934758527	1.58
3.6667174665129716	1.58
4.728172568995532	1.58
3.399184610779404	1.58
11.579270998970536	1.58
3.3550815888108865	1.58
4.741519146071524	1.58
3.3833162974507593	1.58
10.073674592165176	1.58
2.550572517748641	1.58
3.1841701735798784	1.58
2.5896701296749187	1.58
6.39452147328445	1.58
2.532979146031081	1.58
3.718435696581584	1.58
2.6201419846589618	1.58
8.318909582434037	1.58
1.9992441991107077	1.58
5.344471229910496	1.58
3.150216249528284	1.58
7.100847786901792	1.58
1.9992441991107077	1.58
6.197776160581625	1.58
2.467151995973696	1.58
7.845145552613613	1.58
1.9992441991107077	1.58
5.775542151925677	1.58
2.467151995973696	1.58
9.44012513736348	1.58
1.9992441991107077	1.58
7.109371528929526	1.58
2.8752555516239093	1.58
10.203978216529705	1.58
1.3816448556757948	1.58
5.425533630367488	1.58
2.8752555516239093	1.58
7.281615404296724	1.58
1.9753120232376875	1.58
5.759979898516593	1.58
3.37999358843285	1.58
7.348708749104739	1.58
2.539151798951275	1.58
5.759979898516593	1.58
3.37999358843285	1.58
8.654011632737348	1.58
3.339886161971079	1.58
4.759440102547624	1.58
3.395764296771106	1.58
10.700305140620134	1.58
3.8374396292759783	1.58
4.759440102547624	1.58
3.395764296771106	1.58
17.444152862164596	1.58
3.9837871783304997	1.58
5.023675225526178	1.58
3.395764296771106	1.58
17.444152862164596	1.58
4.408360729739903	1.58
0.6455349858535122	1.58
3.395764296771106	1.58
17.444152862164596	1.58
5.42506013625501	1.58
1.3703148815959878	1.58
3.395764296771106	1.58
10.828006100561776	1.58
4.795321470836612	1.58
1.3703148815959878	1.58
3.6382060911620915	1.58
9.974147533744459	1.58
6.1238388076829	1.58
2.7067850835238842	1.58
3.151322150126207	1.58
9.917017111086489	1.58
6.996375571655783	1.58
2.710456424068685	1.58
3.151322150126207	1.58
11.570127333883622	1.58
8.06167201226366	1.58
2.710456424068685	1.58
6.62571059699636	1.58
10.488268546197663	1.58
8.867663314770162	1.58
0.624221659849244	1.58
4.795446306599868	1.58
15.348732632017821	1.58
10.143489428147396	1.58
0.624221659849244	1.58
1.3184263420814624	1.58
14.777161278223359	1.58
11.964068954393936	1.58
0.624221659849244	1.58
1.3184263420814624	1.58
13.444244966066671	1.58
9.022227131877377	1.58
0.624221659849244	1.58
1.3184263420814624	1.58
13.444244966066671	1.58
8.708020724392226	1.58
0.624221659849244	1.58
1.3184263420814624	1.58
13.444244966066671	1.58
15.479810004525326	1.58
0.624221659849244	1.58
5.964745323939014	1.58
13.444244966066671	1.58
14.644277404630557	1.58
0.624221659849244	1.58
5.964745323939014	1.58
16.36805185913875	1.58
9.177877704761542	1.58
1.505181087485985	1.58
4.861099641232642	1.58
16.24226748866108	1.58
12.444413053099087	1.58
2.1319893242429835	1.58
7.365761102829202	1.58
16.24226748866108	1.58
15.265916813845655	1.58
2.1319893242429835	1.58
3.452301123394971	1.58
11.157963489095344	1.58
15.265916813845655	1.58
2.1319893242429835	1.58
3.452301123394971	1.58
15.164986920905283	1.58
15.265916813845655	1.58
3.8485010449529113	1.58
3.452301123394971	1.58
15.164986920905283	1.58
15.752967976731538	1.58
2.6047873736383966	1.58
3.452301123394971	1.58
15.164986920905283	1.58
11.486452832422595	1.58
2.6047873736383966	1.58
3.452301123394971	1.58
9.190578143808839	1.58
15.282415878821613	1.58
2.6047873736383966	1.58
3.452301123394971	1.58
11.808122705388193	1.58
11.569677057359069	1.58
2.6047873736383966	1.58
5.8029983780504875	1.58
14.169801712480627	1.58
16.131227567361748	1.58
2.1831765880661074	1.58
5.276733009625936	1.58
9.734806516433535	1.58
10.776501444088108	1.58
2.1831765880661074	1.58
2.29401681903534	1.58
12.907115378289008	1.58
12.248877466684624	1.58
2.1831765880661074	1.58
2.29401681903534	1.58
7.910025307976445	1.58
7.30420494588305	1.58
1.346486263624536	1.58
1.5043610279211377	1.58
4.899335714913187	1.58
11.011922295008205	1.58
1.1235668116311093	1.58
2.877245418239062	1.58
6.830210543504595	1.58
16.361121723001485	1.58
1.1235668116311093	1.58
2.877245418239062	1.58
5.352037703058038	1.58
16.361121723001485	1.58
1.1235668116311093	1.58
0.4686653950143187	1.58
4.613221397319052	1.58
13.497858055755735	1.58
1.1235668116311093	1.58
0.4686653950143187	1.58
6.1429010324544855	1.58
11.455859709302967	1.58
0.7060333844792162	1.58
0.4686653950143187	1.58
11.28494177937632	1.58
13.136106302891047	1.58
6.79683194388685	1.58
0.4686653950143187	1.58
11.971557728205621	1.58
14.704183721173763	1.58
4.082123857443347	1.58
0.4686653950143187	1.58
8.433454456705697	1.58
14.704183721173763	1.58
5.163456552621268	1.58
2.089048258151914	1.58
7.638041916377093	1.58
14.704183721173763	1.58
5.163456552621268	1.58
4.2074051451597	1.58
11.023496550946355	1.58
14.704183721173763	1.58
1.4980582018481794	1.58
1.5473998685579158	1.58
13.357719957779599	1.58
14.704183721173763	1.58
1.4980582018481794	1.58
2.115544026421748	1.58
13.357719957779599	1.58
14.704183721173763	1.58
4.082532111479646	1.58
2.115544026421748	1.58
14.989276141153038	1.58
14.704183721173763	1.58
4.082532111479646	1.58
2.115544026421748	1.58
11.904133401517523	1.58
14.704183721173763	1.58
4.082532111479646	1.58
2.115544026421748	1.58
16.264252680445697	1.58
13.005387486654474	1.58
5.768214220989167	1.58
2.115544026421748	1.58
16.264252680445697	1.58
11.356566772204639	1.58
6.819906765464948	1.58
2.115544026421748	1.58
16.264252680445697	1.58
13.313660792363017	1.58
1.8859592296740448	1.58
7.975582977607637	1.58
14.519527247482614	1.58
10.505795142136009	1.58
1.8859592296740448	1.58
8.028508394340468	1.58
11.730756974839093	1.58
15.887189987325481	1.58
7.519378509585415	1.58
5.084598203993109	1.58
9.6071017113047	1.58
15.887189987325481	1.58
5.304198217398959	1.58
2.3823649257992265	1.58
9.6071017113047	1.58
12.158622625597193	1.58
4.1362627715058435	1.58
2.3823649257992265	1.58
10.766077970015953	1.58
17.96514844882046	1.58
4.1362627715058435	1.58
2.3823649257992265	1.58
16.263740089670716	1.58
15.798778229710178	1.58
4.043926355855099	1.58
5.024212427447491	1.58
16.263740089670716	1.58
15.798778229710178	1.58
4.043926355855099	1.58
5.024212427447491	1.58
15.936961593747382	1.58
15.798778229710178	1.58
5.374827015556042	1.58
5.024212427447491	1.58
15.167250422639869	1.58
17.284973748116684	1.58
5.250726767635497	1.58
5.024212427447491	1.58
12.8992520424367	1.58
16.038143745025906	1.58
4.41363356048905	1.58
5.024212427447491	1.58
12.640712312113303	1.58
16.038143745025906	1.58
4.41363356048905	1.58
5.873091890902993	1.58
17.89189630791818	1.58
15.724390549577564	1.58
4.41363356048905	1.58
5.402622039098443	1.58
17.89189630791818	1.58
16.828913136973092	1.58
4.41363356048905	1.58
1.1678412681656063	1.58
17.89189630791818	1.58
16.828913136973092	1.58
4.41363356048905	1.58
1.1678412681656063	1.58
17.89189630791818	1.58
10.774221965207904	1.58
4.41363356048905	1.58
5.978066000825402	1.58
17.618348517143314	1.58
9.66834938191022	1.58
4.41363356048905	1.58
5.309930911020554	1.58
17.618348517143314	1.58
10.1397316108986	1.58
3.797208401571657	1.58
6.419458156450194	1.58
17.618348517143314	1.58
12.85628591999645	1.58
3.797208401571657	1.58
4.870630293372679	1.58
17.618348517143314	1.58
12.83113495001369	1.58
3.797208401571657	1.58
4.870630293372679	1.58
14.161916557226	1.58
12.83113495001369	1.58
3.797208401571657	1.58
7.851604376344715	1.58
11.006513694612686	1.58
10.736015128357208	1.58
3.9972086394982753	1.58
7.157425494748585	1.58
12.45811324368808	1.58
9.153275097325288	1.58
2.207338678562202	1.58
5.977169288061573	1.58
12.45811324368808	1.58
11.825587891664739	1.58
2.207338678562202	1.58
1.6398308534495278	1.58
14.965216049809545	1.58
11.825587891664739	1.58
3.5304380418703154	1.58
1.6398308534495278	1.58
14.965216049809545	1.58
15.185199739050342	1.58
3.5304380418703154	1.58
4.489320687738905	1.58
11.085131326467138	1.58
10.084194053899239	1.58
3.5304380418703154	1.58
3.5083333999648394	1.58
17.845161979886413	1.58
10.41863250478746	1.58
3.5304380418703154	1.58
3.5083333999648394	1.58
14.177170695651414	1.58
12.862798030281304	1.58
0.3868847638854085	1.58
3.5083333999648394	1.58
15.724287401051853	1.58
8.796225194972262	1.58
0.3868847638854085	1.58
3.5083333999648394	1.58
10.356833624327814	1.58
4.806941874373014	1.58
1.4547889356266013	1.58
3.5083333999648394	1.58
13.783267593110775	1.58
6.4674506262770155	1.58
1.1972712849166367	1.58
7.140896067430195	1.58
14.655330130801588	1.58
8.62521693509628	1.58
1.1972712849166367	1.58
6.2170910268242245	1.58
8.295723533003361	1.58
7.959297155412769	1.58
1.1972712849166367	1.58
5.1400299296096925	1.58
8.814327297919803	1.58
12.980444401205292	1.58
1.1972712849166367	1.58
5.1400299296096925	1.58
12.290739708311342	1.58
8.721698285427337	1.58
3.6592269395291837	1.58
8.263941000822788	1.58
13.837284303981072	1.58
8.708115574643836	1.58
2.483623966374374	1.58
4.903915664996058	1.58
13.837284303981072	1.58
7.749820628027001	1.58
2.0311473897675496	1.58
2.343135740541234	1.58
10.369809946746795	1.58
12.904011250146294	1.58
2.0311473897675496	1.58
0.3750893701634439	1.58
9.536915069397667	1.58
6.997852060830305	1.58
3.9927112732082697	1.58
0.7227018038612814	1.58
7.937170310769413	1.58
8.4357256125789	1.58
3.9927112732082697	1.58
0.7227018038612814	1.58
10.452883053226955	1.58
7.249410092222707	1.58
3.351482858901544	1.58
3.015035306866368	1.58
12.473567646159557	1.58
9.82512282661206	1.58
4.170448390004244	1.58
3.015035306866368	1.58
12.473567646159557	1.58
7.080374856781984	1.58
3.810444184894544	1.58
3.015035306866368	1.58
11.67723583518908	1.58
7.888165011706972	1.58
3.4825179128500334	1.58
0.8788274900165662	1.58
11.67723583518908	1.58
5.041554377241099	1.58
3.3179692177051674	1.58
0.8788274900165662	1.58
11.67723583518908	1.58
5.929436296464177	1.58
3.3179886595888153	1.58
1.074844303143843	1.58
11.67723583518908	1.58
8.538655489432859	1.58
3.3179886595888153	1.58
0.2655398345976536	1.58
11.812789463658508	1.58
8.614317079624962	1.58
3.3179886595888153	1.58
0.2655398345976536	1.58
9.820862972562722	1.58
8.614317079624962	1.58
5.741574333628705	1.58
0.2655398345976536	1.58
8.755998234544153	1.58
14.97424801680619	1.58
3.5083290393173785	1.58
0.2655398345976536	1.58
15.00138817117254	1.58
10.657994071526549	1.58
1.7189853743037027	1.58
0.2655398345976536	1.58
15.00138817117254	1.58
13.766233069803791	1.58
1.7189853743037027	1.58
0.2655398345976536	1.58
11.142616314822389	1.58
13.766233069803791	1.58
1.7189853743037027	1.58
0.2655398345976536	1.58
13.931642453028962	1.58
17.85625939596475	1.58
1.0362325794734133	1.58
0.5221278038096564	1.58
13.931642453028962	1.58
14.625258760798461	1.58
1.0362325794734133	1.58
0.5086048706328867	1.58
13.931642453028962	1.58
14.625258760798461	1.58
1.0362325794734133	1.58
0.5086048706328867	1.58
13.931642453028962	1.58
14.625258760798461	1.58
1.0362325794734133	1.58
0.5086048706328867	1.58
8.5405887060845	1.58
11.743192162130356	1.58
1.0362325794734133	1.58
1.3159854020893516	1.58
9.385705718176302	1.58
7.921951035345055	1.58
1.0362325794734133	1.58
2.913558367394746	1.58
11.390425250993136	1.58
12.4511314096353	1.58
6.064682937238171	1.58
6.955648219164697	1.58
11.390425250993136	1.58
17.927205377965326	1.58
6.064682937238171	1.58
8.455711005793626	1.58
10.554549771333187	1.58
16.604798409789936	1.58
7.582662555965104	1.58
8.338469798761917	1.58
9.807898634034201	1.58
16.604798409789936	1.58
6.511726412363666	1.58
7.706092006607481	1.58
10.374783087956667	1.58
16.604798409789936	1.58
6.738374137315564	1.58
7.533429151783771	1.58
11.941851750560943	1.58
16.604798409789936	1.58
6.099835216200752	1.58
3.5473875459777826	1.58
13.165375806442476	1.58
16.604798409789936	1.58
4.89036771449028	1.58
3.5473875459777826	1.58
15.150037849960325	1.58
15.038985689834712	1.58
4.89036771449028	1.58
3.5473875459777826	1.58
15.608204571758623	1.58
15.038985689834712	1.58
2.2655543562183365	1.58
3.5473875459777826	1.58
11.481965856514037	1.58
15.038985689834712	1.58
2.2655543562183365	1.58
3.5473875459777826	1.58
8.984053967740927	1.58
11.02010917694965	1.58
2.2655543562183365	1.58
3.5473875459777826	1.58
11.944801757111161	1.58
15.187568457268089	1.58
4.079661603917659	1.58
4.2931022608911835	1.58
16.8654016415798	1.58
15.187568457268089	1.58
4.079661603917659	1.58
4.2931022608911835	1.58
16.8654016415798	1.58
15.187568457268089	1.58
4.079661603917659	1.58
4.2931022608911835	1.58
17.335619877155374	1.58
10.629222534894616	1.58
4.732607474043591	1.58
4.2931022608911835	1.58
17.335619877155374	1.58
11.057659205522532	1.58
4.0402997826295	1.58
0.49937602401661785	1.58
17.335619877155374	1.58
15.219040193724524	1.58
0.12489835084577194	1.58
0.49937602401661785	1.58
17.335619877155374	1.58
14.31089222682116	1.58
7.792493838992684	1.58
0.49937602401661785	1.58
17.335619877155374	1.58
14.31089222682116	1.58
0.45020672262313255	1.58
0.49937602401661785	1.58
17.335619877155374	1.58
16.670410176542365	1.58
0.45020672262313255	1.58
0.49937602401661785	1.58
17.335619877155374	1.58
16.670410176542365	1.58
0.45020672262313255	1.58
0.49937602401661785	1.58
17.335619877155374	1.58
11.743235947281566	1.58
0.45020672262313255	1.58
0.49937602401661785	1.58
14.890504909847717	1.58
8.433216807220662	1.58
0.45020672262313255	1.58
0.49937602401661785	1.58
8.487434533604615	1.58
12.56720562989376	1.58
0.45020672262313255	1.58
0.49937602401661785	1.58
10.901124213072919	1.58
15.05758089211584	1.58
0.45020672262313255	1.58
0.49937602401661785	1.58
11.775082303111049	1.58
15.05758089211584	1.58
0.45020672262313255	1.58
0.49937602401661785	1.58
9.028322884234617	1.58
15.05758089211584	1.58
5.7272168747831	1.58
0.49937602401661785	1.58
12.31352272367575	1.58
11.733436338121074	1.58
5.526171703224243	1.58
0.49937602401661785	1.58
13.310571397150603	1.58
13.182804959353248	1.58
5.273161606733769	1.58
0.49937602401661785	1.58
13.310571397150603	1.58
13.182804959353248	1.58
5.171003912976211	1.58
0.49937602401661785	1.58
13.310571397150603	1.58
14.076072703881893	1.58
5.171003912976211	1.58
0.49937602401661785	1.58
7.038699789601052	1.58
14.076072703881893	1.58
3.4434206589195697	1.58
0.49937602401661785	1.58
12.02981352741362	1.58
15.098507794998001	1.58
3.4434206589195697	1.58
0.49937602401661785	1.58
12.02981352741362	1.58
15.098507794998001	1.58
3.4434206589195697	1.58
0.49937602401661785	1.58
11.748443497485413	1.58
17.86366351095644	1.58
3.4434206589195697	1.58
0.49937602401661785	1.58
11.748443497485413	1.58
15.080603741336093	1.58
7.202282600865126	1.58
0.49937602401661785	1.58
11.748443497485413	1.58
8.58415005823105	1.58
9.198706776660366	1.58
0.4674662935388536	1.58
11.260645134838763	1.58
9.151383391189452	1.58
7.63368268164132	1.58
0.4674662935388536	1.58
14.673324532297425	1.58
9.980090847587759	1.58
2.937726133171674	1.58
0.4674662935388536	1.58
7.664330293480326	1.58
11.935916108901173	1.58
2.937726133171674	1.58
3.240356075436072	1.58
8.650096253168197	1.58
11.935916108901173	1.58
2.937726133171674	1.58
1.8373475146896698	1.58
7.623823874036132	1.58
15.195701258350663	1.58
2.937726133171674	1.58
1.1831473980766232	1.58
9.412680096325508	1.58
9.626181541588327	1.58
2.937726133171674	1.58
1.1831473980766232	1.58
11.48759689795905	1.58
8.9502198942176	1.58
4.144732293204007	1.58
1.1831473980766232	1.58
11.010016137738535	1.58
7.588445270229174	1.58
4.144732293204007	1.58
1.1831473980766232	1.58
12.732583957919413	1.58
10.04506347500067	1.58
4.144732293204007	1.58
1.1831473980766232	1.58
10.361487014828064	1.58
6.334599703724213	1.58
3.589121704522098	1.58
5.542695286614088	1.58
11.846070734266819	1.58
7.674053431044234	1.58
3.83784664802127	1.58
4.277734051458712	1.58
9.608792983834014	1.58
8.165023442003793	1.58
2.082024165762692	1.58
3.65149720922835	1.58
14.866989776149037	1.58
5.250260093213387	1.58
2.082024165762692	1.58
3.65149720922835	1.58
13.801333603940872	1.58
4.56112412889406	1.58
2.082024165762692	1.58
3.65149720922835	1.58
9.949537091649226	1.58
4.381638911480401	1.58
2.082024165762692	1.58
3.65149720922835	1.58
15.222073840453923	1.58
4.489993136334177	1.58
2.894888201353277	1.58
3.65149720922835	1.58
11.987892643236478	1.58
5.500688935813727	1.58
0.8554122975077387	1.58
7.639094004443412	1.58
12.230643919958563	1.58
8.10045524574959	1.58
2.1153045451507637	1.58
3.6889335900787543	1.58
7.17636699139005	1.58
11.469079777748368	1.58
1.5415669957631604	1.58
2.166267895631276	1.58
7.17636699139005	1.58
11.469079777748368	1.58
3.1008995525247904	1.58
2.166267895631276	1.58
9.050505604058936	1.58
9.299274399942895	1.58
0.7946146430746168	1.58
2.166267895631276	1.58
9.050505604058936	1.58
9.299274399942895	1.58
0.7946146430746168	1.58
2.166267895631276	1.58
12.564205839782328	1.58
14.493099230534515	1.58
0.7946146430746168	1.58
2.166267895631276	1.58
12.564205839782328	1.58
14.493099230534515	1.58
0.7946146430746168	1.58
3.760121598701385	1.58
15.458368690029864	1.58
14.493099230534515	1.58
0.7946146430746168	1.58
3.760121598701385	1.58
13.411931522732385	1.58
14.365756769241521	1.58
0.5200156247195178	1.58
5.144821958040048	1.58
16.24946353622383	1.58
8.255714134320478	1.58
0.5200156247195178	1.58
5.144821958040048	1.58
16.24946353622383	1.58
9.78721155324347	1.58
1.206503384670846	1.58
5.144821958040048	1.58
16.24946353622383	1.58
13.017582801714969	1.58
1.206503384670846	1.58
5.144821958040048	1.58
16.24946353622383	1.58
14.790491681366435	1.58
1.206503384670846	1.58
5.144821958040048	1.58
16.24946353622383	1.58
14.790491681366435	1.58
1.206503384670846	1.58
5.144821958040048	1.58
16.24946353622383	1.58
14.790491681366435	1.58
4.688345690105791	1.58
4.846477942062361	1.58
16.24946353622383	1.58
14.790491681366435	1.58
4.688345690105791	1.58
4.846477942062361	1.58
16.24946353622383	1.58
15.075447904560312	1.58
4.688345690105791	1.58
4.846477942062361	1.58
17.048416949370765	1.58
13.81197155178141	1.58
4.688345690105791	1.58
4.846477942062361	1.58
17.048416949370765	1.58
13.81197155178141	1.58
4.688345690105791	1.58
0.40965598723187036	1.58
17.048416949370765	1.58
10.6674944671492	1.58
4.688345690105791	1.58
0.40965598723187036	1.58
17.048416949370765	1.58
10.6674944671492	1.58
5.938440032767848	1.58
0.40965598723187036	1.58
17.048416949370765	1.58
9.969714737891984	1.58
6.072346003515172	1.58
2.6476229209718465	1.58
17.048416949370765	1.58
11.465351503128774	1.58
10.336122814817756	1.58
2.6476229209718465	1.58
12.322188877955979	1.58
11.691995667407948	1.58
9.852535192137294	1.58
2.6476229209718465	1.58
8.84243079212806	1.58
11.149366805897396	1.58
9.852535192137294	1.58
0.509734458496391	1.58
8.126219335929813	1.58
8.532639892908438	1.58
10.521351296689016	1.58
0.41825107944930195	1.58
8.913661319552308	1.58
8.948231779276878	1.58
10.521351296689016	1.58
0.41825107944930195	1.58
12.780529778431474	1.58
10.981669711318823	1.58
10.521351296689016	1.58
0.41825107944930195	1.58
13.214003000413406	1.58
17.750559895705	1.58
10.396832407615914	1.58
0.41825107944930195	1.58
12.8368545999272	1.58
10.496942136644773	1.58
9.500406923412562	1.58
0.41825107944930195	1.58
12.8368545999272	1.58
10.135061468429422	1.58
8.933817379846268	1.58
0.41825107944930195	1.58
12.8368545999272	1.58
9.54233378543673	1.58
8.792396789492033	1.58
0.41825107944930195	1.58
12.908379556778769	1.58
9.54233378543673	1.58
8.668173456728164	1.58
0.8478586549457034	1.58
8.773570085909252	1.58
10.096161542829496	1.58
8.659977224737323	1.58
0.8478586549457034	1.58
8.741160616608152	1.58
9.468320260710344	1.58
8.187188837404697	1.58
0.8478586549457034	1.58
11.858059824734823	1.58
8.411807134483889	1.58
8.187188837404697	1.58
1.0441097785810927	1.58
12.168613701774913	1.58
13.39858150598685	1.58
5.380374419919843	1.58
1.0441097785810927	1.58
13.585647531237377	1.58
16.08058303602713	1.58
5.380374419919843	1.58
1.204960395892309	1.58
13.585647531237377	1.58
16.08058303602713	1.58
5.380374419919843	1.58
1.204960395892309	1.58
13.430826407784455	1.58
16.08058303602713	1.58
5.320440473340106	1.58
1.204960395892309	1.58
8.209222970441955	1.58
16.08058303602713	1.58
5.320440473340106	1.58
1.204960395892309	1.58
11.096840154670282	1.58
10.774342451086438	1.58
5.502405323015282	1.58
1.204960395892309	1.58
11.551028822535356	1.58
9.15532943407945	1.58
4.219649046814494	1.58
2.769103063541184	1.58
14.624287265216141	1.58
7.600938331217454	1.58
4.219649046814494	1.58
2.769103063541184	1.58
14.521840313433396	1.58
10.394252071393915	1.58
4.219649046814494	1.58
2.769103063541184	1.58
13.032714265076118	1.58
16.512792977696748	1.58
0.5305283320392657	1.58
4.693428822248233	1.58
11.438415181289315	1.58
10.223654322481472	1.58
0.5305283320392657	1.58
4.693428822248233	1.58
11.241751484354547	1.58
9.492071200144553	1.58
0.5305283320392657	1.58
4.693428822248233	1.58
11.355600342709806	1.58
15.525853891432163	1.58
0.5305283320392657	1.58
9.466768011653901	1.58
12.662932858859543	1.58
15.525853891432163	1.58
0.5305283320392657	1.58
7.4611674800912	1.58
8.661184037396339	1.58
15.525853891432163	1.58
0.5305283320392657	1.58
9.019489637141863	1.58
14.503584128916707	1.58
15.525853891432163	1.58
0.5305283320392657	1.58
6.129783506741985	1.58
7.806244456924981	1.58
13.182571906254575	1.58
0.5305283320392657	1.58
6.6050543994156925	1.58
7.498822439148972	1.58
16.987874572100722	1.58
2.4014362365936783	1.58
6.6050543994156925	1.58
10.76370321590103	1.58
16.987874572100722	1.58
2.4014362365936783	1.58
6.719718614143682	1.58
10.76370321590103	1.58
17.790700482385496	1.58
0.3532332284122326	1.58
6.719718614143682	1.58
9.361040654305647	1.58
17.790700482385496	1.58
0.3532332284122326	1.58
4.7296138947388116	1.58
8.475510798384432	1.58
15.574183287147669	1.58
0.8019466231677006	1.58
0.24598985259626183	1.58
7.906733825322919	1.58
12.94145915392437	1.58
0.8019466231677006	1.58
0.24598985259626183	1.58
5.829683451659967	1.58
12.197029337174673	1.58
0.8818295926146478	1.58
0.6109903015770461	1.58
4.067020405898239	1.58
17.637201486026594	1.58
0.8818295926146478	1.58
0.6109903015770461	1.58
3.177415659373749	1.58
13.249477096122082	1.58
0.8818295926146478	1.58
0.6109903015770461	1.58
2.38978283853546	1.58
13.249477096122082	1.58
0.1505115329806177	1.58
1.3027402999973232	1.58
2.6140610392815287	1.58
11.292386026400006	1.58
4.246253305050373	1.58
0.20574042331899411	1.58
2.6140610392815287	1.58
15.960425073395921	1.58
5.3929702868720035	1.58
0.34483197462746196	1.58
1.3572287944469181	1.58
17.581655442968753	1.58
10.521193967114586	1.58
0.34483197462746196	1.58
1.3572287944469181	1.58
14.280248122006318	1.58
9.157558595856226	1.58
0.34483197462746196	1.58
1.3572287944469181	1.58
14.280248122006318	1.58
9.011912929471585	1.58
0.34483197462746196	1.58
0.8676792496847483	1.58
16.672696514727427	1.58
8.598462864649186	1.58
0.34483197462746196	1.58
0.8676792496847483	1.58
13.402015130473163	1.58
7.7802922785307524	1.58
0.31818855348749564	1.58
0.6461864450317245	1.58
10.868737534415484	1.58
10.211105206363875	1.58
0.31818855348749564	1.58
0.8191047877833133	1.58
11.129358996069465	1.58
12.105327498750132	1.58
0.4473256256773811	1.58
5.265250564841698	1.58
10.789356519759677	1.58
13.108823376972312	1.58
1.6639655907119875	1.58
7.289297764619665	1.58
10.423738372938699	1.58
13.710547108402707	1.58
1.6639655907119875	1.58
8.425358165435512	1.58
10.423738372938699	1.58
14.7730758783086	1.58
3.987427549327009	1.58
2.685989158231642	1.58
7.610392844659815	1.58
12.66043805094029	1.58
4.573167691375838	1.58
2.685989158231642	1.58
7.610392844659815	1.58
11.922389521175973	1.58
1.6223944774324446	1.58
3.419037024583773	1.58
12.95924027470333	1.58
12.189104353528766	1.58
0.402112581576088	1.58
2.248648220339682	1.58
12.96557195307821	1.58
12.43345097078098	1.58
0.402112581576088	1.58
2.248648220339682	1.58
13.134859198000035	1.58
12.43345097078098	1.58
0.402112581576088	1.58
0.5949983241007111	1.58
13.167739718462819	1.58
12.248586510256558	1.58
0.35558943100216045	1.58
0.5949983241007111	1.58
8.408159844602233	1.58
12.248586510256558	1.58
0.35558943100216045	1.58
0.5751366854948254	1.58
9.373531231460538	1.58
11.733721912837277	1.58
0.29359651956119653	1.58
0.6710033130585358	1.58
11.698625407344132	1.58
11.74220137052732	1.58
0.10673051569467318	1.58
0.6710033130585358	1.58
11.709263641413198	1.58
11.745927309516551	1.58
0.34450968610688615	1.58
0.8704217486984128	1.58
11.71993707666126	1.58
11.745927309516551	1.58
0.34450968610688615	1.58
0.8704217486984128	1.58
11.719033026817437	1.58
11.763411319318188	1.58
0.1390215954823475	1.58
1.1623423895565848	1.58
11.719033026817437	1.58
13.949822039137647	1.58
0.1390215954823475	1.58
1.1623423895565848	1.58
12.279830073779852	1.58
13.155054793973495	1.58
0.1390215954823475	1.58
1.4023509644457188	1.58
12.279830073779852	1.58
7.746105707300916	1.58
0.1390215954823475	1.58
1.4023509644457188	1.58
10.431888083885516	1.58
7.738101580920876	1.58
0.1390215954823475	1.58
1.4023509644457188	1.58
9.848798890918932	1.58
6.2253558898739545	1.58
0.1390215954823475	1.58
1.4023509644457188	1.58
10.788117465030137	1.58
4.488824803518186	1.58
0.23556986944660907	1.58
1.357326365471598	1.58
6.50157806013022	1.58
4.704009947158869	1.58
0.7617621077859774	1.58
1.490054023816775	1.58
8.506026803196596	1.58
4.97565938192167	1.58
0.26409769603895983	1.58
1.3070887414354062	1.58
13.34693345441087	1.58
8.451411430167111	1.58
0.26409769603895983	1.58
1.3070887414354062	1.58
16.198768766461235	1.58
8.451411430167111	1.58
1.074931079816638	1.58
1.3550232388196386	1.58
13.36706686872942	1.58
5.850282276603094	1.58
1.074931079816638	1.58
2.315379343631999	1.58
11.263092393632807	1.58
5.850282276603094	1.58
2.1385166538149836	1.58
2.443200252903293	1.58
10.163651950061332	1.58
4.379727227649707	1.58
1.9984988122424956	1.58
2.233051007783805	1.58
11.065022675814324	1.58
4.6745656774842175	1.58
2.1065478160265907	1.58
2.273571008299988	1.58
9.141359298168737	1.58
4.579889779310237	1.58
2.1065478160265907	1.58
2.472125247649925	1.58
9.29503796721077	1.58
4.617807731970348	1.58
2.1065478160265907	1.58
2.4152472100470344	1.58
14.475319419215806	1.58
4.617807731970348	1.58
5.742367794273957	1.58
1.0880971792750742	1.58
14.475319419215806	1.58
7.257021293481568	1.58
7.761721813056369	1.58
1.0880971792750742	1.58
17.968879261299474	1.58
8.47362443515212	1.58
6.431434073755391	1.58
3.4373865731418016	1.58
17.56936375831833	1.58
6.525173871485917	1.58
5.5790765472070465	1.58
3.913821044159106	1.58
12.32276328207016	1.58
3.0495781462036824	1.58
5.671632658446556	1.58
4.124384571311442	1.58
13.97769070494748	1.58
2.182737679237091	1.58
6.0762646162790634	1.58
3.4020706411347152	1.58
13.97769070494748	1.58
2.182737679237091	1.58
4.3364092476624805	1.58
3.4020706411347152	1.58
16.409995454381804	1.58
2.182737679237091	1.58
4.3364092476624805	1.58
4.444280824368725	1.58
14.776884710018386	1.58
2.8579421128938325	1.58
4.247746254968704	1.58
5.403767484952267	1.58
14.309116479909017	1.58
3.236194181703657	1.58
4.247746254968704	1.58
5.717258525922577	1.58
10.212936766931012	1.58
3.236194181703657	1.58
2.9865420111470766	1.58
6.40220623956494	1.58
7.616606465099894	1.58
1.9824831019071203	1.58
2.9865420111470766	1.58
10.085337246292116	1.58
7.071541207175272	1.58
1.9824831019071203	1.58
2.708769500469624	1.58
7.0486737304206475	1.58
9.436843074794186	1.58
0.22478438719437577	1.58
2.708769500469624	1.58
5.536524514692438	1.58
7.880195821336662	1.58
0.22478438719437577	1.58
4.35831497263289	1.58
7.529018248538874	1.58
9.859903421938604	1.58
0.22478438719437577	1.58
2.401913514740996	1.58
11.707594674953814	1.58
15.37099647212851	1.58
0.22478438719437577	1.58
2.401913514740996	1.58
14.15346053216999	1.58
15.37099647212851	1.58
4.173842485763037	1.58
2.401913514740996	1.58
13.682502433164935	1.58
13.25996943399452	1.58
4.173842485763037	1.58
2.401913514740996	1.58
13.682502433164935	1.58
13.463931431852707	1.58
4.173842485763037	1.58
2.401913514740996	1.58
13.682502433164935	1.58
14.116159283112458	1.58
4.173842485763037	1.58
2.401913514740996	1.58
13.114194816933285	1.58
14.116159283112458	1.58
4.421095742281372	1.58
2.401913514740996	1.58
13.60735972696015	1.58
13.129623921412396	1.58
3.59017104857913	1.58
2.401913514740996	1.58
11.884045965098688	1.58
13.129623921412396	1.58
1.1335558449578809	1.58
2.136599303199766	1.58
14.329163945057005	1.58
11.352089713712695	1.58
1.1335558449578809	1.58
1.4007690492222213	1.58
13.607304939014137	1.58
12.217735640688414	1.58
1.1335558449578809	1.58
5.679904178147738	1.58
10.440726905454442	1.58
9.528261557379466	1.58
1.1335558449578809	1.58
2.130072461753687	1.58
17.192731901349127	1.58
9.528261557379466	1.58
1.805034214592025	1.58
2.130072461753687	1.58
14.193491590059004	1.58
14.984140761886998	1.58
1.805034214592025	1.58
2.130072461753687	1.58
8.780907007878682	1.58
14.984140761886998	1.58
0.9976586283339586	1.58
2.130072461753687	1.58
6.013740510552793	1.58
8.791786186770887	1.58
0.9976586283339586	1.58
1.7039779982250796	1.58
10.21364388722394	1.58
13.171469381865274	1.58
0.9976586283339586	1.58
1.7039779982250796	1.58
11.315842168494138	1.58
13.171469381865274	1.58
0.9976586283339586	1.58
1.7039779982250796	1.58
16.420378101768204	1.58
13.171469381865274	1.58
0.9976586283339586	1.58
1.7039779982250796	1.58
16.420378101768204	1.58
9.881272682170355	1.58
3.210750557949358	1.58
1.7039779982250796	1.58
14.876743632274042	1.58
9.000724599727828	1.58
3.210750557949358	1.58
1.7039779982250796	1.58
14.200134712617942	1.58
11.26513879826004	1.58
1.2773786427157283	1.58
1.7039779982250796	1.58
14.200134712617942	1.58
16.38608231171996	1.58
1.2773786427157283	1.58
1.7039779982250796	1.58
14.200134712617942	1.58
16.38608231171996	1.58
1.2773786427157283	1.58
1.7039779982250796	1.58
16.189688189691473	1.58
16.38608231171996	1.58
1.2773786427157283	1.58
1.7039779982250796	1.58
16.189688189691473	1.58
11.928076734032208	1.58
1.0094333471112424	1.58
1.7039779982250796	1.58
13.950947728766234	1.58
11.928076734032208	1.58
1.0094333471112424	1.58
2.9774502710221373	1.58
14.285070774877825	1.58
14.128454029298751	1.58
1.0094333471112424	1.58
2.9774502710221373	1.58
17.421508558055436	1.58
8.724892413948702	1.58
1.0094333471112424	1.58
4.407897471965763	1.58
17.421508558055436	1.58
15.24295904381759	1.58
1.0094333471112424	1.58
3.018731623454597	1.58
17.421508558055436	1.58
15.24295904381759	1.58
1.0094333471112424	1.58
3.018731623454597	1.58
17.421508558055436	1.58
15.24295904381759	1.58
1.0094333471112424	1.58
3.018731623454597	1.58
16.17620316249093	1.58
11.254099498249797	1.58
1.0094333471112424	1.58
3.4975464497953546	1.58
16.17620316249093	1.58
15.592067914421644	1.58
1.0094333471112424	1.58
3.4975464497953546	1.58
12.734183144199555	1.58
14.185126253221364	1.58
1.0094333471112424	1.58
3.4975464497953546	1.58
11.459735287365078	1.58
12.320992716050103	1.58
1.6670995900117394	1.58
3.2241669610070343	1.58
11.459735287365078	1.58
7.618848811447642	1.58
1.6670995900117394	1.58
5.356532797719922	1.58
9.763387978619335	1.58
7.618848811447642	1.58
2.169093408561383	1.58
1.6762962859150132	1.58
13.727710118681754	1.58
7.966219336325028	1.58
2.169093408561383	1.58
3.2386772184697854	1.58
14.223378240363303	1.58
8.934548197782355	1.58
2.169093408561383	1.58
4.11243743118695	1.58
14.223378240363303	1.58
11.98661063870605	1.58
2.169093408561383	1.58
4.11243743118695	1.58
14.223378240363303	1.58
12.770382246274156	1.58
2.169093408561383	1.58
1.202744678092703	1.58
7.765752003994617	1.58
17.662068636130574	1.58
2.169093408561383	1.58
1.202744678092703	1.58
5.4649276207020945	1.58
10.231807983229974	1.58
2.169093408561383	1.58
1.202744678092703	1.58
4.616631435694842	1.58
13.075212159555813	1.58
2.169093408561383	1.58
0.5549606633414568	1.58
4.916680473516656	1.58
13.075212159555813	1.58
3.287952438490498	1.58
2.691159646096171	1.58
5.227404380591587	1.58
9.772208704631364	1.58
1.6172593273319582	1.58
2.2320882682536554	1.58
8.144596253239515	1.58
6.149753976116472	1.58
1.6172593273319582	1.58
2.2320882682536554	1.58
5.82054728936369	1.58
10.624269787051983	1.58
1.6172593273319582	1.58
1.793190218853593	1.58
7.829801196655849	1.58
15.51288884177217	1.58
1.7697879480836791	1.58
4.556293045235918	1.58
8.046610481077492	1.58
15.51288884177217	1.58
1.7697879480836791	1.58
2.330021138332195	1.58
13.373131642905342	1.58
10.566083936971825	1.58
1.7697879480836791	1.58
2.330021138332195	1.58
12.204606564025905	1.58
10.566083936971825	1.58
1.7697879480836791	1.58
2.330021138332195	1.58
15.929052323246022	1.58
16.75506142588213	1.58
1.7697879480836791	1.58
2.330021138332195	1.58
17.008080280752043	1.58
14.952175015285142	1.58
1.7697879480836791	1.58
2.9448927450814377	1.58
15.10716373472928	1.58
12.438876530895266	1.58
1.7697879480836791	1.58
0.21716894596844405	1.58
12.133383089815672	1.58
10.029931440613492	1.58
5.030217801960103	1.58
1.8589405598974942	1.58
8.942027054322896	1.58
8.225243130569563	1.58
5.052905748757104	1.58
1.8589405598974942	1.58
9.52276700305211	1.58
9.89807184663705	1.58
6.849009458091446	1.58
3.7571611411616264	1.58
10.527885360646058	1.58
15.558716599121672	1.58
6.662101030747657	1.58
3.7571611411616264	1.58
12.129357459738547	1.58
16.910588707671966	1.58
6.662101030747657	1.58
3.7571611411616264	1.58
13.155899727733582	1.58
16.910588707671966	1.58
0.3173689623958058	1.58
0.7366026744934331	1.58
11.734506537689516	1.58
16.910588707671966	1.58
0.48046808942390307	1.58
0.6511064469314007	1.58
15.17766086253458	1.58
10.563982245252284	1.58
2.8198502676208523	1.58
2.6901646991668215	1.58
12.142632541209847	1.58
15.288597408578447	1.58
2.8198502676208523	1.58
4.870645351465022	1.58
13.152465946436743	1.58
15.111347767913069	1.58
2.8198502676208523	1.58
4.870645351465022	1.58
13.152465946436743	1.58
15.111347767913069	1.58
2.8198502676208523	1.58
0.5342624466001009	1.58
12.568948156947478	1.58
15.111347767913069	1.58
2.8198502676208523	1.58
0.5342624466001009	1.58
7.395858126121883	1.58
15.111347767913069	1.58
2.8198502676208523	1.58
0.5342624466001009	1.58
4.28518619261102	1.58
15.111347767913069	1.58
1.9651371533945676	1.58
0.5342624466001009	1.58
3.97652504682779	1.58
15.111347767913069	1.58
1.9651371533945676	1.58
0.8007476789374204	1.58
3.4231472615702465	1.58
15.111347767913069	1.58
0.8509024754150065	1.58
0.2507284461816166	1.58
6.3719478467842565	1.58
8.907419054950811	1.58
0.8509024754150065	1.58
0.2507284461816166	1.58
7.616643954295453	1.58
8.907419054950811	1.58
0.8509024754150065	1.58
0.5818177582912369	1.58
13.690418820466768	1.58
6.907586136436337	1.58
0.8509024754150065	1.58
0.5818177582912369	1.58
11.99853670060474	1.58
7.479842404317118	1.58
0.8509024754150065	1.58
0.5818177582912369	1.58
11.99853670060474	1.58
5.840522142698543	1.58
0.8509024754150065	1.58
0.5818177582912369	1.58
11.5282679138087	1.58
3.2850887459821165	1.58
0.8509024754150065	1.58
0.6729462717271826	1.58
10.723146483870664	1.58
3.407593361154531	1.58
1.5998659938381197	1.58
0.6729462717271826	1.58
11.21635311264847	1.58
3.618002342893664	1.58
1.275680864362871	1.58
1.432217667830022	1.58
7.101675482243611	1.58
3.5884165588154997	1.58
1.275680864362871	1.58
0.5610686817960278	1.58
9.12486128101426	1.58
3.5884165588154997	1.58
0.6472552660211441	1.58
3.2421708185457003	1.58
10.118864818973377	1.58
3.7633454834691658	1.58
1.2111898722954701	1.58
0.6949367959000927	1.58
14.420660184461891	1.58
5.740170392954067	1.58
1.2111898722954701	1.58
0.6949367959000927	1.58
7.753154992927542	1.58
3.7263374202547177	1.58
1.2111898722954701	1.58
1.1869476376297965	1.58
9.550180375583428	1.58
3.4485145957505634	1.58
0.6761237645840104	1.58
1.1869476376297965	1.58
14.984250397894092	1.58
4.54291479968408	1.58
0.6761237645840104	1.58
2.7007568007936467	1.58
14.984250397894092	1.58
3.7075165985121536	1.58
0.6761237645840104	1.58
1.8155118725610162	1.58
14.984250397894092	1.58
5.975808486168782	1.58
0.6761237645840104	1.58
1.8155118725610162	1.58
11.523265081727413	1.58
7.49998277860671	1.58
3.283263396038146	1.58
1.8155118725610162	1.58
8.305424660449875	1.58
5.654529236828297	1.58
3.283263396038146	1.58
2.6934064452054516	1.58
5.8181611761410785	1.58
6.064436843305911	1.58
1.5027331838459164	1.58
2.6934064452054516	1.58
6.17392250205901	1.58
9.328756186979582	1.58
1.5027331838459164	1.58
4.09065509326938	1.58
6.001808214352507	1.58
5.736392952978724	1.58
1.5027331838459164	1.58
3.057944630063419	1.58
5.087838449971514	1.58
6.819181962942986	1.58
0.34509368829831644	1.58
2.933321864142287	1.58
5.702800984044082	1.58
5.540221693724549	1.58
0.8924665608814433	1.58
2.095806262163763	1.58
7.988182701134153	1.58
4.491440546103038	1.58
2.337528915619111	1.58
2.095806262163763	1.58
7.043965675522812	1.58
5.203987484759715	1.58
3.194216334694598	1.58
0.20333233835825215	1.58
7.374823788339184	1.58
7.573202332843732	1.58
4.625858728567265	1.58
0.20333233835825215	1.58
9.142849543807031	1.58
10.210537096706094	1.58
0.9298697263559177	1.58
0.9438153902424151	1.58
12.97912681263344	1.58
6.673638942353487	1.58
0.9298697263559177	1.58
2.4720115470805624	1.58
13.803494469156707	1.58
6.673638942353487	1.58
1.634532007569243	1.58
2.993488706214791	1.58
14.964212541092238	1.58
6.673638942353487	1.58
1.634532007569243	1.58
2.993488706214791	1.58
12.416237061257977	1.58
6.673638942353487	1.58
1.634532007569243	1.58
2.993488706214791	1.58
12.416237061257977	1.58
8.568280428779772	1.58
1.634532007569243	1.58
2.993488706214791	1.58
13.435866636293879	1.58
8.339261921005516	1.58
1.634532007569243	1.58
2.993488706214791	1.58
16.036737007673622	1.58
11.162181291058008	1.58
1.634532007569243	1.58
2.993488706214791	1.58
16.036737007673622	1.58
7.042305114484468	1.58
1.634532007569243	1.58
3.1584953724822196	1.58
16.036737007673622	1.58
5.071763286475404	1.58
1.634532007569243	1.58
3.6286439215767103	1.58
10.073542508751746	1.58
4.049810785266191	1.58
2.086785224403621	1.58
3.6286439215767103	1.58
11.864134186134255	1.58
3.5237830554321814	1.58
1.6105420827425785	1.58
0.540531516593898	1.58
7.54218390010416	1.58
2.6130887063921393	1.58
1.6105420827425785	1.58
0.540531516593898	1.58
6.231430438220786	1.58
2.8278769322030284	1.58
0.6155723124337142	1.58
1.788702798490153	1.58
7.811622707074244	1.58
2.606044998462487	1.58
0.6155723124337142	1.58
1.4455808919691582	1.58
12.144917446812508	1.58
4.321342239200697	1.58
2.0387113946906115	1.58
1.5169422702428053	1.58
14.188325329999678	1.58
4.098381758142603	1.58
0.7834152599030659	1.58
1.5169422702428053	1.58
13.491907161520352	1.58
3.468533233243382	1.58
0.7834152599030659	1.58
0.7058817296301996	1.58
13.898401051377595	1.58
4.184159754625126	1.58
0.7834152599030659	1.58
0.7058817296301996	1.58
16.985693817150374	1.58
5.469099891722097	1.58
5.8686278372823	1.58
0.7058817296301996	1.58
15.017122423909683	1.58
5.305531660285067	1.58
5.923872644262572	1.58
2.9455624584262363	1.58
11.159427731347598	1.58
7.087894424937471	1.58
3.4207096398622303	1.58
3.923198717308148	1.58
17.882442250208893	1.58
6.330956647810954	1.58
4.759727547739391	1.58
3.923198717308148	1.58
17.882442250208893	1.58
5.640205021514763	1.58
4.360591528515842	1.58
2.5353291070020756	1.58
10.245173298169654	1.58
5.100448048899308	1.58
2.2240060771112873	1.58
2.5353291070020756	1.58
15.872000061228778	1.58
6.7099646880712145	1.58
2.665023143567982	1.58
4.127751825213542	1.58
10.952133335475537	1.58
6.768687893699017	1.58
2.8746451191561535	1.58
1.6071942711270601	1.58
16.86620473601429	1.58
9.46057747537631	1.58
3.6628326259735466	1.58
1.6071942711270601	1.58
10.161669471571146	1.58
6.428596500581417	1.58
3.6628326259735466	1.58
1.6071942711270601	1.58
13.273196442504128	1.58
8.109662800630275	1.58
3.6628326259735466	1.58
1.2965482776704462	1.58
9.189995846202752	1.58
10.262622284284612	1.58
0.35277726894899963	1.58
2.917097811504558	1.58
15.909201507349128	1.58
11.859647759245103	1.58
0.35277726894899963	1.58
2.917097811504558	1.58
15.909201507349128	1.58
11.859647759245103	1.58
0.35277726894899963	1.58
3.625904110539988	1.58
8.63407796205649	1.58
12.372872328124394	1.58
1.848770415557225	1.58
6.095520810717287	1.58
8.463989555634441	1.58
11.665418626358598	1.58
1.848770415557225	1.58
3.983915202507667	1.58
6.872247212173942	1.58
11.314885793422523	1.58
1.9776653998564733	1.58
3.983915202507667	1.58
10.32894734398381	1.58
12.606785275827923	1.58
1.9776653998564733	1.58
3.983915202507667	1.58
14.995517508420035	1.58
11.372263413341539	1.58
1.9776653998564733	1.58
3.983915202507667	1.58
15.091230352797307	1.58
11.372263413341539	1.58
5.216313858759655	1.58
5.534669910838457	1.58
12.130702684325271	1.58
10.680432765418647	1.58
4.624259967871139	1.58
2.2832426823189316	1.58
17.977259615197074	1.58
15.6130897364024	1.58
4.624259967871139	1.58
2.2832426823189316	1.58
17.977259615197074	1.58
16.151999223266046	1.58
2.7775580260782373	1.58
2.2832426823189316	1.58
17.977259615197074	1.58
15.081159718367605	1.58
1.0528249579899622	1.58
1.818593978708769	1.58
13.909752614787687	1.58
10.670897109155378	1.58
4.311620455362906	1.58
1.818593978708769	1.58
13.909752614787687	1.58
14.12038875911285	1.58
5.136284560222297	1.58
3.137716865787615	1.58
14.094255337298648	1.58
12.981376607759062	1.58
5.136284560222297	1.58
3.137716865787615	1.58
13.256657902102152	1.58
10.83914029266926	1.58
3.0252122359885316	1.58
3.137716865787615	1.58
13.256657902102152	1.58
14.72400206391255	1.58
3.0252122359885316	1.58
3.137716865787615	1.58
15.184938694687071	1.58
14.72400206391255	1.58
3.0252122359885316	1.58
3.137716865787615	1.58
15.184938694687071	1.58
12.74028908981701	1.58
2.4108632388831612	1.58
4.858811630761467	1.58
15.184938694687071	1.58
16.96939494859101	1.58
2.636297286598454	1.58
8.642326369734269	1.58
15.184938694687071	1.58
16.96939494859101	1.58
2.636297286598454	1.58
4.771869038816581	1.58
15.184938694687071	1.58
16.96939494859101	1.58
0.1204000351116612	1.58
4.39817631263427	1.58
8.746779144342812	1.58
16.96939494859101	1.58
3.894469524435282	1.58
5.44092622805624	1.58
10.265428287400255	1.58
16.96939494859101	1.58
3.894469524435282	1.58
7.032688050892259	1.58
12.1496894185133	1.58
16.96939494859101	1.58
3.894469524435282	1.58
7.032688050892259	1.58
12.1496894185133	1.58
16.160613395646738	1.58
3.894469524435282	1.58
7.032688050892259	1.58
8.71700881293975	1.58
16.160613395646738	1.58
3.894469524435282	1.58
10.443390262821117	1.58
7.109530080278677	1.58
17.005778079099045	1.58
0.745207880280061	1.58
11.825886414501618	1.58
7.109530080278677	1.58
17.5372185755026	1.58
0.745207880280061	1.58
11.584646883585778	1.58
5.72957896299532	1.58
14.775434846693994	1.58
0.745207880280061	1.58
10.699057858390486	1.58
9.154678999806851	1.58
15.57993330917731	1.58
0.745207880280061	1.58
7.538154584716759	1.58
10.348336256159623	1.58
16.25017977484209	1.58
0.745207880280061	1.58
3.6087021913301456	1.58
16.126317097453782	1.58
10.827673694876276	1.58
1.2973497745519555	1.58
3.6087021913301456	1.58
15.263115500219081	1.58
12.80545805778942	1.58
1.2973497745519555	1.58
3.6087021913301456	1.58
15.263115500219081	1.58
15.002425038213659	1.58
1.2973497745519555	1.58
3.5903950455582567	1.58
15.263115500219081	1.58
9.63837990684948	1.58
4.999973010662783	1.58
3.5903950455582567	1.58
12.673501566524212	1.58
13.740470169066443	1.58
4.999973010662783	1.58
0.7152063626213305	1.58
11.756344482173423	1.58
14.221245467378436	1.58
4.005745756676845	1.58
4.918537981824379	1.58
13.371982608994495	1.58
14.221245467378436	1.58
2.065311401962278	1.58
4.918537981824379	1.58
13.371982608994495	1.58
14.221245467378436	1.58
2.065311401962278	1.58
5.003333758569026	1.58
13.371982608994495	1.58
8.970945479428867	1.58
2.065311401962278	1.58
0.938244517147135	1.58
12.71236296524924	1.58
14.85337067669928	1.58
2.065311401962278	1.58
0.938244517147135	1.58
12.71236296524924	1.58
17.297764232433146	1.58
2.065311401962278	1.58
0.938244517147135	1.58
12.613472114784956	1.58
17.297764232433146	1.58
2.065311401962278	1.58
0.938244517147135	1.58
15.712511172646522	1.58
13.17868153904493	1.58
2.065311401962278	1.58
0.938244517147135	1.58
13.173069524644609	1.58
13.17868153904493	1.58
0.290747425673926	1.58
0.6331513030972022	1.58
13.173069524644609	1.58
8.661183466804422	1.58
1.3894256562202028	1.58
0.6331513030972022	1.58
7.293924609793237	1.58
5.243379209150158	1.58
3.820414323466678	1.58
0.45249579394289796	1.58
5.6353179212908575	1.58
3.074276799006888	1.58
4.147194146209428	1.58
0.45249579394289796	1.58
5.604500648706248	1.58
5.173116140024293	1.58
4.247085677379504	1.58
0.45249579394289796	1.58
9.760336542532663	1.58
3.360268107060112	1.58
4.247085677379504	1.58
1.1907397948414538	1.58
9.760336542532663	1.58
3.319784271735809	1.58
4.8337131037053265	1.58
1.2479243583507253	1.58
14.541026642917009	1.58
3.7465694601964152	1.58
4.642894351620012	1.58
1.2479243583507253	1.58
14.541026642917009	1.58
3.8073450274462566	1.58
4.619823690117054	1.58
2.309735770762506	1.58
14.395482802163258	1.58
3.8073450274462566	1.58
4.738250012969647	1.58
2.648933604828355	1.58
17.647369553850144	1.58
4.017832633946587	1.58
4.65385598023819	1.58
2.648933604828355	1.58
12.46001427477805	1.58
4.252375018761189	1.58
4.65385598023819	1.58
2.039256491397701	1.58
9.492415250844083	1.58
4.454765640381849	1.58
4.65385598023819	1.58
0.8917992855765178	1.58
11.380770074547588	1.58
4.168021427898124	1.58
4.15154414836755	1.58
0.8917992855765178	1.58
9.681145050163623	1.58
6.7138672721288	1.58
1.7341034779056859	1.58
0.8917992855765178	1.58
12.286675408223468	1.58
7.171269244164215	1.58
2.102173085359185	1.58
0.8917992855765178	1.58
8.863288303248318	1.58
6.456260871717231	1.58
2.102173085359185	1.58
0.8917992855765178	1.58
5.557244228882817	1.58
9.056423544465648	1.58
3.2730045814933284	1.58
0.8917992855765178	1.58
5.8214826027157915	1.58
9.34659036372026	1.58
3.2730045814933284	1.58
0.8789130268635548	1.58
6.630880009613622	1.58
12.751183626355559	1.58
2.8073839393899718	1.58
0.8789130268635548	1.58
9.163548884828923	1.58
12.751183626355559	1.58
2.8073839393899718	1.58
0.8789130268635548	1.58
13.012858646352537	1.58
14.627020115347431	1.58
2.8073839393899718	1.58
0.8789130268635548	1.58
8.049905298527783	1.58
14.627020115347431	1.58
2.8073839393899718	1.58
0.8789130268635548	1.58
5.837708012130366	1.58
9.045020872280858	1.58
2.8073839393899718	1.58
0.39597769016182127	1.58
5.589471411051662	1.58
10.355150259325494	1.58
2.8073839393899718	1.58
0.39597769016182127	1.58
4.437748566101564	1.58
17.289455680487187	1.58
2.8073839393899718	1.58
0.39597769016182127	1.58
6.732457013199534	1.58
17.289455680487187	1.58
2.8073839393899718	1.58
1.4872961831107894	1.58
7.7450071031362615	1.58
17.289455680487187	1.58
2.8073839393899718	1.58
1.6944453023573178	1.58
12.680242776614294	1.58
17.289455680487187	1.58
2.8073839393899718	1.58
1.6944453023573178	1.58
13.948298399004305	1.58
12.045813726262487	1.58
5.52426033030094	1.58
1.6944453023573178	1.58
13.948298399004305	1.58
11.400048855583469	1.58
3.276758378862665	1.58
1.296664949660233	1.58
13.948298399004305	1.58
6.754620853133143	1.58
3.276758378862665	1.58
3.0706692984857393	1.58
9.175161169354961	1.58
9.422892147812924	1.58
3.276758378862665	1.58
1.1832607108395212	1.58
7.9510406543519	1.58
13.70938378410195	1.58
3.276758378862665	1.58
1.1832607108395212	1.58
7.9510406543519	1.58
13.075524497781437	1.58
3.276758378862665	1.58
1.1832607108395212	1.58
9.264243093409721	1.58
13.296390323698786	1.58
0.17960748453536368	1.58
2.689373563600956	1.58
16.249472851726416	1.58
8.591618557263573	1.58
0.17960748453536368	1.58
2.689373563600956	1.58
16.249472851726416	1.58
5.785080806685338	1.58
0.17960748453536368	1.58
0.3147815518599515	1.58
16.249472851726416	1.58
3.913710409273021	1.58
0.17960748453536368	1.58
5.595211023715747	1.58
14.24998552089783	1.58
2.516249172202915	1.58
0.17960748453536368	1.58
6.485900263781604	1.58
14.24998552089783	1.58
2.8519309423492047	1.58
0.17960748453536368	1.58
4.942587415428552	1.58
9.831565849742763	1.58
2.8519309423492047	1.58
0.7108639245169797	1.58
5.021162043598476	1.58
9.236721723813037	1.58
2.5850394614761303	1.58
0.7108639245169797	1.58
5.2784085166477315	1.58
13.842485206993922	1.58
3.4504742950754728	1.58
0.22095691882016055	1.58
5.530164245419815	1.58
13.842485206993922	1.58
1.8879529237859596	1.58
0.9515270075980758	1.58
7.458922898375314	1.58
11.01633846502004	1.58
0.16323001064709697	1.58
0.9515270075980758	1.58
7.458922898375314	1.58
8.90720815944624	1.58
0.16323001064709697	1.58
0.9515270075980758	1.58
7.302236809649436	1.58
14.901631928420572	1.58
0.4851551569526896	1.58
0.9515270075980758	1.58
3.3138958964003535	1.58
9.3632590090328	1.58
0.3413354157687185	1.58
0.2627691383616906	1.58
3.3138958964003535	1.58
6.972598526758887	1.58
0.34086035642901863	1.58
0.2627691383616906	1.58
2.68354073107471	1.58
8.676230869472018	1.58
0.41859813672167523	1.58
0.2627691383616906	1.58
4.9340266161394535	1.58
5.883450399637145	1.58
0.41859813672167523	1.58
0.2864938103212225	1.58
4.796034159021213	1.58
6.105618463456343	1.58
2.363715288751972	1.58
0.2864938103212225	1.58
3.9301233467856966	1.58
11.376905730591233	1.58
2.989169854321009	1.58
4.874624660580075	1.58
4.7035956043914915	1.58
8.73910734708976	1.58
1.5036301120272388	1.58
1.974046384786468	1.58
3.5801711139081576	1.58
7.071956194639575	1.58
1.0482895991083852	1.58
1.9618190044611747	1.58
3.777112082639579	1.58
8.409732271215868	1.58
2.2620080901310518	1.58
1.9618190044611747	1.58
3.777112082639579	1.58
11.792609914720574	1.58
1.8909228749579274	1.58
3.305055253339594	1.58
4.397590645298189	1.58
10.392049971531328	1.58
1.5054369730522756	1.58
3.0812574926642196	1.58
6.778013801534605	1.58
16.83405027166918	1.58
1.3373648465097192	1.58
2.802186408372945	1.58
9.109409891925893	1.58
16.83405027166918	1.58
2.018425035093392	1.58
2.969413807307805	1.58
3.9680137646778526	1.58
11.407157887477531	1.58
2.0913858976883315	1.58
0.3138213601581299	1.58
3.923647975696449	1.58
14.85878748307907	1.58
2.7335947782011916	1.58
1.9570865504581256	1.58
3.923647975696449	1.58
10.358858173616692	1.58
2.4034839970165223	1.58
1.7143777417815504	1.58
3.923647975696449	1.58
11.899976306957264	1.58
2.5779818762817563	1.58
1.5449157319113138	1.58
3.959725078016822	1.58
17.620086882226254	1.58
1.5254646091214004	1.58
4.250983859449006	1.58
4.593734795305364	1.58
17.620086882226254	1.58
1.7731372878507856	1.58
3.8398701915609585	1.58
3.9249783573051236	1.58
17.797728850605523	1.58
1.0044998407929584	1.58
2.988020450313395	1.58
3.9249783573051236	1.58
13.122826935020678	1.58
1.6448418475203146	1.58
2.988020450313395	1.58
3.9249783573051236	1.58
10.669701577703261	1.58
1.6448418475203146	1.58
4.694832518418093	1.58
3.911062779220166	1.58
8.11745690038978	1.58
2.320367561021008	1.58
5.013073967737124	1.58
3.5554446546289844	1.58
7.853545862835821	1.58
1.8541120588967708	1.58
4.708122974846457	1.58
3.298946149686185	1.58
10.298235272901827	1.58
1.9662892056294625	1.58
4.492381288445169	1.58
3.348975591568756	1.58
7.7276935606689765	1.58
0.7679859701030431	1.58
5.200703754461831	1.58
5.406511684191935	1.58
7.32281704571013	1.58
0.7679859701030431	1.58
4.546177930744893	1.58
4.184922092000598	1.58
9.999883995091547	1.58
2.092242481715152	1.58
4.278386907658529	1.58
4.14040451510074	1.58
7.838039371971136	1.58
2.4693035648904207	1.58
1.6696585477105295	1.58
4.774512378314624	1.58
8.9515093739342	1.58
3.1933948556321985	1.58
1.997083822991649	1.58
4.774512378314624	1.58
7.74897900485113	1.58
3.3978476858274984	1.58
1.5979502637308618	1.58
6.128520058521228	1.58
9.19918979174106	1.58
4.533732823049028	1.58
1.5979502637308618	1.58
4.856239264886801	1.58
14.077916608486069	1.58
6.9780627257549135	1.58
1.5979502637308618	1.58
7.502686366289869	1.58
11.790398738895968	1.58
6.465822908979282	1.58
1.2824583315240456	1.58
7.893917331171719	1.58
11.790398738895968	1.58
5.096364725164149	1.58
1.2824583315240456	1.58
9.513768824019627	1.58
10.8537878392594	1.58
6.777016191564955	1.58
1.2824583315240456	1.58
9.427607793918636	1.58
11.772897772670767	1.58
10.000266476631836	1.58
1.2824583315240456	1.58
9.28458645306977	1.58
12.505090482885494	1.58
10.142672589484492	1.58
1.5279247571685861	1.58
9.28458645306977	1.58
9.723462218277417	1.58
10.142672589484492	1.58
0.5637986448738062	1.58
8.8768099611673	1.58
10.325798970978703	1.58
12.014912572418769	1.58
0.5637986448738062	1.58
8.871067066727079	1.58
7.355809543167569	1.58
12.15968681500581	1.58
0.5637986448738062	1.58
9.797884955767783	1.58
6.1442779635421	1.58
12.15968681500581	1.58
0.8441728412822371	1.58
9.797884955767783	1.58
4.879698517271431	1.58
11.392933683591682	1.58
2.664645770336328	1.58
10.57301093252646	1.58
4.649123702637849	1.58
11.61539518211341	1.58
2.5634430598766933	1.58
10.336760436919988	1.58
4.337874228581278	1.58
12.746091437508378	1.58
2.5634430598766933	1.58
8.42117935970218	1.58
4.467445678712709	1.58
17.886279241969774	1.58
2.9996732501673247	1.58
10.774006579539439	1.58
4.517179119578068	1.58
10.670021498812993	1.58
2.9996732501673247	1.58
10.774006579539439	1.58
0.848155251873532	1.58
9.153921046447971	1.58
2.861355178726155	1.58
17.740914999196654	1.58
0.848155251873532	1.58
8.47102030207576	1.58
2.861355178726155	1.58
15.383529424525577	1.58
0.848155251873532	1.58
11.699287882178183	1.58
2.861355178726155	1.58
10.188280957309265	1.58
1.208420097031459	1.58
11.446093574898956	1.58
2.1037122042534797	1.58
9.969153064792462	1.58
1.208420097031459	1.58
11.22496846502068	1.58
2.4174894832367446	1.58
10.136484799868512	1.58
1.0297664012954748	1.58
14.810161644197596	1.58
2.4174894832367446	1.58
6.577970445031604	1.58
1.0297664012954748	1.58
14.810161644197596	1.58
2.4174894832367446	1.58
6.577970445031604	1.58
2.7015462440777886	1.58
17.735876249292346	1.58
2.23568964710343	1.58
6.177779092200275	1.58
2.545920615082605	1.58
13.131419205558506	1.58
4.995104153953232	1.58
7.849311411224416	1.58
2.576394344628722	1.58
16.922989723429517	1.58
2.942989334695234	1.58
7.067639697182964	1.58
2.4627560555856975	1.58
13.432619296021473	1.58
3.1840477864899572	1.58
6.547582930337722	1.58
1.7423601682256424	1.58
12.630292712973219	1.58
3.1840477864899572	1.58
6.769855847382241	1.58
0.9209471401452674	1.58
10.66353282836404	1.58
2.89870761695998	1.58
7.6110301605166075	1.58
2.000297075570102	1.58
9.431015604371638	1.58
1.6399785513439555	1.58
6.149234234054029	1.58
2.1711208535708972	1.58
9.667672168156152	1.58
1.5049416702712652	1.58
9.464559085128341	1.58
2.1711208535708972	1.58
9.808772162302748	1.58
1.055839273962632	1.58
9.468264957957386	1.58
2.779468183748752	1.58
14.082856021923101	1.58
1.055839273962632	1.58
9.134732362982172	1.58
4.4862599143186825	1.58
13.327463896855711	1.58
1.0866825812147276	1.58
5.726240145940862	1.58
3.420698790049216	1.58
8.458208018803429	1.58
1.0866825812147276	1.58
6.762101141314346	1.58
5.020769945927553	1.58
10.949066395662953	1.58
1.0866825812147276	1.58
3.3585531909312225	1.58
5.194246708027835	1.58
12.486657704472883	1.58
0.0890070539114749	1.58
1.650426426405303	1.58
3.1895674836269783	1.58
12.486657704472883	1.58
0.0890070539114749	1.58
1.650426426405303	1.58
2.8122000915185152	1.58
12.486657704472883	1.58
0.0890070539114749	1.58
0.8875609242914668	1.58
4.635205142803927	1.58
7.735801122659593	1.58
0.0890070539114749	1.58
1.6284145431954928	1.58
5.208648219758337	1.58
7.735801122659593	1.58
2.3276095419282035	1.58
0.4750298573715446	1.58
6.160957451173866	1.58
7.785471978999351	1.58
1.1934609302667125	1.58
2.8249569346027616	1.58
4.842496839584049	1.58
8.005605836440454	1.58
1.4965814899379404	1.58
2.267780068869971	1.58
5.741277025122532	1.58
11.364087317834256	1.58
1.4965814899379404	1.58
0.6498561123535129	1.58
4.7019271112901535	1.58
10.604607452067262	1.58
1.4965814899379404	1.58
0.6498561123535129	1.58
7.502098306987701	1.58
7.079291207173592	1.58
2.5084334097221053	1.58
0.6498561123535129	1.58
6.149356691176483	1.58
8.9437951914452	1.58
3.370396277013011	1.58
2.4691792847369394	1.58
5.050304194340444	1.58
7.210463832683835	1.58
2.112201748707353	1.58
2.4691792847369394	1.58
7.344199794889812	1.58
5.163961348622365	1.58
1.5780786076874413	1.58
2.825433834893042	1.58
13.107015640374149	1.58
5.163961348622365	1.58
1.5780786076874413	1.58
2.825433834893042	1.58
9.13694341693289	1.58
4.210634996461609	1.58
1.6713036737404217	1.58
2.825433834893042	1.58
8.217058512082744	1.58
5.4143112229116515	1.58
1.6713036737404217	1.58
1.9809539821277982	1.58
14.014811266418018	1.58
4.332758004542679	1.58
1.6713036737404217	1.58
1.29774036957454	1.58
14.014811266418018	1.58
4.326612681677976	1.58
1.6713036737404217	1.58
0.9813947337778579	1.58
11.273896545992187	1.58
5.058444466360892	1.58
2.1521465068875245	1.58
0.9813947337778579	1.58
12.62101066711251	1.58
7.273831608255429	1.58
2.1521465068875245	1.58
0.9813947337778579	1.58
12.62101066711251	1.58
11.931656678602936	1.58
2.1521465068875245	1.58
0.9813947337778579	1.58
12.456069054974728	1.58
11.931656678602936	1.58
2.1521465068875245	1.58
0.9813947337778579	1.58
13.550561462063296	1.58
7.223314940399272	1.58
2.1521465068875245	1.58
0.9813947337778579	1.58
15.50675151462363	1.58
9.852369018597466	1.58
2.095806296556434	1.58
0.5232855813027708	1.58
10.886756335567913	1.58
10.186078244798438	1.58
2.095806296556434	1.58
0.5232855813027708	1.58
9.811838642313461	1.58
12.886470516501094	1.58
1.1807102025750353	1.58
0.5232855813027708	1.58
9.811838642313461	1.58
14.742728013300114	1.58
3.295766150117826	1.58
0.5232855813027708	1.58
12.56198782031417	1.58
12.045268191850992	1.58
2.735336850795532	1.58
0.5232855813027708	1.58
12.56198782031417	1.58
12.045268191850992	1.58
2.735336850795532	1.58
0.8735524611118848	1.58
10.593697454755112	1.58
8.936458101686124	1.58
2.735336850795532	1.58
0.17943035630685955	1.58
10.593697454755112	1.58
11.964049863207501	1.58
2.5240265661334327	1.58
0.17943035630685955	1.58
16.887871965894973	1.58
8.622952426286478	1.58
2.5240265661334327	1.58
0.5617966903493183	1.58
16.887871965894973	1.58
12.3576725723353	1.58
0.5285533433909428	1.58
0.5617966903493183	1.58
16.887871965894973	1.58
11.80693017744009	1.58
3.4335589696336033	1.58
1.7505618473234836	1.58
