1.23546e+01 7.28836e+01 4.13600e+02 2.32219e+03 1.25089e+04 5.97612e+04
1.23546e+01 7.28836e+01 4.13600e+02 2.32219e+03 1.25089e+04 5.97612e+04
6.34678e+00 3.65848e+01 2.08979e+02 1.17204e+03 6.31420e+03 3.01654e+04
7.45202e+03 2.93837e+04 1.32888e+05 6.43334e+05 3.04706e+06 1.26983e+07
2.14244e+05 5.54196e+05 1.70390e+06 5.60534e+06 1.97792e+07 6.65103e+07
6.34678e+00 3.65848e+01 2.08979e+02 1.17204e+03 6.31420e+03 3.01654e+04
1.83942e+01 1.08131e+02 6.10707e+02 3.42251e+03 1.82085e+04 8.36724e+04
6.55009e+04 1.97623e+05 6.96215e+05 2.69996e+06 1.09537e+07 4.13045e+07
1.83942e+01 1.08131e+02 6.10707e+02 3.42251e+03 1.82085e+04 8.36724e+04
2.79922e+02 1.58006e+03 8.57754e+03 4.62365e+04 2.21024e+05 9.51823e+05
2.30171e+02 1.32367e+03 7.40927e+03 3.98786e+04 1.92600e+05 8.03261e+05
6.34678e+00 3.65848e+01 2.08979e+02 1.17204e+03 6.31420e+03 3.01654e+04
2.83414e+01 1.32012e+02 8.29003e+02 4.51083e+03 2.40442e+04 1.11046e+05
6.34678e+00 3.65848e+01 2.08979e+02 1.17204e+03 6.31420e+03 3.01654e+04
4.48080e+02 2.70326e+03 1.44606e+04 7.78139e+04 3.87765e+05 1.69524e+06
1.23546e+01 7.28836e+01 4.13600e+02 2.32219e+03 1.25089e+04 5.97612e+04
1.23546e+01 7.28836e+01 4.13600e+02 2.32219e+03 1.25089e+04 5.97612e+04
2.10340e+04 7.19313e+04 2.90298e+05 1.27753e+06 5.68436e+06 2.27918e+07
3.97520e+01 2.00260e+02 1.21475e+03 6.66253e+03 3.54280e+04 1.62280e+05
1.23546e+01 7.28836e+01 4.13600e+02 2.32219e+03 1.25089e+04 5.97612e+04
1.23546e+01 7.28836e+01 4.13600e+02 2.32219e+03 1.25089e+04 5.97612e+04
1.23546e+01 7.28836e+01 4.13600e+02 2.32219e+03 1.25089e+04 5.97612e+04
1.23546e+01 7.28836e+01 4.13600e+02 2.32219e+03 1.25089e+04 5.97612e+04
1.63801e+03 8.94336e+03 4.56465e+04 2.45140e+05 1.19312e+06 5.08913e+06
1.23546e+01 7.28836e+01 4.13600e+02 2.32219e+03 1.25089e+04 5.97612e+04
2.83414e+01 1.32012e+02 8.29003e+02 4.51083e+03 2.40442e+04 1.11046e+05
9.72301e+01 5.30487e+02 3.13015e+03 1.69621e+04 8.68565e+04 3.74305e+05
8.48072e+01 4.67812e+02 2.75504e+03 1.48690e+04 7.56521e+04 3.21621e+05
1.83863e+02 1.08520e+03 6.04069e+03 3.26449e+04 1.59010e+05 6.75703e+05
9.89413e+04 2.79526e+05 9.42014e+05 3.46851e+06 1.34865e+07 4.90252e+07
1.20075e+04 4.47881e+04 1.90580e+05 8.75735e+05 4.04234e+06 1.66416e+07
1.83942e+01 1.08131e+02 6.10707e+02 3.42251e+03 1.82085e+04 8.36724e+04
6.34678e+00 3.65848e+01 2.08979e+02 1.17204e+03 6.31420e+03 3.01654e+04
1.13121e+04 4.19123e+04 1.81036e+05 8.41122e+05 3.89276e+06 1.60631e+07
8.48072e+01 4.67812e+02 2.75504e+03 1.48690e+04 7.56521e+04 3.21621e+05
6.34678e+00 3.65848e+01 2.08979e+02 1.17204e+03 6.31420e+03 3.01654e+04
2.83414e+01 1.32012e+02 8.29003e+02 4.51083e+03 2.40442e+04 1.11046e+05
6.34678e+00 3.65848e+01 2.08979e+02 1.17204e+03 6.31420e+03 3.01654e+04
3.97520e+01 2.00260e+02 1.21475e+03 6.66253e+03 3.54280e+04 1.62280e+05
1.83942e+01 1.08131e+02 6.10707e+02 3.42251e+03 1.82085e+04 8.36724e+04
2.41654e+04 8.16280e+04 3.25505e+05 1.42072e+06 6.27566e+06 2.49415e+07
1.09629e+03 6.16428e+03 3.17055e+04 1.71696e+05 8.60101e+05 3.70998e+06
1.23546e+01 7.28836e+01 4.13600e+02 2.32219e+03 1.25089e+04 5.97612e+04
8.48072e+01 4.67812e+02 2.75504e+03 1.48690e+04 7.56521e+04 3.21621e+05
5.58292e+05 1.30191e+06 3.51200e+06 9.85962e+06 3.00654e+07 8.92409e+07
6.34678e+00 3.65848e+01 2.08979e+02 1.17204e+03 6.31420e+03 3.01654e+04
6.34678e+00 3.65848e+01 2.08979e+02 1.17204e+03 6.31420e+03 3.01654e+04
1.83942e+01 1.08131e+02 6.10707e+02 3.42251e+03 1.82085e+04 8.36724e+04
3.18297e+02 1.84716e+03 9.97811e+03 5.44960e+04 2.64843e+05 1.15806e+06
1.83863e+02 1.08520e+03 6.04069e+03 3.26449e+04 1.59010e+05 6.75703e+05
1.23546e+01 7.28836e+01 4.13600e+02 2.32219e+03 1.25089e+04 5.97612e+04
5.46635e+01 3.04788e+02 1.79245e+03 9.86906e+03 5.26225e+04 2.43061e+05
1.23546e+01 7.28836e+01 4.13600e+02 2.32219e+03 1.25089e+04 5.97612e+04
2.59070e+02 1.47584e+03 7.97219e+03 4.37992e+04 2.12730e+05 9.02737e+05
8.62858e+02 4.87861e+03 2.52156e+04 1.38456e+05 6.87504e+05 2.99787e+06
3.97520e+01 2.00260e+02 1.21475e+03 6.66253e+03 3.54280e+04 1.62280e+05
9.87033e+02 5.56048e+03 2.90153e+04 1.57516e+05 7.82850e+05 3.36978e+06
6.34678e+00 3.65848e+01 2.08979e+02 1.17204e+03 6.31420e+03 3.01654e+04
9.72301e+01 5.30487e+02 3.13015e+03 1.69621e+04 8.68565e+04 3.74305e+05
1.23546e+01 7.28836e+01 4.13600e+02 2.32219e+03 1.25089e+04 5.97612e+04
4.19783e+02 2.42804e+03 1.29831e+04 6.94776e+04 3.43498e+05 1.49341e+06
4.74165e+02 2.90623e+03 1.55523e+04 8.29951e+04 4.12583e+05 1.81664e+06
1.23546e+01 7.28836e+01 4.13600e+02 2.32219e+03 1.25089e+04 5.97612e+04
1.23546e+01 7.28836e+01 4.13600e+02 2.32219e+03 1.25089e+04 5.97612e+04
1.92196e+02 1.11466e+03 6.21731e+03 3.36286e+04 1.64237e+05 6.99133e+05
1.20770e+02 6.37416e+02 3.61222e+03 2.01345e+04 1.03498e+05 4.56598e+05
1.23546e+01 7.28836e+01 4.13600e+02 2.32219e+03 1.25089e+04 5.97612e+04
1.68304e+03 9.04602e+03 4.59870e+04 2.46635e+05 1.20344e+06 5.13729e+06
3.13225e+02 1.81369e+03 9.82437e+03 5.35978e+04 2.60291e+05 1.13969e+06
6.34678e+00 3.65848e+01 2.08979e+02 1.17204e+03 6.31420e+03 3.01654e+04
2.09612e+03 1.03244e+04 5.19724e+04 2.77604e+05 1.36577e+06 5.85631e+06
8.48072e+01 4.67812e+02 2.75504e+03 1.48690e+04 7.56521e+04 3.21621e+05
1.83942e+01 1.08131e+02 6.10707e+02 3.42251e+03 1.82085e+04 8.36724e+04
6.34678e+00 3.65848e+01 2.08979e+02 1.17204e+03 6.31420e+03 3.01654e+04
1.23546e+01 7.28836e+01 4.13600e+02 2.32219e+03 1.25089e+04 5.97612e+04
1.01625e+02 5.63994e+02 3.30527e+03 1.79820e+04 9.21656e+04 3.97190e+05
1.23546e+01 7.28836e+01 4.13600e+02 2.32219e+03 1.25089e+04 5.97612e+04
6.34367e+01 3.29510e+02 2.00147e+03 1.09470e+04 5.83425e+04 2.69622e+05
1.23546e+01 7.28836e+01 4.13600e+02 2.32219e+03 1.25089e+04 5.97612e+04
1.23546e+01 7.28836e+01 4.13600e+02 2.32219e+03 1.25089e+04 5.97612e+04
1.23546e+01 7.28836e+01 4.13600e+02 2.32219e+03 1.25089e+04 5.97612e+04
1.48215e+02 8.32688e+02 4.67092e+03 2.57185e+04 1.28181e+05 5.39462e+05
2.30171e+02 1.32367e+03 7.40927e+03 3.98786e+04 1.92600e+05 8.03261e+05
1.23546e+01 7.28836e+01 4.13600e+02 2.32219e+03 1.25089e+04 5.97612e+04
1.23546e+01 7.28836e+01 4.13600e+02 2.32219e+03 1.25089e+04 5.97612e+04
1.23546e+01 7.28836e+01 4.13600e+02 2.32219e+03 1.25089e+04 5.97612e+04
8.60337e+02 4.95238e+03 2.56281e+04 1.40645e+05 6.98880e+05 3.04651e+06
4.30577e+02 2.51246e+03 1.34434e+04 7.19995e+04 3.57098e+05 1.55639e+06
1.23546e+01 7.28836e+01 4.13600e+02 2.32219e+03 1.25089e+04 5.97612e+04
9.72301e+01 5.30487e+02 3.13015e+03 1.69621e+04 8.68565e+04 3.74305e+05
3.40160e+04 1.12285e+05 4.27041e+05 1.78778e+06 7.66432e+06 3.00146e+07
1.48215e+02 8.32688e+02 4.67092e+03 2.57185e+04 1.28181e+05 5.39462e+05
2.83414e+01 1.32012e+02 8.29003e+02 4.51083e+03 2.40442e+04 1.11046e+05
6.34678e+00 3.65848e+01 2.08979e+02 1.17204e+03 6.31420e+03 3.01654e+04
5.46635e+01 3.04788e+02 1.79245e+03 9.86906e+03 5.26225e+04 2.43061e+05
1.23546e+01 7.28836e+01 4.13600e+02 2.32219e+03 1.25089e+04 5.97612e+04
1.81992e+03 9.57537e+03 4.85008e+04 2.59978e+05 1.27084e+06 5.41532e+06
1.23546e+01 7.28836e+01 4.13600e+02 2.32219e+03 1.25089e+04 5.97612e+04
2.59070e+02 1.47584e+03 7.97219e+03 4.37992e+04 2.12730e+05 9.02737e+05
1.77984e+03 9.39104e+03 4.76120e+04 2.56057e+05 1.24839e+06 5.31076e+06
2.79922e+02 1.58006e+03 8.57754e+03 4.62365e+04 2.21024e+05 9.51823e+05
6.34678e+00 3.65848e+01 2.08979e+02 1.17204e+03 6.31420e+03 3.01654e+04
1.23546e+01 7.28836e+01 4.13600e+02 2.32219e+03 1.25089e+04 5.97612e+04
1.83942e+01 1.08131e+02 6.10707e+02 3.42251e+03 1.82085e+04 8.36724e+04
1.83942e+01 1.08131e+02 6.10707e+02 3.42251e+03 1.82085e+04 8.36724e+04
2.22717e+02 1.29422e+03 7.23802e+03 3.89188e+04 1.87584e+05 7.81040e+05
4.89414e+01 2.70726e+02 1.60325e+03 8.81130e+03 4.70453e+04 2.18426e+05
6.34678e+00 3.65848e+01 2.08979e+02 1.17204e+03 6.31420e+03 3.01654e+04
1.07038e+02 5.95256e+02 3.48733e+03 1.90165e+04 9.77735e+04 4.24574e+05
6.34678e+00 3.65848e+01 2.08979e+02 1.17204e+03 6.31420e+03 3.01654e+04
6.34678e+00 3.65848e+01 2.08979e+02 1.17204e+03 6.31420e+03 3.01654e+04
2.52215e+02 1.44637e+03 7.80140e+03 4.28515e+04 2.07565e+05 8.76755e+05
4.89414e+01 2.70726e+02 1.60325e+03 8.81130e+03 4.70453e+04 2.18426e+05
8.48072e+01 4.67812e+02 2.75504e+03 1.48690e+04 7.56521e+04 3.21621e+05
1.23546e+01 7.28836e+01 4.13600e+02 2.32219e+03 1.25089e+04 5.97612e+04
5.35365e+05 1.25200e+06 3.39920e+06 9.61702e+06 2.95337e+07 8.82230e+07
1.23546e+01 7.28836e+01 4.13600e+02 2.32219e+03 1.25089e+04 5.97612e+04
1.48215e+02 8.32688e+02 4.67092e+03 2.57185e+04 1.28181e+05 5.39462e+05
2.83414e+01 1.32012e+02 8.29003e+02 4.51083e+03 2.40442e+04 1.11046e+05
1.23546e+01 7.28836e+01 4.13600e+02 2.32219e+03 1.25089e+04 5.97612e+04
2.25686e+03 1.07761e+04 5.40530e+04 2.87289e+05 1.41849e+06 6.09554e+06
1.81863e+03 9.55283e+03 4.84014e+04 2.59379e+05 1.26753e+06 5.39861e+06
1.48215e+02 8.32688e+02 4.67092e+03 2.57185e+04 1.28181e+05 5.39462e+05
1.98001e+02 1.14394e+03 6.39432e+03 3.46015e+04 1.69294e+05 7.20475e+05
1.23546e+01 7.28836e+01 4.13600e+02 2.32219e+03 1.25089e+04 5.97612e+04
7.28192e+03 2.86757e+04 1.29182e+05 6.26984e+05 2.98532e+06 1.24787e+07
8.79634e+02 5.06004e+03 2.59500e+04 1.42873e+05 7.10275e+05 3.09658e+06
2.86487e+03 1.29979e+04 6.43142e+04 3.37410e+05 1.67160e+06 7.15684e+06
2.68343e+02 1.49277e+03 8.14865e+03 4.46911e+04 2.17606e+05 9.24055e+05
7.41645e+02 4.27269e+03 2.21215e+04 1.21604e+05 6.13446e+05 2.70886e+06
6.34678e+00 3.65848e+01 2.08979e+02 1.17204e+03 6.31420e+03 3.01654e+04
9.72301e+01 5.30487e+02 3.13015e+03 1.69621e+04 8.68565e+04 3.74305e+05
1.83942e+01 1.08131e+02 6.10707e+02 3.42251e+03 1.82085e+04 8.36724e+04
1.10486e+03 6.18285e+03 3.18338e+04 1.72377e+05 8.63811e+05 3.72777e+06
2.83414e+01 1.32012e+02 8.29003e+02 4.51083e+03 2.40442e+04 1.11046e+05
1.80969e+02 1.01579e+03 5.68211e+03 3.06946e+04 1.48742e+05 6.32054e+05
5.20394e+02 3.17432e+03 1.68643e+04 9.12002e+04 4.55859e+05 2.01999e+06
6.34678e+00 3.65848e+01 2.08979e+02 1.17204e+03 6.31420e+03 3.01654e+04
3.08951e+02 1.75382e+03 9.49519e+03 5.17854e+04 2.50420e+05 1.09187e+06
1.83942e+01 1.08131e+02 6.10707e+02 3.42251e+03 1.82085e+04 8.36724e+04
1.37502e+04 5.04923e+04 2.10373e+05 9.58402e+05 4.37206e+06 1.78533e+07
6.34678e+00 3.65848e+01 2.08979e+02 1.17204e+03 6.31420e+03 3.01654e+04
6.34678e+00 3.65848e+01 2.08979e+02 1.17204e+03 6.31420e+03 3.01654e+04
2.30171e+02 1.32367e+03 7.40927e+03 3.98786e+04 1.92600e+05 8.03261e+05
6.34678e+00 3.65848e+01 2.08979e+02 1.17204e+03 6.31420e+03 3.01654e+04
8.50025e+05 1.90936e+06 4.83164e+06 1.25651e+07 3.56581e+07 9.94347e+07
6.34678e+00 3.65848e+01 2.08979e+02 1.17204e+03 6.31420e+03 3.01654e+04
5.55192e+03 2.30336e+04 1.05661e+05 5.19405e+05 2.49782e+06 1.05591e+07
4.18029e+04 1.34993e+05 4.97759e+05 2.02700e+06 8.56513e+06 3.32613e+07
3.29011e+03 1.45534e+04 7.09059e+04 3.70528e+05 1.82676e+06 7.76129e+06
6.34678e+00 3.65848e+01 2.08979e+02 1.17204e+03 6.31420e+03 3.01654e+04
1.23546e+01 7.28836e+01 4.13600e+02 2.32219e+03 1.25089e+04 5.97612e+04
1.10486e+03 6.18285e+03 3.18338e+04 1.72377e+05 8.63811e+05 3.72777e+06
1.02548e+03 5.83797e+03 2.99809e+04 1.63023e+05 8.13228e+05 3.51028e+06
2.80534e+03 1.28592e+04 6.37279e+04 3.35025e+05 1.65840e+06 7.09800e+06
6.34678e+00 3.65848e+01 2.08979e+02 1.17204e+03 6.31420e+03 3.01654e+04
2.58171e+05 6.52838e+05 1.95760e+06 6.25285e+06 2.14827e+07 7.06993e+07
1.23546e+01 7.28836e+01 4.13600e+02 2.32219e+03 1.25089e+04 5.97612e+04
6.34678e+00 3.65848e+01 2.08979e+02 1.17204e+03 6.31420e+03 3.01654e+04
6.34678e+00 3.65848e+01 2.08979e+02 1.17204e+03 6.31420e+03 3.01654e+04
1.80969e+02 1.01579e+03 5.68211e+03 3.06946e+04 1.48742e+05 6.32054e+05
1.23546e+01 7.28836e+01 4.13600e+02 2.32219e+03 1.25089e+04 5.97612e+04
6.34678e+00 3.65848e+01 2.08979e+02 1.17204e+03 6.31420e+03 3.01654e+04
9.44487e+02 5.32431e+03 2.76243e+04 1.51097e+05 7.51230e+05 3.26315e+06
2.30171e+02 1.32367e+03 7.40927e+03 3.98786e+04 1.92600e+05 8.03261e+05
1.23546e+01 7.28836e+01 4.13600e+02 2.32219e+03 1.25089e+04 5.97612e+04
1.98001e+02 1.14394e+03 6.39432e+03 3.46015e+04 1.69294e+05 7.20475e+05
1.92196e+02 1.11466e+03 6.21731e+03 3.36286e+04 1.64237e+05 6.99133e+05
6.34678e+00 3.65848e+01 2.08979e+02 1.17204e+03 6.31420e+03 3.01654e+04
2.12690e+03 1.03422e+04 5.23079e+04 2.79372e+05 1.37482e+06 5.89749e+06
6.34678e+00 3.65848e+01 2.08979e+02 1.17204e+03 6.31420e+03 3.01654e+04
6.34678e+00 3.65848e+01 2.08979e+02 1.17204e+03 6.31420e+03 3.01654e+04
1.23546e+01 7.28836e+01 4.13600e+02 2.32219e+03 1.25089e+04 5.97612e+04
5.37866e+04 1.67301e+05 5.99462e+05 2.37560e+06 9.85274e+06 3.76833e+07
2.59070e+02 1.47584e+03 7.97219e+03 4.37992e+04 2.12730e+05 9.02737e+05
6.34678e+00 3.65848e+01 2.08979e+02 1.17204e+03 6.31420e+03 3.01654e+04
3.58315e+02 2.12323e+03 1.13437e+04 5.98076e+04 2.92295e+05 1.25778e+06
1.84693e+02 1.04649e+03 5.86009e+03 3.16791e+04 1.53893e+05 6.54058e+05
3.18297e+02 1.84716e+03 9.97811e+03 5.44960e+04 2.64843e+05 1.15806e+06
6.34678e+00 3.65848e+01 2.08979e+02 1.17204e+03 6.31420e+03 3.01654e+04
3.62752e+02 2.17383e+03 1.16705e+04 6.15335e+04 3.01458e+05 1.29686e+06
1.20770e+02 6.37416e+02 3.61222e+03 2.01345e+04 1.03498e+05 4.56598e+05
1.44134e+02 8.00888e+02 4.49065e+03 2.47077e+04 1.22752e+05 5.14065e+05
9.68779e+03 3.70608e+04 1.61632e+05 7.66615e+05 3.57313e+06 1.47779e+07
2.83414e+01 1.32012e+02 8.29003e+02 4.51083e+03 2.40442e+04 1.11046e+05
4.78690e+04 1.51506e+05 5.49296e+05 2.19939e+06 9.20475e+06 3.55312e+07
1.15818e+05 3.20980e+05 1.06407e+06 3.83895e+06 1.46523e+07 5.24764e+07
6.34678e+00 3.65848e+01 2.08979e+02 1.17204e+03 6.31420e+03 3.01654e+04
1.70399e+03 9.17968e+03 4.67561e+04 2.50646e+05 1.21962e+06 5.18126e+06
1.83942e+01 1.08131e+02 6.10707e+02 3.42251e+03 1.82085e+04 8.36724e+04
1.23546e+01 7.28836e+01 4.13600e+02 2.32219e+03 1.25089e+04 5.97612e+04
2.03562e+03 1.01541e+04 5.11961e+04 2.73724e+05 1.34486e+06 5.75737e+06
2.30171e+02 1.32367e+03 7.40927e+03 3.98786e+04 1.92600e+05 8.03261e+05
1.23546e+01 7.28836e+01 4.13600e+02 2.32219e+03 1.25089e+04 5.97612e+04
4.38447e+02 2.60269e+03 1.38607e+04 7.45286e+04 3.70420e+05 1.61742e+06
6.34678e+00 3.65848e+01 2.08979e+02 1.17204e+03 6.31420e+03 3.01654e+04
6.34678e+00 3.65848e+01 2.08979e+02 1.17204e+03 6.31420e+03 3.01654e+04
6.34678e+00 3.65848e+01 2.08979e+02 1.17204e+03 6.31420e+03 3.01654e+04
4.25931e+02 2.48242e+03 1.32876e+04 7.11856e+04 3.52776e+05 1.53832e+06
2.75965e+05 6.92980e+05 2.05586e+06 6.50695e+06 2.21317e+07 7.22951e+07
2.83210e+02 1.61092e+03 8.73856e+03 4.71615e+04 2.26067e+05 9.76845e+05
2.39262e+04 8.04224e+04 3.22276e+05 1.40388e+06 6.21138e+06 2.47125e+07
3.03929e+03 1.36857e+04 6.80020e+04 3.54765e+05 1.74991e+06 7.48303e+06
1.63835e+03 8.88437e+03 4.53465e+04 2.43403e+05 1.18327e+06 5.04632e+06
6.25993e+04 1.90182e+05 6.73805e+05 2.62807e+06 1.07190e+07 4.05270e+07
8.90226e+02 5.07663e+03 2.60932e+04 1.43610e+05 7.14140e+05 3.11498e+06
1.83942e+01 1.08131e+02 6.10707e+02 3.42251e+03 1.82085e+04 8.36724e+04
1.23546e+01 7.28836e+01 4.13600e+02 2.32219e+03 1.25089e+04 5.97612e+04
8.55983e+03 3.34050e+04 1.48450e+05 7.07488e+05 3.32148e+06 1.37990e+07
1.98001e+02 1.14394e+03 6.39432e+03 3.46015e+04 1.69294e+05 7.20475e+05
6.34678e+00 3.65848e+01 2.08979e+02 1.17204e+03 6.31420e+03 3.01654e+04
6.34678e+00 3.65848e+01 2.08979e+02 1.17204e+03 6.31420e+03 3.01654e+04
6.34678e+00 3.65848e+01 2.08979e+02 1.17204e+03 6.31420e+03 3.01654e+04
9.12118e+03 3.59019e+04 1.57850e+05 7.46663e+05 3.48596e+06 1.44509e+07
2.00957e+03 1.00557e+04 5.08416e+04 2.72316e+05 1.33531e+06 5.71234e+06
4.38447e+02 2.60269e+03 1.38607e+04 7.45286e+04 3.70420e+05 1.61742e+06
1.98001e+02 1.14394e+03 6.39432e+03 3.46015e+04 1.69294e+05 7.20475e+05
8.48072e+01 4.67812e+02 2.75504e+03 1.48690e+04 7.56521e+04 3.21621e+05
1.83942e+01 1.08131e+02 6.10707e+02 3.42251e+03 1.82085e+04 8.36724e+04
2.35139e+03 1.11066e+04 5.59496e+04 2.96652e+05 1.45939e+06 6.28197e+06
3.28957e+05 8.06986e+05 2.34123e+06 7.21469e+06 2.39094e+07 7.64088e+07
4.21441e+03 1.84256e+04 8.73496e+04 4.44012e+05 2.16531e+06 9.15551e+06
6.34678e+00 3.65848e+01 2.08979e+02 1.17204e+03 6.31420e+03 3.01654e+04
1.77259e+03 9.35186e+03 4.73966e+04 2.55700e+05 1.24505e+06 5.29885e+06
9.72301e+01 5.30487e+02 3.13015e+03 1.69621e+04 8.68565e+04 3.74305e+05
7.75979e+02 4.47940e+03 2.32113e+04 1.27155e+05 6.39870e+05 2.83676e+06
3.22087e+04 1.07093e+05 4.10035e+05 1.73016e+06 7.45287e+06 2.92548e+07
2.89774e+02 1.63788e+03 8.89665e+03 4.80858e+04 2.31040e+05 1.00056e+06
6.99938e+03 2.79461e+04 1.27012e+05 6.14356e+05 2.93144e+06 1.22845e+07
1.98001e+02 1.14394e+03 6.39432e+03 3.46015e+04 1.69294e+05 7.20475e+05
1.05459e+05 2.95816e+05 9.89337e+05 3.60478e+06 1.39308e+07 5.03790e+07
3.41147e+02 1.98674e+03 1.05434e+04 5.57389e+04 2.74482e+05 1.19494e+06
1.23546e+01 7.28836e+01 4.13600e+02 2.32219e+03 1.25089e+04 5.97612e+04
4.89414e+01 2.70726e+02 1.60325e+03 8.81130e+03 4.70453e+04 2.18426e+05
9.72301e+01 5.30487e+02 3.13015e+03 1.69621e+04 8.68565e+04 3.74305e+05
7.31885e+05 1.66577e+06 4.31327e+06 1.15255e+07 3.35674e+07 9.57400e+07
1.23546e+01 7.28836e+01 4.13600e+02 2.32219e+03 1.25089e+04 5.97612e+04
8.48072e+01 4.67812e+02 2.75504e+03 1.48690e+04 7.56521e+04 3.21621e+05
9.72301e+01 5.30487e+02 3.13015e+03 1.69621e+04 8.68565e+04 3.74305e+05
1.23546e+01 7.28836e+01 4.13600e+02 2.32219e+03 1.25089e+04 5.97612e+04
1.83942e+01 1.08131e+02 6.10707e+02 3.42251e+03 1.82085e+04 8.36724e+04
1.83942e+01 1.08131e+02 6.10707e+02 3.42251e+03 1.82085e+04 8.36724e+04
4.38447e+02 2.60269e+03 1.38607e+04 7.45286e+04 3.70420e+05 1.61742e+06
8.48072e+01 4.67812e+02 2.75504e+03 1.48690e+04 7.56521e+04 3.21621e+05
4.95622e+02 3.05718e+03 1.63863e+04 8.79159e+04 4.38666e+05 1.93977e+06
6.34678e+00 3.65848e+01 2.08979e+02 1.17204e+03 6.31420e+03 3.01654e+04
3.62752e+02 2.17383e+03 1.16705e+04 6.15335e+04 3.01458e+05 1.29686e+06
2.34414e+02 1.35273e+03 7.57757e+03 4.08352e+04 1.97765e+05 8.29086e+05
1.23546e+01 7.28836e+01 4.13600e+02 2.32219e+03 1.25089e+04 5.97612e+04
4.82294e+02 2.96729e+03 1.58413e+04 8.46154e+04 4.21311e+05 1.85689e+06
6.34678e+00 3.65848e+01 2.08979e+02 1.17204e+03 6.31420e+03 3.01654e+04
8.48072e+01 4.67812e+02 2.75504e+03 1.48690e+04 7.56521e+04 3.21621e+05
1.23546e+01 7.28836e+01 4.13600e+02 2.32219e+03 1.25089e+04 5.97612e+04
4.25931e+02 2.48242e+03 1.32876e+04 7.11856e+04 3.52776e+05 1.53832e+06
3.18297e+02 1.84716e+03 9.97811e+03 5.44960e+04 2.64843e+05 1.15806e+06
6.34678e+00 3.65848e+01 2.08979e+02 1.17204e+03 6.31420e+03 3.01654e+04
1.23546e+01 7.28836e+01 4.13600e+02 2.32219e+03 1.25089e+04 5.97612e+04
1.83942e+01 1.08131e+02 6.10707e+02 3.42251e+03 1.82085e+04 8.36724e+04
4.66381e+02 2.78757e+03 1.49661e+04 7.97081e+04 3.95004e+05 1.73423e+06
9.19693e+01 4.98935e+02 2.94290e+03 1.59240e+04 8.14303e+04 3.50558e+05
6.34678e+00 3.65848e+01 2.08979e+02 1.17204e+03 6.31420e+03 3.01654e+04
5.87068e+02 3.41204e+03 1.80665e+04 9.82514e+04 4.93569e+05 2.19583e+06
6.34678e+00 3.65848e+01 2.08979e+02 1.17204e+03 6.31420e+03 3.01654e+04
3.97520e+01 2.00260e+02 1.21475e+03 6.66253e+03 3.54280e+04 1.62280e+05
2.30171e+02 1.32367e+03 7.40927e+03 3.98786e+04 1.92600e+05 8.03261e+05
3.39109e+02 1.96232e+03 1.03756e+04 5.48598e+04 2.69967e+05 1.17640e+06
2.83210e+02 1.61092e+03 8.73856e+03 4.71615e+04 2.26067e+05 9.76845e+05
8.48072e+01 4.67812e+02 2.75504e+03 1.48690e+04 7.56521e+04 3.21621e+05
1.23546e+01 7.28836e+01 4.13600e+02 2.32219e+03 1.25089e+04 5.97612e+04
1.23546e+01 7.28836e+01 4.13600e+02 2.32219e+03 1.25089e+04 5.97612e+04
6.34678e+00 3.65848e+01 2.08979e+02 1.17204e+03 6.31420e+03 3.01654e+04
1.23546e+01 7.28836e+01 4.13600e+02 2.32219e+03 1.25089e+04 5.97612e+04
1.23546e+01 7.28836e+01 4.13600e+02 2.32219e+03 1.25089e+04 5.97612e+04
2.30171e+02 1.32367e+03 7.40927e+03 3.98786e+04 1.92600e+05 8.03261e+05
1.98001e+02 1.14394e+03 6.39432e+03 3.46015e+04 1.69294e+05 7.20475e+05
1.23546e+01 7.28836e+01 4.13600e+02 2.32219e+03 1.25089e+04 5.97612e+04
6.34678e+00 3.65848e+01 2.08979e+02 1.17204e+03 6.31420e+03 3.01654e+04
2.30171e+02 1.32367e+03 7.40927e+03 3.98786e+04 1.92600e+05 8.03261e+05
3.97520e+01 2.00260e+02 1.21475e+03 6.66253e+03 3.54280e+04 1.62280e+05
1.83942e+01 1.08131e+02 6.10707e+02 3.42251e+03 1.82085e+04 8.36724e+04
8.75731e+03 3.41315e+04 1.50963e+05 7.18343e+05 3.36168e+06 1.39590e+07
6.34678e+00 3.65848e+01 2.08979e+02 1.17204e+03 6.31420e+03 3.01654e+04
4.30577e+02 2.51246e+03 1.34434e+04 7.19995e+04 3.57098e+05 1.55639e+06
4.38447e+02 2.60269e+03 1.38607e+04 7.45286e+04 3.70420e+05 1.61742e+06
1.23546e+01 7.28836e+01 4.13600e+02 2.32219e+03 1.25089e+04 5.97612e+04
1.83942e+01 1.08131e+02 6.10707e+02 3.42251e+03 1.82085e+04 8.36724e+04
1.23546e+01 7.28836e+01 4.13600e+02 2.32219e+03 1.25089e+04 5.97612e+04
8.40456e+04 2.42395e+05 8.35645e+05 3.13870e+06 1.24161e+07 4.57904e+07
1.61656e+05 4.30862e+05 1.37326e+06 4.72741e+06 1.72945e+07 5.99227e+07
9.72301e+01 5.30487e+02 3.13015e+03 1.69621e+04 8.68565e+04 3.74305e+05
6.34678e+00 3.65848e+01 2.08979e+02 1.17204e+03 6.31420e+03 3.01654e+04
1.83942e+01 1.08131e+02 6.10707e+02 3.42251e+03 1.82085e+04 8.36724e+04
1.23546e+01 7.28836e+01 4.13600e+02 2.32219e+03 1.25089e+04 5.97612e+04
1.98001e+02 1.14394e+03 6.39432e+03 3.46015e+04 1.69294e+05 7.20475e+05
1.23546e+01 7.28836e+01 4.13600e+02 2.32219e+03 1.25089e+04 5.97612e+04
7.44851e+04 2.19489e+05 7.67381e+05 2.91772e+06 1.16803e+07 4.35978e+07
7.28993e+02 4.14255e+03 2.15039e+04 1.17896e+05 5.97249e+05 2.65411e+06
1.83942e+01 1.08131e+02 6.10707e+02 3.42251e+03 1.82085e+04 8.36724e+04
1.98001e+02 1.14394e+03 6.39432e+03 3.46015e+04 1.69294e+05 7.20475e+05
1.23546e+01 7.28836e+01 4.13600e+02 2.32219e+03 1.25089e+04 5.97612e+04
1.29105e+02 7.05529e+02 3.96846e+03 2.21501e+04 1.13890e+05 4.99369e+05
6.46596e+03 2.65289e+04 1.20684e+05 5.81786e+05 2.78217e+06 1.16955e+07
1.23546e+01 7.28836e+01 4.13600e+02 2.32219e+03 1.25089e+04 5.97612e+04
1.23546e+01 7.28836e+01 4.13600e+02 2.32219e+03 1.25089e+04 5.97612e+04
6.34678e+00 3.65848e+01 2.08979e+02 1.17204e+03 6.31420e+03 3.01654e+04
6.80489e+02 3.80741e+03 1.96705e+04 1.07105e+05 5.40719e+05 2.39130e+06
1.83942e+01 1.08131e+02 6.10707e+02 3.42251e+03 1.82085e+04 8.36724e+04
4.33297e+04 1.39146e+05 5.12714e+05 2.07833e+06 8.75240e+06 3.39113e+07
4.89414e+01 2.70726e+02 1.60325e+03 8.81130e+03 4.70453e+04 2.18426e+05
1.77550e+02 9.84108e+02 5.50544e+03 2.96988e+04 1.43453e+05 6.07981e+05
6.61180e+02 3.75160e+03 1.94562e+04 1.05440e+05 5.32181e+05 2.34972e+06
4.73465e+04 1.49596e+05 5.43390e+05 2.17776e+06 9.12073e+06 3.52277e+07
2.17005e+02 1.26536e+03 7.06664e+03 3.79587e+04 1.82595e+05 7.59285e+05
6.34678e+00 3.65848e+01 2.08979e+02 1.17204e+03 6.31420e+03 3.01654e+04
6.34367e+01 3.29510e+02 2.00147e+03 1.09470e+04 5.83425e+04 2.69622e+05
4.93844e+03 2.06930e+04 9.62173e+04 4.79211e+05 2.33008e+06 9.85521e+06
1.00448e+03 5.69887e+03 2.97369e+04 1.61702e+05 8.05254e+05 3.47465e+06
1.83942e+01 1.08131e+02 6.10707e+02 3.42251e+03 1.82085e+04 8.36724e+04
1.23546e+01 7.28836e+01 4.13600e+02 2.32219e+03 1.25089e+04 5.97612e+04
1.98001e+02 1.14394e+03 6.39432e+03 3.46015e+04 1.69294e+05 7.20475e+05
3.62752e+02 2.17383e+03 1.16705e+04 6.15335e+04 3.01458e+05 1.29686e+06
2.30171e+02 1.32367e+03 7.40927e+03 3.98786e+04 1.92600e+05 8.03261e+05
1.23546e+01 7.28836e+01 4.13600e+02 2.32219e+03 1.25089e+04 5.97612e+04
4.38751e+03 1.91650e+04 9.03969e+04 4.56222e+05 2.21817e+06 9.37168e+06
1.06601e+04 3.98497e+04 1.72051e+05 8.08607e+05 3.75740e+06 1.55013e+07
1.83942e+01 1.08131e+02 6.10707e+02 3.42251e+03 1.82085e+04 8.36724e+04
6.21048e+03 2.58851e+04 1.17447e+05 5.68978e+05 2.72509e+06 1.14530e+07
6.34678e+00 3.65848e+01 2.08979e+02 1.17204e+03 6.31420e+03 3.01654e+04
1.83942e+01 1.08131e+02 6.10707e+02 3.42251e+03 1.82085e+04 8.36724e+04
1.23546e+01 7.28836e+01 4.13600e+02 2.32219e+03 1.25089e+04 5.97612e+04
3.97520e+01 2.00260e+02 1.21475e+03 6.66253e+03 3.54280e+04 1.62280e+05
2.17005e+02 1.26536e+03 7.06664e+03 3.79587e+04 1.82595e+05 7.59285e+05
1.83942e+01 1.08131e+02 6.10707e+02 3.42251e+03 1.82085e+04 8.36724e+04
2.68343e+02 1.49277e+03 8.14865e+03 4.46911e+04 2.17606e+05 9.24055e+05
1.08122e+04 4.03617e+04 1.73760e+05 8.13924e+05 3.77698e+06 1.56045e+07
9.72301e+01 5.30487e+02 3.13015e+03 1.69621e+04 8.68565e+04 3.74305e+05
6.34678e+00 3.65848e+01 2.08979e+02 1.17204e+03 6.31420e+03 3.01654e+04
1.23546e+01 7.28836e+01 4.13600e+02 2.32219e+03 1.25089e+04 5.97612e+04
1.83942e+01 1.08131e+02 6.10707e+02 3.42251e+03 1.82085e+04 8.36724e+04
2.79922e+02 1.58006e+03 8.57754e+03 4.62365e+04 2.21024e+05 9.51823e+05
6.34678e+00 3.65848e+01 2.08979e+02 1.17204e+03 6.31420e+03 3.01654e+04
1.23546e+01 7.28836e+01 4.13600e+02 2.32219e+03 1.25089e+04 5.97612e+04
2.57957e+03 1.19729e+04 6.02487e+04 3.17588e+05 1.56752e+06 6.73106e+06
4.89414e+01 2.70726e+02 1.60325e+03 8.81130e+03 4.70453e+04 2.18426e+05
1.23546e+01 7.28836e+01 4.13600e+02 2.32219e+03 1.25089e+04 5.97612e+04
6.34678e+00 3.65848e+01 2.08979e+02 1.17204e+03 6.31420e+03 3.01654e+04
1.83942e+01 1.08131e+02 6.10707e+02 3.42251e+03 1.82085e+04 8.36724e+04
1.48215e+02 8.32688e+02 4.67092e+03 2.57185e+04 1.28181e+05 5.39462e+05
1.23546e+01 7.28836e+01 4.13600e+02 2.32219e+03 1.25089e+04 5.97612e+04
4.90958e+02 2.99553e+03 1.59428e+04 8.54638e+04 4.25680e+05 1.87783e+06
1.23546e+01 7.28836e+01 4.13600e+02 2.32219e+03 1.25089e+04 5.97612e+04
1.83942e+01 1.08131e+02 6.10707e+02 3.42251e+03 1.82085e+04 8.36724e+04
1.98001e+02 1.14394e+03 6.39432e+03 3.46015e+04 1.69294e+05 7.20475e+05
8.48072e+01 4.67812e+02 2.75504e+03 1.48690e+04 7.56521e+04 3.21621e+05
7.87039e+03 3.10533e+04 1.40011e+05 6.71490e+05 3.17789e+06 1.32117e+07
6.34678e+00 3.65848e+01 2.08979e+02 1.17204e+03 6.31420e+03 3.01654e+04
4.19426e+03 1.83001e+04 8.68276e+04 4.41927e+05 2.15306e+06 9.09990e+06
1.29105e+02 7.05529e+02 3.96846e+03 2.21501e+04 1.13890e+05 4.99369e+05
2.89688e+04 9.60394e+04 3.73353e+05 1.59536e+06 6.94554e+06 2.73375e+07
6.34678e+00 3.65848e+01 2.08979e+02 1.17204e+03 6.31420e+03 3.01654e+04
1.98001e+02 1.14394e+03 6.39432e+03 3.46015e+04 1.69294e+05 7.20475e+05
1.21854e+03 6.53169e+03 3.42715e+04 1.82961e+05 9.13612e+05 3.96400e+06
2.83414e+01 1.32012e+02 8.29003e+02 4.51083e+03 2.40442e+04 1.11046e+05
6.68200e+05 1.53161e+06 4.02253e+06 1.09305e+07 3.23537e+07 9.35241e+07
1.84693e+02 1.04649e+03 5.86009e+03 3.16791e+04 1.53893e+05 6.54058e+05
6.34678e+00 3.65848e+01 2.08979e+02 1.17204e+03 6.31420e+03 3.01654e+04
2.30171e+02 1.32367e+03 7.40927e+03 3.98786e+04 1.92600e+05 8.03261e+05
2.01405e+02 1.17395e+03 6.56253e+03 3.55475e+04 1.74496e+05 7.44752e+05
6.34678e+00 3.65848e+01 2.08979e+02 1.17204e+03 6.31420e+03 3.01654e+04
6.34678e+00 3.65848e+01 2.08979e+02 1.17204e+03 6.31420e+03 3.01654e+04
5.46635e+01 3.04788e+02 1.79245e+03 9.86906e+03 5.26225e+04 2.43061e+05
1.55232e+02 8.63125e+02 4.85152e+03 2.67250e+04 1.33518e+05 5.63606e+05
5.81308e+02 3.38589e+03 1.79332e+04 9.74757e+04 4.89594e+05 2.17879e+06
2.29473e+03 1.09030e+04 5.47527e+04 2.90656e+05 1.43228e+06 6.16307e+06
1.55232e+02 8.63125e+02 4.85152e+03 2.67250e+04 1.33518e+05 5.63606e+05
7.48060e+02 4.27422e+03 2.22591e+04 1.22332e+05 6.17388e+05 2.72562e+06
1.03098e+03 5.93990e+03 3.03076e+04 1.64967e+05 8.23891e+05 3.55632e+06
1.23546e+01 7.28836e+01 4.13600e+02 2.32219e+03 1.25089e+04 5.97612e+04
1.18350e+03 6.48015e+03 3.38083e+04 1.80358e+05 8.99584e+05 3.90077e+06
1.83942e+01 1.08131e+02 6.10707e+02 3.42251e+03 1.82085e+04 8.36724e+04
2.59070e+02 1.47584e+03 7.97219e+03 4.37992e+04 2.12730e+05 9.02737e+05
2.83210e+02 1.61092e+03 8.73856e+03 4.71615e+04 2.26067e+05 9.76845e+05
6.34678e+00 3.65848e+01 2.08979e+02 1.17204e+03 6.31420e+03 3.01654e+04
2.17005e+02 1.26536e+03 7.06664e+03 3.79587e+04 1.82595e+05 7.59285e+05
1.83942e+01 1.08131e+02 6.10707e+02 3.42251e+03 1.82085e+04 8.36724e+04
2.97543e+03 1.32367e+04 6.59037e+04 3.44889e+05 1.70865e+06 7.30491e+06
3.39109e+02 1.96232e+03 1.03756e+04 5.48598e+04 2.69967e+05 1.17640e+06
6.34678e+00 3.65848e+01 2.08979e+02 1.17204e+03 6.31420e+03 3.01654e+04
1.09137e+03 6.14104e+03 3.15886e+04 1.71003e+05 8.56454e+05 3.69314e+06
8.48072e+01 4.67812e+02 2.75504e+03 1.48690e+04 7.56521e+04 3.21621e+05
6.34678e+00 3.65848e+01 2.08979e+02 1.17204e+03 6.31420e+03 3.01654e+04
1.83942e+01 1.08131e+02 6.10707e+02 3.42251e+03 1.82085e+04 8.36724e+04
1.23546e+01 7.28836e+01 4.13600e+02 2.32219e+03 1.25089e+04 5.97612e+04
1.23546e+01 7.28836e+01 4.13600e+02 2.32219e+03 1.25089e+04 5.97612e+04
1.23546e+01 7.28836e+01 4.13600e+02 2.32219e+03 1.25089e+04 5.97612e+04
1.23546e+01 7.28836e+01 4.13600e+02 2.32219e+03 1.25089e+04 5.97612e+04
3.13179e+04 1.04248e+05 4.01371e+05 1.69746e+06 7.32152e+06 2.88033e+07
5.43473e+03 2.22827e+04 1.03016e+05 5.11658e+05 2.46989e+06 1.04504e+07
3.86668e+04 1.25878e+05 4.68344e+05 1.93276e+06 8.22626e+06 3.20449e+07
6.34678e+00 3.65848e+01 2.08979e+02 1.17204e+03 6.31420e+03 3.01654e+04
1.23546e+01 7.28836e+01 4.13600e+02 2.32219e+03 1.25089e+04 5.97612e+04
6.34678e+00 3.65848e+01 2.08979e+02 1.17204e+03 6.31420e+03 3.01654e+04
1.23421e+02 6.72319e+02 3.78710e+03 2.11455e+04 1.08681e+05 4.77716e+05
1.23546e+01 7.28836e+01 4.13600e+02 2.32219e+03 1.25089e+04 5.97612e+04
1.23546e+01 7.28836e+01 4.13600e+02 2.32219e+03 1.25089e+04 5.97612e+04
2.17005e+02 1.26536e+03 7.06664e+03 3.79587e+04 1.82595e+05 7.59285e+05
3.08553e+04 1.02670e+05 3.95475e+05 1.67946e+06 7.25423e+06 2.85268e+07
2.79922e+02 1.58006e+03 8.57754e+03 4.62365e+04 2.21024e+05 9.51823e+05
6.34678e+00 3.65848e+01 2.08979e+02 1.17204e+03 6.31420e+03 3.01654e+04
1.23546e+01 7.28836e+01 4.13600e+02 2.32219e+03 1.25089e+04 5.97612e+04
1.23546e+01 7.28836e+01 4.13600e+02 2.32219e+03 1.25089e+04 5.97612e+04
7.27293e+02 4.15993e+03 2.16330e+04 1.18672e+05 6.01357e+05 2.67465e+06
8.42374e+02 4.77608e+03 2.47961e+04 1.35370e+05 6.72090e+05 2.92529e+06
6.34678e+00 3.65848e+01 2.08979e+02 1.17204e+03 6.31420e+03 3.01654e+04
1.83942e+01 1.08131e+02 6.10707e+02 3.42251e+03 1.82085e+04 8.36724e+04
1.59865e+02 8.95072e+02 5.03445e+03 2.77307e+04 1.38815e+05 5.87846e+05
1.23546e+01 7.28836e+01 4.13600e+02 2.32219e+03 1.25089e+04 5.97612e+04
2.34550e+05 5.99432e+05 1.82539e+06 5.91793e+06 2.05917e+07 6.85511e+07
4.45103e+03 1.93061e+04 9.14820e+04 4.59459e+05 2.23625e+06 9.44326e+06
3.95207e+02 2.35836e+03 1.27277e+04 6.76438e+04 3.34171e+05 1.44786e+06
4.30577e+02 2.51246e+03 1.34434e+04 7.19995e+04 3.57098e+05 1.55639e+06
3.42581e+03 1.50264e+04 7.29001e+04 3.79099e+05 1.86855e+06 7.93876e+06
1.23546e+01 7.28836e+01 4.13600e+02 2.32219e+03 1.25089e+04 5.97612e+04
2.79922e+02 1.58006e+03 8.57754e+03 4.62365e+04 2.21024e+05 9.51823e+05
1.83942e+01 1.08131e+02 6.10707e+02 3.42251e+03 1.82085e+04 8.36724e+04
1.83942e+01 1.08131e+02 6.10707e+02 3.42251e+03 1.82085e+04 8.36724e+04
2.55609e+03 1.17602e+04 5.92951e+04 3.13698e+05 1.54857e+06 6.63700e+06
2.30488e+04 7.78898e+04 3.13461e+05 1.36574e+06 6.04537e+06 2.40786e+07
6.34678e+00 3.65848e+01 2.08979e+02 1.17204e+03 6.31420e+03 3.01654e+04
6.34678e+00 3.65848e+01 2.08979e+02 1.17204e+03 6.31420e+03 3.01654e+04
1.23546e+01 7.28836e+01 4.13600e+02 2.32219e+03 1.25089e+04 5.97612e+04
6.34678e+00 3.65848e+01 2.08979e+02 1.17204e+03 6.31420e+03 3.01654e+04
2.17005e+02 1.26536e+03 7.06664e+03 3.79587e+04 1.82595e+05 7.59285e+05
4.89414e+01 2.70726e+02 1.60325e+03 8.81130e+03 4.70453e+04 2.18426e+05
6.34678e+00 3.65848e+01 2.08979e+02 1.17204e+03 6.31420e+03 3.01654e+04
4.19783e+02 2.42804e+03 1.29831e+04 6.94776e+04 3.43498e+05 1.49341e+06
4.39123e+05 1.04438e+06 2.91722e+06 8.55426e+06 2.71160e+07 8.33687e+07
1.98001e+02 1.14394e+03 6.39432e+03 3.46015e+04 1.69294e+05 7.20475e+05
1.23546e+01 7.28836e+01 4.13600e+02 2.32219e+03 1.25089e+04 5.97612e+04
1.83942e+01 1.08131e+02 6.10707e+02 3.42251e+03 1.82085e+04 8.36724e+04
2.17005e+02 1.26536e+03 7.06664e+03 3.79587e+04 1.82595e+05 7.59285e+05
4.08942e+03 1.78958e+04 8.47614e+04 4.31515e+05 2.10676e+06 8.92401e+06
6.34678e+00 3.65848e+01 2.08979e+02 1.17204e+03 6.31420e+03 3.01654e+04
1.23546e+01 7.28836e+01 4.13600e+02 2.32219e+03 1.25089e+04 5.97612e+04
4.90958e+02 2.99553e+03 1.59428e+04 8.54638e+04 4.25680e+05 1.87783e+06
3.18672e+04 1.05789e+05 4.06625e+05 1.71517e+06 7.39018e+06 2.90200e+07
1.55232e+02 8.63125e+02 4.85152e+03 2.67250e+04 1.33518e+05 5.63606e+05
1.83942e+01 1.08131e+02 6.10707e+02 3.42251e+03 1.82085e+04 8.36724e+04
4.19783e+02 2.42804e+03 1.29831e+04 6.94776e+04 3.43498e+05 1.49341e+06
1.83942e+01 1.08131e+02 6.10707e+02 3.42251e+03 1.82085e+04 8.36724e+04
1.01625e+02 5.63994e+02 3.30527e+03 1.79820e+04 9.21656e+04 3.97190e+05
1.23546e+01 7.28836e+01 4.13600e+02 2.32219e+03 1.25089e+04 5.97612e+04
1.23546e+01 7.28836e+01 4.13600e+02 2.32219e+03 1.25089e+04 5.97612e+04
1.23546e+01 7.28836e+01 4.13600e+02 2.32219e+03 1.25089e+04 5.97612e+04
1.23546e+01 7.28836e+01 4.13600e+02 2.32219e+03 1.25089e+04 5.97612e+04
1.07038e+02 5.95256e+02 3.48733e+03 1.90165e+04 9.77735e+04 4.24574e+05
1.23546e+01 7.28836e+01 4.13600e+02 2.32219e+03 1.25089e+04 5.97612e+04
1.98001e+02 1.14394e+03 6.39432e+03 3.46015e+04 1.69294e+05 7.20475e+05
3.47766e+01 1.66316e+02 1.02320e+03 5.58551e+03 2.97894e+04 1.37367e+05
3.13225e+02 1.81369e+03 9.82437e+03 5.35978e+04 2.60291e+05 1.13969e+06
3.97520e+01 2.00260e+02 1.21475e+03 6.66253e+03 3.54280e+04 1.62280e+05
1.98001e+02 1.14394e+03 6.39432e+03 3.46015e+04 1.69294e+05 7.20475e+05
1.84693e+02 1.04649e+03 5.86009e+03 3.16791e+04 1.53893e+05 6.54058e+05
2.35571e+03 1.10204e+04 5.55527e+04 2.95017e+05 1.45103e+06 6.24158e+06
1.52494e+03 8.03716e+03 4.14869e+04 2.22196e+05 1.08892e+06 4.70549e+06
1.83942e+01 1.08131e+02 6.10707e+02 3.42251e+03 1.82085e+04 8.36724e+04
1.83942e+01 1.08131e+02 6.10707e+02 3.42251e+03 1.82085e+04 8.36724e+04
1.48215e+02 8.32688e+02 4.67092e+03 2.57185e+04 1.28181e+05 5.39462e+05
2.83414e+01 1.32012e+02 8.29003e+02 4.51083e+03 2.40442e+04 1.11046e+05
6.34678e+00 3.65848e+01 2.08979e+02 1.17204e+03 6.31420e+03 3.01654e+04
2.83414e+01 1.32012e+02 8.29003e+02 4.51083e+03 2.40442e+04 1.11046e+05
1.50803e+03 7.93509e+03 4.11137e+04 2.19926e+05 1.08228e+06 4.68157e+06
3.97520e+01 2.00260e+02 1.21475e+03 6.66253e+03 3.54280e+04 1.62280e+05
1.27738e+03 6.75082e+03 3.55340e+04 1.89356e+05 9.49342e+05 4.12840e+06
6.29303e+03 2.60068e+04 1.18373e+05 5.72241e+05 2.74018e+06 1.15156e+07
2.22717e+02 1.29422e+03 7.23802e+03 3.89188e+04 1.87584e+05 7.81040e+05
1.23546e+01 7.28836e+01 4.13600e+02 2.32219e+03 1.25089e+04 5.97612e+04
6.34678e+00 3.65848e+01 2.08979e+02 1.17204e+03 6.31420e+03 3.01654e+04
3.13225e+02 1.81369e+03 9.82437e+03 5.35978e+04 2.60291e+05 1.13969e+06
9.34130e+02 5.23974e+03 2.71443e+04 1.48249e+05 7.36301e+05 3.19827e+06
1.98001e+02 1.14394e+03 6.39432e+03 3.46015e+04 1.69294e+05 7.20475e+05
1.20770e+02 6.37416e+02 3.61222e+03 2.01345e+04 1.03498e+05 4.56598e+05
6.34678e+00 3.65848e+01 2.08979e+02 1.17204e+03 6.31420e+03 3.01654e+04
6.34678e+00 3.65848e+01 2.08979e+02 1.17204e+03 6.31420e+03 3.01654e+04
9.87033e+02 5.56048e+03 2.90153e+04 1.57516e+05 7.82850e+05 3.36978e+06
1.77259e+03 9.35186e+03 4.73966e+04 2.55700e+05 1.24505e+06 5.29885e+06
4.82294e+02 2.96729e+03 1.58413e+04 8.46154e+04 4.21311e+05 1.85689e+06
2.98121e+02 1.72529e+03 9.38715e+03 5.08307e+04 2.45672e+05 1.06932e+06
1.31495e+03 7.01450e+03 3.68260e+04 1.97229e+05 9.87866e+05 4.28398e+06
2.78242e+04 9.21319e+04 3.61822e+05 1.55468e+06 6.80358e+06 2.68792e+07
1.29105e+02 7.05529e+02 3.96846e+03 2.21501e+04 1.13890e+05 4.99369e+05
1.23546e+01 7.28836e+01 4.13600e+02 2.32219e+03 1.25089e+04 5.97612e+04
4.19783e+02 2.42804e+03 1.29831e+04 6.94776e+04 3.43498e+05 1.49341e+06
1.06824e+03 6.02894e+03 3.09262e+04 1.67450e+05 8.38384e+05 3.62235e+06
1.23546e+01 7.28836e+01 4.13600e+02 2.32219e+03 1.25089e+04 5.97612e+04
6.34678e+00 3.65848e+01 2.08979e+02 1.17204e+03 6.31420e+03 3.01654e+04
1.98001e+02 1.14394e+03 6.39432e+03 3.46015e+04 1.69294e+05 7.20475e+05
1.23546e+01 7.28836e+01 4.13600e+02 2.32219e+03 1.25089e+04 5.97612e+04
6.34678e+00 3.65848e+01 2.08979e+02 1.17204e+03 6.31420e+03 3.01654e+04
6.34678e+00 3.65848e+01 2.08979e+02 1.17204e+03 6.31420e+03 3.01654e+04
6.38683e+05 1.47123e+06 3.88960e+06 1.06571e+07 3.17795e+07 9.24771e+07
3.58315e+02 2.12323e+03 1.13437e+04 5.98076e+04 2.92295e+05 1.25778e+06
3.97520e+01 2.00260e+02 1.21475e+03 6.66253e+03 3.54280e+04 1.62280e+05
6.21742e+02 3.56375e+03 1.88371e+04 1.01866e+05 5.14860e+05 2.29408e+06
2.30171e+02 1.32367e+03 7.40927e+03 3.98786e+04 1.92600e+05 8.03261e+05
1.83863e+02 1.08520e+03 6.04069e+03 3.26449e+04 1.59010e+05 6.75703e+05
1.98001e+02 1.14394e+03 6.39432e+03 3.46015e+04 1.69294e+05 7.20475e+05
1.83942e+01 1.08131e+02 6.10707e+02 3.42251e+03 1.82085e+04 8.36724e+04
6.34678e+00 3.65848e+01 2.08979e+02 1.17204e+03 6.31420e+03 3.01654e+04
3.13225e+02 1.81369e+03 9.82437e+03 5.35978e+04 2.60291e+05 1.13969e+06
1.23546e+01 7.28836e+01 4.13600e+02 2.32219e+03 1.25089e+04 5.97612e+04
2.83414e+01 1.32012e+02 8.29003e+02 4.51083e+03 2.40442e+04 1.11046e+05
2.30171e+02 1.32367e+03 7.40927e+03 3.98786e+04 1.92600e+05 8.03261e+05
1.45717e+03 7.71563e+03 3.97769e+04 2.11939e+05 1.04496e+06 4.51620e+06
6.34678e+00 3.65848e+01 2.08979e+02 1.17204e+03 6.31420e+03 3.01654e+04
4.10532e+04 1.32252e+05 4.90432e+05 2.00582e+06 8.48915e+06 3.29762e+07
2.17005e+02 1.26536e+03 7.06664e+03 3.79587e+04 1.82595e+05 7.59285e+05
1.64770e+04 5.85922e+04 2.41824e+05 1.09267e+06 4.93096e+06 1.99997e+07
2.83414e+01 1.32012e+02 8.29003e+02 4.51083e+03 2.40442e+04 1.11046e+05
1.30552e+03 6.81747e+03 3.60176e+04 1.91856e+05 9.60815e+05 4.16344e+06
6.34678e+00 3.65848e+01 2.08979e+02 1.17204e+03 6.31420e+03 3.01654e+04
3.95207e+02 2.35836e+03 1.27277e+04 6.76438e+04 3.34171e+05 1.44786e+06
1.58754e+03 8.49008e+03 4.32562e+04 2.32807e+05 1.13887e+06 4.90159e+06
3.62752e+02 2.17383e+03 1.16705e+04 6.15335e+04 3.01458e+05 1.29686e+06
4.30577e+02 2.51246e+03 1.34434e+04 7.19995e+04 3.57098e+05 1.55639e+06
7.10546e+03 2.81377e+04 1.27600e+05 6.19401e+05 2.95435e+06 1.23774e+07
3.67211e+02 2.19746e+03 1.18341e+04 6.24160e+04 3.06330e+05 1.32135e+06
3.58165e+02 2.15454e+03 1.14920e+04 6.06788e+04 2.96861e+05 1.27697e+06
4.15516e+02 2.40381e+03 1.28235e+04 6.86270e+04 3.39012e+05 1.47373e+06
6.34678e+00 3.65848e+01 2.08979e+02 1.17204e+03 6.31420e+03 3.01654e+04
1.23546e+01 7.28836e+01 4.13600e+02 2.32219e+03 1.25089e+04 5.97612e+04
1.23546e+01 7.28836e+01 4.13600e+02 2.32219e+03 1.25089e+04 5.97612e+04
1.23546e+01 7.28836e+01 4.13600e+02 2.32219e+03 1.25089e+04 5.97612e+04
1.23546e+01 7.28836e+01 4.13600e+02 2.32219e+03 1.25089e+04 5.97612e+04
5.67782e+02 3.36823e+03 1.78464e+04 9.65787e+04 4.85754e+05 2.16255e+06
9.72301e+01 5.30487e+02 3.13015e+03 1.69621e+04 8.68565e+04 3.74305e+05
1.83942e+01 1.08131e+02 6.10707e+02 3.42251e+03 1.82085e+04 8.36724e+04
3.95207e+02 2.35836e+03 1.27277e+04 6.76438e+04 3.34171e+05 1.44786e+06
1.83942e+01 1.08131e+02 6.10707e+02 3.42251e+03 1.82085e+04 8.36724e+04
3.58315e+02 2.12323e+03 1.13437e+04 5.98076e+04 2.92295e+05 1.25778e+06
6.34678e+00 3.65848e+01 2.08979e+02 1.17204e+03 6.31420e+03 3.01654e+04
1.83942e+01 1.08131e+02 6.10707e+02 3.42251e+03 1.82085e+04 8.36724e+04
5.81308e+02 3.38589e+03 1.79332e+04 9.74757e+04 4.89594e+05 2.17879e+06
1.23546e+01 7.28836e+01 4.13600e+02 2.32219e+03 1.25089e+04 5.97612e+04
6.34678e+00 3.65848e+01 2.08979e+02 1.17204e+03 6.31420e+03 3.01654e+04
1.83942e+01 1.08131e+02 6.10707e+02 3.42251e+03 1.82085e+04 8.36724e+04
6.34678e+00 3.65848e+01 2.08979e+02 1.17204e+03 6.31420e+03 3.01654e+04
1.59865e+02 8.95072e+02 5.03445e+03 2.77307e+04 1.38815e+05 5.87846e+05
4.90881e+02 3.04525e+03 1.62468e+04 8.70926e+04 4.34431e+05 1.92058e+06
6.34678e+00 3.65848e+01 2.08979e+02 1.17204e+03 6.31420e+03 3.01654e+04
6.34678e+00 3.65848e+01 2.08979e+02 1.17204e+03 6.31420e+03 3.01654e+04
1.48215e+02 8.32688e+02 4.67092e+03 2.57185e+04 1.28181e+05 5.39462e+05
8.19752e+04 2.36455e+05 8.19942e+05 3.08425e+06 1.22471e+07 4.52942e+07
2.52215e+02 1.44637e+03 7.80140e+03 4.28515e+04 2.07565e+05 8.76755e+05
2.30171e+02 1.32367e+03 7.40927e+03 3.98786e+04 1.92600e+05 8.03261e+05
1.44134e+02 8.00888e+02 4.49065e+03 2.47077e+04 1.22752e+05 5.14065e+05
1.23546e+01 7.28836e+01 4.13600e+02 2.32219e+03 1.25089e+04 5.97612e+04
2.50177e+05 6.33048e+05 1.91120e+06 6.13547e+06 2.11809e+07 6.99781e+07
8.48072e+01 4.67812e+02 2.75504e+03 1.48690e+04 7.56521e+04 3.21621e+05
1.23546e+01 7.28836e+01 4.13600e+02 2.32219e+03 1.25089e+04 5.97612e+04
1.83942e+01 1.08131e+02 6.10707e+02 3.42251e+03 1.82085e+04 8.36724e+04
1.83942e+01 1.08131e+02 6.10707e+02 3.42251e+03 1.82085e+04 8.36724e+04
1.70403e+05 4.53533e+05 1.43469e+06 4.88536e+06 1.77302e+07 6.11464e+07
1.23546e+01 7.28836e+01 4.13600e+02 2.32219e+03 1.25089e+04 5.97612e+04
1.83942e+01 1.08131e+02 6.10707e+02 3.42251e+03 1.82085e+04 8.36724e+04
1.23844e+04 4.69184e+04 1.97980e+05 9.13062e+05 4.18706e+06 1.72117e+07
6.34678e+00 3.65848e+01 2.08979e+02 1.17204e+03 6.31420e+03 3.01654e+04
1.83942e+01 1.08131e+02 6.10707e+02 3.42251e+03 1.82085e+04 8.36724e+04
8.48072e+01 4.67812e+02 2.75504e+03 1.48690e+04 7.56521e+04 3.21621e+05
1.77550e+02 9.84108e+02 5.50544e+03 2.96988e+04 1.43453e+05 6.07981e+05
4.25063e+02 2.45433e+03 1.31442e+04 7.03275e+04 3.48185e+05 1.51674e+06
2.66634e+03 1.24815e+04 6.21863e+04 3.26186e+05 1.61655e+06 6.93333e+06
8.48072e+01 4.67812e+02 2.75504e+03 1.48690e+04 7.56521e+04 3.21621e+05
2.30171e+02 1.32367e+03 7.40927e+03 3.98786e+04 1.92600e+05 8.03261e+05
6.34678e+00 3.65848e+01 2.08979e+02 1.17204e+03 6.31420e+03 3.01654e+04
9.19693e+01 4.98935e+02 2.94290e+03 1.59240e+04 8.14303e+04 3.50558e+05
1.17725e+04 4.39212e+04 1.87061e+05 8.64451e+05 3.99940e+06 1.65071e+07
1.23546e+01 7.28836e+01 4.13600e+02 2.32219e+03 1.25089e+04 5.97612e+04
3.97520e+01 2.00260e+02 1.21475e+03 6.66253e+03 3.54280e+04 1.62280e+05
1.77550e+02 9.84108e+02 5.50544e+03 2.96988e+04 1.43453e+05 6.07981e+05
8.48072e+01 4.67812e+02 2.75504e+03 1.48690e+04 7.56521e+04 3.21621e+05
6.34678e+00 3.65848e+01 2.08979e+02 1.17204e+03 6.31420e+03 3.01654e+04
3.97520e+01 2.00260e+02 1.21475e+03 6.66253e+03 3.54280e+04 1.62280e+05
6.34678e+00 3.65848e+01 2.08979e+02 1.17204e+03 6.31420e+03 3.01654e+04
1.48215e+02 8.32688e+02 4.67092e+03 2.57185e+04 1.28181e+05 5.39462e+05
3.18297e+02 1.84716e+03 9.97811e+03 5.44960e+04 2.64843e+05 1.15806e+06
1.83942e+01 1.08131e+02 6.10707e+02 3.42251e+03 1.82085e+04 8.36724e+04
1.98001e+02 1.14394e+03 6.39432e+03 3.46015e+04 1.69294e+05 7.20475e+05
3.97520e+01 2.00260e+02 1.21475e+03 6.66253e+03 3.54280e+04 1.62280e+05
8.59551e+04 2.47663e+05 8.48210e+05 3.18274e+06 1.25538e+07 4.62182e+07
1.83942e+01 1.08131e+02 6.10707e+02 3.42251e+03 1.82085e+04 8.36724e+04
1.83863e+02 1.08520e+03 6.04069e+03 3.26449e+04 1.59010e+05 6.75703e+05
3.97520e+01 2.00260e+02 1.21475e+03 6.66253e+03 3.54280e+04 1.62280e+05
2.02135e+05 5.24953e+05 1.62852e+06 5.40261e+06 1.92362e+07 6.51143e+07
1.23546e+01 7.28836e+01 4.13600e+02 2.32219e+03 1.25089e+04 5.97612e+04
1.48215e+02 8.32688e+02 4.67092e+03 2.57185e+04 1.28181e+05 5.39462e+05
1.47377e+04 5.36569e+04 2.22941e+05 1.01031e+06 4.58088e+06 1.86704e+07
8.97455e+04 2.57889e+05 8.75197e+05 3.27089e+06 1.28488e+07 4.71357e+07
3.62752e+02 2.17383e+03 1.16705e+04 6.15335e+04 3.01458e+05 1.29686e+06
1.23546e+01 7.28836e+01 4.13600e+02 2.32219e+03 1.25089e+04 5.97612e+04
4.19783e+02 2.42804e+03 1.29831e+04 6.94776e+04 3.43498e+05 1.49341e+06
6.34678e+00 3.65848e+01 2.08979e+02 1.17204e+03 6.31420e+03 3.01654e+04
1.23546e+01 7.28836e+01 4.13600e+02 2.32219e+03 1.25089e+04 5.97612e+04
6.34678e+00 3.65848e+01 2.08979e+02 1.17204e+03 6.31420e+03 3.01654e+04
1.83942e+01 1.08131e+02 6.10707e+02 3.42251e+03 1.82085e+04 8.36724e+04
1.23546e+01 7.28836e+01 4.13600e+02 2.32219e+03 1.25089e+04 5.97612e+04
1.23546e+01 7.28836e+01 4.13600e+02 2.32219e+03 1.25089e+04 5.97612e+04
6.34678e+00 3.65848e+01 2.08979e+02 1.17204e+03 6.31420e+03 3.01654e+04
1.23546e+01 7.28836e+01 4.13600e+02 2.32219e+03 1.25089e+04 5.97612e+04
6.34678e+00 3.65848e+01 2.08979e+02 1.17204e+03 6.31420e+03 3.01654e+04
1.83942e+01 1.08131e+02 6.10707e+02 3.42251e+03 1.82085e+04 8.36724e+04
1.23546e+01 7.28836e+01 4.13600e+02 2.32219e+03 1.25089e+04 5.97612e+04
1.77984e+03 9.39104e+03 4.76120e+04 2.56057e+05 1.24839e+06 5.31076e+06
8.48072e+01 4.67812e+02 2.75504e+03 1.48690e+04 7.56521e+04 3.21621e+05
1.23546e+01 7.28836e+01 4.13600e+02 2.32219e+03 1.25089e+04 5.97612e+04
4.89414e+01 2.70726e+02 1.60325e+03 8.81130e+03 4.70453e+04 2.18426e+05
1.22485e+03 6.59002e+03 3.45041e+04 1.83372e+05 9.17557e+05 3.98021e+06
9.72301e+01 5.30487e+02 3.13015e+03 1.69621e+04 8.68565e+04 3.74305e+05
2.17005e+02 1.26536e+03 7.06664e+03 3.79587e+04 1.82595e+05 7.59285e+05
3.51365e+04 1.15590e+05 4.36725e+05 1.82158e+06 7.78423e+06 3.04199e+07
6.34678e+00 3.65848e+01 2.08979e+02 1.17204e+03 6.31420e+03 3.01654e+04
5.46635e+01 3.04788e+02 1.79245e+03 9.86906e+03 5.26225e+04 2.43061e+05
1.66573e+03 8.99167e+03 4.57116e+04 2.45671e+05 1.19653e+06 5.10435e+06
1.83942e+01 1.08131e+02 6.10707e+02 3.42251e+03 1.82085e+04 8.36724e+04
3.95207e+02 2.35836e+03 1.27277e+04 6.76438e+04 3.34171e+05 1.44786e+06
1.23546e+01 7.28836e+01 4.13600e+02 2.32219e+03 1.25089e+04 5.97612e+04
6.34678e+00 3.65848e+01 2.08979e+02 1.17204e+03 6.31420e+03 3.01654e+04
3.31512e+03 1.46129e+04 7.08839e+04 3.71110e+05 1.82907e+06 7.77185e+06
1.54935e+04 5.64487e+04 2.32739e+05 1.05242e+06 4.75837e+06 1.93917e+07
4.75518e+02 2.86786e+03 1.54039e+04 8.21723e+04 4.08295e+05 1.79685e+06
6.34678e+00 3.65848e+01 2.08979e+02 1.17204e+03 6.31420e+03 3.01654e+04
2.60562e+03 1.21449e+04 6.08735e+04 3.20637e+05 1.58428e+06 6.80680e+06
1.23546e+01 7.28836e+01 4.13600e+02 2.32219e+03 1.25089e+04 5.97612e+04
2.30171e+02 1.32367e+03 7.40927e+03 3.98786e+04 1.92600e+05 8.03261e+05
1.88908e+03 9.82002e+03 4.96905e+04 2.65679e+05 1.29813e+06 5.54206e+06
2.83414e+01 1.32012e+02 8.29003e+02 4.51083e+03 2.40442e+04 1.11046e+05
8.48072e+01 4.67812e+02 2.75504e+03 1.48690e+04 7.56521e+04 3.21621e+05
4.89414e+01 2.70726e+02 1.60325e+03 8.81130e+03 4.70453e+04 2.18426e+05
1.98001e+02 1.14394e+03 6.39432e+03 3.46015e+04 1.69294e+05 7.20475e+05
6.34678e+00 3.65848e+01 2.08979e+02 1.17204e+03 6.31420e+03 3.01654e+04
4.38447e+02 2.60269e+03 1.38607e+04 7.45286e+04 3.70420e+05 1.61742e+06
6.34678e+00 3.65848e+01 2.08979e+02 1.17204e+03 6.31420e+03 3.01654e+04
3.50869e+03 1.53519e+04 7.46123e+04 3.87994e+05 1.90803e+06 8.07831e+06
7.48060e+02 4.27422e+03 2.22591e+04 1.22332e+05 6.17388e+05 2.72562e+06
1.01625e+02 5.63994e+02 3.30527e+03 1.79820e+04 9.21656e+04 3.97190e+05
1.23546e+01 7.28836e+01 4.13600e+02 2.32219e+03 1.25089e+04 5.97612e+04
1.23546e+01 7.28836e+01 4.13600e+02 2.32219e+03 1.25089e+04 5.97612e+04
2.83414e+01 1.32012e+02 8.29003e+02 4.51083e+03 2.40442e+04 1.11046e+05
4.25931e+02 2.48242e+03 1.32876e+04 7.11856e+04 3.52776e+05 1.53832e+06
2.59070e+02 1.47584e+03 7.97219e+03 4.37992e+04 2.12730e+05 9.02737e+05
1.80032e+05 4.77018e+05 1.49452e+06 5.04584e+06 1.81969e+07 6.24250e+07
3.97520e+01 2.00260e+02 1.21475e+03 6.66253e+03 3.54280e+04 1.62280e+05
7.68752e+03 3.00320e+04 1.35861e+05 6.53251e+05 3.09407e+06 1.28554e+07
6.06353e+03 2.53268e+04 1.15039e+05 5.59471e+05 2.67441e+06 1.12460e+07
1.23546e+01 7.28836e+01 4.13600e+02 2.32219e+03 1.25089e+04 5.97612e+04
5.46635e+01 3.04788e+02 1.79245e+03 9.86906e+03 5.26225e+04 2.43061e+05
3.58315e+02 2.12323e+03 1.13437e+04 5.98076e+04 2.92295e+05 1.25778e+06
9.72301e+01 5.30487e+02 3.13015e+03 1.69621e+04 8.68565e+04 3.74305e+05
1.23546e+01 7.28836e+01 4.13600e+02 2.32219e+03 1.25089e+04 5.97612e+04
1.20737e+04 4.49949e+04 1.92006e+05 8.83067e+05 4.07113e+06 1.67375e+07
9.72301e+01 5.30487e+02 3.13015e+03 1.69621e+04 8.68565e+04 3.74305e+05
1.01625e+02 5.63994e+02 3.30527e+03 1.79820e+04 9.21656e+04 3.97190e+05
6.85311e+03 2.76766e+04 1.24944e+05 6.04323e+05 2.88766e+06 1.21109e+07
1.23546e+01 7.28836e+01 4.13600e+02 2.32219e+03 1.25089e+04 5.97612e+04
6.34678e+00 3.65848e+01 2.08979e+02 1.17204e+03 6.31420e+03 3.01654e+04
1.83942e+01 1.08131e+02 6.10707e+02 3.42251e+03 1.82085e+04 8.36724e+04
1.92196e+02 1.11466e+03 6.21731e+03 3.36286e+04 1.64237e+05 6.99133e+05
3.75695e+04 1.21836e+05 4.55864e+05 1.89157e+06 8.05860e+06 3.14458e+07
4.89414e+01 2.70726e+02 1.60325e+03 8.81130e+03 4.70453e+04 2.18426e+05
3.97520e+01 2.00260e+02 1.21475e+03 6.66253e+03 3.54280e+04 1.62280e+05
1.23546e+01 7.28836e+01 4.13600e+02 2.32219e+03 1.25089e+04 5.97612e+04
1.23546e+01 7.28836e+01 4.13600e+02 2.32219e+03 1.25089e+04 5.97612e+04
3.97520e+01 2.00260e+02 1.21475e+03 6.66253e+03 3.54280e+04 1.62280e+05
1.23546e+01 7.28836e+01 4.13600e+02 2.32219e+03 1.25089e+04 5.97612e+04
6.34678e+00 3.65848e+01 2.08979e+02 1.17204e+03 6.31420e+03 3.01654e+04
6.34678e+00 3.65848e+01 2.08979e+02 1.17204e+03 6.31420e+03 3.01654e+04
7.67975e+02 4.41264e+03 2.28083e+04 1.24956e+05 6.28196e+05 2.78469e+06
2.83414e+01 1.32012e+02 8.29003e+02 4.51083e+03 2.40442e+04 1.11046e+05
1.83942e+01 1.08131e+02 6.10707e+02 3.42251e+03 1.82085e+04 8.36724e+04
1.83942e+01 1.08131e+02 6.10707e+02 3.42251e+03 1.82085e+04 8.36724e+04
5.17192e+03 2.16375e+04 9.93378e+04 4.95213e+05 2.40636e+06 1.02020e+07
1.23546e+01 7.28836e+01 4.13600e+02 2.32219e+03 1.25089e+04 5.97612e+04
8.19006e+03 3.21674e+04 1.43928e+05 6.89703e+05 3.26943e+06 1.35652e+07
1.23546e+01 7.28836e+01 4.13600e+02 2.32219e+03 1.25089e+04 5.97612e+04
1.23546e+01 7.28836e+01 4.13600e+02 2.32219e+03 1.25089e+04 5.97612e+04
3.97520e+01 2.00260e+02 1.21475e+03 6.66253e+03 3.54280e+04 1.62280e+05
1.83942e+01 1.08131e+02 6.10707e+02 3.42251e+03 1.82085e+04 8.36724e+04
2.30171e+02 1.32367e+03 7.40927e+03 3.98786e+04 1.92600e+05 8.03261e+05
6.34678e+00 3.65848e+01 2.08979e+02 1.17204e+03 6.31420e+03 3.01654e+04
1.23546e+01 7.28836e+01 4.13600e+02 2.32219e+03 1.25089e+04 5.97612e+04
3.97520e+01 2.00260e+02 1.21475e+03 6.66253e+03 3.54280e+04 1.62280e+05
1.48215e+02 8.32688e+02 4.67092e+03 2.57185e+04 1.28181e+05 5.39462e+05
1.23546e+01 7.28836e+01 4.13600e+02 2.32219e+03 1.25089e+04 5.97612e+04
6.34678e+00 3.65848e+01 2.08979e+02 1.17204e+03 6.31420e+03 3.01654e+04
1.23546e+01 7.28836e+01 4.13600e+02 2.32219e+03 1.25089e+04 5.97612e+04
1.23546e+01 7.28836e+01 4.13600e+02 2.32219e+03 1.25089e+04 5.97612e+04
5.67782e+02 3.36823e+03 1.78464e+04 9.65787e+04 4.85754e+05 2.16255e+06
1.83942e+01 1.08131e+02 6.10707e+02 3.42251e+03 1.82085e+04 8.36724e+04
1.23546e+01 7.28836e+01 4.13600e+02 2.32219e+03 1.25089e+04 5.97612e+04
6.34678e+00 3.65848e+01 2.08979e+02 1.17204e+03 6.31420e+03 3.01654e+04
8.64584e+02 4.92059e+03 2.55034e+04 1.39940e+05 6.95134e+05 3.03129e+06
3.97520e+01 2.00260e+02 1.21475e+03 6.66253e+03 3.54280e+04 1.62280e+05
3.97520e+01 2.00260e+02 1.21475e+03 6.66253e+03 3.54280e+04 1.62280e+05
5.12062e+02 3.12547e+03 1.66090e+04 8.96258e+04 4.47340e+05 1.98133e+06
1.23546e+01 7.28836e+01 4.13600e+02 2.32219e+03 1.25089e+04 5.97612e+04
2.42045e+05 6.16519e+05 1.86748e+06 6.02823e+06 2.08790e+07 6.92443e+07
6.34678e+00 3.65848e+01 2.08979e+02 1.17204e+03 6.31420e+03 3.01654e+04
1.83942e+01 1.08131e+02 6.10707e+02 3.42251e+03 1.82085e+04 8.36724e+04
1.23546e+01 7.28836e+01 4.13600e+02 2.32219e+03 1.25089e+04 5.97612e+04
3.97520e+01 2.00260e+02 1.21475e+03 6.66253e+03 3.54280e+04 1.62280e+05
1.23546e+01 7.28836e+01 4.13600e+02 2.32219e+03 1.25089e+04 5.97612e+04
1.23546e+01 7.28836e+01 4.13600e+02 2.32219e+03 1.25089e+04 5.97612e+04
6.34678e+00 3.65848e+01 2.08979e+02 1.17204e+03 6.31420e+03 3.01654e+04
1.45336e+04 5.30499e+04 2.20168e+05 1.00077e+06 4.53987e+06 1.85081e+07
1.14130e+03 6.25673e+03 3.26510e+04 1.76448e+05 8.84607e+05 3.81255e+06
1.23546e+01 7.28836e+01 4.13600e+02 2.32219e+03 1.25089e+04 5.97612e+04
7.28993e+02 4.14255e+03 2.15039e+04 1.17896e+05 5.97249e+05 2.65411e+06
2.17005e+02 1.26536e+03 7.06664e+03 3.79587e+04 1.82595e+05 7.59285e+05
8.05544e+03 3.17076e+04 1.42131e+05 6.80699e+05 3.22939e+06 1.34241e+07
7.48060e+02 4.27422e+03 2.22591e+04 1.22332e+05 6.17388e+05 2.72562e+06
3.39962e+05 8.32077e+05 2.40043e+06 7.35717e+06 2.42563e+07 7.71903e+07
2.83414e+01 1.32012e+02 8.29003e+02 4.51083e+03 2.40442e+04 1.11046e+05
4.71635e+02 2.84075e+03 1.52554e+04 8.13461e+04 4.03735e+05 1.77428e+06
1.83942e+01 1.08131e+02 6.10707e+02 3.42251e+03 1.82085e+04 8.36724e+04
1.23546e+01 7.28836e+01 4.13600e+02 2.32219e+03 1.25089e+04 5.97612e+04
1.48215e+02 8.32688e+02 4.67092e+03 2.57185e+04 1.28181e+05 5.39462e+05
6.34678e+00 3.65848e+01 2.08979e+02 1.17204e+03 6.31420e+03 3.01654e+04
1.83942e+01 1.08131e+02 6.10707e+02 3.42251e+03 1.82085e+04 8.36724e+04
6.34678e+00 3.65848e+01 2.08979e+02 1.17204e+03 6.31420e+03 3.01654e+04
8.48072e+01 4.67812e+02 2.75504e+03 1.48690e+04 7.56521e+04 3.21621e+05
8.48072e+01 4.67812e+02 2.75504e+03 1.48690e+04 7.56521e+04 3.21621e+05
6.34678e+00 3.65848e+01 2.08979e+02 1.17204e+03 6.31420e+03 3.01654e+04
8.48072e+01 4.67812e+02 2.75504e+03 1.48690e+04 7.56521e+04 3.21621e+05
1.77550e+02 9.84108e+02 5.50544e+03 2.96988e+04 1.43453e+05 6.07981e+05
1.83942e+01 1.08131e+02 6.10707e+02 3.42251e+03 1.82085e+04 8.36724e+04
6.34678e+00 3.65848e+01 2.08979e+02 1.17204e+03 6.31420e+03 3.01654e+04
1.83942e+01 1.08131e+02 6.10707e+02 3.42251e+03 1.82085e+04 8.36724e+04
2.83210e+02 1.61092e+03 8.73856e+03 4.71615e+04 2.26067e+05 9.76845e+05
3.13225e+02 1.81369e+03 9.82437e+03 5.35978e+04 2.60291e+05 1.13969e+06
6.34678e+00 3.65848e+01 2.08979e+02 1.17204e+03 6.31420e+03 3.01654e+04
1.83942e+01 1.08131e+02 6.10707e+02 3.42251e+03 1.82085e+04 8.36724e+04
1.48215e+02 8.32688e+02 4.67092e+03 2.57185e+04 1.28181e+05 5.39462e+05
4.19783e+02 2.42804e+03 1.29831e+04 6.94776e+04 3.43498e+05 1.49341e+06
5.46635e+01 3.04788e+02 1.79245e+03 9.86906e+03 5.26225e+04 2.43061e+05
1.23546e+01 7.28836e+01 4.13600e+02 2.32219e+03 1.25089e+04 5.97612e+04
7.64070e+04 2.23342e+05 7.80470e+05 2.96015e+06 1.18317e+07 4.40266e+07
1.47636e+04 5.39639e+04 2.24426e+05 1.01755e+06 4.61207e+06 1.88099e+07
3.67211e+02 2.19746e+03 1.18341e+04 6.24160e+04 3.06330e+05 1.32135e+06
6.34678e+00 3.65848e+01 2.08979e+02 1.17204e+03 6.31420e+03 3.01654e+04
6.34678e+00 3.65848e+01 2.08979e+02 1.17204e+03 6.31420e+03 3.01654e+04
1.83942e+01 1.08131e+02 6.10707e+02 3.42251e+03 1.82085e+04 8.36724e+04
1.23546e+01 7.28836e+01 4.13600e+02 2.32219e+03 1.25089e+04 5.97612e+04
1.24281e+03 6.64146e+03 3.50167e+04 1.85975e+05 9.31609e+05 4.04332e+06
7.85589e+03 3.09262e+04 1.39253e+05 6.67794e+05 3.16179e+06 1.31302e+07
4.19783e+02 2.42804e+03 1.29831e+04 6.94776e+04 3.43498e+05 1.49341e+06
4.89414e+01 2.70726e+02 1.60325e+03 8.81130e+03 4.70453e+04 2.18426e+05
1.23546e+01 7.28836e+01 4.13600e+02 2.32219e+03 1.25089e+04 5.97612e+04
3.34072e+04 1.10841e+05 4.22366e+05 1.77073e+06 7.60921e+06 2.98059e+07
8.73389e+04 2.52482e+05 8.61333e+05 3.22627e+06 1.27073e+07 4.66398e+07
8.48072e+01 4.67812e+02 2.75504e+03 1.48690e+04 7.56521e+04 3.21621e+05
7.96156e+02 4.55421e+03 2.37124e+04 1.29597e+05 6.48781e+05 2.86646e+06
1.23546e+01 7.28836e+01 4.13600e+02 2.32219e+03 1.25089e+04 5.97612e+04
6.86066e+02 3.82775e+03 1.98045e+04 1.07865e+05 5.44817e+05 2.41042e+06
8.48072e+01 4.67812e+02 2.75504e+03 1.48690e+04 7.56521e+04 3.21621e+05
1.80969e+02 1.01579e+03 5.68211e+03 3.06946e+04 1.48742e+05 6.32054e+05
1.83942e+01 1.08131e+02 6.10707e+02 3.42251e+03 1.82085e+04 8.36724e+04
1.83942e+01 1.08131e+02 6.10707e+02 3.42251e+03 1.82085e+04 8.36724e+04
1.07038e+02 5.95256e+02 3.48733e+03 1.90165e+04 9.77735e+04 4.24574e+05
6.01533e+02 3.48577e+03 1.84904e+04 1.00558e+05 5.06176e+05 2.25564e+06
1.23546e+01 7.28836e+01 4.13600e+02 2.32219e+03 1.25089e+04 5.97612e+04
6.34678e+00 3.65848e+01 2.08979e+02 1.17204e+03 6.31420e+03 3.01654e+04
1.44928e+05 3.90269e+05 1.26429e+06 4.41954e+06 1.64041e+07 5.74479e+07
1.23546e+01 7.28836e+01 4.13600e+02 2.32219e+03 1.25089e+04 5.97612e+04
2.83414e+01 1.32012e+02 8.29003e+02 4.51083e+03 2.40442e+04 1.11046e+05
8.48072e+01 4.67812e+02 2.75504e+03 1.48690e+04 7.56521e+04 3.21621e+05
1.23546e+01 7.28836e+01 4.13600e+02 2.32219e+03 1.25089e+04 5.97612e+04
6.34678e+00 3.65848e+01 2.08979e+02 1.17204e+03 6.31420e+03 3.01654e+04
1.23546e+01 7.28836e+01 4.13600e+02 2.32219e+03 1.25089e+04 5.97612e+04
6.34678e+00 3.65848e+01 2.08979e+02 1.17204e+03 6.31420e+03 3.01654e+04
1.23546e+01 7.28836e+01 4.13600e+02 2.32219e+03 1.25089e+04 5.97612e+04
6.34678e+00 3.65848e+01 2.08979e+02 1.17204e+03 6.31420e+03 3.01654e+04
1.23546e+01 7.28836e+01 4.13600e+02 2.32219e+03 1.25089e+04 5.97612e+04
1.23546e+01 7.28836e+01 4.13600e+02 2.32219e+03 1.25089e+04 5.97612e+04
6.34678e+00 3.65848e+01 2.08979e+02 1.17204e+03 6.31420e+03 3.01654e+04
5.46635e+01 3.04788e+02 1.79245e+03 9.86906e+03 5.26225e+04 2.43061e+05
6.34678e+00 3.65848e+01 2.08979e+02 1.17204e+03 6.31420e+03 3.01654e+04
6.34678e+00 3.65848e+01 2.08979e+02 1.17204e+03 6.31420e+03 3.01654e+04
8.94813e+03 3.46316e+04 1.53796e+05 7.30552e+05 3.41748e+06 1.41750e+07
6.34678e+00 3.65848e+01 2.08979e+02 1.17204e+03 6.31420e+03 3.01654e+04
1.23546e+01 7.28836e+01 4.13600e+02 2.32219e+03 1.25089e+04 5.97612e+04
1.52472e+04 5.53318e+04 2.28707e+05 1.03369e+06 4.68956e+06 1.91313e+07
6.34678e+00 3.65848e+01 2.08979e+02 1.17204e+03 6.31420e+03 3.01654e+04
1.23546e+01 7.28836e+01 4.13600e+02 2.32219e+03 1.25089e+04 5.97612e+04
1.35057e+05 3.66538e+05 1.19938e+06 4.23299e+06 1.58412e+07 5.58690e+07
1.07038e+02 5.95256e+02 3.48733e+03 1.90165e+04 9.77735e+04 4.24574e+05
2.57614e+03 1.20078e+04 6.04318e+04 3.18648e+05 1.57338e+06 6.75856e+06
1.23546e+01 7.28836e+01 4.13600e+02 2.32219e+03 1.25089e+04 5.97612e+04
6.34678e+00 3.65848e+01 2.08979e+02 1.17204e+03 6.31420e+03 3.01654e+04
2.49911e+04 8.42483e+04 3.36172e+05 1.45866e+06 6.42777e+06 2.55178e+07
1.48215e+02 8.32688e+02 4.67092e+03 2.57185e+04 1.28181e+05 5.39462e+05
4.56632e+03 1.95920e+04 9.23235e+04 4.63585e+05 2.25667e+06 9.54127e+06
6.34678e+00 3.65848e+01 2.08979e+02 1.17204e+03 6.31420e+03 3.01654e+04
1.23546e+01 7.28836e+01 4.13600e+02 2.32219e+03 1.25089e+04 5.97612e+04
1.98001e+02 1.14394e+03 6.39432e+03 3.46015e+04 1.69294e+05 7.20475e+05
2.27067e+04 7.72587e+04 3.10490e+05 1.35599e+06 6.00188e+06 2.39220e+07
4.48833e+02 2.68741e+03 1.43039e+04 7.69978e+04 3.83493e+05 1.67658e+06
6.34678e+00 3.65848e+01 2.08979e+02 1.17204e+03 6.31420e+03 3.01654e+04
8.48072e+01 4.67812e+02 2.75504e+03 1.48690e+04 7.56521e+04 3.21621e+05
6.34678e+00 3.65848e+01 2.08979e+02 1.17204e+03 6.31420e+03 3.01654e+04
1.98001e+02 1.14394e+03 6.39432e+03 3.46015e+04 1.69294e+05 7.20475e+05
9.92268e+02 5.57967e+03 2.91265e+04 1.58243e+05 7.86710e+05 3.38920e+06
1.83942e+01 1.08131e+02 6.10707e+02 3.42251e+03 1.82085e+04 8.36724e+04
1.23546e+01 7.28836e+01 4.13600e+02 2.32219e+03 1.25089e+04 5.97612e+04
2.22717e+02 1.29422e+03 7.23802e+03 3.89188e+04 1.87584e+05 7.81040e+05
9.72301e+01 5.30487e+02 3.13015e+03 1.69621e+04 8.68565e+04 3.74305e+05
1.23546e+01 7.28836e+01 4.13600e+02 2.32219e+03 1.25089e+04 5.97612e+04
8.79634e+02 5.06004e+03 2.59500e+04 1.42873e+05 7.10275e+05 3.09658e+06
1.23546e+01 7.28836e+01 4.13600e+02 2.32219e+03 1.25089e+04 5.97612e+04
1.29105e+02 7.05529e+02 3.96846e+03 2.21501e+04 1.13890e+05 4.99369e+05
1.23546e+01 7.28836e+01 4.13600e+02 2.32219e+03 1.25089e+04 5.97612e+04
1.23546e+01 7.28836e+01 4.13600e+02 2.32219e+03 1.25089e+04 5.97612e+04
3.97520e+01 2.00260e+02 1.21475e+03 6.66253e+03 3.54280e+04 1.62280e+05
9.97148e+02 5.62994e+03 2.93759e+04 1.59632e+05 7.94312e+05 3.42515e+06
1.50650e+03 7.90593e+03 4.08717e+04 2.18681e+05 1.07547e+06 4.64840e+06
1.23546e+01 7.28836e+01 4.13600e+02 2.32219e+03 1.25089e+04 5.97612e+04
4.90958e+02 2.99553e+03 1.59428e+04 8.54638e+04 4.25680e+05 1.87783e+06
7.67823e+05 1.74100e+06 4.47504e+06 1.18499e+07 3.42213e+07 9.68987e+07
1.23546e+01 7.28836e+01 4.13600e+02 2.32219e+03 1.25089e+04 5.97612e+04
1.83942e+01 1.08131e+02 6.10707e+02 3.42251e+03 1.82085e+04 8.36724e+04
6.34678e+00 3.65848e+01 2.08979e+02 1.17204e+03 6.31420e+03 3.01654e+04
1.07038e+02 5.95256e+02 3.48733e+03 1.90165e+04 9.77735e+04 4.24574e+05
3.82472e+02 2.25166e+03 1.21129e+04 6.41505e+04 3.15687e+05 1.36408e+06
6.34678e+00 3.65848e+01 2.08979e+02 1.17204e+03 6.31420e+03 3.01654e+04
4.71635e+02 2.84075e+03 1.52554e+04 8.13461e+04 4.03735e+05 1.77428e+06
1.23546e+01 7.28836e+01 4.13600e+02 2.32219e+03 1.25089e+04 5.97612e+04
8.48072e+01 4.67812e+02 2.75504e+03 1.48690e+04 7.56521e+04 3.21621e+05
1.23546e+01 7.28836e+01 4.13600e+02 2.32219e+03 1.25089e+04 5.97612e+04
6.34678e+00 3.65848e+01 2.08979e+02 1.17204e+03 6.31420e+03 3.01654e+04
1.23546e+01 7.28836e+01 4.13600e+02 2.32219e+03 1.25089e+04 5.97612e+04
8.48072e+01 4.67812e+02 2.75504e+03 1.48690e+04 7.56521e+04 3.21621e+05
6.34678e+00 3.65848e+01 2.08979e+02 1.17204e+03 6.31420e+03 3.01654e+04
6.35155e+02 3.64471e+03 1.92551e+04 1.04049e+05 5.23998e+05 2.31412e+06
6.34678e+00 3.65848e+01 2.08979e+02 1.17204e+03 6.31420e+03 3.01654e+04
5.67782e+02 3.36823e+03 1.78464e+04 9.65787e+04 4.85754e+05 2.16255e+06
6.34678e+00 3.65848e+01 2.08979e+02 1.17204e+03 6.31420e+03 3.01654e+04
3.52701e+05 8.60246e+05 2.46621e+06 7.51033e+06 2.46410e+07 7.80290e+07
1.83549e+04 6.37916e+04 2.60365e+05 1.16229e+06 5.21602e+06 2.10684e+07
1.83942e+01 1.08131e+02 6.10707e+02 3.42251e+03 1.82085e+04 8.36724e+04
1.23546e+01 7.28836e+01 4.13600e+02 2.32219e+03 1.25089e+04 5.97612e+04
1.23546e+01 7.28836e+01 4.13600e+02 2.32219e+03 1.25089e+04 5.97612e+04
1.23546e+01 7.28836e+01 4.13600e+02 2.32219e+03 1.25089e+04 5.97612e+04
1.23546e+01 7.28836e+01 4.13600e+02 2.32219e+03 1.25089e+04 5.97612e+04
2.14899e+04 7.37414e+04 2.97267e+05 1.30663e+06 5.79796e+06 2.31806e+07
6.35155e+02 3.64471e+03 1.92551e+04 1.04049e+05 5.23998e+05 2.31412e+06
8.99654e+02 5.10203e+03 2.61956e+04 1.44352e+05 7.17977e+05 3.13231e+06
2.92228e+03 1.31341e+04 6.48215e+04 3.40410e+05 1.68852e+06 7.23426e+06
1.62667e+04 5.79365e+04 2.39397e+05 1.08152e+06 4.88686e+06 1.98574e+07
1.23546e+01 7.28836e+01 4.13600e+02 2.32219e+03 1.25089e+04 5.97612e+04
6.34678e+00 3.65848e+01 2.08979e+02 1.17204e+03 6.31420e+03 3.01654e+04
7.59397e+03 2.97720e+04 1.34727e+05 6.48062e+05 3.07178e+06 1.27836e+07
6.34678e+00 3.65848e+01 2.08979e+02 1.17204e+03 6.31420e+03 3.01654e+04
6.34678e+00 3.65848e+01 2.08979e+02 1.17204e+03 6.31420e+03 3.01654e+04
1.23546e+01 7.28836e+01 4.13600e+02 2.32219e+03 1.25089e+04 5.97612e+04
7.25794e+04 2.14579e+05 7.54791e+05 2.87494e+06 1.15336e+07 4.31389e+07
1.02548e+03 5.83797e+03 2.99809e+04 1.63023e+05 8.13228e+05 3.51028e+06
2.02286e+04 6.91837e+04 2.79830e+05 1.24012e+06 5.53134e+06 2.21866e+07
8.42374e+02 4.77608e+03 2.47961e+04 1.35370e+05 6.72090e+05 2.92529e+06
8.48072e+01 4.67812e+02 2.75504e+03 1.48690e+04 7.56521e+04 3.21621e+05
2.30171e+02 1.32367e+03 7.40927e+03 3.98786e+04 1.92600e+05 8.03261e+05
2.22717e+02 1.29422e+03 7.23802e+03 3.89188e+04 1.87584e+05 7.81040e+05
1.83942e+01 1.08131e+02 6.10707e+02 3.42251e+03 1.82085e+04 8.36724e+04
1.83942e+01 1.08131e+02 6.10707e+02 3.42251e+03 1.82085e+04 8.36724e+04
1.44134e+02 8.00888e+02 4.49065e+03 2.47077e+04 1.22752e+05 5.14065e+05
1.23546e+01 7.28836e+01 4.13600e+02 2.32219e+03 1.25089e+04 5.97612e+04
2.79922e+02 1.58006e+03 8.57754e+03 4.62365e+04 2.21024e+05 9.51823e+05
1.15891e+04 4.32985e+04 1.85294e+05 8.57549e+05 3.96562e+06 1.63703e+07
1.83942e+01 1.08131e+02 6.10707e+02 3.42251e+03 1.82085e+04 8.36724e+04
6.34678e+00 3.65848e+01 2.08979e+02 1.17204e+03 6.31420e+03 3.01654e+04
3.97520e+01 2.00260e+02 1.21475e+03 6.66253e+03 3.54280e+04 1.62280e+05
1.23546e+01 7.28836e+01 4.13600e+02 2.32219e+03 1.25089e+04 5.97612e+04
1.23546e+01 7.28836e+01 4.13600e+02 2.32219e+03 1.25089e+04 5.97612e+04
2.19663e+03 1.06006e+04 5.33655e+04 2.83897e+05 1.39797e+06 6.00691e+06
6.34678e+00 3.65848e+01 2.08979e+02 1.17204e+03 6.31420e+03 3.01654e+04
8.05305e+02 4.59394e+03 2.40007e+04 1.31008e+05 6.56626e+05 2.90099e+06
6.34678e+00 3.65848e+01 2.08979e+02 1.17204e+03 6.31420e+03 3.01654e+04
2.79922e+02 1.58006e+03 8.57754e+03 4.62365e+04 2.21024e+05 9.51823e+05
6.34678e+00 3.65848e+01 2.08979e+02 1.17204e+03 6.31420e+03 3.01654e+04
1.35139e+03 7.18598e+03 3.75088e+04 2.00563e+05 1.00123e+06 4.33473e+06
1.29105e+02 7.05529e+02 3.96846e+03 2.21501e+04 1.13890e+05 4.99369e+05
3.97520e+01 2.00260e+02 1.21475e+03 6.66253e+03 3.54280e+04 1.62280e+05
7.28993e+02 4.14255e+03 2.15039e+04 1.17896e+05 5.97249e+05 2.65411e+06
3.13225e+02 1.81369e+03 9.82437e+03 5.35978e+04 2.60291e+05 1.13969e+06
1.23546e+01 7.28836e+01 4.13600e+02 2.32219e+03 1.25089e+04 5.97612e+04
3.44913e+03 1.51524e+04 7.34120e+04 3.82511e+05 1.88494e+06 8.00012e+06
2.67382e+05 6.72629e+05 2.00599e+06 6.37582e+06 2.17988e+07 7.15048e+07
4.33237e+03 1.88931e+04 8.92462e+04 4.50871e+05 2.19130e+06 9.25203e+06
1.81992e+03 9.57537e+03 4.85008e+04 2.59978e+05 1.27084e+06 5.41532e+06
8.48072e+01 4.67812e+02 2.75504e+03 1.48690e+04 7.56521e+04 3.21621e+05
3.08951e+02 1.75382e+03 9.49519e+03 5.17854e+04 2.50420e+05 1.09187e+06
1.41175e+05 3.81048e+05 1.24044e+06 4.35197e+06 1.61868e+07 5.68264e+07
1.00738e+03 5.66867e+03 2.96277e+04 1.61026e+05 8.01516e+05 3.45625e+06
1.23546e+01 7.28836e+01 4.13600e+02 2.32219e+03 1.25089e+04 5.97612e+04
8.48072e+01 4.67812e+02 2.75504e+03 1.48690e+04 7.56521e+04 3.21621e+05
8.48072e+01 4.67812e+02 2.75504e+03 1.48690e+04 7.56521e+04 3.21621e+05
6.34678e+00 3.65848e+01 2.08979e+02 1.17204e+03 6.31420e+03 3.01654e+04
3.97520e+01 2.00260e+02 1.21475e+03 6.66253e+03 3.54280e+04 1.62280e+05
9.72301e+01 5.30487e+02 3.13015e+03 1.69621e+04 8.68565e+04 3.74305e+05
1.23546e+01 7.28836e+01 4.13600e+02 2.32219e+03 1.25089e+04 5.97612e+04
2.59070e+02 1.47584e+03 7.97219e+03 4.37992e+04 2.12730e+05 9.02737e+05
6.34678e+00 3.65848e+01 2.08979e+02 1.17204e+03 6.31420e+03 3.01654e+04
1.23546e+01 7.28836e+01 4.13600e+02 2.32219e+03 1.25089e+04 5.97612e+04
1.90265e+05 4.99721e+05 1.55996e+06 5.21818e+06 1.87032e+07 6.37288e+07
1.23546e+01 7.28836e+01 4.13600e+02 2.32219e+03 1.25089e+04 5.97612e+04
1.23546e+01 7.28836e+01 4.13600e+02 2.32219e+03 1.25089e+04 5.97612e+04
1.23546e+01 7.28836e+01 4.13600e+02 2.32219e+03 1.25089e+04 5.97612e+04
6.34367e+01 3.29510e+02 2.00147e+03 1.09470e+04 5.83425e+04 2.69622e+05
6.34678e+00 3.65848e+01 2.08979e+02 1.17204e+03 6.31420e+03 3.01654e+04
1.01625e+02 5.63994e+02 3.30527e+03 1.79820e+04 9.21656e+04 3.97190e+05
1.23546e+01 7.28836e+01 4.13600e+02 2.32219e+03 1.25089e+04 5.97612e+04
1.48215e+02 8.32688e+02 4.67092e+03 2.57185e+04 1.28181e+05 5.39462e+05
1.02548e+03 5.83797e+03 2.99809e+04 1.63023e+05 8.13228e+05 3.51028e+06
8.48072e+01 4.67812e+02 2.75504e+03 1.48690e+04 7.56521e+04 3.21621e+05
1.10486e+03 6.18285e+03 3.18338e+04 1.72377e+05 8.63811e+05 3.72777e+06
1.84693e+02 1.04649e+03 5.86009e+03 3.16791e+04 1.53893e+05 6.54058e+05
1.23546e+01 7.28836e+01 4.13600e+02 2.32219e+03 1.25089e+04 5.97612e+04
7.96225e+03 3.14075e+04 1.41095e+05 6.76049e+05 3.20427e+06 1.33145e+07
6.34678e+00 3.65848e+01 2.08979e+02 1.17204e+03 6.31420e+03 3.01654e+04
3.62311e+03 1.56418e+04 7.60316e+04 3.94558e+05 1.94188e+06 8.22085e+06
5.47939e+02 3.30510e+03 1.74265e+04 9.41917e+04 4.73315e+05 2.10591e+06
7.96481e+04 2.31393e+05 8.03861e+05 3.04062e+06 1.21037e+07 4.48424e+07
2.83414e+01 1.32012e+02 8.29003e+02 4.51083e+03 2.40442e+04 1.11046e+05
9.19693e+01 4.98935e+02 2.94290e+03 1.59240e+04 8.14303e+04 3.50558e+05
6.34678e+00 3.65848e+01 2.08979e+02 1.17204e+03 6.31420e+03 3.01654e+04
3.91683e+02 2.32837e+03 1.25802e+04 6.67731e+04 3.29533e+05 1.42670e+06
3.58315e+02 2.12323e+03 1.13437e+04 5.98076e+04 2.92295e+05 1.25778e+06
1.17780e+03 6.43209e+03 3.35379e+04 1.79046e+05 8.92459e+05 3.86810e+06
6.34678e+00 3.65848e+01 2.08979e+02 1.17204e+03 6.31420e+03 3.01654e+04
3.29285e+04 1.09122e+05 4.16265e+05 1.75018e+06 7.53517e+06 2.95496e+07
7.28993e+02 4.14255e+03 2.15039e+04 1.17896e+05 5.97249e+05 2.65411e+06
5.81308e+02 3.38589e+03 1.79332e+04 9.74757e+04 4.89594e+05 2.17879e+06
1.23546e+01 7.28836e+01 4.13600e+02 2.32219e+03 1.25089e+04 5.97612e+04
5.03339e+02 3.08413e+03 1.65205e+04 8.87310e+04 4.43088e+05 1.96213e+06
6.34678e+00 3.65848e+01 2.08979e+02 1.17204e+03 6.31420e+03 3.01654e+04
4.89414e+01 2.70726e+02 1.60325e+03 8.81130e+03 4.70453e+04 2.18426e+05
1.23546e+01 7.28836e+01 4.13600e+02 2.32219e+03 1.25089e+04 5.97612e+04
6.34678e+00 3.65848e+01 2.08979e+02 1.17204e+03 6.31420e+03 3.01654e+04
3.18297e+02 1.84716e+03 9.97811e+03 5.44960e+04 2.64843e+05 1.15806e+06
8.48072e+01 4.67812e+02 2.75504e+03 1.48690e+04 7.56521e+04 3.21621e+05
1.23546e+01 7.28836e+01 4.13600e+02 2.32219e+03 1.25089e+04 5.97612e+04
6.77369e+03 2.74336e+04 1.23900e+05 5.99228e+05 2.86588e+06 1.20202e+07
6.34367e+01 3.29510e+02 2.00147e+03 1.09470e+04 5.83425e+04 2.69622e+05
1.61105e+03 8.71292e+03 4.45359e+04 2.39173e+05 1.16831e+06 5.02464e+06
9.72301e+01 5.30487e+02 3.13015e+03 1.69621e+04 8.68565e+04 3.74305e+05
1.23546e+01 7.28836e+01 4.13600e+02 2.32219e+03 1.25089e+04 5.97612e+04
1.29105e+02 7.05529e+02 3.96846e+03 2.21501e+04 1.13890e+05 4.99369e+05
1.98001e+02 1.14394e+03 6.39432e+03 3.46015e+04 1.69294e+05 7.20475e+05
1.83942e+01 1.08131e+02 6.10707e+02 3.42251e+03 1.82085e+04 8.36724e+04
2.30171e+02 1.32367e+03 7.40927e+03 3.98786e+04 1.92600e+05 8.03261e+05
1.17780e+03 6.43209e+03 3.35379e+04 1.79046e+05 8.92459e+05 3.86810e+06
1.98001e+02 1.14394e+03 6.39432e+03 3.46015e+04 1.69294e+05 7.20475e+05
1.98001e+02 1.14394e+03 6.39432e+03 3.46015e+04 1.69294e+05 7.20475e+05
1.23546e+01 7.28836e+01 4.13600e+02 2.32219e+03 1.25089e+04 5.97612e+04
1.00185e+03 5.64832e+03 2.95067e+04 1.60332e+05 7.97920e+05 3.44035e+06
6.34678e+00 3.65848e+01 2.08979e+02 1.17204e+03 6.31420e+03 3.01654e+04
1.48215e+02 8.32688e+02 4.67092e+03 2.57185e+04 1.28181e+05 5.39462e+05
6.96442e+04 2.06881e+05 7.30258e+05 2.80674e+06 1.13070e+07 4.23907e+07
5.98625e+02 3.45684e+03 1.83569e+04 9.97756e+04 5.01779e+05 2.23271e+06
1.23546e+01 7.28836e+01 4.13600e+02 2.32219e+03 1.25089e+04 5.97612e+04
1.20770e+02 6.37416e+02 3.61222e+03 2.01345e+04 1.03498e+05 4.56598e+05
6.34678e+00 3.65848e+01 2.08979e+02 1.17204e+03 6.31420e+03 3.01654e+04
6.34678e+00 3.65848e+01 2.08979e+02 1.17204e+03 6.31420e+03 3.01654e+04
1.01625e+02 5.63994e+02 3.30527e+03 1.79820e+04 9.21656e+04 3.97190e+05
1.20303e+03 6.53787e+03 3.40389e+04 1.81651e+05 9.06733e+05 3.93450e+06
6.34678e+00 3.65848e+01 2.08979e+02 1.17204e+03 6.31420e+03 3.01654e+04
1.71153e+04 6.02436e+04 2.47228e+05 1.11297e+06 5.00850e+06 2.02850e+07
9.72301e+01 5.30487e+02 3.13015e+03 1.69621e+04 8.68565e+04 3.74305e+05
2.59070e+02 1.47584e+03 7.97219e+03 4.37992e+04 2.12730e+05 9.02737e+05
6.34678e+00 3.65848e+01 2.08979e+02 1.17204e+03 6.31420e+03 3.01654e+04
1.23546e+01 7.28836e+01 4.13600e+02 2.32219e+03 1.25089e+04 5.97612e+04
1.23546e+01 7.28836e+01 4.13600e+02 2.32219e+03 1.25089e+04 5.97612e+04
1.55232e+02 8.63125e+02 4.85152e+03 2.67250e+04 1.33518e+05 5.63606e+05
3.69542e+03 1.61174e+04 7.80580e+04 4.02806e+05 1.97860e+06 8.39249e+06
2.30171e+02 1.32367e+03 7.40927e+03 3.98786e+04 1.92600e+05 8.03261e+05
1.83942e+01 1.08131e+02 6.10707e+02 3.42251e+03 1.82085e+04 8.36724e+04
6.69242e+03 2.71079e+04 1.22767e+05 5.91952e+05 2.83239e+06 1.18880e+07
1.23546e+01 7.28836e+01 4.13600e+02 2.32219e+03 1.25089e+04 5.97612e+04
9.72301e+01 5.30487e+02 3.13015e+03 1.69621e+04 8.68565e+04 3.74305e+05
1.83942e+01 1.08131e+02 6.10707e+02 3.42251e+03 1.82085e+04 8.36724e+04
6.34678e+00 3.65848e+01 2.08979e+02 1.17204e+03 6.31420e+03 3.01654e+04
1.23546e+01 7.28836e+01 4.13600e+02 2.32219e+03 1.25089e+04 5.97612e+04
4.38447e+02 2.60269e+03 1.38607e+04 7.45286e+04 3.70420e+05 1.61742e+06
1.23546e+01 7.28836e+01 4.13600e+02 2.32219e+03 1.25089e+04 5.97612e+04
1.23546e+01 7.28836e+01 4.13600e+02 2.32219e+03 1.25089e+04 5.97612e+04
6.92037e+03 2.77295e+04 1.26270e+05 6.09629e+05 2.91099e+06 1.22053e+07
1.30478e+03 6.95546e+03 3.65239e+04 1.95241e+05 9.77522e+05 4.23795e+06
8.48072e+01 4.67812e+02 2.75504e+03 1.48690e+04 7.56521e+04 3.21621e+05
3.93417e+03 1.72266e+04 8.20090e+04 4.18361e+05 2.05410e+06 8.70108e+06
1.23546e+01 7.28836e+01 4.13600e+02 2.32219e+03 1.25089e+04 5.97612e+04
4.90881e+02 3.04525e+03 1.62468e+04 8.70926e+04 4.34431e+05 1.92058e+06
2.06130e+04 7.05682e+04 2.85264e+05 1.26040e+06 5.61530e+06 2.25181e+07
8.48072e+01 4.67812e+02 2.75504e+03 1.48690e+04 7.56521e+04 3.21621e+05
1.23546e+01 7.28836e+01 4.13600e+02 2.32219e+03 1.25089e+04 5.97612e+04
8.43802e+02 4.84615e+03 2.51860e+04 1.37549e+05 6.83721e+05 2.97769e+06
1.23546e+01 7.28836e+01 4.13600e+02 2.32219e+03 1.25089e+04 5.97612e+04
1.83942e+01 1.08131e+02 6.10707e+02 3.42251e+03 1.82085e+04 8.36724e+04
1.23546e+01 7.28836e+01 4.13600e+02 2.32219e+03 1.25089e+04 5.97612e+04
6.34678e+00 3.65848e+01 2.08979e+02 1.17204e+03 6.31420e+03 3.01654e+04
9.04178e+03 3.50899e+04 1.55582e+05 7.36362e+05 3.43589e+06 1.42435e+07
2.59070e+02 1.47584e+03 7.97219e+03 4.37992e+04 2.12730e+05 9.02737e+05
6.34678e+00 3.65848e+01 2.08979e+02 1.17204e+03 6.31420e+03 3.01654e+04
1.20770e+02 6.37416e+02 3.61222e+03 2.01345e+04 1.03498e+05 4.56598e+05
2.47808e+04 8.33955e+04 3.32673e+05 1.44500e+06 6.37532e+06 2.53161e+07
3.97520e+01 2.00260e+02 1.21475e+03 6.66253e+03 3.54280e+04 1.62280e+05
1.77550e+02 9.84108e+02 5.50544e+03 2.96988e+04 1.43453e+05 6.07981e+05
6.34678e+00 3.65848e+01 2.08979e+02 1.17204e+03 6.31420e+03 3.01654e+04
1.23546e+01 7.28836e+01 4.13600e+02 2.32219e+03 1.25089e+04 5.97612e+04
1.20770e+02 6.37416e+02 3.61222e+03 2.01345e+04 1.03498e+05 4.56598e+05
1.25393e+03 6.66876e+03 3.52590e+04 1.87306e+05 9.38884e+05 4.07989e+06
6.34678e+00 3.65848e+01 2.08979e+02 1.17204e+03 6.31420e+03 3.01654e+04
3.38285e+03 1.48071e+04 7.20621e+04 3.75519e+05 1.85280e+06 7.88716e+06
5.71507e+03 2.36573e+04 1.08395e+05 5.32728e+05 2.55043e+06 1.07590e+07
6.05909e+03 2.49567e+04 1.13396e+05 5.50927e+05 2.63490e+06 1.10789e+07
1.23546e+01 7.28836e+01 4.13600e+02 2.32219e+03 1.25089e+04 5.97612e+04
1.23546e+01 7.28836e+01 4.13600e+02 2.32219e+03 1.25089e+04 5.97612e+04
6.34678e+00 3.65848e+01 2.08979e+02 1.17204e+03 6.31420e+03 3.01654e+04
1.45139e+03 7.66614e+03 3.94189e+04 2.10011e+05 1.03477e+06 4.46987e+06
1.23546e+01 7.28836e+01 4.13600e+02 2.32219e+03 1.25089e+04 5.97612e+04
1.48215e+02 8.32688e+02 4.67092e+03 2.57185e+04 1.28181e+05 5.39462e+05
6.12131e+04 1.87167e+05 6.65129e+05 2.59739e+06 1.05994e+07 4.01346e+07
1.23546e+01 7.28836e+01 4.13600e+02 2.32219e+03 1.25089e+04 5.97612e+04
2.79922e+02 1.58006e+03 8.57754e+03 4.62365e+04 2.21024e+05 9.51823e+05
1.59865e+02 8.95072e+02 5.03445e+03 2.77307e+04 1.38815e+05 5.87846e+05
1.20770e+02 6.37416e+02 3.61222e+03 2.01345e+04 1.03498e+05 4.56598e+05
2.30171e+02 1.32367e+03 7.40927e+03 3.98786e+04 1.92600e+05 8.03261e+05
1.83942e+01 1.08131e+02 6.10707e+02 3.42251e+03 1.82085e+04 8.36724e+04
6.02570e+03 2.47846e+04 1.12633e+05 5.46919e+05 2.61899e+06 1.10262e+07
4.97303e+04 1.57303e+05 5.65262e+05 2.25632e+06 9.41161e+06 3.62193e+07
1.83942e+01 1.08131e+02 6.10707e+02 3.42251e+03 1.82085e+04 8.36724e+04
6.34678e+00 3.65848e+01 2.08979e+02 1.17204e+03 6.31420e+03 3.01654e+04
1.23546e+01 7.28836e+01 4.13600e+02 2.32219e+03 1.25089e+04 5.97612e+04
8.48072e+01 4.67812e+02 2.75504e+03 1.48690e+04 7.56521e+04 3.21621e+05
8.48072e+01 4.67812e+02 2.75504e+03 1.48690e+04 7.56521e+04 3.21621e+05
9.72301e+01 5.30487e+02 3.13015e+03 1.69621e+04 8.68565e+04 3.74305e+05
1.20940e+04 4.52675e+04 1.92485e+05 8.85314e+05 4.08306e+06 1.67952e+07
6.34678e+00 3.65848e+01 2.08979e+02 1.17204e+03 6.31420e+03 3.01654e+04
1.23546e+01 7.28836e+01 4.13600e+02 2.32219e+03 1.25089e+04 5.97612e+04
7.14351e+02 4.07710e+03 2.10801e+04 1.15614e+05 5.84978e+05 2.59518e+06
6.34678e+00 3.65848e+01 2.08979e+02 1.17204e+03 6.31420e+03 3.01654e+04
6.34678e+00 3.65848e+01 2.08979e+02 1.17204e+03 6.31420e+03 3.01654e+04
3.63057e+04 1.18775e+05 4.45596e+05 1.85775e+06 7.92742e+06 3.09857e+07
1.03098e+03 5.93990e+03 3.03076e+04 1.64967e+05 8.23891e+05 3.55632e+06
1.00185e+03 5.64832e+03 2.95067e+04 1.60332e+05 7.97920e+05 3.44035e+06
8.48072e+01 4.67812e+02 2.75504e+03 1.48690e+04 7.56521e+04 3.21621e+05
2.68343e+02 1.49277e+03 8.14865e+03 4.46911e+04 2.17606e+05 9.24055e+05
5.81308e+02 3.38589e+03 1.79332e+04 9.74757e+04 4.89594e+05 2.17879e+06
1.23546e+01 7.28836e+01 4.13600e+02 2.32219e+03 1.25089e+04 5.97612e+04
1.06089e+04 3.95337e+04 1.70893e+05 8.04358e+05 3.74105e+06 1.54282e+07
1.37973e+05 3.73235e+05 1.21932e+06 4.28860e+06 1.60168e+07 5.63542e+07
2.82219e+04 9.37594e+04 3.66146e+05 1.57089e+06 6.86903e+06 2.71045e+07
1.83942e+01 1.08131e+02 6.10707e+02 3.42251e+03 1.82085e+04 8.36724e+04
3.39109e+02 1.96232e+03 1.03756e+04 5.48598e+04 2.69967e+05 1.17640e+06
1.23546e+01 7.28836e+01 4.13600e+02 2.32219e+03 1.25089e+04 5.97612e+04
3.47766e+01 1.66316e+02 1.02320e+03 5.58551e+03 2.97894e+04 1.37367e+05
1.98001e+02 1.14394e+03 6.39432e+03 3.46015e+04 1.69294e+05 7.20475e+05
1.23546e+01 7.28836e+01 4.13600e+02 2.32219e+03 1.25089e+04 5.97612e+04
1.01625e+02 5.63994e+02 3.30527e+03 1.79820e+04 9.21656e+04 3.97190e+05
3.39109e+02 1.96232e+03 1.03756e+04 5.48598e+04 2.69967e+05 1.17640e+06
1.23546e+01 7.28836e+01 4.13600e+02 2.32219e+03 1.25089e+04 5.97612e+04
2.43935e+04 8.26679e+04 3.29437e+05 1.43338e+06 6.32569e+06 2.51310e+07
6.92126e+02 3.88400e+03 2.00618e+04 1.09384e+05 5.52913e+05 2.44801e+06
1.77550e+02 9.84108e+02 5.50544e+03 2.96988e+04 1.43453e+05 6.07981e+05
9.72301e+01 5.30487e+02 3.13015e+03 1.69621e+04 8.68565e+04 3.74305e+05
1.23546e+01 7.28836e+01 4.13600e+02 2.32219e+03 1.25089e+04 5.97612e+04
6.34678e+00 3.65848e+01 2.08979e+02 1.17204e+03 6.31420e+03 3.01654e+04
6.34678e+00 3.65848e+01 2.08979e+02 1.17204e+03 6.31420e+03 3.01654e+04
3.97520e+01 2.00260e+02 1.21475e+03 6.66253e+03 3.54280e+04 1.62280e+05
1.23546e+01 7.28836e+01 4.13600e+02 2.32219e+03 1.25089e+04 5.97612e+04
1.23546e+01 7.28836e+01 4.13600e+02 2.32219e+03 1.25089e+04 5.97612e+04
1.77550e+02 9.84108e+02 5.50544e+03 2.96988e+04 1.43453e+05 6.07981e+05
1.25682e+05 3.44251e+05 1.13376e+06 4.03951e+06 1.52687e+07 5.42432e+07
3.88699e+03 1.69947e+04 8.11785e+04 4.16337e+05 2.04288e+06 8.66615e+06
1.23546e+01 7.28836e+01 4.13600e+02 2.32219e+03 1.25089e+04 5.97612e+04
2.83414e+01 1.32012e+02 8.29003e+02 4.51083e+03 2.40442e+04 1.11046e+05
1.83863e+02 1.08520e+03 6.04069e+03 3.26449e+04 1.59010e+05 6.75703e+05
9.72301e+01 5.30487e+02 3.13015e+03 1.69621e+04 8.68565e+04 3.74305e+05
2.53631e+04 8.57705e+04 3.40421e+05 1.47443e+06 6.48459e+06 2.57283e+07
3.91683e+02 2.32837e+03 1.25802e+04 6.67731e+04 3.29533e+05 1.42670e+06
6.34678e+00 3.65848e+01 2.08979e+02 1.17204e+03 6.31420e+03 3.01654e+04
2.17005e+02 1.26536e+03 7.06664e+03 3.79587e+04 1.82595e+05 7.59285e+05
3.97520e+01 2.00260e+02 1.21475e+03 6.66253e+03 3.54280e+04 1.62280e+05
1.48215e+02 8.32688e+02 4.67092e+03 2.57185e+04 1.28181e+05 5.39462e+05
5.64720e+04 1.76320e+05 6.28648e+05 2.47046e+06 1.01642e+07 3.86938e+07
6.34678e+00 3.65848e+01 2.08979e+02 1.17204e+03 6.31420e+03 3.01654e+04
2.92711e+02 1.66599e+03 9.06461e+03 4.90046e+04 2.35851e+05 1.02254e+06
2.70965e+04 8.98931e+04 3.53358e+05 1.51974e+06 6.67592e+06 2.64008e+07
6.34678e+00 3.65848e+01 2.08979e+02 1.17204e+03 6.31420e+03 3.01654e+04
3.97520e+01 2.00260e+02 1.21475e+03 6.66253e+03 3.54280e+04 1.62280e+05
1.23546e+01 7.28836e+01 4.13600e+02 2.32219e+03 1.25089e+04 5.97612e+04
9.87033e+02 5.56048e+03 2.90153e+04 1.57516e+05 7.82850e+05 3.36978e+06
6.34678e+00 3.65848e+01 2.08979e+02 1.17204e+03 6.31420e+03 3.01654e+04
1.23546e+01 7.28836e+01 4.13600e+02 2.32219e+03 1.25089e+04 5.97612e+04
3.18297e+02 1.84716e+03 9.97811e+03 5.44960e+04 2.64843e+05 1.15806e+06
1.23546e+01 7.28836e+01 4.13600e+02 2.32219e+03 1.25089e+04 5.97612e+04
1.83942e+01 1.08131e+02 6.10707e+02 3.42251e+03 1.82085e+04 8.36724e+04
1.23546e+01 7.28836e+01 4.13600e+02 2.32219e+03 1.25089e+04 5.97612e+04
1.23546e+01 7.28836e+01 4.13600e+02 2.32219e+03 1.25089e+04 5.97612e+04
1.83942e+01 1.08131e+02 6.10707e+02 3.42251e+03 1.82085e+04 8.36724e+04
6.34678e+00 3.65848e+01 2.08979e+02 1.17204e+03 6.31420e+03 3.01654e+04
6.34678e+00 3.65848e+01 2.08979e+02 1.17204e+03 6.31420e+03 3.01654e+04
3.97520e+01 2.00260e+02 1.21475e+03 6.66253e+03 3.54280e+04 1.62280e+05
5.46635e+01 3.04788e+02 1.79245e+03 9.86906e+03 5.26225e+04 2.43061e+05
6.34678e+00 3.65848e+01 2.08979e+02 1.17204e+03 6.31420e+03 3.01654e+04
1.50127e+03 7.92066e+03 4.09891e+04 2.19309e+05 1.07878e+06 4.66355e+06
6.34678e+00 3.65848e+01 2.08979e+02 1.17204e+03 6.31420e+03 3.01654e+04
3.97520e+01 2.00260e+02 1.21475e+03 6.66253e+03 3.54280e+04 1.62280e+05
1.03425e+05 2.90985e+05 9.72352e+05 3.55705e+06 1.37874e+07 4.99352e+07
6.34678e+00 3.65848e+01 2.08979e+02 1.17204e+03 6.31420e+03 3.01654e+04
1.83942e+01 1.08131e+02 6.10707e+02 3.42251e+03 1.82085e+04 8.36724e+04
5.14441e+03 2.15283e+04 9.86012e+04 4.92051e+05 2.39006e+06 1.01432e+07
3.60555e+03 1.58011e+04 7.66171e+04 3.96488e+05 1.95581e+06 8.28071e+06
6.34678e+00 3.65848e+01 2.08979e+02 1.17204e+03 6.31420e+03 3.01654e+04
1.83942e+01 1.08131e+02 6.10707e+02 3.42251e+03 1.82085e+04 8.36724e+04
1.83942e+01 1.08131e+02 6.10707e+02 3.42251e+03 1.82085e+04 8.36724e+04
1.23546e+01 7.28836e+01 4.13600e+02 2.32219e+03 1.25089e+04 5.97612e+04
1.23546e+01 7.28836e+01 4.13600e+02 2.32219e+03 1.25089e+04 5.97612e+04
9.72301e+01 5.30487e+02 3.13015e+03 1.69621e+04 8.68565e+04 3.74305e+05
5.14020e+05 1.20558e+06 3.29443e+06 9.39518e+06 2.90353e+07 8.72452e+07
2.30171e+02 1.32367e+03 7.40927e+03 3.98786e+04 1.92600e+05 8.03261e+05
6.34678e+00 3.65848e+01 2.08979e+02 1.17204e+03 6.31420e+03 3.01654e+04
2.92711e+02 1.66599e+03 9.06461e+03 4.90046e+04 2.35851e+05 1.02254e+06
6.34678e+00 3.65848e+01 2.08979e+02 1.17204e+03 6.31420e+03 3.01654e+04
3.57685e+02 2.09862e+03 1.11760e+04 5.89077e+04 2.87349e+05 1.23244e+06
6.34678e+00 3.65848e+01 2.08979e+02 1.17204e+03 6.31420e+03 3.01654e+04
2.89774e+02 1.63788e+03 8.89665e+03 4.80858e+04 2.31040e+05 1.00056e+06
6.34678e+00 3.65848e+01 2.08979e+02 1.17204e+03 6.31420e+03 3.01654e+04
5.82126e+05 1.35307e+06 3.62591e+06 1.01040e+07 3.05993e+07 9.02784e+07
1.26596e+03 6.71381e+03 3.54648e+04 1.88635e+05 9.45876e+05 4.11278e+06
8.48072e+01 4.67812e+02 2.75504e+03 1.48690e+04 7.56521e+04 3.21621e+05
2.83414e+01 1.32012e+02 8.29003e+02 4.51083e+03 2.40442e+04 1.11046e+05
1.23546e+01 7.28836e+01 4.13600e+02 2.32219e+03 1.25089e+04 5.97612e+04
1.83942e+01 1.08131e+02 6.10707e+02 3.42251e+03 1.82085e+04 8.36724e+04
8.48072e+01 4.67812e+02 2.75504e+03 1.48690e+04 7.56521e+04 3.21621e+05
4.15516e+02 2.40381e+03 1.28235e+04 6.86270e+04 3.39012e+05 1.47373e+06
1.84872e+05 4.88252e+05 1.52786e+06 5.13295e+06 1.84572e+07 6.30983e+07
6.34678e+00 3.65848e+01 2.08979e+02 1.17204e+03 6.31420e+03 3.01654e+04
2.83414e+01 1.32012e+02 8.29003e+02 4.51083e+03 2.40442e+04 1.11046e+05
1.23546e+01 7.28836e+01 4.13600e+02 2.32219e+03 1.25089e+04 5.97612e+04
1.23546e+01 7.28836e+01 4.13600e+02 2.32219e+03 1.25089e+04 5.97612e+04
8.48072e+01 4.67812e+02 2.75504e+03 1.48690e+04 7.56521e+04 3.21621e+05
6.07782e+05 1.40662e+06 3.74736e+06 1.03573e+07 3.11426e+07 9.12948e+07
6.34678e+00 3.65848e+01 2.08979e+02 1.17204e+03 6.31420e+03 3.01654e+04
1.83942e+01 1.08131e+02 6.10707e+02 3.42251e+03 1.82085e+04 8.36724e+04
2.79922e+02 1.58006e+03 8.57754e+03 4.62365e+04 2.21024e+05 9.51823e+05
1.98001e+02 1.14394e+03 6.39432e+03 3.46015e+04 1.69294e+05 7.20475e+05
1.21841e+04 4.58504e+04 1.94063e+05 8.92926e+05 4.10609e+06 1.69000e+07
1.88908e+03 9.82002e+03 4.96905e+04 2.65679e+05 1.29813e+06 5.54206e+06
1.23546e+01 7.28836e+01 4.13600e+02 2.32219e+03 1.25089e+04 5.97612e+04
6.34678e+00 3.65848e+01 2.08979e+02 1.17204e+03 6.31420e+03 3.01654e+04
1.00185e+03 5.64832e+03 2.95067e+04 1.60332e+05 7.97920e+05 3.44035e+06
1.23546e+01 7.28836e+01 4.13600e+02 2.32219e+03 1.25089e+04 5.97612e+04
1.83942e+01 1.08131e+02 6.10707e+02 3.42251e+03 1.82085e+04 8.36724e+04
1.23546e+01 7.28836e+01 4.13600e+02 2.32219e+03 1.25089e+04 5.97612e+04
5.46635e+01 3.04788e+02 1.79245e+03 9.86906e+03 5.26225e+04 2.43061e+05
7.67936e+02 4.38604e+03 2.26750e+04 1.24210e+05 6.23986e+05 2.76261e+06
4.75518e+02 2.86786e+03 1.54039e+04 8.21723e+04 4.08295e+05 1.79685e+06
7.28993e+02 4.14255e+03 2.15039e+04 1.17896e+05 5.97249e+05 2.65411e+06
2.83414e+01 1.32012e+02 8.29003e+02 4.51083e+03 2.40442e+04 1.11046e+05
1.52805e+05 4.08319e+05 1.31368e+06 4.56188e+06 1.68175e+07 5.85917e+07
4.19783e+02 2.42804e+03 1.29831e+04 6.94776e+04 3.43498e+05 1.49341e+06
9.72301e+01 5.30487e+02 3.13015e+03 1.69621e+04 8.68565e+04 3.74305e+05
2.83414e+01 1.32012e+02 8.29003e+02 4.51083e+03 2.40442e+04 1.11046e+05
1.83942e+01 1.08131e+02 6.10707e+02 3.42251e+03 1.82085e+04 8.36724e+04
1.23546e+01 7.28836e+01 4.13600e+02 2.32219e+03 1.25089e+04 5.97612e+04
3.97520e+01 2.00260e+02 1.21475e+03 6.66253e+03 3.54280e+04 1.62280e+05
6.34678e+00 3.65848e+01 2.08979e+02 1.17204e+03 6.31420e+03 3.01654e+04
4.95622e+02 3.05718e+03 1.63863e+04 8.79159e+04 4.38666e+05 1.93977e+06
4.38447e+02 2.60269e+03 1.38607e+04 7.45286e+04 3.70420e+05 1.61742e+06
1.59865e+02 8.95072e+02 5.03445e+03 2.77307e+04 1.38815e+05 5.87846e+05
1.07597e+03 6.04631e+03 3.10555e+04 1.68137e+05 8.42013e+05 3.63875e+06
1.83942e+01 1.08131e+02 6.10707e+02 3.42251e+03 1.82085e+04 8.36724e+04
5.03339e+02 3.08413e+03 1.65205e+04 8.87310e+04 4.43088e+05 1.96213e+06
5.32866e+03 2.21347e+04 1.01510e+05 5.04120e+05 2.43478e+06 1.03125e+07
2.17005e+02 1.26536e+03 7.06664e+03 3.79587e+04 1.82595e+05 7.59285e+05
5.67782e+02 3.36823e+03 1.78464e+04 9.65787e+04 4.85754e+05 2.16255e+06
1.23546e+01 7.28836e+01 4.13600e+02 2.32219e+03 1.25089e+04 5.97612e+04
6.34678e+00 3.65848e+01 2.08979e+02 1.17204e+03 6.31420e+03 3.01654e+04
1.67307e+04 5.90923e+04 2.44696e+05 1.10374e+06 4.96378e+06 2.01175e+07
3.13225e+02 1.81369e+03 9.82437e+03 5.35978e+04 2.60291e+05 1.13969e+06
5.79289e+03 2.38434e+04 1.09053e+05 5.35147e+05 2.56611e+06 1.08278e+07
1.59865e+02 8.95072e+02 5.03445e+03 2.77307e+04 1.38815e+05 5.87846e+05
6.34678e+00 3.65848e+01 2.08979e+02 1.17204e+03 6.31420e+03 3.01654e+04
4.30577e+02 2.51246e+03 1.34434e+04 7.19995e+04 3.57098e+05 1.55639e+06
3.82233e+02 2.22381e+03 1.19527e+04 6.32562e+04 3.11019e+05 1.34231e+06
6.34678e+00 3.65848e+01 2.08979e+02 1.17204e+03 6.31420e+03 3.01654e+04
1.29105e+02 7.05529e+02 3.96846e+03 2.21501e+04 1.13890e+05 4.99369e+05
5.22833e+03 2.18382e+04 1.00150e+05 4.98334e+05 2.41262e+06 1.02444e+07
6.34678e+00 3.65848e+01 2.08979e+02 1.17204e+03 6.31420e+03 3.01654e+04
2.60049e+03 1.22406e+04 6.13325e+04 3.22535e+05 1.59585e+06 6.85706e+06
1.98001e+02 1.14394e+03 6.39432e+03 3.46015e+04 1.69294e+05 7.20475e+05
8.48072e+01 4.67812e+02 2.75504e+03 1.48690e+04 7.56521e+04 3.21621e+05
3.95207e+02 2.35836e+03 1.27277e+04 6.76438e+04 3.34171e+05 1.44786e+06
8.60337e+02 4.95238e+03 2.56281e+04 1.40645e+05 6.98880e+05 3.04651e+06
4.15516e+02 2.40381e+03 1.28235e+04 6.86270e+04 3.39012e+05 1.47373e+06
1.96464e+03 9.95434e+03 5.05213e+04 2.70231e+05 1.32305e+06 5.65490e+06
2.92711e+02 1.66599e+03 9.06461e+03 4.90046e+04 2.35851e+05 1.02254e+06
1.55232e+02 8.63125e+02 4.85152e+03 2.67250e+04 1.33518e+05 5.63606e+05
8.48072e+01 4.67812e+02 2.75504e+03 1.48690e+04 7.56521e+04 3.21621e+05
6.34678e+00 3.65848e+01 2.08979e+02 1.17204e+03 6.31420e+03 3.01654e+04
6.86373e+04 2.03641e+05 7.18971e+05 2.77022e+06 1.11855e+07 4.19924e+07
3.62752e+02 2.17383e+03 1.16705e+04 6.15335e+04 3.01458e+05 1.29686e+06
1.83942e+01 1.08131e+02 6.10707e+02 3.42251e+03 1.82085e+04 8.36724e+04
1.23546e+01 7.28836e+01 4.13600e+02 2.32219e+03 1.25089e+04 5.97612e+04
9.34130e+02 5.23974e+03 2.71443e+04 1.48249e+05 7.36301e+05 3.19827e+06
1.23546e+01 7.28836e+01 4.13600e+02 2.32219e+03 1.25089e+04 5.97612e+04
1.82691e+03 9.59150e+03 4.85829e+04 2.60565e+05 1.27405e+06 5.43028e+06
5.67811e+03 2.34134e+04 1.07246e+05 5.27558e+05 2.53104e+06 1.06650e+07
1.92964e+04 6.65446e+04 2.69380e+05 1.20171e+06 5.37370e+06 2.16044e+07
5.46635e+01 3.04788e+02 1.79245e+03 9.86906e+03 5.26225e+04 2.43061e+05
2.83414e+01 1.32012e+02 8.29003e+02 4.51083e+03 2.40442e+04 1.11046e+05
1.23546e+01 7.28836e+01 4.13600e+02 2.32219e+03 1.25089e+04 5.97612e+04
3.93369e+05 9.47676e+05 2.68587e+06 8.02534e+06 2.58746e+07 8.07217e+07
6.34678e+00 3.65848e+01 2.08979e+02 1.17204e+03 6.31420e+03 3.01654e+04
7.67975e+02 4.41264e+03 2.28083e+04 1.24956e+05 6.28196e+05 2.78469e+06
5.15321e+03 2.14262e+04 9.84878e+04 4.91319e+05 2.38552e+06 1.01219e+07
1.38825e+04 5.09907e+04 2.12364e+05 9.66640e+05 4.40868e+06 1.79953e+07
1.76092e+04 6.17634e+04 2.52369e+05 1.13263e+06 5.09286e+06 2.05886e+07
3.59434e+03 1.56057e+04 7.58053e+04 3.93998e+05 1.94004e+06 8.20889e+06
1.23546e+01 7.28836e+01 4.13600e+02 2.32219e+03 1.25089e+04 5.97612e+04
4.38447e+02 2.60269e+03 1.38607e+04 7.45286e+04 3.70420e+05 1.61742e+06
4.95622e+02 3.05718e+03 1.63863e+04 8.79159e+04 4.38666e+05 1.93977e+06
1.83942e+01 1.08131e+02 6.10707e+02 3.42251e+03 1.82085e+04 8.36724e+04
1.29105e+02 7.05529e+02 3.96846e+03 2.21501e+04 1.13890e+05 4.99369e+05
4.87442e+04 1.54413e+05 5.57998e+05 2.22934e+06 9.31438e+06 3.58869e+07
1.23546e+01 7.28836e+01 4.13600e+02 2.32219e+03 1.25089e+04 5.97612e+04
4.38447e+02 2.60269e+03 1.38607e+04 7.45286e+04 3.70420e+05 1.61742e+06
1.83942e+01 1.08131e+02 6.10707e+02 3.42251e+03 1.82085e+04 8.36724e+04
6.70661e+04 2.01079e+05 7.08521e+05 2.73337e+06 1.10655e+07 4.16564e+07
3.97520e+01 2.00260e+02 1.21475e+03 6.66253e+03 3.54280e+04 1.62280e+05
6.16624e+02 3.53822e+03 1.87111e+04 1.01077e+05 5.10682e+05 2.27406e+06
9.39157e+02 5.25270e+03 2.72866e+04 1.48987e+05 7.40017e+05 3.21459e+06
6.34678e+00 3.65848e+01 2.08979e+02 1.17204e+03 6.31420e+03 3.01654e+04
5.46635e+01 3.04788e+02 1.79245e+03 9.86906e+03 5.26225e+04 2.43061e+05
6.34678e+00 3.65848e+01 2.08979e+02 1.17204e+03 6.31420e+03 3.01654e+04
2.30171e+02 1.32367e+03 7.40927e+03 3.98786e+04 1.92600e+05 8.03261e+05
6.34678e+00 3.65848e+01 2.08979e+02 1.17204e+03 6.31420e+03 3.01654e+04
4.61233e+02 2.77108e+03 1.48037e+04 7.88590e+04 3.90592e+05 1.71346e+06
4.95622e+02 3.05718e+03 1.63863e+04 8.79159e+04 4.38666e+05 1.93977e+06
1.23546e+01 7.28836e+01 4.13600e+02 2.32219e+03 1.25089e+04 5.97612e+04
1.23546e+01 7.28836e+01 4.13600e+02 2.32219e+03 1.25089e+04 5.97612e+04
3.58396e+03 1.57164e+04 7.62461e+04 3.95984e+05 1.95007e+06 8.25829e+06
6.34678e+00 3.65848e+01 2.08979e+02 1.17204e+03 6.31420e+03 3.01654e+04
2.79922e+02 1.58006e+03 8.57754e+03 4.62365e+04 2.21024e+05 9.51823e+05
1.83942e+01 1.08131e+02 6.10707e+02 3.42251e+03 1.82085e+04 8.36724e+04
6.87597e+01 3.62209e+02 2.19277e+03 1.20010e+04 6.39897e+04 2.95539e+05
6.34678e+00 3.65848e+01 2.08979e+02 1.17204e+03 6.31420e+03 3.01654e+04
2.22717e+02 1.29422e+03 7.23802e+03 3.89188e+04 1.87584e+05 7.81040e+05
1.23546e+01 7.28836e+01 4.13600e+02 2.32219e+03 1.25089e+04 5.97612e+04
1.21854e+03 6.53169e+03 3.42715e+04 1.82961e+05 9.13612e+05 3.96400e+06
2.83414e+01 1.32012e+02 8.29003e+02 4.51083e+03 2.40442e+04 1.11046e+05
5.65668e+02 3.33921e+03 1.77121e+04 9.57663e+04 4.81635e+05 2.14433e+06
6.34367e+01 3.29510e+02 2.00147e+03 1.09470e+04 5.83425e+04 2.69622e+05
2.30171e+02 1.32367e+03 7.40927e+03 3.98786e+04 1.92600e+05 8.03261e+05
2.68343e+02 1.49277e+03 8.14865e+03 4.46911e+04 2.17606e+05 9.24055e+05
1.23546e+01 7.28836e+01 4.13600e+02 2.32219e+03 1.25089e+04 5.97612e+04
1.20770e+02 6.37416e+02 3.61222e+03 2.01345e+04 1.03498e+05 4.56598e+05
2.30171e+02 1.32367e+03 7.40927e+03 3.98786e+04 1.92600e+05 8.03261e+05
1.83942e+01 1.08131e+02 6.10707e+02 3.42251e+03 1.82085e+04 8.36724e+04
1.23546e+01 7.28836e+01 4.13600e+02 2.32219e+03 1.25089e+04 5.97612e+04
1.83942e+01 1.08131e+02 6.10707e+02 3.42251e+03 1.82085e+04 8.36724e+04
6.34678e+00 3.65848e+01 2.08979e+02 1.17204e+03 6.31420e+03 3.01654e+04
3.58315e+02 2.12323e+03 1.13437e+04 5.98076e+04 2.92295e+05 1.25778e+06
3.13225e+02 1.81369e+03 9.82437e+03 5.35978e+04 2.60291e+05 1.13969e+06
1.23546e+01 7.28836e+01 4.13600e+02 2.32219e+03 1.25089e+04 5.97612e+04
6.34678e+00 3.65848e+01 2.08979e+02 1.17204e+03 6.31420e+03 3.01654e+04
3.97520e+01 2.00260e+02 1.21475e+03 6.66253e+03 3.54280e+04 1.62280e+05
1.83942e+01 1.08131e+02 6.10707e+02 3.42251e+03 1.82085e+04 8.36724e+04
1.23546e+01 7.28836e+01 4.13600e+02 2.32219e+03 1.25089e+04 5.97612e+04
1.23546e+01 7.28836e+01 4.13600e+02 2.32219e+03 1.25089e+04 5.97612e+04
1.07038e+02 5.95256e+02 3.48733e+03 1.90165e+04 9.77735e+04 4.24574e+05
4.89414e+01 2.70726e+02 1.60325e+03 8.81130e+03 4.70453e+04 2.18426e+05
1.23546e+01 7.28836e+01 4.13600e+02 2.32219e+03 1.25089e+04 5.97612e+04
1.23546e+01 7.28836e+01 4.13600e+02 2.32219e+03 1.25089e+04 5.97612e+04
1.59865e+02 8.95072e+02 5.03445e+03 2.77307e+04 1.38815e+05 5.87846e+05
1.41712e+04 5.21124e+04 2.17254e+05 9.87319e+05 4.48678e+06 1.83087e+07
6.21742e+02 3.56375e+03 1.88371e+04 1.01866e+05 5.14860e+05 2.29408e+06
1.98001e+02 1.14394e+03 6.39432e+03 3.46015e+04 1.69294e+05 7.20475e+05
1.92196e+02 1.11466e+03 6.21731e+03 3.36286e+04 1.64237e+05 6.99133e+05
1.20770e+02 6.37416e+02 3.61222e+03 2.01345e+04 1.03498e+05 4.56598e+05
1.23546e+01 7.28836e+01 4.13600e+02 2.32219e+03 1.25089e+04 5.97612e+04
4.75518e+02 2.86786e+03 1.54039e+04 8.21723e+04 4.08295e+05 1.79685e+06
1.48215e+02 8.32688e+02 4.67092e+03 2.57185e+04 1.28181e+05 5.39462e+05
6.34678e+00 3.65848e+01 2.08979e+02 1.17204e+03 6.31420e+03 3.01654e+04
1.23546e+01 7.28836e+01 4.13600e+02 2.32219e+03 1.25089e+04 5.97612e+04
3.95207e+02 2.35836e+03 1.27277e+04 6.76438e+04 3.34171e+05 1.44786e+06
1.83942e+01 1.08131e+02 6.10707e+02 3.42251e+03 1.82085e+04 8.36724e+04
1.83942e+01 1.08131e+02 6.10707e+02 3.42251e+03 1.82085e+04 8.36724e+04
1.40582e+04 5.15001e+04 2.14208e+05 9.74733e+05 4.44449e+06 1.81611e+07
3.02623e+03 1.35728e+04 6.73772e+04 3.52112e+05 1.74002e+06 7.43767e+06
1.15171e+04 4.26990e+04 1.82822e+05 8.49147e+05 3.93124e+06 1.62115e+07
1.23546e+01 7.28836e+01 4.13600e+02 2.32219e+03 1.25089e+04 5.97612e+04
1.83942e+01 1.08131e+02 6.10707e+02 3.42251e+03 1.82085e+04 8.36724e+04
1.23546e+01 7.28836e+01 4.13600e+02 2.32219e+03 1.25089e+04 5.97612e+04
1.23546e+01 7.28836e+01 4.13600e+02 2.32219e+03 1.25089e+04 5.97612e+04
6.34678e+00 3.65848e+01 2.08979e+02 1.17204e+03 6.31420e+03 3.01654e+04
1.23546e+01 7.28836e+01 4.13600e+02 2.32219e+03 1.25089e+04 5.97612e+04
2.83414e+01 1.32012e+02 8.29003e+02 4.51083e+03 2.40442e+04 1.11046e+05
1.83942e+01 1.08131e+02 6.10707e+02 3.42251e+03 1.82085e+04 8.36724e+04
1.83942e+01 1.08131e+02 6.10707e+02 3.42251e+03 1.82085e+04 8.36724e+04
1.50776e+03 7.87080e+03 4.05464e+04 2.16720e+05 1.06543e+06 4.60088e+06
1.23546e+01 7.28836e+01 4.13600e+02 2.32219e+03 1.25089e+04 5.97612e+04
2.17005e+02 1.26536e+03 7.06664e+03 3.79587e+04 1.82595e+05 7.59285e+05
1.95915e+04 6.75187e+04 2.72874e+05 1.21582e+06 5.43531e+06 2.18573e+07
8.48072e+01 4.67812e+02 2.75504e+03 1.48690e+04 7.56521e+04 3.21621e+05
2.30171e+02 1.32367e+03 7.40927e+03 3.98786e+04 1.92600e+05 8.03261e+05
1.23546e+01 7.28836e+01 4.13600e+02 2.32219e+03 1.25089e+04 5.97612e+04
1.78559e+04 6.23922e+04 2.54939e+05 1.14146e+06 5.12279e+06 2.07060e+07
6.34678e+00 3.65848e+01 2.08979e+02 1.17204e+03 6.31420e+03 3.01654e+04
6.34678e+00 3.65848e+01 2.08979e+02 1.17204e+03 6.31420e+03 3.01654e+04
1.23546e+01 7.28836e+01 4.13600e+02 2.32219e+03 1.25089e+04 5.97612e+04
3.39109e+02 1.96232e+03 1.03756e+04 5.48598e+04 2.69967e+05 1.17640e+06
6.34678e+00 3.65848e+01 2.08979e+02 1.17204e+03 6.31420e+03 3.01654e+04
4.25931e+02 2.48242e+03 1.32876e+04 7.11856e+04 3.52776e+05 1.53832e+06
4.19783e+02 2.42804e+03 1.29831e+04 6.94776e+04 3.43498e+05 1.49341e+06
1.23546e+01 7.28836e+01 4.13600e+02 2.32219e+03 1.25089e+04 5.97612e+04
6.34678e+00 3.65848e+01 2.08979e+02 1.17204e+03 6.31420e+03 3.01654e+04
1.83942e+01 1.08131e+02 6.10707e+02 3.42251e+03 1.82085e+04 8.36724e+04
1.23546e+01 7.28836e+01 4.13600e+02 2.32219e+03 1.25089e+04 5.97612e+04
9.72301e+01 5.30487e+02 3.13015e+03 1.69621e+04 8.68565e+04 3.74305e+05
6.34678e+00 3.65848e+01 2.08979e+02 1.17204e+03 6.31420e+03 3.01654e+04
1.83942e+01 1.08131e+02 6.10707e+02 3.42251e+03 1.82085e+04 8.36724e+04
1.23546e+01 7.28836e+01 4.13600e+02 2.32219e+03 1.25089e+04 5.97612e+04
5.65668e+02 3.33921e+03 1.77121e+04 9.57663e+04 4.81635e+05 2.14433e+06
2.30171e+02 1.32367e+03 7.40927e+03 3.98786e+04 1.92600e+05 8.03261e+05
4.37240e+02 2.57281e+03 1.37238e+04 7.36940e+04 3.66012e+05 1.59770e+06
8.48072e+01 4.67812e+02 2.75504e+03 1.48690e+04 7.56521e+04 3.21621e+05
6.34678e+00 3.65848e+01 2.08979e+02 1.17204e+03 6.31420e+03 3.01654e+04
9.17870e+02 5.17885e+03 2.67342e+04 1.46996e+05 7.28411e+05 3.16281e+06
6.34678e+00 3.65848e+01 2.08979e+02 1.17204e+03 6.31420e+03 3.01654e+04
6.34678e+00 3.65848e+01 2.08979e+02 1.17204e+03 6.31420e+03 3.01654e+04
4.48010e+03 1.94298e+04 9.20417e+04 4.62039e+05 2.24667e+06 9.49856e+06
6.34678e+00 3.65848e+01 2.08979e+02 1.17204e+03 6.31420e+03 3.01654e+04
1.12100e+04 4.15556e+04 1.79516e+05 8.36734e+05 3.87190e+06 1.59670e+07
3.00267e+03 1.33119e+04 6.61968e+04 3.46421e+05 1.71703e+06 7.34217e+06
9.19693e+01 4.98935e+02 2.94290e+03 1.59240e+04 8.14303e+04 3.50558e+05
6.34678e+00 3.65848e+01 2.08979e+02 1.17204e+03 6.31420e+03 3.01654e+04
3.97520e+01 2.00260e+02 1.21475e+03 6.66253e+03 3.54280e+04 1.62280e+05
4.43915e+02 2.62664e+03 1.40177e+04 7.53652e+04 3.74841e+05 1.63786e+06
9.72301e+01 5.30487e+02 3.13015e+03 1.69621e+04 8.68565e+04 3.74305e+05
6.87597e+01 3.62209e+02 2.19277e+03 1.20010e+04 6.39897e+04 2.95539e+05
1.23546e+01 7.28836e+01 4.13600e+02 2.32219e+03 1.25089e+04 5.97612e+04
1.48215e+02 8.32688e+02 4.67092e+03 2.57185e+04 1.28181e+05 5.39462e+05
9.72301e+01 5.30487e+02 3.13015e+03 1.69621e+04 8.68565e+04 3.74305e+05
6.34678e+00 3.65848e+01 2.08979e+02 1.17204e+03 6.31420e+03 3.01654e+04
4.89414e+01 2.70726e+02 1.60325e+03 8.81130e+03 4.70453e+04 2.18426e+05
1.98001e+02 1.14394e+03 6.39432e+03 3.46015e+04 1.69294e+05 7.20475e+05
1.30796e+03 6.90991e+03 3.63150e+04 1.93911e+05 9.70775e+05 4.20675e+06
6.34678e+00 3.65848e+01 2.08979e+02 1.17204e+03 6.31420e+03 3.01654e+04
1.83942e+01 1.08131e+02 6.10707e+02 3.42251e+03 1.82085e+04 8.36724e+04
6.87597e+01 3.62209e+02 2.19277e+03 1.20010e+04 6.39897e+04 2.95539e+05
1.93186e+03 9.88674e+03 5.01719e+04 2.68643e+05 1.31348e+06 5.61322e+06
1.23546e+01 7.28836e+01 4.13600e+02 2.32219e+03 1.25089e+04 5.97612e+04
6.34678e+00 3.65848e+01 2.08979e+02 1.17204e+03 6.31420e+03 3.01654e+04
6.34678e+00 3.65848e+01 2.08979e+02 1.17204e+03 6.31420e+03 3.01654e+04
2.83414e+01 1.32012e+02 8.29003e+02 4.51083e+03 2.40442e+04 1.11046e+05
1.83942e+01 1.08131e+02 6.10707e+02 3.42251e+03 1.82085e+04 8.36724e+04
1.48215e+02 8.32688e+02 4.67092e+03 2.57185e+04 1.28181e+05 5.39462e+05
1.23546e+01 7.28836e+01 4.13600e+02 2.32219e+03 1.25089e+04 5.97612e+04
6.34678e+00 3.65848e+01 2.08979e+02 1.17204e+03 6.31420e+03 3.01654e+04
1.23546e+01 7.28836e+01 4.13600e+02 2.32219e+03 1.25089e+04 5.97612e+04
1.23546e+01 7.28836e+01 4.13600e+02 2.32219e+03 1.25089e+04 5.97612e+04
6.34678e+00 3.65848e+01 2.08979e+02 1.17204e+03 6.31420e+03 3.01654e+04
6.34678e+00 3.65848e+01 2.08979e+02 1.17204e+03 6.31420e+03 3.01654e+04
5.46635e+01 3.04788e+02 1.79245e+03 9.86906e+03 5.26225e+04 2.43061e+05
3.65762e+05 8.87192e+05 2.53399e+06 7.66973e+06 2.50220e+07 7.88991e+07
3.97520e+01 2.00260e+02 1.21475e+03 6.66253e+03 3.54280e+04 1.62280e+05
1.83942e+01 1.08131e+02 6.10707e+02 3.42251e+03 1.82085e+04 8.36724e+04
1.23546e+01 7.28836e+01 4.13600e+02 2.32219e+03 1.25089e+04 5.97612e+04
8.48072e+01 4.67812e+02 2.75504e+03 1.48690e+04 7.56521e+04 3.21621e+05
9.72301e+01 5.30487e+02 3.13015e+03 1.69621e+04 8.68565e+04 3.74305e+05
1.83942e+01 1.08131e+02 6.10707e+02 3.42251e+03 1.82085e+04 8.36724e+04
1.23546e+01 7.28836e+01 4.13600e+02 2.32219e+03 1.25089e+04 5.97612e+04
2.83414e+01 1.32012e+02 8.29003e+02 4.51083e+03 2.40442e+04 1.11046e+05
1.01625e+02 5.63994e+02 3.30527e+03 1.79820e+04 9.21656e+04 3.97190e+05
1.50908e+03 7.88111e+03 4.06774e+04 2.17369e+05 1.06886e+06 4.61857e+06
6.34678e+00 3.65848e+01 2.08979e+02 1.17204e+03 6.31420e+03 3.01654e+04
4.42296e+04 1.40977e+05 5.20350e+05 2.10159e+06 8.83385e+06 3.42199e+07
1.23546e+01 7.28836e+01 4.13600e+02 2.32219e+03 1.25089e+04 5.97612e+04
1.23546e+01 7.28836e+01 4.13600e+02 2.32219e+03 1.25089e+04 5.97612e+04
5.77915e+04 1.79603e+05 6.38374e+05 2.50199e+06 1.02764e+07 3.90744e+07
2.79922e+02 1.58006e+03 8.57754e+03 4.62365e+04 2.21024e+05 9.51823e+05
1.83942e+01 1.08131e+02 6.10707e+02 3.42251e+03 1.82085e+04 8.36724e+04
2.30171e+02 1.32367e+03 7.40927e+03 3.98786e+04 1.92600e+05 8.03261e+05
4.19783e+02 2.42804e+03 1.29831e+04 6.94776e+04 3.43498e+05 1.49341e+06
6.34678e+00 3.65848e+01 2.08979e+02 1.17204e+03 6.31420e+03 3.01654e+04
1.83942e+01 1.08131e+02 6.10707e+02 3.42251e+03 1.82085e+04 8.36724e+04
2.83414e+01 1.32012e+02 8.29003e+02 4.51083e+03 2.40442e+04 1.11046e+05
1.98001e+02 1.14394e+03 6.39432e+03 3.46015e+04 1.69294e+05 7.20475e+05
2.03465e+04 6.97977e+04 2.82097e+05 1.24818e+06 5.57205e+06 2.23570e+07
1.83942e+01 1.08131e+02 6.10707e+02 3.42251e+03 1.82085e+04 8.36724e+04
1.83942e+01 1.08131e+02 6.10707e+02 3.42251e+03 1.82085e+04 8.36724e+04
6.34678e+00 3.65848e+01 2.08979e+02 1.17204e+03 6.31420e+03 3.01654e+04
1.29105e+02 7.05529e+02 3.96846e+03 2.21501e+04 1.13890e+05 4.99369e+05
8.79634e+02 5.06004e+03 2.59500e+04 1.42873e+05 7.10275e+05 3.09658e+06
1.23546e+01 7.28836e+01 4.13600e+02 2.32219e+03 1.25089e+04 5.97612e+04
1.23546e+01 7.28836e+01 4.13600e+02 2.32219e+03 1.25089e+04 5.97612e+04
6.34678e+00 3.65848e+01 2.08979e+02 1.17204e+03 6.31420e+03 3.01654e+04
2.83414e+01 1.32012e+02 8.29003e+02 4.51083e+03 2.40442e+04 1.11046e+05
9.72301e+01 5.30487e+02 3.13015e+03 1.69621e+04 8.68565e+04 3.74305e+05
7.28993e+02 4.14255e+03 2.15039e+04 1.17896e+05 5.97249e+05 2.65411e+06
1.83942e+01 1.08131e+02 6.10707e+02 3.42251e+03 1.82085e+04 8.36724e+04
6.43291e+04 1.94150e+05 6.84847e+05 2.66315e+06 1.08306e+07 4.08990e+07
2.83414e+01 1.32012e+02 8.29003e+02 4.51083e+03 2.40442e+04 1.11046e+05
1.38719e+03 7.40714e+03 3.82620e+04 2.03711e+05 1.01008e+06 4.38009e+06
5.40828e+03 2.22860e+04 1.02537e+05 5.09365e+05 2.45953e+06 1.04128e+07
6.34678e+00 3.65848e+01 2.08979e+02 1.17204e+03 6.31420e+03 3.01654e+04
1.98001e+02 1.14394e+03 6.39432e+03 3.46015e+04 1.69294e+05 7.20475e+05
1.83942e+01 1.08131e+02 6.10707e+02 3.42251e+03 1.82085e+04 8.36724e+04
7.37167e+03 2.90303e+04 1.31420e+05 6.36891e+05 3.02421e+06 1.26025e+07
2.83414e+01 1.32012e+02 8.29003e+02 4.51083e+03 2.40442e+04 1.11046e+05
1.23546e+01 7.28836e+01 4.13600e+02 2.32219e+03 1.25089e+04 5.97612e+04
8.99654e+02 5.10203e+03 2.61956e+04 1.44352e+05 7.17977e+05 3.13231e+06
1.14130e+03 6.25673e+03 3.26510e+04 1.76448e+05 8.84607e+05 3.81255e+06
3.01523e+04 9.98940e+04 3.86765e+05 1.64516e+06 7.13160e+06 2.80387e+07
6.34678e+00 3.65848e+01 2.08979e+02 1.17204e+03 6.31420e+03 3.01654e+04
1.26596e+03 6.71381e+03 3.54648e+04 1.88635e+05 9.45876e+05 4.11278e+06
9.72301e+01 5.30487e+02 3.13015e+03 1.69621e+04 8.68565e+04 3.74305e+05
6.34678e+00 3.65848e+01 2.08979e+02 1.17204e+03 6.31420e+03 3.01654e+04
2.83414e+01 1.32012e+02 8.29003e+02 4.51083e+03 2.40442e+04 1.11046e+05
4.25931e+02 2.48242e+03 1.32876e+04 7.11856e+04 3.52776e+05 1.53832e+06
3.58555e+03 1.54349e+04 7.51863e+04 3.91386e+05 1.92604e+06 8.15705e+06
1.23546e+01 7.28836e+01 4.13600e+02 2.32219e+03 1.25089e+04 5.97612e+04
1.23546e+01 7.28836e+01 4.13600e+02 2.32219e+03 1.25089e+04 5.97612e+04
1.83942e+01 1.08131e+02 6.10707e+02 3.42251e+03 1.82085e+04 8.36724e+04
6.34678e+00 3.65848e+01 2.08979e+02 1.17204e+03 6.31420e+03 3.01654e+04
1.23546e+01 7.28836e+01 4.13600e+02 2.32219e+03 1.25089e+04 5.97612e+04
1.23546e+01 7.28836e+01 4.13600e+02 2.32219e+03 1.25089e+04 5.97612e+04
6.34678e+00 3.65848e+01 2.08979e+02 1.17204e+03 6.31420e+03 3.01654e+04
1.23546e+01 7.28836e+01 4.13600e+02 2.32219e+03 1.25089e+04 5.97612e+04
1.23546e+01 7.28836e+01 4.13600e+02 2.32219e+03 1.25089e+04 5.97612e+04
1.83942e+01 1.08131e+02 6.10707e+02 3.42251e+03 1.82085e+04 8.36724e+04
8.42374e+02 4.77608e+03 2.47961e+04 1.35370e+05 6.72090e+05 2.92529e+06
1.01625e+02 5.63994e+02 3.30527e+03 1.79820e+04 9.21656e+04 3.97190e+05
7.28993e+02 4.14255e+03 2.15039e+04 1.17896e+05 5.97249e+05 2.65411e+06
4.23973e+04 1.37218e+05 5.07083e+05 2.05537e+06 8.66611e+06 3.36250e+07
2.30171e+02 1.32367e+03 7.40927e+03 3.98786e+04 1.92600e+05 8.03261e+05
1.48215e+02 8.32688e+02 4.67092e+03 2.57185e+04 1.28181e+05 5.39462e+05
1.59745e+03 8.65806e+03 4.40748e+04 2.36724e+05 1.15530e+06 4.96475e+06
9.22077e+04 2.63585e+05 8.92022e+05 3.31873e+06 1.30034e+07 4.75982e+07
8.48072e+01 4.67812e+02 2.75504e+03 1.48690e+04 7.56521e+04 3.21621e+05
1.23546e+01 7.28836e+01 4.13600e+02 2.32219e+03 1.25089e+04 5.97612e+04
1.47350e+03 7.76483e+03 4.02330e+04 2.14525e+05 1.05838e+06 4.57792e+06
1.12199e+03 6.17044e+03 3.21475e+04 1.73710e+05 8.71008e+05 3.76182e+06
3.97520e+01 2.00260e+02 1.21475e+03 6.66253e+03 3.54280e+04 1.62280e+05
2.37802e+03 1.11979e+04 5.65139e+04 2.99298e+05 1.47419e+06 6.35104e+06
1.23546e+01 7.28836e+01 4.13600e+02 2.32219e+03 1.25089e+04 5.97612e+04
6.34678e+00 3.65848e+01 2.08979e+02 1.17204e+03 6.31420e+03 3.01654e+04
2.79922e+02 1.58006e+03 8.57754e+03 4.62365e+04 2.21024e+05 9.51823e+05
1.83942e+01 1.08131e+02 6.10707e+02 3.42251e+03 1.82085e+04 8.36724e+04
3.95207e+02 2.35836e+03 1.27277e+04 6.76438e+04 3.34171e+05 1.44786e+06
1.98001e+02 1.14394e+03 6.39432e+03 3.46015e+04 1.69294e+05 7.20475e+05
6.34678e+00 3.65848e+01 2.08979e+02 1.17204e+03 6.31420e+03 3.01654e+04
6.34678e+00 3.65848e+01 2.08979e+02 1.17204e+03 6.31420e+03 3.01654e+04
5.46635e+01 3.04788e+02 1.79245e+03 9.86906e+03 5.26225e+04 2.43061e+05
1.83942e+01 1.08131e+02 6.10707e+02 3.42251e+03 1.82085e+04 8.36724e+04
2.07448e+04 7.12654e+04 2.87805e+05 1.26869e+06 5.65382e+06 2.26702e+07
6.34678e+00 3.65848e+01 2.08979e+02 1.17204e+03 6.31420e+03 3.01654e+04
4.30577e+02 2.51246e+03 1.34434e+04 7.19995e+04 3.57098e+05 1.55639e+06
6.34678e+00 3.65848e+01 2.08979e+02 1.17204e+03 6.31420e+03 3.01654e+04
6.34678e+00 3.65848e+01 2.08979e+02 1.17204e+03 6.31420e+03 3.01654e+04
6.34678e+00 3.65848e+01 2.08979e+02 1.17204e+03 6.31420e+03 3.01654e+04
2.65620e+04 8.85086e+04 3.49338e+05 1.50459e+06 6.61226e+06 2.61832e+07
1.23546e+01 7.28836e+01 4.13600e+02 2.32219e+03 1.25089e+04 5.97612e+04
1.48492e+05 3.98823e+05 1.28807e+06 4.48672e+06 1.66015e+07 5.80164e+07
1.98001e+02 1.14394e+03 6.39432e+03 3.46015e+04 1.69294e+05 7.20475e+05
1.23546e+01 7.28836e+01 4.13600e+02 2.32219e+03 1.25089e+04 5.97612e+04
2.59070e+02 1.47584e+03 7.97219e+03 4.37992e+04 2.12730e+05 9.02737e+05
6.34678e+00 3.65848e+01 2.08979e+02 1.17204e+03 6.31420e+03 3.01654e+04
1.23546e+01 7.28836e+01 4.13600e+02 2.32219e+03 1.25089e+04 5.97612e+04
6.34678e+00 3.65848e+01 2.08979e+02 1.17204e+03 6.31420e+03 3.01654e+04
6.56374e+03 2.66499e+04 1.21239e+05 5.85524e+05 2.80337e+06 1.17925e+07
2.52215e+02 1.44637e+03 7.80140e+03 4.28515e+04 2.07565e+05 8.76755e+05
6.34678e+00 3.65848e+01 2.08979e+02 1.17204e+03 6.31420e+03 3.01654e+04
5.07100e+04 1.60150e+05 5.75250e+05 2.29144e+06 9.52734e+06 3.66046e+07
2.79922e+02 1.58006e+03 8.57754e+03 4.62365e+04 2.21024e+05 9.51823e+05
1.23546e+01 7.28836e+01 4.13600e+02 2.32219e+03 1.25089e+04 5.97612e+04
6.34678e+00 3.65848e+01 2.08979e+02 1.17204e+03 6.31420e+03 3.01654e+04
1.23546e+01 7.28836e+01 4.13600e+02 2.32219e+03 1.25089e+04 5.97612e+04
9.59380e+02 5.43050e+03 2.82820e+04 1.54463e+05 7.66479e+05 3.31520e+06
3.97520e+01 2.00260e+02 1.21475e+03 6.66253e+03 3.54280e+04 1.62280e+05
4.38447e+02 2.60269e+03 1.38607e+04 7.45286e+04 3.70420e+05 1.61742e+06
8.48072e+01 4.67812e+02 2.75504e+03 1.48690e+04 7.56521e+04 3.21621e+05
6.34678e+00 3.65848e+01 2.08979e+02 1.17204e+03 6.31420e+03 3.01654e+04
1.27738e+03 6.75082e+03 3.55340e+04 1.89356e+05 9.49342e+05 4.12840e+06
1.48215e+02 8.32688e+02 4.67092e+03 2.57185e+04 1.28181e+05 5.39462e+05
3.95207e+02 2.35836e+03 1.27277e+04 6.76438e+04 3.34171e+05 1.44786e+06
3.18297e+02 1.84716e+03 9.97811e+03 5.44960e+04 2.64843e+05 1.15806e+06
1.13200e+05 3.14491e+05 1.04336e+06 3.77732e+06 1.44788e+07 5.19659e+07
3.97520e+01 2.00260e+02 1.21475e+03 6.66253e+03 3.54280e+04 1.62280e+05
1.30796e+03 6.90991e+03 3.63150e+04 1.93911e+05 9.70775e+05 4.20675e+06
1.23546e+01 7.28836e+01 4.13600e+02 2.32219e+03 1.25089e+04 5.97612e+04
1.91117e+04 6.57062e+04 2.67295e+05 1.19202e+06 5.33278e+06 2.14424e+07
1.18998e+05 3.28359e+05 1.08624e+06 3.90384e+06 1.48466e+07 5.30444e+07
9.72301e+01 5.30487e+02 3.13015e+03 1.69621e+04 8.68565e+04 3.74305e+05
3.09161e+03 1.38176e+04 6.86142e+04 3.58087e+05 1.76463e+06 7.54022e+06
9.72301e+01 5.30487e+02 3.13015e+03 1.69621e+04 8.68565e+04 3.74305e+05
2.82642e+03 1.29227e+04 6.39018e+04 3.35888e+05 1.66396e+06 7.12318e+06
2.52215e+02 1.44637e+03 7.80140e+03 4.28515e+04 2.07565e+05 8.76755e+05
6.34678e+00 3.65848e+01 2.08979e+02 1.17204e+03 6.31420e+03 3.01654e+04
3.57685e+02 2.09862e+03 1.11760e+04 5.89077e+04 2.87349e+05 1.23244e+06
1.83942e+01 1.08131e+02 6.10707e+02 3.42251e+03 1.82085e+04 8.36724e+04
8.48072e+01 4.67812e+02 2.75504e+03 1.48690e+04 7.56521e+04 3.21621e+05
3.82233e+02 2.22381e+03 1.19527e+04 6.32562e+04 3.11019e+05 1.34231e+06
3.45330e+04 1.13816e+05 4.31682e+05 1.80577e+06 7.73027e+06 3.02071e+07
1.23546e+01 7.28836e+01 4.13600e+02 2.32219e+03 1.25089e+04 5.97612e+04
9.78219e+03 3.73268e+04 1.62490e+05 7.70213e+05 3.59177e+06 1.48415e+07
6.85398e+02 3.85938e+03 1.99336e+04 1.08604e+05 5.49010e+05 2.43118e+06
5.89613e+02 3.43029e+03 1.82120e+04 9.90049e+04 4.97527e+05 2.21170e+06
6.34678e+00 3.65848e+01 2.08979e+02 1.17204e+03 6.31420e+03 3.01654e+04
4.96603e+03 2.08796e+04 9.65803e+04 4.80757e+05 2.33689e+06 9.88534e+06
4.75518e+02 2.86786e+03 1.54039e+04 8.21723e+04 4.08295e+05 1.79685e+06
5.33312e+02 3.22351e+03 1.71009e+04 9.28545e+04 4.64496e+05 2.06350e+06
3.00377e+04 9.87186e+04 3.84444e+05 1.63418e+06 7.08208e+06 2.78643e+07
4.13712e+03 1.81199e+04 8.59095e+04 4.36586e+05 2.12961e+06 9.02250e+06
5.89613e+02 3.43029e+03 1.82120e+04 9.90049e+04 4.97527e+05 2.21170e+06
7.08593e+04 2.10202e+05 7.41634e+05 2.83832e+06 1.14325e+07 4.27888e+07
1.55232e+02 8.63125e+02 4.85152e+03 2.67250e+04 1.33518e+05 5.63606e+05
1.23546e+01 7.28836e+01 4.13600e+02 2.32219e+03 1.25089e+04 5.97612e+04
1.84693e+02 1.04649e+03 5.86009e+03 3.16791e+04 1.53893e+05 6.54058e+05
4.73531e+05 1.12053e+06 3.09598e+06 8.95499e+06 2.80541e+07 8.52826e+07
8.65373e+02 4.96724e+03 2.57714e+04 1.41349e+05 7.02761e+05 3.06395e+06
1.50016e+04 5.47661e+04 2.26721e+05 1.02586e+06 4.65018e+06 1.89539e+07
1.48215e+02 8.32688e+02 4.67092e+03 2.57185e+04 1.28181e+05 5.39462e+05
1.83942e+01 1.08131e+02 6.10707e+02 3.42251e+03 1.82085e+04 8.36724e+04
4.19783e+02 2.42804e+03 1.29831e+04 6.94776e+04 3.43498e+05 1.49341e+06
6.34678e+00 3.65848e+01 2.08979e+02 1.17204e+03 6.31420e+03 3.01654e+04
6.34678e+00 3.65848e+01 2.08979e+02 1.17204e+03 6.31420e+03 3.01654e+04
1.23546e+01 7.28836e+01 4.13600e+02 2.32219e+03 1.25089e+04 5.97612e+04
1.23546e+01 7.28836e+01 4.13600e+02 2.32219e+03 1.25089e+04 5.97612e+04
1.23546e+01 7.28836e+01 4.13600e+02 2.32219e+03 1.25089e+04 5.97612e+04
3.90993e+04 1.27685e+05 4.73827e+05 1.95109e+06 8.29500e+06 3.23073e+07
3.41147e+02 1.98674e+03 1.05434e+04 5.57389e+04 2.74482e+05 1.19494e+06
5.46635e+01 3.04788e+02 1.79245e+03 9.86906e+03 5.26225e+04 2.43061e+05
8.65373e+02 4.96724e+03 2.57714e+04 1.41349e+05 7.02761e+05 3.06395e+06
6.34678e+00 3.65848e+01 2.08979e+02 1.17204e+03 6.31420e+03 3.01654e+04
9.72301e+01 5.30487e+02 3.13015e+03 1.69621e+04 8.68565e+04 3.74305e+05
9.10880e+03 3.54369e+04 1.56616e+05 7.40923e+05 3.45772e+06 1.43265e+07
1.23546e+01 7.28836e+01 4.13600e+02 2.32219e+03 1.25089e+04 5.97612e+04
2.54904e+03 1.18566e+04 5.97638e+04 3.15547e+05 1.55622e+06 6.67928e+06
1.93640e+04 6.71109e+04 2.71253e+05 1.20746e+06 5.39634e+06 2.16971e+07
8.62858e+02 4.87861e+03 2.52156e+04 1.38456e+05 6.87504e+05 2.99787e+06
6.34678e+00 3.65848e+01 2.08979e+02 1.17204e+03 6.31420e+03 3.01654e+04
1.23546e+01 7.28836e+01 4.13600e+02 2.32219e+03 1.25089e+04 5.97612e+04
3.05807e+05 7.57637e+05 2.21942e+06 6.91013e+06 2.31518e+07 7.46766e+07
6.34678e+00 3.65848e+01 2.08979e+02 1.17204e+03 6.31420e+03 3.01654e+04
1.23546e+01 7.28836e+01 4.13600e+02 2.32219e+03 1.25089e+04 5.97612e+04
1.23546e+01 7.28836e+01 4.13600e+02 2.32219e+03 1.25089e+04 5.97612e+04
6.34678e+00 3.65848e+01 2.08979e+02 1.17204e+03 6.31420e+03 3.01654e+04
1.23546e+01 7.28836e+01 4.13600e+02 2.32219e+03 1.25089e+04 5.97612e+04
1.42523e+04 5.23705e+04 2.18142e+05 9.92354e+05 4.50720e+06 1.83861e+07
9.72301e+01 5.30487e+02 3.13015e+03 1.69621e+04 8.68565e+04 3.74305e+05
3.16891e+05 7.81233e+05 2.27828e+06 7.05860e+06 2.35211e+07 7.55177e+07
4.31860e+03 1.89386e+04 8.96181e+04 4.52688e+05 2.20100e+06 9.29671e+06
6.34678e+00 3.65848e+01 2.08979e+02 1.17204e+03 6.31420e+03 3.01654e+04
6.34678e+00 3.65848e+01 2.08979e+02 1.17204e+03 6.31420e+03 3.01654e+04
1.77550e+02 9.84108e+02 5.50544e+03 2.96988e+04 1.43453e+05 6.07981e+05
6.34678e+00 3.65848e+01 2.08979e+02 1.17204e+03 6.31420e+03 3.01654e+04
1.23546e+01 7.28836e+01 4.13600e+02 2.32219e+03 1.25089e+04 5.97612e+04
8.48072e+01 4.67812e+02 2.75504e+03 1.48690e+04 7.56521e+04 3.21621e+05
1.83863e+02 1.08520e+03 6.04069e+03 3.26449e+04 1.59010e+05 6.75703e+05
1.23546e+01 7.28836e+01 4.13600e+02 2.32219e+03 1.25089e+04 5.97612e+04
2.08089e+05 5.40183e+05 1.66535e+06 5.50241e+06 1.95052e+07 6.57874e+07
1.98001e+02 1.14394e+03 6.39432e+03 3.46015e+04 1.69294e+05 7.20475e+05
6.34678e+00 3.65848e+01 2.08979e+02 1.17204e+03 6.31420e+03 3.01654e+04
4.55868e+05 1.08130e+06 3.00472e+06 8.75496e+06 2.75800e+07 8.43119e+07
1.23546e+01 7.28836e+01 4.13600e+02 2.32219e+03 1.25089e+04 5.97612e+04
4.38447e+02 2.60269e+03 1.38607e+04 7.45286e+04 3.70420e+05 1.61742e+06
6.34678e+00 3.65848e+01 2.08979e+02 1.17204e+03 6.31420e+03 3.01654e+04
1.55528e+03 8.20986e+03 4.21279e+04 2.25915e+05 1.10807e+06 4.78417e+06
8.79634e+02 5.06004e+03 2.59500e+04 1.42873e+05 7.10275e+05 3.09658e+06
2.13860e+03 1.04025e+04 5.26303e+04 2.80454e+05 1.38049e+06 5.92218e+06
2.83414e+01 1.32012e+02 8.29003e+02 4.51083e+03 2.40442e+04 1.11046e+05
1.83942e+01 1.08131e+02 6.10707e+02 3.42251e+03 1.82085e+04 8.36724e+04
6.34678e+00 3.65848e+01 2.08979e+02 1.17204e+03 6.31420e+03 3.01654e+04
1.23546e+01 7.28836e+01 4.13600e+02 2.32219e+03 1.25089e+04 5.97612e+04
1.01168e+05 2.85131e+05 9.56669e+05 3.51052e+06 1.36254e+07 4.94625e+07
2.83414e+01 1.32012e+02 8.29003e+02 4.51083e+03 2.40442e+04 1.11046e+05
1.23546e+01 7.28836e+01 4.13600e+02 2.32219e+03 1.25089e+04 5.97612e+04
2.28123e+03 1.08498e+04 5.44608e+04 2.88939e+05 1.42326e+06 6.12245e+06
1.23546e+01 7.28836e+01 4.13600e+02 2.32219e+03 1.25089e+04 5.97612e+04
2.83414e+01 1.32012e+02 8.29003e+02 4.51083e+03 2.40442e+04 1.11046e+05
1.23546e+01 7.28836e+01 4.13600e+02 2.32219e+03 1.25089e+04 5.97612e+04
3.95207e+02 2.35836e+03 1.27277e+04 6.76438e+04 3.34171e+05 1.44786e+06
3.75513e+03 1.63417e+04 7.85962e+04 4.03364e+05 1.98746e+06 8.42734e+06
1.03455e+03 5.94472e+03 3.04341e+04 1.65678e+05 8.27394e+05 3.57107e+06
2.24316e+04 7.63521e+04 3.08148e+05 1.34714e+06 5.95773e+06 2.37577e+07
1.98001e+02 1.14394e+03 6.39432e+03 3.46015e+04 1.69294e+05 7.20475e+05
1.23546e+01 7.28836e+01 4.13600e+02 2.32219e+03 1.25089e+04 5.97612e+04
1.83942e+01 1.08131e+02 6.10707e+02 3.42251e+03 1.82085e+04 8.36724e+04
3.39109e+02 1.96232e+03 1.03756e+04 5.48598e+04 2.69967e+05 1.17640e+06
7.74361e+03 3.02651e+04 1.36794e+05 6.59017e+05 3.12242e+06 1.29620e+07
2.79922e+02 1.58006e+03 8.57754e+03 4.62365e+04 2.21024e+05 9.51823e+05
2.22123e+04 7.56164e+04 3.04829e+05 1.33499e+06 5.91010e+06 2.35744e+07
2.83414e+01 1.32012e+02 8.29003e+02 4.51083e+03 2.40442e+04 1.11046e+05
1.20770e+02 6.37416e+02 3.61222e+03 2.01345e+04 1.03498e+05 4.56598e+05
6.34367e+01 3.29510e+02 2.00147e+03 1.09470e+04 5.83425e+04 2.69622e+05
6.34678e+00 3.65848e+01 2.08979e+02 1.17204e+03 6.31420e+03 3.01654e+04
6.34678e+00 3.65848e+01 2.08979e+02 1.17204e+03 6.31420e+03 3.01654e+04
1.83942e+01 1.08131e+02 6.10707e+02 3.42251e+03 1.82085e+04 8.36724e+04
4.25931e+02 2.48242e+03 1.32876e+04 7.11856e+04 3.52776e+05 1.53832e+06
4.38447e+02 2.60269e+03 1.38607e+04 7.45286e+04 3.70420e+05 1.61742e+06
1.83942e+01 1.08131e+02 6.10707e+02 3.42251e+03 1.82085e+04 8.36724e+04
2.79922e+02 1.58006e+03 8.57754e+03 4.62365e+04 2.21024e+05 9.51823e+05
7.50475e+02 4.29278e+03 2.23967e+04 1.23096e+05 6.21245e+05 2.74286e+06
6.34678e+00 3.65848e+01 2.08979e+02 1.17204e+03 6.31420e+03 3.01654e+04
3.62752e+02 2.17383e+03 1.16705e+04 6.15335e+04 3.01458e+05 1.29686e+06
1.83942e+01 1.08131e+02 6.10707e+02 3.42251e+03 1.82085e+04 8.36724e+04
9.72301e+01 5.30487e+02 3.13015e+03 1.69621e+04 8.68565e+04 3.74305e+05
1.83942e+01 1.08131e+02 6.10707e+02 3.42251e+03 1.82085e+04 8.36724e+04
3.79679e+04 1.23523e+05 4.61376e+05 1.91028e+06 8.13220e+06 3.17204e+07
6.34678e+00 3.65848e+01 2.08979e+02 1.17204e+03 6.31420e+03 3.01654e+04
6.34678e+00 3.65848e+01 2.08979e+02 1.17204e+03 6.31420e+03 3.01654e+04
3.03831e+03 1.36698e+04 6.78383e+04 3.53663e+05 1.74481e+06 7.46102e+06
6.34678e+00 3.65848e+01 2.08979e+02 1.17204e+03 6.31420e+03 3.01654e+04
4.98697e+03 2.09471e+04 9.68189e+04 4.82462e+05 2.34631e+06 9.92766e+06
6.34678e+00 3.65848e+01 2.08979e+02 1.17204e+03 6.31420e+03 3.01654e+04
6.34678e+00 3.65848e+01 2.08979e+02 1.17204e+03 6.31420e+03 3.01654e+04
2.75261e+03 1.27532e+04 6.30138e+04 3.30585e+05 1.63678e+06 7.01528e+06
1.83942e+01 1.08131e+02 6.10707e+02 3.42251e+03 1.82085e+04 8.36724e+04
1.23546e+01 7.28836e+01 4.13600e+02 2.32219e+03 1.25089e+04 5.97612e+04
4.90958e+02 2.99553e+03 1.59428e+04 8.54638e+04 4.25680e+05 1.87783e+06
1.23546e+01 7.28836e+01 4.13600e+02 2.32219e+03 1.25089e+04 5.97612e+04
6.34678e+00 3.65848e+01 2.08979e+02 1.17204e+03 6.31420e+03 3.01654e+04
6.34678e+00 3.65848e+01 2.08979e+02 1.17204e+03 6.31420e+03 3.01654e+04
3.97520e+01 2.00260e+02 1.21475e+03 6.66253e+03 3.54280e+04 1.62280e+05
1.23546e+01 7.28836e+01 4.13600e+02 2.32219e+03 1.25089e+04 5.97612e+04
1.23546e+01 7.28836e+01 4.13600e+02 2.32219e+03 1.25089e+04 5.97612e+04
1.98001e+02 1.14394e+03 6.39432e+03 3.46015e+04 1.69294e+05 7.20475e+05
1.08158e+05 3.01645e+05 1.00728e+06 3.65986e+06 1.41105e+07 5.09193e+07
1.84693e+02 1.04649e+03 5.86009e+03 3.16791e+04 1.53893e+05 6.54058e+05
1.23546e+01 7.28836e+01 4.13600e+02 2.32219e+03 1.25089e+04 5.97612e+04
2.35616e+04 7.94157e+04 3.18939e+05 1.38857e+06 6.14157e+06 2.44563e+07
8.69252e+03 3.38306e+04 1.49741e+05 7.13122e+05 3.34215e+06 1.38679e+07
2.55210e+02 1.40958e+03 7.62990e+03 4.19260e+04 2.02322e+05 8.49868e+05
1.98001e+02 1.14394e+03 6.39432e+03 3.46015e+04 1.69294e+05 7.20475e+05
1.55232e+02 8.63125e+02 4.85152e+03 2.67250e+04 1.33518e+05 5.63606e+05
6.34678e+00 3.65848e+01 2.08979e+02 1.17204e+03 6.31420e+03 3.01654e+04
3.82472e+02 2.25166e+03 1.21129e+04 6.41505e+04 3.15687e+05 1.36408e+06
1.23546e+01 7.28836e+01 4.13600e+02 2.32219e+03 1.25089e+04 5.97612e+04
1.21969e+05 3.35648e+05 1.10714e+06 3.95826e+06 1.50281e+07 5.35609e+07
6.34678e+00 3.65848e+01 2.08979e+02 1.17204e+03 6.31420e+03 3.01654e+04
8.06720e+05 1.82077e+06 4.64456e+06 1.21906e+07 3.49081e+07 9.81046e+07
1.01050e+04 3.82525e+04 1.66634e+05 7.86466e+05 3.65778e+06 1.51136e+07
1.23546e+01 7.28836e+01 4.13600e+02 2.32219e+03 1.25089e+04 5.97612e+04
1.98001e+02 1.14394e+03 6.39432e+03 3.46015e+04 1.69294e+05 7.20475e+05
4.30577e+02 2.51246e+03 1.34434e+04 7.19995e+04 3.57098e+05 1.55639e+06
1.48215e+02 8.32688e+02 4.67092e+03 2.57185e+04 1.28181e+05 5.39462e+05
1.23546e+01 7.28836e+01 4.13600e+02 2.32219e+03 1.25089e+04 5.97612e+04
5.80650e+03 2.40468e+04 1.09915e+05 5.37934e+05 2.58393e+06 1.09020e+07
1.45696e+03 7.75525e+03 3.99671e+04 2.13225e+05 1.05172e+06 4.54743e+06
1.23546e+01 7.28836e+01 4.13600e+02 2.32219e+03 1.25089e+04 5.97612e+04
1.23546e+01 7.28836e+01 4.13600e+02 2.32219e+03 1.25089e+04 5.97612e+04
1.83942e+01 1.08131e+02 6.10707e+02 3.42251e+03 1.82085e+04 8.36724e+04
1.83942e+01 1.08131e+02 6.10707e+02 3.42251e+03 1.82085e+04 8.36724e+04
1.23546e+01 7.28836e+01 4.13600e+02 2.32219e+03 1.25089e+04 5.97612e+04
6.34367e+01 3.29510e+02 2.00147e+03 1.09470e+04 5.83425e+04 2.69622e+05
5.33312e+02 3.22351e+03 1.71009e+04 9.28545e+04 4.64496e+05 2.06350e+06
6.34678e+00 3.65848e+01 2.08979e+02 1.17204e+03 6.31420e+03 3.01654e+04
1.44134e+02 8.00888e+02 4.49065e+03 2.47077e+04 1.22752e+05 5.14065e+05
2.83414e+01 1.32012e+02 8.29003e+02 4.51083e+03 2.40442e+04 1.11046e+05
6.34678e+00 3.65848e+01 2.08979e+02 1.17204e+03 6.31420e+03 3.01654e+04
4.22219e+05 1.01050e+06 2.83625e+06 8.37070e+06 2.66898e+07 8.24610e+07
5.24059e+02 3.18262e+03 1.70121e+04 9.20121e+04 4.60266e+05 2.04210e+06
6.34678e+00 3.65848e+01 2.08979e+02 1.17204e+03 6.31420e+03 3.01654e+04
6.34678e+00 3.65848e+01 2.08979e+02 1.17204e+03 6.31420e+03 3.01654e+04
9.72301e+01 5.30487e+02 3.13015e+03 1.69621e+04 8.68565e+04 3.74305e+05
4.66381e+02 2.78757e+03 1.49661e+04 7.97081e+04 3.95004e+05 1.73423e+06
4.06431e+03 1.77686e+04 8.41086e+04 4.28481e+05 2.09626e+06 8.87603e+06
1.83942e+01 1.08131e+02 6.10707e+02 3.42251e+03 1.82085e+04 8.36724e+04
1.83942e+01 1.08131e+02 6.10707e+02 3.42251e+03 1.82085e+04 8.36724e+04
1.23546e+01 7.28836e+01 4.13600e+02 2.32219e+03 1.25089e+04 5.97612e+04
8.48072e+01 4.67812e+02 2.75504e+03 1.48690e+04 7.56521e+04 3.21621e+05
6.34678e+00 3.65848e+01 2.08979e+02 1.17204e+03 6.31420e+03 3.01654e+04
1.23546e+01 7.28836e+01 4.13600e+02 2.32219e+03 1.25089e+04 5.97612e+04
1.83942e+01 1.08131e+02 6.10707e+02 3.42251e+03 1.82085e+04 8.36724e+04
1.34894e+04 5.00584e+04 2.08738e+05 9.50899e+05 4.34131e+06 1.77158e+07
1.04379e+04 3.91194e+04 1.69184e+05 7.97183e+05 3.70481e+06 1.53060e+07
1.80148e+04 6.29030e+04 2.57001e+05 1.14998e+06 5.16315e+06 2.08646e+07
1.23546e+01 7.28836e+01 4.13600e+02 2.32219e+03 1.25089e+04 5.97612e+04
1.83942e+01 1.08131e+02 6.10707e+02 3.42251e+03 1.82085e+04 8.36724e+04
1.55232e+02 8.63125e+02 4.85152e+03 2.67250e+04 1.33518e+05 5.63606e+05
1.84693e+02 1.04649e+03 5.86009e+03 3.16791e+04 1.53893e+05 6.54058e+05
6.09265e+03 2.54961e+04 1.15579e+05 5.61481e+05 2.68422e+06 1.12943e+07
4.64740e+03 1.99866e+04 9.35846e+04 4.66697e+05 2.27482e+06 9.62355e+06
1.23546e+01 7.28836e+01 4.13600e+02 2.32219e+03 1.25089e+04 5.97612e+04
6.34678e+00 3.65848e+01 2.08979e+02 1.17204e+03 6.31420e+03 3.01654e+04
3.78887e+03 1.64568e+04 7.93264e+04 4.06154e+05 1.99418e+06 8.45998e+06
1.23546e+01 7.28836e+01 4.13600e+02 2.32219e+03 1.25089e+04 5.97612e+04
1.98001e+02 1.14394e+03 6.39432e+03 3.46015e+04 1.69294e+05 7.20475e+05
3.97520e+01 2.00260e+02 1.21475e+03 6.66253e+03 3.54280e+04 1.62280e+05
1.83942e+01 1.08131e+02 6.10707e+02 3.42251e+03 1.82085e+04 8.36724e+04
1.23546e+01 7.28836e+01 4.13600e+02 2.32219e+03 1.25089e+04 5.97612e+04
8.48072e+01 4.67812e+02 2.75504e+03 1.48690e+04 7.56521e+04 3.21621e+05
1.41666e+03 7.49359e+03 3.86461e+04 2.06250e+05 1.02144e+06 4.41935e+06
3.13225e+02 1.81369e+03 9.82437e+03 5.35978e+04 2.60291e+05 1.13969e+06
1.20770e+02 6.37416e+02 3.61222e+03 2.01345e+04 1.03498e+05 4.56598e+05
3.51930e+03 1.53452e+04 7.46986e+04 3.88487e+05 1.91065e+06 8.08940e+06
9.72301e+01 5.30487e+02 3.13015e+03 1.69621e+04 8.68565e+04 3.74305e+05
1.20770e+02 6.37416e+02 3.61222e+03 2.01345e+04 1.03498e+05 4.56598e+05
3.04084e+03 1.34801e+04 6.71043e+04 3.50714e+05 1.73171e+06 7.39857e+06
4.90881e+02 3.04525e+03 1.62468e+04 8.70926e+04 4.34431e+05 1.92058e+06
1.83942e+01 1.08131e+02 6.10707e+02 3.42251e+03 1.82085e+04 8.36724e+04
5.46635e+01 3.04788e+02 1.79245e+03 9.86906e+03 5.26225e+04 2.43061e+05
3.61562e+03 1.59019e+04 7.72580e+04 3.98887e+05 1.96219e+06 8.31681e+06
4.15516e+02 2.40381e+03 1.28235e+04 6.86270e+04 3.39012e+05 1.47373e+06
1.83942e+01 1.08131e+02 6.10707e+02 3.42251e+03 1.82085e+04 8.36724e+04
2.89774e+02 1.63788e+03 8.89665e+03 4.80858e+04 2.31040e+05 1.00056e+06
4.30577e+02 2.51246e+03 1.34434e+04 7.19995e+04 3.57098e+05 1.55639e+06
2.30171e+02 1.32367e+03 7.40927e+03 3.98786e+04 1.92600e+05 8.03261e+05
1.59865e+02 8.95072e+02 5.03445e+03 2.77307e+04 1.38815e+05 5.87846e+05
3.91683e+02 2.32837e+03 1.25802e+04 6.67731e+04 3.29533e+05 1.42670e+06
2.89774e+02 1.63788e+03 8.89665e+03 4.80858e+04 2.31040e+05 1.00056e+06
6.34678e+00 3.65848e+01 2.08979e+02 1.17204e+03 6.31420e+03 3.01654e+04
6.34678e+00 3.65848e+01 2.08979e+02 1.17204e+03 6.31420e+03 3.01654e+04
1.29204e+04 4.82588e+04 2.02338e+05 9.27688e+05 4.25353e+06 1.74217e+07
2.92711e+02 1.66599e+03 9.06461e+03 4.90046e+04 2.35851e+05 1.02254e+06
6.34678e+00 3.65848e+01 2.08979e+02 1.17204e+03 6.31420e+03 3.01654e+04
1.83942e+01 1.08131e+02 6.10707e+02 3.42251e+03 1.82085e+04 8.36724e+04
6.98527e+05 1.59626e+06 4.16216e+06 1.12187e+07 3.29384e+07 9.46064e+07
1.23546e+01 7.28836e+01 4.13600e+02 2.32219e+03 1.25089e+04 5.97612e+04
1.23546e+01 7.28836e+01 4.13600e+02 2.32219e+03 1.25089e+04 5.97612e+04
1.23546e+01 7.28836e+01 4.13600e+02 2.32219e+03 1.25089e+04 5.97612e+04
6.34678e+00 3.65848e+01 2.08979e+02 1.17204e+03 6.31420e+03 3.01654e+04
1.55232e+02 8.63125e+02 4.85152e+03 2.67250e+04 1.33518e+05 5.63606e+05
3.97520e+01 2.00260e+02 1.21475e+03 6.66253e+03 3.54280e+04 1.62280e+05
1.23546e+01 7.28836e+01 4.13600e+02 2.32219e+03 1.25089e+04 5.97612e+04
2.83414e+01 1.32012e+02 8.29003e+02 4.51083e+03 2.40442e+04 1.11046e+05
6.34678e+00 3.65848e+01 2.08979e+02 1.17204e+03 6.31420e+03 3.01654e+04
6.35155e+02 3.64471e+03 1.92551e+04 1.04049e+05 5.23998e+05 2.31412e+06
1.83942e+01 1.08131e+02 6.10707e+02 3.42251e+03 1.82085e+04 8.36724e+04
1.83942e+01 1.08131e+02 6.10707e+02 3.42251e+03 1.82085e+04 8.36724e+04
1.98001e+02 1.14394e+03 6.39432e+03 3.46015e+04 1.69294e+05 7.20475e+05
1.83942e+01 1.08131e+02 6.10707e+02 3.42251e+03 1.82085e+04 8.36724e+04
1.03455e+03 5.94472e+03 3.04341e+04 1.65678e+05 8.27394e+05 3.57107e+06
9.58819e+02 5.38255e+03 2.80138e+04 1.53033e+05 7.59051e+05 3.28062e+06
1.23546e+01 7.28836e+01 4.13600e+02 2.32219e+03 1.25089e+04 5.97612e+04
1.98001e+02 1.14394e+03 6.39432e+03 3.46015e+04 1.69294e+05 7.20475e+05
1.80170e+03 9.48228e+03 4.81070e+04 2.59062e+05 1.26415e+06 5.38471e+06
2.83414e+01 1.32012e+02 8.29003e+02 4.51083e+03 2.40442e+04 1.11046e+05
6.34678e+00 3.65848e+01 2.08979e+02 1.17204e+03 6.31420e+03 3.01654e+04
3.05046e+04 1.01182e+05 3.89880e+05 1.65707e+06 7.17868e+06 2.82359e+07
4.90958e+02 2.99553e+03 1.59428e+04 8.54638e+04 4.25680e+05 1.87783e+06
1.23546e+01 7.28836e+01 4.13600e+02 2.32219e+03 1.25089e+04 5.97612e+04
9.99134e+03 3.76676e+04 1.64678e+05 7.79702e+05 3.63270e+06 1.49871e+07
2.86953e+03 1.30202e+04 6.46903e+04 3.38854e+05 1.68002e+06 7.19430e+06
1.23546e+01 7.28836e+01 4.13600e+02 2.32219e+03 1.25089e+04 5.97612e+04
2.46372e+03 1.14808e+04 5.73808e+04 3.03132e+05 1.49613e+06 6.44181e+06
3.67211e+02 2.19746e+03 1.18341e+04 6.24160e+04 3.06330e+05 1.32135e+06
4.90881e+02 3.04525e+03 1.62468e+04 8.70926e+04 4.34431e+05 1.92058e+06
6.34678e+00 3.65848e+01 2.08979e+02 1.17204e+03 6.31420e+03 3.01654e+04
1.28594e+03 6.77536e+03 3.56409e+04 1.90010e+05 9.52812e+05 4.14437e+06
2.22717e+02 1.29422e+03 7.23802e+03 3.89188e+04 1.87584e+05 7.81040e+05
1.23546e+01 7.28836e+01 4.13600e+02 2.32219e+03 1.25089e+04 5.97612e+04
1.23546e+01 7.28836e+01 4.13600e+02 2.32219e+03 1.25089e+04 5.97612e+04
1.71777e+03 9.25575e+03 4.70117e+04 2.52566e+05 1.22965e+06 5.23045e+06
6.34678e+00 3.65848e+01 2.08979e+02 1.17204e+03 6.31420e+03 3.01654e+04
2.83414e+01 1.32012e+02 8.29003e+02 4.51083e+03 2.40442e+04 1.11046e+05
8.48072e+01 4.67812e+02 2.75504e+03 1.48690e+04 7.56521e+04 3.21621e+05
1.77550e+02 9.84108e+02 5.50544e+03 2.96988e+04 1.43453e+05 6.07981e+05
1.83942e+01 1.08131e+02 6.10707e+02 3.42251e+03 1.82085e+04 8.36724e+04
3.57797e+04 1.17758e+05 4.41450e+05 1.84049e+06 7.85638e+06 3.07018e+07
7.41645e+02 4.27269e+03 2.21215e+04 1.21604e+05 6.13446e+05 2.70886e+06
1.83942e+01 1.08131e+02 6.10707e+02 3.42251e+03 1.82085e+04 8.36724e+04
2.58049e+03 1.20233e+04 6.05376e+04 3.19185e+05 1.57624e+06 6.77207e+06
4.90881e+02 3.04525e+03 1.62468e+04 8.70926e+04 4.34431e+05 1.92058e+06
9.05295e+05 2.02209e+06 5.07176e+06 1.30494e+07 3.66392e+07 1.01216e+08
6.34678e+00 3.65848e+01 2.08979e+02 1.17204e+03 6.31420e+03 3.01654e+04
9.72301e+01 5.30487e+02 3.13015e+03 1.69621e+04 8.68565e+04 3.74305e+05
6.34678e+00 3.65848e+01 2.08979e+02 1.17204e+03 6.31420e+03 3.01654e+04
6.34678e+00 3.65848e+01 2.08979e+02 1.17204e+03 6.31420e+03 3.01654e+04
1.32136e+05 3.58590e+05 1.17672e+06 4.16228e+06 1.56385e+07 5.53210e+07
3.67211e+02 2.19746e+03 1.18341e+04 6.24160e+04 3.06330e+05 1.32135e+06
6.34367e+01 3.29510e+02 2.00147e+03 1.09470e+04 5.83425e+04 2.69622e+05
8.60337e+02 4.95238e+03 2.56281e+04 1.40645e+05 6.98880e+05 3.04651e+06
9.44487e+02 5.32431e+03 2.76243e+04 1.51097e+05 7.51230e+05 3.26315e+06
1.23546e+01 7.28836e+01 4.13600e+02 2.32219e+03 1.25089e+04 5.97612e+04
4.37240e+02 2.57281e+03 1.37238e+04 7.36940e+04 3.66012e+05 1.59770e+06
6.34678e+00 3.65848e+01 2.08979e+02 1.17204e+03 6.31420e+03 3.01654e+04
1.23546e+01 7.28836e+01 4.13600e+02 2.32219e+03 1.25089e+04 5.97612e+04
2.83210e+02 1.61092e+03 8.73856e+03 4.71615e+04 2.26067e+05 9.76845e+05
1.98001e+02 1.14394e+03 6.39432e+03 3.46015e+04 1.69294e+05 7.20475e+05
2.76517e+03 1.27781e+04 6.31487e+04 3.31655e+05 1.64245e+06 7.03965e+06
1.83942e+01 1.08131e+02 6.10707e+02 3.42251e+03 1.82085e+04 8.36724e+04
1.23546e+01 7.28836e+01 4.13600e+02 2.32219e+03 1.25089e+04 5.97612e+04
6.34678e+00 3.65848e+01 2.08979e+02 1.17204e+03 6.31420e+03 3.01654e+04
1.23546e+01 7.28836e+01 4.13600e+02 2.32219e+03 1.25089e+04 5.97612e+04
4.07800e+05 9.80227e+05 2.76354e+06 8.20655e+06 2.63084e+07 8.16500e+07
2.17005e+02 1.26536e+03 7.06664e+03 3.79587e+04 1.82595e+05 7.59285e+05
1.83942e+01 1.08131e+02 6.10707e+02 3.42251e+03 1.82085e+04 8.36724e+04
1.23546e+01 7.28836e+01 4.13600e+02 2.32219e+03 1.25089e+04 5.97612e+04
3.97520e+01 2.00260e+02 1.21475e+03 6.66253e+03 3.54280e+04 1.62280e+05
8.48072e+01 4.67812e+02 2.75504e+03 1.48690e+04 7.56521e+04 3.21621e+05
2.00957e+03 1.00557e+04 5.08416e+04 2.72316e+05 1.33531e+06 5.71234e+06
1.23546e+01 7.28836e+01 4.13600e+02 2.32219e+03 1.25089e+04 5.97612e+04
6.34678e+00 3.65848e+01 2.08979e+02 1.17204e+03 6.31420e+03 3.01654e+04
1.65661e+05 4.41731e+05 1.40290e+06 4.79943e+06 1.74965e+07 6.05205e+07
1.73352e+04 6.10237e+04 2.49911e+05 1.12511e+06 5.05357e+06 2.04286e+07
3.58315e+02 2.12323e+03 1.13437e+04 5.98076e+04 2.92295e+05 1.25778e+06
6.34678e+00 3.65848e+01 2.08979e+02 1.17204e+03 6.31420e+03 3.01654e+04
6.34678e+00 3.65848e+01 2.08979e+02 1.17204e+03 6.31420e+03 3.01654e+04
1.48215e+02 8.32688e+02 4.67092e+03 2.57185e+04 1.28181e+05 5.39462e+05
2.24855e+03 1.07246e+04 5.38398e+04 2.86303e+05 1.41255e+06 6.06975e+06
8.34792e+03 3.26855e+04 1.46214e+05 6.97501e+05 3.29636e+06 1.36989e+07
3.91683e+02 2.32837e+03 1.25802e+04 6.67731e+04 3.29533e+05 1.42670e+06
1.02662e+03 5.87812e+03 3.01849e+04 1.64357e+05 8.20330e+05 3.53950e+06
1.23546e+01 7.28836e+01 4.13600e+02 2.32219e+03 1.25089e+04 5.97612e+04
6.34678e+00 3.65848e+01 2.08979e+02 1.17204e+03 6.31420e+03 3.01654e+04
1.23546e+01 7.28836e+01 4.13600e+02 2.32219e+03 1.25089e+04 5.97612e+04
4.19783e+02 2.42804e+03 1.29831e+04 6.94776e+04 3.43498e+05 1.49341e+06
1.01625e+02 5.63994e+02 3.30527e+03 1.79820e+04 9.21656e+04 3.97190e+05
6.34678e+00 3.65848e+01 2.08979e+02 1.17204e+03 6.31420e+03 3.01654e+04
1.23546e+01 7.28836e+01 4.13600e+02 2.32219e+03 1.25089e+04 5.97612e+04
6.34678e+00 3.65848e+01 2.08979e+02 1.17204e+03 6.31420e+03 3.01654e+04
5.38870e+03 2.21545e+04 1.01905e+05 5.06691e+05 2.44856e+06 1.03753e+07
2.60994e+04 8.72993e+04 3.44621e+05 1.48812e+06 6.54631e+06 2.59685e+07
6.34678e+00 3.65848e+01 2.08979e+02 1.17204e+03 6.31420e+03 3.01654e+04
2.49491e+03 1.15341e+04 5.77691e+04 3.05574e+05 1.50879e+06 6.49305e+06
6.34678e+00 3.65848e+01 2.08979e+02 1.17204e+03 6.31420e+03 3.01654e+04
1.59859e+03 8.66527e+03 4.42047e+04 2.37317e+05 1.15868e+06 4.98101e+06
1.01625e+02 5.63994e+02 3.30527e+03 1.79820e+04 9.21656e+04 3.97190e+05
1.23546e+01 7.28836e+01 4.13600e+02 2.32219e+03 1.25089e+04 5.97612e+04
2.00071e+04 6.86425e+04 2.77318e+05 1.23112e+06 5.49031e+06 2.20498e+07
1.23546e+01 7.28836e+01 4.13600e+02 2.32219e+03 1.25089e+04 5.97612e+04
3.97520e+01 2.00260e+02 1.21475e+03 6.66253e+03 3.54280e+04 1.62280e+05
1.23546e+01 7.28836e+01 4.13600e+02 2.32219e+03 1.25089e+04 5.97612e+04
2.17488e+04 7.45964e+04 3.00960e+05 1.32105e+06 5.85702e+06 2.33833e+07
1.83942e+01 1.08131e+02 6.10707e+02 3.42251e+03 1.82085e+04 8.36724e+04
2.30171e+02 1.32367e+03 7.40927e+03 3.98786e+04 1.92600e+05 8.03261e+05
4.58231e+04 1.46238e+05 5.34489e+05 2.14728e+06 8.99934e+06 3.48251e+07
2.04419e+03 1.01731e+04 5.12524e+04 2.74301e+05 1.34791e+06 5.76985e+06
4.95622e+02 3.05718e+03 1.63863e+04 8.79159e+04 4.38666e+05 1.93977e+06
1.83942e+01 1.08131e+02 6.10707e+02 3.42251e+03 1.82085e+04 8.36724e+04
9.72301e+01 5.30487e+02 3.13015e+03 1.69621e+04 8.68565e+04 3.74305e+05
2.83414e+01 1.32012e+02 8.29003e+02 4.51083e+03 2.40442e+04 1.11046e+05
1.20770e+02 6.37416e+02 3.61222e+03 2.01345e+04 1.03498e+05 4.56598e+05
5.46635e+01 3.04788e+02 1.79245e+03 9.86906e+03 5.26225e+04 2.43061e+05
1.92196e+02 1.11466e+03 6.21731e+03 3.36286e+04 1.64237e+05 6.99133e+05
1.83942e+01 1.08131e+02 6.10707e+02 3.42251e+03 1.82085e+04 8.36724e+04
1.23848e+03 6.63113e+03 3.48832e+04 1.85343e+05 9.28131e+05 4.02829e+06
1.23546e+01 7.28836e+01 4.13600e+02 2.32219e+03 1.25089e+04 5.97612e+04
2.06386e+03 1.02579e+04 5.15557e+04 2.75357e+05 1.35363e+06 5.79867e+06
3.39109e+02 1.96232e+03 1.03756e+04 5.48598e+04 2.69967e+05 1.17640e+06
1.23546e+01 7.28836e+01 4.13600e+02 2.32219e+03 1.25089e+04 5.97612e+04
6.34678e+00 3.65848e+01 2.08979e+02 1.17204e+03 6.31420e+03 3.01654e+04
1.59865e+02 8.95072e+02 5.03445e+03 2.77307e+04 1.38815e+05 5.87846e+05
1.23546e+01 7.28836e+01 4.13600e+02 2.32219e+03 1.25089e+04 5.97612e+04
6.34678e+00 3.65848e+01 2.08979e+02 1.17204e+03 6.31420e+03 3.01654e+04
9.29151e+02 5.23000e+03 2.69986e+04 1.47536e+05 7.32454e+05 3.18067e+06
1.23546e+01 7.28836e+01 4.13600e+02 2.32219e+03 1.25089e+04 5.97612e+04
6.34678e+00 3.65848e+01 2.08979e+02 1.17204e+03 6.31420e+03 3.01654e+04
1.83942e+01 1.08131e+02 6.10707e+02 3.42251e+03 1.82085e+04 8.36724e+04
8.48072e+01 4.67812e+02 2.75504e+03 1.48690e+04 7.56521e+04 3.21621e+05
1.83942e+01 1.08131e+02 6.10707e+02 3.42251e+03 1.82085e+04 8.36724e+04
6.95100e+02 3.99148e+03 2.04994e+04 1.12562e+05 5.68732e+05 2.51907e+06
1.23546e+01 7.28836e+01 4.13600e+02 2.32219e+03 1.25089e+04 5.97612e+04
8.48072e+01 4.67812e+02 2.75504e+03 1.48690e+04 7.56521e+04 3.21621e+05
1.55232e+02 8.63125e+02 4.85152e+03 2.67250e+04 1.33518e+05 5.63606e+05
1.87010e+03 9.73194e+03 4.92547e+04 2.64046e+05 1.28871e+06 5.49767e+06
9.92268e+02 5.57967e+03 2.91265e+04 1.58243e+05 7.86710e+05 3.38920e+06
5.67782e+02 3.36823e+03 1.78464e+04 9.65787e+04 4.85754e+05 2.16255e+06
1.56760e+03 8.32865e+03 4.25683e+04 2.29051e+05 1.12524e+06 4.86682e+06
1.23546e+01 7.28836e+01 4.13600e+02 2.32219e+03 1.25089e+04 5.97612e+04
6.34678e+00 3.65848e+01 2.08979e+02 1.17204e+03 6.31420e+03 3.01654e+04
1.11152e+04 4.10009e+04 1.77411e+05 8.28185e+05 3.83446e+06 1.58109e+07
1.83942e+01 1.08131e+02 6.10707e+02 3.42251e+03 1.82085e+04 8.36724e+04
3.58315e+02 2.12323e+03 1.13437e+04 5.98076e+04 2.92295e+05 1.25778e+06
9.72301e+01 5.30487e+02 3.13015e+03 1.69621e+04 8.68565e+04 3.74305e+05
1.30796e+03 6.90991e+03 3.63150e+04 1.93911e+05 9.70775e+05 4.20675e+06
3.81524e+03 1.67151e+04 8.01746e+04 4.10776e+05 2.01976e+06 8.57514e+06
1.23546e+01 7.28836e+01 4.13600e+02 2.32219e+03 1.25089e+04 5.97612e+04
4.83271e+03 2.03389e+04 9.49524e+04 4.73865e+05 2.31287e+06 9.78009e+06
2.83414e+01 1.32012e+02 8.29003e+02 4.51083e+03 2.40442e+04 1.11046e+05
1.83942e+01 1.08131e+02 6.10707e+02 3.42251e+03 1.82085e+04 8.36724e+04
1.55232e+02 8.63125e+02 4.85152e+03 2.67250e+04 1.33518e+05 5.63606e+05
3.18297e+02 1.84716e+03 9.97811e+03 5.44960e+04 2.64843e+05 1.15806e+06
2.30171e+02 1.32367e+03 7.40927e+03 3.98786e+04 1.92600e+05 8.03261e+05
8.48072e+01 4.67812e+02 2.75504e+03 1.48690e+04 7.56521e+04 3.21621e+05
1.23546e+01 7.28836e+01 4.13600e+02 2.32219e+03 1.25089e+04 5.97612e+04
1.83942e+01 1.08131e+02 6.10707e+02 3.42251e+03 1.82085e+04 8.36724e+04
1.23546e+01 7.28836e+01 4.13600e+02 2.32219e+03 1.25089e+04 5.97612e+04
1.59865e+02 8.95072e+02 5.03445e+03 2.77307e+04 1.38815e+05 5.87846e+05
6.34678e+00 3.65848e+01 2.08979e+02 1.17204e+03 6.31420e+03 3.01654e+04
2.59070e+02 1.47584e+03 7.97219e+03 4.37992e+04 2.12730e+05 9.02737e+05
7.33732e+03 2.88096e+04 1.30225e+05 6.30967e+05 3.00428e+06 1.25522e+07
1.23546e+01 7.28836e+01 4.13600e+02 2.32219e+03 1.25089e+04 5.97612e+04
1.23546e+01 7.28836e+01 4.13600e+02 2.32219e+03 1.25089e+04 5.97612e+04
1.10580e+05 3.07805e+05 1.02420e+06 3.71743e+06 1.42997e+07 5.14686e+07
8.42374e+02 4.77608e+03 2.47961e+04 1.35370e+05 6.72090e+05 2.92529e+06
2.30171e+02 1.32367e+03 7.40927e+03 3.98786e+04 1.92600e+05 8.03261e+05
1.23546e+01 7.28836e+01 4.13600e+02 2.32219e+03 1.25089e+04 5.97612e+04
1.83942e+01 1.08131e+02 6.10707e+02 3.42251e+03 1.82085e+04 8.36724e+04
1.81992e+03 9.57537e+03 4.85008e+04 2.59978e+05 1.27084e+06 5.41532e+06
1.83942e+01 1.08131e+02 6.10707e+02 3.42251e+03 1.82085e+04 8.36724e+04
6.34678e+00 3.65848e+01 2.08979e+02 1.17204e+03 6.31420e+03 3.01654e+04
6.34678e+00 3.65848e+01 2.08979e+02 1.17204e+03 6.31420e+03 3.01654e+04
6.34678e+00 3.65848e+01 2.08979e+02 1.17204e+03 6.31420e+03 3.01654e+04
6.34678e+00 3.65848e+01 2.08979e+02 1.17204e+03 6.31420e+03 3.01654e+04
1.74978e+05 4.64290e+05 1.46314e+06 4.96204e+06 1.79599e+07 6.17811e+07
1.23546e+01 7.28836e+01 4.13600e+02 2.32219e+03 1.25089e+04 5.97612e+04
2.30171e+02 1.32367e+03 7.40927e+03 3.98786e+04 1.92600e+05 8.03261e+05
4.89414e+01 2.70726e+02 1.60325e+03 8.81130e+03 4.70453e+04 2.18426e+05
1.23546e+01 7.28836e+01 4.13600e+02 2.32219e+03 1.25089e+04 5.97612e+04
1.23546e+01 7.28836e+01 4.13600e+02 2.32219e+03 1.25089e+04 5.97612e+04
1.83942e+01 1.08131e+02 6.10707e+02 3.42251e+03 1.82085e+04 8.36724e+04
8.48072e+01 4.67812e+02 2.75504e+03 1.48690e+04 7.56521e+04 3.21621e+05
4.15516e+02 2.40381e+03 1.28235e+04 6.86270e+04 3.39012e+05 1.47373e+06
6.34678e+00 3.65848e+01 2.08979e+02 1.17204e+03 6.31420e+03 3.01654e+04
2.83414e+01 1.32012e+02 8.29003e+02 4.51083e+03 2.40442e+04 1.11046e+05
1.23546e+01 7.28836e+01 4.13600e+02 2.32219e+03 1.25089e+04 5.97612e+04
1.41666e+03 7.49359e+03 3.86461e+04 2.06250e+05 1.02144e+06 4.41935e+06
6.34678e+00 3.65848e+01 2.08979e+02 1.17204e+03 6.31420e+03 3.01654e+04
5.53418e+04 1.73393e+05 6.18580e+05 2.43753e+06 1.00575e+07 3.83433e+07
4.01954e+03 1.76145e+04 8.33987e+04 4.24712e+05 2.08068e+06 8.79721e+06
6.34678e+00 3.65848e+01 2.08979e+02 1.17204e+03 6.31420e+03 3.01654e+04
5.99985e+04 1.84604e+05 6.55001e+05 2.56468e+06 1.04833e+07 3.97816e+07
1.83942e+01 1.08131e+02 6.10707e+02 3.42251e+03 1.82085e+04 8.36724e+04
3.82233e+02 2.22381e+03 1.19527e+04 6.32562e+04 3.11019e+05 1.34231e+06
1.83942e+01 1.08131e+02 6.10707e+02 3.42251e+03 1.82085e+04 8.36724e+04
1.26596e+03 6.71381e+03 3.54648e+04 1.88635e+05 9.45876e+05 4.11278e+06
4.93388e+05 1.16170e+06 3.19506e+06 9.17362e+06 2.85480e+07 8.62698e+07
7.79607e+04 2.26831e+05 7.90493e+05 2.99764e+06 1.19632e+07 4.43955e+07
1.23546e+01 7.28836e+01 4.13600e+02 2.32219e+03 1.25089e+04 5.97612e+04
1.20770e+02 6.37416e+02 3.61222e+03 2.01345e+04 1.03498e+05 4.56598e+05
2.83414e+01 1.32012e+02 8.29003e+02 4.51083e+03 2.40442e+04 1.11046e+05
4.73147e+02 2.81188e+03 1.51167e+04 8.05394e+04 3.99475e+05 1.75604e+06
6.34678e+00 3.65848e+01 2.08979e+02 1.17204e+03 6.31420e+03 3.01654e+04
6.73624e+03 2.71995e+04 1.23494e+05 5.95846e+05 2.85006e+06 1.19425e+07
1.87902e+03 9.66072e+03 4.90648e+04 2.62819e+05 1.28250e+06 5.46962e+06
1.23546e+01 7.28836e+01 4.13600e+02 2.32219e+03 1.25089e+04 5.97612e+04
1.96533e+05 5.13636e+05 1.59584e+06 5.31576e+06 1.89854e+07 6.44297e+07
8.48072e+01 4.67812e+02 2.75504e+03 1.48690e+04 7.56521e+04 3.21621e+05
9.72301e+01 5.30487e+02 3.13015e+03 1.69621e+04 8.68565e+04 3.74305e+05
6.34678e+00 3.65848e+01 2.08979e+02 1.17204e+03 6.31420e+03 3.01654e+04
6.34678e+00 3.65848e+01 2.08979e+02 1.17204e+03 6.31420e+03 3.01654e+04
1.23546e+01 7.28836e+01 4.13600e+02 2.32219e+03 1.25089e+04 5.97612e+04
2.79922e+02 1.58006e+03 8.57754e+03 4.62365e+04 2.21024e+05 9.51823e+05
6.34678e+00 3.65848e+01 2.08979e+02 1.17204e+03 6.31420e+03 3.01654e+04
3.97520e+01 2.00260e+02 1.21475e+03 6.66253e+03 3.54280e+04 1.62280e+05
1.83942e+01 1.08131e+02 6.10707e+02 3.42251e+03 1.82085e+04 8.36724e+04
5.81308e+02 3.38589e+03 1.79332e+04 9.74757e+04 4.89594e+05 2.17879e+06
1.83942e+01 1.08131e+02 6.10707e+02 3.42251e+03 1.82085e+04 8.36724e+04
