35.750078647140604	1.58
29.869117090161122	1.58
13.716800979999146	1.58
5.420477841477805	1.58
33.29767496415813	1.58
29.869117090161122	1.58
19.801302614082573	1.58
7.734910768491961	1.58
33.29767496415813	1.58
23.341701198972004	1.58
19.801302614082573	1.58
5.0449650295425705	1.58
33.29767496415813	1.58
24.84601469354481	1.58
16.77989321589203	1.58
5.0449650295425705	1.58
42.61333232087195	1.58
31.601978565565037	1.58
14.783755044491802	1.58
16.597912623769886	1.58
42.61333232087195	1.58
24.413387538945116	1.58
9.62181898258413	1.58
16.597912623769886	1.58
42.61333232087195	1.58
21.904827826695026	1.58
15.070635234429002	1.58
15.28055072860286	1.58
28.951032062061522	1.58
22.098087520200895	1.58
18.253233674874032	1.58
15.559719250932709	1.58
31.47428909394445	1.58
25.14366362161922	1.58
17.917434492866445	1.58
9.661144056063701	1.58
31.023430572183877	1.58
24.65437701135171	1.58
9.20215499827717	1.58
9.94299950532433	1.58
22.091482828542674	1.58
24.64885815598197	1.58
9.20215499827717	1.58
9.94299950532433	1.58
22.091482828542674	1.58
32.12760754748575	1.58
8.820211265172329	1.58
9.94299950532433	1.58
32.38025839891366	1.58
26.2993931606693	1.58
8.820211265172329	1.58
11.047809740886994	1.58
24.075783449716667	1.58
25.91701131327339	1.58
8.820211265172329	1.58
11.047809740886994	1.58
21.943901641818222	1.58
20.17037634927916	1.58
8.738441601546754	1.58
11.047809740886994	1.58
22.071803087831437	1.58
16.4259474284593	1.58
8.738441601546754	1.58
10.382012634819834	1.58
33.49378278032319	1.58
17.645009708557552	1.58
7.593528857005175	1.58
10.382012634819834	1.58
22.47551106388486	1.58
23.14331577629833	1.58
7.593528857005175	1.58
11.989455150355555	1.58
29.375111694817985	1.58
23.784388443015295	1.58
8.014128516487627	1.58
18.430162911783768	1.58
39.41262807119363	1.58
32.70257464709077	1.58
8.014128516487627	1.58
18.430162911783768	1.58
39.41262807119363	1.58
32.70257464709077	1.58
8.978326224140282	1.58
18.430162911783768	1.58
39.41262807119363	1.58
25.85624720710014	1.58
8.978326224140282	1.58
22.48508644451691	1.58
39.41262807119363	1.58
28.064206200678512	1.58
8.978326224140282	1.58
17.583119941643385	1.58
29.53047924712674	1.58
30.95624527673228	1.58
8.978326224140282	1.58
23.229457501030318	1.58
32.192807544635954	1.58
38.428684209419615	1.58
8.978326224140282	1.58
30.763599899930313	1.58
32.192807544635954	1.58
41.285085352113285	1.58
8.978326224140282	1.58
21.301886572427506	1.58
22.27408904048049	1.58
35.99690601813578	1.58
12.711868152983875	1.58
20.51670415674308	1.58
23.63841752506081	1.58
35.99690601813578	1.58
3.1200068163413164	1.58
19.89979800005601	1.58
20.909457856722423	1.58
35.99690601813578	1.58
3.1200068163413164	1.58
21.420278860459884	1.58
20.998129887339797	1.58
35.99690601813578	1.58
4.439372316643247	1.58
7.6021151754059915	1.58
20.9125880608676	1.58
35.93176910893159	1.58
17.804600165261235	1.58
8.35229682429278	1.58
28.453262797924154	1.58
35.93176910893159	1.58
9.585205678607924	1.58
8.35229682429278	1.58
28.453262797924154	1.58
34.39495748197342	1.58
9.585205678607924	1.58
8.35229682429278	1.58
35.40687730643637	1.58
30.3792802182516	1.58
18.526116408970232	1.58
8.35229682429278	1.58
29.756734255946228	1.58
41.241210654831264	1.58
22.035073232768536	1.58
8.35229682429278	1.58
30.606070865296132	1.58
38.26072974705859	1.58
22.035073232768536	1.58
8.35229682429278	1.58
37.89752336948456	1.58
37.002792584973655	1.58
22.035073232768536	1.58
8.35229682429278	1.58
33.6742281181672	1.58
32.16939875747439	1.58
20.21728204119399	1.58
8.35229682429278	1.58
56.076968799523016	1.58
34.46592533659258	1.58
20.21728204119399	1.58
8.35229682429278	1.58
56.076968799523016	1.58
34.46592533659258	1.58
19.63290288052759	1.58
17.489753334197115	1.58
56.076968799523016	1.58
26.10109171693285	1.58
13.298258951190299	1.58
15.616790705019163	1.58
47.88616743783605	1.58
29.811073161794514	1.58
1.5199446629272444	1.58
15.616790705019163	1.58
33.30854693601653	1.58
29.811073161794514	1.58
1.5199446629272444	1.58
13.266027249198007	1.58
33.30854693601653	1.58
32.29112974799351	1.58
13.507517737923465	1.58
7.076071448129159	1.58
33.30854693601653	1.58
32.29112974799351	1.58
10.330263072387872	1.58
7.076071448129159	1.58
30.410186332552353	1.58
34.55964880524685	1.58
10.349924546650943	1.58
7.076071448129159	1.58
20.768130437959236	1.58
34.55964880524685	1.58
14.855218554383761	1.58
7.076071448129159	1.58
22.78843966886525	1.58
27.68739121222402	1.58
14.02022013928613	1.58
11.97943264473959	1.58
26.316428784838724	1.58
34.78062459145769	1.58
18.589797589659	1.58
13.217438760498293	1.58
31.741480137724793	1.58
32.569153304708195	1.58
8.16270160114884	1.58
13.217438760498293	1.58
37.89500155431673	1.58
32.569153304708195	1.58
20.062199928543237	1.58
5.666190863569419	1.58
32.96776400907627	1.58
35.89149275081863	1.58
12.273642307352958	1.58
5.666190863569419	1.58
32.96776400907627	1.58
29.918374105025627	1.58
12.273642307352958	1.58
1.8247747106538128	1.58
33.60926066781485	1.58
31.532622843279167	1.58
10.769174443806168	1.58
1.8247747106538128	1.58
33.60926066781485	1.58
31.532622843279167	1.58
15.548455843144502	1.58
1.8247747106538128	1.58
36.94611654101692	1.58
27.116789776138123	1.58
9.591687718387785	1.58
1.8247747106538128	1.58
36.94611654101692	1.58
19.60635426580872	1.58
6.8689879661917175	1.58
1.8247747106538128	1.58
33.08051032816434	1.58
17.13052191294522	1.58
8.706558596023061	1.58
1.8247747106538128	1.58
24.39913559927678	1.58
10.993045629308806	1.58
7.73762069665601	1.58
5.407955520262835	1.58
31.419059500727467	1.58
10.963458919911236	1.58
5.980239812822546	1.58
3.3172963560229487	1.58
18.294007842032233	1.58
13.498812454312802	1.58
9.568959852885936	1.58
1.5556987276569831	1.58
16.766939384959088	1.58
9.287936536650388	1.58
12.972077529332772	1.58
3.0798075363421322	1.58
24.54746253426096	1.58
8.719674817728695	1.58
17.803504297809624	1.58
5.5492716599521374	1.58
27.735884064689035	1.58
13.098955428848061	1.58
15.455217459576216	1.58
5.5492716599521374	1.58
33.631610329475976	1.58
18.452912807421118	1.58
12.74385595544624	1.58
5.9624444041248505	1.58
33.631610329475976	1.58
19.139013866191775	1.58
12.74385595544624	1.58
5.9624444041248505	1.58
23.407495782534493	1.58
22.063163818792184	1.58
2.6595776819410446	1.58
6.907794156536475	1.58
26.895133743558315	1.58
15.558585085150678	1.58
2.8349485607266836	1.58
14.613808356034841	1.58
31.484284315764274	1.58
21.09666555613195	1.58
9.077739123026905	1.58
10.3471020113885	1.58
40.114882145694864	1.58
29.39733372343841	1.58
12.3382810144345	1.58
25.102571121017508	1.58
53.23338909966489	1.58
27.619763437651287	1.58
12.3382810144345	1.58
18.95970039804144	1.58
38.57729900420006	1.58
34.93329564491005	1.58
8.01222239447376	1.58
18.95970039804144	1.58
38.57729900420006	1.58
34.93329564491005	1.58
11.38694189336114	1.58
16.67368549685389	1.58
31.251005096656073	1.58
34.93329564491005	1.58
11.38694189336114	1.58
19.744822913643258	1.58
32.6400068005769	1.58
31.460382973649466	1.58
11.38694189336114	1.58
14.03314477283428	1.58
35.03127649515842	1.58
44.32754710421964	1.58
7.54171462789531	1.58
14.03314477283428	1.58
35.03127649515842	1.58
31.038138158704744	1.58
18.02742746622608	1.58
10.196167479920238	1.58
40.153383115692975	1.58
30.834329197364003	1.58
18.02742746622608	1.58
12.719995378107999	1.58
40.153383115692975	1.58
38.071966433029715	1.58
18.02742746622608	1.58
12.719995378107999	1.58
36.045171162760354	1.58
38.071966433029715	1.58
11.674273215298111	1.58
15.982286956637196	1.58
36.045171162760354	1.58
43.05888862961196	1.58
21.34536409088405	1.58
13.047232035706237	1.58
39.22548449493378	1.58
35.93469992049234	1.58
21.34536409088405	1.58
8.467936055412853	1.58
36.798111603748886	1.58
33.700409045858294	1.58
21.34536409088405	1.58
20.841398710179515	1.58
30.720262287732805	1.58
39.7533541462589	1.58
22.176243759240656	1.58
19.721635165892234	1.58
35.29587640717673	1.58
34.9581776184486	1.58
16.993470656532153	1.58
19.721635165892234	1.58
27.79964549470902	1.58
34.9581776184486	1.58
18.44647734804788	1.58
19.9893422977518	1.58
37.14006491838336	1.58
34.9581776184486	1.58
10.74732700289604	1.58
19.9893422977518	1.58
37.83615643840342	1.58
56.76361944307949	1.58
10.74732700289604	1.58
19.9893422977518	1.58
31.829553815476014	1.58
36.19857375592143	1.58
10.74732700289604	1.58
18.253059647374705	1.58
29.359848123069455	1.58
27.647032811309455	1.58
10.74732700289604	1.58
19.073859528765503	1.58
26.765268418379247	1.58
35.588845506227415	1.58
10.74732700289604	1.58
9.677544566207473	1.58
35.7515123219804	1.58
29.865044081920992	1.58
10.74732700289604	1.58
9.677544566207473	1.58
43.42349889685554	1.58
21.68769088950815	1.58
7.45313015251832	1.58
9.207948359193212	1.58
26.953978972212987	1.58
19.710495282433726	1.58
7.45313015251832	1.58
12.30052523967856	1.58
22.3774060599591	1.58
20.361664976411898	1.58
7.45313015251832	1.58
13.007721651092748	1.58
30.659198519653824	1.58
20.698644340589876	1.58
7.45313015251832	1.58
11.64027694840204	1.58
30.659198519653824	1.58
20.698644340589876	1.58
11.619381940943484	1.58
8.66498117087233	1.58
38.426259287028174	1.58
24.402986293598374	1.58
12.850194837850303	1.58
9.747121202433929	1.58
38.426259287028174	1.58
24.402986293598374	1.58
8.888805231417901	1.58
9.747121202433929	1.58
38.426259287028174	1.58
24.69142486485449	1.58
8.888805231417901	1.58
9.747121202433929	1.58
39.291947345927	1.58
17.228231464140066	1.58
6.441089352882727	1.58
3.787045651018266	1.58
30.200515875898347	1.58
14.445741522580647	1.58
6.441089352882727	1.58
5.903554932136938	1.58
31.60375748752456	1.58
19.34832064959094	1.58
6.441089352882727	1.58
5.330119762358004	1.58
33.93821655254646	1.58
27.924004284187507	1.58
6.441089352882727	1.58
15.82350505500549	1.58
27.17406835589465	1.58
36.18213335241399	1.58
6.441089352882727	1.58
17.388213454583784	1.58
17.00321809521365	1.58
28.88666610381597	1.58
6.441089352882727	1.58
17.2385888782233	1.58
19.237072915956603	1.58
33.817992220994185	1.58
8.088270041198651	1.58
16.950031264179287	1.58
18.321065783577758	1.58
31.725389883567875	1.58
16.428567120697824	1.58
14.58027526236097	1.58
18.321065783577758	1.58
31.725389883567875	1.58
12.30105401775172	1.58
12.252217635927835	1.58
22.66554158470401	1.58
31.725389883567875	1.58
12.30105401775172	1.58
12.252217635927835	1.58
28.9954880797215	1.58
31.725389883567875	1.58
12.30105401775172	1.58
2.906499085870582	1.58
23.28092973486816	1.58
31.725389883567875	1.58
12.30105401775172	1.58
2.906499085870582	1.58
23.12239327848144	1.58
21.898797692047125	1.58
12.30105401775172	1.58
2.4396192054652417	1.58
30.024104252598327	1.58
21.898797692047125	1.58
6.610105652426764	1.58
2.4396192054652417	1.58
42.00462449901242	1.58
22.94946713386859	1.58
1.8884757801274397	1.58
19.396354664398537	1.58
42.00462449901242	1.58
14.04081514817467	1.58
1.1611524503623567	1.58
21.72336941364047	1.58
42.00462449901242	1.58
18.24547120337872	1.58
13.63834691042575	1.58
17.30255789366509	1.58
29.65330257729105	1.58
18.66606913772107	1.58
16.89532566779578	1.58
16.500183531087714	1.58
35.78806035925733	1.58
18.883668040131766	1.58
16.25021879728921	1.58
16.257858728711238	1.58
35.78806035925733	1.58
18.883668040131766	1.58
16.25021879728921	1.58
14.644142223665689	1.58
35.78806035925733	1.58
18.325091149450017	1.58
15.687603080400088	1.58
14.83186207822878	1.58
35.78806035925733	1.58
19.860122833056515	1.58
16.283777688379043	1.58
15.775281590093286	1.58
28.04015853669574	1.58
23.041853145087885	1.58
11.5877920724895	1.58
14.564048732887805	1.58
33.476343045858876	1.58
34.41262914302227	1.58
11.5877920724895	1.58
23.328846136545852	1.58
33.476343045858876	1.58
30.517073513016783	1.58
11.995766122724742	1.58
23.826560903624575	1.58
31.63724590305358	1.58
30.517073513016783	1.58
16.217852800816324	1.58
24.516789159467365	1.58
32.806466838020285	1.58
32.20590708444189	1.58
16.217852800816324	1.58
24.516789159467365	1.58
29.193616265192237	1.58
34.58519303435282	1.58
16.6893165013647	1.58
21.22979923025884	1.58
23.166804004432496	1.58
33.55169080575787	1.58
19.66904326372467	1.58
27.076182137729305	1.58
23.166804004432496	1.58
27.401169793799767	1.58
17.5543000776524	1.58
27.23562074380045	1.58
23.166804004432496	1.58
27.48337750086223	1.58
22.062069127578084	1.58
25.882466430669126	1.58
22.983920431084453	1.58
27.905319880115698	1.58
22.304136427360792	1.58
28.447825954955498	1.58
22.594916980735775	1.58
31.481777688757905	1.58
22.34438235929808	1.58
33.355295529671665	1.58
22.84028916872963	1.58
36.80269878570964	1.58
12.658220207406032	1.58
32.89926914038842	1.58
24.985047761383527	1.58
29.979582273256025	1.58
12.658220207406032	1.58
31.972924697304453	1.58
22.150204518904076	1.58
21.631858689538422	1.58
10.869294776613692	1.58
39.51675266978515	1.58
23.408313749100948	1.58
18.78614814197349	1.58
10.869294776613692	1.58
40.37563954309625	1.58
22.551862607457483	1.58
25.549956740471536	1.58
15.400562820320632	1.58
36.49274823709875	1.58
22.551862607457483	1.58
24.80583238413991	1.58
8.618679108844688	1.58
36.75797995753922	1.58
13.21792925186276	1.58
26.70891369706552	1.58
6.8208558323862185	1.58
32.44580042290996	1.58
0.7194263366884925	1.58
37.03372345285095	1.58
8.82300061288835	1.58
38.325729822745956	1.58
0.7194263366884925	1.58
37.03372345285095	1.58
15.173105713627283	1.58
21.46023910187179	1.58
0.13846083976085666	1.58
40.90950634071321	1.58
28.719495605596748	1.58
24.241644850215526	1.58
6.0792465204123864	1.58
36.08004330682895	1.58
37.70621904814352	1.58
18.60461936135628	1.58
0.6976574148693366	1.58
36.08004330682895	1.58
37.94724172489535	1.58
20.504222845023975	1.58
0.6976574148693366	1.58
29.5593500072004	1.58
37.94724172489535	1.58
19.94715335150309	1.58
0.6976574148693366	1.58
29.703927103378952	1.58
37.94724172489535	1.58
19.94715335150309	1.58
9.670030759024892	1.58
32.89495830238285	1.58
30.22776842037969	1.58
28.82806746262701	1.58
9.670030759024892	1.58
33.36203614165719	1.58
27.635980733452268	1.58
30.315721491517415	1.58
5.959659114399685	1.58
37.45374589105985	1.58
26.369034323209164	1.58
30.315721491517415	1.58
5.959659114399685	1.58
38.75911892553268	1.58
32.28268414542737	1.58
25.901957440567813	1.58
5.959659114399685	1.58
38.904819980645556	1.58
44.72608043607841	1.58
25.901957440567813	1.58
5.959659114399685	1.58
35.187273541220456	1.58
32.54345502241689	1.58
22.063655042019704	1.58
5.959659114399685	1.58
36.55609099495824	1.58
29.815612178015428	1.58
22.006031241609623	1.58
5.959659114399685	1.58
35.146040793088574	1.58
18.159295523217757	1.58
19.483232240279317	1.58
5.959659114399685	1.58
31.585356749947323	1.58
18.159295523217757	1.58
19.483232240279317	1.58
5.959659114399685	1.58
34.82770979447311	1.58
19.631972035951023	1.58
21.45174051867046	1.58
6.86393107891905	1.58
49.64716094846324	1.58
14.70529924496892	1.58
28.822638523979215	1.58
13.118689691447864	1.58
49.64716094846324	1.58
14.305718458745384	1.58
41.34048971109165	1.58
13.118689691447864	1.58
48.82858721707441	1.58
13.902785690867695	1.58
41.34048971109165	1.58
12.901601624719682	1.58
45.511522285395124	1.58
13.902785690867695	1.58
39.61984109720594	1.58
11.99151925858708	1.58
45.511522285395124	1.58
13.902785690867695	1.58
31.204755960540933	1.58
7.4699836196034575	1.58
45.511522285395124	1.58
12.864439717946944	1.58
27.67713145106857	1.58
7.4699836196034575	1.58
45.511522285395124	1.58
11.153156474254965	1.58
42.649660470224674	1.58
7.978349199759254	1.58
46.12517290863156	1.58
11.153156474254965	1.58
39.57245090117909	1.58
7.978349199759254	1.58
46.12517290863156	1.58
10.166374994366338	1.58
39.57245090117909	1.58
16.166379673230033	1.58
40.18093890675544	1.58
10.166374994366338	1.58
39.77753952831973	1.58
14.81777712861912	1.58
40.38780840089417	1.58
11.195762609935532	1.58
39.77753952831973	1.58
15.443422113868483	1.58
40.38780840089417	1.58
8.93211278874907	1.58
39.77753952831973	1.58
18.00469145734116	1.58
34.90844599231541	1.58
8.93211278874907	1.58
39.77753952831973	1.58
20.711600629586258	1.58
32.57040589190881	1.58
18.6890956084236	1.58
45.51784192276473	1.58
22.288095442561712	1.58
33.178835892726994	1.58
13.50400579147627	1.58
45.689820876364585	1.58
27.653308280076168	1.58
29.818845784141207	1.58
6.952029946215102	1.58
36.694944137501736	1.58
36.24606632952413	1.58
30.709986353405977	1.58
12.690838586767004	1.58
37.64092983230853	1.58
40.07931239305093	1.58
27.097204642248833	1.58
9.749219776838604	1.58
37.040308606715215	1.58
41.99389776329535	1.58
23.10007797469374	1.58
14.313985655180609	1.58
33.39446679800563	1.58
41.99389776329535	1.58
21.714275001410243	1.58
14.313985655180609	1.58
39.19214858047995	1.58
41.99389776329535	1.58
14.804325119455576	1.58
14.313985655180609	1.58
40.63703978020392	1.58
39.60879849376481	1.58
11.752663671733735	1.58
14.39715350331956	1.58
40.63703978020392	1.58
39.60879849376481	1.58
11.752663671733735	1.58
15.69406637657436	1.58
40.63703978020392	1.58
38.59261862158095	1.58
12.14222586192766	1.58
16.634833244709043	1.58
31.78721591347819	1.58
38.59261862158095	1.58
13.610162537663534	1.58
19.027857079746546	1.58
41.11257073872699	1.58
42.04673562394564	1.58
13.610162537663534	1.58
18.372091551144493	1.58
34.25252521471113	1.58
41.794000480572386	1.58
11.905771739861157	1.58
12.044726827134031	1.58
40.18173993160826	1.58
43.24962545437898	1.58
11.905771739861157	1.58
12.044726827134031	1.58
27.21171454357158	1.58
43.49575302590186	1.58
11.905771739861157	1.58
12.044726827134031	1.58
19.927474564631773	1.58
43.49575302590186	1.58
11.89721037794132	1.58
22.755941216100037	1.58
18.424469998643712	1.58
43.49575302590186	1.58
12.9345695274416	1.58
12.334615073808713	1.58
21.5621663408191	1.58
47.19289592972097	1.58
13.19999758851952	1.58
12.334615073808713	1.58
25.336329610577355	1.58
47.19289592972097	1.58
5.99966827678384	1.58
12.334615073808713	1.58
18.11096697331584	1.58
47.19289592972097	1.58
7.154664777838726	1.58
21.55159474376241	1.58
28.073496586625396	1.58
47.19289592972097	1.58
9.547664572119343	1.58
27.35811340482305	1.58
34.110667310802334	1.58
37.82738518818557	1.58
21.232973329673666	1.58
25.51206804781051	1.58
35.38454518116594	1.58
37.82738518818557	1.58
17.702303548393346	1.58
29.648833248536505	1.58
37.141982376960996	1.58
37.93271600882733	1.58
8.243867719065054	1.58
34.44912971615686	1.58
31.806072054755024	1.58
39.98836209108727	1.58
15.062277617182183	1.58
28.483720450763897	1.58
28.13624194602017	1.58
36.92424224058222	1.58
12.174427455622062	1.58
39.96776152223657	1.58
29.70404092622044	1.58
37.38340202611965	1.58
12.174427455622062	1.58
39.96776152223657	1.58
28.041330480264115	1.58
37.4219384531644	1.58
14.886924819351094	1.58
38.842258413117634	1.58
28.041330480264115	1.58
35.975146291190114	1.58
18.047108179840443	1.58
39.59503026721873	1.58
38.025504455178655	1.58
32.903341883356134	1.58
14.84107112103672	1.58
43.83588137193263	1.58
37.53112158496079	1.58
29.94037979492591	1.58
7.41584276092798	1.58
43.83588137193263	1.58
30.386376041333882	1.58
30.179324130752068	1.58
18.595165029009284	1.58
43.83588137193263	1.58
30.386376041333882	1.58
30.179324130752068	1.58
10.118682703480864	1.58
43.83588137193263	1.58
30.386376041333882	1.58
18.03185277723229	1.58
7.606482725745529	1.58
44.893423768735275	1.58
32.02127478249186	1.58
18.03185277723229	1.58
7.606482725745529	1.58
44.893423768735275	1.58
24.488764944078852	1.58
13.114754859284488	1.58
4.286229345316542	1.58
44.893423768735275	1.58
22.871231823827635	1.58
13.114754859284488	1.58
9.256068205191891	1.58
30.813462165946863	1.58
25.49987539308723	1.58
15.030994687355482	1.58
9.256068205191891	1.58
32.503231487464056	1.58
27.258598941611616	1.58
15.030994687355482	1.58
9.256068205191891	1.58
34.3120480214623	1.58
29.92185703978125	1.58
10.732145627895466	1.58
7.315365704382376	1.58
28.733310098858624	1.58
38.99425603466868	1.58
20.244793306460025	1.58
17.87917362337812	1.58
38.664372768344236	1.58
38.99425603466868	1.58
20.321757821555043	1.58
11.9911477683779	1.58
27.552548161180255	1.58
38.29885349603973	1.58
4.678999343451174	1.58
11.9911477683779	1.58
31.26861913192573	1.58
37.42368089276912	1.58
4.678999343451174	1.58
11.9911477683779	1.58
31.26861913192573	1.58
37.42368089276912	1.58
4.678999343451174	1.58
11.9911477683779	1.58
27.359649999211953	1.58
22.629941624087415	1.58
12.84191815373031	1.58
11.9911477683779	1.58
32.67302092093164	1.58
26.156987321590066	1.58
12.84191815373031	1.58
9.356204727101577	1.58
30.969570127887696	1.58
37.33694648224886	1.58
15.80946270706667	1.58
9.356204727101577	1.58
33.553144639855624	1.58
28.3339977037384	1.58
15.80946270706667	1.58
9.356204727101577	1.58
45.65426664675612	1.58
42.960127657319276	1.58
13.836887473504817	1.58
9.356204727101577	1.58
45.65426664675612	1.58
42.960127657319276	1.58
13.836887473504817	1.58
12.869840712675554	1.58
30.855847851000107	1.58
42.960127657319276	1.58
16.381553110331566	1.58
12.869840712675554	1.58
27.85389059098688	1.58
37.23235748909457	1.58
15.310828229681874	1.58
12.869840712675554	1.58
27.08447738766921	1.58
37.23235748909457	1.58
12.328310832125208	1.58
12.869840712675554	1.58
27.438350639009315	1.58
37.23235748909457	1.58
12.328310832125208	1.58
11.943755547924415	1.58
38.13346311378147	1.58
37.23235748909457	1.58
12.328310832125208	1.58
11.943755547924415	1.58
38.13346311378147	1.58
29.76604126338986	1.58
20.70853415238725	1.58
8.862287144242138	1.58
38.13346311378147	1.58
32.79654288013995	1.58
25.64873526109012	1.58
8.862287144242138	1.58
28.72746002426914	1.58
36.75976805585604	1.58
30.149047119088348	1.58
8.862287144242138	1.58
33.82042528225338	1.58
34.553881918315184	1.58
25.893601849891567	1.58
8.862287144242138	1.58
38.56323553092335	1.58
27.63093370524083	1.58
25.718922455395827	1.58
21.95008350718088	1.58
35.59588266862578	1.58
28.385743022768974	1.58
26.84319974879224	1.58
20.937118912665742	1.58
32.34818632865679	1.58
28.385743022768974	1.58
25.466173535236006	1.58
15.499307397715151	1.58
42.888414688363774	1.58
26.08615895984736	1.58
24.929171967082752	1.58
28.04567003353887	1.58
42.888414688363774	1.58
26.45213519517389	1.58
23.95775329241787	1.58
14.313226618423059	1.58
42.888414688363774	1.58
26.790802416459496	1.58
12.61642032025615	1.58
14.313226618423059	1.58
42.888414688363774	1.58
26.790802416459496	1.58
6.454905132286822	1.58
19.076634833947324	1.58
42.888414688363774	1.58
27.443487377425825	1.58
5.582485049573911	1.58
22.75981765854201	1.58
42.888414688363774	1.58
27.443487377425825	1.58
5.582485049573911	1.58
19.64510785139694	1.58
40.57751365674875	1.58
25.370018979262017	1.58
5.582485049573911	1.58
19.506496657568444	1.58
35.24593797315305	1.58
22.462393293999273	1.58
5.582485049573911	1.58
19.506496657568444	1.58
35.24593797315305	1.58
36.83308306203417	1.58
11.074282861497583	1.58
20.81052275118375	1.58
28.290415420493474	1.58
36.83308306203417	1.58
11.074282861497583	1.58
12.941685473493386	1.58
37.4358597991994	1.58
36.83308306203417	1.58
8.541205949107486	1.58
12.941685473493386	1.58
39.79644256406904	1.58
37.17027798365494	1.58
13.762377448064957	1.58
21.092957139251393	1.58
39.078777481898186	1.58
37.17027798365494	1.58
6.219196361519902	1.58
21.092957139251393	1.58
39.078777481898186	1.58
29.899328681698925	1.58
20.779569989418622	1.58
9.449411878099774	1.58
39.078777481898186	1.58
23.92500624636775	1.58
19.110039057572074	1.58
5.01120125430867	1.58
29.61636094352535	1.58
24.248666128436337	1.58
23.713842949682327	1.58
5.01120125430867	1.58
26.734847597685416	1.58
27.357584555479757	1.58
25.14029058215796	1.58
5.01120125430867	1.58
16.978753006899463	1.58
28.697533289455126	1.58
24.575697343505787	1.58
5.01120125430867	1.58
14.232670843493095	1.58
27.44068454506892	1.58
31.440987332363022	1.58
0.794259481764545	1.58
13.440253594585958	1.58
27.44068454506892	1.58
37.97222828731574	1.58
0.794259481764545	1.58
11.802643722747943	1.58
19.589229329602556	1.58
37.97222828731574	1.58
0.794259481764545	1.58
11.802643722747943	1.58
4.385331106821695	1.58
37.97222828731574	1.58
0.794259481764545	1.58
15.151841994571845	1.58
5.849310539485139	1.58
37.97222828731574	1.58
0.794259481764545	1.58
22.19906341550667	1.58
9.544766586797817	1.58
45.84258606270157	1.58
2.975556990172585	1.58
22.19906341550667	1.58
11.393158236762448	1.58
29.28880769983899	1.58
10.017457699926208	1.58
22.19906341550667	1.58
11.393158236762448	1.58
29.28880769983899	1.58
10.017457699926208	1.58
19.685822031799823	1.58
11.03039916503648	1.58
20.249435507785194	1.58
9.38568157190933	1.58
24.292754566904165	1.58
10.96902830021598	1.58
18.17484749132353	1.58
8.738915690535077	1.58
26.54049588848435	1.58
11.771829150201302	1.58
17.47978214216306	1.58
6.468562794550286	1.58
26.294583601650437	1.58
12.801265903496873	1.58
21.981910999840345	1.58
4.35765431320792	1.58
24.21464786041311	1.58
15.692449710527212	1.58
22.3457947151267	1.58
4.256206583253338	1.58
28.131541610543298	1.58
18.180455906297155	1.58
21.76601616275043	1.58
4.256206583253338	1.58
24.3110212580399	1.58
14.929147842404367	1.58
22.18462982386925	1.58
8.048594802388575	1.58
24.82589154976683	1.58
13.447050688610476	1.58
27.076376716391756	1.58
8.048594802388575	1.58
25.559604090595986	1.58
15.661152171073129	1.58
26.658358468244128	1.58
5.901091571396265	1.58
37.63736780503933	1.58
13.111352045643605	1.58
18.17182838524	1.58
5.901091571396265	1.58
37.63736780503933	1.58
15.245523846963696	1.58
18.17182838524	1.58
5.901091571396265	1.58
29.96241629227577	1.58
15.245523846963696	1.58
19.031346387154805	1.58
6.371619485033568	1.58
30.500103235440466	1.58
20.16672941847272	1.58
18.7111634515519	1.58
6.886013164946625	1.58
37.49839722531284	1.58
30.742369179511016	1.58
18.7111634515519	1.58
11.43802314281169	1.58
37.49839722531284	1.58
30.742369179511016	1.58
12.82777787344195	1.58
11.43802314281169	1.58
27.852550330657376	1.58
44.708327085002274	1.58
12.82777787344195	1.58
7.008679670800049	1.58
31.815727086169062	1.58
44.708327085002274	1.58
12.82777787344195	1.58
7.008679670800049	1.58
31.815727086169062	1.58
31.379245015122866	1.58
16.495919658871326	1.58
8.34478716282176	1.58
29.59117487794491	1.58
21.177681083969986	1.58
13.463173233420278	1.58
16.23377342747458	1.58
26.330210916916197	1.58
23.951142212571995	1.58
13.614498228554128	1.58
8.760402191518558	1.58
23.30256792482681	1.58
23.62914608024868	1.58
9.675361297480531	1.58
8.760402191518558	1.58
36.676044009384576	1.58
35.73396861800943	1.58
9.675361297480531	1.58
8.760402191518558	1.58
26.68477779328764	1.58
24.900769178153645	1.58
7.9064718554176565	1.58
15.203097026863615	1.58
30.887168614192113	1.58
28.496741890597086	1.58
12.578443376481527	1.58
15.203097026863615	1.58
30.887168614192113	1.58
28.496741890597086	1.58
12.578443376481527	1.58
11.44625047006803	1.58
39.85460996876253	1.58
40.67378385375426	1.58
21.992728539632765	1.58
11.44625047006803	1.58
40.07500780772307	1.58
44.708860215420216	1.58
31.066221826949448	1.58
11.44625047006803	1.58
40.07500780772307	1.58
41.979141545452876	1.58
29.323014275342082	1.58
20.929025905472063	1.58
40.07500780772307	1.58
41.979141545452876	1.58
29.104055870320266	1.58
15.841876973489278	1.58
40.07500780772307	1.58
46.097045489246256	1.58
27.41228365418067	1.58
15.841876973489278	1.58
36.49779747209628	1.58
32.12900266319445	1.58
27.769744771608586	1.58
15.841876973489278	1.58
39.96791926421587	1.58
39.78083318198436	1.58
21.78602757687953	1.58
15.841876973489278	1.58
39.96791926421587	1.58
39.78083318198436	1.58
21.78602757687953	1.58
16.81121161654547	1.58
38.502051798197215	1.58
47.86166098057271	1.58
24.675081231339547	1.58
23.708602342652668	1.58
38.502051798197215	1.58
60.75360440717176	1.58
24.675081231339547	1.58
15.26784411170194	1.58
37.86706249140394	1.58
60.75360440717176	1.58
24.675081231339547	1.58
17.9426208223609	1.58
35.244869890518515	1.58
64.93825083126967	1.58
23.07339111128805	1.58
15.3040833966927	1.58
36.05600257846211	1.58
64.93825083126967	1.58
23.07339111128805	1.58
15.3040833966927	1.58
26.690262791529804	1.58
43.58096307140584	1.58
14.54623572781627	1.58
4.844394084348124	1.58
29.47215267453045	1.58
43.58096307140584	1.58
19.815027112495084	1.58
18.144215128237885	1.58
31.604934354883362	1.58
43.58096307140584	1.58
19.815027112495084	1.58
18.144215128237885	1.58
29.46436469551483	1.58
43.58096307140584	1.58
19.815027112495084	1.58
7.507836166484196	1.58
37.24255426269508	1.58
35.18299317459586	1.58
19.815027112495084	1.58
8.887762253452607	1.58
36.00974663845691	1.58
25.120780371436158	1.58
18.36127097220348	1.58
8.887762253452607	1.58
36.00974663845691	1.58
28.251048319885765	1.58
13.900191198063762	1.58
8.887762253452607	1.58
36.00974663845691	1.58
30.418823096737537	1.58
8.157746511859681	1.58
8.887762253452607	1.58
36.00974663845691	1.58
21.24421842905879	1.58
8.157746511859681	1.58
8.887762253452607	1.58
36.00974663845691	1.58
22.873390851848505	1.58
7.538554211416619	1.58
8.887762253452607	1.58
36.00974663845691	1.58
17.990908651367498	1.58
7.538554211416619	1.58
12.903143141948231	1.58
36.00974663845691	1.58
22.093240612858345	1.58
13.77281637634885	1.58
23.281420085350458	1.58
36.00974663845691	1.58
22.143556145213584	1.58
11.109678613576623	1.58
23.281420085350458	1.58
43.144923400425604	1.58
21.784344285791168	1.58
11.109678613576623	1.58
23.281420085350458	1.58
37.859705546885934	1.58
21.784344285791168	1.58
11.109678613576623	1.58
26.1260666038501	1.58
37.859705546885934	1.58
21.784344285791168	1.58
1.3085196106321924	1.58
23.71753845764494	1.58
37.859705546885934	1.58
21.236142990443376	1.58
1.3085196106321924	1.58
24.732019502963034	1.58
38.233011182867884	1.58
17.112791516035188	1.58
1.3085196106321924	1.58
19.015358865633544	1.58
36.446207567536874	1.58
17.112791516035188	1.58
8.289548583014287	1.58
18.71499831499487	1.58
35.39818007454582	1.58
17.112791516035188	1.58
8.289548583014287	1.58
18.614803934902657	1.58
27.26271884834613	1.58
17.112791516035188	1.58
12.079645589848823	1.58
19.570997988502754	1.58
31.027153620394014	1.58
17.112791516035188	1.58
12.079645589848823	1.58
21.87744433892596	1.58
24.743137891612257	1.58
14.708067584467312	1.58
5.856563346701321	1.58
27.064057474898284	1.58
23.29968770752689	1.58
14.708067584467312	1.58
5.1795517517325145	1.58
29.427511284529555	1.58
21.670795897188306	1.58
17.955075233026285	1.58
13.064383922354542	1.58
32.8281451853341	1.58
18.155169038737988	1.58
22.476885696662904	1.58
13.064383922354542	1.58
32.8281451853341	1.58
21.138885852495587	1.58
22.086242017143064	1.58
6.38634106334181	1.58
42.53355636469402	1.58
35.58218754597739	1.58
22.804925088236686	1.58
6.38634106334181	1.58
39.60544834284563	1.58
35.58218754597739	1.58
22.804925088236686	1.58
5.151486550448663	1.58
38.98545882777235	1.58
34.77998943286878	1.58
12.74655197875651	1.58
15.571952093425459	1.58
38.98545882777235	1.58
42.307259916861696	1.58
12.132324388840079	1.58
15.204908569469183	1.58
38.98545882777235	1.58
42.20111127356797	1.58
12.595016218463734	1.58
16.057410968468883	1.58
36.44237943902472	1.58
42.20111127356797	1.58
9.586905897254795	1.58
16.057410968468883	1.58
32.18197850854948	1.58
38.91833671850823	1.58
9.164917329056905	1.58
16.00333067939311	1.58
32.18197850854948	1.58
39.65477438400748	1.58
2.6327803007532644	1.58
10.886110158987288	1.58
25.87316967406744	1.58
39.65477438400748	1.58
2.6327803007532644	1.58
10.886110158987288	1.58
26.84449602376891	1.58
38.22815714434286	1.58
2.6327803007532644	1.58
14.359680631749768	1.58
34.45127038232293	1.58
28.181890761859094	1.58
2.6327803007532644	1.58
14.359680631749768	1.58
43.92492418866878	1.58
20.258162448974815	1.58
2.6327803007532644	1.58
20.401626481176635	1.58
43.92492418866878	1.58
20.273832375677266	1.58
2.6327803007532644	1.58
20.50888009951226	1.58
43.92492418866878	1.58
27.454762249204173	1.58
2.6327803007532644	1.58
20.50888009951226	1.58
25.391320722775806	1.58
26.951785696474495	1.58
2.6327803007532644	1.58
20.50888009951226	1.58
25.391320722775806	1.58
28.94001472824342	1.58
2.294249654599657	1.58
13.657619660059048	1.58
25.391320722775806	1.58
29.78654695123315	1.58
3.0945427309725844	1.58
12.566778489452295	1.58
23.629426546528734	1.58
34.12077636071952	1.58
3.8689325595212196	1.58
16.366493571446497	1.58
28.408444802759583	1.58
33.01070180953636	1.58
3.8689325595212196	1.58
16.366493571446497	1.58
24.502823626103357	1.58
32.565279255949804	1.58
11.501273876040038	1.58
20.22491075588259	1.58
21.927089644003942	1.58
39.79593172935495	1.58
13.612329456057086	1.58
23.562536981622223	1.58
27.64772996947069	1.58
36.68590278712585	1.58
12.596691094183342	1.58
18.09280872792486	1.58
19.85157544360392	1.58
36.68590278712585	1.58
12.230166928109085	1.58
18.09280872792486	1.58
23.475557119704277	1.58
38.81178428813432	1.58
10.879293606519749	1.58
22.01734604994494	1.58
16.80840794629291	1.58
30.3609864544159	1.58
11.450376834517286	1.58
22.01734604994494	1.58
9.097588544878384	1.58
30.3609864544159	1.58
11.469793836959411	1.58
22.01734604994494	1.58
9.097588544878384	1.58
33.986019254202034	1.58
8.125823131622225	1.58
22.953219750903585	1.58
9.209812115077337	1.58
42.23287148519849	1.58
8.09589218057392	1.58
22.953219750903585	1.58
9.245894881601194	1.58
42.23287148519849	1.58
8.515036387781095	1.58
22.953219750903585	1.58
9.607125834880524	1.58
29.08226745273967	1.58
8.153932254022703	1.58
24.651655012069597	1.58
17.574047907153975	1.58
36.773317950651865	1.58
8.153932254022703	1.58
29.302017456478875	1.58
5.051687313396155	1.58
35.65922990584029	1.58
9.530263990763503	1.58
29.302017456478875	1.58
4.956903507221831	1.58
37.9046786188146	1.58
10.872375477637728	1.58
29.23594347302392	1.58
5.0153047309962195	1.58
41.77719064893877	1.58
9.505187089910667	1.58
22.641430832891825	1.58
5.0153047309962195	1.58
24.687644361011767	1.58
9.622941326048377	1.58
22.377120911831565	1.58
5.0153047309962195	1.58
25.969212593211637	1.58
10.924382314951918	1.58
23.392889468826482	1.58
7.7412139091417345	1.58
17.834514270701106	1.58
15.172030519953603	1.58
22.990372761658264	1.58
4.376584623149313	1.58
18.35364447069165	1.58
14.490519993066926	1.58
22.990372761658264	1.58
9.073527471506083	1.58
19.39274520234387	1.58
15.422264833099902	1.58
26.153768344707903	1.58
9.073527471506083	1.58
20.07091893438509	1.58
17.071780243594176	1.58
28.04653529881353	1.58
2.080451874072093	1.58
23.475866528676534	1.58
28.138662858117694	1.58
31.224531112933796	1.58
6.9947203719571185	1.58
20.94169025750515	1.58
37.81488412154381	1.58
26.311872186690472	1.58
6.9947203719571185	1.58
14.924513092955214	1.58
37.81488412154381	1.58
33.97743550645876	1.58
4.379429598724148	1.58
13.507554549784642	1.58
30.475095253240006	1.58
26.822024685691822	1.58
11.364419878601336	1.58
13.507554549784642	1.58
33.99338434888064	1.58
29.734611069430102	1.58
11.364419878601336	1.58
13.507554549784642	1.58
32.93596240810591	1.58
27.601690224821724	1.58
12.408738725283984	1.58
14.42333514214723	1.58
36.104653473924536	1.58
24.972813644685807	1.58
5.376509856726688	1.58
14.42333514214723	1.58
36.104653473924536	1.58
24.972813644685807	1.58
2.53126257964645	1.58
15.930418946156179	1.58
36.104653473924536	1.58
33.14852418952084	1.58
7.0853808720336815	1.58
23.488105492601544	1.58
36.104653473924536	1.58
34.002320507149996	1.58
20.19373032269256	1.58
14.396756412641672	1.58
37.36213922789117	1.58
33.227758637825666	1.58
21.61641302080419	1.58
14.396756412641672	1.58
40.87730107444773	1.58
24.79697778877102	1.58
22.606799821212572	1.58
9.40157879980658	1.58
34.34244598190455	1.58
23.06533954553364	1.58
22.606799821212572	1.58
9.40157879980658	1.58
29.22556028231185	1.58
16.4918704526007	1.58
21.250602895714408	1.58
10.1051035084531	1.58
38.60454708848822	1.58
18.538824368074582	1.58
19.80384398598345	1.58
14.306806296205224	1.58
30.59503067120505	1.58
18.226670991893172	1.58
19.80384398598345	1.58
14.32941855834002	1.58
30.59503067120505	1.58
19.940587337739316	1.58
24.24219227283139	1.58
14.32941855834002	1.58
32.3833607063066	1.58
19.940587337739316	1.58
30.792942962431567	1.58
7.344493284597867	1.58
26.93923354402647	1.58
19.940587337739316	1.58
39.38417223943923	1.58
16.64864053766599	1.58
15.726417843043937	1.58
19.745655000840035	1.58
41.92936770725565	1.58
17.20799775377772	1.58
15.809264438053042	1.58
18.641385992559297	1.58
48.71089269730219	1.58
9.300421748633333	1.58
21.226196448232542	1.58
18.66994999151531	1.58
48.71089269730219	1.58
8.455022489756928	1.58
21.468778712775524	1.58
27.146235464728957	1.58
48.71089269730219	1.58
8.455022489756928	1.58
21.468778712775524	1.58
32.80612401019788	1.58
29.258846281225303	1.58
12.839408465628985	1.58
22.63324943083126	1.58
39.67829041985516	1.58
32.056874057971335	1.58
15.986899007837565	1.58
5.8838473878490305	1.58
34.23243165210155	1.58
32.056874057971335	1.58
9.996079983510349	1.58
5.8838473878490305	1.58
29.3111271029392	1.58
21.961131646219776	1.58
0.6676930002798791	1.58
8.016682826695714	1.58
21.527914784226724	1.58
15.9186642570645	1.58
0.6676930002798791	1.58
8.016682826695714	1.58
22.002931835466022	1.58
15.9186642570645	1.58
0.7009450055296806	1.58
11.238752613724888	1.58
35.724932117594335	1.58
15.737106797044683	1.58
0.7009450055296806	1.58
14.067455499099328	1.58
35.724932117594335	1.58
15.737106797044683	1.58
0.7009450055296806	1.58
13.235882547063245	1.58
33.277945188814144	1.58
15.737106797044683	1.58
8.67356487557755	1.58
11.536145780287713	1.58
33.277945188814144	1.58
15.737106797044683	1.58
8.67356487557755	1.58
11.536145780287713	1.58
33.277945188814144	1.58
17.417382057745385	1.58
8.67356487557755	1.58
6.174581237894154	1.58
33.277945188814144	1.58
15.091471692073478	1.58
8.67356487557755	1.58
9.150642991537032	1.58
23.377758948043613	1.58
20.460423561235018	1.58
8.67356487557755	1.58
10.833982429637215	1.58
17.17575208981445	1.58
18.876823441558532	1.58
6.020658745750435	1.58
7.843632383299372	1.58
18.507498493876234	1.58
23.283709462567128	1.58
9.116474991528245	1.58
7.843632383299372	1.58
19.817679407653447	1.58
19.66691649684921	1.58
5.118530699370879	1.58
7.843632383299372	1.58
31.19431345533495	1.58
30.307387408426084	1.58
5.118530699370879	1.58
9.940123326445264	1.58
29.156822186884174	1.58
36.85461838899562	1.58
5.118530699370879	1.58
9.940123326445264	1.58
22.232193206310615	1.58
36.85461838899562	1.58
5.118530699370879	1.58
9.940123326445264	1.58
22.232193206310615	1.58
36.85461838899562	1.58
12.355031574872763	1.58
12.667771513484789	1.58
19.03385224819275	1.58
36.85461838899562	1.58
12.396273276430293	1.58
13.7403127262424	1.58
21.954212422831084	1.58
36.85461838899562	1.58
12.396273276430293	1.58
13.641230915258024	1.58
22.11199148314651	1.58
25.56079177447358	1.58
17.971750278282098	1.58
8.342009237709469	1.58
24.83524423942679	1.58
31.94693274219557	1.58
12.07572297561974	1.58
12.241133820435724	1.58
20.274214723052125	1.58
31.94693274219557	1.58
14.387858048273262	1.58
19.753408234741173	1.58
20.293152437102105	1.58
31.18880307756819	1.58
14.387858048273262	1.58
19.645062709911528	1.58
20.293152437102105	1.58
40.658124752474784	1.58
12.660475156956327	1.58
19.645062709911528	1.58
18.13373426253727	1.58
37.24672086905518	1.58
12.115139554542942	1.58
20.10886238055212	1.58
20.290814480256913	1.58
44.36381328662941	1.58
12.115139554542942	1.58
29.21689950704112	1.58
18.475658607859867	1.58
42.87101532249673	1.58
12.115139554542942	1.58
25.122833255673434	1.58
24.824648539465233	1.58
43.77597991309632	1.58
7.265819644412524	1.58
25.328816773816975	1.58
24.984346577679446	1.58
43.77597991309632	1.58
13.264768569322621	1.58
25.328816773816975	1.58
24.942541723346636	1.58
44.28669593951676	1.58
11.552376142174502	1.58
31.589022707344895	1.58
18.945789281194536	1.58
44.28669593951676	1.58
11.552376142174502	1.58
31.589022707344895	1.58
22.463898436626643	1.58
44.28669593951676	1.58
21.171847799148843	1.58
23.57728051711936	1.58
22.736625971826136	1.58
44.28669593951676	1.58
21.66718987315378	1.58
24.350383695242204	1.58
22.736625971826136	1.58
44.28669593951676	1.58
21.118636099659206	1.58
16.584139973979436	1.58
23.591017737566744	1.58
44.28669593951676	1.58
21.116734017388076	1.58
15.871563108014005	1.58
23.32505245948743	1.58
41.365259502041475	1.58
21.116734017388076	1.58
17.232605940398255	1.58
23.92399254671795	1.58
41.365259502041475	1.58
20.954557919702324	1.58
28.948809359190022	1.58
23.712586729039955	1.58
44.28631562748044	1.58
28.138117347548523	1.58
28.980849626347272	1.58
23.712586729039955	1.58
43.10443276130376	1.58
28.473806678507827	1.58
17.221939942828907	1.58
26.80410645614869	1.58
46.46932631240145	1.58
10.502658898909381	1.58
18.120646953944455	1.58
36.82473633648729	1.58
35.14893792869431	1.58
13.526452435920959	1.58
18.120646953944455	1.58
36.82473633648729	1.58
35.14893792869431	1.58
15.457697669667308	1.58
9.178743782749478	1.58
33.90777616454454	1.58
32.03826953088918	1.58
18.015373967970085	1.58
8.699467607606028	1.58
26.701178991543088	1.58
40.68193507133436	1.58
18.015373967970085	1.58
8.699467607606028	1.58
27.732051745249237	1.58
40.68193507133436	1.58
18.015373967970085	1.58
8.699467607606028	1.58
33.059345843630766	1.58
40.68193507133436	1.58
15.903058631761592	1.58
8.699467607606028	1.58
24.458990217179263	1.58
35.554022167378776	1.58
16.749070954727557	1.58
7.687569679947899	1.58
26.59450220622078	1.58
30.05206057157433	1.58
16.28753688532599	1.58
14.839660931548288	1.58
29.175390568190146	1.58
24.96602245693861	1.58
11.416065918397152	1.58
17.851827848785383	1.58
24.257564075193663	1.58
26.800624645431256	1.58
9.465268262669053	1.58
12.477990256551521	1.58
30.75634485494245	1.58
35.991990660238244	1.58
9.465268262669053	1.58
12.477990256551521	1.58
24.381211509516092	1.58
26.56959275616024	1.58
10.292506427572299	1.58
2.028527269122769	1.58
15.5550895068074	1.58
35.48943829676416	1.58
10.638083248157901	1.58
2.028527269122769	1.58
25.00276963438143	1.58
30.45146712640373	1.58
10.638083248157901	1.58
5.687796853910058	1.58
21.969400738580966	1.58
35.61043524306692	1.58
16.505447580340032	1.58
5.687796853910058	1.58
20.580187560463273	1.58
43.987135776031785	1.58
16.369247950443988	1.58
5.687796853910058	1.58
19.97164643653347	1.58
33.25336741676921	1.58
14.055319136447402	1.58
11.10367254797081	1.58
27.234543764590388	1.58
29.19667532030776	1.58
12.197956852866232	1.58
11.10367254797081	1.58
19.267528173202678	1.58
26.00887824282198	1.58
12.197956852866232	1.58
11.10367254797081	1.58
18.7102308815713	1.58
21.98744348066458	1.58
12.197956852866232	1.58
6.701658444073573	1.58
24.59055281249448	1.58
20.800125754871644	1.58
1.6478937242464866	1.58
8.805599120700068	1.58
35.16119435567796	1.58
31.84258683248302	1.58
1.6478937242464866	1.58
8.805599120700068	1.58
24.906790900280043	1.58
42.45201583131248	1.58
19.43406584678457	1.58
8.805599120700068	1.58
27.182841793370127	1.58
58.07605773690564	1.58
19.38924621721077	1.58
8.805599120700068	1.58
27.182841793370127	1.58
40.828602675698406	1.58
19.38924621721077	1.58
8.805599120700068	1.58
25.15702204348295	1.58
33.81535105077186	1.58
11.420366200719211	1.58
8.805599120700068	1.58
29.928899511283348	1.58
27.815408119688833	1.58
16.634078729103102	1.58
9.458652957285913	1.58
29.928899511283348	1.58
27.54735036600489	1.58
20.470227786573233	1.58
16.10022641829992	1.58
36.39453756828495	1.58
26.558116517119068	1.58
22.03660096756795	1.58
16.10022641829992	1.58
36.39453756828495	1.58
26.558116517119068	1.58
20.872333506009277	1.58
12.78907039608768	1.58
38.30813002053334	1.58
25.466664914797466	1.58
22.791974280295904	1.58
4.414672851001935	1.58
38.9764868158738	1.58
25.648400965582994	1.58
22.58159113282356	1.58
4.414672851001935	1.58
44.97207424932374	1.58
41.40614147730818	1.58
10.011165836863146	1.58
4.414672851001935	1.58
32.49403507723902	1.58
27.574278624647775	1.58
10.011165836863146	1.58
4.414672851001935	1.58
29.37733614326855	1.58
31.588502918012118	1.58
10.011165836863146	1.58
15.184052874811382	1.58
35.56853181507187	1.58
22.215249875550327	1.58
10.011165836863146	1.58
13.052497972737312	1.58
35.56853181507187	1.58
17.268238707077572	1.58
11.452272030798708	1.58
14.089020001388143	1.58
27.168324652391604	1.58
18.960842800184157	1.58
11.452272030798708	1.58
16.112031961289073	1.58
27.173057380355452	1.58
18.960842800184157	1.58
16.64314659255605	1.58
13.360214504895144	1.58
33.02497649085004	1.58
19.938994223253278	1.58
15.751479282614689	1.58
14.29371394690859	1.58
35.87298646036087	1.58
20.79087294841879	1.58
15.852233102254875	1.58
8.51696723123932	1.58
23.81145254022995	1.58
21.71753361522168	1.58
12.116878708548727	1.58
14.902450047697327	1.58
27.031324368137692	1.58
26.686185031604918	1.58
12.116878708548727	1.58
18.032672385259282	1.58
27.031324368137692	1.58
32.517149413281174	1.58
12.116878708548727	1.58
19.11157861131157	1.58
41.62310842460736	1.58
23.41375715196446	1.58
19.033256261835632	1.58
13.366627692805853	1.58
41.62310842460736	1.58
26.45339081622513	1.58
19.033256261835632	1.58
18.956565583150294	1.58
41.62310842460736	1.58
28.80879045321339	1.58
19.033256261835632	1.58
17.319460759907912	1.58
32.33098866762726	1.58
38.15474133791285	1.58
19.136593015044827	1.58
11.726849709688398	1.58
25.832999583016488	1.58
38.15474133791285	1.58
19.136593015044827	1.58
1.8273828351082102	1.58
24.112710153314925	1.58
38.15474133791285	1.58
20.592154604548202	1.58
1.8273828351082102	1.58
24.112710153314925	1.58
38.15474133791285	1.58
18.94104601896585	1.58
1.7332617647075494	1.58
21.66526193383265	1.58
39.18883864902715	1.58
19.549132241234496	1.58
6.619576978116086	1.58
35.31642342569546	1.58
36.661528889547064	1.58
19.549132241234496	1.58
6.619576978116086	1.58
44.395178905207075	1.58
39.78267588065014	1.58
8.285713565036339	1.58
6.286990759574472	1.58
40.26577003897958	1.58
39.78267588065014	1.58
8.285713565036339	1.58
6.286990759574472	1.58
32.178981018646525	1.58
28.749347649260613	1.58
8.285713565036339	1.58
6.719798378600313	1.58
32.91970337804578	1.58
28.749347649260613	1.58
12.487092155407062	1.58
17.991314945627096	1.58
29.68535169470229	1.58
29.729872980218293	1.58
8.969407935490679	1.58
23.070498244393068	1.58
32.98123388396975	1.58
32.231632020093926	1.58
5.634474231207946	1.58
23.070498244393068	1.58
31.35787429285784	1.58
30.717011357931757	1.58
8.549612060046169	1.58
16.012549629909614	1.58
30.23034114739825	1.58
37.126191134582626	1.58
5.506085174106143	1.58
13.851505786877116	1.58
34.97708122033961	1.58
25.86560952119344	1.58
5.506085174106143	1.58
13.851505786877116	1.58
44.31968086404157	1.58
21.520091759826926	1.58
6.750228229481548	1.58
13.851505786877116	1.58
39.02751414113033	1.58
24.17394184285765	1.58
6.750228229481548	1.58
4.242129576914781	1.58
39.02751414113033	1.58
22.484393295912668	1.58
10.480774654087329	1.58
9.024719441980054	1.58
27.926757543248343	1.58
25.552612980786204	1.58
9.75546107413902	1.58
9.024719441980054	1.58
23.67231943714772	1.58
33.060834657097864	1.58
3.4715966853890023	1.58
9.024719441980054	1.58
29.90523554027141	1.58
33.060834657097864	1.58
14.589619054899652	1.58
9.024719441980054	1.58
36.58365964432898	1.58
33.060834657097864	1.58
6.605988311273546	1.58
9.024719441980054	1.58
31.286325912692877	1.58
33.060834657097864	1.58
4.787164468351886	1.58
9.024719441980054	1.58
27.991929948435793	1.58
19.99645679810334	1.58
4.787164468351886	1.58
5.387733970035136	1.58
36.584280101332325	1.58
20.90519597614118	1.58
4.787164468351886	1.58
18.699441279756815	1.58
36.584280101332325	1.58
22.938655298618137	1.58
4.787164468351886	1.58
17.747610842168644	1.58
36.887667966391575	1.58
24.928530213723086	1.58
5.997359974201224	1.58
18.324605214470697	1.58
26.100427172167326	1.58
24.05562500258162	1.58
4.116054075539605	1.58
15.159724526188313	1.58
30.74337893295275	1.58
28.58328149649273	1.58
4.502824166809802	1.58
15.159724526188313	1.58
30.74337893295275	1.58
26.398095499710955	1.58
4.502824166809802	1.58
20.028335639472566	1.58
30.168697067570413	1.58
24.36887153914126	1.58
13.036290562106894	1.58
24.530791461610228	1.58
27.877339752495494	1.58
24.412399156685257	1.58
8.90730129141172	1.58
24.559595711760227	1.58
28.685057473122125	1.58
24.450818901739357	1.58
15.311574703519598	1.58
24.620513791663512	1.58
30.65017786678646	1.58
20.97983345959885	1.58
12.568204347641984	1.58
24.620513791663512	1.58
29.57529335656715	1.58
19.83783656652282	1.58
17.357601028886744	1.58
20.35838447739068	1.58
37.2741081854176	1.58
19.681800334920396	1.58
16.9465708286548	1.58
26.380180158213538	1.58
33.35085373558818	1.58
19.86767822706672	1.58
13.229389593390021	1.58
31.822211095479595	1.58
34.609715424491775	1.58
19.86767822706672	1.58
11.610199573231162	1.58
38.88823366450201	1.58
34.609715424491775	1.58
16.702014942407388	1.58
12.43992295289113	1.58
42.75072499652749	1.58
35.6184906622656	1.58
19.61999645679541	1.58
9.652721659306536	1.58
42.75072499652749	1.58
31.143211742300654	1.58
19.61999645679541	1.58
9.652721659306536	1.58
42.75072499652749	1.58
31.143211742300654	1.58
22.387561360725336	1.58
4.6415898323074	1.58
42.384355613741974	1.58
43.785026762065314	1.58
21.253424765431063	1.58
19.389789594846185	1.58
42.384355613741974	1.58
43.785026762065314	1.58
21.238295368151572	1.58
20.133364819497036	1.58
36.448130069096976	1.58
42.5615257368435	1.58
21.486013272906057	1.58
27.47391481569648	1.58
36.448130069096976	1.58
42.5615257368435	1.58
16.111167206859307	1.58
30.96057024720234	1.58
31.331331795121052	1.58
50.347270911651094	1.58
8.424922443153875	1.58
30.96057024720234	1.58
31.379868108356845	1.58
50.347270911651094	1.58
2.1711624127214293	1.58
29.572425148866756	1.58
31.379868108356845	1.58
50.54332832906121	1.58
2.1711624127214293	1.58
29.723241536022975	1.58
35.69580618618903	1.58
50.99311192814437	1.58
2.1711624127214293	1.58
12.70915269864986	1.58
27.674552093864598	1.58
50.99311192814437	1.58
3.5790033026241375	1.58
24.187965316108315	1.58
27.674552093864598	1.58
37.97886287279166	1.58
4.748485922636533	1.58
19.47825676514496	1.58
27.400129829786277	1.58
37.8982486898909	1.58
4.748485922636533	1.58
24.02636617436686	1.58
37.259808863118494	1.58
37.522705707069214	1.58
4.748485922636533	1.58
24.02636617436686	1.58
37.31095911096265	1.58
37.58721277535285	1.58
19.82077611062777	1.58
24.02636617436686	1.58
39.96646060820188	1.58
43.31188141352277	1.58
19.82077611062777	1.58
22.967844979267927	1.58
36.75394638281843	1.58
41.00824347370401	1.58
7.113658531643889	1.58
22.967844979267927	1.58
39.390133076887054	1.58
55.473715175718056	1.58
6.619622698146319	1.58
39.080191635444926	1.58
42.60539855767452	1.58
64.5893210525445	1.58
18.060267735687216	1.58
39.080191635444926	1.58
40.44444727193609	1.58
64.5893210525445	1.58
23.871244450659233	1.58
35.88332155698882	1.58
29.578269013390013	1.58
64.5893210525445	1.58
23.871244450659233	1.58
43.68438297223331	1.58
22.580435017520543	1.58
56.07652992098263	1.58
11.891838846348602	1.58
43.68438297223331	1.58
26.083527430087408	1.58
48.17339458741184	1.58
9.803831831119965	1.58
40.913308562915105	1.58
22.875349477382688	1.58
47.22246183498498	1.58
22.018093842931904	1.58
42.350918232666935	1.58
11.268488619817283	1.58
47.13128699782071	1.58
17.068654571228812	1.58
41.63696737747382	1.58
11.268488619817283	1.58
39.36323880507638	1.58
15.87828610477131	1.58
29.93947209126219	1.58
11.268488619817283	1.58
47.82187734766585	1.58
11.255913591111106	1.58
29.93947209126219	1.58
4.613834028554251	1.58
47.82187734766585	1.58
7.251588003015531	1.58
23.95660472284043	1.58
4.124181959617871	1.58
47.42321722239565	1.58
7.251588003015531	1.58
21.533629434080897	1.58
2.534433735449075	1.58
47.42321722239565	1.58
7.251588003015531	1.58
16.47695154531869	1.58
6.78981394042799	1.58
43.93992557467284	1.58
7.294094091716693	1.58
16.47695154531869	1.58
6.339537829062204	1.58
42.89214496267859	1.58
9.541595782878197	1.58
16.40288591245703	1.58
6.339537829062204	1.58
42.89214496267859	1.58
8.991605790483336	1.58
16.571608279806338	1.58
6.339537829062204	1.58
42.89214496267859	1.58
5.880717218341459	1.58
16.571608279806338	1.58
11.892742779447126	1.58
35.49291375902723	1.58
7.561616910898788	1.58
15.332852009927507	1.58
11.892742779447126	1.58
29.399347033746878	1.58
3.655602475548333	1.58
25.080108556428875	1.58
11.892742779447126	1.58
24.90938909307276	1.58
3.655602475548333	1.58
23.54509644746131	1.58
15.72300753566236	1.58
24.23936715416182	1.58
3.655602475548333	1.58
23.372436177687188	1.58
14.971571947871293	1.58
24.227291631233303	1.58
13.084036391204053	1.58
23.670060905476692	1.58
16.76008397587407	1.58
23.351612420494504	1.58
13.803720474562507	1.58
23.619326661485587	1.58
11.236257832536168	1.58
25.498325112438277	1.58
13.803720474562507	1.58
26.73056746750295	1.58
6.474573510012583	1.58
25.33773104449851	1.58
16.426746723195485	1.58
27.204160699849794	1.58
6.474573510012583	1.58
25.28797493732083	1.58
23.2195987206402	1.58
29.26614787197832	1.58
14.495205202117399	1.58
22.14922249173633	1.58
21.369897166847466	1.58
33.08570222873262	1.58
9.614599156721573	1.58
16.89686041595269	1.58
21.369897166847466	1.58
33.08570222873262	1.58
13.201981825532666	1.58
16.89686041595269	1.58
29.506923164515786	1.58
33.713697622771306	1.58
11.947038735211333	1.58
16.89686041595269	1.58
30.546386167127952	1.58
35.87621452124574	1.58
12.57236850414029	1.58
16.89686041595269	1.58
33.14888959957231	1.58
41.06549723691708	1.58
7.866345270120387	1.58
16.89686041595269	1.58
28.863502323142278	1.58
41.621999915349306	1.58
9.98549615350155	1.58
15.851349521824183	1.58
28.863502323142278	1.58
45.16359694390757	1.58
13.40302127891191	1.58
15.851349521824183	1.58
27.54636681116487	1.58
37.01844885570746	1.58
14.221205467982013	1.58
15.851349521824183	1.58
34.5626136969518	1.58
39.45721690271928	1.58
12.971273720413485	1.58
12.205661614973597	1.58
32.392106719586145	1.58
40.560709521055855	1.58
13.274216670794015	1.58
11.327997066442231	1.58
30.346393474527552	1.58
38.7426062131061	1.58
10.748608636134016	1.58
11.886848818382374	1.58
27.659660659941537	1.58
46.24586159901811	1.58
11.951337044566129	1.58
11.886848818382374	1.58
21.890098123507194	1.58
46.24586159901811	1.58
13.678894413931975	1.58
11.886848818382374	1.58
10.966657714067047	1.58
46.24586159901811	1.58
15.012580456265948	1.58
11.428991774718725	1.58
7.958085356734844	1.58
33.669268841413505	1.58
18.31288400945457	1.58
5.751681405627311	1.58
8.618405995625185	1.58
34.714606930254895	1.58
18.31288400945457	1.58
10.575912155137384	1.58
10.3758863992994	1.58
34.714606930254895	1.58
23.5143244525866	1.58
10.575912155137384	1.58
14.444432518139756	1.58
29.25236743123807	1.58
21.851418057870262	1.58
5.6119637801584545	1.58
14.444432518139756	1.58
21.881982720659458	1.58
22.59186501155385	1.58
5.6119637801584545	1.58
17.82862544746779	1.58
15.112263204998952	1.58
16.48542378681777	1.58
4.773993658795288	1.58
17.78963305379321	1.58
18.909033943982145	1.58
16.896201590633847	1.58
4.773993658795288	1.58
18.363559132935034	1.58
25.344756187513184	1.58
16.39573131053777	1.58
4.773993658795288	1.58
19.299704647321946	1.58
25.644386464282977	1.58
15.381673960886852	1.58
4.773993658795288	1.58
22.261175862207313	1.58
27.155247358185377	1.58
13.247265912851988	1.58
7.713764918631439	1.58
22.716984811954312	1.58
26.812941278029484	1.58
13.247265912851988	1.58
10.166875254888573	1.58
21.44118884115463	1.58
26.812941278029484	1.58
14.56917709623781	1.58
6.231767527306854	1.58
22.49471637084043	1.58
25.42790713039528	1.58
13.599796732230612	1.58
6.231767527306854	1.58
22.614407624753902	1.58
25.38400814693152	1.58
14.578783536394079	1.58
7.429306142623968	1.58
28.754828452698625	1.58
25.19844394328761	1.58
14.38058947656241	1.58
4.096964005986976	1.58
28.754828452698625	1.58
22.495047935349703	1.58
9.757852215188837	1.58
5.024054833923843	1.58
29.27275910053847	1.58
23.666498715110425	1.58
9.757852215188837	1.58
5.024054833923843	1.58
29.27275910053847	1.58
22.125812669676087	1.58
19.017210406234994	1.58
9.630454576128853	1.58
26.76908291444979	1.58
25.268305262138377	1.58
17.623089323878823	1.58
9.630454576128853	1.58
26.185564946595274	1.58
24.889830825180276	1.58
20.82487819910655	1.58
8.962750486639473	1.58
25.626354440110568	1.58
25.1098454846694	1.58
27.146470631418794	1.58
8.962750486639473	1.58
25.728802360236806	1.58
24.831828587916267	1.58
24.266371577643376	1.58
8.962750486639473	1.58
26.761254712362625	1.58
25.441686538897855	1.58
30.3076799735857	1.58
16.440711327749593	1.58
26.07767054332378	1.58
22.408943074006572	1.58
30.3076799735857	1.58
15.519299493103947	1.58
26.8361546713219	1.58
22.408943074006572	1.58
23.468497789396807	1.58
9.660639032817855	1.58
29.964559065471267	1.58
31.880611089565097	1.58
16.995366086311556	1.58
15.925129344903816	1.58
29.60694067140114	1.58
33.84433033657762	1.58
8.324412624319553	1.58
15.925129344903816	1.58
27.018353882618587	1.58
33.84433033657762	1.58
8.324412624319553	1.58
19.519062463068046	1.58
27.018353882618587	1.58
38.39298998950422	1.58
14.868268888988737	1.58
17.684786012656804	1.58
27.491985077832027	1.58
38.63056602948058	1.58
12.608442249550981	1.58
15.051462185755572	1.58
27.355622477242076	1.58
38.353848068010144	1.58
12.857543957577821	1.58
15.853099690443521	1.58
30.14542853143522	1.58
38.353848068010144	1.58
12.857543957577821	1.58
15.853099690443521	1.58
22.06089414100638	1.58
35.80901676861164	1.58
16.579276693826664	1.58
16.31124773335122	1.58
18.60716928146361	1.58
35.80901676861164	1.58
16.579276693826664	1.58
16.31124773335122	1.58
14.59538497677596	1.58
35.80901676861164	1.58
16.593729618107467	1.58
9.974245537190626	1.58
15.593560909583303	1.58
29.75130844245829	1.58
20.959009969904944	1.58
8.79030909345002	1.58
16.17773537631882	1.58
33.35964660257916	1.58
20.22245264876715	1.58
13.006579705718973	1.58
20.853346963828763	1.58
38.690519535375856	1.58
19.844844510660163	1.58
11.890201612765981	1.58
22.183119945947688	1.58
40.61889064867306	1.58
16.016684617195118	1.58
9.54637794858424	1.58
27.649407046957435	1.58
40.61889064867306	1.58
16.22983712852377	1.58
10.406082627417238	1.58
27.649407046957435	1.58
31.75714429205545	1.58
9.995779315130552	1.58
15.67019746854898	1.58
33.666330719436544	1.58
29.910342502742367	1.58
16.823420066593727	1.58
14.74336917966011	1.58
36.68716757990219	1.58
30.247904016812605	1.58
18.331992742998338	1.58
12.671551832448579	1.58
45.78834816863596	1.58
36.850672028665194	1.58
16.534052942545113	1.58
9.449244551576125	1.58
41.559460228521864	1.58
26.32447738788461	1.58
13.447564833557779	1.58
5.756281255240601	1.58
31.941063904029996	1.58
25.692590746916586	1.58
13.447564833557779	1.58
5.756281255240601	1.58
43.843129051040236	1.58
24.565266304273877	1.58
16.586123573242272	1.58
5.756281255240601	1.58
43.843129051040236	1.58
26.46182680660855	1.58
1.2630697081435471	1.58
8.612731159386616	1.58
43.843129051040236	1.58
19.174224630399944	1.58
1.2630697081435471	1.58
13.272373115988186	1.58
43.843129051040236	1.58
23.820436932024215	1.58
22.5365902069452	1.58
16.164778156214332	1.58
43.843129051040236	1.58
20.461375983688825	1.58
21.83646425429704	1.58
16.164778156214332	1.58
38.57739712845033	1.58
20.618040543408192	1.58
17.768277276347707	1.58
16.43750788173546	1.58
38.04097532598183	1.58
10.786006606212801	1.58
17.71594874408253	1.58
20.857856771629763	1.58
40.43253832739762	1.58
12.958591658467551	1.58
16.500683023016325	1.58
25.400927992784958	1.58
36.39628966162246	1.58
12.958591658467551	1.58
19.374147518587836	1.58
24.839338737315607	1.58
35.4999002044934	1.58
15.47906561553293	1.58
18.456835744563843	1.58
21.757278437858563	1.58
26.324068252798718	1.58
11.592725236197289	1.58
18.456835744563843	1.58
17.827104799544475	1.58
22.748774159623622	1.58
11.592725236197289	1.58
15.951402991349093	1.58
17.38073985554817	1.58
28.877134570106545	1.58
11.217176442134157	1.58
16.14141660917689	1.58
16.225769007661334	1.58
34.31719926786209	1.58
13.44824094159464	1.58
16.14141660917689	1.58
16.305254236008924	1.58
40.18883998409691	1.58
13.44824094159464	1.58
13.200590332081454	1.58
18.075125905816257	1.58
29.939313653854168	1.58
13.374255466851327	1.58
19.900851362757095	1.58
21.431114831328504	1.58
35.45098047533996	1.58
13.049823581304466	1.58
20.025604851191897	1.58
21.67216918000581	1.58
29.192920608128382	1.58
6.6482628174643335	1.58
20.20833180878701	1.58
22.606733314361097	1.58
36.90178104513053	1.58
6.6482628174643335	1.58
24.23735436811042	1.58
26.247532408582074	1.58
31.064379177573286	1.58
14.140518586925495	1.58
24.698050681397206	1.58
21.33068921815544	1.58
29.26885673596557	1.58
7.855212839914094	1.58
25.61611727145579	1.58
22.57577074266429	1.58
29.263246771399523	1.58
12.250922573590058	1.58
23.329948936401102	1.58
22.57577074266429	1.58
27.10891251448909	1.58
17.157409459028607	1.58
23.59247682046622	1.58
22.863750397936464	1.58
29.44632890319245	1.58
12.326539896276993	1.58
23.79506910336471	1.58
22.621398014262358	1.58
34.89126219464467	1.58
8.595057192620807	1.58
26.037724852392547	1.58
20.960872686505247	1.58
34.524876119822935	1.58
8.485899411859993	1.58
26.979758611293995	1.58
31.92730983902087	1.58
39.84248316013236	1.58
7.56775641984774	1.58
22.341789202706934	1.58
31.92730983902087	1.58
36.30463821741567	1.58
7.56775641984774	1.58
23.922250186006742	1.58
37.419580097643134	1.58
39.83696594096145	1.58
9.849732870714888	1.58
22.678765781336764	1.58
31.749827156319174	1.58
33.18059071125668	1.58
9.849732870714888	1.58
13.890924288863228	1.58
31.749827156319174	1.58
33.18059071125668	1.58
9.849732870714888	1.58
13.890924288863228	1.58
34.287241477094526	1.58
26.73411790458148	1.58
9.849732870714888	1.58
13.890924288863228	1.58
42.55297928380207	1.58
29.923368681951708	1.58
19.566682339553964	1.58
11.549110789896439	1.58
35.0344294870227	1.58
31.44951753889284	1.58
14.77624441578456	1.58
11.549110789896439	1.58
42.08584058033246	1.58
24.97061632222522	1.58
14.77624441578456	1.58
15.612598220495817	1.58
42.08584058033246	1.58
28.60814777429509	1.58
7.850008216367051	1.58
27.934956177426017	1.58
42.08584058033246	1.58
28.901689226991028	1.58
6.632992838683911	1.58
27.670916013734317	1.58
36.62787975018438	1.58
30.08024835566503	1.58
6.632992838683911	1.58
20.03355767593963	1.58
42.76362917699133	1.58
35.605622694055214	1.58
6.632992838683911	1.58
6.351271592757879	1.58
42.76362917699133	1.58
35.605622694055214	1.58
15.571381462528592	1.58
16.153558761678223	1.58
42.76362917699133	1.58
34.535297726780385	1.58
15.571381462528592	1.58
11.007378703977633	1.58
32.083044900843575	1.58
34.535297726780385	1.58
21.41290768847884	1.58
16.180991882811988	1.58
42.72802423243219	1.58
42.10957981554121	1.58
11.178245336026563	1.58
16.180991882811988	1.58
33.10848290705527	1.58
42.10957981554121	1.58
11.178245336026563	1.58
13.359261993811067	1.58
33.10848290705527	1.58
42.10957981554121	1.58
11.178245336026563	1.58
15.670490292115268	1.58
36.81879799756441	1.58
42.10957981554121	1.58
13.345262582604224	1.58
15.670490292115268	1.58
38.60035108506072	1.58
39.81687530999316	1.58
13.345262582604224	1.58
6.377077941469153	1.58
35.7776999695357	1.58
39.81687530999316	1.58
13.345262582604224	1.58
6.377077941469153	1.58
35.7776999695357	1.58
31.816119786857026	1.58
8.775416713258839	1.58
8.102477795853872	1.58
35.7776999695357	1.58
24.260641006783786	1.58
15.842172248134045	1.58
8.102477795853872	1.58
42.35344183533556	1.58
23.392473453458578	1.58
11.996295898651342	1.58
3.2290664082633356	1.58
30.603690341070227	1.58
16.291837934079986	1.58
7.9133259371723526	1.58
3.2290664082633356	1.58
20.028795296038222	1.58
24.650987042163806	1.58
10.576523318694582	1.58
4.0466394202271765	1.58
19.536601631717048	1.58
24.650987042163806	1.58
15.41052898446086	1.58
3.67944519155008	1.58
21.33821757491195	1.58
18.895176782550728	1.58
16.966372780784788	1.58
6.672775259962632	1.58
22.002337841768888	1.58
21.701399002622995	1.58
15.276741791038347	1.58
7.726742775365077	1.58
23.391665999882804	1.58
26.45113524111498	1.58
15.276741791038347	1.58
7.726742775365077	1.58
18.86593470199351	1.58
31.217271115944865	1.58
20.930700950684383	1.58
7.726742775365077	1.58
19.091491088266505	1.58
41.36320893502232	1.58
26.964834227531938	1.58
22.161580056317835	1.58
17.88293364436	1.58
39.72255019912785	1.58
28.45082523363394	1.58
22.46522341561272	1.58
17.88293364436	1.58
39.991814091388065	1.58
22.843237117294056	1.58
30.167249783337184	1.58
18.82036034898313	1.58
33.99281518464289	1.58
21.085512967838824	1.58
34.99966689384874	1.58
10.491232749409694	1.58
34.35930376666568	1.58
15.209131721281771	1.58
34.99966689384874	1.58
7.967580533899722	1.58
34.2829108117636	1.58
17.63790986672278	1.58
35.120796510913	1.58
6.331137229487641	1.58
34.05712164994135	1.58
11.539827807026025	1.58
35.120796510913	1.58
7.852418486379842	1.58
33.23154604943601	1.58
11.539827807026025	1.58
24.37036504499484	1.58
9.641556453786686	1.58
34.15335539745443	1.58
12.979844680030713	1.58
32.2996765407252	1.58
16.3247445324034	1.58
35.13826335903171	1.58
12.979844680030713	1.58
29.54885151707164	1.58
18.398924573670605	1.58
25.90162720596856	1.58
8.978753972897511	1.58
34.13584277076809	1.58
23.716370129777196	1.58
24.821338168060976	1.58
11.706714539338941	1.58
29.969568898441384	1.58
23.716370129777196	1.58
25.38484462315151	1.58
11.286170509960284	1.58
31.25397009559434	1.58
23.716370129777196	1.58
37.24829204900987	1.58
11.286170509960284	1.58
33.214933815419535	1.58
24.58869411866408	1.58
40.84858085228325	1.58
23.860550888329005	1.58
31.06649292642971	1.58
19.208850828264133	1.58
41.85008711749937	1.58
21.98291207755782	1.58
38.88371244637122	1.58
18.237100033089447	1.58
41.47978035659615	1.58
21.98291207755782	1.58
37.96061460331265	1.58
24.98466092948636	1.58
44.374906519583384	1.58
22.27363274229008	1.58
41.16494459661323	1.58
23.873499579768893	1.58
44.374906519583384	1.58
21.417666940214225	1.58
41.764640175648594	1.58
23.385475602494502	1.58
44.39151637554309	1.58
19.595933411176446	1.58
39.757150320184195	1.58
17.906346055975682	1.58
36.216180151607404	1.58
19.536364090465103	1.58
38.44898787717014	1.58
17.906346055975682	1.58
36.216180151607404	1.58
19.536364090465103	1.58
37.52056333475775	1.58
16.138276684198466	1.58
30.29551016904648	1.58
10.31625491494421	1.58
37.52056333475775	1.58
21.63715697667374	1.58
26.84782997466062	1.58
11.311879115843176	1.58
42.32745267300034	1.58
22.73307850777867	1.58
13.874453295834826	1.58
10.155872132164225	1.58
42.32745267300034	1.58
16.755279356441356	1.58
13.874453295834826	1.58
9.722238510508594	1.58
35.863316030872525	1.58
21.63468227881194	1.58
16.568557476370472	1.58
11.391906003975432	1.58
39.36951015635807	1.58
20.543786871397742	1.58
16.568557476370472	1.58
13.61277888195368	1.58
33.418101266683244	1.58
19.24267869773575	1.58
21.024262055093686	1.58
14.773747297125894	1.58
33.418101266683244	1.58
19.24267869773575	1.58
21.097531762560912	1.58
13.344406385630617	1.58
36.97386896061765	1.58
27.86360770222995	1.58
8.430355026659388	1.58
13.943551532991833	1.58
33.259446943893295	1.58
21.02827346353673	1.58
6.972395815194162	1.58
13.943551532991833	1.58
33.259446943893295	1.58
25.10429245759	1.58
6.972395815194162	1.58
15.394529262465623	1.58
30.197093185724484	1.58
27.88559777571262	1.58
6.972395815194162	1.58
20.5189874921358	1.58
31.63065609603324	1.58
25.783208425871322	1.58
6.972395815194162	1.58
17.492850743266402	1.58
30.959015865846773	1.58
23.88688171190992	1.58
5.628544847883703	1.58
20.114955064379323	1.58
31.526748514220422	1.58
22.28590099013264	1.58
9.121891578452715	1.58
28.313896336170846	1.58
28.145825126908967	1.58
18.392361298271815	1.58
18.315067458217616	1.58
31.383486111997982	1.58
27.482721024305746	1.58
15.538843831083742	1.58
22.61500380336232	1.58
31.383486111997982	1.58
27.765006877451896	1.58
17.58266014396486	1.58
23.87773652907629	1.58
37.0569198738831	1.58
26.782661850071626	1.58
16.07951385536471	1.58
19.573956295395618	1.58
37.0569198738831	1.58
27.655982290180567	1.58
14.022118214185085	1.58
18.42147068231711	1.58
38.33739576099326	1.58
21.80206109002996	1.58
14.022118214185085	1.58
19.903398164619336	1.58
27.90440539994432	1.58
22.00944096193045	1.58
17.42162798829846	1.58
14.620962171671218	1.58
27.90440539994432	1.58
24.591431670145884	1.58
18.646103969693737	1.58
6.469702704840127	1.58
23.77591376892257	1.58
19.964868932039145	1.58
18.712799029344655	1.58
6.469702704840127	1.58
37.403081135976436	1.58
17.291008456368132	1.58
18.45970100376187	1.58
6.469702704840127	1.58
42.219535297005706	1.58
16.785104610416116	1.58
18.033597161162707	1.58
6.469702704840127	1.58
42.219535297005706	1.58
16.894998833236816	1.58
18.997062007520682	1.58
5.296128844921201	1.58
42.219535297005706	1.58
14.32308471561022	1.58
21.400308825912667	1.58
5.296128844921201	1.58
50.93781121714075	1.58
11.158565073882974	1.58
20.30482476659391	1.58
5.296128844921201	1.58
41.20214049646179	1.58
11.158565073882974	1.58
28.952559935523944	1.58
4.127677608267383	1.58
41.20214049646179	1.58
11.340490516394055	1.58
26.43917967494729	1.58
2.796486932065939	1.58
41.20214049646179	1.58
11.340490516394055	1.58
26.43917967494729	1.58
11.034469336192188	1.58
41.20214049646179	1.58
11.381794324820277	1.58
26.43917967494729	1.58
11.503716242696324	1.58
39.709901470688614	1.58
11.36803285275385	1.58
26.022303434292475	1.58
11.509191680739837	1.58
38.773898437665466	1.58
11.417690791422537	1.58
23.19229749104106	1.58
11.509191680739837	1.58
47.123311019377695	1.58
10.51044149802874	1.58
23.19229749104106	1.58
12.40691894126621	1.58
47.123311019377695	1.58
10.51044149802874	1.58
25.908280765643724	1.58
12.40691894126621	1.58
47.123311019377695	1.58
12.844727827031377	1.58
7.5148641096225575	1.58
12.40691894126621	1.58
47.123311019377695	1.58
10.68940385377507	1.58
9.075518410167843	1.58
12.40691894126621	1.58
39.46580998468424	1.58
10.804381688579463	1.58
9.181239717626061	1.58
12.40691894126621	1.58
39.38790986344436	1.58
10.757306048060377	1.58
9.850633804919697	1.58
12.40691894126621	1.58
39.38790986344436	1.58
10.076860766027194	1.58
20.561090587488312	1.58
12.40691894126621	1.58
39.38790986344436	1.58
7.788722230075278	1.58
28.927591052208978	1.58
11.726510292443567	1.58
31.70972687113981	1.58
7.788722230075278	1.58
20.76644884028611	1.58
12.035535568459363	1.58
31.70972687113981	1.58
13.634560558670884	1.58
22.269834549260654	1.58
12.657378927956756	1.58
22.306427302167858	1.58
14.197991950569582	1.58
28.811485823672605	1.58
15.805797786887204	1.58
22.306427302167858	1.58
16.521592509655143	1.58
25.993133043841294	1.58
15.559216711439666	1.58
21.598341639251345	1.58
10.020733069901423	1.58
23.893912948975885	1.58
19.301680306197788	1.58
20.753196524142	1.58
5.839687500230802	1.58
33.013733782310986	1.58
21.012249929289478	1.58
22.052816328096114	1.58
5.839687500230802	1.58
29.913118282260022	1.58
22.92396527863414	1.58
16.914936097952	1.58
5.781914151623301	1.58
24.57975077211367	1.58
25.080030918268314	1.58
14.834138140727696	1.58
8.569218160876733	1.58
24.57975077211367	1.58
22.97318552491744	1.58
15.143362211748366	1.58
1.5247852484043385	1.58
19.875573185207937	1.58
35.39789192048005	1.58
16.419866742347494	1.58
6.128120630491743	1.58
16.225360043756652	1.58
23.47808688379867	1.58
16.546853795444854	1.58
6.128120630491743	1.58
16.225360043756652	1.58
38.22147752432672	1.58
16.68747795235823	1.58
6.128120630491743	1.58
15.838289700550801	1.58
43.22140079236254	1.58
16.64372032547351	1.58
22.19170156284904	1.58
15.354417914378292	1.58
43.22140079236254	1.58
16.64372032547351	1.58
10.503473179445088	1.58
15.20067407763839	1.58
43.22140079236254	1.58
17.697593869688077	1.58
10.503473179445088	1.58
14.242076841119978	1.58
27.376948422402485	1.58
14.734315171884566	1.58
8.667358290855969	1.58
14.374887099026793	1.58
40.012878605266884	1.58
15.561327217451744	1.58
4.828991417042634	1.58
14.289625869086828	1.58
40.012878605266884	1.58
15.561327217451744	1.58
7.405169525368694	1.58
13.713800875626905	1.58
34.16703234686325	1.58
22.062725382977646	1.58
4.3405094385768805	1.58
12.716522399532405	1.58
33.7356931460592	1.58
19.903741521982774	1.58
4.22614698339892	1.58
12.716522399532405	1.58
33.7356931460592	1.58
22.14999561094111	1.58
6.690727145880133	1.58
12.716522399532405	1.58
33.7356931460592	1.58
27.345661273408517	1.58
6.3653682425724	1.58
13.920490710203033	1.58
34.87407873010812	1.58
25.463583182908508	1.58
6.3653682425724	1.58
12.593261424210622	1.58
24.264294986556422	1.58
22.54282092070686	1.58
6.3653682425724	1.58
10.983925919434192	1.58
24.71350166416679	1.58
19.420332438068797	1.58
6.3653682425724	1.58
8.251682182835985	1.58
24.71350166416679	1.58
19.102635880220138	1.58
6.090865574434178	1.58
7.7447229729608384	1.58
21.95519837398628	1.58
18.96503753922081	1.58
5.157805133309805	1.58
9.529914978334896	1.58
21.95519837398628	1.58
20.37572008988446	1.58
9.889002898043348	1.58
9.594449515791762	1.58
22.934150115602016	1.58
19.145218134321556	1.58
11.86014776235015	1.58
13.20021783543892	1.58
17.684048445622103	1.58
20.22788567486674	1.58
11.628156301747541	1.58
12.951391085355928	1.58
21.09467498796722	1.58
24.65259870090028	1.58
12.025847133433375	1.58
3.488582237478834	1.58
21.78611552407129	1.58
24.106197628674888	1.58
15.942914773431095	1.58
3.488582237478834	1.58
19.67002288691891	1.58
28.084808820300495	1.58
26.03684084255166	1.58
3.488582237478834	1.58
17.543004611512977	1.58
25.054386820480126	1.58
26.301755495267926	1.58
3.488582237478834	1.58
16.89001624497399	1.58
25.054386820480126	1.58
34.22230877947735	1.58
3.488582237478834	1.58
16.71311443616812	1.58
25.054386820480126	1.58
30.574869707024696	1.58
3.488582237478834	1.58
11.93244161302608	1.58
36.228495969944774	1.58
20.569353823800224	1.58
3.488582237478834	1.58
11.93244161302608	1.58
28.317106356161617	1.58
20.569353823800224	1.58
6.0669806803003965	1.58
14.438786165092743	1.58
19.36306739847501	1.58
24.99759225990835	1.58
7.900017137323829	1.58
6.650946420498613	1.58
19.36306739847501	1.58
24.966026296859575	1.58
7.900017137323829	1.58
14.64217684852421	1.58
18.674249914328858	1.58
17.7851778375991	1.58
6.87880720619815	1.58
14.967446862652425	1.58
13.911980963502383	1.58
27.18112869840961	1.58
6.87880720619815	1.58
13.599231235331576	1.58
16.952021894826387	1.58
29.5592797876148	1.58
6.87880720619815	1.58
19.36229361925237	1.58
24.497233713094854	1.58
37.48373961039867	1.58
21.889861706295935	1.58
19.36229361925237	1.58
23.65088203981505	1.58
33.09096026713728	1.58
21.889861706295935	1.58
21.157601112077735	1.58
24.440704828135768	1.58
27.94607076640963	1.58
21.889861706295935	1.58
19.750248949097312	1.58
26.125280964639636	1.58
28.556092103746685	1.58
17.616790357908677	1.58
13.638597777418044	1.58
26.125280964639636	1.58
21.508838295465203	1.58
14.420567521198901	1.58
16.688151610818238	1.58
25.249598757782984	1.58
21.508838295465203	1.58
13.777500310517238	1.58
12.647829488433459	1.58
30.21762347638504	1.58
21.508838295465203	1.58
13.777500310517238	1.58
9.801834377138649	1.58
30.21762347638504	1.58
29.099659334068967	1.58
9.722209808965065	1.58
9.801834377138649	1.58
36.357813148137744	1.58
38.42216595420433	1.58
20.469724114301922	1.58
19.11090513829897	1.58
33.166997459749595	1.58
39.34187351998162	1.58
11.634099478222545	1.58
14.983615114746314	1.58
44.56718643199239	1.58
39.34187351998162	1.58
11.634099478222545	1.58
14.983615114746314	1.58
33.639432721213495	1.58
39.55219506047491	1.58
13.119701447347172	1.58
14.983615114746314	1.58
47.09779335294813	1.58
39.55219506047491	1.58
23.109421129462078	1.58
8.514105601062582	1.58
47.09779335294813	1.58
37.58009854325405	1.58
3.0301148047674786	1.58
8.514105601062582	1.58
28.582038984089245	1.58
37.58009854325405	1.58
9.003153721482654	1.58
8.514105601062582	1.58
27.08050891830783	1.58
37.58009854325405	1.58
9.003153721482654	1.58
8.514105601062582	1.58
40.863011556069125	1.58
29.13649141682572	1.58
9.003153721482654	1.58
8.514105601062582	1.58
40.863011556069125	1.58
25.207918254728654	1.58
9.257422412706017	1.58
8.514105601062582	1.58
33.150154304465985	1.58
22.20462203940685	1.58
9.257422412706017	1.58
5.501490889095049	1.58
41.96994437865034	1.58
34.23878541063807	1.58
9.257422412706017	1.58
5.501490889095049	1.58
41.96994437865034	1.58
34.23878541063807	1.58
15.518329699972455	1.58
5.501490889095049	1.58
34.608662218107725	1.58
51.55755191546359	1.58
15.518329699972455	1.58
5.501490889095049	1.58
30.706465820655374	1.58
51.80059055833395	1.58
14.76566715083779	1.58
10.92359503440423	1.58
30.706465820655374	1.58
33.37464314105281	1.58
14.76566715083779	1.58
16.982958342698424	1.58
32.10694526877724	1.58
34.19430342900003	1.58
14.853166532311189	1.58
18.02831476140127	1.58
32.256835334873514	1.58
28.589852972122873	1.58
14.853166532311189	1.58
23.675599562374167	1.58
25.519059382376433	1.58
26.027684832422196	1.58
9.32914874819333	1.58
23.07938341801571	1.58
27.633469447195182	1.58
35.00082592957456	1.58
8.015397201838987	1.58
18.2072225973731	1.58
41.62049393822989	1.58
35.00082592957456	1.58
8.015397201838987	1.58
17.98826887130236	1.58
41.260349650986015	1.58
21.741206647987898	1.58
8.015397201838987	1.58
17.648548239026628	1.58
24.65659805666036	1.58
20.230178702263213	1.58
8.015397201838987	1.58
13.669994966797683	1.58
29.84569593300276	1.58
19.705544035729663	1.58
8.015397201838987	1.58
13.669994966797683	1.58
29.84569593300276	1.58
29.577710541924844	1.58
8.015397201838987	1.58
13.669994966797683	1.58
28.917616781343515	1.58
25.91215072641683	1.58
12.786769869299611	1.58
13.669994966797683	1.58
28.726565465293827	1.58
19.479284989402373	1.58
12.534732018688814	1.58
15.574724393337275	1.58
36.276883228298395	1.58
19.121622462116182	1.58
12.534732018688814	1.58
15.21540938419368	1.58
32.75978895473969	1.58
22.487214498796206	1.58
12.534732018688814	1.58
9.770186964344916	1.58
32.75978895473969	1.58
31.015204352126656	1.58
12.534732018688814	1.58
9.770186964344916	1.58
24.6466046472003	1.58
28.19331296844258	1.58
12.534732018688814	1.58
6.016047992319994	1.58
30.669803583182738	1.58
29.631505900117432	1.58
12.534732018688814	1.58
9.21961803368293	1.58
27.9588933433094	1.58
39.97108938737962	1.58
12.534732018688814	1.58
23.698088369349747	1.58
30.63674250850311	1.58
39.97108938737962	1.58
21.317771017159437	1.58
20.50585005165029	1.58
29.134559369323487	1.58
34.08476900969923	1.58
22.954363635192284	1.58
15.259877443213407	1.58
30.731617178781235	1.58
31.92475198013249	1.58
22.954363635192284	1.58
15.259877443213407	1.58
32.2089839928223	1.58
33.26200694873918	1.58
13.061473718009818	1.58
11.47361976039679	1.58
34.397032018291156	1.58
33.26200694873918	1.58
15.797489518744616	1.58
11.47361976039679	1.58
49.467373807833965	1.58
28.714267145551425	1.58
15.797489518744616	1.58
11.47361976039679	1.58
47.53065115900695	1.58
22.87648080524776	1.58
11.977168224535731	1.58
6.674777432990837	1.58
55.54248568020547	1.58
28.409721785178746	1.58
14.001504579117155	1.58
27.00042606503291	1.58
54.1167829037623	1.58
28.42121002610878	1.58
14.001504579117155	1.58
28.980459074686156	1.58
54.1167829037623	1.58
27.908402656925983	1.58
14.001504579117155	1.58
28.980459074686156	1.58
54.1167829037623	1.58
27.07693958278133	1.58
15.833097896796003	1.58
12.830032972866704	1.58
54.1167829037623	1.58
24.035037023313656	1.58
10.495037379978193	1.58
5.740057230437582	1.58
53.025765356403575	1.58
24.10445428201081	1.58
10.495037379978193	1.58
5.740057230437582	1.58
31.34385494008372	1.58
21.7297991539793	1.58
10.495037379978193	1.58
13.420822629903878	1.58
33.509754889669296	1.58
32.959656158172606	1.58
19.202208537622056	1.58
16.84905437204668	1.58
27.811123625209603	1.58
32.959656158172606	1.58
21.331557413397952	1.58
9.61700175566543	1.58
27.45172986229674	1.58
28.18293122910752	1.58
18.37346458648699	1.58
8.273662184924543	1.58
26.78680321659479	1.58
20.131350507455224	1.58
18.37346458648699	1.58
7.8879364022291085	1.58
19.465413172011104	1.58
16.381724978759102	1.58
18.730168911850242	1.58
6.688251141959986	1.58
19.21281873160411	1.58
24.878244467471923	1.58
16.03931271214074	1.58
12.311206832590658	1.58
22.10058539113933	1.58
30.664259148903582	1.58
15.187155507293635	1.58
4.271191028056922	1.58
26.917951697860218	1.58
32.83441264180348	1.58
15.187155507293635	1.58
13.616989126675925	1.58
26.947556234863995	1.58
32.83441264180348	1.58
6.183676964781856	1.58
13.616989126675925	1.58
20.856751130963005	1.58
32.83441264180348	1.58
6.183676964781856	1.58
13.861013247198827	1.58
20.34883899128687	1.58
32.83441264180348	1.58
6.183676964781856	1.58
11.565467124234946	1.58
27.004037355891263	1.58
23.62472094195341	1.58
6.183676964781856	1.58
11.565467124234946	1.58
27.004037355891263	1.58
31.504982852904135	1.58
6.331555856771189	1.58
11.565467124234946	1.58
34.75585316319838	1.58
28.092367744829236	1.58
6.331555856771189	1.58
15.536436963936199	1.58
25.957900377195916	1.58
33.65569020648655	1.58
16.10106235726112	1.58
11.815643240682569	1.58
36.263799754448016	1.58
37.90063318186162	1.58
6.078748420312209	1.58
11.815643240682569	1.58
36.263799754448016	1.58
37.90063318186162	1.58
10.942593758638989	1.58
11.815643240682569	1.58
36.263799754448016	1.58
38.33058592144292	1.58
10.942593758638989	1.58
21.653909695641126	1.58
45.709240475813175	1.58
26.698416599961106	1.58
10.942593758638989	1.58
17.58194844784576	1.58
45.529064363740815	1.58
27.319223740226086	1.58
10.942593758638989	1.58
15.884777005161158	1.58
45.529064363740815	1.58
35.68566849338731	1.58
10.942593758638989	1.58
13.486822923614348	1.58
45.529064363740815	1.58
29.975146047594546	1.58
18.635188946533173	1.58
11.57215487413604	1.58
48.766271701603785	1.58
35.39677528601779	1.58
21.977922772096388	1.58
25.98186688121801	1.58
48.766271701603785	1.58
32.64235540455518	1.58
21.977922772096388	1.58
19.345478191615985	1.58
39.68780108328738	1.58
26.8113696608589	1.58
17.873629672260634	1.58
19.345478191615985	1.58
34.00194297957576	1.58
22.731133678758717	1.58
20.131907397511014	1.58
19.834653328393347	1.58
35.24926572660733	1.58
24.18255173246979	1.58
19.477590201398776	1.58
17.026805187307374	1.58
35.24926572660733	1.58
22.137606790584787	1.58
18.797634753103267	1.58
14.784555981064072	1.58
34.52179600886967	1.58
21.407553751290646	1.58
18.808019516464345	1.58
14.784555981064072	1.58
34.52179600886967	1.58
23.005010212267578	1.58
12.672314687271204	1.58
15.333528807465715	1.58
37.75991383408929	1.58
20.699193912561267	1.58
12.672314687271204	1.58
25.82128710903605	1.58
34.52276578411333	1.58
17.815002230986842	1.58
8.551663111607615	1.58
28.149396015823285	1.58
34.52276578411333	1.58
20.410351048505312	1.58
10.390648363687994	1.58
22.55923719576204	1.58
34.71916161232092	1.58
20.410351048505312	1.58
13.65540283703443	1.58
27.658176133778632	1.58
34.71916161232092	1.58
16.488354908107468	1.58
17.021598002275795	1.58
27.658176133778632	1.58
34.48998663309806	1.58
16.98077351996548	1.58
11.525442071263981	1.58
30.07829929416968	1.58
34.48998663309806	1.58
15.62968725144257	1.58
11.80134060488178	1.58
30.07829929416968	1.58
34.48998663309806	1.58
16.55975220192169	1.58
8.089978878409001	1.58
30.442390481634003	1.58
28.874751350636423	1.58
15.72990143558846	1.58
14.456002721813583	1.58
26.331584985175382	1.58
28.730163489219468	1.58
12.732130303921501	1.58
15.605886302281949	1.58
25.600702716185303	1.58
30.828855480959202	1.58
12.732130303921501	1.58
17.11115443988748	1.58
25.454404555796813	1.58
39.87911819446262	1.58
9.359769036816182	1.58
16.643756555747775	1.58
24.972202515732093	1.58
43.567644401504	1.58
7.108560666459541	1.58
16.643756555747775	1.58
30.795107375332726	1.58
37.25626581002854	1.58
7.108560666459541	1.58
13.0642259344081	1.58
19.133029692930066	1.58
37.25626581002854	1.58
6.370692300989761	1.58
14.349552205626129	1.58
8.691158228768018	1.58
37.25626581002854	1.58
5.927844577461872	1.58
17.56973911730319	1.58
11.34308100279548	1.58
47.447742255846215	1.58
5.927844577461872	1.58
17.56973911730319	1.58
11.34308100279548	1.58
44.98048945698373	1.58
5.927844577461872	1.58
17.56973911730319	1.58
11.34308100279548	1.58
40.75217288537387	1.58
2.467511707899023	1.58
9.04536035318382	1.58
19.42862223365171	1.58
32.60363452585064	1.58
2.467511707899023	1.58
9.751056759106184	1.58
14.058390892582377	1.58
32.60363452585064	1.58
2.467511707899023	1.58
16.826094594105125	1.58
9.999177321802808	1.58
34.792163974435084	1.58
2.467511707899023	1.58
10.819937129720165	1.58
9.999177321802808	1.58
34.792163974435084	1.58
2.467511707899023	1.58
10.819937129720165	1.58
9.599009058454484	1.58
29.45996805421803	1.58
4.168886364360113	1.58
10.819937129720165	1.58
10.169217549040702	1.58
36.2845727373729	1.58
5.439067006282277	1.58
13.55723445014273	1.58
8.625382022568349	1.58
26.049294979552233	1.58
8.893067515156797	1.58
13.55723445014273	1.58
14.17935351665173	1.58
23.46779393194549	1.58
8.893067515156797	1.58
13.55723445014273	1.58
9.291181441556303	1.58
19.245944536229437	1.58
10.51626992657652	1.58
10.450410159754062	1.58
9.291181441556303	1.58
27.216251483535025	1.58
10.579988827714995	1.58
10.450410159754062	1.58
9.846827396466304	1.58
24.82187798359503	1.58
11.194670129960425	1.58
10.67564426361612	1.58
9.846827396466304	1.58
24.82187798359503	1.58
11.282974003877257	1.58
10.588050207342125	1.58
9.572899965022447	1.58
35.67508413245277	1.58
11.149087685648237	1.58
12.630744635631828	1.58
8.582792962229231	1.58
40.01086478757223	1.58
10.976836355637401	1.58
10.197677178951178	1.58
8.582792962229231	1.58
31.54364287590781	1.58
10.976836355637401	1.58
8.238600874648029	1.58
7.163896003906553	1.58
31.54364287590781	1.58
10.626173645612592	1.58
8.50058434936373	1.58
6.502328325685937	1.58
31.54364287590781	1.58
14.39171224741672	1.58
8.50058434936373	1.58
9.216979972592204	1.58
31.54364287590781	1.58
13.064143294969064	1.58
16.604261165551982	1.58
9.216979972592204	1.58
20.449492465263972	1.58
11.910698416040487	1.58
13.742882452733355	1.58
9.17886184060764	1.58
20.456938225804365	1.58
11.674166122878608	1.58
14.521787490529709	1.58
7.141754959709044	1.58
19.006620517083725	1.58
14.258613824877102	1.58
14.772525178566813	1.58
7.141754959709044	1.58
22.341404119053703	1.58
20.429925990896518	1.58
11.934808611933779	1.58
7.141754959709044	1.58
18.682792577423402	1.58
22.602810564847708	1.58
16.401940131958433	1.58
7.141754959709044	1.58
18.618062025994263	1.58
22.602810564847708	1.58
16.341146667195126	1.58
7.141754959709044	1.58
23.465339264701004	1.58
22.602810564847708	1.58
12.998553452879388	1.58
9.531147761389533	1.58
23.00057615245896	1.58
32.11928958360831	1.58
17.276205249359805	1.58
14.464786258120878	1.58
23.00057615245896	1.58
32.11928958360831	1.58
13.350299784332066	1.58
18.832362177650857	1.58
31.58325768819374	1.58
24.090523405151238	1.58
13.350299784332066	1.58
12.46754001576123	1.58
26.73773298302153	1.58
33.05415656240118	1.58
16.577663541035296	1.58
18.64054296744268	1.58
22.643593713472207	1.58
40.0256178436623	1.58
11.520709443891288	1.58
20.808129005772148	1.58
32.674267942523336	1.58
29.00491135696648	1.58
11.188283095304815	1.58
22.795293869548438	1.58
32.172506046953515	1.58
32.65214935058876	1.58
8.248868951151255	1.58
24.912476121463072	1.58
37.530515922049766	1.58
39.288268830361716	1.58
7.0585490430148	1.58
30.777312596821098	1.58
28.291543026985067	1.58
46.83952725758893	1.58
7.0585490430148	1.58
29.625630705120948	1.58
28.291543026985067	1.58
50.8122922022825	1.58
7.732334258980885	1.58
29.594893454747005	1.58
19.550037147660696	1.58
50.8122922022825	1.58
8.270384563395915	1.58
35.71601235444463	1.58
8.36469719820277	1.58
50.849761924178395	1.58
8.218628018064223	1.58
35.71601235444463	1.58
8.36469719820277	1.58
45.02306536370326	1.58
8.218628018064223	1.58
36.26912984978834	1.58
8.36469719820277	1.58
45.02306536370326	1.58
8.218628018064223	1.58
30.244366134721865	1.58
19.248516427376344	1.58
28.463737334710153	1.58
8.218628018064223	1.58
31.79781464267366	1.58
7.039372156288419	1.58
29.7544929762335	1.58
8.218628018064223	1.58
31.833594244417323	1.58
6.5960170229571995	1.58
29.7544929762335	1.58
9.258271331169633	1.58
26.69344231975138	1.58
4.350338041497195	1.58
30.459670411193887	1.58
14.115015194437689	1.58
26.69344231975138	1.58
2.417538989343278	1.58
32.21842906453118	1.58
14.115015194437689	1.58
28.073946954210548	1.58
2.417538989343278	1.58
30.278172989767242	1.58
8.809148499245811	1.58
28.397726440597708	1.58
2.417538989343278	1.58
38.31680517134632	1.58
12.175199552477778	1.58
28.397726440597708	1.58
2.417538989343278	1.58
38.31680517134632	1.58
18.36380856750714	1.58
44.02285608651524	1.58
7.831706013674005	1.58
38.86164961278427	1.58
18.36380856750714	1.58
48.704746306454126	1.58
14.72964267003234	1.58
40.45529978357919	1.58
7.702504468022006	1.58
46.80194423268035	1.58
14.72964267003234	1.58
37.87236960077269	1.58
7.702504468022006	1.58
46.80194423268035	1.58
15.272135522249304	1.58
28.317697558320987	1.58
7.702504468022006	1.58
38.370115478993824	1.58
15.272135522249304	1.58
28.317697558320987	1.58
16.367565557279725	1.58
45.05402182310125	1.58
15.411207301836857	1.58
33.8734094092199	1.58
16.367565557279725	1.58
45.05402182310125	1.58
15.411207301836857	1.58
31.547835593238396	1.58
16.367565557279725	1.58
41.1397716823054	1.58
15.411207301836857	1.58
30.1807512730648	1.58
16.83054014450026	1.58
41.1397716823054	1.58
14.103743137587166	1.58
24.444494409805365	1.58
18.103591226744538	1.58
44.33759656281505	1.58
14.103743137587166	1.58
32.481673388015096	1.58
16.38847980146466	1.58
45.41064188210519	1.58
14.103743137587166	1.58
24.574622078950874	1.58
8.507243046055969	1.58
45.41064188210519	1.58
14.103743137587166	1.58
26.15669767951852	1.58
7.348953116898399	1.58
37.21219471155168	1.58
17.764056580220846	1.58
26.15669767951852	1.58
9.894571222713928	1.58
32.915360035660456	1.58
17.764056580220846	1.58
21.568296601454243	1.58
9.894571222713928	1.58
39.74481068005856	1.58
21.568347175544737	1.58
11.534754086544613	1.58
13.402007191814015	1.58
30.81947167555865	1.58
23.73435792467942	1.58
11.307399996636814	1.58
12.377638847436135	1.58
30.81947167555865	1.58
23.999468788632555	1.58
10.818080809855818	1.58
12.598360836600559	1.58
29.00296464766955	1.58
21.588926020817453	1.58
9.40839581752	1.58
9.38624725103223	1.58
30.751627599593746	1.58
21.595004500686507	1.58
9.012220455468821	1.58
9.217252620774701	1.58
28.41199472047614	1.58
22.644837496131473	1.58
8.836053615712101	1.58
9.45303089479102	1.58
44.48179842173474	1.58
22.644837496131473	1.58
8.9060961772466	1.58
9.510877037006216	1.58
42.61660849239047	1.58
22.644837496131473	1.58
8.407913784874594	1.58
9.510877037006216	1.58
44.08660764652009	1.58
15.039798721418418	1.58
8.407913784874594	1.58
9.510877037006216	1.58
40.82315662015717	1.58
12.829956507629085	1.58
11.883224850560218	1.58
8.432842382556565	1.58
33.892518517660534	1.58
19.864264005952485	1.58
13.844611378402837	1.58
8.432842382556565	1.58
31.51005584062291	1.58
24.318464403919744	1.58
12.232891605611078	1.58
8.432842382556565	1.58
31.51005584062291	1.58
23.32083923475672	1.58
12.40736494325218	1.58
9.066005135442797	1.58
34.16810746231546	1.58
17.35144704084248	1.58
15.959824191207368	1.58
9.674801335379122	1.58
25.990032031426217	1.58
16.779920966468033	1.58
19.428215572992876	1.58
10.281867676113144	1.58
26.437596896884415	1.58
19.236392435861575	1.58
19.842202656699207	1.58
3.228989036962968	1.58
23.195318061678687	1.58
23.495409341099037	1.58
17.757362422291312	1.58
3.228989036962968	1.58
23.01789239529878	1.58
23.495409341099037	1.58
16.70477131535283	1.58
7.6236221034178175	1.58
22.94305398006344	1.58
23.560444651738138	1.58
12.965605953437796	1.58
10.801826392308907	1.58
22.45147136343171	1.58
23.257861932733668	1.58
16.368813695652022	1.58
10.801826392308907	1.58
21.802575528115756	1.58
35.592389193758166	1.58
14.557451038752202	1.58
10.801826392308907	1.58
21.328845862716207	1.58
24.045364268153083	1.58
17.116472013065632	1.58
15.846788971945024	1.58
21.328845862716207	1.58
23.1548805494085	1.58
16.351520979945196	1.58
15.855006099208136	1.58
22.639393576027878	1.58
23.406916873528026	1.58
17.848146520285717	1.58
16.923000536252427	1.58
22.803690145338845	1.58
23.406916873528026	1.58
19.389991965506493	1.58
11.304151775603676	1.58
21.85393775070938	1.58
24.235810158305537	1.58
19.814228854676095	1.58
7.855209332028286	1.58
21.005931448528123	1.58
24.813100597707127	1.58
19.529321128842447	1.58
7.855209332028286	1.58
19.719818248561264	1.58
26.419411449507727	1.58
19.544401463343068	1.58
7.855209332028286	1.58
19.719818248561264	1.58
26.353824544250763	1.58
16.323250861501982	1.58
6.544451982873543	1.58
16.406320761473186	1.58
27.48447897967781	1.58
16.323250861501982	1.58
6.544451982873543	1.58
16.413175621035812	1.58
27.48447897967781	1.58
16.251040691329386	1.58
6.544451982873543	1.58
5.395856013142705	1.58
27.48447897967781	1.58
23.356123867346458	1.58
1.2149252996730588	1.58
5.395856013142705	1.58
27.48447897967781	1.58
40.72338309049286	1.58
4.948887962051238	1.58
16.595747399229186	1.58
18.42795398271219	1.58
39.63560128461121	1.58
4.948887962051238	1.58
16.595747399229186	1.58
18.606891595040615	1.58
39.63560128461121	1.58
13.832517297755778	1.58
16.668362888536603	1.58
19.186857669870935	1.58
33.248637777657535	1.58
15.738949166991013	1.58
5.342106161226969	1.58
19.809722122798142	1.58
33.248637777657535	1.58
14.712067564840444	1.58
2.0260069148730153	1.58
24.422897939817744	1.58
33.248637777657535	1.58
14.712067564840444	1.58
2.0260069148730153	1.58
21.801069828066073	1.58
23.41567784198808	1.58
14.165139682670816	1.58
2.0260069148730153	1.58
21.801069828066073	1.58
32.14782715073969	1.58
14.165139682670816	1.58
2.0260069148730153	1.58
25.44151623187833	1.58
32.14782715073969	1.58
14.165139682670816	1.58
2.0260069148730153	1.58
29.026776409833992	1.58
30.145861144341552	1.58
0.15452572306724122	1.58
2.0260069148730153	1.58
29.026776409833992	1.58
20.51655527520177	1.58
14.136692466863183	1.58
2.0260069148730153	1.58
30.061499682329995	1.58
19.38184761938099	1.58
10.478146222866043	1.58
2.0260069148730153	1.58
26.075653177486053	1.58
16.637418497277828	1.58
13.011228657669077	1.58
1.9152953390649792	1.58
21.44593287986153	1.58
14.885844286261248	1.58
12.531516621367526	1.58
0.9439879416164239	1.58
28.71545823690931	1.58
15.946021018850454	1.58
12.369935882376161	1.58
0.9439879416164239	1.58
19.322051997656672	1.58
12.09102505823452	1.58
11.32653537338555	1.58
0.9439879416164239	1.58
19.322051997656672	1.58
12.007971253926936	1.58
11.32653537338555	1.58
0.9439879416164239	1.58
16.596424715967252	1.58
19.311379466684595	1.58
11.32653537338555	1.58
8.640797675669589	1.58
16.596424715967252	1.58
23.25761532574389	1.58
11.32653537338555	1.58
7.142063352459594	1.58
25.757513495813285	1.58
32.77840436463603	1.58
11.32653537338555	1.58
7.142063352459594	1.58
22.654822833999646	1.58
25.728267174899276	1.58
5.143951699378363	1.58
7.142063352459594	1.58
21.467076634153653	1.58
33.351253833200914	1.58
5.143951699378363	1.58
14.886680919528619	1.58
19.374221578823324	1.58
33.351253833200914	1.58
5.143951699378363	1.58
14.243510427004715	1.58
22.794687406934457	1.58
31.800365535585396	1.58
9.976909233418047	1.58
15.558681890633714	1.58
30.279992947916035	1.58
25.94007144631689	1.58
9.976909233418047	1.58
13.994013375653196	1.58
36.474402805126786	1.58
27.81723685524993	1.58
9.976909233418047	1.58
13.84806271450099	1.58
38.34954457051525	1.58
44.20883496675217	1.58
17.039073555644126	1.58
23.5227564066466	1.58
31.96714801397384	1.58
40.38331089551388	1.58
17.039073555644126	1.58
19.25938527844025	1.58
31.96714801397384	1.58
36.766549208249074	1.58
16.143455182578965	1.58
19.25938527844025	1.58
31.66161255356704	1.58
56.28628159567916	1.58
15.195780871245073	1.58
14.661625862687732	1.58
24.66838205568984	1.58
62.49225094914841	1.58
15.195780871245073	1.58
14.89246688890208	1.58
25.818279851750194	1.58
62.49225094914841	1.58
14.987929611426246	1.58
14.89246688890208	1.58
27.70606375974743	1.58
62.49225094914841	1.58
6.667168776030902	1.58
14.89246688890208	1.58
32.79389864672819	1.58
54.69139355468785	1.58
24.595725498083752	1.58
14.89246688890208	1.58
33.97566976304381	1.58
45.053730321205585	1.58
17.768848965210875	1.58
14.89246688890208	1.58
41.087315761513025	1.58
45.053730321205585	1.58
17.768848965210875	1.58
5.373344206963594	1.58
28.683632742809063	1.58
31.545323437616258	1.58
17.768848965210875	1.58
5.373344206963594	1.58
38.46426367898479	1.58
31.545323437616258	1.58
11.04435218025732	1.58
5.373344206963594	1.58
38.46426367898479	1.58
34.5975223174933	1.58
11.04435218025732	1.58
5.373344206963594	1.58
31.77367295354139	1.58
40.53913441562611	1.58
11.04435218025732	1.58
7.809491236955836	1.58
25.912919666840658	1.58
41.289920515670744	1.58
6.6199149189757165	1.58
7.809491236955836	1.58
26.18586549633692	1.58
41.289920515670744	1.58
6.6199149189757165	1.58
7.809491236955836	1.58
26.18586549633692	1.58
41.289920515670744	1.58
11.810468618817406	1.58
7.809491236955836	1.58
26.18586549633692	1.58
45.70841933245522	1.58
17.746653749466702	1.58
7.259684706389244	1.58
31.109445174552985	1.58
45.70841933245522	1.58
17.746653749466702	1.58
7.259684706389244	1.58
34.909397958164526	1.58
45.70841933245522	1.58
17.746653749466702	1.58
7.259684706389244	1.58
34.909397958164526	1.58
39.021947916178405	1.58
17.746653749466702	1.58
5.0397738916564805	1.58
27.31015742877559	1.58
45.79699597877239	1.58
11.07917290040266	1.58
5.0397738916564805	1.58
27.31015742877559	1.58
25.69143980807374	1.58
12.37810668571435	1.58
5.0397738916564805	1.58
27.534534548917712	1.58
21.20193498256208	1.58
12.37810668571435	1.58
5.0397738916564805	1.58
39.319986390984475	1.58
21.20193498256208	1.58
20.41142269009456	1.58
5.0397738916564805	1.58
31.227182333227542	1.58
15.43747308014887	1.58
23.041861862855207	1.58
15.767033344539382	1.58
31.227182333227542	1.58
14.944631260305911	1.58
30.020814547331376	1.58
15.767033344539382	1.58
31.66178195242199	1.58
14.980825824835264	1.58
30.10203028359263	1.58
18.307247013699033	1.58
31.987228236125073	1.58
14.079190834397105	1.58
30.10203028359263	1.58
17.177112654710722	1.58
31.164221315741965	1.58
14.079190834397105	1.58
36.84665931134386	1.58
17.177112654710722	1.58
33.21279267355298	1.58
11.871514079368993	1.58
36.84665931134386	1.58
9.92470210861752	1.58
36.94711644770477	1.58
14.88335133523563	1.58
36.84665931134386	1.58
10.507492592273067	1.58
36.90818406814291	1.58
16.44111375158633	1.58
45.355852158583545	1.58
13.434205915962128	1.58
29.10864461352252	1.58
15.180538191390504	1.58
45.355852158583545	1.58
7.744467952017644	1.58
33.64442683664252	1.58
20.959289088162016	1.58
46.516183371344496	1.58
7.744467952017644	1.58
28.219069058878077	1.58
20.959289088162016	1.58
50.49264125840048	1.58
3.4218587093273065	1.58
28.219069058878077	1.58
20.959289088162016	1.58
45.37006527485775	1.58
6.99452963075062	1.58
28.219069058878077	1.58
11.450499398339282	1.58
41.8087673538355	1.58
10.033297925064964	1.58
23.09894555068024	1.58
12.181437882704229	1.58
33.59358778646506	1.58
10.033297925064964	1.58
13.08188806473352	1.58
12.181437882704229	1.58
33.59358778646506	1.58
10.053402180682026	1.58
12.442878533591308	1.58
13.167152190676797	1.58
33.59358778646506	1.58
8.104540232922282	1.58
12.072306877035082	1.58
11.47303251640869	1.58
26.397701358044294	1.58
5.952905292531627	1.58
12.050601100687533	1.58
6.118832446357086	1.58
21.788139356935037	1.58
4.3660107256438625	1.58
12.17603212624781	1.58
6.118832446357086	1.58
21.974515006643053	1.58
3.0227086557363947	1.58
9.282481118741998	1.58
7.405324817303772	1.58
23.817559572719357	1.58
3.0227086557363947	1.58
7.499560681635774	1.58
7.903130765847431	1.58
37.207636409403776	1.58
3.342166349301513	1.58
9.534875277157933	1.58
14.011019655478531	1.58
37.207636409403776	1.58
3.342166349301513	1.58
11.06713193122639	1.58
17.694712413512335	1.58
28.857600674995112	1.58
5.636182699537057	1.58
11.240778151130936	1.58
29.38177283352737	1.58
28.857600674995112	1.58
5.6125539103665645	1.58
10.68724186619535	1.58
21.37417244106658	1.58
28.37577361068652	1.58
5.6125539103665645	1.58
10.68724186619535	1.58
21.615420441144483	1.58
24.976741679239687	1.58
11.734312425601411	1.58
11.00803048333292	1.58
18.819478955786334	1.58
23.95958116224989	1.58
9.038487400947611	1.58
12.229349012528562	1.58
13.722307071865274	1.58
30.978143865609887	1.58
9.404348457119786	1.58
14.542496612517258	1.58
15.125663208333133	1.58
24.483271886113833	1.58
11.665621808941696	1.58
5.741585491667244	1.58
14.529537871226202	1.58
16.91532447882856	1.58
11.665621808941696	1.58
5.741585491667244	1.58
13.871380187582549	1.58
19.196942887047165	1.58
10.23574135361347	1.58
5.84695117314005	1.58
12.75849456157701	1.58
16.983612112835047	1.58
11.97693618094289	1.58
10.99089285542182	1.58
11.657347365389999	1.58
18.871235957848835	1.58
12.088420454474614	1.58
10.99089285542182	1.58
11.83903222892683	1.58
21.21211694523267	1.58
12.508407432614343	1.58
10.99089285542182	1.58
4.228964417142922	1.58
15.682149276207115	1.58
12.659783559837187	1.58
11.259285351236292	1.58
4.228964417142922	1.58
15.682149276207115	1.58
16.12738786073627	1.58
8.888211686966073	1.58
9.28838070008584	1.58
18.270840907406065	1.58
20.011427564958446	1.58
8.888211686966073	1.58
8.882120652132933	1.58
20.723261011078684	1.58
20.34982741651126	1.58
9.618563241026902	1.58
5.435899005430368	1.58
20.723261011078684	1.58
29.88935872642065	1.58
9.618563241026902	1.58
16.23881293442368	1.58
30.53767036911614	1.58
36.49960299458419	1.58
18.755859994135857	1.58
10.55681692061351	1.58
30.53767036911614	1.58
36.433377393420734	1.58
26.10611367712381	1.58
10.55681692061351	1.58
32.315996865598215	1.58
40.488419154373645	1.58
27.292246194887547	1.58
18.191236008384372	1.58
32.09515253089683	1.58
32.153729481388964	1.58
24.802713435895388	1.58
10.915313885471324	1.58
32.09515253089683	1.58
37.77980257164223	1.58
21.017374946401382	1.58
10.915313885471324	1.58
27.549345510982114	1.58
46.24121386786683	1.58
15.675122244195855	1.58
10.915313885471324	1.58
36.586147743980064	1.58
49.25692582843375	1.58
12.409481204428356	1.58
20.973012392250535	1.58
38.386397061987346	1.58
49.25692582843375	1.58
16.177193016544503	1.58
26.605660843762916	1.58
45.65238428096727	1.58
49.25692582843375	1.58
16.177193016544503	1.58
23.03608829365012	1.58
45.65238428096727	1.58
34.86088817973798	1.58
16.177193016544503	1.58
23.03608829365012	1.58
47.67227476259072	1.58
31.502500763302656	1.58
16.177193016544503	1.58
23.711489317686052	1.58
51.47808345314368	1.58
37.547645810300494	1.58
16.177193016544503	1.58
8.433319394159554	1.58
51.47808345314368	1.58
37.547645810300494	1.58
16.55998424958833	1.58
19.384199334437497	1.58
35.63492095861837	1.58
38.195509955438276	1.58
16.797224803181397	1.58
19.384199334437497	1.58
49.88487326812211	1.58
38.195509955438276	1.58
16.797224803181397	1.58
19.384199334437497	1.58
35.362373053619095	1.58
27.929552462576176	1.58
21.609818437985734	1.58
17.628844511241738	1.58
32.08402376618321	1.58
33.70017126076206	1.58
17.466811899752006	1.58
5.981428446027696	1.58
33.807798202058365	1.58
29.146984027655655	1.58
13.748167308710538	1.58
5.981428446027696	1.58
45.42440074900928	1.58
40.85004297380412	1.58
15.98804010833161	1.58
5.981428446027696	1.58
45.42440074900928	1.58
34.16281236331894	1.58
15.98804010833161	1.58
5.981428446027696	1.58
28.106362275131012	1.58
25.426110173323423	1.58
16.388458627225617	1.58
9.77261499956365	1.58
45.65832831723787	1.58
25.426110173323423	1.58
18.575702272866053	1.58
9.77261499956365	1.58
35.19631526910649	1.58
19.582177984549304	1.58
20.942205284742236	1.58
14.08842877024874	1.58
32.031983914026824	1.58
19.09202345794954	1.58
22.241140175151067	1.58
9.405701421770608	1.58
32.031983914026824	1.58
27.767977697267803	1.58
20.848437496594503	1.58
9.405701421770608	1.58
36.35345843455113	1.58
27.767977697267803	1.58
19.90192183110259	1.58
16.90168618038854	1.58
35.25097860202853	1.58
33.02928072967708	1.58
7.945355590689811	1.58
8.21267870818448	1.58
21.861093690414336	1.58
22.068079429100067	1.58
14.530757652732646	1.58
7.859144551965491	1.58
21.861093690414336	1.58
28.151455914048825	1.58
14.530757652732646	1.58
7.859144551965491	1.58
16.591937025428642	1.58
35.572043398762716	1.58
14.530757652732646	1.58
7.859144551965491	1.58
19.69193371387176	1.58
32.07547294977445	1.58
16.440067217800824	1.58
9.389702857116932	1.58
22.309739546464343	1.58
31.603304570872616	1.58
16.440067217800824	1.58
11.697341940649828	1.58
22.309739546464343	1.58
31.603304570872616	1.58
14.246662852999211	1.58
18.125384050760296	1.58
22.04318644827515	1.58
38.630136449222334	1.58
9.618644463654512	1.58
19.608558464987183	1.58
22.04318644827515	1.58
38.630136449222334	1.58
9.618644463654512	1.58
20.053241040715847	1.58
22.327593527370365	1.58
32.03418076132813	1.58
15.197718625777831	1.58
20.725873057568744	1.58
28.929368423771315	1.58
34.86182745646357	1.58
14.769191009154401	1.58
15.067403241056137	1.58
39.24067699505777	1.58
27.018662664116363	1.58
22.76207759259833	1.58
17.601410200543036	1.58
38.23199622605917	1.58
25.130863286489735	1.58
23.679008847731964	1.58
17.601410200543036	1.58
38.23199622605917	1.58
25.149501236106488	1.58
23.043754756439583	1.58
17.601410200543036	1.58
38.858813714408704	1.58
24.809675981535488	1.58
13.124540247847811	1.58
17.601410200543036	1.58
35.6355948948344	1.58
24.957247631419445	1.58
11.566014612652145	1.58
12.694086613722503	1.58
35.6355948948344	1.58
33.4214702958757	1.58
15.888028369650204	1.58
12.694086613722503	1.58
28.87429127923938	1.58
33.128802694720676	1.58
5.71438127489774	1.58
12.694086613722503	1.58
21.299591103830508	1.58
31.008335225911374	1.58
11.132993061225793	1.58
14.674376559101734	1.58
24.85381863600446	1.58
35.57879239951366	1.58
14.670226136715032	1.58
14.594958099666389	1.58
26.14601914088014	1.58
43.40096812230782	1.58
14.670226136715032	1.58
9.098660148069861	1.58
25.29219648591188	1.58
48.01157233771983	1.58
8.04992488250879	1.58
9.098660148069861	1.58
26.809241444551574	1.58
31.906835293413216	1.58
8.04992488250879	1.58
9.098660148069861	1.58
28.202949811741732	1.58
32.8365230423051	1.58
17.26950014876589	1.58
9.098660148069861	1.58
20.029126165971405	1.58
32.8365230423051	1.58
17.26950014876589	1.58
9.098660148069861	1.58
20.83045261370201	1.58
28.899005429152133	1.58
14.551762681783883	1.58
10.261831429937446	1.58
19.169173429455444	1.58
28.899005429152133	1.58
10.654633366289378	1.58
14.429096530559622	1.58
17.34009210166247	1.58
35.969650610376306	1.58
10.654633366289378	1.58
14.231270019077265	1.58
16.81285138954959	1.58
27.595217359858964	1.58
13.717013894271009	1.58
13.876505588808286	1.58
15.87893751069733	1.58
27.720315408194686	1.58
10.432025619903268	1.58
13.829334889051554	1.58
14.131575194083272	1.58
23.794720025390895	1.58
9.010076707464814	1.58
13.829334889051554	1.58
12.423866519015942	1.58
27.750205154434347	1.58
9.988753924874194	1.58
13.829334889051554	1.58
11.381212147002424	1.58
21.755036813784322	1.58
15.424131165533986	1.58
14.309245028813077	1.58
8.780849727936776	1.58
25.90829868789676	1.58
17.589722922990852	1.58
18.281922606645935	1.58
11.61522682376562	1.58
23.854534621053865	1.58
18.794902857116686	1.58
14.297591872078524	1.58
12.457142054099	1.58
20.93102619064583	1.58
16.94201398210927	1.58
13.858286342458541	1.58
14.506839808950808	1.58
19.532355073752726	1.58
15.296549053058952	1.58
13.598835509975405	1.58
13.930788162552176	1.58
21.686308696865474	1.58
13.634852187084434	1.58
13.431208407829963	1.58
13.968240806270822	1.58
28.748888809827996	1.58
10.760828251668137	1.58
13.235564508237676	1.58
14.323533827021743	1.58
21.329710399456314	1.58
10.760828251668137	1.58
13.146231215337597	1.58
13.961709759991278	1.58
19.69531648225726	1.58
8.046340343296324	1.58
12.499706595816795	1.58
15.866275778397615	1.58
20.89845521446121	1.58
8.046340343296324	1.58
10.238588262241652	1.58
12.9132883254846	1.58
16.875535119265244	1.58
9.745374379886893	1.58
9.667301911605815	1.58
13.312429077805756	1.58
21.549579028353623	1.58
9.745374379886893	1.58
8.937017606062136	1.58
16.9156174804432	1.58
27.383429001170377	1.58
17.36973122828538	1.58
8.937017606062136	1.58
16.911541744322275	1.58
31.42539517628944	1.58
17.36973122828538	1.58
8.937017606062136	1.58
16.911541744322275	1.58
27.594606512628786	1.58
13.18844609530137	1.58
7.934492646730849	1.58
16.911541744322275	1.58
31.733085653204903	1.58
12.885134446413346	1.58
5.68794243436632	1.58
16.487207734978504	1.58
24.9845775395006	1.58
13.167909363410416	1.58
10.900897893772036	1.58
16.14106800563037	1.58
24.68000414624339	1.58
18.364600899357686	1.58
10.488655803348669	1.58
18.85835390491141	1.58
27.185221478589057	1.58
18.073237558054515	1.58
10.488655803348669	1.58
19.49216753527083	1.58
30.45126402881829	1.58
17.63299128748338	1.58
12.154049502872208	1.58
19.49216753527083	1.58
23.510216789042822	1.58
15.902983664772169	1.58
12.154049502872208	1.58
22.204518960292248	1.58
28.907446358045643	1.58
16.765394198493105	1.58
13.460129263822985	1.58
28.713325087897424	1.58
25.72717402263594	1.58
15.390393714920465	1.58
13.460129263822985	1.58
33.49007456093132	1.58
21.214662040436796	1.58
12.601006868107888	1.58
13.460129263822985	1.58
33.49007456093132	1.58
18.34116544365014	1.58
21.066348296092894	1.58
13.460129263822985	1.58
45.03045491947137	1.58
19.099554924533354	1.58
20.43076688904541	1.58
13.460129263822985	1.58
45.03045491947137	1.58
17.86730765556574	1.58
5.9423124999259045	1.58
13.460129263822985	1.58
34.04300854225687	1.58
16.9307840558962	1.58
7.031063068368429	1.58
12.94352268993688	1.58
24.004157057968918	1.58
19.511867608031377	1.58
10.55360061918619	1.58
12.94352268993688	1.58
32.20230102218086	1.58
25.336070605710198	1.58
11.386876105513895	1.58
11.745879372427547	1.58
36.43474670118054	1.58
32.489065399248474	1.58
11.386876105513895	1.58
12.529647904761855	1.58
36.43474670118054	1.58
43.084585126718075	1.58
12.329401899931892	1.58
8.378869260507397	1.58
35.61636622305886	1.58
43.084585126718075	1.58
2.8591619802960793	1.58
8.378869260507397	1.58
27.006979463061782	1.58
42.232912147628625	1.58
13.252866318068953	1.58
8.378869260507397	1.58
31.221654182770237	1.58
25.46347574044269	1.58
18.402254366690926	1.58
10.766757954063003	1.58
27.86005081296558	1.58
26.49921659840698	1.58
17.559901006068635	1.58
10.766757954063003	1.58
30.01714062320817	1.58
18.744362392050245	1.58
14.374588429805863	1.58
10.766757954063003	1.58
33.7099756676048	1.58
20.001888354763075	1.58
13.591980390089695	1.58
15.267398371786989	1.58
33.7099756676048	1.58
17.848168890810147	1.58
21.3663511678194	1.58
15.697291368964756	1.58
31.212319094840147	1.58
18.64900402993641	1.58
20.826342610453715	1.58
14.737739105053764	1.58
30.074277035358097	1.58
18.779652565376896	1.58
21.86020284609328	1.58
14.737739105053764	1.58
32.03644325269845	1.58
22.113642476986815	1.58
11.699201525456079	1.58
9.09533908709516	1.58
32.03644325269845	1.58
22.113642476986815	1.58
11.699201525456079	1.58
9.09533908709516	1.58
32.03644325269845	1.58
23.585651104559634	1.58
7.875293777429038	1.58
1.8237969498108413	1.58
43.03266129057489	1.58
23.515604296663042	1.58
7.875293777429038	1.58
1.8237969498108413	1.58
35.06073533557307	1.58
23.515604296663042	1.58
7.875293777429038	1.58
1.8237969498108413	1.58
29.14949173696126	1.58
17.583019843257496	1.58
10.575803215436792	1.58
11.297739694637663	1.58
29.115871438944023	1.58
20.53784621058533	1.58
7.7375439014750995	1.58
8.351660379846134	1.58
29.115871438944023	1.58
23.808944668831213	1.58
7.7375439014750995	1.58
5.290523210063331	1.58
36.97593135268303	1.58
37.93797481583114	1.58
14.332281657338072	1.58
18.447986223022454	1.58
39.396088176841076	1.58
37.93797481583114	1.58
21.407530653133946	1.58
13.044110794462075	1.58
33.261744402118374	1.58
37.93797481583114	1.58
19.354549368445703	1.58
13.044110794462075	1.58
38.03860386351171	1.58
25.968387427464613	1.58
17.997468541739323	1.58
9.673666271986363	1.58
38.03860386351171	1.58
23.8375195833623	1.58
17.440280111372815	1.58
11.951374452103007	1.58
35.62536857924068	1.58
26.67442914010907	1.58
11.340976030941839	1.58
17.15548140410153	1.58
35.62536857924068	1.58
26.67442914010907	1.58
6.716042975591659	1.58
14.653136448014497	1.58
26.187207323189	1.58
26.67442914010907	1.58
6.716042975591659	1.58
4.1825612167293755	1.58
33.17155335398824	1.58
24.030906627301764	1.58
8.719116593187607	1.58
4.1825612167293755	1.58
33.17155335398824	1.58
24.030906627301764	1.58
17.285598793717057	1.58
4.1825612167293755	1.58
29.37833203902311	1.58
28.183219315444163	1.58
15.777721340067743	1.58
4.1825612167293755	1.58
29.37833203902311	1.58
37.263994906469264	1.58
15.97607815411897	1.58
4.1825612167293755	1.58
28.40999929671026	1.58
37.263994906469264	1.58
4.345976221106575	1.58
19.88785699792127	1.58
36.110541861884656	1.58
32.60660903106856	1.58
4.345976221106575	1.58
18.58824529172385	1.58
37.86749962253068	1.58
32.60660903106856	1.58
4.345976221106575	1.58
25.313381496334888	1.58
37.86749962253068	1.58
37.091357383149656	1.58
18.231778497922118	1.58
14.533265780472	1.58
37.86749962253068	1.58
34.29286215018185	1.58
13.580235656601243	1.58
14.533265780472	1.58
38.39893781303009	1.58
43.57765591825371	1.58
13.580235656601243	1.58
18.8454873111811	1.58
38.39893781303009	1.58
43.57765591825371	1.58
10.353799462637948	1.58
10.27527665660292	1.58
26.95113177441295	1.58
43.57765591825371	1.58
10.353799462637948	1.58
10.27527665660292	1.58
26.95113177441295	1.58
28.7117808180795	1.58
18.58336227941134	1.58
17.999902948161527	1.58
25.742893290046343	1.58
34.717420799086646	1.58
18.58336227941134	1.58
14.824930705265444	1.58
24.542983768449364	1.58
40.01773699481627	1.58
15.220909280472174	1.58
8.194440477872885	1.58
31.62858749378988	1.58
31.464803339382456	1.58
11.844845918130169	1.58
11.657237479148009	1.58
31.62858749378988	1.58
23.6167347154204	1.58
4.403143577429024	1.58
4.00318222105372	1.58
31.62858749378988	1.58
19.495780593699397	1.58
4.403143577429024	1.58
10.471218865531808	1.58
31.62858749378988	1.58
21.362675232660774	1.58
8.189483527681015	1.58
10.73608820210752	1.58
31.62858749378988	1.58
25.319587341957835	1.58
19.50593056781336	1.58
6.009684096388117	1.58
34.22692828860218	1.58
26.96093694789019	1.58
17.581552503551592	1.58
14.16897775660336	1.58
34.22692828860218	1.58
25.280551551431174	1.58
17.581552503551592	1.58
15.728977090673949	1.58
34.22692828860218	1.58
22.871749693967324	1.58
12.917246358551445	1.58
15.728977090673949	1.58
41.27718027136427	1.58
17.968767546102445	1.58
12.917246358551445	1.58
20.961423356041944	1.58
41.27718027136427	1.58
17.968767546102445	1.58
12.917246358551445	1.58
23.10932790918446	1.58
41.27718027136427	1.58
17.41719115725091	1.58
12.358591593910763	1.58
21.13075559174702	1.58
41.27718027136427	1.58
16.6103838167429	1.58
11.727805854823348	1.58
21.13075559174702	1.58
47.44979026435383	1.58
12.94543939985276	1.58
19.479176813401658	1.58
24.48328671571028	1.58
47.44979026435383	1.58
12.347457333876495	1.58
22.27948216009844	1.58
20.910736891562177	1.58
47.44979026435383	1.58
12.347457333876495	1.58
22.27948216009844	1.58
27.594994975153405	1.58
38.96203272239461	1.58
12.347457333876495	1.58
19.943620502859538	1.58
27.594994975153405	1.58
38.128819370722	1.58
14.488453014972634	1.58
19.943620502859538	1.58
37.306661029858034	1.58
38.128819370722	1.58
24.86122370283116	1.58
15.301544207864003	1.58
49.29007018051644	1.58
41.5383139561831	1.58
20.634234738511957	1.58
7.338718847538523	1.58
53.30994548062725	1.58
40.88307373765539	1.58
24.149203116895645	1.58
1.7972908759840145	1.58
40.811786923291045	1.58
40.88307373765539	1.58
23.853713014898908	1.58
3.667572764681786	1.58
40.811786923291045	1.58
24.542660001841746	1.58
19.58256771611581	1.58
11.121657245182385	1.58
35.53248372747424	1.58
25.12574230366443	1.58
18.008301293684266	1.58
11.121657245182385	1.58
28.113139692619836	1.58
21.17502296155918	1.58
19.253702725210186	1.58
11.121657245182385	1.58
26.342671649208135	1.58
23.967578052141796	1.58
12.607234417508808	1.58
11.121657245182385	1.58
26.342671649208135	1.58
17.739100458321595	1.58
16.188219859877883	1.58
5.8802706936361755	1.58
29.91517931034184	1.58
15.347035670489266	1.58
17.67074357174561	1.58
7.523203946996363	1.58
29.91517931034184	1.58
9.40739644561079	1.58
20.78512425115255	1.58
7.523203946996363	1.58
33.07117638650015	1.58
13.162060920237302	1.58
20.78512425115255	1.58
7.523203946996363	1.58
39.6201980308646	1.58
13.162060920237302	1.58
20.78512425115255	1.58
5.621820728346405	1.58
30.187917243390046	1.58
13.162060920237302	1.58
14.952892973571105	1.58
1.3970314997348954	1.58
25.100271193916345	1.58
19.537451768792764	1.58
17.67035847915221	1.58
1.3970314997348954	1.58
26.416420848492557	1.58
23.058794346953675	1.58
17.67035847915221	1.58
1.3970314997348954	1.58
26.387131730413408	1.58
30.527298995200134	1.58
18.633197366104984	1.58
1.3970314997348954	1.58
24.589107380048123	1.58
33.261874492324765	1.58
16.348358698916464	1.58
1.3970314997348954	1.58
20.819245740975987	1.58
33.261874492324765	1.58
14.425217424391278	1.58
1.3970314997348954	1.58
26.292585775968778	1.58
33.261874492324765	1.58
12.05077780814471	1.58
1.3970314997348954	1.58
21.39035459409832	1.58
32.640985212419444	1.58
5.748806314881154	1.58
9.177880460820909	1.58
12.853358689040643	1.58
26.705388308572218	1.58
6.266603585400404	1.58
10.065800872790927	1.58
12.853358689040643	1.58
41.271131068225976	1.58
5.514518129595968	1.58
11.649707218299929	1.58
11.164041713147991	1.58
44.48867489357099	1.58
7.787502822376239	1.58
12.586061685341164	1.58
11.164041713147991	1.58
39.64911111197256	1.58
4.953035721858271	1.58
21.898964313687102	1.58
9.997725084147234	1.58
41.84697535581364	1.58
5.828623216689998	1.58
21.898964313687102	1.58
9.997725084147234	1.58
41.84697535581364	1.58
5.828623216689998	1.58
16.982455238527375	1.58
12.989153223923836	1.58
43.12412304823749	1.58
10.690564824685538	1.58
16.982455238527375	1.58
12.989153223923836	1.58
43.12412304823749	1.58
11.289519695071576	1.58
16.982455238527375	1.58
12.989153223923836	1.58
35.87552436463165	1.58
11.695676397810017	1.58
18.32302118039258	1.58
13.318616880210154	1.58
37.0406448590666	1.58
10.555985006125859	1.58
18.32302118039258	1.58
13.318616880210154	1.58
36.41924734342283	1.58
11.6844431709314	1.58
18.016936824041494	1.58
14.850512207101993	1.58
33.10246666633562	1.58
9.70808858011259	1.58
18.016936824041494	1.58
12.88931790178567	1.58
25.047481788465145	1.58
6.1675349755078575	1.58
17.671015977887883	1.58
12.88931790178567	1.58
22.57808714428219	1.58
11.461152764998587	1.58
14.81304602098552	1.58
12.88931790178567	1.58
21.180531446994806	1.58
9.293821900492528	1.58
16.70721556285538	1.58
7.2341191000401786	1.58
20.265442654451856	1.58
10.360853852740359	1.58
21.58498955623546	1.58
7.2341191000401786	1.58
20.265442654451856	1.58
10.360853852740359	1.58
18.4777308914844	1.58
12.49745881210881	1.58
19.83987162011245	1.58
12.876395354716632	1.58
19.183285147153526	1.58
12.406836556251001	1.58
16.888750025866507	1.58
9.746755033155951	1.58
18.136995745933365	1.58
13.798394918100986	1.58
16.888750025866507	1.58
9.347310061342217	1.58
22.94992243460448	1.58
14.488793578173034	1.58
18.198444083314108	1.58
9.66162770789429	1.58
22.94992243460448	1.58
16.021404927688927	1.58
14.096760687953996	1.58
14.93831941899917	1.58
28.17395041067475	1.58
16.873451913461363	1.58
0.837125862972691	1.58
9.879289836915852	1.58
34.696048288530186	1.58
14.913950828004925	1.58
3.56535512492478	1.58
6.1665788760441735	1.58
34.696048288530186	1.58
20.248251900299152	1.58
10.641173366985836	1.58
6.1665788760441735	1.58
22.616696006083384	1.58
26.764297023688773	1.58
7.872967067982387	1.58
6.1665788760441735	1.58
17.72722170063912	1.58
31.968637149868705	1.58
11.411712142819198	1.58
6.1665788760441735	1.58
16.126747624640892	1.58
24.459143601250645	1.58
9.270971530203413	1.58
14.837055143810389	1.58
20.50915853526402	1.58
17.378234442951655	1.58
7.567431885020616	1.58
14.242693272663242	1.58
26.32405599559037	1.58
18.08223361330196	1.58
6.124017132463411	1.58
11.309277487644973	1.58
27.416348412919273	1.58
26.50365928654995	1.58
6.124017132463411	1.58
12.196790261718515	1.58
25.453757881253225	1.58
31.683361079318562	1.58
15.408695359952734	1.58
8.793365036049341	1.58
36.13512072298437	1.58
47.04691547008049	1.58
15.408695359952734	1.58
8.292816094463355	1.58
29.668207213712904	1.58
47.04691547008049	1.58
6.985854020151571	1.58
8.292816094463355	1.58
20.82505985526536	1.58
30.607999538938607	1.58
6.985854020151571	1.58
19.19897566853779	1.58
25.802194939864595	1.58
30.607999538938607	1.58
11.276764527552247	1.58
19.19897566853779	1.58
34.15260792003724	1.58
40.88550019954681	1.58
17.04902576342037	1.58
19.592412647292193	1.58
38.9598329647429	1.58
40.88550019954681	1.58
16.5007681259778	1.58
10.225058346550188	1.58
30.255551011051892	1.58
29.359747646908758	1.58
14.599436513086234	1.58
9.537212757620026	1.58
40.519741678075704	1.58
29.359747646908758	1.58
15.112225460546018	1.58
10.70408901891635	1.58
26.163309230486874	1.58
24.45227360167717	1.58
17.63750332891653	1.58
8.424571655730734	1.58
20.091022657619895	1.58
16.556719057717284	1.58
17.63750332891653	1.58
11.78486948850095	1.58
26.577963480009217	1.58
16.556719057717284	1.58
18.546365501455842	1.58
7.4877800763519105	1.58
24.81784879387148	1.58
15.768689874728153	1.58
21.016438707322795	1.58
10.512656165386588	1.58
26.72306980270394	1.58
18.431069830933623	1.58
21.016438707322795	1.58
6.898354896934936	1.58
38.30441522051855	1.58
19.258112486541073	1.58
21.016438707322795	1.58
6.898354896934936	1.58
38.30441522051855	1.58
19.34632856034906	1.58
21.016438707322795	1.58
10.65409222062712	1.58
38.30441522051855	1.58
23.409058386650273	1.58
21.016438707322795	1.58
10.65409222062712	1.58
28.38326390268459	1.58
32.200631345433685	1.58
10.563615966581214	1.58
10.65409222062712	1.58
23.87850915324829	1.58
24.285024829797514	1.58
5.851428352385071	1.58
15.389637428222423	1.58
29.19694109872061	1.58
21.478325664283386	1.58
10.884239912536259	1.58
17.02488766031742	1.58
43.021848455084054	1.58
20.848784710699768	1.58
14.685181100048121	1.58
20.665687219848525	1.58
33.40167650880021	1.58
22.824735842799527	1.58
14.685181100048121	1.58
20.933203626224902	1.58
30.27999442915503	1.58
22.927692723612786	1.58
14.345581677277067	1.58
20.506540717528868	1.58
26.88489258634985	1.58
21.9686672052188	1.58
14.345581677277067	1.58
23.33968455633537	1.58
30.737339474880326	1.58
21.9686672052188	1.58
15.782984496540834	1.58
23.586727575870274	1.58
27.547255566657583	1.58
20.508375550836643	1.58
12.068511879544923	1.58
23.879714901320792	1.58
29.61367566829442	1.58
19.631335413346303	1.58
7.307796798539236	1.58
24.66152908155987	1.58
29.816619896673544	1.58
17.856693066198375	1.58
7.307796798539236	1.58
23.32785559549495	1.58
27.95336507961283	1.58
18.681432718541153	1.58
7.307796798539236	1.58
24.635786635331193	1.58
27.95336507961283	1.58
14.481868442690718	1.58
8.501189250804181	1.58
21.80844582104722	1.58
26.348551687373273	1.58
13.637816324089085	1.58
8.501189250804181	1.58
21.80844582104722	1.58
17.62760365466915	1.58
17.397089882155186	1.58
11.914390206682052	1.58
21.262816489313796	1.58
17.800433561313262	1.58
17.645513032034632	1.58
9.438519546947898	1.58
19.687045004252944	1.58
19.19097232073698	1.58
16.793413873475366	1.58
9.438519546947898	1.58
19.726480338092895	1.58
23.95290223406175	1.58
18.43848268964164	1.58
15.339915638287382	1.58
21.421477185042903	1.58
25.803759794749546	1.58
17.801812234820574	1.58
13.315427913813691	1.58
21.421477185042903	1.58
29.80283363169221	1.58
14.756485291434828	1.58
13.249050529947429	1.58
24.295414340851647	1.58
32.793193585291725	1.58
19.260633787428596	1.58
9.359724817944358	1.58
18.092905906867053	1.58
37.569755356855396	1.58
19.093821452593414	1.58
22.04656722191299	1.58
18.221625033225177	1.58
50.899651466893715	1.58
17.708196821546565	1.58
22.04656722191299	1.58
0.6569975683187863	1.58
44.90351043033175	1.58
14.190828050783784	1.58
28.85109625657465	1.58
0.6569975683187863	1.58
49.22955851403651	1.58
15.4569995093722	1.58
32.67274668678064	1.58
0.6569975683187863	1.58
54.8304133957454	1.58
15.186771117225325	1.58
34.148622844527964	1.58
25.76453061555045	1.58
47.76096367227399	1.58
22.459981361481532	1.58
37.5575505801606	1.58
25.76453061555045	1.58
47.59602410285321	1.58
22.459981361481532	1.58
37.5575505801606	1.58
34.505544003049025	1.58
43.20276667447706	1.58
16.798108721259666	1.58
37.5575505801606	1.58
29.888454773069334	1.58
44.03781228691505	1.58
17.377863334230046	1.58
37.5575505801606	1.58
27.46497629628955	1.58
46.913992540047694	1.58
20.120193294835126	1.58
29.29299328166379	1.58
18.667126320350356	1.58
46.913992540047694	1.58
19.94980609212605	1.58
20.81706498109483	1.58
17.753077927508464	1.58
47.9591618726259	1.58
19.384131265249774	1.58
20.81706498109483	1.58
17.753077927508464	1.58
37.95031558927424	1.58
19.757076514503122	1.58
20.81706498109483	1.58
17.753077927508464	1.58
40.81198403275043	1.58
20.757807419421024	1.58
20.865256939649843	1.58
17.753077927508464	1.58
40.81198403275043	1.58
20.809223944304684	1.58
17.80194146166381	1.58
17.753077927508464	1.58
38.29609755100084	1.58
19.335213289591927	1.58
21.442789820298447	1.58
17.753077927508464	1.58
31.234530463476847	1.58
19.41544836611404	1.58
23.074682537731498	1.58
17.753077927508464	1.58
31.234530463476847	1.58
15.86276286070332	1.58
24.412405301129223	1.58
17.172135122533643	1.58
36.185294883445295	1.58
7.589081268769558	1.58
24.412405301129223	1.58
16.90497808155206	1.58
36.185294883445295	1.58
7.589081268769558	1.58
37.41692839155091	1.58
12.461941227044665	1.58
27.29482435276855	1.58
7.597446692598045	1.58
25.811347896824653	1.58
11.833565572389645	1.58
27.282610045668413	1.58
7.597446692598045	1.58
25.811347896824653	1.58
15.745043711887533	1.58
32.538574340946994	1.58
5.877313804694021	1.58
25.45897098174442	1.58
18.768918659356444	1.58
34.26290851624928	1.58
9.491231130368817	1.58
25.45897098174442	1.58
17.90917157551683	1.58
30.649426709440622	1.58
10.798696183354215	1.58
30.461452405153892	1.58
15.671799159131226	1.58
30.66466311346192	1.58
6.998037424123234	1.58
30.562889117952988	1.58
18.322426058790057	1.58
39.44869135523672	1.58
6.279605653446801	1.58
22.09359319440133	1.58
30.150855065944608	1.58
36.83667361496467	1.58
6.279605653446801	1.58
22.09359319440133	1.58
30.150855065944608	1.58
40.36840980116099	1.58
9.804561750768867	1.58
16.95761907446451	1.58
21.25400710621258	1.58
40.36840980116099	1.58
7.00164019761919	1.58
6.800729132551162	1.58
31.47878117293895	1.58
40.36840980116099	1.58
7.046120465760071	1.58
6.800729132551162	1.58
22.878859897042854	1.58
40.36840980116099	1.58
7.269148846653378	1.58
6.800729132551162	1.58
23.657424247575662	1.58
24.811230254870512	1.58
7.269148846653378	1.58
6.434770175441582	1.58
23.381068558338292	1.58
24.811230254870512	1.58
11.739340130783079	1.58
6.782216455243211	1.58
23.74322099580103	1.58
25.6148967399844	1.58
13.405374065288816	1.58
6.782216455243211	1.58
22.61862989557388	1.58
28.342858924372038	1.58
18.12373849900774	1.58
6.723325955643	1.58
17.818854428292113	1.58
24.581622694878842	1.58
23.849507101300937	1.58
6.723325955643	1.58
11.806067752343052	1.58
25.40907243286025	1.58
23.781854559455	1.58
15.087452727725363	1.58
6.054952291935088	1.58
29.058445968309172	1.58
22.73516468863568	1.58
15.087452727725363	1.58
8.257014696379322	1.58
32.02846066754671	1.58
28.90280799370617	1.58
15.087452727725363	1.58
8.257014696379322	1.58
40.137244318739235	1.58
34.58726548676319	1.58
15.011764237724055	1.58
8.257014696379322	1.58
24.810452188775468	1.58
40.76145471911561	1.58
19.909124399365687	1.58
11.803844097760681	1.58
26.283809374478103	1.58
40.76145471911561	1.58
10.621262399881214	1.58
11.803844097760681	1.58
23.4077849673846	1.58
40.76145471911561	1.58
10.621262399881214	1.58
18.808191145082304	1.58
26.19130724656948	1.58
38.43303711332355	1.58
16.062355476215686	1.58
14.864341665781811	1.58
28.623471207466594	1.58
37.24201011144639	1.58
6.150552068801986	1.58
14.864341665781811	1.58
40.21389110937184	1.58
34.831743878046396	1.58
13.391972898350883	1.58
9.329157169196009	1.58
40.21389110937184	1.58
34.831743878046396	1.58
13.391972898350883	1.58
18.2495246948564	1.58
28.578558460475396	1.58
29.845929287986646	1.58
13.391972898350883	1.58
18.2495246948564	1.58
36.823396286625794	1.58
33.85223684770957	1.58
13.391972898350883	1.58
18.2495246948564	1.58
41.91257012888615	1.58
26.72443309882984	1.58
13.391972898350883	1.58
18.2495246948564	1.58
41.91257012888615	1.58
22.811405029307508	1.58
13.391972898350883	1.58
17.99549056531561	1.58
33.52984712398198	1.58
28.983159029261074	1.58
13.391972898350883	1.58
16.749995038667123	1.58
37.3135569922248	1.58
43.802404539391716	1.58
19.02784434485367	1.58
16.749995038667123	1.58
37.3135569922248	1.58
43.802404539391716	1.58
19.02784434485367	1.58
16.749995038667123	1.58
29.138782152125113	1.58
38.54275827743628	1.58
19.02784434485367	1.58
19.709914233572153	1.58
27.539329159120733	1.58
46.388346500353734	1.58
14.333324465326442	1.58
16.641851238028085	1.58
32.95123815055915	1.58
46.388346500353734	1.58
14.333324465326442	1.58
23.417810917238846	1.58
27.469656868638733	1.58
52.3482197163072	1.58
10.692854622939883	1.58
23.187614596113967	1.58
28.785171004621738	1.58
52.3482197163072	1.58
14.39972568036633	1.58
23.187614596113967	1.58
27.274441129247393	1.58
46.12324481357119	1.58
13.056161471793505	1.58
31.536186285411173	1.58
27.524476746089867	1.58
44.62262587998693	1.58
13.056161471793505	1.58
31.536186285411173	1.58
27.524476746089867	1.58
41.13929938636441	1.58
18.792298976856507	1.58
30.54882296088933	1.58
27.633428276630656	1.58
38.14631435452275	1.58
22.696789536123383	1.58
25.76989936917112	1.58
26.51965218576026	1.58
31.095359791780233	1.58
22.696789536123383	1.58
25.676177558097347	1.58
26.51965218576026	1.58
28.7935258840759	1.58
18.512248032812316	1.58
25.676177558097347	1.58
26.70477389511666	1.58
23.89054751860063	1.58
20.937850912278154	1.58
25.6169560527522	1.58
26.605509423902905	1.58
23.186614335060916	1.58
21.30766682600399	1.58
26.13667034152467	1.58
26.535324639378985	1.58
24.55360406846674	1.58
21.30766682600399	1.58
26.594345216038768	1.58
25.50709022000763	1.58
22.64232881857332	1.58
20.482357580150044	1.58
26.21950988544204	1.58
25.50709022000763	1.58
23.24557002163134	1.58
20.482357580150044	1.58
27.809812301188522	1.58
23.29516363387257	1.58
25.47436171911344	1.58
19.525438686849725	1.58
28.602508432185516	1.58
23.307853402113242	1.58
23.370585746410384	1.58
18.748277638914633	1.58
26.438959397604055	1.58
24.179331055894682	1.58
22.34678807826551	1.58
15.926069775523192	1.58
29.04327500019967	1.58
21.31238083218884	1.58
24.91900794173157	1.58
17.445993402942513	1.58
31.46021502614652	1.58
15.638118339411987	1.58
30.949417164898016	1.58
16.970274171810427	1.58
31.46021502614652	1.58
15.638118339411987	1.58
31.046241025649884	1.58
16.029177213027225	1.58
31.46021502614652	1.58
15.422480866216468	1.58
31.241773240773185	1.58
11.011859614932995	1.58
29.28263640094847	1.58
14.612130925987454	1.58
30.33186548826226	1.58
16.361415932141206	1.58
40.95102398669276	1.58
5.870825770765897	1.58
30.33186548826226	1.58
16.361415932141206	1.58
40.95102398669276	1.58
4.8677843405537775	1.58
27.901384641876252	1.58
21.34519866087652	1.58
40.95102398669276	1.58
16.094636122780116	1.58
29.020108986370758	1.58
19.549161756071804	1.58
40.95102398669276	1.58
13.757734153913647	1.58
25.027700574591396	1.58
24.633474690169265	1.58
40.95102398669276	1.58
13.757734153913647	1.58
25.139951594953907	1.58
24.601122555960128	1.58
37.67255942026089	1.58
22.88658995644696	1.58
25.40524792806807	1.58
24.054657576719947	1.58
44.1102336925859	1.58
22.94016437929642	1.58
25.456723167913072	1.58
24.42900348781871	1.58
45.30791584980291	1.58
15.503272348087581	1.58
25.456723167913072	1.58
24.126451836075418	1.58
37.25738398125195	1.58
8.886295956642266	1.58
26.078498001378215	1.58
35.7754814385307	1.58
37.25738398125195	1.58
13.08209665728932	1.58
26.52554874962118	1.58
41.89908767358831	1.58
36.674738686086364	1.58
21.316307002347234	1.58
18.863917832558517	1.58
33.488439518721265	1.58
38.916783425823695	1.58
16.78160159422958	1.58
18.863917832558517	1.58
28.141285525822166	1.58
41.85043246887285	1.58
22.222219463526557	1.58
19.519670354388875	1.58
31.818574473801792	1.58
59.05546606462223	1.58
24.724804620876334	1.58
13.552813742158229	1.58
34.52930823855896	1.58
37.061405004989155	1.58
16.524356845610324	1.58
12.722986497026671	1.58
35.68017796515428	1.58
29.96956756007797	1.58
17.919278736181045	1.58
12.105512775860984	1.58
35.68017796515428	1.58
29.96956756007797	1.58
17.919278736181045	1.58
10.959876704596724	1.58
35.68017796515428	1.58
36.379564882231364	1.58
17.919278736181045	1.58
20.22648527978893	1.58
35.68017796515428	1.58
38.08015928450665	1.58
20.902830819576394	1.58
27.753241908019252	1.58
40.5506603331409	1.58
33.93681843118569	1.58
13.111874624081171	1.58
23.24857528053167	1.58
52.85140589350932	1.58
28.153490357834137	1.58
13.111874624081171	1.58
23.24857528053167	1.58
52.85140589350932	1.58
28.153490357834137	1.58
14.594299755552566	1.58
20.1374532000185	1.58
52.85140589350932	1.58
24.222897906229747	1.58
9.190799725726572	1.58
16.485464292021014	1.58
37.891928112133016	1.58
27.857262215416185	1.58
9.190799725726572	1.58
16.485464292021014	1.58
37.891928112133016	1.58
29.202427142522623	1.58
9.190799725726572	1.58
8.547009314904024	1.58
40.896813105265444	1.58
29.202427142522623	1.58
9.190799725726572	1.58
7.9553522240532	1.58
40.896813105265444	1.58
21.66134190966695	1.58
9.190799725726572	1.58
7.9553522240532	1.58
43.592454975821845	1.58
27.117276801272713	1.58
9.190799725726572	1.58
7.9553522240532	1.58
43.40554026105745	1.58
19.416649498240353	1.58
12.1709815571781	1.58
7.9553522240532	1.58
36.537182803959276	1.58
19.416649498240353	1.58
6.685603597218851	1.58
7.9553522240532	1.58
44.048174197436786	1.58
30.124341897095572	1.58
6.685603597218851	1.58
7.9553522240532	1.58
44.048174197436786	1.58
22.95974765339881	1.58
6.503420222119608	1.58
7.9553522240532	1.58
34.93915985499361	1.58
22.95974765339881	1.58
6.503420222119608	1.58
10.644853141391655	1.58
36.04473810602378	1.58
15.530385797883978	1.58
6.503420222119608	1.58
9.25399670344471	1.58
29.89069862867755	1.58
15.530385797883978	1.58
9.299576107738154	1.58
9.25399670344471	1.58
23.0381698268266	1.58
19.029888157825017	1.58
9.299576107738154	1.58
9.204245367176902	1.58
18.492858561034943	1.58
19.738832204079664	1.58
1.339844851992524	1.58
8.964795398701243	1.58
19.64909277521273	1.58
26.466556615609328	1.58
1.339844851992524	1.58
17.285102199394224	1.58
19.64909277521273	1.58
24.215189655433694	1.58
7.01588719190535	1.58
18.244589692148413	1.58
29.696664949041907	1.58
22.017191008381495	1.58
10.21593397550115	1.58
10.514061491177188	1.58
29.386335035231063	1.58
23.128303999323446	1.58
10.21593397550115	1.58
10.896440684413072	1.58
35.488797097836596	1.58
32.5789133903594	1.58
10.21593397550115	1.58
7.019303254599727	1.58
30.09823223345593	1.58
44.09587265877057	1.58
15.656534732538075	1.58
10.054279610802865	1.58
28.127829343021816	1.58
44.09587265877057	1.58
18.903496709520386	1.58
17.91651418523316	1.58
28.751278164216018	1.58
44.09587265877057	1.58
18.903496709520386	1.58
17.91651418523316	1.58
29.74780335574351	1.58
42.79019330008615	1.58
18.903496709520386	1.58
17.91651418523316	1.58
26.214034857300838	1.58
47.26311350847275	1.58
11.892877453363454	1.58
5.742984125828443	1.58
31.571621823820717	1.58
42.82680853265178	1.58
12.180887682952616	1.58
5.742984125828443	1.58
37.59651070840337	1.58
39.82366418294957	1.58
12.180887682952616	1.58
5.742984125828443	1.58
37.59651070840337	1.58
28.94808025169713	1.58
15.419029790225917	1.58
5.742984125828443	1.58
40.77614896790729	1.58
29.564246988626802	1.58
7.694516785787204	1.58
5.742984125828443	1.58
40.77614896790729	1.58
29.133535688102416	1.58
14.194316593258673	1.58
5.742984125828443	1.58
33.28151864651206	1.58
29.133535688102416	1.58
12.34745772588817	1.58
5.742984125828443	1.58
34.09614293198027	1.58
20.81972813639812	1.58
16.50051432291822	1.58
5.742984125828443	1.58
30.111340504715997	1.58
20.011116984145293	1.58
17.833389581483953	1.58
5.742984125828443	1.58
20.358891566047845	1.58
19.104482891915453	1.58
17.34050518479818	1.58
5.742984125828443	1.58
21.113317494253366	1.58
24.22292742528336	1.58
14.156425790294914	1.58
11.328903331168705	1.58
23.256559664176457	1.58
20.12953851224994	1.58
13.219035896322984	1.58
8.899822382501146	1.58
29.10271135105865	1.58
17.021959882831855	1.58
15.131437647161652	1.58
7.81770136439782	1.58
30.07255733547428	1.58
17.021959882831855	1.58
13.714985707531547	1.58
9.473673534762934	1.58
31.680241340805075	1.58
16.750750168743252	1.58
9.820392131985177	1.58
10.51491016865742	1.58
22.050661798861917	1.58
18.665550135005372	1.58
11.833433722183095	1.58
7.604713232339828	1.58
26.09448365296035	1.58
19.628824134523505	1.58
11.833433722183095	1.58
9.602156315506429	1.58
24.05730718077047	1.58
17.82521649485148	1.58
12.082036814520222	1.58
8.990185317762743	1.58
24.05730718077047	1.58
23.031845838188694	1.58
6.038320823168743	1.58
3.231504645580358	1.58
24.05730718077047	1.58
23.031845838188694	1.58
12.832782668716288	1.58
5.003807602421588	1.58
21.941361952564407	1.58
17.752097954171703	1.58
11.245092137843475	1.58
9.149398625250212	1.58
22.744199101003453	1.58
16.155240674892813	1.58
7.18422956394013	1.58
2.336342031344639	1.58
36.23140534117893	1.58
19.49817187531013	1.58
14.90397363076925	1.58
2.336342031344639	1.58
30.977802640597695	1.58
16.082948935646066	1.58
22.510542087016695	1.58
2.336342031344639	1.58
24.67774029030435	1.58
16.082948935646066	1.58
20.789346492469257	1.58
2.336342031344639	1.58
33.984297792211706	1.58
22.570676387044443	1.58
18.67466958676028	1.58
10.197879673124238	1.58
33.984297792211706	1.58
20.9101135725431	1.58
17.057676043656674	1.58
12.97261686513044	1.58
24.557267267374712	1.58
21.277607969497033	1.58
17.057676043656674	1.58
14.364638800741092	1.58
20.997176925047974	1.58
23.37010358154644	1.58
17.335111338533025	1.58
10.037652741689598	1.58
22.966678157826234	1.58
36.6673535452213	1.58
13.200747580089496	1.58
17.93131112621388	1.58
19.729895299509703	1.58
32.61349266929333	1.58
8.202976331239263	1.58
15.285403507488386	1.58
20.7785618450948	1.58
32.61349266929333	1.58
11.888930650957638	1.58
15.303765868580989	1.58
21.679311555738387	1.58
36.21244341726589	1.58
9.376129984171037	1.58
16.39399637433849	1.58
22.429574363794636	1.58
28.269635369569794	1.58
9.376129984171037	1.58
19.773892291107224	1.58
24.40748271342003	1.58
31.34711709126629	1.58
8.067710273755722	1.58
20.085823464785754	1.58
27.53723763614138	1.58
27.35715297846503	1.58
7.856617869576695	1.58
20.690691665109014	1.58
27.53723763614138	1.58
28.204171647871718	1.58
14.152107606873923	1.58
23.149501098393575	1.58
31.606058139582764	1.58
22.50969038506056	1.58
14.152107606873923	1.58
23.298154059403352	1.58
36.97542465847321	1.58
24.883352173849126	1.58
17.368434755427305	1.58
26.609580116961254	1.58
36.97542465847321	1.58
23.799656361332094	1.58
17.368434755427305	1.58
26.877890241626762	1.58
39.913834998325015	1.58
23.23093226142632	1.58
17.368434755427305	1.58
30.114556624165658	1.58
41.91911926169306	1.58
24.735691506133616	1.58
19.25879866172608	1.58
19.165269573123336	1.58
41.91911926169306	1.58
24.735691506133616	1.58
21.483633359911256	1.58
15.826711385394187	1.58
41.91911926169306	1.58
25.059142556849466	1.58
18.36851773811193	1.58
15.826711385394187	1.58
41.91911926169306	1.58
25.882569306284687	1.58
12.476439752272384	1.58
15.826711385394187	1.58
42.49958644843181	1.58
30.66164357885974	1.58
3.851455364323723	1.58
15.826711385394187	1.58
42.49958644843181	1.58
29.87719356395909	1.58
3.851455364323723	1.58
16.66099433417653	1.58
42.49958644843181	1.58
30.09832322272108	1.58
3.851455364323723	1.58
13.312451348066325	1.58
28.451805869606744	1.58
44.3998010881636	1.58
3.7107831905944515	1.58
13.312451348066325	1.58
37.43137874714567	1.58
44.86033463439877	1.58
3.7107831905944515	1.58
13.312451348066325	1.58
51.48742465400922	1.58
44.86033463439877	1.58
3.7107831905944515	1.58
13.312451348066325	1.58
35.59616488074113	1.58
41.97974406204777	1.58
10.15049645729567	1.58
13.312451348066325	1.58
35.59616488074113	1.58
41.97974406204777	1.58
11.841652345984574	1.58
13.312451348066325	1.58
32.230655457186394	1.58
32.22406954343192	1.58
7.881510224552912	1.58
12.614437988390922	1.58
33.32882928791507	1.58
27.965273385408054	1.58
7.881510224552912	1.58
12.614437988390922	1.58
25.623527707772105	1.58
24.510466204799485	1.58
15.391899162391244	1.58
5.325409614933207	1.58
34.623921793252414	1.58
23.21951073562323	1.58
15.391899162391244	1.58
8.841651053188876	1.58
34.623921793252414	1.58
23.21951073562323	1.58
12.543399586762348	1.58
4.426023365422989	1.58
28.303587968504974	1.58
29.46528233883159	1.58
12.543399586762348	1.58
13.745513483888447	1.58
23.174740231819285	1.58
29.46528233883159	1.58
12.696588534492134	1.58
12.775631946272874	1.58
28.113005903774898	1.58
27.065386095588785	1.58
9.103717099304962	1.58
13.632662233178447	1.58
31.595168928733315	1.58
27.254919537298353	1.58
9.103717099304962	1.58
14.739956889478556	1.58
34.09231644327686	1.58
22.192817040031038	1.58
6.975244867250698	1.58
7.656100039562309	1.58
34.09231644327686	1.58
35.419429437812	1.58
8.76749500100265	1.58
14.752363520704183	1.58
25.518068376137432	1.58
32.86615164434129	1.58
8.76749500100265	1.58
14.752363520704183	1.58
39.22097525587024	1.58
41.18065816674459	1.58
8.76749500100265	1.58
14.752363520704183	1.58
35.89987490944236	1.58
47.13429974547542	1.58
8.76749500100265	1.58
21.940154074491637	1.58
35.89987490944236	1.58
47.13429974547542	1.58
23.719412780994073	1.58
21.47386249873076	1.58
32.78598945104038	1.58
39.63335132205817	1.58
24.283643801112273	1.58
21.47386249873076	1.58
29.244454356617968	1.58
39.63335132205817	1.58
24.283643801112273	1.58
22.332166572939883	1.58
28.50264111388114	1.58
39.63335132205817	1.58
24.406405001957026	1.58
17.79045501860675	1.58
23.664837178131894	1.58
32.83411046710967	1.58
16.90610768947616	1.58
13.688516705627872	1.58
32.126281614392994	1.58
47.8313930814809	1.58
8.732765333185029	1.58
9.991332672025475	1.58
52.19712388518988	1.58
35.42800606663529	1.58
8.732765333185029	1.58
10.952019032910975	1.58
50.15939222597863	1.58
35.42800606663529	1.58
13.8366214212603	1.58
10.952019032910975	1.58
50.15939222597863	1.58
31.63647911808498	1.58
13.8366214212603	1.58
12.733455518432436	1.58
38.48112887013103	1.58
31.63647911808498	1.58
10.456353668912822	1.58
12.733455518432436	1.58
43.68470501211809	1.58
31.63647911808498	1.58
20.306523138628208	1.58
4.500310945601903	1.58
43.68470501211809	1.58
31.755121743666322	1.58
13.274494821764375	1.58
4.500310945601903	1.58
43.68470501211809	1.58
31.755121743666322	1.58
13.274494821764375	1.58
6.8888145588548895	1.58
43.68470501211809	1.58
34.23329094233956	1.58
13.274494821764375	1.58
21.740698239672206	1.58
43.08122693113256	1.58
34.23329094233956	1.58
17.439608088726864	1.58
16.48662990030134	1.58
47.476663373864056	1.58
34.23329094233956	1.58
17.439608088726864	1.58
16.48662990030134	1.58
47.476663373864056	1.58
35.596573101927504	1.58
18.575841308862056	1.58
10.442008343215566	1.58
46.447705020991904	1.58
36.68263819114286	1.58
23.832028699659396	1.58
23.871665234164325	1.58
44.23113646442009	1.58
36.68263819114286	1.58
27.480066580680077	1.58
18.014158612648206	1.58
41.92368402661328	1.58
36.68263819114286	1.58
26.10971651880046	1.58
18.014158612648206	1.58
41.92368402661328	1.58
36.68263819114286	1.58
24.128438891318154	1.58
15.051584434685871	1.58
36.72035742944365	1.58
26.95755472527046	1.58
18.940669026881988	1.58
15.051584434685871	1.58
33.80821472255726	1.58
23.137546148378465	1.58
21.596693276681016	1.58
7.935332542279728	1.58
30.75671907882696	1.58
23.605980883029545	1.58
24.22926405755459	1.58
7.935332542279728	1.58
29.316767818002198	1.58
23.605980883029545	1.58
26.635069744690817	1.58
15.764154625713896	1.58
34.123158697618834	1.58
22.779370403996435	1.58
20.170803283777303	1.58
16.068305096257014	1.58
34.123158697618834	1.58
21.25515200293782	1.58
20.610677714008677	1.58
11.943926283751301	1.58
37.58485103581773	1.58
21.10839392368307	1.58
7.47391433171682	1.58
9.330401420058196	1.58
23.721653161196016	1.58
26.29400912108677	1.58
7.47391433171682	1.58
12.255628099225444	1.58
31.708211105289912	1.58
21.62828509443995	1.58
19.12936499663298	1.58
7.05902533635752	1.58
31.708211105289912	1.58
22.0523502809772	1.58
19.12936499663298	1.58
15.151809935836933	1.58
31.708211105289912	1.58
21.53736594612772	1.58
9.985207294609737	1.58
15.151809935836933	1.58
22.63292318767229	1.58
22.379305598948157	1.58
10.756094486660928	1.58
16.605528166673487	1.58
22.63292318767229	1.58
22.68602794023129	1.58
13.029827813309529	1.58
15.560082085314313	1.58
18.849582421276395	1.58
21.828654204808945	1.58
7.3486117804498186	1.58
17.98855596247632	1.58
18.871421225677757	1.58
31.90719429527692	1.58
7.3486117804498186	1.58
20.493973315509066	1.58
27.03451726936618	1.58
25.09563555742737	1.58
7.3486117804498186	1.58
20.493973315509066	1.58
21.371142623528833	1.58
25.09563555742737	1.58
5.059924385967953	1.58
19.68880667947766	1.58
17.32544559083336	1.58
25.09563555742737	1.58
5.059924385967953	1.58
14.469788710178122	1.58
18.663765963380914	1.58
22.76404839847417	1.58
9.294289537032578	1.58
10.403747790833464	1.58
23.39447362914963	1.58
28.356876983728206	1.58
10.421012519490901	1.58
5.450013805970084	1.58
25.812681605191223	1.58
21.89438740996777	1.58
14.634524758986878	1.58
5.450013805970084	1.58
24.853886668802534	1.58
28.715153271186715	1.58
6.461053045815916	1.58
3.6390071025507	1.58
19.325830479544344	1.58
29.884316041972625	1.58
6.461053045815916	1.58
3.6390071025507	1.58
13.285134378278231	1.58
38.51314139487875	1.58
11.224070675652325	1.58
6.470293999289264	1.58
13.127440864903079	1.58
27.181096882095638	1.58
10.822110674508526	1.58
6.470293999289264	1.58
18.053493961013032	1.58
28.67492908383359	1.58
6.525229831100111	1.58
6.470293999289264	1.58
17.21556662147835	1.58
28.67492908383359	1.58
6.525229831100111	1.58
8.07321949039391	1.58
19.560864017900577	1.58
20.915989207541994	1.58
6.525229831100111	1.58
9.431536846568275	1.58
15.271606304711396	1.58
23.958270177382538	1.58
6.525229831100111	1.58
6.0384556618884915	1.58
14.503839728112318	1.58
19.0362553385419	1.58
3.6389074358193696	1.58
6.0384556618884915	1.58
19.040044983350008	1.58
13.686324546249594	1.58
8.641634137948294	1.58
11.439144341906015	1.58
16.699506833379807	1.58
13.1184318929676	1.58
4.757650035146405	1.58
10.889116501324716	1.58
25.840765742991433	1.58
14.910940179184186	1.58
12.82264899721941	1.58
8.965445991821525	1.58
31.98612988172564	1.58
14.910940179184186	1.58
12.214101189833926	1.58
6.99129026316076	1.58
33.6239309494462	1.58
15.221048536018689	1.58
19.08969412904569	1.58
19.89761026213384	1.58
39.1464447457402	1.58
13.009444630145138	1.58
19.08969412904569	1.58
23.79628888382628	1.58
40.59293317458636	1.58
15.049439581058271	1.58
19.08969412904569	1.58
24.126179055911	1.58
45.413407029082435	1.58
14.431105753502125	1.58
18.986094231341596	1.58
24.126179055911	1.58
46.80642529019948	1.58
11.341476314878797	1.58
18.986094231341596	1.58
35.3189299660739	1.58
46.80642529019948	1.58
12.380399042701924	1.58
18.9049661016925	1.58
35.3189299660739	1.58
46.80642529019948	1.58
8.795394671267315	1.58
26.930346987813564	1.58
32.24307368545907	1.58
46.80642529019948	1.58
13.422285312947132	1.58
28.801006583340314	1.58
35.55683373163903	1.58
53.83500048944675	1.58
17.305814300345475	1.58
39.313710367890536	1.58
40.197135650672664	1.58
65.28274335373291	1.58
14.912933554207093	1.58
39.313710367890536	1.58
40.197135650672664	1.58
62.848181731179174	1.58
14.912933554207093	1.58
31.853374933226803	1.58
37.74572171975389	1.58
55.26700775925172	1.58
14.912933554207093	1.58
26.561633480030892	1.58
37.74572171975389	1.58
41.981246857949074	1.58
9.521794042331713	1.58
27.905286505518802	1.58
45.91354561821615	1.58
41.567362540650564	1.58
18.12387182960948	1.58
24.787754969149304	1.58
40.189006190414716	1.58
42.10828079820974	1.58
16.900914973784303	1.58
24.787754969149304	1.58
40.94195939881372	1.58
39.129182329548826	1.58
15.707925789303967	1.58
26.659535191835168	1.58
45.062647831829736	1.58
36.32685987485799	1.58
15.707925789303967	1.58
22.188468146076563	1.58
45.062647831829736	1.58
37.42707639387979	1.58
12.83650030959626	1.58
25.009344279878782	1.58
42.51329993036422	1.58
37.5215226514031	1.58
12.83650030959626	1.58
28.605717885094435	1.58
42.848942090971164	1.58
37.5215226514031	1.58
20.43892880505775	1.58
28.467282962802663	1.58
42.848942090971164	1.58
35.71228032450105	1.58
17.91357023463613	1.58
27.38568929789064	1.58
40.394958640118816	1.58
35.549716295348894	1.58
17.601322989997783	1.58
19.610166599102573	1.58
40.394958640118816	1.58
31.774019540357184	1.58
18.27367413045239	1.58
20.314510289760115	1.58
42.91006722739847	1.58
30.631305487066232	1.58
18.27367413045239	1.58
20.489953581569807	1.58
42.91006722739847	1.58
36.59048229851807	1.58
16.097433255860484	1.58
19.815071034209016	1.58
42.91006722739847	1.58
35.55495890595384	1.58
13.958877785915217	1.58
20.834447503125517	1.58
42.91006722739847	1.58
33.26236032549717	1.58
13.958877785915217	1.58
20.834447503125517	1.58
42.3795834761174	1.58
33.555446282796126	1.58
25.976203231104236	1.58
20.834447503125517	1.58
42.3795834761174	1.58
33.43096840016947	1.58
19.010853626943298	1.58
20.724732222267868	1.58
45.353353227061405	1.58
34.13845180390055	1.58
19.010853626943298	1.58
20.724732222267868	1.58
40.40274926019208	1.58
40.064371242720924	1.58
19.529460857188457	1.58
21.78214846411605	1.58
40.294909469172936	1.58
48.46933760404083	1.58
28.30112396408022	1.58
21.78214846411605	1.58
40.294909469172936	1.58
46.04940461304494	1.58
23.082184593096144	1.58
21.78214846411605	1.58
40.294909469172936	1.58
52.520014448914566	1.58
22.56531599472401	1.58
22.013101226447564	1.58
37.00524988100396	1.58
50.11522057070387	1.58
22.969377610088273	1.58
22.013101226447564	1.58
38.477089627736135	1.58
50.11522057070387	1.58
10.336714743564862	1.58
10.220274559088814	1.58
32.169332784724354	1.58
48.15256138409204	1.58
12.205231487338136	1.58
10.388289168368402	1.58
29.71214014499829	1.58
44.07236769066545	1.58
12.205231487338136	1.58
10.388289168368402	1.58
45.1944005752171	1.58
44.07236769066545	1.58
10.656440788259161	1.58
10.325252733869542	1.58
43.83829248502952	1.58
44.165885344196774	1.58
10.656440788259161	1.58
10.325252733869542	1.58
43.64209929749282	1.58
38.23579476376553	1.58
10.656440788259161	1.58
10.325252733869542	1.58
43.64209929749282	1.58
36.51675599619905	1.58
10.656440788259161	1.58
10.256091071727758	1.58
44.299648103479235	1.58
29.066516611732176	1.58
10.656223579656585	1.58
10.256091071727758	1.58
44.299648103479235	1.58
22.434050230394973	1.58
10.56655963262348	1.58
10.297691484072356	1.58
44.299648103479235	1.58
12.74509017686093	1.58
10.56655963262348	1.58
10.404521409426817	1.58
44.299648103479235	1.58
13.353336517079503	1.58
21.289961761313883	1.58
8.820993450313361	1.58
40.2979159873508	1.58
15.943815674595985	1.58
16.222634547996673	1.58
7.457473961898449	1.58
35.02020383855306	1.58
23.97799814742536	1.58
12.938504075040083	1.58
5.037779443338702	1.58
36.14174809761167	1.58
21.798756482378476	1.58
12.938504075040083	1.58
5.037779443338702	1.58
39.7872965384262	1.58
21.83852963665727	1.58
11.70039805118353	1.58
5.037779443338702	1.58
40.46528069972109	1.58
18.350350435157686	1.58
17.321251992462006	1.58
10.842386560635694	1.58
46.69642579639585	1.58
18.350350435157686	1.58
23.078399438914527	1.58
10.235124479108062	1.58
38.75541056599385	1.58
22.820320486128406	1.58
17.337290821691255	1.58
9.761898672022781	1.58
38.75541056599385	1.58
20.850965386437743	1.58
23.255615362067168	1.58
9.761898672022781	1.58
31.24858944073113	1.58
12.817952928724559	1.58
23.255615362067168	1.58
6.76766892504183	1.58
26.617788162468855	1.58
12.817952928724559	1.58
33.61144328233327	1.58
7.292468726583208	1.58
24.869674052871378	1.58
12.494760148659433	1.58
33.372205157820105	1.58
7.292468726583208	1.58
30.65265322587225	1.58
11.829405799470884	1.58
29.42131645910079	1.58
3.9586354115870135	1.58
29.597834487678238	1.58
9.410925641269872	1.58
35.02150074459494	1.58
0.5751344968597856	1.58
47.695595643671076	1.58
9.410925641269872	1.58
36.253137753283156	1.58
7.4702098423057635	1.58
47.695595643671076	1.58
10.083868935825196	1.58
26.892561902861107	1.58
8.727767549198582	1.58
47.695595643671076	1.58
10.083868935825196	1.58
40.047988184672036	1.58
8.344555528654578	1.58
47.5223381502954	1.58
10.083868935825196	1.58
31.583277877446307	1.58
8.344555528654578	1.58
44.86021295759692	1.58
11.020385203188459	1.58
35.22503969905543	1.58
2.8548450889234402	1.58
50.633662901170986	1.58
20.83892032457603	1.58
35.22503969905543	1.58
2.8548450889234402	1.58
44.43318782906486	1.58
8.099398840213894	1.58
25.927512656674505	1.58
2.8548450889234402	1.58
56.284589429976805	1.58
9.802242171971514	1.58
29.42124927308271	1.58
5.145366777866817	1.58
36.52933681491504	1.58
9.802242171971514	1.58
27.529818666957247	1.58
5.145366777866817	1.58
43.155978219679604	1.58
9.802242171971514	1.58
26.528697386710483	1.58
7.001897029120505	1.58
43.155978219679604	1.58
9.802242171971514	1.58
37.54415397345443	1.58
7.001897029120505	1.58
41.53604842148965	1.58
19.424102909481654	1.58
42.00066275771641	1.58
7.475169082762516	1.58
41.53604842148965	1.58
22.76514241191056	1.58
42.00066275771641	1.58
24.064316466705915	1.58
42.88023591278615	1.58
22.647439415355187	1.58
42.18949312334988	1.58
23.50268070150484	1.58
43.387860950314355	1.58
22.605323565950936	1.58
41.17875651312403	1.58
23.824251581874393	1.58
43.438395551200664	1.58
22.532075373557966	1.58
41.17875651312403	1.58
23.72608825318787	1.58
43.438395551200664	1.58
21.786331373208206	1.58
41.17875651312403	1.58
12.136843006205552	1.58
43.437283471115485	1.58
18.202294149163176	1.58
39.89980318129312	1.58
7.780670664682752	1.58
32.54530613881152	1.58
18.202294149163176	1.58
40.40065997139372	1.58
12.557417522010587	1.58
32.54530613881152	1.58
8.754191096232454	1.58
36.8753066505976	1.58
12.557417522010587	1.58
36.380483279483734	1.58
10.307164858434318	1.58
36.69556157089431	1.58
16.154009131364738	1.58
30.224345589470907	1.58
6.4079569364990725	1.58
37.70051134407876	1.58
16.154009131364738	1.58
43.66606264032362	1.58
6.4079569364990725	1.58
40.29871412669677	1.58
16.154009131364738	1.58
42.265140555280446	1.58
6.4079569364990725	1.58
37.64422121511108	1.58
16.154009131364738	1.58
42.265140555280446	1.58
6.962738508300514	1.58
33.69299518749691	1.58
16.154009131364738	1.58
42.265140555280446	1.58
11.131280133822038	1.58
33.69299518749691	1.58
9.45590796732911	1.58
56.538017227363135	1.58
12.716022059282091	1.58
33.69299518749691	1.58
9.660843447324096	1.58
52.12939580020378	1.58
12.716022059282091	1.58
28.28297223606478	1.58
7.371327618235628	1.58
36.279432917326844	1.58
4.412985764594286	1.58
18.585362595334256	1.58
3.3880890114011883	1.58
30.329899053929978	1.58
4.337014256389269	1.58
12.98322506882268	1.58
3.5684531400433026	1.58
31.989402281956174	1.58
9.296460911253988	1.58
12.98322506882268	1.58
3.5684531400433026	1.58
36.27073920766145	1.58
9.296460911253988	1.58
12.98322506882268	1.58
4.042002082614514	1.58
24.187672267103753	1.58
9.975635599398252	1.58
14.053627798754	1.58
4.096344203345481	1.58
34.78452544856067	1.58
12.014820634621351	1.58
10.940234158813544	1.58
3.6295369434668308	1.58
34.706426002631424	1.58
14.07401966947366	1.58
20.31184709246258	1.58
4.514724173836623	1.58
30.14822692276978	1.58
12.561533842886028	1.58
20.31184709246258	1.58
4.514724173836623	1.58
30.915982709783954	1.58
12.561533842886028	1.58
26.71612522910695	1.58
4.514724173836623	1.58
27.037395206236923	1.58
17.339754109773438	1.58
26.5015859615204	1.58
7.164926030211035	1.58
27.217501227033672	1.58
18.26654247166792	1.58
26.358905255383718	1.58
5.20157368807495	1.58
30.500804539218713	1.58
19.464889688347284	1.58
24.867257270056108	1.58
9.860983819079255	1.58
35.183868456559566	1.58
14.716287272909305	1.58
25.5011126580131	1.58
9.88435434981334	1.58
35.183868456559566	1.58
10.427186370308558	1.58
35.61722516511145	1.58
9.849274652133996	1.58
35.38607303932811	1.58
19.461972179969916	1.58
35.78727047982129	1.58
1.1334656629516573	1.58
40.05137866585049	1.58
19.461972179969916	1.58
35.78727047982129	1.58
8.40629497717602	1.58
42.76237716807529	1.58
19.461972179969916	1.58
31.135286101979744	1.58
12.5985211270605	1.58
42.76237716807529	1.58
23.270078976977658	1.58
28.175242177742163	1.58
5.4737912917952265	1.58
42.76237716807529	1.58
23.270078976977658	1.58
28.175242177742163	1.58
14.212586653984905	1.58
42.76237716807529	1.58
16.18909551327336	1.58
25.365189462611852	1.58
12.840307840239747	1.58
42.76237716807529	1.58
16.18909551327336	1.58
31.591827908731965	1.58
13.707618833892822	1.58
47.51462297174559	1.58
16.525106025459486	1.58
27.62085282176896	1.58
13.124568511549647	1.58
48.85526211375446	1.58
16.525106025459486	1.58
17.064178733809605	1.58
13.124568511549647	1.58
48.85526211375446	1.58
16.525106025459486	1.58
16.263685853014067	1.58
13.219282314615356	1.58
48.85526211375446	1.58
16.525106025459486	1.58
24.101904618911085	1.58
11.198941274026428	1.58
45.54661264564803	1.58
16.525106025459486	1.58
35.25090288743874	1.58
11.288723461894339	1.58
56.44546341666933	1.58
16.525106025459486	1.58
37.72593125704563	1.58
8.519002252280288	1.58
56.44546341666933	1.58
21.300216270121595	1.58
38.75244021737148	1.58
8.519002252280288	1.58
52.84536965505032	1.58
25.07952779290279	1.58
38.75244021737148	1.58
20.865326070747344	1.58
39.70379060897992	1.58
26.936752170192452	1.58
38.75244021737148	1.58
16.543529389031658	1.58
35.53482736445434	1.58
25.218751092628963	1.58
38.16219047823269	1.58
16.191509445405686	1.58
35.7200515001935	1.58
23.345687688784395	1.58
39.94372055297726	1.58
16.191509445405686	1.58
33.43175764210038	1.58
25.46737480314686	1.58
37.08032014530019	1.58
13.657510873817873	1.58
33.976260440185754	1.58
31.716409704990262	1.58
38.59690583717672	1.58
13.657510873817873	1.58
33.336309338723154	1.58
31.716409704990262	1.58
36.394591622453305	1.58
13.657510873817873	1.58
34.244954921866544	1.58
22.75676343931176	1.58
36.81014820636462	1.58
9.403250396241608	1.58
34.40774022756796	1.58
14.026082244967107	1.58
36.81014820636462	1.58
9.403250396241608	1.58
32.59937029506197	1.58
15.90945842807789	1.58
35.25182294516574	1.58
9.403250396241608	1.58
47.357008963187575	1.58
15.90945842807789	1.58
35.25182294516574	1.58
11.07645133201246	1.58
41.38595083931073	1.58
17.725208696557274	1.58
31.410658477242563	1.58
11.435334457366075	1.58
35.54445434444357	1.58
18.998814450303403	1.58
32.264807438613296	1.58
15.893286519953254	1.58
35.74359201052906	1.58
12.850703664020287	1.58
40.46143675804953	1.58
15.893286519953254	1.58
36.76614330503136	1.58
11.683502236934128	1.58
52.51731684246717	1.58
15.893286519953254	1.58
28.605979609708577	1.58
9.445188418053524	1.58
55.28763418829928	1.58
19.31070899407223	1.58
21.801491809348015	1.58
9.445188418053524	1.58
55.28763418829928	1.58
24.290975588469973	1.58
21.801491809348015	1.58
9.445188418053524	1.58
53.17070527607294	1.58
34.33197151950601	1.58
17.90838860175359	1.58
5.773387566268079	1.58
38.98030644418631	1.58
32.25955858612918	1.58
14.170218510674209	1.58
9.67370897949456	1.58
38.98030644418631	1.58
32.25955858612918	1.58
15.199124672659128	1.58
10.945634455423422	1.58
38.98030644418631	1.58
35.353522776487516	1.58
14.33752095414351	1.58
10.945634455423422	1.58
42.49074198228509	1.58
35.353522776487516	1.58
6.128662473392801	1.58
10.945634455423422	1.58
46.03731051121433	1.58
38.09117891430672	1.58
6.128662473392801	1.58
10.945634455423422	1.58
46.03731051121433	1.58
38.09117891430672	1.58
6.128662473392801	1.58
16.3250228762392	1.58
53.00410580917206	1.58
38.09117891430672	1.58
11.507089539221397	1.58
16.3250228762392	1.58
49.77844017974101	1.58
38.286636979557954	1.58
11.507089539221397	1.58
17.946621463613816	1.58
49.77844017974101	1.58
29.09539199388125	1.58
11.016314340645323	1.58
9.898333499980957	1.58
49.77844017974101	1.58
30.113554397967476	1.58
11.016314340645323	1.58
6.3050510992975255	1.58
49.77844017974101	1.58
21.529849346850845	1.58
14.783708975183156	1.58
0.6857621584739881	1.58
33.38354271792629	1.58
13.255648411815061	1.58
14.783708975183156	1.58
7.407310705464127	1.58
32.57444630473033	1.58
16.33003520696547	1.58
14.85415485809268	1.58
10.503788964502752	1.58
33.544671251899416	1.58
16.33003520696547	1.58
11.77932002447762	1.58
10.477693043256382	1.58
27.227567102730283	1.58
16.33003520696547	1.58
12.470137394218304	1.58
10.477693043256382	1.58
27.227567102730283	1.58
16.33003520696547	1.58
17.594921379414693	1.58
10.616788288870044	1.58
28.362669072140278	1.58
15.72087700435099	1.58
23.186868894491816	1.58
6.6932821752078375	1.58
35.85458848007531	1.58
15.72087700435099	1.58
23.186868894491816	1.58
6.6932821752078375	1.58
45.59236863914999	1.58
15.72087700435099	1.58
23.186868894491816	1.58
9.638669254703192	1.58
40.798633929838765	1.58
15.72087700435099	1.58
19.562094276819327	1.58
7.351595204230037	1.58
40.798633929838765	1.58
16.41475224771087	1.58
19.562094276819327	1.58
4.481433734332176	1.58
40.798633929838765	1.58
16.7124531228678	1.58
22.984176641171633	1.58
6.687537042019663	1.58
42.74227681978864	1.58
13.614851076176285	1.58
13.937112782934001	1.58
5.332508338129079	1.58
42.74227681978864	1.58
13.614851076176285	1.58
20.196181351561748	1.58
7.010499276839841	1.58
29.49046769918318	1.58
13.0993197222084	1.58
19.99822991502549	1.58
5.031934788185746	1.58
29.49046769918318	1.58
7.149332854161663	1.58
13.30008004746913	1.58
3.1945964348439304	1.58
21.700745752198223	1.58
9.528039905405889	1.58
19.28792205626397	1.58
3.1945964348439304	1.58
32.88049458206611	1.58
9.528039905405889	1.58
17.08638708276682	1.58
3.1945964348439304	1.58
34.874092448110524	1.58
14.215764798816814	1.58
20.78647813091493	1.58
3.1945964348439304	1.58
40.38295425435154	1.58
19.178451043973844	1.58
20.78647813091493	1.58
3.1945964348439304	1.58
45.34826565333337	1.58
14.011632952437415	1.58
20.78647813091493	1.58
3.1945964348439304	1.58
44.815045132676296	1.58
26.573265486400853	1.58
17.897592527988326	1.58
3.1945964348439304	1.58
44.815045132676296	1.58
32.02422817706327	1.58
17.897592527988326	1.58
3.556851843406111	1.58
32.901065434481126	1.58
32.02422817706327	1.58
17.11452412725958	1.58
8.979983937628631	1.58
34.177777937490774	1.58
45.306652219807525	1.58
18.767088223088074	1.58
8.979983937628631	1.58
35.359641683727936	1.58
45.306652219807525	1.58
21.353154609488417	1.58
8.979983937628631	1.58
33.46172434741921	1.58
48.15785486598497	1.58
9.984021183574697	1.58
8.55035603955001	1.58
25.54704341657341	1.58
43.9949914087503	1.58
10.703593253894637	1.58
20.09672220551082	1.58
22.57754513538667	1.58
38.861701006773544	1.58
10.703593253894637	1.58
24.5814705086432	1.58
28.75486298678083	1.58
39.951680778995176	1.58
19.725803175870723	1.58
16.26898803456603	1.58
22.322660163440656	1.58
39.951680778995176	1.58
19.725803175870723	1.58
16.180326720450594	1.58
24.77838974484987	1.58
32.98106526336045	1.58
19.258833847777165	1.58
10.64120958464822	1.58
26.903527128526115	1.58
35.19036807042286	1.58
25.44835857751893	1.58
10.64120958464822	1.58
22.489487312632402	1.58
25.684026020085057	1.58
25.454072573908718	1.58
13.097326717440607	1.58
21.96428727789681	1.58
34.29507611049363	1.58
22.987360814178672	1.58
13.097326717440607	1.58
23.25511531983173	1.58
42.19229782347887	1.58
22.769562295669346	1.58
13.097326717440607	1.58
30.204363406108214	1.58
44.24081657962951	1.58
30.955158578863532	1.58
26.436818905742296	1.58
34.61550710208027	1.58
47.56553512047095	1.58
30.955158578863532	1.58
26.436818905742296	1.58
35.25342635614156	1.58
49.10695357274363	1.58
27.63060933429742	1.58
28.28935616509493	1.58
32.75241742922419	1.58
54.63479216597495	1.58
27.376201278455763	1.58
28.28935616509493	1.58
24.680812245778828	1.58
52.037882833043376	1.58
27.376201278455763	1.58
28.896468105464244	1.58
22.48339997594512	1.58
48.81806312982121	1.58
25.284055719051004	1.58
26.31848702876737	1.58
15.934977673691641	1.58
39.649898943881595	1.58
30.966520648660754	1.58
24.958908191928387	1.58
26.467760564204657	1.58
43.09987922619397	1.58
31.710896728789898	1.58
29.065010549243674	1.58
13.689639025696938	1.58
43.09987922619397	1.58
31.710896728789898	1.58
28.72389959328797	1.58
7.586568236089061	1.58
43.09987922619397	1.58
31.710896728789898	1.58
28.824702648735894	1.58
6.405160026946373	1.58
43.09987922619397	1.58
32.04789221010234	1.58
33.333669292206494	1.58
6.405160026946373	1.58
43.09987922619397	1.58
31.251706495204157	1.58
33.38723962553157	1.58
6.526862710252917	1.58
43.09987922619397	1.58
29.1350250909924	1.58
38.19088497349155	1.58
15.291124916848082	1.58
44.240734407745705	1.58
30.834605350029577	1.58
38.15203722695057	1.58
15.291124916848082	1.58
34.81508676172339	1.58
30.834605350029577	1.58
38.15203722695057	1.58
14.096245069193944	1.58
35.534264211550365	1.58
27.1366256573269	1.58
37.10508259141289	1.58
14.096245069193944	1.58
34.252465537406366	1.58
24.16840267003466	1.58
36.59778185304674	1.58
14.096245069193944	1.58
32.41431576733642	1.58
25.319449578996995	1.58
37.386398825611614	1.58
9.613206016246295	1.58
36.50556047628761	1.58
25.105914029681912	1.58
37.386398825611614	1.58
9.613206016246295	1.58
26.28549284265775	1.58
20.162624716473015	1.58
47.002775376645644	1.58
6.5530030275409	1.58
22.322174704147105	1.58
12.493610345988174	1.58
60.52391463223053	1.58
6.5530030275409	1.58
31.400055935863566	1.58
12.493610345988174	1.58
66.22706722639528	1.58
6.5530030275409	1.58
29.303249228416504	1.58
12.493610345988174	1.58
66.22706722639528	1.58
4.093032232258871	1.58
29.303249228416504	1.58
9.18651303777741	1.58
52.759493433346435	1.58
0.11610913129408829	1.58
29.303249228416504	1.58
9.18651303777741	1.58
34.54487657571448	1.58
0.11610913129408829	1.58
27.184942980614096	1.58
10.709574918843076	1.58
46.849483049826006	1.58
8.398166185038779	1.58
19.86410873186431	1.58
12.850427077370291	1.58
46.849483049826006	1.58
4.77408595453498	1.58
17.278874544920114	1.58
10.185476614022154	1.58
46.849483049826006	1.58
3.8145560588881553	1.58
17.278874544920114	1.58
10.185476614022154	1.58
46.849483049826006	1.58
3.8145560588881553	1.58
16.8181204971811	1.58
10.185476614022154	1.58
46.849483049826006	1.58
7.561078549141991	1.58
16.8181204971811	1.58
9.402955715384332	1.58
36.42874941558635	1.58
6.679554683382193	1.58
5.4518580896984865	1.58
9.256381405841667	1.58
36.42874941558635	1.58
6.903160481177342	1.58
5.969810113479658	1.58
9.256381405841667	1.58
23.645750787662507	1.58
7.568548269121144	1.58
5.969810113479658	1.58
10.434018584369866	1.58
17.97103602583502	1.58
7.237682125314965	1.58
6.440922647285088	1.58
10.498120022139638	1.58
18.763507478977353	1.58
8.43741667335387	1.58
7.337028444768856	1.58
13.953444978921425	1.58
17.96858955650893	1.58
6.169106135696809	1.58
7.527246083698094	1.58
10.009597516391299	1.58
22.66604212099882	1.58
7.292954398938969	1.58
7.527246083698094	1.58
2.165224932314352	1.58
19.110075968320583	1.58
7.252174089789617	1.58
3.5885484708557716	1.58
5.2886890790134	1.58
19.110075968320583	1.58
8.960093328671391	1.58
5.842845344888673	1.58
5.2886890790134	1.58
29.193831024071955	1.58
8.802810019264552	1.58
5.842845344888673	1.58
2.021139875808762	1.58
20.088556851299764	1.58
10.380405340385689	1.58
8.876410481502162	1.58
4.043169303522827	1.58
20.84066211108442	1.58
10.380405340385689	1.58
8.408790861342851	1.58
4.043169303522827	1.58
36.50000628778321	1.58
7.9153108161694234	1.58
8.622551195520435	1.58
1.31142939855821	1.58
36.50000628778321	1.58
10.29555736248663	1.58
8.603282740154885	1.58
2.844661432829425	1.58
38.578060460220364	1.58
6.7132239571860275	1.58
8.603282740154885	1.58
2.844661432829425	1.58
38.578060460220364	1.58
7.06775133052381	1.58
9.814567924229477	1.58
3.077925600310552	1.58
26.840197465204362	1.58
8.154367806737651	1.58
11.056980819523906	1.58
3.077925600310552	1.58
20.073854935568832	1.58
5.947546184391948	1.58
16.03897157631328	1.58
4.600043392584356	1.58
20.88080772411122	1.58
6.319351676888992	1.58
17.800922505306353	1.58
3.0051912612323197	1.58
13.967198257142	1.58
7.670761098231056	1.58
18.87115030508035	1.58
1.140868130693188	1.58
22.774064477706094	1.58
2.4227275281082328	1.58
18.87115030508035	1.58
1.140868130693188	1.58
24.744779576253503	1.58
6.166512802485471	1.58
30.98371936344786	1.58
1.140868130693188	1.58
24.744779576253503	1.58
6.166512802485471	1.58
34.913090326429916	1.58
2.3674559804696393	1.58
21.68298553227686	1.58
6.166512802485471	1.58
31.218451418875283	1.58
2.3674559804696393	1.58
22.17384067106365	1.58
16.021616288882846	1.58
34.09796921398577	1.58
5.401309252699383	1.58
20.775688927384845	1.58
13.1961943484085	1.58
32.714645000970414	1.58
5.401309252699383	1.58
18.53979898119728	1.58
19.945034559287045	1.58
32.714645000970414	1.58
2.5876468064687916	1.58
23.623214719430813	1.58
25.203328342388915	1.58
32.14157959120862	1.58
7.189932628284215	1.58
19.320218401506178	1.58
22.4617971063159	1.58
32.14157959120862	1.58
4.786898064451972	1.58
14.282703642414283	1.58
29.7515901167482	1.58
32.14157959120862	1.58
8.531562610404066	1.58
14.282703642414283	1.58
24.902657361860253	1.58
32.59152287272384	1.58
7.636094227584468	1.58
14.282703642414283	1.58
26.353079492403957	1.58
32.59152287272384	1.58
7.636094227584468	1.58
12.981958351278152	1.58
23.687227490485	1.58
34.485281592268315	1.58
0.9000156387954341	1.58
20.56765526660633	1.58
23.687227490485	1.58
41.2877146250917	1.58
1.2817863342795057	1.58
16.873782864231746	1.58
23.687227490485	1.58
34.30623222818224	1.58
7.400681441994054	1.58
21.316877752902418	1.58
35.87777411561649	1.58
30.96692000142818	1.58
4.888946534689541	1.58
21.316877752902418	1.58
23.246212480128698	1.58
37.737819156093025	1.58
4.888946534689541	1.58
22.646215715718	1.58
19.870735757275433	1.58
34.604369150710184	1.58
12.699674359805162	1.58
17.531339458959806	1.58
18.09100513611823	1.58
32.54943384195367	1.58
9.802912925073091	1.58
17.531339458959806	1.58
13.968618322265584	1.58
26.8596828333225	1.58
11.188293998766051	1.58
19.53961735042303	1.58
16.268379790731107	1.58
25.645374590257354	1.58
11.188293998766051	1.58
20.375717750021746	1.58
15.959216711302677	1.58
26.758968916656535	1.58
12.731600321626031	1.58
18.039057832289984	1.58
15.959216711302677	1.58
24.908142087512502	1.58
11.754818026739546	1.58
15.151088762533078	1.58
17.073970841866114	1.58
30.97686395157089	1.58
9.66390830798837	1.58
15.151088762533078	1.58
20.162479178366517	1.58
25.871515709259988	1.58
11.905271838630995	1.58
15.697433749212491	1.58
18.515633396607157	1.58
30.489369512154795	1.58
5.674486547329556	1.58
22.770897812497566	1.58
15.953845631979185	1.58
30.036120493976938	1.58
5.674486547329556	1.58
34.563750734004216	1.58
6.694320622368721	1.58
30.036120493976938	1.58
5.674486547329556	1.58
34.563750734004216	1.58
6.353560945251042	1.58
19.460030966253477	1.58
5.7187342390432	1.58
24.220117068239144	1.58
6.901832622994305	1.58
21.93369019468257	1.58
4.589597379656839	1.58
23.761378890696367	1.58
6.24673550817117	1.58
21.946560202973018	1.58
7.361116625028913	1.58
24.32082063282226	1.58
5.435658328485747	1.58
21.946560202973018	1.58
10.48680194243319	1.58
24.32082063282226	1.58
4.312291138525115	1.58
22.6318236090184	1.58
11.87080596822495	1.58
24.482936957845528	1.58
6.118533935333081	1.58
21.17109974662345	1.58
10.560173248897332	1.58
24.711585458239004	1.58
5.254163702014685	1.58
22.753462064093952	1.58
14.060585707136521	1.58
26.0567684381875	1.58
6.751409920405081	1.58
23.96120910963896	1.58
5.987257827858823	1.58
45.355661527431664	1.58
6.928011750504247	1.58
16.315668825722558	1.58
7.556249528843978	1.58
45.355661527431664	1.58
6.928011750504247	1.58
16.315668825722558	1.58
13.053069740963892	1.58
33.887949830243414	1.58
3.9931558814290717	1.58
16.641249939576348	1.58
13.053069740963892	1.58
33.887949830243414	1.58
3.2592813726210235	1.58
13.310136118418885	1.58
21.833769979190052	1.58
42.88559921486063	1.58
10.321101818022415	1.58
13.623186783450723	1.58
21.833769979190052	1.58
42.88559921486063	1.58
10.478103139806356	1.58
15.083867888600732	1.58
17.565668442287592	1.58
42.88559921486063	1.58
9.675066676645073	1.58
20.04954666325802	1.58
3.632016525315599	1.58
42.88559921486063	1.58
6.138615962616866	1.58
22.304251501376413	1.58
3.632016525315599	1.58
40.09389597885237	1.58
6.120139432916195	1.58
38.131926138907886	1.58
2.3709041975976195	1.58
40.09389597885237	1.58
6.120139432916195	1.58
38.131926138907886	1.58
1.682003742303344	1.58
40.09389597885237	1.58
8.527953641850093	1.58
37.908855399031765	1.58
17.45782708646623	1.58
40.09389597885237	1.58
10.147047623450575	1.58
37.73247281404578	1.58
7.967395318454933	1.58
41.026628481008494	1.58
12.117328310426242	1.58
37.360018764215646	1.58
7.967395318454933	1.58
41.026628481008494	1.58
13.146788919604637	1.58
37.603136982250724	1.58
8.647689954672945	1.58
25.544364462379637	1.58
13.146788919604637	1.58
33.33829288656214	1.58
10.26470079672985	1.58
24.53326977882215	1.58
14.969318832688272	1.58
33.052724692390214	1.58
9.107452743595058	1.58
24.53326977882215	1.58
20.73823156661132	1.58
30.429334971052175	1.58
12.193404216281925	1.58
20.009897899320737	1.58
28.57746532295525	1.58
30.23440030254309	1.58
13.012037893720743	1.58
11.69914863510557	1.58
28.44314072850873	1.58
31.36371702658769	1.58
13.012037893720743	1.58
19.22970066448776	1.58
39.51220734015732	1.58
38.16944590426576	1.58
16.782943641098726	1.58
13.10335345952537	1.58
39.51220734015732	1.58
38.16944590426576	1.58
16.782943641098726	1.58
4.823240825709803	1.58
39.51220734015732	1.58
38.16944590426576	1.58
10.718149214747484	1.58
4.823240825709803	1.58
39.51220734015732	1.58
38.16944590426576	1.58
24.890844238026396	1.58
7.278713944495724	1.58
36.455407916721946	1.58
37.54413157587133	1.58
22.685266383078194	1.58
7.278713944495724	1.58
34.953828070524224	1.58
36.76889572447686	1.58
21.158902138470772	1.58
7.589684972729113	1.58
43.66332433872508	1.58
30.945324612876128	1.58
5.991406056858203	1.58
18.73879676167815	1.58
47.2888901520369	1.58
31.85501293298705	1.58
5.511690063132207	1.58
23.371509100517457	1.58
40.3605379930643	1.58
32.01942806574438	1.58
19.804543544714296	1.58
26.434283460068226	1.58
36.7087595520821	1.58
32.553645628527235	1.58
26.057313820263722	1.58
26.288373260396412	1.58
40.84851343102412	1.58
36.06353181841951	1.58
26.057313820263722	1.58
29.581191167114	1.58
50.10617971527729	1.58
39.20991309733321	1.58
26.057313820263722	1.58
31.460121146440216	1.58
59.95968641700557	1.58
22.98601881105069	1.58
4.198495569449193	1.58
31.79398485307783	1.58
59.95968641700557	1.58
17.598150349307677	1.58
4.198495569449193	1.58
31.79398485307783	1.58
59.95968641700557	1.58
17.598150349307677	1.58
7.407273128119176	1.58
25.790893136622323	1.58
59.95968641700557	1.58
35.773850882765345	1.58
7.407273128119176	1.58
16.824977614268747	1.58
62.91653360328556	1.58
19.08863916613315	1.58
4.212036764356929	1.58
16.824977614268747	1.58
62.91653360328556	1.58
19.08863916613315	1.58
8.897993424970124	1.58
18.816230978897543	1.58
49.96334904083817	1.58
21.88413929578663	1.58
8.897993424970124	1.58
22.21765670818456	1.58
38.4717217992864	1.58
21.944548788630264	1.58
8.897993424970124	1.58
22.346187189321096	1.58
38.71786667024071	1.58
21.57962738359138	1.58
7.948828189490506	1.58
17.88819985870827	1.58
31.955837324461264	1.58
22.152241738816556	1.58
6.805313555713331	1.58
17.468709667650458	1.58
31.955837324461264	1.58
23.458035681528543	1.58
11.311414686669494	1.58
23.474031261788326	1.58
25.744798540093143	1.58
23.172636229188196	1.58
11.311414686669494	1.58
29.109366204637013	1.58
24.67696137753987	1.58
23.914559579037785	1.58
12.5221375938028	1.58
25.648508190011498	1.58
29.602361125836726	1.58
21.226603513718437	1.58
15.998535573553356	1.58
24.493214625797812	1.58
37.09239877173687	1.58
19.159403079814055	1.58
16.016886269404353	1.58
20.70376270325006	1.58
36.919004820902245	1.58
18.814947105674626	1.58
15.281052979041418	1.58
21.18458416590548	1.58
36.919004820902245	1.58
18.88302139541559	1.58
15.281052979041418	1.58
20.10310330126251	1.58
36.919004820902245	1.58
16.068795006157632	1.58
13.434679979966916	1.58
21.84999408079932	1.58
36.919004820902245	1.58
13.149281662854488	1.58
20.93989824806708	1.58
22.21647788548479	1.58
36.919004820902245	1.58
14.57364207192628	1.58
19.528145543920562	1.58
22.411226267963244	1.58
41.59082446157849	1.58
9.426848856944373	1.58
18.460970262055678	1.58
31.399873872772282	1.58
36.03420962717013	1.58
9.426848856944373	1.58
13.4187174292327	1.58
26.066605719838968	1.58
36.03420962717013	1.58
4.497820323731926	1.58
5.759338404122484	1.58
22.593581077791875	1.58
36.03420962717013	1.58
1.2919229293419505	1.58
15.76139738858748	1.58
19.882944169190644	1.58
36.03420962717013	1.58
1.2919229293419505	1.58
15.76139738858748	1.58
19.251682387856487	1.58
36.03420962717013	1.58
1.7496144987388362	1.58
12.98337170976015	1.58
19.251682387856487	1.58
36.03420962717013	1.58
2.791377984767653	1.58
11.69809484451826	1.58
24.47033791104471	1.58
36.03420962717013	1.58
2.791377984767653	1.58
11.69809484451826	1.58
22.719795992978383	1.58
27.318792092639647	1.58
2.791377984767653	1.58
11.69809484451826	1.58
22.719795992978383	1.58
33.74497358873711	1.58
6.056810324178507	1.58
15.973648876411424	1.58
31.961572815171344	1.58
28.804287100291837	1.58
18.291839378524273	1.58
15.973648876411424	1.58
28.648992557318856	1.58
34.15370645516528	1.58
18.72909972530757	1.58
12.40333549855783	1.58
27.353948000219397	1.58
27.33484088856204	1.58
17.117153788529038	1.58
11.776349661339488	1.58
31.946470820558453	1.58
30.664114814981343	1.58
12.490903611786756	1.58
11.776349661339488	1.58
25.76287191497719	1.58
26.374858317857	1.58
16.54795663098695	1.58
13.665006187228814	1.58
27.292385330882787	1.58
27.68707466836601	1.58
11.029846674003547	1.58
19.295420828038267	1.58
27.20661291560022	1.58
24.130052525433815	1.58
11.029846674003547	1.58
16.32206770242683	1.58
29.459640576005732	1.58
20.26136522755439	1.58
11.029846674003547	1.58
16.32206770242683	1.58
24.175879091671632	1.58
22.400590165994217	1.58
14.892824708935624	1.58
12.11781034008152	1.58
29.305775310443938	1.58
23.695442138568787	1.58
10.71756975969748	1.58
12.11781034008152	1.58
31.975349604781627	1.58
31.354687592179303	1.58
10.71756975969748	1.58
14.441790235240013	1.58
41.51552773533811	1.58
28.227077625981202	1.58
18.357674413578934	1.58
19.876629934494716	1.58
35.95213902539649	1.58
34.971596042360964	1.58
10.02758217563633	1.58
19.876629934494716	1.58
40.4641193136391	1.58
44.028528610021795	1.58
15.77433125454591	1.58
19.876629934494716	1.58
33.492330548409306	1.58
44.028528610021795	1.58
22.19641059842739	1.58
20.243049152239752	1.58
32.6389913262319	1.58
41.36834261427949	1.58
16.8166712751491	1.58
18.441238492459807	1.58
32.6389913262319	1.58
43.59652241609743	1.58
16.8166712751491	1.58
20.235122257463424	1.58
34.10621540976459	1.58
33.1187375175552	1.58
16.8166712751491	1.58
19.871925470382987	1.58
27.463618045719222	1.58
33.1187375175552	1.58
16.8166712751491	1.58
18.89270449800157	1.58
26.492702740368436	1.58
34.11638480344555	1.58
25.065188273257526	1.58
11.662453362091146	1.58
26.548081624427876	1.58
34.43961443520391	1.58
25.533681844197716	1.58
10.389633180150778	1.58
26.71944736721415	1.58
34.78851551271174	1.58
25.13271068160475	1.58
10.389633180150778	1.58
26.523563769710915	1.58
45.52348641246371	1.58
25.13271068160475	1.58
18.28898661974886	1.58
33.979679007228626	1.58
45.52348641246371	1.58
25.355284345472647	1.58
18.28898661974886	1.58
30.694743085930384	1.58
34.6427812020816	1.58
21.301363236333444	1.58
18.28898661974886	1.58
30.694743085930384	1.58
30.48818645611496	1.58
13.718900032579675	1.58
11.710238725222187	1.58
28.360393027660006	1.58
30.48818645611496	1.58
1.4581362845924097	1.58
11.710238725222187	1.58
18.429602455498113	1.58
32.399854891978976	1.58
1.7836655506090722	1.58
15.04558236293245	1.58
21.074952445071556	1.58
32.399854891978976	1.58
1.7836655506090722	1.58
14.30864124979005	1.58
21.074952445071556	1.58
38.99212162204772	1.58
3.189723422932431	1.58
8.715576359649607	1.58
25.61067146010448	1.58
38.99212162204772	1.58
3.189723422932431	1.58
12.148261949646969	1.58
15.582754458772843	1.58
38.99212162204772	1.58
3.189723422932431	1.58
2.838935826335117	1.58
15.781669712519893	1.58
38.99212162204772	1.58
3.189723422932431	1.58
5.1729722274783505	1.58
15.781669712519893	1.58
38.99212162204772	1.58
5.260320409938366	1.58
4.375558601124496	1.58
13.155604550215694	1.58
38.99212162204772	1.58
5.914623196023419	1.58
4.375558601124496	1.58
13.155604550215694	1.58
26.761490033012983	1.58
5.914623196023419	1.58
2.014340326285385	1.58
19.505661201940924	1.58
28.74887777863548	1.58
5.914623196023419	1.58
6.4425673158773265	1.58
26.234594015307053	1.58
28.74887777863548	1.58
5.914623196023419	1.58
6.4425673158773265	1.58
31.782433786629106	1.58
35.795474052231015	1.58
4.429357565503928	1.58
12.871426475547018	1.58
31.782433786629106	1.58
35.795474052231015	1.58
8.481870131128424	1.58
15.87289745730352	1.58
42.050992150478606	1.58
29.070406474579784	1.58
9.241539556863334	1.58
19.164854854397284	1.58
42.050992150478606	1.58
28.91826523136512	1.58
9.241539556863334	1.58
21.317686077851494	1.58
42.050992150478606	1.58
28.91826523136512	1.58
9.241539556863334	1.58
6.506324113843576	1.58
42.050992150478606	1.58
19.699225226785533	1.58
9.241539556863334	1.58
10.036426876607747	1.58
31.08228317454906	1.58
18.889984409484086	1.58
9.241539556863334	1.58
10.036426876607747	1.58
41.102099361711105	1.58
24.894962501726383	1.58
9.241539556863334	1.58
13.885016197287118	1.58
44.88364557002315	1.58
25.595465226350374	1.58
11.21382971560153	1.58
9.341118992920308	1.58
52.605879845738414	1.58
36.52339629656775	1.58
11.21382971560153	1.58
19.130808655010675	1.58
54.16427979988342	1.58
36.52339629656775	1.58
11.21382971560153	1.58
20.572558325652295	1.58
54.16427979988342	1.58
39.90100079623663	1.58
21.200720964996396	1.58
20.572558325652295	1.58
54.16427979988342	1.58
45.0841193473802	1.58
21.200720964996396	1.58
25.804820055954465	1.58
54.16427979988342	1.58
45.0841193473802	1.58
7.91294231646647	1.58
25.804820055954465	1.58
52.54520542492157	1.58
45.0841193473802	1.58
7.91294231646647	1.58
26.572802936890486	1.58
52.56928473197922	1.58
35.85493988913016	1.58
7.91294231646647	1.58
27.853825908689615	1.58
51.14791630161842	1.58
37.55857597236043	1.58
22.614303501277853	1.58
27.853825908689615	1.58
51.14791630161842	1.58
37.55857597236043	1.58
27.41947158664788	1.58
28.82128894498692	1.58
51.14791630161842	1.58
38.578796490579734	1.58
28.762776548985357	1.58
31.168699611621093	1.58
40.377489571129594	1.58
41.32334133310944	1.58
28.762776548985357	1.58
30.203987564572703	1.58
40.73732208216931	1.58
50.48444088291195	1.58
26.905243753240217	1.58
29.642390550960187	1.58
49.5783682700622	1.58
48.87923385682193	1.58
25.502853176158	1.58
24.798573330034273	1.58
39.86725233268676	1.58
45.06775288128253	1.58
22.129409268964277	1.58
5.854587518397302	1.58
39.86725233268676	1.58
43.185242869925005	1.58
3.8080594598679838	1.58
5.854587518397302	1.58
39.86725233268676	1.58
43.185242869925005	1.58
20.19431298699674	1.58
13.831396730917206	1.58
50.10636765514235	1.58
43.185242869925005	1.58
4.770215937135667	1.58
13.831396730917206	1.58
58.008721277974054	1.58
35.532982233753856	1.58
0.10089764407965873	1.58
10.927970005477746	1.58
48.26842450374487	1.58
26.03180579164761	1.58
18.703247023842298	1.58
15.851854252643834	1.58
35.323693688049985	1.58
23.47005947489459	1.58
13.015220923300724	1.58
18.21269659656847	1.58
35.323693688049985	1.58
23.47005947489459	1.58
15.121247044757583	1.58
21.328035478310582	1.58
46.53434717361318	1.58
24.89026861269003	1.58
12.277216942081097	1.58
22.23946905283155	1.58
46.53434717361318	1.58
24.67190749975774	1.58
17.070623238173244	1.58
21.272323821938283	1.58
43.62902742755905	1.58
25.957404868682882	1.58
17.070623238173244	1.58
10.337333624719001	1.58
39.56344781298591	1.58
21.418845590131394	1.58
17.26317054731406	1.58
23.32261266911824	1.58
34.71768183911093	1.58
19.81531037698294	1.58
10.522760276400685	1.58
23.323805452006987	1.58
29.55386810130924	1.58
17.100028834775504	1.58
9.110741958660672	1.58
24.672792677262425	1.58
27.347321608784817	1.58
17.01496817741054	1.58
10.822933664698047	1.58
24.672792677262425	1.58
28.350735319475127	1.58
20.92302209255063	1.58
10.822933664698047	1.58
21.961472509006203	1.58
34.20060488124221	1.58
17.614969296274783	1.58
6.231987935027764	1.58
23.296603819633134	1.58
35.02960031779676	1.58
15.214849522874834	1.58
6.231987935027764	1.58
16.09467145692545	1.58
35.02960031779676	1.58
15.1345766761486	1.58
5.443939136067559	1.58
16.124621302255143	1.58
43.56502076381095	1.58
15.244981883159134	1.58
5.443939136067559	1.58
16.124621302255143	1.58
43.56502076381095	1.58
12.335641002691826	1.58
22.594827809021776	1.58
28.555227632122218	1.58
40.335278862177	1.58
17.42993035128803	1.58
22.594827809021776	1.58
26.26243450768404	1.58
42.27993259015017	1.58
15.885022712790153	1.58
24.1291384698964	1.58
26.26243450768404	1.58
42.27993259015017	1.58
11.41191790807524	1.58
25.585057635572866	1.58
14.408669771186918	1.58
42.27993259015017	1.58
11.41191790807524	1.58
19.047837863657694	1.58
14.408669771186918	1.58
52.013267550569836	1.58
9.150903473688189	1.58
19.047837863657694	1.58
19.45344641076769	1.58
36.237471545921295	1.58
12.97684922702437	1.58
8.07510367578054	1.58
11.48949751730444	1.58
36.237471545921295	1.58
14.484987381496506	1.58
8.07510367578054	1.58
11.48949751730444	1.58
36.237471545921295	1.58
17.04793703611149	1.58
8.07510367578054	1.58
11.48949751730444	1.58
31.545089907359923	1.58
20.65307352725656	1.58
8.07510367578054	1.58
15.441422356861267	1.58
26.560286326714717	1.58
15.666602149496608	1.58
8.07510367578054	1.58
15.317942383479854	1.58
27.485434388634786	1.58
15.905916855022316	1.58
13.028128572454273	1.58
14.980638549303613	1.58
31.811430464278473	1.58
16.07986214598585	1.58
13.557392471295207	1.58
14.980638549303613	1.58
29.86207054142885	1.58
16.14118306696706	1.58
11.947627446058853	1.58
14.980638549303613	1.58
36.66056779287389	1.58
16.78888252992951	1.58
10.270738373763312	1.58
14.469203751917853	1.58
36.66056779287389	1.58
16.78888252992951	1.58
7.742116374738963	1.58
12.664298551990747	1.58
36.66056779287389	1.58
20.433279301896466	1.58
16.615429949034073	1.58
13.350347001938243	1.58
36.66056779287389	1.58
23.803679569745334	1.58
9.946085950259977	1.58
8.097333755195544	1.58
43.06794156392358	1.58
29.245190525461183	1.58
9.946085950259977	1.58
8.097333755195544	1.58
43.06794156392358	1.58
22.032896578174793	1.58
9.946085950259977	1.58
5.009812857756703	1.58
34.04176148486803	1.58
29.079106342396408	1.58
9.946085950259977	1.58
5.009812857756703	1.58
33.07781768399872	1.58
45.604970186668346	1.58
14.51493022704615	1.58
5.009812857756703	1.58
33.07781768399872	1.58
45.604970186668346	1.58
14.51493022704615	1.58
23.93540080778213	1.58
30.70160486566802	1.58
30.06854115658568	1.58
14.51493022704615	1.58
24.232559480731535	1.58
23.872268873382282	1.58
30.118953487806074	1.58
10.923720774669045	1.58
20.72148822232144	1.58
28.3625530711858	1.58
30.118953487806074	1.58
10.923720774669045	1.58
20.72148822232144	1.58
31.125941455825526	1.58
32.10102296686202	1.58
10.923720774669045	1.58
14.141267179557346	1.58
31.125941455825526	1.58
31.813415726623628	1.58
12.275953110863	1.58
12.07653187920707	1.58
25.842362643289157	1.58
40.07951252197178	1.58
12.275953110863	1.58
12.07653187920707	1.58
30.467797043005078	1.58
27.830020555137256	1.58
15.34668827295238	1.58
12.07653187920707	1.58
31.117406223623075	1.58
25.13264392973158	1.58
18.176911754412263	1.58
12.07653187920707	1.58
42.01251414515471	1.58
30.30543218840257	1.58
21.06173967512378	1.58
10.814072795999277	1.58
46.653784757310206	1.58
37.37010486564111	1.58
21.06173967512378	1.58
10.814072795999277	1.58
40.95117080206202	1.58
42.16220690879338	1.58
11.007384221484159	1.58
10.814072795999277	1.58
37.296028667413566	1.58
42.16220690879338	1.58
5.68981191918995	1.58
10.814072795999277	1.58
37.296028667413566	1.58
32.87130358971892	1.58
5.68981191918995	1.58
10.814072795999277	1.58
28.51892748410269	1.58
28.833744806656302	1.58
1.8358771734434711	1.58
9.259154035422963	1.58
44.705172352387486	1.58
31.605698768002082	1.58
4.323806275687051	1.58
9.259154035422963	1.58
44.705172352387486	1.58
27.366511990061444	1.58
8.262999129697086	1.58
9.259154035422963	1.58
44.705172352387486	1.58
27.366511990061444	1.58
22.314418288220093	1.58
9.259154035422963	1.58
46.6138279794808	1.58
33.551930655531145	1.58
19.185908076227463	1.58
9.259154035422963	1.58
34.497948102419656	1.58
21.567551789177188	1.58
19.807611944338248	1.58
9.259154035422963	1.58
34.497948102419656	1.58
15.991896140944974	1.58
21.738253882169005	1.58
10.543169363874085	1.58
40.57969730018686	1.58
16.427292840534022	1.58
26.132301913446895	1.58
6.577453470603487	1.58
27.01623629858649	1.58
19.93654857975737	1.58
27.82576393227252	1.58
6.577453470603487	1.58
39.366165331783876	1.58
20.358531135134577	1.58
30.014464107891705	1.58
6.577453470603487	1.58
39.366165331783876	1.58
20.358531135134577	1.58
23.836626936010447	1.58
6.577453470603487	1.58
32.54324495890303	1.58
21.61299040832782	1.58
23.16797889462676	1.58
9.24678746896413	1.58
23.735022628708855	1.58
21.906892602908496	1.58
23.16797889462676	1.58
9.24678746896413	1.58
31.804002887027696	1.58
21.906892602908496	1.58
23.536598967573806	1.58
9.24678746896413	1.58
31.804002887027696	1.58
20.80330931114302	1.58
24.41317134326248	1.58
0.6579168468958585	1.58
32.747379783324476	1.58
32.42854566230322	1.58
16.739504436074434	1.58
0.6579168468958585	1.58
40.10047104774833	1.58
38.41406278133702	1.58
16.739504436074434	1.58
0.6579168468958585	1.58
33.196819685753226	1.58
38.965388447528355	1.58
16.739504436074434	1.58
0.6579168468958585	1.58
40.28136112652515	1.58
38.965388447528355	1.58
20.349007089386316	1.58
17.198508474164868	1.58
35.408031209866294	1.58
38.965388447528355	1.58
10.493596938198497	1.58
19.81793010289842	1.58
35.408031209866294	1.58
32.24468334014166	1.58
10.493596938198497	1.58
19.81793010289842	1.58
35.408031209866294	1.58
40.30098818986221	1.58
10.493596938198497	1.58
25.740904671538	1.58
23.01787759031305	1.58
36.91796784504015	1.58
10.493596938198497	1.58
24.844126383397622	1.58
23.40435895616477	1.58
30.82805950376605	1.58
15.987094764990543	1.58
25.959191853595808	1.58
21.90566193077796	1.58
29.819604744806966	1.58
10.125727508869643	1.58
28.833239550983627	1.58
21.300814895457716	1.58
29.819604744806966	1.58
14.291998806104917	1.58
26.588681179789617	1.58
22.18486489811191	1.58
28.548575221616684	1.58
19.18164075492582	1.58
26.429391944568614	1.58
22.837091530895297	1.58
28.95809977459105	1.58
19.18164075492582	1.58
26.65379556622645	1.58
21.340196309801748	1.58
37.29067394588277	1.58
17.334621143416864	1.58
28.132279146447356	1.58
16.61833164635418	1.58
40.25423358521397	1.58
17.334621143416864	1.58
33.47079643437516	1.58
7.932382470071609	1.58
40.25423358521397	1.58
24.934197238832343	1.58
35.040364571830104	1.58
11.976385947626975	1.58
40.25423358521397	1.58
32.54729220801197	1.58
45.730125495157324	1.58
21.381727259926016	1.58
40.25423358521397	1.58
32.54729220801197	1.58
36.55678365078941	1.58
21.563907089832608	1.58
36.728904400673414	1.58
30.62188226148439	1.58
46.148825504457676	1.58
21.563907089832608	1.58
40.79869452224285	1.58
28.322228242103947	1.58
34.72734521388571	1.58
22.530822213444484	1.58
40.79869452224285	1.58
32.42309978416755	1.58
35.44786214090794	1.58
26.969411736116832	1.58
46.12975950336588	1.58
32.25569595177715	1.58
40.13896478026981	1.58
23.464041531998763	1.58
43.38393791146404	1.58
35.116670552824885	1.58
43.50796663815545	1.58
23.464041531998763	1.58
43.30133001963971	1.58
38.75744070934827	1.58
43.472636622838664	1.58
11.000084339573906	1.58
43.30133001963971	1.58
38.27142869681503	1.58
31.691028764969484	1.58
15.459706527391596	1.58
43.98037768656764	1.58
29.156720648501953	1.58
26.251125881158956	1.58
10.735074395027397	1.58
40.18805374615114	1.58
29.156720648501953	1.58
38.221693586579576	1.58
10.735074395027397	1.58
39.490507143687445	1.58
29.156720648501953	1.58
24.55464569307419	1.58
14.263014805763095	1.58
32.628878400309844	1.58
29.40651535012985	1.58
19.284251196749864	1.58
14.545890841328792	1.58
29.737242896274203	1.58
29.379309077262576	1.58
18.800933656845622	1.58
10.862806495280829	1.58
40.59927687468685	1.58
24.59137688860205	1.58
18.205298409222586	1.58
10.862806495280829	1.58
34.67384072518317	1.58
21.66072647065073	1.58
4.495047991867541	1.58
15.072920714479737	1.58
34.67384072518317	1.58
27.289339129778483	1.58
4.495047991867541	1.58
15.072920714479737	1.58
59.903040506043226	1.58
27.289339129778483	1.58
4.495047991867541	1.58
15.072920714479737	1.58
59.903040506043226	1.58
31.84760621544504	1.58
6.6099138782335825	1.58
20.684346990659122	1.58
59.903040506043226	1.58
32.46077123933918	1.58
6.6099138782335825	1.58
16.82930356618246	1.58
59.903040506043226	1.58
27.616118101755305	1.58
6.6099138782335825	1.58
16.82930356618246	1.58
51.73133697202394	1.58
23.83749899643344	1.58
4.5043153756464545	1.58
17.061684000229114	1.58
51.73133697202394	1.58
24.584206091489104	1.58
22.696689029415932	1.58
15.737169362054054	1.58
51.73133697202394	1.58
22.69122998737588	1.58
23.025182757330068	1.58
18.319925261843576	1.58
54.557741488108135	1.58
21.73608700826931	1.58
23.025182757330068	1.58
17.31224079622094	1.58
42.122736777722196	1.58
21.20083829361521	1.58
23.025182757330068	1.58
13.485138260923923	1.58
42.122736777722196	1.58
24.10797757965273	1.58
28.32319385312264	1.58
13.485138260923923	1.58
44.278016867192626	1.58
23.84059803770023	1.58
28.32319385312264	1.58
13.485138260923923	1.58
57.327884061350595	1.58
19.41789555425072	1.58
29.207108870337226	1.58
13.485138260923923	1.58
57.327884061350595	1.58
18.056359386178805	1.58
29.207108870337226	1.58
14.384886915469856	1.58
57.327884061350595	1.58
20.75648456053027	1.58
22.969476958413466	1.58
16.453401940453105	1.58
46.169794369937165	1.58
21.09461301208617	1.58
7.712971523913097	1.58
15.563589354723796	1.58
45.29935491794481	1.58
21.09461301208617	1.58
7.712971523913097	1.58
16.896470300603177	1.58
45.29935491794481	1.58
23.80806544482923	1.58
7.712971523913097	1.58
14.28436417117017	1.58
45.29935491794481	1.58
22.701253227804777	1.58
7.712971523913097	1.58
20.400641505629814	1.58
46.92708033884232	1.58
25.74686437307656	1.58
14.953807047792388	1.58
22.228128178065614	1.58
46.92708033884232	1.58
28.49182967627068	1.58
14.953807047792388	1.58
21.77085295053331	1.58
46.92708033884232	1.58
28.49182967627068	1.58
14.953807047792388	1.58
21.19993839497686	1.58
44.53663174604813	1.58
28.49182967627068	1.58
15.734363868148797	1.58
24.34019370780924	1.58
51.776734507542756	1.58
31.99737335302682	1.58
11.470697787505499	1.58
24.34019370780924	1.58
35.86459584512912	1.58
33.30776806698065	1.58
15.074119022127359	1.58
18.261241944885995	1.58
34.903444179242115	1.58
33.30776806698065	1.58
9.90832052967028	1.58
15.209962517958928	1.58
35.494014489274775	1.58
32.49677690873054	1.58
9.90832052967028	1.58
13.395113499539772	1.58
35.494014489274775	1.58
32.257232142760806	1.58
9.979545312728845	1.58
13.68890627009273	1.58
35.494014489274775	1.58
29.974102442426393	1.58
7.751950620183003	1.58
13.68890627009273	1.58
35.494014489274775	1.58
29.974102442426393	1.58
18.436241713714498	1.58
20.836036467649755	1.58
37.74043775004466	1.58
29.974102442426393	1.58
18.436241713714498	1.58
20.836036467649755	1.58
40.85592365859404	1.58
38.158746055088955	1.58
18.67793676428255	1.58
15.298291753682502	1.58
40.85592365859404	1.58
36.98512570672849	1.58
14.589382918732554	1.58
23.258826730675793	1.58
40.85592365859404	1.58
36.98512570672849	1.58
13.804390716628571	1.58
14.604313492347586	1.58
40.85592365859404	1.58
50.920514891372896	1.58
13.930444601511816	1.58
14.604313492347586	1.58
40.85592365859404	1.58
46.80842085447695	1.58
12.618417445137549	1.58
14.598336173907411	1.58
28.356324844863344	1.58
44.05215397800519	1.58
12.474490794075217	1.58
15.899885929122522	1.58
23.808883553422024	1.58
43.6299184442674	1.58
9.934621643527748	1.58
18.808611120823542	1.58
33.04007044804948	1.58
46.67862659265516	1.58
9.934621643527748	1.58
16.205745279129438	1.58
34.80495335456202	1.58
34.39397409407613	1.58
10.61475267770783	1.58
16.205745279129438	1.58
35.004550910477725	1.58
48.51185433934679	1.58
4.968826351718793	1.58
19.649535112084017	1.58
36.73912605399278	1.58
48.51185433934679	1.58
1.5762918722684134	1.58
19.649535112084017	1.58
31.40006365836888	1.58
38.86218905136808	1.58
2.6361023899088067	1.58
13.202532976693835	1.58
31.40006365836888	1.58
38.86218905136808	1.58
4.638807257037511	1.58
13.202532976693835	1.58
32.08947664718018	1.58
43.00755965013296	1.58
2.061368509443101	1.58
13.202532976693835	1.58
36.71162378446655	1.58
30.52155757038818	1.58
0.15597644461247384	1.58
13.202532976693835	1.58
36.71162378446655	1.58
31.34708134705313	1.58
0.15597644461247384	1.58
13.202532976693835	1.58
40.94445110005738	1.58
31.34708134705313	1.58
6.628794241568947	1.58
13.202532976693835	1.58
40.94445110005738	1.58
42.1575197147634	1.58
6.628794241568947	1.58
22.709109418396807	1.58
40.94445110005738	1.58
43.09253535382727	1.58
13.578082309703559	1.58
7.916569627306352	1.58
39.77035721868574	1.58
43.09253535382727	1.58
16.03676270006299	1.58
5.655211077819413	1.58
39.8184651375296	1.58
38.425542522626884	1.58
15.84712524487412	1.58
10.181625406788896	1.58
39.45133314491436	1.58
37.85802024653873	1.58
17.154142111983905	1.58
11.198559215649023	1.58
39.45133314491436	1.58
37.835465618628184	1.58
18.369975729335625	1.58
12.321300054822037	1.58
39.771088337015065	1.58
37.835465618628184	1.58
23.801740107678597	1.58
8.948428232569505	1.58
41.05858806247064	1.58
37.71173529053667	1.58
23.801740107678597	1.58
16.498047539163093	1.58
41.81089894433708	1.58
28.392352191090886	1.58
23.801740107678597	1.58
21.003337567611077	1.58
46.27295211818852	1.58
31.129268440242992	1.58
26.28561707388009	1.58
18.601691531106262	1.58
38.47218141670335	1.58
26.25805366244043	1.58
15.211123905387264	1.58
17.10332058517176	1.58
50.09585029012953	1.58
23.87405243475856	1.58
9.026672728955134	1.58
17.10332058517176	1.58
50.09585029012953	1.58
23.87405243475856	1.58
8.121609518335955	1.58
18.463280501334953	1.58
50.09585029012953	1.58
23.87405243475856	1.58
8.121609518335955	1.58
24.63217120386314	1.58
39.98980124191554	1.58
28.051063543103993	1.58
8.121609518335955	1.58
16.50722584891595	1.58
37.28558069612091	1.58
31.48071922150261	1.58
6.524041356680774	1.58
15.534978847086077	1.58
42.519906771926244	1.58
23.975443879120235	1.58
6.524041356680774	1.58
7.811205070652981	1.58
25.739461827989352	1.58
22.802386556836023	1.58
15.38716842986929	1.58
8.856709592652777	1.58
25.077084184645543	1.58
23.00676322443511	1.58
13.501064332513064	1.58
10.800244498355706	1.58
34.10944339634275	1.58
29.638802765850944	1.58
15.155019013411067	1.58
6.990907203193107	1.58
38.81792786008988	1.58
30.844765748331536	1.58
17.198875844765148	1.58
6.990907203193107	1.58
38.81792786008988	1.58
30.35104180309212	1.58
25.93452686590011	1.58
9.533196911205742	1.58
39.02276503545897	1.58
28.568981250612936	1.58
24.206105325715384	1.58
9.533196911205742	1.58
39.02276503545897	1.58
41.048958814566106	1.58
37.01667014988573	1.58
9.533196911205742	1.58
38.20427117622511	1.58
36.92014222453083	1.58
37.01667014988573	1.58
9.533196911205742	1.58
38.2793363784894	1.58
35.6784587354276	1.58
36.030609759044204	1.58
9.533196911205742	1.58
39.39134976894851	1.58
34.768705335437346	1.58
35.06822090335018	1.58
9.533196911205742	1.58
41.32443602640027	1.58
34.768705335437346	1.58
36.59037797770896	1.58
9.533196911205742	1.58
40.17060779539228	1.58
51.47255050239517	1.58
33.28100108885259	1.58
9.533196911205742	1.58
42.69194911861791	1.58
55.19598769570586	1.58
35.09643510169729	1.58
9.533196911205742	1.58
47.30440694050396	1.58
60.07939734534515	1.58
37.27670458572001	1.58
9.533196911205742	1.58
36.25593804938728	1.58
59.75886874635286	1.58
37.27670458572001	1.58
33.71783398519679	1.58
36.25593804938728	1.58
59.75886874635286	1.58
40.31350750798236	1.58
33.71783398519679	1.58
36.25593804938728	1.58
59.75886874635286	1.58
40.31350750798236	1.58
32.77823549130907	1.58
34.48125532816009	1.58
51.069457295757786	1.58
41.92334937524246	1.58
32.53902146081691	1.58
41.67864522916853	1.58
52.649726071031814	1.58
41.848372392421915	1.58
32.53902146081691	1.58
41.67864522916853	1.58
52.649726071031814	1.58
41.987815773437354	1.58
28.751370581657156	1.58
41.67864522916853	1.58
52.04121914875677	1.58
42.052230492750546	1.58
27.707797416853623	1.58
41.31449545650599	1.58
52.04121914875677	1.58
42.052230492750546	1.58
32.051702147420286	1.58
41.31449545650599	1.58
52.04121914875677	1.58
37.910040851621964	1.58
32.051702147420286	1.58
44.242564702938516	1.58
52.59477529069818	1.58
34.33560804310749	1.58
15.148417636602332	1.58
42.69406980898306	1.58
52.59477529069818	1.58
32.56782144940793	1.58
11.983753485372574	1.58
42.69406980898306	1.58
58.585283222611736	1.58
25.48767327187881	1.58
2.1815071430755957	1.58
31.539085400344543	1.58
58.585283222611736	1.58
24.522262580474408	1.58
26.7601849076163	1.58
34.11764117388147	1.58
52.67680951524814	1.58
24.522262580474408	1.58
26.7601849076163	1.58
32.17717526484399	1.58
46.33134564722949	1.58
19.848559284664063	1.58
23.86077841973831	1.58
39.17231736874507	1.58
44.11130880374361	1.58
20.868301617714238	1.58
24.410274062518685	1.58
39.17231736874507	1.58
44.51817289812743	1.58
20.868301617714238	1.58
26.947254706269035	1.58
39.17231736874507	1.58
42.91817034417784	1.58
16.92685139412458	1.58
18.282543533628832	1.58
29.359657514208237	1.58
42.91817034417784	1.58
10.021168075205232	1.58
21.343027692976236	1.58
24.51777021631527	1.58
35.72781299419421	1.58
10.021168075205232	1.58
21.417194725229823	1.58
20.629239186954855	1.58
39.61379191116424	1.58
10.021168075205232	1.58
21.846726494779233	1.58
29.103830085622583	1.58
37.45873140530071	1.58
10.021168075205232	1.58
14.78718571290333	1.58
29.103830085622583	1.58
37.45873140530071	1.58
15.523324039505697	1.58
12.106847862681114	1.58
26.892022110387526	1.58
41.33400037392319	1.58
19.263396920587034	1.58
12.283965650909378	1.58
18.948725362781744	1.58
45.830400682296855	1.58
19.247941611575545	1.58
14.20631490723144	1.58
18.721343280693585	1.58
39.1825038186999	1.58
19.140083324879456	1.58
21.273355346616764	1.58
18.59753856160259	1.58
43.30628080728403	1.58
19.45458700184449	1.58
22.643626365801722	1.58
18.59753856160259	1.58
43.30628080728403	1.58
19.48673307258256	1.58
23.138769609130176	1.58
18.32924380447121	1.58
43.30628080728403	1.58
19.409121235618485	1.58
25.251249062973866	1.58
25.182797272661624	1.58
45.45007397673591	1.58
15.929695359931062	1.58
23.30497459546493	1.58
30.164753873662697	1.58
45.45007397673591	1.58
14.566310124366835	1.58
25.273981835886836	1.58
26.77095517901716	1.58
58.84764308283954	1.58
15.221721382563834	1.58
25.273981835886836	1.58
24.96389909867616	1.58
58.84764308283954	1.58
12.96112100295965	1.58
20.588598301944614	1.58
33.395551411623735	1.58
58.84764308283954	1.58
12.96112100295965	1.58
10.413510974870668	1.58
19.38868246686254	1.58
44.21121501705069	1.58
12.385509562730011	1.58
10.504667457867788	1.58
10.659687555884723	1.58
29.69300147698541	1.58
11.551929356124216	1.58
14.922748390319418	1.58
10.114143538913218	1.58
44.129308133077046	1.58
11.09606208629908	1.58
18.114876263735134	1.58
10.114143538913218	1.58
57.373811927404105	1.58
10.927236103857885	1.58
18.114876263735134	1.58
9.390710624075963	1.58
34.6803083328175	1.58
12.605653531368198	1.58
18.114876263735134	1.58
8.829996284252392	1.58
33.42592943833367	1.58
13.65878235765062	1.58
17.09601948279841	1.58
8.829996284252392	1.58
33.42592943833367	1.58
14.491702834507155	1.58
17.09601948279841	1.58
5.176049316881901	1.58
19.948239344584128	1.58
16.23666114013419	1.58
17.437630405336904	1.58
5.176049316881901	1.58
19.948239344584128	1.58
11.57074435208321	1.58
17.683597129346957	1.58
9.380228156680205	1.58
19.660174662833427	1.58
13.599851896115872	1.58
16.57014518768299	1.58
11.185825557732551	1.58
26.405742854616612	1.58
15.571744179954557	1.58
16.469043670684886	1.58
10.607767050758738	1.58
18.524092258260488	1.58
15.409208213053702	1.58
17.341280101253382	1.58
8.698953177730733	1.58
25.695010878235617	1.58
15.95011150854407	1.58
17.341280101253382	1.58
8.698953177730733	1.58
25.695010878235617	1.58
16.546828487276233	1.58
13.09042639246608	1.58
8.43487225407338	1.58
27.610381383999894	1.58
19.671677520861998	1.58
13.09042639246608	1.58
10.083462471136798	1.58
38.748435191733705	1.58
21.650761986464612	1.58
21.848727436266376	1.58
14.129295899878613	1.58
38.748435191733705	1.58
21.614833275779112	1.58
7.919916754453578	1.58
11.688836509477182	1.58
44.602772158316355	1.58
19.618577303549017	1.58
7.919916754453578	1.58
7.707036992803907	1.58
44.602772158316355	1.58
25.379482398016656	1.58
7.919916754453578	1.58
7.707036992803907	1.58
28.506174817601078	1.58
25.379482398016656	1.58
7.919916754453578	1.58
8.681974023616007	1.58
36.75752891021895	1.58
30.11278056888191	1.58
7.919916754453578	1.58
8.681974023616007	1.58
36.75752891021895	1.58
47.85403661728735	1.58
9.329885449134963	1.58
8.681974023616007	1.58
24.39093048259118	1.58
47.85403661728735	1.58
16.78010181876726	1.58
8.681974023616007	1.58
27.783845005969873	1.58
47.85403661728735	1.58
16.78010181876726	1.58
11.652230740287095	1.58
24.32226588743311	1.58
44.701622535390776	1.58
24.080590583946332	1.58
11.13832614737732	1.58
24.35207754973813	1.58
44.701622535390776	1.58
6.888957017380228	1.58
14.612460038286399	1.58
19.710692421028853	1.58
30.069728665699834	1.58
15.210944983799656	1.58
14.644999261729119	1.58
19.33771357452381	1.58
37.263286928229846	1.58
15.800221402744487	1.58
14.644999261729119	1.58
17.726930865950006	1.58
37.263286928229846	1.58
15.800221402744487	1.58
20.000577063401465	1.58
17.76705925221376	1.58
29.473204137564274	1.58
17.35940110477165	1.58
19.21954850355517	1.58
17.59041632012032	1.58
30.164927493598256	1.58
17.304524034564984	1.58
18.731115914178563	1.58
17.60054305734998	1.58
27.415448374959155	1.58
17.40088177386449	1.58
18.468406916062612	1.58
17.559915074348982	1.58
32.8545599337681	1.58
19.00520223792966	1.58
18.99752139048612	1.58
17.559915074348982	1.58
44.690869595020295	1.58
19.450851527843234	1.58
19.30582323065784	1.58
17.52614058840185	1.58
43.631355209656974	1.58
20.12482486632692	1.58
15.649419471231969	1.58
17.523583388359942	1.58
43.631355209656974	1.58
18.94849589746094	1.58
15.649419471231969	1.58
19.324954642136827	1.58
43.631355209656974	1.58
19.09665621570126	1.58
15.649419471231969	1.58
21.31027272596122	1.58
43.631355209656974	1.58
19.09665621570126	1.58
21.462779782741304	1.58
23.082416255045914	1.58
40.78243727290919	1.58
17.863752192400067	1.58
23.1215564001755	1.58
27.912636715546444	1.58
34.52677889401318	1.58
19.8846535624657	1.58
22.67365589747834	1.58
29.708067503344402	1.58
33.096205498030216	1.58
13.045371974414078	1.58
22.67365589747834	1.58
28.49502365830747	1.58
40.64403449106778	1.58
13.045371974414078	1.58
12.59909703222268	1.58
34.456458689680765	1.58
40.64403449106778	1.58
13.045371974414078	1.58
16.436234398516483	1.58
37.36948932851417	1.58
37.16788729115712	1.58
13.045371974414078	1.58
10.369357596752558	1.58
37.36948932851417	1.58
37.16788729115712	1.58
8.457764345178855	1.58
18.640012695485186	1.58
29.913101749274574	1.58
31.078457735473624	1.58
3.707235283269238	1.58
8.458160512476468	1.58
26.426529087559047	1.58
25.323525560873385	1.58
3.707235283269238	1.58
8.458160512476468	1.58
25.43275038094197	1.58
27.51953187288101	1.58
3.707235283269238	1.58
5.236963433582428	1.58
22.72963790967162	1.58
27.51953187288101	1.58
11.678800393637173	1.58
16.341331007683813	1.58
22.931893493942507	1.58
20.316255164102728	1.58
11.678800393637173	1.58
16.341331007683813	1.58
22.67367534618749	1.58
21.393104495708613	1.58
14.922937362746005	1.58
16.341331007683813	1.58
19.974680851471778	1.58
20.3067428570906	1.58
9.823406455538718	1.58
14.74065823054784	1.58
24.656448650312647	1.58
23.035655916637797	1.58
9.823406455538718	1.58
16.609056260561115	1.58
30.546178658573226	1.58
30.980206980295122	1.58
9.823406455538718	1.58
20.39072081241101	1.58
33.541392964232934	1.58
38.409500018047964	1.58
9.823406455538718	1.58
20.39072081241101	1.58
40.304304072138045	1.58
44.68874799649973	1.58
9.823406455538718	1.58
7.489412708421462	1.58
24.76076107341174	1.58
30.078948664950957	1.58
9.823406455538718	1.58
7.489412708421462	1.58
20.490064345660798	1.58
27.51668566432287	1.58
9.823406455538718	1.58
6.780451549635732	1.58
15.726628730769061	1.58
27.51668566432287	1.58
9.823406455538718	1.58
6.780451549635732	1.58
15.726628730769061	1.58
32.089554854625554	1.58
9.217590562053486	1.58
6.780451549635732	1.58
14.526625164997188	1.58
32.089554854625554	1.58
9.217590562053486	1.58
10.307670526640425	1.58
16.2796798828709	1.58
21.21179628418807	1.58
9.217590562053486	1.58
10.339050974917921	1.58
20.067784804510886	1.58
20.223711670794202	1.58
11.611692154683716	1.58
10.085693885575479	1.58
29.322759865595124	1.58
24.594019765761168	1.58
11.611692154683716	1.58
10.085693885575479	1.58
36.190315269332814	1.58
23.424416903252556	1.58
11.611692154683716	1.58
9.886373398001432	1.58
31.48174292475609	1.58
29.572457241174643	1.58
11.611692154683716	1.58
9.886373398001432	1.58
31.48174292475609	1.58
24.68314384389503	1.58
11.611692154683716	1.58
9.886373398001432	1.58
25.476938173720747	1.58
30.406070642777067	1.58
1.0832350595022326	1.58
9.886373398001432	1.58
25.476938173720747	1.58
30.406070642777067	1.58
1.0832350595022326	1.58
7.795810681443424	1.58
30.480007898162974	1.58
30.406070642777067	1.58
1.0832350595022326	1.58
15.511693606696209	1.58
23.83997651410275	1.58
30.406070642777067	1.58
1.0832350595022326	1.58
9.338849206492455	1.58
34.715985953145704	1.58
30.406070642777067	1.58
9.171876012454838	1.58
19.199662104336564	1.58
34.715985953145704	1.58
34.618816392704495	1.58
9.485449187333543	1.58
24.28617348242108	1.58
34.715985953145704	1.58
34.618816392704495	1.58
9.485449187333543	1.58
19.778409773774307	1.58
34.715985953145704	1.58
41.15218744408032	1.58
8.026313437308254	1.58
12.20572150502089	1.58
31.219767022083527	1.58
41.15218744408032	1.58
8.026313437308254	1.58
12.20572150502089	1.58
40.98138856235737	1.58
29.52358228045741	1.58
8.70929737622695	1.58
18.50045605352002	1.58
25.130247967465348	1.58
20.795819920054193	1.58
4.240374776234486	1.58
16.324961099986925	1.58
28.525196921106208	1.58
22.412760278505356	1.58
4.240374776234486	1.58
10.740242098427174	1.58
34.98728262534594	1.58
17.399212995641165	1.58
14.497137252371889	1.58
8.997279233494979	1.58
22.595823749569483	1.58
20.24987228935571	1.58
14.135000534880842	1.58
3.8037552238300485	1.58
36.39309525963938	1.58
14.133688440009978	1.58
14.135552561234249	1.58
8.306273703510481	1.58
36.39309525963938	1.58
14.133688440009978	1.58
14.136817628630073	1.58
8.466845408180063	1.58
36.39309525963938	1.58
14.13318857359156	1.58
19.36784113558259	1.58
8.466845408180063	1.58
36.39309525963938	1.58
12.164811106090893	1.58
19.484149491398266	1.58
9.707205501025783	1.58
26.30716198484297	1.58
11.83032712645986	1.58
14.834785014992258	1.58
9.707205501025783	1.58
21.145490401770516	1.58
11.44434456453367	1.58
15.528842410153514	1.58
9.707205501025783	1.58
24.086620798695023	1.58
11.945962280073848	1.58
14.869415699469705	1.58
8.75153160475461	1.58
20.6998201489748	1.58
10.011418108744525	1.58
19.51604110267771	1.58
8.613533823879537	1.58
20.283079509228124	1.58
10.627107038003714	1.58
19.000429651164858	1.58
8.613533823879537	1.58
23.835758165643476	1.58
7.429099646915887	1.58
18.405365649064304	1.58
8.982622759715456	1.58
29.593232052478726	1.58
7.429099646915887	1.58
21.65178255547899	1.58
8.982622759715456	1.58
29.120267802506028	1.58
7.012651586324709	1.58
21.65178255547899	1.58
10.368410209279922	1.58
34.95359859526535	1.58
6.927657980439376	1.58
18.42628216358017	1.58
12.584319166768084	1.58
27.643439524579787	1.58
11.120492069138539	1.58
18.871600245280046	1.58
12.579720994777464	1.58
31.674331538493927	1.58
6.797671047540671	1.58
27.9412283485682	1.58
9.819027971708106	1.58
28.59832046317036	1.58
7.7755764780745675	1.58
38.43264396853665	1.58
11.233608063316321	1.58
25.167471167662917	1.58
8.16421722329709	1.58
38.43264396853665	1.58
8.206280175510791	1.58
25.05809684409465	1.58
10.15280625342142	1.58
36.1209315806103	1.58
8.206280175510791	1.58
18.432542953077473	1.58
20.4790073585665	1.58
30.385902674898176	1.58
10.075238786371038	1.58
25.243556460713307	1.58
30.313793374856967	1.58
30.723592314351578	1.58
10.075238786371038	1.58
25.243556460713307	1.58
30.313793374856967	1.58
31.072868402259356	1.58
9.306953274745174	1.58
20.332903158801244	1.58
29.770023832736335	1.58
31.100790501300015	1.58
4.072358051550815	1.58
34.65777666332502	1.58
22.168790328419643	1.58
31.298736623876415	1.58
4.072358051550815	1.58
21.860183916738297	1.58
27.645038241028953	1.58
28.06699063883665	1.58
4.072358051550815	1.58
38.07980187972728	1.58
17.407015519014198	1.58
23.685998015868925	1.58
1.8018079778085223	1.58
38.07980187972728	1.58
13.958093842681917	1.58
28.463478942392513	1.58
7.4984565861884835	1.58
40.174796909013075	1.58
9.608310895103529	1.58
35.02870429399522	1.58
7.418395305288017	1.58
34.231272798199065	1.58
9.70346851896733	1.58
51.95442946154441	1.58
7.418395305288017	1.58
34.231272798199065	1.58
9.70346851896733	1.58
68.33762931466825	1.58
6.780439172373873	1.58
34.231272798199065	1.58
9.70346851896733	1.58
68.33762931466825	1.58
6.780439172373873	1.58
14.578702691801013	1.58
8.674024678378712	1.58
68.33762931466825	1.58
5.628803532987119	1.58
19.046904632959397	1.58
8.674024678378712	1.58
49.77679775213571	1.58
2.1170799109310146	1.58
19.046904632959397	1.58
8.674024678378712	1.58
49.77679775213571	1.58
5.395966645260469	1.58
19.046904632959397	1.58
10.480438771145899	1.58
41.81589030382419	1.58
1.0042928517421839	1.58
16.540121661454044	1.58
10.480438771145899	1.58
36.325959412011464	1.58
1.0042928517421839	1.58
16.540121661454044	1.58
10.79929191438461	1.58
36.325959412011464	1.58
0.6660589375800594	1.58
3.7555625492729305	1.58
11.11605314415592	1.58
31.905667172551738	1.58
0.6660589375800594	1.58
3.7555625492729305	1.58
9.439565932581687	1.58
55.25954861480636	1.58
1.2476179030535692	1.58
3.7555625492729305	1.58
9.439565932581687	1.58
45.14291945394619	1.58
1.2476179030535692	1.58
4.674744053768604	1.58
9.439565932581687	1.58
45.14291945394619	1.58
1.2476179030535692	1.58
4.674744053768604	1.58
9.88895498179928	1.58
53.43046114114652	1.58
1.2476179030535692	1.58
3.275642481732214	1.58
15.48713353680769	1.58
44.69559813740004	1.58
2.026323263079428	1.58
2.713224144884377	1.58
27.757131484857382	1.58
45.5472437739761	1.58
2.286780507917515	1.58
2.5256356917440668	1.58
27.757131484857382	1.58
31.87778394349948	1.58
2.286780507917515	1.58
2.5256356917440668	1.58
27.757131484857382	1.58
31.87778394349948	1.58
2.286780507917515	1.58
5.3895366831409355	1.58
27.7441101119825	1.58
43.238389912902775	1.58
2.286780507917515	1.58
5.3895366831409355	1.58
27.52850286980299	1.58
43.238389912902775	1.58
2.3112897658145917	1.58
4.9187114645919205	1.58
28.48634333011322	1.58
43.238389912902775	1.58
2.3112897658145917	1.58
4.9187114645919205	1.58
17.781984456707328	1.58
48.008468956829425	1.58
2.3112897658145917	1.58
5.649945845913484	1.58
17.968312637790312	1.58
35.032623827863205	1.58
2.3112897658145917	1.58
5.649945845913484	1.58
17.45818117827211	1.58
35.032623827863205	1.58
3.5255211295580775	1.58
6.551836414236153	1.58
16.476593671186055	1.58
36.08628182451113	1.58
3.6677318636022704	1.58
4.543330174205071	1.58
16.476593671186055	1.58
36.08628182451113	1.58
1.0510098927033606	1.58
4.543330174205071	1.58
17.515247622774766	1.58
34.56789368355996	1.58
0.39061340159733593	1.58
4.543330174205071	1.58
17.515247622774766	1.58
20.50266949800573	1.58
0.39061340159733593	1.58
4.543330174205071	1.58
16.386945189975044	1.58
20.50266949800573	1.58
2.13157011374196	1.58
5.068720027876972	1.58
26.54477079509656	1.58
20.61259669465747	1.58
2.13157011374196	1.58
5.068720027876972	1.58
34.24461619386854	1.58
25.71897382548714	1.58
7.1838542542651105	1.58
15.098732412660349	1.58
34.24461619386854	1.58
23.15523677858793	1.58
7.1838542542651105	1.58
12.449890782645745	1.58
39.468554319168376	1.58
29.832259057726397	1.58
7.1838542542651105	1.58
11.50564366884058	1.58
36.71844217436497	1.58
35.31909416312031	1.58
8.385470001969825	1.58
14.147496564522939	1.58
23.107664866507474	1.58
39.122817802671825	1.58
8.151499621875686	1.58
3.4543405194950623	1.58
36.604441192930594	1.58
39.122817802671825	1.58
11.982701955055013	1.58
7.074012638310616	1.58
35.64527882150806	1.58
28.937827767028626	1.58
14.650289570031308	1.58
7.074012638310616	1.58
35.21726600908284	1.58
31.799968991875986	1.58
7.075830966517223	1.58
7.074012638310616	1.58
21.20138991595313	1.58
38.46790309181259	1.58
7.075830966517223	1.58
20.36535766425067	1.58
27.99320659559102	1.58
52.288249208745015	1.58
7.075830966517223	1.58
20.087370590114617	1.58
17.925248590712776	1.58
52.288249208745015	1.58
7.075830966517223	1.58
20.087370590114617	1.58
17.925248590712776	1.58
52.288249208745015	1.58
8.084493332758493	1.58
22.9636782097914	1.58
10.319260942482288	1.58
42.38103660817482	1.58
7.825529763391879	1.58
23.30336005964721	1.58
11.303474258893381	1.58
42.38103660817482	1.58
7.825529763391879	1.58
18.858860685927542	1.58
10.3814502296735	1.58
36.30764091015579	1.58
5.724967053672836	1.58
28.942627158303175	1.58
13.713838514858535	1.58
47.0365356865677	1.58
5.724967053672836	1.58
20.864301780376927	1.58
11.470762577368056	1.58
36.49083198876333	1.58
10.394457808571588	1.58
25.188938732963265	1.58
11.470762577368056	1.58
24.021915487375093	1.58
10.394457808571588	1.58
25.627288827098344	1.58
12.201933382118316	1.58
20.32177065913224	1.58
10.394457808571588	1.58
30.29797038966941	1.58
16.06422905467212	1.58
19.84028829972698	1.58
10.394457808571588	1.58
31.882062642452258	1.58
14.851548502777785	1.58
18.35827767525409	1.58
9.485435412803563	1.58
28.58781151395907	1.58
14.952797593579785	1.58
20.94362392809676	1.58
9.485435412803563	1.58
28.901922544009846	1.58
16.400589253174108	1.58
20.94362392809676	1.58
9.485435412803563	1.58
34.18506256303856	1.58
15.033927142435886	1.58
25.948278845117564	1.58
10.410819403679824	1.58
40.33507395838909	1.58
6.026714188038973	1.58
19.626812877924117	1.58
23.36895943397139	1.58
40.33507395838909	1.58
6.026714188038973	1.58
22.655753128580955	1.58
29.801235253331186	1.58
37.775931063263656	1.58
6.026714188038973	1.58
26.806950992309616	1.58
30.542024721533267	1.58
38.51684081758512	1.58
6.026714188038973	1.58
22.87921587229568	1.58
32.059267362897955	1.58
37.646925361892414	1.58
17.581101826415985	1.58
25.2317321237046	1.58
30.429685883655857	1.58
38.473415552423404	1.58
17.581101826415985	1.58
24.76217121831104	1.58
28.878340888127216	1.58
39.29316057465773	1.58
12.013971550464618	1.58
25.90204649067074	1.58
22.40550734704872	1.58
32.72286213784232	1.58
10.222712309465992	1.58
25.90204649067074	1.58
16.536046743215792	1.58
35.747965959779094	1.58
13.167090070618201	1.58
19.543665393776873	1.58
16.536046743215792	1.58
33.00558222226364	1.58
8.955406548818198	1.58
28.60061180729108	1.58
16.536046743215792	1.58
32.76793039069811	1.58
8.955406548818198	1.58
26.107083102593396	1.58
16.536046743215792	1.58
37.27516671027383	1.58
11.39429527347123	1.58
21.28982241611392	1.58
14.788805913763522	1.58
37.950517377745214	1.58
11.618267541733642	1.58
28.182337636841247	1.58
16.543595612991847	1.58
37.950517377745214	1.58
13.90400695987247	1.58
30.35470314008296	1.58
15.905801582667884	1.58
35.717825336651636	1.58
9.473048126419105	1.58
30.2479803569427	1.58
21.50676136139493	1.58
35.954137242755614	1.58
9.473048126419105	1.58
33.186842866870904	1.58
7.1518368728010095	1.58
35.954137242755614	1.58
9.268604690348267	1.58
30.5760762713899	1.58
6.299331719219776	1.58
33.79551195862891	1.58
10.726224024600011	1.58
30.864158650039183	1.58
15.792068932842461	1.58
29.275167356601763	1.58
9.80631709875686	1.58
31.455198626247793	1.58
13.387374455072543	1.58
28.682750978503837	1.58
9.80631709875686	1.58
33.57483550955	1.58
13.88948957649778	1.58
24.840668923912865	1.58
10.090186378061345	1.58
33.57483550955	1.58
15.427692280220482	1.58
29.401133097164255	1.58
12.101075132978876	1.58
33.57483550955	1.58
15.427692280220482	1.58
33.008674206907436	1.58
14.128180837117597	1.58
33.174638568428186	1.58
19.933567065790452	1.58
42.20960297298106	1.58
18.100595083369264	1.58
27.77099311401937	1.58
19.933567065790452	1.58
32.75403380116606	1.58
22.86342937563013	1.58
26.247342874465396	1.58
18.732202314415993	1.58
35.16737345900895	1.58
23.000838130256795	1.58
28.252167024250976	1.58
18.732202314415993	1.58
35.16737345900895	1.58
23.000838130256795	1.58
28.230581531245424	1.58
19.239550853207234	1.58
43.176280139944794	1.58
23.777038735650738	1.58
25.121691025304294	1.58
18.06869604519389	1.58
46.36351327357071	1.58
21.612396691885174	1.58
20.881272906013024	1.58
16.876902084692347	1.58
46.36351327357071	1.58
23.331914658207456	1.58
19.459908147698137	1.58
12.59371030131664	1.58
33.72069563915057	1.58
25.237793763337585	1.58
22.313506103879693	1.58
12.59371030131664	1.58
33.72069563915057	1.58
28.079085262230315	1.58
22.389944873699232	1.58
19.437226530296293	1.58
33.72069563915057	1.58
27.042552644332492	1.58
22.389944873699232	1.58
19.883592926291904	1.58
30.240751999871108	1.58
31.519168731206094	1.58
25.32339246993996	1.58
21.828875326478048	1.58
31.34028484633685	1.58
35.104931671193356	1.58
27.162874376117202	1.58
16.15728697706603	1.58
31.34028484633685	1.58
35.104931671193356	1.58
21.379102110306405	1.58
19.54036253886543	1.58
33.78489003958948	1.58
36.247204379733084	1.58
15.023374743031471	1.58
11.276099693933375	1.58
41.87535655937725	1.58
36.247204379733084	1.58
6.049758175725593	1.58
11.276099693933375	1.58
27.971546521524637	1.58
29.39189672739127	1.58
12.552527547504647	1.58
11.276099693933375	1.58
27.971546521524637	1.58
22.728567515278556	1.58
12.552527547504647	1.58
11.276099693933375	1.58
40.89023470772672	1.58
19.8319042446521	1.58
7.279668473989782	1.58
11.276099693933375	1.58
40.89023470772672	1.58
19.8319042446521	1.58
7.279668473989782	1.58
10.970400194581927	1.58
32.195298497642796	1.58
22.090667553352034	1.58
7.279668473989782	1.58
16.491108890057653	1.58
27.18340117470325	1.58
30.599354266681367	1.58
15.939388508284267	1.58
16.491108890057653	1.58
35.35246224851944	1.58
38.49691882985802	1.58
15.939388508284267	1.58
19.883062959236927	1.58
39.37701956495535	1.58
38.49691882985802	1.58
15.939388508284267	1.58
5.979357963932017	1.58
39.37701956495535	1.58
33.85056313532888	1.58
19.652787153135172	1.58
5.979357963932017	1.58
39.37701956495535	1.58
33.85056313532888	1.58
9.261949882189768	1.58
5.979357963932017	1.58
39.37701956495535	1.58
33.85056313532888	1.58
10.412541671158209	1.58
5.401396054579195	1.58
28.101370376167043	1.58
37.25270049042274	1.58
10.412541671158209	1.58
9.119524649735297	1.58
28.101370376167043	1.58
37.25270049042274	1.58
10.412541671158209	1.58
9.119524649735297	1.58
44.341733627257526	1.58
29.544728083769197	1.58
10.412541671158209	1.58
9.119524649735297	1.58
44.341733627257526	1.58
22.04691647013484	1.58
15.69005150920173	1.58
9.119524649735297	1.58
37.78419857290388	1.58
23.059415373163432	1.58
12.946932414001816	1.58
11.658273884361485	1.58
37.78419857290388	1.58
24.43407152833717	1.58
14.31246206697758	1.58
11.658273884361485	1.58
37.78419857290388	1.58
20.207283515258315	1.58
12.534537926364756	1.58
2.353073632064813	1.58
23.772150055688986	1.58
12.887249843210341	1.58
8.202601762175238	1.58
6.489640415709264	1.58
34.62512264115642	1.58
12.887249843210341	1.58
8.202601762175238	1.58
5.694562619541924	1.58
34.62512264115642	1.58
13.849840117709828	1.58
8.202601762175238	1.58
8.91863551686165	1.58
34.62512264115642	1.58
17.644123990863726	1.58
19.963466880115348	1.58
9.03545908657927	1.58
34.62512264115642	1.58
17.059871591379945	1.58
5.876141921541755	1.58
10.855584589958422	1.58
31.78802411487689	1.58
17.059871591379945	1.58
18.72785590815895	1.58
10.855584589958422	1.58
42.39520755615521	1.58
17.059871591379945	1.58
18.72785590815895	1.58
8.88628461028235	1.58
38.30991450589071	1.58
15.957438438691764	1.58
20.936013842001437	1.58
10.442641854760058	1.58
38.30991450589071	1.58
20.16373499899874	1.58
20.936013842001437	1.58
10.442641854760058	1.58
38.30991450589071	1.58
18.303209246014347	1.58
20.72208028827431	1.58
20.880434959358823	1.58
38.02097338936966	1.58
16.25864608993377	1.58
10.862558106956484	1.58
20.127049685861223	1.58
35.991246397615164	1.58
18.221866168467436	1.58
9.469105199664414	1.58
21.400714502085535	1.58
26.659594307826396	1.58
18.595278475678846	1.58
9.469105199664414	1.58
18.152861197136968	1.58
26.659594307826396	1.58
20.350511089001927	1.58
11.431469885523457	1.58
15.959198760006661	1.58
23.850399333583333	1.58
21.6144117039786	1.58
11.814398916375037	1.58
12.340603144884428	1.58
25.11306476696351	1.58
26.145706503804778	1.58
11.425283735421019	1.58
11.446750198545908	1.58
26.02555667741588	1.58
23.5461020400237	1.58
11.425283735421019	1.58
8.868167609390932	1.58
26.02555667741588	1.58
29.059702481729104	1.58
15.976031824193669	1.58
8.868167609390932	1.58
27.924941407559267	1.58
18.992571697526202	1.58
14.548363786916184	1.58
8.868167609390932	1.58
33.0303885929232	1.58
24.18165245356277	1.58
16.238848052928844	1.58
8.868167609390932	1.58
27.221039319388098	1.58
33.00506299927639	1.58
16.238848052928844	1.58
8.868167609390932	1.58
30.892150193897223	1.58
33.00506299927639	1.58
23.458757941122776	1.58
8.868167609390932	1.58
35.97058481770363	1.58
36.062939382490484	1.58
23.458757941122776	1.58
8.868167609390932	1.58
35.97058481770363	1.58
37.76287333581877	1.58
12.352638277015885	1.58
8.868167609390932	1.58
35.97058481770363	1.58
25.538713394516684	1.58
12.352638277015885	1.58
8.868167609390932	1.58
35.04810821764104	1.58
29.214149439359442	1.58
12.352638277015885	1.58
8.868167609390932	1.58
29.5678949494634	1.58
30.154249294720074	1.58
12.352638277015885	1.58
8.868167609390932	1.58
21.75155997365298	1.58
43.731664048274276	1.58
15.008486101663681	1.58
8.477624337862462	1.58
23.272244071491016	1.58
43.731664048274276	1.58
7.422951776441408	1.58
13.65953383731708	1.58
15.62847206060729	1.58
34.50413984524423	1.58
6.447691241088558	1.58
14.227365853282517	1.58
15.808580257408645	1.58
24.647908759430855	1.58
6.447691241088558	1.58
13.356995419708078	1.58
18.247018113832297	1.58
19.96660148274429	1.58
10.498982066238774	1.58
14.397430097780166	1.58
16.781827458610042	1.58
27.738764898538747	1.58
18.178114859219132	1.58
12.633429466825444	1.58
20.91711362974641	1.58
33.683068747206484	1.58
18.178114859219132	1.58
11.127888569017188	1.58
20.688637879418664	1.58
29.55639738948181	1.58
18.129544557315338	1.58
3.33274319715629	1.58
20.20065902978029	1.58
25.920939846652104	1.58
16.327056749445894	1.58
3.33274319715629	1.58
26.59394052175285	1.58
19.569713826886368	1.58
16.72325135345153	1.58
5.274045028331834	1.58
19.7853827356056	1.58
15.467012847438493	1.58
16.854688313621423	1.58
5.6300901066155795	1.58
21.39249958857522	1.58
14.411692558388786	1.58
16.854688313621423	1.58
6.045867910302478	1.58
20.746694437167445	1.58
18.749380243412357	1.58
17.084822308632436	1.58
6.045867910302478	1.58
20.746694437167445	1.58
18.40156543816311	1.58
16.294342589046042	1.58
6.045867910302478	1.58
21.14481731730638	1.58
18.030971064464847	1.58
14.610161715218856	1.58
6.045867910302478	1.58
22.75993235994372	1.58
16.358260451724828	1.58
13.524355666126883	1.58
6.045867910302478	1.58
38.49801177374172	1.58
25.43805511875221	1.58
21.325538260652184	1.58
13.513486411339592	1.58
32.77286410401673	1.58
29.580683319155575	1.58
23.855202977631553	1.58
13.513486411339592	1.58
36.979813369490614	1.58
38.13203358643531	1.58
25.4752533855666	1.58
21.91181192427233	1.58
36.979813369490614	1.58
38.13203358643531	1.58
18.2612780460285	1.58
24.070279860262353	1.58
29.193166160002136	1.58
38.13203358643531	1.58
20.48865095865351	1.58
24.070279860262353	1.58
36.27847184390679	1.58
31.795615013097212	1.58
11.170081249130874	1.58
23.25932156331355	1.58
36.27847184390679	1.58
42.73740369996216	1.58
15.452566329608189	1.58
23.25932156331355	1.58
34.15039547249967	1.58
34.17406962677759	1.58
15.343900347462547	1.58
16.154943068660046	1.58
34.15039547249967	1.58
37.33973315818793	1.58
12.808129003930222	1.58
16.154943068660046	1.58
41.01569681817874	1.58
28.468716609400886	1.58
26.488892932368906	1.58
17.686726336824695	1.58
35.61829681042701	1.58
23.524647066383455	1.58
28.197303506482264	1.58
21.935441370998753	1.58
35.73335943306524	1.58
24.2833188939602	1.58
25.54880906161811	1.58
13.730117451873188	1.58
43.86227091522102	1.58
23.1177890072287	1.58
27.333635274615535	1.58
8.854346617475759	1.58
43.86227091522102	1.58
31.30513992150588	1.58
25.41672813572142	1.58
12.589032083542566	1.58
43.86227091522102	1.58
30.282703166786394	1.58
28.373592961162252	1.58
12.589032083542566	1.58
46.29399521338631	1.58
29.757561260532334	1.58
27.942519409918386	1.58
24.75622446271767	1.58
42.25306841203495	1.58
28.747312291516952	1.58
27.255354715375542	1.58
22.75942788250728	1.58
42.96802224952831	1.58
26.365883022573584	1.58
26.84949006917396	1.58
12.60486789006023	1.58
42.96802224952831	1.58
26.365883022573584	1.58
26.883265020579	1.58
12.60486789006023	1.58
41.034739331309176	1.58
29.65020124405088	1.58
24.738028521441407	1.58
12.60486789006023	1.58
31.77682067999421	1.58
27.6094231368765	1.58
23.022893731597364	1.58
12.60486789006023	1.58
37.285788977124305	1.58
27.6094231368765	1.58
10.148092058545803	1.58
16.02147657829545	1.58
37.285788977124305	1.58
27.6094231368765	1.58
10.148092058545803	1.58
13.926640973758465	1.58
37.285788977124305	1.58
25.470777381248162	1.58
10.148092058545803	1.58
2.449891703999942	1.58
36.03113513620673	1.58
14.952294015618882	1.58
7.066543650494755	1.58
2.449891703999942	1.58
36.03113513620673	1.58
11.050445802650696	1.58
7.066543650494755	1.58
3.5960808131186113	1.58
39.91159079241123	1.58
8.91152036136856	1.58
7.002236831046854	1.58
0.5496872283262135	1.58
39.91159079241123	1.58
9.308963422915957	1.58
5.907952319975859	1.58
0.5496872283262135	1.58
48.80558875822198	1.58
9.308963422915957	1.58
5.907952319975859	1.58
0.5496872283262135	1.58
37.228672505934696	1.58
9.220356064838445	1.58
5.907952319975859	1.58
0.5496872283262135	1.58
26.399650362728917	1.58
10.660478831235476	1.58
2.02502526684232	1.58
3.5559758987751913	1.58
33.34419793399776	1.58
10.866562468095907	1.58
17.455405739659724	1.58
7.986806501953154	1.58
34.124171274183695	1.58
10.866562468095907	1.58
16.59606296705177	1.58
5.262916325634719	1.58
27.30002600537373	1.58
7.258251922346309	1.58
16.177290302405865	1.58
5.262916325634719	1.58
27.30002600537373	1.58
7.49821590192718	1.58
18.4361463448017	1.58
6.215292665265916	1.58
27.30002600537373	1.58
6.766194506311601	1.58
10.06959155695817	1.58
6.215292665265916	1.58
18.99456351311105	1.58
6.766194506311601	1.58
9.389995572516256	1.58
6.215292665265916	1.58
24.85203196516781	1.58
6.6076481820149935	1.58
8.939129180974934	1.58
5.883333055775637	1.58
33.281702967418205	1.58
6.6076481820149935	1.58
2.589452154195719	1.58
6.0201205285186505	1.58
37.484305292985425	1.58
6.6076481820149935	1.58
2.589452154195719	1.58
6.0201205285186505	1.58
43.29000810707992	1.58
6.976350099897282	1.58
2.589452154195719	1.58
5.956790873327472	1.58
29.31232458496955	1.58
8.867226590780177	1.58
4.2844588132997	1.58
5.956790873327472	1.58
44.43968237689628	1.58
8.867226590780177	1.58
3.614402367840026	1.58
5.956790873327472	1.58
34.376772303705664	1.58
10.824424649685474	1.58
2.0213080580770217	1.58
14.610536682219369	1.58
34.376772303705664	1.58
6.980305459582683	1.58
2.0213080580770217	1.58
2.8853273870542573	1.58
25.151574537650927	1.58
6.772045859022334	1.58
2.707732297202745	1.58
8.167561286394982	1.58
21.509644209925316	1.58
5.388947038484172	1.58
1.6383883746390127	1.58
10.067074474915465	1.58
16.04992045288659	1.58
6.662044539230616	1.58
2.5249870715286367	1.58
9.810825017944467	1.58
16.04992045288659	1.58
7.57405122334528	1.58
2.5249870715286367	1.58
11.807996651541558	1.58
14.494462384728084	1.58
6.763930788865268	1.58
2.5249870715286367	1.58
11.010762124295615	1.58
14.494462384728084	1.58
9.854541019429	1.58
5.49679820957274	1.58
8.609842598153733	1.58
21.692731137984183	1.58
9.854541019429	1.58
7.167195515343828	1.58
7.3902696861158805	1.58
30.400943397830297	1.58
10.429279894366518	1.58
7.167195515343828	1.58
7.3902696861158805	1.58
25.824070204604958	1.58
13.452933659670094	1.58
7.167195515343828	1.58
4.325446728866638	1.58
16.735656813396258	1.58
10.513656906650823	1.58
8.372184533075952	1.58
4.7250059961280195	1.58
18.297001168211306	1.58
11.55398625567845	1.58
8.372184533075952	1.58
4.477591758371334	1.58
15.197818016664273	1.58
15.726947552475066	1.58
5.917292896068066	1.58
1.3192648178579383	1.58
19.92237579022579	1.58
17.953394576865847	1.58
8.954810838235005	1.58
1.3192648178579383	1.58
28.510661686491787	1.58
25.997995898170352	1.58
17.216856671991515	1.58
1.3192648178579383	1.58
19.481825029773855	1.58
25.997995898170352	1.58
18.540820299484743	1.58
3.991715200292548	1.58
27.841197070569294	1.58
32.6712946426438	1.58
12.171440192474815	1.58
3.991715200292548	1.58
22.062559139216994	1.58
30.720342959944055	1.58
12.171440192474815	1.58
9.158152573717345	1.58
28.686896007502142	1.58
30.720342959944055	1.58
12.171440192474815	1.58
9.618762795424054	1.58
28.336635974373458	1.58
25.414280760137995	1.58
18.362766309423115	1.58
9.618762795424054	1.58
36.164154400226316	1.58
27.31383009263933	1.58
18.362766309423115	1.58
5.298738921491477	1.58
36.164154400226316	1.58
26.257087618819746	1.58
18.91433421379335	1.58
14.83726246899861	1.58
34.34060190892065	1.58
25.96152350856662	1.58
18.17252531276745	1.58
11.816340889955459	1.58
43.88631947579727	1.58
25.96152350856662	1.58
16.777718015095065	1.58
11.110767835026682	1.58
43.88631947579727	1.58
33.79859192481716	1.58
16.777718015095065	1.58
11.62125204310778	1.58
43.88631947579727	1.58
26.624349343627664	1.58
16.777718015095065	1.58
22.914976643969066	1.58
43.88631947579727	1.58
28.168121673413275	1.58
16.777718015095065	1.58
19.547793473867415	1.58
35.60195932552914	1.58
31.808816135488065	1.58
17.135725274661255	1.58
19.547793473867415	1.58
28.247896862681223	1.58
31.16578423090641	1.58
11.066660213469827	1.58
12.244758034388727	1.58
21.709245102998032	1.58
43.335491297467726	1.58
11.066660213469827	1.58
18.043333095420344	1.58
22.19663753717031	1.58
30.96166451826756	1.58
13.368241317104856	1.58
19.26279363233408	1.58
22.19663753717031	1.58
27.364001631857114	1.58
7.809185423696539	1.58
14.424999556517523	1.58
32.92660676273642	1.58
34.645111630605605	1.58
15.176779177727614	1.58
14.424999556517523	1.58
31.857064914058096	1.58
25.831633647244413	1.58
16.426725362782165	1.58
14.940332037658195	1.58
36.12289882008423	1.58
33.97413021732716	1.58
2.2341722338111936	1.58
7.919581695091551	1.58
36.12289882008423	1.58
40.670525366531535	1.58
2.2341722338111936	1.58
7.919581695091551	1.58
22.144759853713797	1.58
40.670525366531535	1.58
2.2341722338111936	1.58
8.054791314482003	1.58
26.759251358424446	1.58
24.469263625412193	1.58
2.2341722338111936	1.58
8.054791314482003	1.58
21.597144088254012	1.58
24.469263625412193	1.58
7.19752891817992	1.58
12.358410389653354	1.58
23.865576218797578	1.58
26.854795101210854	1.58
7.643824327587346	1.58
18.757320873571068	1.58
17.865457992950788	1.58
26.854795101210854	1.58
12.519472725249864	1.58
18.412211058734144	1.58
22.937589722929886	1.58
28.199799471084148	1.58
15.451640337402043	1.58
20.994965518350725	1.58
23.802577517631317	1.58
27.560529036883942	1.58
21.093115842357122	1.58
19.88734865273853	1.58
22.80689847830817	1.58
29.77524188477998	1.58
13.904397374648566	1.58
19.470417617957494	1.58
24.14320870441294	1.58
22.506960724578654	1.58
13.904397374648566	1.58
17.11278652585436	1.58
28.332541474154993	1.58
30.306079991626966	1.58
13.904397374648566	1.58
17.11278652585436	1.58
29.731378037756855	1.58
31.43020549687087	1.58
13.904397374648566	1.58
16.4860580748602	1.58
39.30760883831897	1.58
34.52684394705085	1.58
1.3155752304547335	1.58
8.99471814153899	1.58
24.224557407498764	1.58
26.135953062183393	1.58
0.7024451145074408	1.58
8.99471814153899	1.58
27.338880397300084	1.58
41.894788947546914	1.58
0.7024451145074408	1.58
13.094117060378899	1.58
24.908224113557196	1.58
41.894788947546914	1.58
0.7024451145074408	1.58
13.094117060378899	1.58
25.9910674918572	1.58
41.894788947546914	1.58
0.7024451145074408	1.58
8.232172161746632	1.58
38.25825222173428	1.58
41.24248556471899	1.58
4.809402364883596	1.58
8.232172161746632	1.58
34.46647236826085	1.58
41.24248556471899	1.58
17.34618675123128	1.58
18.27982778659911	1.58
38.175871992150924	1.58
30.579696770982608	1.58
17.34618675123128	1.58
18.27982778659911	1.58
28.019974123687035	1.58
29.30150675152064	1.58
8.089101676847278	1.58
9.33090308128434	1.58
35.54215760770701	1.58
20.84435091326774	1.58
8.089101676847278	1.58
18.687373280676596	1.58
32.443463668973145	1.58
19.8020068500213	1.58
8.089101676847278	1.58
17.759088718966456	1.58
45.25118533663541	1.58
18.820059297584592	1.58
3.5605889532751664	1.58
17.759088718966456	1.58
49.753431264224474	1.58
19.65285211114094	1.58
8.084745988080872	1.58
16.57018941857167	1.58
41.286824483281066	1.58
20.067212864496202	1.58
12.854646816553103	1.58
16.57018941857167	1.58
41.286824483281066	1.58
23.690960754238514	1.58
8.339920532666337	1.58
21.058498363595454	1.58
35.3758170770744	1.58
24.498980756566347	1.58
11.386670981282364	1.58
19.25446212396984	1.58
36.05472899289991	1.58
28.709024325584394	1.58
12.38293699623232	1.58
19.245443344063226	1.58
30.341310357303083	1.58
26.87829251153246	1.58
12.38293699623232	1.58
12.350949331763292	1.58
40.60889781252749	1.58
21.674570310442967	1.58
12.38293699623232	1.58
12.350949331763292	1.58
33.28895707599014	1.58
18.858261456087426	1.58
15.774710860981159	1.58
4.713472600902843	1.58
19.05451397981798	1.58
15.540004743892721	1.58
16.0073969298054	1.58
10.143525917629566	1.58
15.640059995394719	1.58
13.725795592379507	1.58
15.157694163818638	1.58
11.509144857019066	1.58
16.079187767425346	1.58
13.57389957723339	1.58
14.462812919388883	1.58
12.288327946244431	1.58
16.598916888686144	1.58
13.57389957723339	1.58
14.24839336813654	1.58
9.090460155235691	1.58
19.982936601312993	1.58
13.713540632738708	1.58
9.261253992579515	1.58
7.037190501784325	1.58
25.884365512771517	1.58
15.126246214768848	1.58
9.261253992579515	1.58
7.037190501784325	1.58
34.37798670535276	1.58
17.497246049932777	1.58
9.261253992579515	1.58
11.6901448830384	1.58
41.82254096539684	1.58
15.106648763099699	1.58
10.06528808824132	1.58
11.6901448830384	1.58
27.10674485579644	1.58
19.16832176778663	1.58
10.06528808824132	1.58
12.214596002383466	1.58
25.32959637475387	1.58
17.28461795580091	1.58
11.07522570919382	1.58
5.565243517455173	1.58
29.029786164635027	1.58
15.371407764150637	1.58
11.07522570919382	1.58
5.565243517455173	1.58
29.029786164635027	1.58
15.425952473945877	1.58
11.07522570919382	1.58
11.029333518790725	1.58
29.95039602435624	1.58
16.97665448591208	1.58
11.07522570919382	1.58
10.622083215815973	1.58
39.401861760913434	1.58
20.991825185863142	1.58
12.404874761379013	1.58
7.480085684253783	1.58
27.27872356913103	1.58
17.53301412249646	1.58
9.73397872532476	1.58
1.4986949395145146	1.58
32.14669244911282	1.58
24.467292321707074	1.58
14.943930436664507	1.58
1.4986949395145146	1.58
23.57892724052698	1.58
30.522791487935823	1.58
17.452801080301192	1.58
1.4986949395145146	1.58
23.57892724052698	1.58
30.74280882714296	1.58
8.021185641439086	1.58
1.4986949395145146	1.58
20.981711774770456	1.58
21.236382268286476	1.58
8.8168504864042	1.58
1.4986949395145146	1.58
30.529694037695233	1.58
21.236382268286476	1.58
4.204140635314076	1.58
1.4986949395145146	1.58
18.309642303278977	1.58
35.75718298488047	1.58
4.498029671429199	1.58
1.4986949395145146	1.58
27.260625963053755	1.58
35.75718298488047	1.58
4.498029671429199	1.58
1.4986949395145146	1.58
27.260625963053755	1.58
31.803540352696317	1.58
4.498029671429199	1.58
1.4986949395145146	1.58
27.260625963053755	1.58
31.803540352696317	1.58
4.498029671429199	1.58
1.4986949395145146	1.58
38.26648417950932	1.58
29.201695195322166	1.58
10.58512632937487	1.58
1.4986949395145146	1.58
38.26648417950932	1.58
31.783841833730857	1.58
23.849686753281638	1.58
15.586637334592634	1.58
44.84635587057922	1.58
33.6548235430203	1.58
23.962818831231885	1.58
15.586637334592634	1.58
44.84635587057922	1.58
37.63709229186095	1.58
26.1998538646052	1.58
12.35076432232293	1.58
43.62862945983079	1.58
37.63709229186095	1.58
31.540222190644613	1.58
12.35076432232293	1.58
43.62862945983079	1.58
37.63709229186095	1.58
26.916740072636717	1.58
12.35076432232293	1.58
43.24315784650688	1.58
46.61474169723879	1.58
16.438793059351273	1.58
12.35076432232293	1.58
43.24315784650688	1.58
46.61474169723879	1.58
16.438793059351273	1.58
12.369843722248419	1.58
60.24127265594725	1.58
31.49823112553545	1.58
18.57148906933493	1.58
12.369843722248419	1.58
60.24127265594725	1.58
32.158861392432414	1.58
19.871674569499483	1.58
12.369843722248419	1.58
60.24127265594725	1.58
31.116641176869464	1.58
19.871674569499483	1.58
12.369843722248419	1.58
50.27742899707455	1.58
26.00528506317622	1.58
18.896256649367338	1.58
16.390589143592386	1.58
50.27742899707455	1.58
23.31131030051942	1.58
17.092136547552496	1.58
16.390589143592386	1.58
39.33167475511104	1.58
29.350762291162795	1.58
17.092136547552496	1.58
11.68027838481467	1.58
39.33167475511104	1.58
25.505280195459328	1.58
17.092136547552496	1.58
10.951423109227179	1.58
39.33167475511104	1.58
32.6180306470792	1.58
17.092136547552496	1.58
14.328419659690063	1.58
41.832722925311124	1.58
32.938000413058774	1.58
17.092136547552496	1.58
16.442290212237214	1.58
45.886160461212114	1.58
32.938000413058774	1.58
6.248556969265561	1.58
16.442290212237214	1.58
45.886160461212114	1.58
30.93234422740943	1.58
6.248556969265561	1.58
16.32832579984413	1.58
45.886160461212114	1.58
28.634767527411093	1.58
7.979204078767818	1.58
16.32832579984413	1.58
45.886160461212114	1.58
38.343401744968645	1.58
7.979204078767818	1.58
16.32832579984413	1.58
45.886160461212114	1.58
38.343401744968645	1.58
7.979204078767818	1.58
28.35519678147431	1.58
31.483792379187946	1.58
41.13885418217261	1.58
7.979204078767818	1.58
28.853843007390978	1.58
31.709721528228364	1.58
36.28038624097803	1.58
19.42943266006292	1.58
25.08712042847899	1.58
33.45856333190718	1.58
45.530424924660196	1.58
22.43348613174092	1.58
6.950021849861969	1.58
35.52269356123594	1.58
34.571031920390055	1.58
15.344721190071823	1.58
14.307403194006206	1.58
35.88684888071781	1.58
34.571031920390055	1.58
22.46866470857491	1.58
14.307403194006206	1.58
35.88684888071781	1.58
37.465375131225656	1.58
22.46866470857491	1.58
24.01923756935615	1.58
39.18239624026953	1.58
33.28572825289021	1.58
22.46866470857491	1.58
22.91571220027561	1.58
39.73057022924893	1.58
33.143444120296785	1.58
22.46866470857491	1.58
22.91571220027561	1.58
39.54101474768498	1.58
29.097154167939642	1.58
27.825700843755467	1.58
8.133402121872212	1.58
39.89650121834822	1.58
34.40459239388271	1.58
25.717539378805796	1.58
19.153589848689187	1.58
39.89650121834822	1.58
36.267964443416986	1.58
25.717539378805796	1.58
19.344323030467255	1.58
39.89650121834822	1.58
31.39315312345549	1.58
21.423507365894416	1.58
14.115067738080693	1.58
39.89650121834822	1.58
29.657443214971714	1.58
20.86689536006521	1.58
14.115067738080693	1.58
39.026453290949135	1.58
27.8988772769029	1.58
19.195223899409456	1.58
16.11059361914214	1.58
37.989986008797686	1.58
32.581966526953124	1.58
21.64174049459507	1.58
16.11059361914214	1.58
44.32291273816304	1.58
37.56320677786586	1.58
18.36520522557183	1.58
16.11059361914214	1.58
44.32291273816304	1.58
34.12444485573262	1.58
21.75188560607227	1.58
16.11059361914214	1.58
44.32291273816304	1.58
34.12444485573262	1.58
15.375500316529866	1.58
16.11059361914214	1.58
44.32291273816304	1.58
25.96021744266735	1.58
15.375500316529866	1.58
20.832911149476278	1.58
37.39925500308303	1.58
26.91429984719488	1.58
17.54235258170965	1.58
20.832911149476278	1.58
35.528426015704795	1.58
31.704567531741887	1.58
13.028475615798772	1.58
20.832911149476278	1.58
35.00484031252829	1.58
31.704567531741887	1.58
22.225207198210448	1.58
13.311145796034488	1.58
35.00484031252829	1.58
29.71335679381395	1.58
27.275913927796182	1.58
13.311145796034488	1.58
41.58425590601858	1.58
43.22491541686453	1.58
27.275913927796182	1.58
16.33264683183078	1.58
41.58425590601858	1.58
42.39016234993578	1.58
26.77022545083436	1.58
16.33264683183078	1.58
35.420009173669975	1.58
40.29934921596872	1.58
25.205048115125727	1.58
16.33264683183078	1.58
36.60252736856112	1.58
37.65839719724502	1.58
13.431342941091255	1.58
23.905398945853626	1.58
42.6695816612735	1.58
41.740279564190075	1.58
17.614964978260577	1.58
23.905398945853626	1.58
47.72769511600151	1.58
47.10440317176529	1.58
15.034447808133876	1.58
16.156177188061463	1.58
47.72769511600151	1.58
44.95766861989972	1.58
15.034447808133876	1.58
23.5944053815591	1.58
45.59665727111126	1.58
46.27140788907817	1.58
15.034447808133876	1.58
17.87154618330653	1.58
51.44316917865923	1.58
46.27140788907817	1.58
15.034447808133876	1.58
17.87154618330653	1.58
34.850577105208586	1.58
42.60558755916925	1.58
16.909894934912376	1.58
9.930536952655292	1.58
34.850577105208586	1.58
47.55903772817105	1.58
16.909894934912376	1.58
9.930536952655292	1.58
34.56519047907902	1.58
47.55903772817105	1.58
8.456073748824078	1.58
9.930536952655292	1.58
23.843580295587707	1.58
29.84790312088328	1.58
4.700606465939444	1.58
9.930536952655292	1.58
21.80742177346987	1.58
26.696532334747037	1.58
4.700606465939444	1.58
10.96912656506016	1.58
21.80742177346987	1.58
38.76752742161436	1.58
10.935940359181117	1.58
10.96912656506016	1.58
22.828764379305568	1.58
38.76752742161436	1.58
10.935940359181117	1.58
8.713201926279158	1.58
18.983559803077473	1.58
25.92392112096338	1.58
13.652810714025318	1.58
8.18758679630024	1.58
25.809640381634793	1.58
33.22726553532844	1.58
6.735841588297109	1.58
8.18758679630024	1.58
44.03704581911725	1.58
33.22726553532844	1.58
6.735841588297109	1.58
8.18758679630024	1.58
44.03704581911725	1.58
41.309822981761684	1.58
3.157117764772309	1.58
8.18758679630024	1.58
43.819381326382114	1.58
41.309822981761684	1.58
3.157117764772309	1.58
19.620838458402247	1.58
43.819381326382114	1.58
30.551630483479386	1.58
9.852722892980161	1.58
19.620838458402247	1.58
32.77955996942662	1.58
21.038942749847614	1.58
4.430845327899576	1.58
19.15443688293366	1.58
23.92366711091488	1.58
21.038942749847614	1.58
4.430845327899576	1.58
17.975835870937438	1.58
30.04312451223146	1.58
12.821590492708202	1.58
4.430845327899576	1.58
22.554778154062337	1.58
36.873892190742296	1.58
12.821590492708202	1.58
6.3425572723467525	1.58
19.40395741261065	1.58
25.787243912966687	1.58
12.821590492708202	1.58
5.573093504095411	1.58
16.775444568504877	1.58
25.470098124602515	1.58
12.821590492708202	1.58
5.573093504095411	1.58
19.116102407320007	1.58
24.053547877705583	1.58
10.169349891809901	1.58
5.573093504095411	1.58
20.206151218376235	1.58
24.93094517101398	1.58
11.698753292048258	1.58
3.3203902178844515	1.58
18.38187432979136	1.58
29.24258513209483	1.58
16.61278089874377	1.58
2.08053964787217	1.58
18.504774863215193	1.58
25.30714670653753	1.58
16.61278089874377	1.58
2.08053964787217	1.58
14.763334933174505	1.58
23.669248734992088	1.58
17.880932468508078	1.58
2.08053964787217	1.58
14.272799526294337	1.58
39.032090328915956	1.58
27.50590942403702	1.58
5.4076414468520895	1.58
14.272799526294337	1.58
30.648282685910466	1.58
21.06067687803371	1.58
5.4076414468520895	1.58
14.365581714057388	1.58
30.648282685910466	1.58
34.23839353152859	1.58
0.2582565540855022	1.58
14.365581714057388	1.58
30.648282685910466	1.58
30.207828377040627	1.58
4.876059555795095	1.58
14.365581714057388	1.58
30.648282685910466	1.58
30.207828377040627	1.58
16.490225778280163	1.58
14.365581714057388	1.58
32.51093629685473	1.58
30.207828377040627	1.58
8.032198020111604	1.58
17.299355131331552	1.58
38.11288617375658	1.58
37.429450619836565	1.58
8.032198020111604	1.58
5.2680103662141065	1.58
31.31902657946921	1.58
33.83255914508598	1.58
8.032198020111604	1.58
5.2680103662141065	1.58
26.608525385842174	1.58
26.90215493698353	1.58
8.406349902262225	1.58
5.2680103662141065	1.58
41.533022915982755	1.58
17.745387940710287	1.58
8.406349902262225	1.58
1.4826936912533917	1.58
41.533022915982755	1.58
15.29029716706884	1.58
15.582494508967685	1.58
1.4826936912533917	1.58
41.533022915982755	1.58
15.29029716706884	1.58
15.811830363021913	1.58
1.4826936912533917	1.58
42.44095345553808	1.58
14.928521763514139	1.58
15.736742210140669	1.58
20.516429391145298	1.58
42.44095345553808	1.58
14.75745122838193	1.58
7.205414542528835	1.58
20.516429391145298	1.58
46.183874349464425	1.58
16.113677037194343	1.58
7.205414542528835	1.58
17.509539219244026	1.58
32.0726685056905	1.58
19.79982570257234	1.58
7.205414542528835	1.58
16.25451173774595	1.58
32.49959441462789	1.58
19.79982570257234	1.58
11.144541892254534	1.58
16.25451173774595	1.58
36.984074083270414	1.58
20.091322695653187	1.58
11.144541892254534	1.58
23.50793515057609	1.58
34.85435934202546	1.58
20.091322695653187	1.58
11.26064247502993	1.58
23.50793515057609	1.58
42.483910194672056	1.58
17.974121204070805	1.58
10.493747779518802	1.58
12.826105105831331	1.58
42.483910194672056	1.58
19.574879835645955	1.58
6.386407357252054	1.58
16.409251681407223	1.58
42.483910194672056	1.58
26.46203816287363	1.58
11.460651611716752	1.58
16.004314891053852	1.58
42.483910194672056	1.58
26.46203816287363	1.58
11.460651611716752	1.58
18.239484320662186	1.58
34.79005931653826	1.58
27.4049095573285	1.58
13.68309900784954	1.58
18.239484320662186	1.58
28.234726923681162	1.58
26.161964364601776	1.58
15.087678677639229	1.58
19.20707788356161	1.58
25.46466154979737	1.58
31.73276252832971	1.58
8.117942066203074	1.58
20.670354380918504	1.58
23.237060980535258	1.58
28.506494114687086	1.58
2.328003938467109	1.58
17.26212682128601	1.58
19.803499362166153	1.58
32.4662147470132	1.58
2.328003938467109	1.58
12.318981253144454	1.58
24.140404998853015	1.58
22.524651177072087	1.58
12.056447100565078	1.58
2.4602004265268036	1.58
21.952680566474164	1.58
14.94920983478327	1.58
11.907738836506034	1.58
2.4602004265268036	1.58
20.132311020688917	1.58
10.994195879163573	1.58
11.618379878250426	1.58
4.786744673830992	1.58
17.106520569430543	1.58
11.076451901756426	1.58
9.844849920649578	1.58
4.786744673830992	1.58
16.13826377176926	1.58
11.076451901756426	1.58
8.648905889447484	1.58
4.786744673830992	1.58
16.13826377176926	1.58
8.668780692990854	1.58
8.65089299883383	1.58
2.683396004344501	1.58
18.275737738727273	1.58
8.668780692990854	1.58
6.609185354553398	1.58
1.93520582202704	1.58
32.63767890736463	1.58
8.668780692990854	1.58
4.747980981806059	1.58
5.035223301322213	1.58
32.63767890736463	1.58
8.668780692990854	1.58
14.88299772605101	1.58
6.548542008618886	1.58
32.63767890736463	1.58
7.045493597032523	1.58
21.36222735864574	1.58
4.023338127070705	1.58
28.541340645030694	1.58
9.581754958881112	1.58
17.4335415531026	1.58
15.69891228942225	1.58
31.435070193334212	1.58
9.237643531971306	1.58
14.915042094750639	1.58
12.837508269468621	1.58
31.435070193334212	1.58
10.610403377484372	1.58
16.78674957616787	1.58
12.837508269468621	1.58
44.85497146698744	1.58
9.470411929972833	1.58
16.78674957616787	1.58
12.837508269468621	1.58
44.85497146698744	1.58
9.470411929972833	1.58
26.64225821853449	1.58
15.847279374708975	1.58
51.36305419849451	1.58
9.470411929972833	1.58
29.934693569463466	1.58
4.436586079182739	1.58
30.515321129805898	1.58
9.470411929972833	1.58
29.539446351940743	1.58
4.436586079182739	1.58
30.90817710721609	1.58
7.271633042356449	1.58
22.161104940150857	1.58
2.6857102121335785	1.58
30.90817710721609	1.58
10.542058265849315	1.58
22.161104940150857	1.58
2.6857102121335785	1.58
34.03161757155266	1.58
10.542058265849315	1.58
30.15461568437867	1.58
2.6857102121335785	1.58
19.70724369408375	1.58
10.542058265849315	1.58
32.55358428656943	1.58
4.907886335116988	1.58
19.70724369408375	1.58
10.542058265849315	1.58
32.55358428656943	1.58
4.907886335116988	1.58
20.298186487194005	1.58
10.714811057412444	1.58
32.55358428656943	1.58
1.7741254672831523	1.58
26.516268660327896	1.58
15.924038144868993	1.58
32.55358428656943	1.58
1.7741254672831523	1.58
16.905280564227283	1.58
15.924038144868993	1.58
32.55358428656943	1.58
1.7741254672831523	1.58
16.905280564227283	1.58
14.360351784669934	1.58
29.008481382026247	1.58
1.7741254672831523	1.58
21.31243042196663	1.58
14.360351784669934	1.58
28.602981197202677	1.58
1.7741254672831523	1.58
21.605141191901634	1.58
14.360351784669934	1.58
33.14568075385193	1.58
6.050932300976193	1.58
17.18707378003687	1.58
10.678360670703388	1.58
22.716337211223365	1.58
8.052820121543832	1.58
12.862591493472664	1.58
10.678360670703388	1.58
24.614363821066277	1.58
8.836695333800737	1.58
13.259258733839655	1.58
16.740055043599952	1.58
26.172336492378843	1.58
6.356062658885104	1.58
13.259258733839655	1.58
24.65760765099516	1.58
26.172336492378843	1.58
5.485989137819509	1.58
11.157538007471981	1.58
25.385100288499466	1.58
21.07606534516322	1.58
5.485989137819509	1.58
14.38244445538579	1.58
17.60372182849649	1.58
24.475604936202057	1.58
10.967430277339844	1.58
17.314412345985573	1.58
16.693074068033482	1.58
26.817792961492252	1.58
9.382631603787024	1.58
14.882347819202613	1.58
16.693074068033482	1.58
32.49806586787778	1.58
9.297394326693407	1.58
14.935355181536744	1.58
18.305022347313454	1.58
36.615985891612056	1.58
9.297394326693407	1.58
20.86538019268503	1.58
13.4913262218687	1.58
32.76661922466408	1.58
7.403593031296943	1.58
20.86538019268503	1.58
13.73216849495146	1.58
32.76661922466408	1.58
9.992961070051114	1.58
20.587558426687686	1.58
13.73216849495146	1.58
27.53355013749901	1.58
5.65847672524621	1.58
33.03351358306506	1.58
16.09447590436934	1.58
30.010689401380883	1.58
16.292171401969544	1.58
38.32039685007123	1.58
16.10750090832713	1.58
25.89782252840208	1.58
16.315976596263113	1.58
38.32039685007123	1.58
19.39340642729417	1.58
25.97413706465565	1.58
0.8483806108890519	1.58
44.552562574094445	1.58
35.26123614454303	1.58
29.000406748628578	1.58
0.5924782492046248	1.58
41.88974257969764	1.58
32.962549362315045	1.58
22.86069672394553	1.58
0.5924782492046248	1.58
32.21296245027848	1.58
32.962549362315045	1.58
20.045596869668742	1.58
0.5924782492046248	1.58
32.21296245027848	1.58
37.00305613045296	1.58
15.261999695357098	1.58
0.5924782492046248	1.58
19.359456227838002	1.58
32.876321089106774	1.58
15.261999695357098	1.58
8.566975589400684	1.58
21.41381818790398	1.58
32.876321089106774	1.58
9.167132174186019	1.58
13.38300702974988	1.58
32.70702417095774	1.58
26.121390343240478	1.58
9.763330712906953	1.58
13.38300702974988	1.58
24.485898126545926	1.58
37.13674385196867	1.58
17.086073182721915	1.58
9.749179199306774	1.58
22.93497535796253	1.58
45.81221341743445	1.58
17.241899475708554	1.58
9.171500105587478	1.58
16.065102629189337	1.58
41.45000858147593	1.58
17.751031939371728	1.58
4.857749742282294	1.58
16.065102629189337	1.58
31.08565801094381	1.58
11.601202574915806	1.58
5.539628255289077	1.58
16.065102629189337	1.58
24.90282983358308	1.58
17.6852139091096	1.58
5.539628255289077	1.58
15.608307093863967	1.58
22.335664801568893	1.58
17.41498570631617	1.58
5.739417479338886	1.58
13.390881292824872	1.58
24.85276301438629	1.58
18.695203207380416	1.58
5.739417479338886	1.58
15.61827837993079	1.58
18.800318750793426	1.58
18.695203207380416	1.58
5.739417479338886	1.58
16.445410558165886	1.58
28.55841097807385	1.58
18.48248366640521	1.58
5.739417479338886	1.58
16.795805946108544	1.58
28.55841097807385	1.58
18.48248366640521	1.58
4.2543788700698855	1.58
22.089520249927432	1.58
26.980169909967042	1.58
15.652807661260308	1.58
5.73346322342978	1.58
23.457829840456196	1.58
36.33037870749588	1.58
11.878314457498558	1.58
5.73346322342978	1.58
31.224027473202142	1.58
26.851502619770905	1.58
9.375785839309057	1.58
5.73346322342978	1.58
31.224027473202142	1.58
34.43513941149277	1.58
9.375785839309057	1.58
5.73346322342978	1.58
31.224027473202142	1.58
22.381209087260398	1.58
9.375785839309057	1.58
8.77488718526913	1.58
31.224027473202142	1.58
26.028744480767593	1.58
11.075069573332836	1.58
8.77488718526913	1.58
24.037297396340783	1.58
19.863756573144897	1.58
14.797318225773958	1.58
15.435181636882492	1.58
32.2359254819394	1.58
20.849738590763177	1.58
14.797318225773958	1.58
16.516015128181387	1.58
27.80655291268422	1.58
24.175697550697688	1.58
17.81604177666656	1.58
16.740007532117197	1.58
36.60233031718039	1.58
30.15675641711492	1.58
17.81604177666656	1.58
16.740007532117197	1.58
36.60233031718039	1.58
37.694889532537346	1.58
22.823143345917877	1.58
7.077874921787757	1.58
30.531765414178462	1.58
27.770193526874973	1.58
22.823143345917877	1.58
13.119514156771384	1.58
30.275857822159786	1.58
25.29375902454974	1.58
19.854295889655283	1.58
12.943455624896533	1.58
30.275857822159786	1.58
24.92039008244427	1.58
17.867123429240156	1.58
12.943455624896533	1.58
30.275857822159786	1.58
23.852340894174294	1.58
13.407734556638266	1.58
18.127609708348235	1.58
28.11876423100502	1.58
30.185936744575393	1.58
12.659437986824834	1.58
19.32146580475702	1.58
28.11876423100502	1.58
37.74485038568311	1.58
18.933272987828275	1.58
27.828458529297233	1.58
28.280049241960533	1.58
37.74485038568311	1.58
6.791773805255428	1.58
26.591174426145187	1.58
28.652316537821378	1.58
23.126885006868534	1.58
6.791773805255428	1.58
26.28324625176479	1.58
27.75097572261256	1.58
21.235183728735873	1.58
8.730235025482244	1.58
23.989586450160527	1.58
27.75097572261256	1.58
21.26027395313559	1.58
0.9772151535633355	1.58
23.989586450160527	1.58
29.00970958774738	1.58
41.00959529704306	1.58
0.9772151535633355	1.58
24.107675952004705	1.58
18.604406559591137	1.58
41.00959529704306	1.58
0.9772151535633355	1.58
24.107675952004705	1.58
21.07536950080466	1.58
41.00959529704306	1.58
8.866957104120962	1.58
24.251536664201915	1.58
16.75718116906501	1.58
40.37425824122715	1.58
8.866957104120962	1.58
25.81922929164486	1.58
16.75718116906501	1.58
40.37425824122715	1.58
8.866957104120962	1.58
32.488430076014474	1.58
14.837899551708432	1.58
41.63130890593167	1.58
8.866957104120962	1.58
37.02138753789459	1.58
18.67380771115872	1.58
45.62787912261016	1.58
11.713604942911877	1.58
39.31141582111424	1.58
13.929812862646145	1.58
45.62787912261016	1.58
11.713604942911877	1.58
33.32391181201741	1.58
8.551861520238674	1.58
39.66433350624983	1.58
12.737544642675491	1.58
32.223092163161134	1.58
9.649075492267166	1.58
39.66433350624983	1.58
14.390798182733079	1.58
30.6434227608625	1.58
7.791858570817823	1.58
37.64952668239391	1.58
14.07228794906559	1.58
30.6434227608625	1.58
19.110988603853187	1.58
36.14299657239052	1.58
14.201778746094082	1.58
35.834025280382335	1.58
19.110988603853187	1.58
36.14299657239052	1.58
16.57065626928256	1.58
35.69733871821912	1.58
19.406343652085454	1.58
36.06756265759485	1.58
15.913001271003594	1.58
39.256324306894	1.58
21.39439742035455	1.58
33.861329553279674	1.58
14.629469730017538	1.58
32.52073661259238	1.58
21.810024988081064	1.58
33.861329553279674	1.58
16.89101029112982	1.58
31.510852833280286	1.58
22.865965182092985	1.58
33.861329553279674	1.58
16.89101029112982	1.58
30.219790467453617	1.58
20.937661481148943	1.58
35.010502232463985	1.58
16.533454833366385	1.58
30.219790467453617	1.58
20.937661481148943	1.58
33.591518564469425	1.58
12.639963113727589	1.58
28.595514946094553	1.58
17.208844881263175	1.58
33.591518564469425	1.58
12.554099782524059	1.58
26.76985221551373	1.58
18.765569699060165	1.58
33.591518564469425	1.58
12.554099782524059	1.58
23.728617253327513	1.58
22.741085121520157	1.58
36.544979984354825	1.58
12.554099782524059	1.58
19.805149197793643	1.58
31.424879996103602	1.58
49.901506556984685	1.58
19.63727275276043	1.58
19.805149197793643	1.58
35.69080183563993	1.58
49.901506556984685	1.58
22.78716424859809	1.58
19.805149197793643	1.58
35.67704314402636	1.58
49.901506556984685	1.58
25.565860038116156	1.58
19.805149197793643	1.58
30.029322850027647	1.58
49.901506556984685	1.58
11.122907237685446	1.58
19.805149197793643	1.58
36.93129403942832	1.58
53.7831828030382	1.58
12.123400810284572	1.58
11.469823774380586	1.58
41.67495688918068	1.58
35.54006045837865	1.58
15.887324848840741	1.58
11.469823774380586	1.58
33.10261279192464	1.58
35.54006045837865	1.58
6.090664605384401	1.58
21.900218552821052	1.58
23.206529409221737	1.58
32.83940297521408	1.58
12.696127339956009	1.58
21.10667540521854	1.58
23.206529409221737	1.58
32.83940297521408	1.58
4.701266751156556	1.58
19.893410014408303	1.58
23.206529409221737	1.58
37.33472608348683	1.58
4.701266751156556	1.58
16.690200809623256	1.58
22.08821766864915	1.58
31.587849163758193	1.58
14.274485981503862	1.58
15.277934055330643	1.58
28.649486429727148	1.58
35.08259070067565	1.58
6.945864236232438	1.58
15.277934055330643	1.58
28.649486429727148	1.58
35.08259070067565	1.58
11.34779257398943	1.58
12.93126810394344	1.58
28.1162286627484	1.58
37.00700129476268	1.58
9.553886287339928	1.58
16.188965293253222	1.58
24.741015916554716	1.58
37.00700129476268	1.58
1.8654949434463646	1.58
14.793955793260437	1.58
25.30912289064523	1.58
37.00700129476268	1.58
12.72852078999082	1.58
14.793955793260437	1.58
24.42457384345471	1.58
29.014005516008844	1.58
14.418063578147322	1.58
12.402227940268777	1.58
23.45622875190216	1.58
22.058334335445334	1.58
15.926122548853623	1.58
11.988308791137111	1.58
23.633463874963997	1.58
22.68729039312261	1.58
18.547257660234248	1.58
11.988308791137111	1.58
23.633463874963997	1.58
22.68729039312261	1.58
19.155320705574464	1.58
15.361572856656416	1.58
31.48125567765232	1.58
23.236013290157835	1.58
19.155320705574464	1.58
22.945851836584676	1.58
38.708229918250716	1.58
23.116987540556377	1.58
18.669450765336425	1.58
13.06567544820372	1.58
33.372139512179075	1.58
23.116987540556377	1.58
17.83085869654777	1.58
8.244871185385056	1.58
33.372139512179075	1.58
22.277222302444613	1.58
20.167412474616604	1.58
8.244871185385056	1.58
30.162776498089087	1.58
21.512991671495957	1.58
22.562898545933116	1.58
13.428311383033456	1.58
25.52494443084343	1.58
21.36805534550396	1.58
20.44631239777643	1.58
13.428311383033456	1.58
21.479529765539965	1.58
21.900647387705156	1.58
20.21147392816008	1.58
15.591281912260914	1.58
21.512796493465455	1.58
23.148107990785217	1.58
21.092407959389377	1.58
15.591281912260914	1.58
21.643979281847695	1.58
22.526448605633526	1.58
20.881132347456862	1.58
17.016722352265877	1.58
24.10246314307662	1.58
24.092949423083176	1.58
20.881132347456862	1.58
18.625737664685023	1.58
27.28185259298785	1.58
23.34236895009482	1.58
20.861943671198038	1.58
14.082040827150154	1.58
22.62455976025712	1.58
23.65541621988332	1.58
20.932770779185375	1.58
8.116654050048362	1.58
22.62455976025712	1.58
24.799711730210483	1.58
20.342854659526736	1.58
8.093239358105627	1.58
22.62455976025712	1.58
25.275214603429745	1.58
18.763843705729016	1.58
8.093239358105627	1.58
24.999109417494985	1.58
22.615100655729808	1.58
13.555798992512294	1.58
13.460405797655106	1.58
21.42105705315729	1.58
24.78832137463249	1.58
15.024485885669382	1.58
13.460405797655106	1.58
21.06085818255864	1.58
25.510046297327243	1.58
19.96441107168397	1.58
16.129681420089092	1.58
21.06234392925148	1.58
22.772722451146187	1.58
19.461941626963426	1.58
17.189150733515735	1.58
21.06234392925148	1.58
22.772722451146187	1.58
18.039514510793175	1.58
13.480709409531634	1.58
21.06234392925148	1.58
26.417508802715957	1.58
16.144814484614397	1.58
15.104910119686707	1.58
19.342971550150985	1.58
26.370775960356863	1.58
13.116893112867071	1.58
14.280163971160931	1.58
22.039523843951258	1.58
29.426053192393	1.58
13.116893112867071	1.58
12.526422873806277	1.58
22.039523843951258	1.58
36.85199900079138	1.58
13.116893112867071	1.58
4.328062808633909	1.58
19.24350114632458	1.58
36.85199900079138	1.58
22.22134241949464	1.58
4.328062808633909	1.58
18.834149888983294	1.58
38.23821656921109	1.58
22.36270744092213	1.58
4.328062808633909	1.58
31.841349359819773	1.58
38.23821656921109	1.58
15.273851468358682	1.58
4.328062808633909	1.58
28.836488351520153	1.58
38.23821656921109	1.58
15.273851468358682	1.58
4.328062808633909	1.58
34.863415408475035	1.58
38.23821656921109	1.58
23.879648227126516	1.58
0.10669761661673505	1.58
30.47214813882096	1.58
38.23821656921109	1.58
25.203498730443492	1.58
4.304619437575294	1.58
30.47214813882096	1.58
40.08624708170365	1.58
22.62789623493041	1.58
19.640949380432527	1.58
39.51974611431088	1.58
33.74091946692624	1.58
27.36155931412975	1.58
19.640949380432527	1.58
43.17095664284467	1.58
31.76512471418218	1.58
24.3163030084945	1.58
11.533342907596694	1.58
43.17095664284467	1.58
31.76512471418218	1.58
23.34537671533009	1.58
15.548821038942194	1.58
43.17095664284467	1.58
41.98600736278572	1.58
23.360913943355825	1.58
15.548821038942194	1.58
45.56043624915294	1.58
37.932125670564126	1.58
19.126135864068104	1.58
19.503798330457844	1.58
39.2917075264778	1.58
36.00043784447441	1.58
27.238557526892336	1.58
16.133172574533592	1.58
34.82123212278902	1.58
35.94510366464617	1.58
22.021891471243585	1.58
7.30508684182319	1.58
29.214760213681004	1.58
49.28844655446031	1.58
22.021891471243585	1.58
15.700096273402481	1.58
38.494739728939514	1.58
49.28844655446031	1.58
18.03513015044015	1.58
15.700096273402481	1.58
40.68454103856234	1.58
49.28844655446031	1.58
18.03513015044015	1.58
22.362207075608534	1.58
31.525807949451625	1.58
54.574378740637286	1.58
18.03513015044015	1.58
22.362207075608534	1.58
38.07107736705743	1.58
53.603201977061474	1.58
18.03513015044015	1.58
4.193612246139047	1.58
43.85819619929548	1.58
53.603201977061474	1.58
17.101986308039155	1.58
4.193612246139047	1.58
43.85819619929548	1.58
63.60442707902685	1.58
17.101986308039155	1.58
4.193612246139047	1.58
43.85819619929548	1.58
41.38815198918272	1.58
11.82880943548085	1.58
4.193612246139047	1.58
34.952400813107104	1.58
40.31174436582002	1.58
17.32036517946063	1.58
4.193612246139047	1.58
34.952400813107104	1.58
42.27897772540969	1.58
13.466492743708738	1.58
4.193612246139047	1.58
34.952400813107104	1.58
46.96910158536308	1.58
13.466492743708738	1.58
4.193612246139047	1.58
37.618825607029976	1.58
46.96910158536308	1.58
22.702378897002504	1.58
4.193612246139047	1.58
38.420397873307515	1.58
39.15177677561077	1.58
23.44879047900485	1.58
4.193612246139047	1.58
38.420397873307515	1.58
39.15177677561077	1.58
9.204684378057706	1.58
6.65900713292525	1.58
23.49093852360544	1.58
39.15177677561077	1.58
9.204684378057706	1.58
6.65900713292525	1.58
30.910733585729314	1.58
39.15177677561077	1.58
9.169581920568358	1.58
19.129160165758126	1.58
30.910733585729314	1.58
32.494416691938994	1.58
9.169581920568358	1.58
15.051304511366368	1.58
36.20746670994251	1.58
28.826851697341617	1.58
7.05910282878661	1.58
9.543532536179626	1.58
39.20918166368526	1.58
37.893222039100834	1.58
8.959905890016145	1.58
9.543532536179626	1.58
53.65664408325717	1.58
37.893222039100834	1.58
7.701013241684592	1.58
28.10732975948337	1.58
53.65664408325717	1.58
34.97683902884474	1.58
7.701013241684592	1.58
22.668928128014464	1.58
41.33113874008362	1.58
34.742770148862554	1.58
7.701013241684592	1.58
22.668928128014464	1.58
27.699900923018127	1.58
35.92413962078516	1.58
7.701013241684592	1.58
20.58503245786225	1.58
34.23194784420431	1.58
40.150120887290235	1.58
9.17060014618912	1.58
20.58503245786225	1.58
24.10211575651668	1.58
40.56256168088602	1.58
9.17060014618912	1.58
17.402119158106487	1.58
18.984753343598438	1.58
40.56256168088602	1.58
8.718164898405972	1.58
17.409262863111163	1.58
18.984753343598438	1.58
35.446755743097604	1.58
19.730937294718007	1.58
4.2239367014913505	1.58
20.077125791730488	1.58
33.14774594662065	1.58
17.755350989576797	1.58
10.442169645273603	1.58
19.405691648257765	1.58
37.82245921218198	1.58
16.75401689467369	1.58
21.63046823875834	1.58
19.36861852968853	1.58
37.82245921218198	1.58
17.133465249251127	1.58
29.475121463482516	1.58
19.246067368803963	1.58
36.961372957287196	1.58
24.794730230091876	1.58
27.97914337451588	1.58
15.332818574022717	1.58
33.97141929398886	1.58
27.49240180637127	1.58
27.085159129963998	1.58
7.923619759543882	1.58
36.62707387445855	1.58
18.43158010481832	1.58
32.43764616575368	1.58
9.871540698289504	1.58
40.68448456567851	1.58
14.097677362471934	1.58
34.44251898431168	1.58
9.871540698289504	1.58
40.68448456567851	1.58
5.17215638096264	1.58
34.44251898431168	1.58
13.186140185457788	1.58
38.85402470003948	1.58
4.4892431516072016	1.58
30.79895478353861	1.58
19.430433664349653	1.58
40.90964378417451	1.58
4.4892431516072016	1.58
25.271771030122395	1.58
30.996832590363095	1.58
42.00180408126111	1.58
3.667734879475134	1.58
23.345153965444226	1.58
32.38321334302378	1.58
35.29274783602731	1.58
0.6923748414097446	1.58
23.345153965444226	1.58
37.55162351945071	1.58
20.835024494266147	1.58
0.6923748414097446	1.58
22.551156375339108	1.58
40.96299058340177	1.58
15.083913600555203	1.58
0.6923748414097446	1.58
12.649175688938833	1.58
29.46134234363112	1.58
22.944790563439078	1.58
0.6923748414097446	1.58
12.649175688938833	1.58
17.87227729371174	1.58
20.045383645220603	1.58
6.481876331556007	1.58
14.902120761849828	1.58
14.029355101023844	1.58
22.107454739952708	1.58
6.481876331556007	1.58
15.318043071023974	1.58
13.806166596575267	1.58
18.61380213769189	1.58
9.159300432051886	1.58
14.680565525216291	1.58
17.347064894358077	1.58
24.682287866999395	1.58
8.870007114402556	1.58
13.293345883300384	1.58
20.82739333264731	1.58
30.729176687335553	1.58
10.102307213134248	1.58
6.844474902132257	1.58
28.743115940567243	1.58
30.729176687335553	1.58
10.102307213134248	1.58
16.848207642713504	1.58
33.50485580582454	1.58
31.236293742874807	1.58
13.698915214703483	1.58
13.25079900667976	1.58
34.19902635738721	1.58
22.864650155088647	1.58
13.698915214703483	1.58
6.944846800692245	1.58
21.900752804530292	1.58
20.304446001238944	1.58
16.956737080434955	1.58
9.710698315811824	1.58
21.900752804530292	1.58
21.204663202893734	1.58
18.470763775739265	1.58
12.740835286538267	1.58
21.05380320547799	1.58
21.065500694669325	1.58
19.179761150791993	1.58
10.870149994108228	1.58
29.190644429632606	1.58
17.549817206225516	1.58
22.701730095207882	1.58
8.758424651657084	1.58
33.05300772940258	1.58
16.737661503385684	1.58
22.48524764413714	1.58
7.959403371706506	1.58
36.28266532318996	1.58
19.21703337893999	1.58
22.48524764413714	1.58
7.959403371706506	1.58
31.95538896897324	1.58
19.21703337893999	1.58
23.82895249140119	1.58
7.959403371706506	1.58
48.01913725184392	1.58
19.21703337893999	1.58
9.545833644564468	1.58
15.877177965478573	1.58
44.43523157784988	1.58
15.037395177534314	1.58
9.545833644564468	1.58
16.00069424599367	1.58
35.23237702477449	1.58
18.97852937161497	1.58
13.332537042573357	1.58
16.00069424599367	1.58
35.23237702477449	1.58
23.45005182641637	1.58
15.06339557745732	1.58
5.552704073020461	1.58
32.78336950827523	1.58
27.316658837302796	1.58
6.684360757803873	1.58
5.552704073020461	1.58
25.277142463615345	1.58
26.376209831884353	1.58
6.684360757803873	1.58
5.552704073020461	1.58
24.327420647857007	1.58
26.376209831884353	1.58
5.757723772489371	1.58
13.771053751321425	1.58
24.327420647857007	1.58
24.81920450350721	1.58
9.51757359484141	1.58
13.771053751321425	1.58
28.587875424254406	1.58
31.905859467906712	1.58
6.026177994434217	1.58
13.771053751321425	1.58
26.8843461041957	1.58
31.905859467906712	1.58
11.748854140818164	1.58
8.080403734004548	1.58
36.49621884190071	1.58
45.753345158448624	1.58
18.297674034817256	1.58
8.080403734004548	1.58
35.28290283510898	1.58
45.753345158448624	1.58
8.180675783669969	1.58
13.119733160853794	1.58
35.28290283510898	1.58
45.753345158448624	1.58
6.866835217324713	1.58
13.119733160853794	1.58
35.28290283510898	1.58
46.614698361202905	1.58
6.866835217324713	1.58
13.119733160853794	1.58
30.74247012681982	1.58
46.614698361202905	1.58
6.866835217324713	1.58
18.984508814076502	1.58
30.74247012681982	1.58
27.24987351906184	1.58
6.866835217324713	1.58
18.984508814076502	1.58
30.74247012681982	1.58
25.487874530759974	1.58
6.866835217324713	1.58
14.838856740196764	1.58
30.401371186460572	1.58
16.53668632780102	1.58
6.866835217324713	1.58
13.6531487669836	1.58
52.34503204654277	1.58
16.617905265539857	1.58
6.866835217324713	1.58
13.6531487669836	1.58
52.34503204654277	1.58
17.441758359154083	1.58
6.866835217324713	1.58
13.6531487669836	1.58
52.34503204654277	1.58
20.700065620712632	1.58
6.866835217324713	1.58
22.678312945941883	1.58
34.932728212112096	1.58
23.384884763560915	1.58
15.087769999527255	1.58
24.20187868315068	1.58
34.932728212112096	1.58
23.384884763560915	1.58
10.156970646485682	1.58
24.909177796822604	1.58
35.78645099097689	1.58
22.192766066395365	1.58
22.469901244150744	1.58
26.80916830116939	1.58
34.15381596595258	1.58
22.10642924900271	1.58
22.653494055702197	1.58
19.678406975734553	1.58
34.15381596595258	1.58
23.96350349074997	1.58
19.49106388049666	1.58
15.677675243162696	1.58
34.15381596595258	1.58
26.26888459380228	1.58
15.777865542829561	1.58
6.02147408163173	1.58
34.15381596595258	1.58
33.725574732091104	1.58
6.2610348577461785	1.58
19.73110813251743	1.58
49.682555047864895	1.58
35.70692602108603	1.58
15.637737211116047	1.58
19.73110813251743	1.58
49.682555047864895	1.58
44.29651029636227	1.58
5.07490140813546	1.58
19.73110813251743	1.58
55.603930136216576	1.58
40.3509228950594	1.58
5.07490140813546	1.58
19.73110813251743	1.58
55.603930136216576	1.58
31.588618533822356	1.58
9.964310077360437	1.58
19.73110813251743	1.58
39.38933330929676	1.58
33.713995946320644	1.58
9.97276712430968	1.58
19.73110813251743	1.58
29.71580630902316	1.58
41.083854426528895	1.58
9.97276712430968	1.58
19.73110813251743	1.58
40.817998648464865	1.58
41.083854426528895	1.58
22.36470901710316	1.58
18.613838614739073	1.58
34.521189278823975	1.58
36.21647268012205	1.58
16.4710377007786	1.58
18.613838614739073	1.58
34.521189278823975	1.58
36.21647268012205	1.58
16.4710377007786	1.58
15.444828871021286	1.58
30.361778144959175	1.58
35.99743025716224	1.58
16.4710377007786	1.58
8.866269495729348	1.58
30.361778144959175	1.58
37.562034598075826	1.58
8.131015954925697	1.58
8.866269495729348	1.58
28.421230477890806	1.58
31.326118244673587	1.58
8.043076117557977	1.58
7.418632163068359	1.58
23.845640951271392	1.58
31.326118244673587	1.58
8.043076117557977	1.58
13.3332625742932	1.58
30.272876597763407	1.58
27.333684925820652	1.58
8.043076117557977	1.58
13.3332625742932	1.58
21.520044396784556	1.58
40.0813171687953	1.58
9.721122865717273	1.58
12.884523951428534	1.58
18.761557562024752	1.58
37.046760722691126	1.58
5.803137552032913	1.58
10.076175387230613	1.58
15.582018486372903	1.58
29.59318265709988	1.58
5.803137552032913	1.58
6.964469790555544	1.58
16.614663196693776	1.58
35.92797388189079	1.58
19.3793531056929	1.58
5.976422181872971	1.58
16.364563205403442	1.58
35.92797388189079	1.58
19.408483465557932	1.58
17.625614602142747	1.58
15.485259627953464	1.58
36.074902791400014	1.58
20.309443086838748	1.58
19.27838367306184	1.58
13.638682701852247	1.58
37.157473754111805	1.58
20.876342552926182	1.58
10.28216041344458	1.58
17.157855761756576	1.58
40.47462349326021	1.58
23.60845072837845	1.58
10.28216041344458	1.58
12.903988495677883	1.58
40.47462349326021	1.58
14.178844931812144	1.58
10.288977983742468	1.58
14.709999537020911	1.58
37.67862184695982	1.58
14.178844931812144	1.58
10.083268645543399	1.58
16.31092453435606	1.58
37.67862184695982	1.58
12.83565732827308	1.58
17.813655168261064	1.58
16.31092453435606	1.58
40.11097941560056	1.58
10.602156823237378	1.58
17.900013069340744	1.58
14.844450771261382	1.58
31.345843306384594	1.58
9.49703346879453	1.58
16.710608966564994	1.58
13.15553273563973	1.58
31.345843306384594	1.58
9.087548100574109	1.58
17.796699235672097	1.58
13.333225588780657	1.58
42.91753484459862	1.58
5.498386572996181	1.58
17.796699235672097	1.58
12.4907750227331	1.58
42.91753484459862	1.58
5.498386572996181	1.58
19.614956473765005	1.58
19.23242517997595	1.58
42.91753484459862	1.58
5.498386572996181	1.58
25.235999715560084	1.58
17.49200121185371	1.58
26.719206684740204	1.58
5.498386572996181	1.58
25.39924861665108	1.58
17.205914881696824	1.58
26.22159783443295	1.58
13.111554462289439	1.58
32.51650654038174	1.58
15.588795034272938	1.58
21.29875391486637	1.58
10.853462721321172	1.58
35.18440135624661	1.58
17.69945717501397	1.58
12.972199947635794	1.58
6.268959010019961	1.58
35.18440135624661	1.58
21.096071365118945	1.58
16.769151718675325	1.58
6.268959010019961	1.58
27.751605913993753	1.58
25.495367645288503	1.58
19.342384470259287	1.58
6.268959010019961	1.58
27.990040463495447	1.58
25.495367645288503	1.58
19.342384470259287	1.58
6.268959010019961	1.58
31.31759186321016	1.58
25.694622822268897	1.58
14.035457559626511	1.58
15.727136900398653	1.58
31.835993098787803	1.58
26.36187172192478	1.58
14.035457559626511	1.58
15.7982497556536	1.58
38.51675613551569	1.58
28.227053019450366	1.58
14.035457559626511	1.58
16.174595253218218	1.58
40.91477375891524	1.58
34.71205952228712	1.58
12.346784234759175	1.58
16.591667354858895	1.58
43.59457378162725	1.58
33.81820449836685	1.58
12.346784234759175	1.58
18.35181257129527	1.58
39.62412904362473	1.58
33.81820449836685	1.58
8.699798914751376	1.58
21.14724757120446	1.58
39.62412904362473	1.58
28.24108363027551	1.58
8.699798914751376	1.58
16.1043670813386	1.58
30.55446586186067	1.58
28.34400428666603	1.58
11.301342468420726	1.58
16.790739751506642	1.58
28.157614945686383	1.58
28.390765359609556	1.58
9.638453687129811	1.58
5.2191697863090845	1.58
36.186432256957914	1.58
31.19101181394859	1.58
9.638453687129811	1.58
5.2191697863090845	1.58
38.858149447738036	1.58
26.11310421178407	1.58
8.666641820764971	1.58
5.2191697863090845	1.58
42.44961205841854	1.58
25.382356287749573	1.58
10.90795315638658	1.58
8.013787756038155	1.58
48.454796177485846	1.58
10.221512678018449	1.58
10.90795315638658	1.58
6.289760684452511	1.58
48.454796177485846	1.58
11.97034644135465	1.58
10.90795315638658	1.58
6.289760684452511	1.58
48.454796177485846	1.58
12.314227639929758	1.58
10.90795315638658	1.58
3.353592661131106	1.58
48.454796177485846	1.58
17.505653843041	1.58
26.57071443424338	1.58
3.353592661131106	1.58
40.6922789097096	1.58
17.505653843041	1.58
15.352132453665831	1.58
3.353592661131106	1.58
38.35058762061314	1.58
21.607878485754245	1.58
17.397779942832358	1.58
3.353592661131106	1.58
38.35058762061314	1.58
16.51724150026355	1.58
17.397779942832358	1.58
4.699474902942205	1.58
38.35058762061314	1.58
16.176612750605493	1.58
14.610454790427799	1.58
4.699474902942205	1.58
38.35058762061314	1.58
16.176612750605493	1.58
14.610454790427799	1.58
4.699474902942205	1.58
50.18017990595073	1.58
19.355045038958792	1.58
14.610454790427799	1.58
10.277297471029327	1.58
38.06963094837902	1.58
27.406959484060522	1.58
15.96240240968655	1.58
12.954413329465211	1.58
38.06963094837902	1.58
28.87457754089835	1.58
15.96240240968655	1.58
11.201174865106847	1.58
38.06963094837902	1.58
25.388331092563988	1.58
17.054415290279028	1.58
13.097292479350706	1.58
38.06963094837902	1.58
23.48555624123169	1.58
20.465223633355215	1.58
13.097292479350706	1.58
44.6920829469298	1.58
29.629047490674644	1.58
12.766702099667938	1.58
13.085077852919163	1.58
49.7149238402143	1.58
26.296651559931394	1.58
12.844055693009462	1.58
12.575164032118687	1.58
49.7149238402143	1.58
26.296651559931394	1.58
14.836658753588246	1.58
12.575164032118687	1.58
49.7149238402143	1.58
19.32254032923752	1.58
14.718000337240909	1.58
11.7633681151315	1.58
48.18299064579185	1.58
26.207897406377775	1.58
13.347607296946965	1.58
12.195232373220248	1.58
48.18299064579185	1.58
21.43959051864362	1.58
13.03698950988247	1.58
11.475729167497105	1.58
48.18299064579185	1.58
22.446726010148105	1.58
13.723579155490775	1.58
12.614357438507026	1.58
52.49175431685044	1.58
22.446726010148105	1.58
12.479525081714563	1.58
12.62538289915656	1.58
52.49175431685044	1.58
23.003799533246287	1.58
12.479525081714563	1.58
12.62538289915656	1.58
57.923491351172515	1.58
23.003799533246287	1.58
12.479525081714563	1.58
12.649036813426745	1.58
57.923491351172515	1.58
21.94612659445327	1.58
12.479525081714563	1.58
12.704953307940151	1.58
57.923491351172515	1.58
21.94612659445327	1.58
12.366491554320849	1.58
12.792520954886852	1.58
57.923491351172515	1.58
21.94612659445327	1.58
12.316615528854038	1.58
16.512416063887283	1.58
57.923491351172515	1.58
21.94612659445327	1.58
9.649837744393999	1.58
21.294962833685492	1.58
62.24537512074496	1.58
21.94612659445327	1.58
8.962877405506722	1.58
29.720645657680144	1.58
39.60872335729256	1.58
21.94612659445327	1.58
12.960245797633931	1.58
25.006800826117043	1.58
39.60872335729256	1.58
21.94612659445327	1.58
8.584776040808602	1.58
24.7901298972452	1.58
45.37506999490694	1.58
21.821666306627336	1.58
8.584776040808602	1.58
27.693984048021576	1.58
45.37506999490694	1.58
7.309401799378861	1.58
8.584776040808602	1.58
22.42865554601907	1.58
45.37506999490694	1.58
8.404990950508653	1.58
8.584776040808602	1.58
22.42865554601907	1.58
45.37506999490694	1.58
17.348080227770886	1.58
3.0285103869186294	1.58
22.33612011309679	1.58
32.031132874082495	1.58
17.348080227770886	1.58
3.0285103869186294	1.58
24.809351910578272	1.58
39.71529984566233	1.58
19.981032983917768	1.58
3.0285103869186294	1.58
28.267036350088453	1.58
39.71529984566233	1.58
19.981032983917768	1.58
3.0285103869186294	1.58
21.145578193738505	1.58
23.45416133751103	1.58
19.456403787048583	1.58
5.292837771329932	1.58
22.671193746513925	1.58
26.693039392487613	1.58
19.910471653949763	1.58
13.822435525514798	1.58
24.528291929918765	1.58
32.47076489509074	1.58
19.335396308294804	1.58
17.3496129012982	1.58
24.681136707215664	1.58
32.47076489509074	1.58
18.981850579367666	1.58
15.185733575537379	1.58
28.900594806789282	1.58
32.66709315045311	1.58
18.39756426929127	1.58
2.1689380792697825	1.58
32.79041406042457	1.58
43.71359161421367	1.58
18.39756426929127	1.58
2.1689380792697825	1.58
32.79041406042457	1.58
43.71359161421367	1.58
2.643448899326067	1.58
2.1689380792697825	1.58
32.79041406042457	1.58
59.537284039691315	1.58
15.468055019242765	1.58
2.1689380792697825	1.58
25.317691536217566	1.58
59.537284039691315	1.58
9.429273933478985	1.58
2.1689380792697825	1.58
21.55495931496771	1.58
34.34635791091715	1.58
9.429273933478985	1.58
11.496409933347637	1.58
16.73543424358018	1.58
30.656289555195805	1.58
6.173160881305446	1.58
9.618766626401769	1.58
19.9206230431832	1.58
30.656289555195805	1.58
17.380907903661907	1.58
9.068340588345881	1.58
22.420480349463908	1.58
48.60894029857306	1.58
19.14834119713149	1.58
15.219038007743002	1.58
24.010170500651377	1.58
48.60894029857306	1.58
20.31928451508114	1.58
10.968727872918656	1.58
25.660428116730962	1.58
48.60894029857306	1.58
29.904172472070282	1.58
10.968727872918656	1.58
24.209207324071507	1.58
45.952143975344555	1.58
33.64751437737754	1.58
18.713558923595183	1.58
20.566392848870816	1.58
45.952143975344555	1.58
40.28720623022143	1.58
17.149535285372988	1.58
20.566392848870816	1.58
48.1400878303231	1.58
33.09260783202126	1.58
17.149535285372988	1.58
20.975908912034583	1.58
50.09605625245899	1.58
37.54916382179938	1.58
18.23789998075245	1.58
14.833143734280647	1.58
50.09605625245899	1.58
37.54916382179938	1.58
17.09518852468318	1.58
16.619630828630353	1.58
58.96686444407496	1.58
30.47405788858879	1.58
16.95090529764268	1.58
9.984747371786764	1.58
57.759551347913515	1.58
20.495667087969018	1.58
23.395539831288126	1.58
12.358212192845345	1.58
56.906917874846314	1.58
20.495667087969018	1.58
27.995150018690197	1.58
6.511590413061615	1.58
56.906917874846314	1.58
21.936899739982316	1.58
9.461846388479856	1.58
8.565421925155547	1.58
56.906917874846314	1.58
21.936899739982316	1.58
10.338763067492893	1.58
7.543551704832209	1.58
47.667271793150086	1.58
21.936899739982316	1.58
12.503058063800687	1.58
8.202244006293022	1.58
47.667271793150086	1.58
20.808637795617017	1.58
12.503058063800687	1.58
8.202244006293022	1.58
47.667271793150086	1.58
22.528123232210486	1.58
12.503058063800687	1.58
1.6248645671015822	1.58
40.83413793733367	1.58
6.799215176652986	1.58
12.503058063800687	1.58
2.7941486900383854	1.58
40.83413793733367	1.58
6.799215176652986	1.58
12.503058063800687	1.58
0.440966123515925	1.58
29.041399410881066	1.58
10.020324161595283	1.58
7.5001200782157085	1.58
0.42099534884210854	1.58
27.92840574782722	1.58
10.020324161595283	1.58
13.554774738480479	1.58
0.42099534884210854	1.58
31.297804810829387	1.58
10.020324161595283	1.58
24.40157218056936	1.58
0.42099534884210854	1.58
37.7588062956204	1.58
10.020324161595283	1.58
16.559278016487465	1.58
5.732343615203238	1.58
36.207602152288004	1.58
13.28188277564644	1.58
16.559278016487465	1.58
9.634496954806789	1.58
28.29894464410177	1.58
11.822586751195585	1.58
14.28275847719873	1.58
9.634496954806789	1.58
31.418098118603282	1.58
11.355739626389207	1.58
14.28275847719873	1.58
5.5142465088916595	1.58
46.91837419285815	1.58
11.355739626389207	1.58
14.28275847719873	1.58
5.144256741452837	1.58
46.91837419285815	1.58
11.355739626389207	1.58
12.603073135475956	1.58
6.854620964415648	1.58
36.98498902074873	1.58
13.098936400289974	1.58
14.564870498439811	1.58
7.602356423407819	1.58
28.53140897726213	1.58
2.407676826762305	1.58
1.2475333404486904	1.58
9.493908186182953	1.58
40.074346589510675	1.58
2.407676826762305	1.58
4.255738451294967	1.58
11.444253884707326	1.58
40.074346589510675	1.58
5.2901676754272104	1.58
18.96000263824584	1.58
11.444253884707326	1.58
40.074346589510675	1.58
5.2901676754272104	1.58
27.37658962515868	1.58
11.444253884707326	1.58
43.16634109591814	1.58
5.2901676754272104	1.58
27.09696675581562	1.58
11.444253884707326	1.58
45.3530925107533	1.58
5.2901676754272104	1.58
42.266353043258995	1.58
13.184217259336808	1.58
44.75406743464543	1.58
18.75616393614568	1.58
42.266353043258995	1.58
13.184217259336808	1.58
44.775074606533806	1.58
19.030301270887097	1.58
42.862890010593745	1.58
10.714470332461179	1.58
46.10946936186932	1.58
15.31821039135286	1.58
39.85881416455881	1.58
12.795302685509071	1.58
43.30557684131586	1.58
16.601541748114137	1.58
38.21039399987562	1.58
10.637204883004902	1.58
42.020206233265654	1.58
21.971294219968957	1.58
36.76149828694667	1.58
4.07113908130696	1.58
42.020206233265654	1.58
23.445518638388954	1.58
34.36390313907973	1.58
4.07113908130696	1.58
41.77149763138484	1.58
22.916890511051957	1.58
34.36390313907973	1.58
11.640809524494593	1.58
39.99676860903455	1.58
14.756797749386486	1.58
30.79452613649883	1.58
10.204447799897444	1.58
39.99676860903455	1.58
25.245971429007632	1.58
42.786695008658064	1.58
10.204447799897444	1.58
41.038890716342074	1.58
19.71180587479186	1.58
27.898480731186847	1.58
11.200691728588712	1.58
36.2363554758556	1.58
19.71180587479186	1.58
22.673948850729868	1.58
6.545375214609013	1.58
36.2363554758556	1.58
19.078645728652013	1.58
29.716323608490857	1.58
9.659360323674903	1.58
36.71796263528728	1.58
3.3685228159637433	1.58
20.156126364496572	1.58
14.04223937579233	1.58
43.86545177272125	1.58
3.3685228159637433	1.58
18.912736369599276	1.58
15.626773044478076	1.58
35.51055752447166	1.58
3.3685228159637433	1.58
20.60087096621354	1.58
26.9178589893838	1.58
21.78860236387359	1.58
3.6322243304575004	1.58
21.20722533227629	1.58
29.19570906930461	1.58
17.36719587391947	1.58
11.489487217726566	1.58
21.20722533227629	1.58
31.479003033388505	1.58
21.172090109635548	1.58
13.512391800651379	1.58
15.402052409403446	1.58
31.479003033388505	1.58
18.519613878897292	1.58
8.760734163613515	1.58
15.84605220601988	1.58
41.35270490239125	1.58
18.954585195769535	1.58
7.618069932476734	1.58
17.033490387903203	1.58
41.35270490239125	1.58
20.239472390209944	1.58
7.618069932476734	1.58
18.504689202596506	1.58
28.80280399552209	1.58
20.680260110776018	1.58
7.618069932476734	1.58
23.03787222588658	1.58
28.80280399552209	1.58
18.920837195390103	1.58
7.618069932476734	1.58
22.12380921945189	1.58
32.91180143354342	1.58
18.9898926705904	1.58
7.618069932476734	1.58
12.456338193813636	1.58
34.25529483337479	1.58
28.969478932637955	1.58
19.370637211336444	1.58
6.795095958016589	1.58
31.66123349046976	1.58
34.35080223923167	1.58
10.453847649429107	1.58
6.795095958016589	1.58
31.66123349046976	1.58
25.22385684968514	1.58
10.453847649429107	1.58
2.597142890427776	1.58
39.95224355344812	1.58
21.92714476684716	1.58
10.453847649429107	1.58
2.597142890427776	1.58
39.95224355344812	1.58
22.056020741559003	1.58
10.453847649429107	1.58
2.597142890427776	1.58
46.55080519785802	1.58
32.60883957523961	1.58
10.453847649429107	1.58
2.4336530037600923	1.58
46.55080519785802	1.58
41.79346858930391	1.58
22.415466932680765	1.58
2.4336530037600923	1.58
46.55080519785802	1.58
36.67873812983839	1.58
10.796654122730665	1.58
15.971827839774633	1.58
46.55080519785802	1.58
45.271174612515814	1.58
10.796654122730665	1.58
7.462289481100726	1.58
33.39810453983125	1.58
45.271174612515814	1.58
10.796654122730665	1.58
9.467689399598214	1.58
33.44169882741329	1.58
45.271174612515814	1.58
10.796654122730665	1.58
3.429321266386477	1.58
36.33474426807764	1.58
45.271174612515814	1.58
10.796654122730665	1.58
3.429321266386477	1.58
46.91049220284103	1.58
45.271174612515814	1.58
22.21778160680144	1.58
3.429321266386477	1.58
41.353947917209894	1.58
38.9158937483778	1.58
15.459678329374203	1.58
15.261548436207335	1.58
41.353947917209894	1.58
30.306746651881113	1.58
15.459678329374203	1.58
12.769960326551654	1.58
41.353947917209894	1.58
30.306746651881113	1.58
15.459678329374203	1.58
1.4970065489429025	1.58
41.353947917209894	1.58
24.400034751222236	1.58
15.459678329374203	1.58
1.4970065489429025	1.58
38.571768803572496	1.58
25.444875703439156	1.58
15.459678329374203	1.58
19.82577120916966	1.58
33.79705278009263	1.58
30.607623629431657	1.58
15.979278169722342	1.58
20.197026407417283	1.58
40.765657215598736	1.58
28.443029362616294	1.58
15.382541205226534	1.58
20.289340373674264	1.58
39.59964336684018	1.58
26.77271811091235	1.58
15.756583705732407	1.58
8.922091240173945	1.58
33.87045364355478	1.58
19.16993048246851	1.58
14.784515340471225	1.58
10.981511523089344	1.58
41.916911685404834	1.58
19.16993048246851	1.58
14.784515340471225	1.58
5.099265353063085	1.58
38.659208526295195	1.58
22.3056096844235	1.58
14.784515340471225	1.58
5.099265353063085	1.58
35.37956355560435	1.58
19.460728948624308	1.58
10.29521739978587	1.58
11.613730151960201	1.58
35.37956355560435	1.58
25.120700061078427	1.58
15.709024240850322	1.58
11.613730151960201	1.58
41.432725323788866	1.58
25.120700061078427	1.58
1.2279391970156794	1.58
11.664990750074104	1.58
41.432725323788866	1.58
21.118995917190063	1.58
17.60540699776351	1.58
11.769538489974034	1.58
40.74912300050769	1.58
22.94658517325707	1.58
17.60540699776351	1.58
5.9758099318059195	1.58
35.781781072089935	1.58
27.718251038059304	1.58
18.01481092054309	1.58
5.9758099318059195	1.58
35.781781072089935	1.58
27.52746549994134	1.58
20.318460712411145	1.58
5.9758099318059195	1.58
43.49866144665994	1.58
27.25358370941177	1.58
25.201615368104832	1.58
5.9758099318059195	1.58
43.49866144665994	1.58
27.45040747862094	1.58
27.884528983060747	1.58
15.292295523646175	1.58
43.49866144665994	1.58
25.96047349642355	1.58
29.629835810199417	1.58
15.292295523646175	1.58
45.88978707403655	1.58
23.14386259817627	1.58
29.629835810199417	1.58
15.292295523646175	1.58
45.88978707403655	1.58
25.235287251181454	1.58
29.629835810199417	1.58
10.3650181142653	1.58
45.88978707403655	1.58
33.9757508586177	1.58
28.371009495548254	1.58
10.3650181142653	1.58
49.9326711508793	1.58
30.06413018364926	1.58
21.795592601772316	1.58
10.3650181142653	1.58
49.9326711508793	1.58
21.536192603756554	1.58
21.983441947920166	1.58
11.452100886031234	1.58
43.961799355598686	1.58
26.96535388507108	1.58
21.983441947920166	1.58
11.452100886031234	1.58
43.961799355598686	1.58
26.531320509800054	1.58
21.491361653763768	1.58
15.361566298054825	1.58
35.62740399646684	1.58
31.45420842523201	1.58
20.465169512624293	1.58
7.64609794550347	1.58
35.62740399646684	1.58
38.62477606918908	1.58
15.06017847947425	1.58
7.64609794550347	1.58
35.62740399646684	1.58
30.463876363746763	1.58
15.848770751290823	1.58
7.64609794550347	1.58
31.526379673711318	1.58
30.44590714290826	1.58
6.8743717996239475	1.58
6.150858381040873	1.58
19.70554472113082	1.58
21.35396777432251	1.58
7.091857088894736	1.58
6.150858381040873	1.58
13.510963583973542	1.58
26.929923613117346	1.58
7.091857088894736	1.58
6.150858381040873	1.58
12.855117069356258	1.58
40.475127820292094	1.58
7.091857088894736	1.58
14.456951614725394	1.58
13.000407233631835	1.58
34.85522300413248	1.58
9.042614592157245	1.58
15.442948343915571	1.58
13.000407233631835	1.58
33.62040561635054	1.58
5.752731486762421	1.58
15.366384634827519	1.58
12.35416000850139	1.58
30.745820670925674	1.58
5.752731486762421	1.58
15.366384634827519	1.58
11.669462563854298	1.58
23.46920524034482	1.58
6.280960938518575	1.58
13.091526412799068	1.58
16.888062031910614	1.58
34.01092426471227	1.58
14.845817275502146	1.58
18.8760717861511	1.58
16.043726652227004	1.58
29.281911808414357	1.58
13.733798847030947	1.58
20.0310050960054	1.58
15.709840514040215	1.58
24.503348477268542	1.58
12.474198659173707	1.58
15.585021051187645	1.58
17.135845078380076	1.58
27.09214727468745	1.58
9.420256588708952	1.58
7.178773405670725	1.58
24.28793579966821	1.58
18.420961605159423	1.58
9.420256588708952	1.58
7.178773405670725	1.58
19.624685807450234	1.58
14.406339830914021	1.58
9.420256588708952	1.58
2.0139310368020507	1.58
15.701887968416532	1.58
14.406339830914021	1.58
10.704531159341212	1.58
2.0139310368020507	1.58
18.69451958836168	1.58
14.406339830914021	1.58
11.23213354182657	1.58
2.0139310368020507	1.58
17.329160371432422	1.58
16.497280410758634	1.58
11.844943648967885	1.58
6.990931853138578	1.58
13.637948886788458	1.58
16.497280410758634	1.58
10.810904136274068	1.58
6.990931853138578	1.58
14.601314164817609	1.58
16.2534348716378	1.58
10.529475812984625	1.58
7.749333441652655	1.58
15.78465781258215	1.58
19.57749547717405	1.58
10.529475812984625	1.58
7.749333441652655	1.58
14.250369796730446	1.58
18.930263083548482	1.58
14.069995013981494	1.58
7.749333441652655	1.58
20.228248333313836	1.58
19.8546395879002	1.58
15.590533793140398	1.58
7.749333441652655	1.58
23.46563902986057	1.58
22.190886128273426	1.58
8.128683430660393	1.58
7.749333441652655	1.58
32.424938399854504	1.58
16.17772379701995	1.58
14.09699711303664	1.58
8.177507731976394	1.58
32.63346223303509	1.58
17.83808500393757	1.58
15.171751814831486	1.58
8.50537959515992	1.58
23.351573816441956	1.58
14.130674843950182	1.58
15.373535725620634	1.58
10.283256163744474	1.58
32.22746265949669	1.58
14.95837563012813	1.58
8.527379389613124	1.58
8.038730015518173	1.58
25.39075235573138	1.58
17.68476106106337	1.58
10.381701834693013	1.58
9.324587407388055	1.58
38.56713680185847	1.58
22.565088201514925	1.58
10.381701834693013	1.58
4.760141850283148	1.58
34.47524695832363	1.58
19.87203430859301	1.58
11.636323817788249	1.58
4.760141850283148	1.58
34.47524695832363	1.58
30.16603355942106	1.58
5.813355493535816	1.58
4.760141850283148	1.58
25.18440878020656	1.58
30.16603355942106	1.58
2.1444735878126906	1.58
4.760141850283148	1.58
25.18440878020656	1.58
19.244384798923218	1.58
3.3840310267109963	1.58
4.695677429485805	1.58
21.94875450773229	1.58
24.943084151260447	1.58
2.0502036682740084	1.58
13.204602147788233	1.58
24.645830938081048	1.58
21.034582229673145	1.58
2.0502036682740084	1.58
11.502667670064119	1.58
25.169336900449544	1.58
27.3101418754255	1.58
2.0502036682740084	1.58
11.502667670064119	1.58
25.169336900449544	1.58
29.386156674992108	1.58
2.0502036682740084	1.58
13.524027945485582	1.58
17.267246081466112	1.58
15.976076219255514	1.58
5.721469529399245	1.58
11.22357984718576	1.58
17.561456214410562	1.58
14.273384714817253	1.58
8.44331391063205	1.58
11.812162035540396	1.58
17.561456214410562	1.58
14.630980302418829	1.58
7.9475345565984785	1.58
10.64229385071966	1.58
23.707532295857185	1.58
15.67379658816088	1.58
7.9475345565984785	1.58
10.64229385071966	1.58
17.84074773248833	1.58
18.518615785407313	1.58
2.395181064241225	1.58
13.25767911314777	1.58
22.070395080676867	1.58
18.518615785407313	1.58
5.387764339826152	1.58
12.323126987517968	1.58
19.74801019669191	1.58
18.02915032821587	1.58
5.387764339826152	1.58
15.588115913109494	1.58
22.00241934691347	1.58
18.025393664600788	1.58
9.111974180775285	1.58
15.99482267011265	1.58
26.31967831379949	1.58
19.702077741822375	1.58
9.111974180775285	1.58
16.709777113992992	1.58
26.31967831379949	1.58
18.64737001581644	1.58
7.067317456968157	1.58
14.271122776462981	1.58
29.475470816147904	1.58
19.159346488730918	1.58
4.8679480056728615	1.58
12.013980622566633	1.58
29.475470816147904	1.58
18.250316006909507	1.58
4.8679480056728615	1.58
14.90165858043747	1.58
28.17450959258285	1.58
17.741792615483558	1.58
4.245392616220926	1.58
14.90165858043747	1.58
36.10081400936025	1.58
18.335474880487535	1.58
4.245392616220926	1.58
15.76372216633809	1.58
29.781045454956605	1.58
18.335474880487535	1.58
16.171625508857986	1.58
15.76372216633809	1.58
30.524500794322478	1.58
17.287821919197796	1.58
13.023141124644987	1.58
9.115912600163451	1.58
26.28361568104239	1.58
18.421907132323824	1.58
13.023141124644987	1.58
11.413578981997079	1.58
33.22616369432774	1.58
18.421907132323824	1.58
12.167641030015314	1.58
7.28366575577223	1.58
24.2434213586188	1.58
20.801855591129353	1.58
12.167641030015314	1.58
7.28366575577223	1.58
19.234169928924654	1.58
29.409710888579234	1.58
14.56116195783751	1.58
10.413936500701286	1.58
18.703215728604306	1.58
25.005577979962325	1.58
6.996578536747087	1.58
10.413936500701286	1.58
25.439857174443134	1.58
25.005577979962325	1.58
13.946918177467811	1.58
10.331234685608136	1.58
20.71005261752646	1.58
23.5473929175103	1.58
13.213921146861887	1.58
9.306271775823728	1.58
27.607579327583718	1.58
32.51685088590136	1.58
9.79545042789649	1.58
17.830632371147193	1.58
28.35376575911605	1.58
26.8966311743559	1.58
9.79545042789649	1.58
17.830632371147193	1.58
26.515001374635425	1.58
26.8966311743559	1.58
9.398943184599016	1.58
16.67586481929561	1.58
24.574080732903525	1.58
26.8966311743559	1.58
11.776879052871545	1.58
16.303559352565802	1.58
28.15157922922043	1.58
28.337767937291748	1.58
11.776879052871545	1.58
11.968216477250053	1.58
29.124444178833585	1.58
25.45990485219972	1.58
20.304276805135487	1.58
7.789361225752497	1.58
20.95518040074965	1.58
40.66510003216116	1.58
20.441049075305152	1.58
3.3211505841665385	1.58
12.41415105862181	1.58
47.59984830998536	1.58
22.166952021873158	1.58
3.3211505841665385	1.58
8.558680965833446	1.58
35.72327674475827	1.58
19.43441247504684	1.58
1.888604448768036	1.58
12.360125726668759	1.58
30.872088381529487	1.58
8.213315316434429	1.58
2.2864105055206707	1.58
19.159602234694812	1.58
30.872088381529487	1.58
10.844619865335503	1.58
2.8556881751826673	1.58
19.298697215671623	1.58
40.076840692622085	1.58
16.08548936481551	1.58
5.769032321514658	1.58
19.472697474780524	1.58
31.03086222272319	1.58
16.08548936481551	1.58
10.095025092172266	1.58
20.042629690340426	1.58
31.03086222272319	1.58
18.41911804399541	1.58
10.095025092172266	1.58
29.897849548171827	1.58
34.67831672091832	1.58
14.830560894079351	1.58
10.095025092172266	1.58
19.997289270168938	1.58
26.282901558947913	1.58
7.728758240833724	1.58
10.095025092172266	1.58
31.620507637986314	1.58
26.282901558947913	1.58
5.748155288686775	1.58
15.7406481074781	1.58
31.620507637986314	1.58
16.626508463944237	1.58
15.742304026963511	1.58
15.7406481074781	1.58
31.620507637986314	1.58
17.09105054648535	1.58
4.38203905604102	1.58
16.558594191533793	1.58
27.36743032789767	1.58
19.344070963982038	1.58
7.809434127602241	1.58
17.929778990396635	1.58
40.62366437854108	1.58
29.37872348777968	1.58
14.959550155993302	1.58
15.557831019621444	1.58
31.310825257645085	1.58
24.705804483258376	1.58
14.783961408473205	1.58
10.002029128339732	1.58
29.695259134679382	1.58
24.705804483258376	1.58
20.02718930344421	1.58
11.063008041890226	1.58
40.4315488655423	1.58
23.57820320306617	1.58
13.296847540081103	1.58
11.063008041890226	1.58
40.4315488655423	1.58
23.57820320306617	1.58
13.296847540081103	1.58
11.063008041890226	1.58
29.274613513801597	1.58
33.248186288488256	1.58
13.296847540081103	1.58
11.063008041890226	1.58
29.274613513801597	1.58
35.93903075422533	1.58
13.296847540081103	1.58
19.330954401582773	1.58
29.274613513801597	1.58
43.7870090430324	1.58
20.382323729845115	1.58
19.330954401582773	1.58
29.274613513801597	1.58
43.7870090430324	1.58
11.546412781030252	1.58
19.330954401582773	1.58
30.114795852825296	1.58
32.91755736415346	1.58
11.546412781030252	1.58
19.330954401582773	1.58
30.114795852825296	1.58
33.626880452348736	1.58
11.494367399717994	1.58
11.528659686336571	1.58
34.846298431176514	1.58
34.87940035108623	1.58
11.494367399717994	1.58
12.471850664839522	1.58
25.692437393915455	1.58
34.87940035108623	1.58
19.414827419975417	1.58
9.231433585484396	1.58
31.547337401742414	1.58
34.87940035108623	1.58
19.414827419975417	1.58
5.199977336243506	1.58
31.547337401742414	1.58
34.87940035108623	1.58
17.70187423472651	1.58
5.199977336243506	1.58
31.547337401742414	1.58
35.797644297330734	1.58
5.773784494722566	1.58
5.199977336243506	1.58
24.735391175974396	1.58
35.797644297330734	1.58
5.773784494722566	1.58
5.199977336243506	1.58
30.991098566195138	1.58
45.00399529606007	1.58
5.773784494722566	1.58
10.219013866889323	1.58
36.901341154303104	1.58
31.73595353277203	1.58
12.42612441931761	1.58
6.248164404240203	1.58
40.18879303086144	1.58
31.73595353277203	1.58
12.42612441931761	1.58
6.248164404240203	1.58
40.18879303086144	1.58
31.73595353277203	1.58
2.989592965331749	1.58
6.248164404240203	1.58
40.18879303086144	1.58
31.73595353277203	1.58
2.989592965331749	1.58
6.248164404240203	1.58
29.688416682858893	1.58
28.378444024075844	1.58
2.989592965331749	1.58
6.248164404240203	1.58
27.01426079557424	1.58
42.83028346993477	1.58
2.989592965331749	1.58
19.450546100366264	1.58
18.847511044935295	1.58
41.23724034469783	1.58
13.146217628620285	1.58
19.650524295310866	1.58
18.309177855122684	1.58
34.203299215770485	1.58
13.146217628620285	1.58
20.16539083907885	1.58
18.309177855122684	1.58
34.203299215770485	1.58
13.146217628620285	1.58
21.58839906574712	1.58
18.309177855122684	1.58
33.459760318319816	1.58
15.25928004861977	1.58
13.18562049078557	1.58
23.223928373539152	1.58
33.459760318319816	1.58
13.289853823279504	1.58
15.302259885202425	1.58
27.130560655202483	1.58
34.39016495944796	1.58
13.289853823279504	1.58
15.302259885202425	1.58
34.144133462011936	1.58
25.287997140326134	1.58
13.289853823279504	1.58
15.302259885202425	1.58
26.594887209460687	1.58
22.123231094751244	1.58
5.246886808483939	1.58
15.302259885202425	1.58
22.44406454234165	1.58
29.301821934268368	1.58
5.246886808483939	1.58
17.671197696442274	1.58
24.002638169600907	1.58
35.94245146193013	1.58
5.246886808483939	1.58
17.488985059169057	1.58
41.762114999450276	1.58
35.94245146193013	1.58
2.7344780774271698	1.58
12.760345147407595	1.58
30.221064892558804	1.58
25.755171849047567	1.58
2.7344780774271698	1.58
12.760345147407595	1.58
43.80315854786969	1.58
34.96431576351209	1.58
2.7344780774271698	1.58
21.616240354627266	1.58
43.80315854786969	1.58
34.96431576351209	1.58
9.03615168545982	1.58
6.998700215579909	1.58
46.155733406885815	1.58
25.908475486241596	1.58
12.38684106988259	1.58
19.4714439504544	1.58
51.275718550561805	1.58
26.27191193015485	1.58
12.38684106988259	1.58
19.4714439504544	1.58
51.275718550561805	1.58
26.87709205008288	1.58
2.2906807867374894	1.58
9.46423794738594	1.58
51.275718550561805	1.58
21.264777396676905	1.58
20.07884048436541	1.58
23.110881399696794	1.58
43.58375872549447	1.58
21.08285156803417	1.58
20.351090569222134	1.58
21.153343362976496	1.58
43.23057798331709	1.58
21.172578659932693	1.58
23.895686947043245	1.58
21.139597420537577	1.58
43.23057798331709	1.58
21.172578659932693	1.58
9.467997484352459	1.58
21.12547671463903	1.58
50.94617910191547	1.58
21.167179526027294	1.58
9.467997484352459	1.58
21.12547671463903	1.58
44.616808610541455	1.58
21.177749499331334	1.58
9.467997484352459	1.58
27.33432708718201	1.58
39.62409404996069	1.58
18.812292584113052	1.58
12.937126782626372	1.58
29.13323800916313	1.58
36.19687319080417	1.58
22.735118534584874	1.58
11.664662776502368	1.58
28.854877778234332	1.58
34.14181541091771	1.58
20.71797302360167	1.58
11.664662776502368	1.58
27.82665329662227	1.58
24.108119549964385	1.58
22.432217069371752	1.58
11.664662776502368	1.58
32.58599087535466	1.58
17.304175093928187	1.58
22.432217069371752	1.58
7.6785543252592685	1.58
36.019693345828856	1.58
25.879809907977183	1.58
21.69828918411366	1.58
7.6785543252592685	1.58
32.0607004071452	1.58
38.071354190020294	1.58
19.365903252386246	1.58
8.731211221183269	1.58
33.455260647884025	1.58
31.118349304332213	1.58
23.814930078613465	1.58
15.170618128789304	1.58
33.63230298159841	1.58
31.118349304332213	1.58
25.422629384480754	1.58
17.59719334200267	1.58
35.727058272499	1.58
31.118349304332213	1.58
33.11386304234134	1.58
18.942625639974924	1.58
39.81415698001869	1.58
37.31266029898953	1.58
30.32416581613439	1.58
16.812462387474184	1.58
45.53600624953894	1.58
35.15173180467438	1.58
26.631105499648314	1.58
13.009193905227495	1.58
45.88332638332605	1.58
39.34009138748586	1.58
20.780333999859415	1.58
12.173152582820512	1.58
38.55727688816576	1.58
40.306160254437835	1.58
25.537980294502518	1.58
23.721857832925835	1.58
40.7731157296284	1.58
39.774796323008786	1.58
27.07334749496655	1.58
21.699414529848738	1.58
52.707437207825635	1.58
42.047868060464054	1.58
12.916009934545599	1.58
21.699414529848738	1.58
47.96044401498905	1.58
41.864659277101374	1.58
6.637195622046294	1.58
21.699414529848738	1.58
45.44532284287489	1.58
41.864659277101374	1.58
6.637195622046294	1.58
21.699414529848738	1.58
44.27601216561836	1.58
40.69901474113877	1.58
15.418855933325972	1.58
24.491987766154665	1.58
44.27601216561836	1.58
40.69901474113877	1.58
15.418855933325972	1.58
27.265050955966046	1.58
42.62228830392206	1.58
39.809492772614675	1.58
12.085074759003165	1.58
20.00475886601739	1.58
46.07665916460778	1.58
39.352064161718616	1.58
14.936435379969229	1.58
17.22510220636319	1.58
48.96208842793763	1.58
40.00500813879737	1.58
14.936435379969229	1.58
17.31988350514318	1.58
32.76577528774459	1.58
42.3687595473641	1.58
14.662295172851415	1.58
10.701527052774171	1.58
35.788587757175414	1.58
32.43584247491202	1.58
14.662295172851415	1.58
10.701527052774171	1.58
39.48787639718851	1.58
35.57479152366237	1.58
11.783077298110076	1.58
19.558139020651865	1.58
30.087654076588265	1.58
34.484050125802085	1.58
11.783077298110076	1.58
20.573971312242655	1.58
26.09858770734286	1.58
37.90075770287528	1.58
4.421886066838269	1.58
20.375462493229794	1.58
15.573386900038821	1.58
37.90075770287528	1.58
6.412892205537748	1.58
26.572061781575883	1.58
13.020245325442755	1.58
37.90075770287528	1.58
5.609630771134291	1.58
30.040498224028088	1.58
13.020245325442755	1.58
43.73690593660169	1.58
17.025814121465608	1.58
30.040498224028088	1.58
13.414823163529423	1.58
43.208683685244985	1.58
7.70941040587741	1.58
35.94908011788448	1.58
14.002360535987407	1.58
30.832930645390892	1.58
7.70941040587741	1.58
35.69329935292408	1.58
14.091058441230555	1.58
30.366503473229024	1.58
7.70941040587741	1.58
35.45746032347954	1.58
14.091058441230555	1.58
29.503306069850197	1.58
6.914063709379862	1.58
40.16745295826591	1.58
14.091058441230555	1.58
29.503306069850197	1.58
6.914063709379862	1.58
40.397278900968274	1.58
3.861269977378452	1.58
34.52833867873264	1.58
23.489922714405274	1.58
43.427332728443965	1.58
19.133664734632685	1.58
28.860792011460745	1.58
27.810938757708236	1.58
43.52751854882256	1.58
20.64562274951167	1.58
24.115142205428608	1.58
27.983425302706827	1.58
49.3588012588966	1.58
22.09111867930944	1.58
24.164081329958275	1.58
27.01169741747416	1.58
49.3588012588966	1.58
22.09111867930944	1.58
25.70366023976748	1.58
30.2461951592175	1.58
49.3588012588966	1.58
19.628986702450035	1.58
23.48633681061929	1.58
21.275770878207034	1.58
49.3588012588966	1.58
17.95619035173242	1.58
27.019689353784777	1.58
20.13982881582401	1.58
49.3588012588966	1.58
18.369766433651055	1.58
20.57870266831107	1.58
12.405241751506757	1.58
33.50526592503006	1.58
15.53215009767152	1.58
9.142203207483337	1.58
12.405241751506757	1.58
25.355982938451657	1.58
17.686281551798373	1.58
9.142203207483337	1.58
11.136410864625638	1.58
28.027595865000507	1.58
19.94001782839503	1.58
9.142203207483337	1.58
6.276990909239476	1.58
35.956290335255844	1.58
14.463426994806907	1.58
9.142203207483337	1.58
8.199646790136434	1.58
35.956290335255844	1.58
12.296440478495615	1.58
7.097571134850826	1.58
6.2981855116463334	1.58
21.848914434736244	1.58
15.33804780074109	1.58
7.097571134850826	1.58
9.953665525154928	1.58
23.207523651538814	1.58
16.590281708635068	1.58
7.097571134850826	1.58
8.326784271924259	1.58
23.207523651538814	1.58
17.55866161310834	1.58
7.097571134850826	1.58
11.034693394981472	1.58
19.71742105886769	1.58
20.138652011666764	1.58
7.743145577397291	1.58
11.034693394981472	1.58
21.252234036690865	1.58
20.138652011666764	1.58
7.743145577397291	1.58
11.034693394981472	1.58
22.78885691576272	1.58
31.343600846774784	1.58
7.743145577397291	1.58
16.407632061861268	1.58
23.038783725335527	1.58
34.336698013464826	1.58
7.743145577397291	1.58
14.447534718710381	1.58
31.508772785462618	1.58
35.283531661783975	1.58
7.743145577397291	1.58
19.994615336662513	1.58
33.375214122273306	1.58
30.71003704010402	1.58
7.743145577397291	1.58
10.012021409084891	1.58
29.80829554736801	1.58
38.09067052470589	1.58
13.628632864574797	1.58
9.524602301469187	1.58
29.80829554736801	1.58
38.09067052470589	1.58
19.06468971636506	1.58
9.524602301469187	1.58
34.95481415859058	1.58
44.29039530110034	1.58
19.06468971636506	1.58
20.661762027146242	1.58
34.95481415859058	1.58
31.93614679274946	1.58
25.11689283422794	1.58
7.270429268947012	1.58
34.41343110481967	1.58
37.944968296017215	1.58
13.590490967692133	1.58
16.315234352755365	1.58
32.03648804783639	1.58
31.098662996027258	1.58
13.590490967692133	1.58
16.315234352755365	1.58
37.439030607381966	1.58
27.96805294880191	1.58
13.590490967692133	1.58
6.625790089051531	1.58
44.66256093081266	1.58
18.812016137862734	1.58
9.658760960263182	1.58
11.69331135671412	1.58
44.66256093081266	1.58
23.663941761078217	1.58
7.3128486557198755	1.58
11.69331135671412	1.58
44.66256093081266	1.58
22.148408164676308	1.58
25.553209397770388	1.58
16.502729425893275	1.58
42.616001758939106	1.58
20.999132063190327	1.58
28.207064421888916	1.58
16.502729425893275	1.58
42.616001758939106	1.58
21.216189985716934	1.58
28.207064421888916	1.58
16.502729425893275	1.58
42.616001758939106	1.58
18.529730692520214	1.58
23.756230322274764	1.58
16.502729425893275	1.58
39.8828177091895	1.58
18.529730692520214	1.58
23.756230322274764	1.58
16.502729425893275	1.58
39.8828177091895	1.58
19.975049156147488	1.58
27.463807680974842	1.58
13.232768035701262	1.58
50.73960993957469	1.58
20.22190297135436	1.58
5.519416713783798	1.58
10.86436143233395	1.58
50.73960993957469	1.58
18.938448876284806	1.58
5.519416713783798	1.58
3.9713535914776017	1.58
50.73960993957469	1.58
28.105005108208715	1.58
25.454015883462972	1.58
19.946345074321247	1.58
41.814203479439016	1.58
28.819882440931668	1.58
20.481110965490114	1.58
16.458864358992635	1.58
38.55317573648078	1.58
28.819882440931668	1.58
15.450742467978909	1.58
8.23412640870282	1.58
38.55317573648078	1.58
28.819882440931668	1.58
17.812402403575184	1.58
8.23412640870282	1.58
30.872207614518317	1.58
35.67712773316806	1.58
15.610138976300458	1.58
8.23412640870282	1.58
40.785143974256364	1.58
35.67712773316806	1.58
21.001516729484862	1.58
8.23412640870282	1.58
40.785143974256364	1.58
43.53072649673743	1.58
16.83058521313606	1.58
8.23412640870282	1.58
40.785143974256364	1.58
31.777486501902715	1.58
19.17224879264676	1.58
8.23412640870282	1.58
40.785143974256364	1.58
31.777486501902715	1.58
19.17224879264676	1.58
8.23412640870282	1.58
42.233232611572134	1.58
29.077901222797728	1.58
10.65138488515798	1.58
23.327608516606013	1.58
42.233232611572134	1.58
26.484315831467992	1.58
10.65138488515798	1.58
24.234987935680405	1.58
35.03557606877054	1.58
27.52518729462624	1.58
10.300774174889973	1.58
23.691961961456713	1.58
30.720832792860612	1.58
24.096229679058574	1.58
11.453803767484695	1.58
25.33329185531204	1.58
30.306200467994305	1.58
22.908620789626923	1.58
15.44398976785153	1.58
25.33329185531204	1.58
25.428479549813275	1.58
20.899120857857245	1.58
15.456779875952467	1.58
25.240056340957246	1.58
31.866842833695024	1.58
20.646716361129677	1.58
13.252320368600188	1.58
26.833818128818802	1.58
31.866842833695024	1.58
24.88247421377114	1.58
13.544129277958607	1.58
22.387768075421835	1.58
31.608354052757704	1.58
24.90272741321605	1.58
18.926661101979633	1.58
15.597176641531927	1.58
31.52581143530241	1.58
20.338774169382418	1.58
19.850347992550372	1.58
15.058450583459098	1.58
24.39662653465161	1.58
18.120407152475646	1.58
20.276648346183592	1.58
12.556818982563097	1.58
23.529083906073684	1.58
16.21185100298228	1.58
20.729968138677645	1.58
13.19117298700432	1.58
26.883407963463036	1.58
18.30308356205973	1.58
16.348594280630902	1.58
13.19117298700432	1.58
30.812690804688096	1.58
22.555057766774844	1.58
13.399992223285087	1.58
6.394065959148705	1.58
27.065253714065868	1.58
20.21736614805505	1.58
14.144906246949889	1.58
4.776707841210396	1.58
44.222020013591035	1.58
17.853132338735143	1.58
14.144906246949889	1.58
10.357766482507586	1.58
44.222020013591035	1.58
17.853132338735143	1.58
25.590633315787684	1.58
4.902851890181893	1.58
43.565884804196735	1.58
22.11638705858032	1.58
25.590633315787684	1.58
1.6931967876307823	1.58
28.037418033248887	1.58
22.11638705858032	1.58
25.887650381730957	1.58
0.9965235571506668	1.58
29.368349042619673	1.58
13.6178809908045	1.58
22.864512214234864	1.58
13.431510584411367	1.58
28.079062956726432	1.58
13.6178809908045	1.58
29.097647799531032	1.58
13.334592018007292	1.58
30.92066698748933	1.58
13.812157388251332	1.58
29.45889119006567	1.58
13.038276100912215	1.58
30.92066698748933	1.58
19.121823034254998	1.58
26.635862636761487	1.58
9.029355094247528	1.58
32.96635797477324	1.58
19.121823034254998	1.58
24.69192687227776	1.58
9.029355094247528	1.58
25.28249555681062	1.58
19.590861230686688	1.58
24.158568266935735	1.58
8.840067715356135	1.58
25.28249555681062	1.58
23.202728975538278	1.58
24.98287433959178	1.58
8.840067715356135	1.58
34.94648417390778	1.58
19.07305970714717	1.58
27.364227996583327	1.58
5.478679375717892	1.58
39.04117757056635	1.58
12.303955792633264	1.58
20.974830241655873	1.58
1.0339380792801602	1.58
39.04117757056635	1.58
13.152350416848812	1.58
19.82624226119662	1.58
3.9696181496423595	1.58
39.04117757056635	1.58
13.069743459063654	1.58
19.82624226119662	1.58
14.791677077147664	1.58
40.337452856730046	1.58
12.460706745715367	1.58
21.528822432559956	1.58
15.847180564692827	1.58
40.337452856730046	1.58
15.654847768578232	1.58
22.275506186462863	1.58
15.847180564692827	1.58
33.61765221215795	1.58
15.654847768578232	1.58
23.48666865260089	1.58
12.22405500624524	1.58
39.92839536547952	1.58
15.182357605304883	1.58
15.829647922701287	1.58
9.348133719852509	1.58
33.77223438255973	1.58
14.830663059944504	1.58
16.120368096647734	1.58
9.226878901021113	1.58
26.435801407728118	1.58
14.830663059944504	1.58
15.817023724890314	1.58
15.18034709822811	1.58
25.71218031227562	1.58
14.952804958922606	1.58
15.989644031407591	1.58
6.604150313122517	1.58
27.961553358653795	1.58
13.934237364428878	1.58
15.767112887046677	1.58
8.091255478959031	1.58
18.55454791666481	1.58
14.283418177751766	1.58
15.433545845279314	1.58
8.091255478959031	1.58
20.990674748110692	1.58
14.041804775604172	1.58
15.433545845279314	1.58
5.474227656821894	1.58
21.44544457350508	1.58
13.155406650694372	1.58
15.052496483754133	1.58
4.7017128304914735	1.58
35.113259748921756	1.58
11.724690826683347	1.58
15.052496483754133	1.58
4.951149322407465	1.58
40.46092761401775	1.58
9.112178865369476	1.58
19.467553897762606	1.58
2.340843935977377	1.58
40.46092761401775	1.58
7.208368402552507	1.58
19.467553897762606	1.58
2.340843935977377	1.58
25.294884896009457	1.58
7.208368402552507	1.58
28.534900880534458	1.58
2.340843935977377	1.58
26.17184895215717	1.58
6.011589955873516	1.58
29.155520069148658	1.58
2.340843935977377	1.58
22.73717241879134	1.58
6.011589955873516	1.58
27.28997344352775	1.58
1.2983406334012306	1.58
20.14610013292019	1.58
6.891447534282022	1.58
18.411595021810363	1.58
1.2983406334012306	1.58
21.961430507931887	1.58
6.480125438618588	1.58
18.85141242571039	1.58
2.6883172404542286	1.58
20.980251404988383	1.58
6.480125438618588	1.58
17.01207725868082	1.58
3.972460661408269	1.58
37.24548278945198	1.58
5.819139682434784	1.58
23.88734122399186	1.58
3.972460661408269	1.58
37.24548278945198	1.58
8.474139128611467	1.58
23.88734122399186	1.58
3.972460661408269	1.58
33.4038940039012	1.58
7.472134107624042	1.58
19.790583942627865	1.58
5.224895930694047	1.58
46.85660483421413	1.58
7.472134107624042	1.58
19.790583942627865	1.58
4.259394973163073	1.58
48.83014263720747	1.58
7.472134107624042	1.58
17.336605712455725	1.58
18.053886308939944	1.58
48.83014263720747	1.58
8.030917279154995	1.58
7.472200409443104	1.58
18.053886308939944	1.58
48.83014263720747	1.58
8.030917279154995	1.58
7.475937471660911	1.58
18.053886308939944	1.58
48.83014263720747	1.58
9.950128644165142	1.58
14.503389160463016	1.58
18.053886308939944	1.58
48.83014263720747	1.58
6.641844387885835	1.58
14.257493229350349	1.58
16.668445730566464	1.58
32.77735983726983	1.58
6.641844387885835	1.58
14.257493229350349	1.58
24.972870586840195	1.58
27.581731177492458	1.58
3.988715367338104	1.58
14.257493229350349	1.58
23.93272980227573	1.58
30.394978532876916	1.58
3.988715367338104	1.58
22.381715753716136	1.58
25.40449972569626	1.58
29.60209867217659	1.58
11.300824923294698	1.58
15.381273741276294	1.58
25.40449972569626	1.58
26.508512455566507	1.58
13.853365053479873	1.58
14.660526184057447	1.58
23.8877151963032	1.58
26.508512455566507	1.58
13.139455425481279	1.58
10.230976096241804	1.58
21.27044633046836	1.58
28.225647806812127	1.58
13.669241843976746	1.58
9.154574219524044	1.58
22.20241689181286	1.58
33.844519733386164	1.58
16.318945021324687	1.58
9.597060748284981	1.58
27.590843574612183	1.58
35.05100274036635	1.58
9.522684712984795	1.58
9.597060748284981	1.58
27.590843574612183	1.58
34.71496309169524	1.58
9.46954532533749	1.58
9.597060748284981	1.58
26.62934399085308	1.58
40.05220880082895	1.58
9.46954532533749	1.58
15.608094764527223	1.58
28.838921022442737	1.58
40.05220880082895	1.58
18.017143202530136	1.58
10.382919328104837	1.58
28.838921022442737	1.58
40.05220880082895	1.58
18.017143202530136	1.58
8.675060423102495	1.58
28.188371023928667	1.58
37.941649701473324	1.58
17.961349385011907	1.58
8.524294533134224	1.58
26.597595396160706	1.58
37.941649701473324	1.58
11.324900599410402	1.58
8.524294533134224	1.58
26.597595396160706	1.58
42.0241184660008	1.58
11.324900599410402	1.58
22.914306667782974	1.58
26.597595396160706	1.58
42.0241184660008	1.58
11.324900599410402	1.58
22.914306667782974	1.58
26.597595396160706	1.58
37.667456651386914	1.58
11.324900599410402	1.58
15.777395282975004	1.58
39.05067421236612	1.58
37.65840349377102	1.58
11.324900599410402	1.58
15.777395282975004	1.58
25.205965770505507	1.58
32.212681756978085	1.58
11.324900599410402	1.58
19.77515112278089	1.58
23.50576824901139	1.58
32.212681756978085	1.58
17.202203809934666	1.58
19.559636556804122	1.58
22.769909050971542	1.58
26.038776349073228	1.58
15.1215156241705	1.58
19.09635588524632	1.58
20.909539472153366	1.58
24.64815991363492	1.58
14.108952839776345	1.58
20.359110498705395	1.58
19.858181807484403	1.58
22.815526676037603	1.58
13.479649069984724	1.58
20.37066845046842	1.58
24.67064172333908	1.58
21.554670397231078	1.58
9.004636260751907	1.58
20.37066845046842	1.58
25.402999827566923	1.58
21.747083521401027	1.58
7.919188271862662	1.58
20.300017399244943	1.58
25.402999827566923	1.58
18.973354707956396	1.58
7.919188271862662	1.58
20.300017399244943	1.58
22.774722956263616	1.58
18.973354707956396	1.58
7.919188271862662	1.58
21.091880112034183	1.58
19.15366631927281	1.58
19.976969309189347	1.58
5.479943125138295	1.58
21.94434933798527	1.58
14.77305693817212	1.58
20.04082614980943	1.58
5.77459683295174	1.58
21.94434933798527	1.58
14.805808927911233	1.58
21.39016691586203	1.58
5.77459683295174	1.58
21.91602711706132	1.58
9.53143139004555	1.58
21.44640855133947	1.58
3.7979335831158387	1.58
21.91602711706132	1.58
9.53143139004555	1.58
17.55055333955317	1.58
5.200331394296118	1.58
16.43332821693714	1.58
7.383220587742958	1.58
17.732661026415666	1.58
1.1229426978684582	1.58
25.620931604036308	1.58
11.068191551860247	1.58
18.646477787645978	1.58
1.1229426978684582	1.58
16.93984425901987	1.58
9.06139806551202	1.58
18.260781986975353	1.58
1.523190127553141	1.58
20.340512193655968	1.58
9.449097002152667	1.58
16.41620096924435	1.58
0.6561594170910521	1.58
25.706268321248842	1.58
9.449097002152667	1.58
17.10581976560187	1.58
0.6561594170910521	1.58
30.30651597788682	1.58
3.020109591375512	1.58
13.186897563025578	1.58
0.6561594170910521	1.58
28.499248844864432	1.58
3.1448493178451327	1.58
13.186897563025578	1.58
9.572077741944149	1.58
21.925459294550016	1.58
3.1448493178451327	1.58
10.232019424059262	1.58
14.104949268448076	1.58
20.87257114975721	1.58
3.1448493178451327	1.58
10.232019424059262	1.58
14.104949268448076	1.58
22.43298148486588	1.58
6.038527238403183	1.58
10.4966830113578	1.58
13.932675555954669	1.58
24.664020017573854	1.58
6.038527238403183	1.58
8.993797396367858	1.58
13.961460501734528	1.58
39.31563994131517	1.58
6.038527238403183	1.58
11.42737568318087	1.58
17.823451314683012	1.58
39.31563994131517	1.58
4.736127686476304	1.58
15.134936650244828	1.58
28.40382537692583	1.58
35.35032266187598	1.58
4.736127686476304	1.58
8.371714389796331	1.58
20.303607231897633	1.58
46.400880695131065	1.58
5.221466565463524	1.58
8.62781643801607	1.58
16.838390108502615	1.58
46.400880695131065	1.58
0.8130696438712661	1.58
6.733298305038494	1.58
16.838390108502615	1.58
47.56544951775243	1.58
0.8130696438712661	1.58
6.733298305038494	1.58
26.26115399504278	1.58
53.17707138691429	1.58
3.0387093044351143	1.58
10.22901592419218	1.58
24.420709220874997	1.58
53.17707138691429	1.58
3.0387093044351143	1.58
16.474951623974725	1.58
35.73494266434793	1.58
49.29937969515409	1.58
3.0387093044351143	1.58
23.14313624355588	1.58
36.854012748224186	1.58
49.29937969515409	1.58
7.429842146285186	1.58
20.676396544304954	1.58
36.854012748224186	1.58
49.29937969515409	1.58
18.499248985702316	1.58
12.016213634193008	1.58
36.854012748224186	1.58
49.29937969515409	1.58
8.360042957463108	1.58
15.166998088153797	1.58
36.854012748224186	1.58
49.29937969515409	1.58
7.732316932470123	1.58
5.269021454753862	1.58
33.66680727308773	1.58
49.29937969515409	1.58
7.732316932470123	1.58
3.3383302762607414	1.58
33.66680727308773	1.58
49.29937969515409	1.58
7.732316932470123	1.58
4.090105536966393	1.58
30.029662946289648	1.58
57.45130378380064	1.58
14.462742448250554	1.58
4.567854035812932	1.58
6.301033893504808	1.58
57.45130378380064	1.58
14.462742448250554	1.58
4.567854035812932	1.58
4.285486011508944	1.58
44.10498520928321	1.58
17.705260720507653	1.58
4.567854035812932	1.58
7.056006539717156	1.58
26.47397163216242	1.58
15.317337375802484	1.58
7.60591660621158	1.58
15.753559315264088	1.58
20.583925404235764	1.58
14.96167893454744	1.58
7.60591660621158	1.58
11.053628191448794	1.58
16.615272282645627	1.58
16.20320864258299	1.58
11.408473651287796	1.58
10.169689865595826	1.58
16.615272282645627	1.58
16.20320864258299	1.58
8.572473687803358	1.58
12.22715141924997	1.58
22.836071685864297	1.58
18.499420683170317	1.58
11.444131752502862	1.58
12.22715141924997	1.58
27.555483765667535	1.58
18.589494568496626	1.58
11.121120708724046	1.58
6.26537968781375	1.58
24.243909287998186	1.58
23.023094266189112	1.58
10.776002189634273	1.58
7.279954791796502	1.58
29.625234380512907	1.58
22.910698630361992	1.58
10.776002189634273	1.58
7.279954791796502	1.58
26.17107420745834	1.58
23.236765541630923	1.58
10.776002189634273	1.58
9.869230637255022	1.58
26.17107420745834	1.58
18.75492217163314	1.58
6.423069668510301	1.58
10.429773936155337	1.58
35.55912953828249	1.58
18.75492217163314	1.58
10.856241397071859	1.58
9.14412296527397	1.58
35.55912953828249	1.58
16.481522389783052	1.58
7.0944201211157445	1.58
9.14412296527397	1.58
27.19194070401185	1.58
15.516717088873207	1.58
5.036894044046683	1.58
9.14412296527397	1.58
32.260438393416926	1.58
23.779560251611045	1.58
5.036894044046683	1.58
9.14412296527397	1.58
30.886778829870472	1.58
17.936281323087865	1.58
7.11942270365773	1.58
9.14412296527397	1.58
24.82223683643224	1.58
19.61681267555069	1.58
7.11942270365773	1.58
9.14412296527397	1.58
28.546032631836233	1.58
15.51692521145701	1.58
7.11942270365773	1.58
9.14412296527397	1.58
23.283510899224996	1.58
19.20002695658144	1.58
9.391532485502918	1.58
9.934934650341045	1.58
21.42086657928217	1.58
17.594723638692184	1.58
14.829646210837161	1.58
7.906710199956336	1.58
25.144878957683478	1.58
18.472827857113053	1.58
14.550687373354691	1.58
7.906710199956336	1.58
31.57224751936528	1.58
16.67142446283878	1.58
13.292610054543875	1.58
7.906710199956336	1.58
25.482250113242124	1.58
21.491439511221486	1.58
13.292610054543875	1.58
7.906710199956336	1.58
24.239105058292832	1.58
21.491439511221486	1.58
13.292610054543875	1.58
8.603864178045642	1.58
28.969166203405127	1.58
17.696435619349998	1.58
13.192069796278144	1.58
16.81742730975841	1.58
29.709105880331347	1.58
17.435681558817443	1.58
13.42063228299098	1.58
16.416196364086563	1.58
23.138609377243835	1.58
20.659621806600605	1.58
17.61844681682835	1.58
12.320832341175073	1.58
27.655467762250122	1.58
24.110421681894465	1.58
19.909712039537936	1.58
12.320832341175073	1.58
29.994472519752	1.58
24.381899649562612	1.58
9.898637274747081	1.58
16.411697335612896	1.58
23.64767517293017	1.58
24.381899649562612	1.58
9.898637274747081	1.58
10.241326168916848	1.58
32.531350250886945	1.58
19.234462879682567	1.58
9.898637274747081	1.58
18.628295979143218	1.58
33.24877404341531	1.58
19.11321270446394	1.58
9.898637274747081	1.58
18.416728207408976	1.58
33.24877404341531	1.58
15.768453351183098	1.58
12.05381016832574	1.58
9.160549596780523	1.58
26.7064068868895	1.58
16.4079269022633	1.58
2.8187845813636585	1.58
9.160549596780523	1.58
29.76303925644135	1.58
16.4079269022633	1.58
2.8187845813636585	1.58
9.04195621443382	1.58
22.066553524360927	1.58
12.792141960008754	1.58
7.470171602373441	1.58
7.7241349747531425	1.58
21.49567460386706	1.58
14.286983493281955	1.58
7.470171602373441	1.58
7.7241349747531425	1.58
14.837196729205022	1.58
17.327419051048345	1.58
5.668709972053392	1.58
9.316839025007251	1.58
22.876783355272067	1.58
25.222717945937024	1.58
5.668709972053392	1.58
9.316839025007251	1.58
30.21982469803329	1.58
39.89788083435172	1.58
9.782287346902972	1.58
9.316839025007251	1.58
21.482389557007963	1.58
39.89788083435172	1.58
9.782287346902972	1.58
14.38061351899674	1.58
20.378715681235008	1.58
39.89788083435172	1.58
8.08442572726862	1.58
19.11802304542106	1.58
20.756725429944083	1.58
39.89788083435172	1.58
8.08442572726862	1.58
19.11802304542106	1.58
22.172717813781187	1.58
39.89788083435172	1.58
8.08442572726862	1.58
19.106858667228124	1.58
29.340189239503587	1.58
27.906299630213063	1.58
8.08442572726862	1.58
19.106858667228124	1.58
29.340189239503587	1.58
26.387115781522926	1.58
10.211957223970177	1.58
14.314773687536826	1.58
30.493092060595846	1.58
41.87191117739244	1.58
10.211957223970177	1.58
14.314773687536826	1.58
25.28228485240058	1.58
41.87191117739244	1.58
10.211957223970177	1.58
10.633299438704332	1.58
25.28228485240058	1.58
33.492233890319305	1.58
10.211957223970177	1.58
10.633299438704332	1.58
23.39703993806492	1.58
33.492233890319305	1.58
13.039466500098476	1.58
10.633299438704332	1.58
30.848759013120514	1.58
27.700806835055722	1.58
1.767807092269404	1.58
10.633299438704332	1.58
30.848759013120514	1.58
38.37217051258608	1.58
1.767807092269404	1.58
2.67156159894213	1.58
30.848759013120514	1.58
38.37217051258608	1.58
1.767807092269404	1.58
2.67156159894213	1.58
16.888264259497184	1.58
33.01210972626669	1.58
1.767807092269404	1.58
2.67156159894213	1.58
15.195344445206608	1.58
33.01210972626669	1.58
1.7103893133511434	1.58
2.67156159894213	1.58
11.806526411493554	1.58
24.007145053070776	1.58
5.4690441083386885	1.58
2.67156159894213	1.58
12.788502232601402	1.58
24.007145053070776	1.58
3.5429192041158863	1.58
6.579759612027672	1.58
12.917356362006341	1.58
24.007145053070776	1.58
3.457175737301764	1.58
2.996107790183837	1.58
20.204627427212408	1.58
38.616544849375245	1.58
3.457175737301764	1.58
2.996107790183837	1.58
17.412575265429595	1.58
38.616544849375245	1.58
3.457175737301764	1.58
18.106675280667368	1.58
17.300418750866136	1.58
30.281300482876436	1.58
1.8166088055030905	1.58
17.826031077637033	1.58
25.35791354796954	1.58
51.1615653393995	1.58
1.8166088055030905	1.58
17.826031077637033	1.58
20.68399090856957	1.58
51.1615653393995	1.58
1.8166088055030905	1.58
17.826031077637033	1.58
19.469383027832563	1.58
51.1615653393995	1.58
1.8166088055030905	1.58
10.79002632638339	1.58
27.378168696079147	1.58
51.1615653393995	1.58
1.8166088055030905	1.58
10.79002632638339	1.58
42.51978218484233	1.58
45.656218982819695	1.58
1.8166088055030905	1.58
20.268753523118225	1.58
42.036521451145035	1.58
25.37462355575548	1.58
1.8166088055030905	1.58
20.268753523118225	1.58
29.589364689027647	1.58
23.144839356916393	1.58
1.8166088055030905	1.58
19.158823165090013	1.58
30.162189097472634	1.58
35.969725078747445	1.58
14.034548350308835	1.58
24.16038583597884	1.58
43.22899253820616	1.58
36.53341789539027	1.58
15.666935477433686	1.58
21.179642677468827	1.58
43.22899253820616	1.58
31.612926668435243	1.58
13.622123425039895	1.58
16.487721656195635	1.58
57.149962193901004	1.58
40.64374904432194	1.58
13.622123425039895	1.58
16.487721656195635	1.58
57.149962193901004	1.58
40.64374904432194	1.58
13.622123425039895	1.58
16.487721656195635	1.58
38.293036126215306	1.58
38.15693409273406	1.58
21.84310009041602	1.58
25.430003607311434	1.58
34.296624876256004	1.58
37.47714490796407	1.58
19.020216146770757	1.58
25.430003607311434	1.58
42.260263429428484	1.58
33.163451601065	1.58
19.020216146770757	1.58
10.31395032619368	1.58
41.637513429873806	1.58
38.93522290271039	1.58
19.020216146770757	1.58
20.649735279990267	1.58
41.637513429873806	1.58
30.861878757833985	1.58
19.020216146770757	1.58
20.649735279990267	1.58
41.100164840916605	1.58
36.633602946941956	1.58
23.25831283328658	1.58
20.649735279990267	1.58
42.06995587781215	1.58
43.252377305043154	1.58
12.83518869986722	1.58
20.649735279990267	1.58
43.1379279699715	1.58
34.581679399891385	1.58
12.83518869986722	1.58
13.348325488071627	1.58
43.1379279699715	1.58
34.0226208234939	1.58
12.83518869986722	1.58
13.048096166873595	1.58
43.1379279699715	1.58
29.206064421948266	1.58
10.24326598814634	1.58
13.048096166873595	1.58
43.1379279699715	1.58
21.362260521968494	1.58
1.4181327824746432	1.58
13.83265548321891	1.58
43.1379279699715	1.58
28.386620272188612	1.58
1.4181327824746432	1.58
13.83265548321891	1.58
62.80185916132014	1.58
15.208180608137464	1.58
1.4181327824746432	1.58
13.481846449745207	1.58
62.80185916132014	1.58
15.453614110707841	1.58
4.054933457785083	1.58
12.943371653878177	1.58
45.59450711075546	1.58
15.69449723474972	1.58
17.400786396520935	1.58
10.197063838066207	1.58
45.59450711075546	1.58
15.804163626924174	1.58
18.70469251795292	1.58
10.197063838066207	1.58
29.316432112840072	1.58
15.352030424420153	1.58
18.15990126513141	1.58
7.16921158682363	1.58
22.986584744030807	1.58
16.326947387085674	1.58
17.359215048681925	1.58
1.3327149215893996	1.58
22.986584744030807	1.58
29.740534346686733	1.58
13.859625120920537	1.58
1.3327149215893996	1.58
22.537941202695283	1.58
16.854637999167267	1.58
14.457197018073316	1.58
8.986699899841849	1.58
19.11114743821807	1.58
19.33121502544533	1.58
14.457197018073316	1.58
8.986699899841849	1.58
18.290605443837794	1.58
17.454250291163646	1.58
14.95571736672558	1.58
3.618897423844075	1.58
18.804285121388386	1.58
23.51098036933406	1.58
14.95571736672558	1.58
11.023962584790011	1.58
22.789891133236274	1.58
23.51098036933406	1.58
14.756410931629555	1.58
15.257536813322123	1.58
20.030241785528172	1.58
19.554794550591573	1.58
12.983848954588616	1.58
13.27391007152654	1.58
20.620589493250225	1.58
19.554794550591573	1.58
15.662763283005653	1.58
12.330154928349984	1.58
18.00768221236708	1.58
19.554794550591573	1.58
12.871949602196239	1.58
12.42288634382856	1.58
18.00768221236708	1.58
21.56724505292791	1.58
13.405788733815822	1.58
4.888886143668099	1.58
18.825381707527825	1.58
15.404737449239231	1.58
13.148638302060236	1.58
4.888886143668099	1.58
18.825381707527825	1.58
15.404737449239231	1.58
14.259807543900902	1.58
4.426484580043397	1.58
17.746839103842333	1.58
15.12294354971624	1.58
13.84265534859365	1.58
8.993516898461367	1.58
25.08850011452487	1.58
17.300579447710035	1.58
14.064311938286258	1.58
10.709495369799441	1.58
25.79854823926994	1.58
19.986888412763598	1.58
13.481554897194716	1.58
10.709495369799441	1.58
32.85969250625041	1.58
21.61779484225631	1.58
10.284909078615323	1.58
10.709495369799441	1.58
45.60860889287485	1.58
25.340124974557448	1.58
9.406581109601241	1.58
11.586338228351856	1.58
33.77761139249074	1.58
21.26589201329344	1.58
9.406581109601241	1.58
12.988838752676953	1.58
34.10984272684186	1.58
23.905816076960683	1.58
15.94513706769612	1.58
12.988838752676953	1.58
40.104649584333956	1.58
22.430387926314875	1.58
14.765405272173794	1.58
10.150322102420507	1.58
40.104649584333956	1.58
21.509085624702845	1.58
14.765405272173794	1.58
10.150322102420507	1.58
34.53480640501498	1.58
20.96031656929707	1.58
13.248228846022172	1.58
10.150322102420507	1.58
36.884967449420444	1.58
27.40812674661307	1.58
16.745003361645647	1.58
10.150322102420507	1.58
31.145621124052614	1.58
36.83000819591136	1.58
16.745003361645647	1.58
10.150322102420507	1.58
43.37193626563571	1.58
38.58193849354693	1.58
24.477645241523472	1.58
8.314947336347444	1.58
43.37193626563571	1.58
38.58193849354693	1.58
28.30292301189639	1.58
8.314947336347444	1.58
46.42318676822091	1.58
34.37308682237559	1.58
30.27539561928663	1.58
22.085555897692075	1.58
46.42318676822091	1.58
32.118912679086606	1.58
29.02200978890062	1.58
11.118193352122695	1.58
46.42318676822091	1.58
35.21096562187154	1.58
29.02200978890062	1.58
11.118193352122695	1.58
46.42318676822091	1.58
24.998896165582327	1.58
28.14686047963662	1.58
11.118193352122695	1.58
46.42318676822091	1.58
24.938092066694956	1.58
28.536113413551686	1.58
11.118193352122695	1.58
40.834847090313986	1.58
27.334468878558326	1.58
29.264067122601187	1.58
10.387751030749836	1.58
36.84697905267639	1.58
26.26411232954595	1.58
28.34652081727834	1.58
13.617807163844109	1.58
28.188461184462298	1.58
26.4824123537588	1.58
28.332931657182225	1.58
17.79712049118169	1.58
25.69657533814365	1.58
26.4824123537588	1.58
28.49575350426943	1.58
15.843513476479373	1.58
23.569058854472054	1.58
26.4824123537588	1.58
30.60979536524008	1.58
10.531309895243144	1.58
24.448403386558816	1.58
23.751644206931275	1.58
28.679252152208132	1.58
10.531309895243144	1.58
23.62761820481015	1.58
19.817418555847432	1.58
27.286708655208564	1.58
5.697226218437237	1.58
22.309035180425763	1.58
19.817418555847432	1.58
25.384634548965145	1.58
6.376820350657377	1.58
20.797067049156986	1.58
30.2396086067356	1.58
28.70149815833647	1.58
9.805453976411638	1.58
18.993854368803348	1.58
41.90209712456836	1.58
34.31577067764199	1.58
8.550238863325534	1.58
26.68224999617403	1.58
28.956680969594927	1.58
34.52592645138293	1.58
11.58402741863055	1.58
34.910442977277576	1.58
36.200162469457574	1.58
34.815718771468426	1.58
11.58402741863055	1.58
34.933666160754015	1.58
35.908743055122365	1.58
34.543650396941544	1.58
11.58402741863055	1.58
24.776222472833066	1.58
28.56577276925647	1.58
38.575465191780644	1.58
5.005188600752739	1.58
15.061541936868295	1.58
28.56577276925647	1.58
34.64700809037879	1.58
4.2996633054017614	1.58
6.930794524981589	1.58
22.50841472474601	1.58
29.83895760046672	1.58
7.587461376425779	1.58
6.735415077797268	1.58
22.50841472474601	1.58
27.33869447773911	1.58
8.77152643532579	1.58
5.761692556716804	1.58
17.813903225174034	1.58
24.13764349191044	1.58
6.731826452061439	1.58
13.329077404765654	1.58
17.18948612939515	1.58
29.40498097604156	1.58
4.978919262486432	1.58
14.479923418305532	1.58
15.993621103378093	1.58
41.38919017137888	1.58
8.856876151038389	1.58
18.104677902080955	1.58
15.993621103378093	1.58
31.523264252959628	1.58
5.13994237830793	1.58
20.458526481063203	1.58
17.617277550137953	1.58
42.94146746226511	1.58
9.774433893977044	1.58
12.41920830229629	1.58
23.68130707673823	1.58
34.66645223175737	1.58
10.606992742302483	1.58
13.467585305639716	1.58
31.75345253067801	1.58
33.269243041455226	1.58
9.645213431478513	1.58
15.536034027170862	1.58
31.45721689401565	1.58
36.17257656915951	1.58
17.017150618066125	1.58
13.313637118720347	1.58
26.884747738520527	1.58
36.6129540100311	1.58
15.81219451349566	1.58
13.313637118720347	1.58
17.777741825854598	1.58
29.199290288661807	1.58
16.010699172998876	1.58
13.313637118720347	1.58
18.691707999725544	1.58
27.68602093290771	1.58
16.45616944100248	1.58
11.239800879669438	1.58
13.172019344087586	1.58
22.537795009875918	1.58
18.246670667145935	1.58
11.239800879669438	1.58
13.493581842924847	1.58
24.185228424919533	1.58
17.448359728040927	1.58
12.433096506854522	1.58
7.565717740357687	1.58
24.185228424919533	1.58
17.1553186022916	1.58
11.02332229534751	1.58
7.565717740357687	1.58
18.848111452680836	1.58
14.70430785536573	1.58
7.463788066236409	1.58
7.565717740357687	1.58
21.035649126688853	1.58
12.527747247930332	1.58
8.048024744093428	1.58
7.565717740357687	1.58
15.83766987357922	1.58
16.589345404777287	1.58
8.048024744093428	1.58
7.565717740357687	1.58
13.637287777625446	1.58
16.942044239889572	1.58
7.932028242774675	1.58
6.534888978016969	1.58
14.828881757199577	1.58
16.104445260504498	1.58
9.89782499456725	1.58
8.700566610406188	1.58
13.836122569469	1.58
22.20674900218347	1.58
10.556984899118572	1.58
8.700566610406188	1.58
13.782901931572674	1.58
34.58863018689715	1.58
10.556984899118572	1.58
8.700566610406188	1.58
14.857879284514283	1.58
34.92868673403254	1.58
6.453291748754927	1.58
17.181250241419455	1.58
13.845485620749656	1.58
34.92868673403254	1.58
7.7679272130596715	1.58
18.313882955432085	1.58
9.682099638355309	1.58
34.92868673403254	1.58
7.617726426679697	1.58
22.512551519560624	1.58
12.076891103643838	1.58
34.92868673403254	1.58
20.136040096969403	1.58
15.958208493792878	1.58
9.508543384633978	1.58
34.92868673403254	1.58
25.795233000658108	1.58
20.541473040193228	1.58
10.179257776866832	1.58
40.97014294925531	1.58
25.814453067049545	1.58
23.20061826214399	1.58
9.95909958817046	1.58
38.4195165745517	1.58
32.71265700704156	1.58
17.828609798085385	1.58
9.95909958817046	1.58
33.77621525886208	1.58
30.198416022217167	1.58
22.86957257862548	1.58
1.6176834113998773	1.58
35.03119637968786	1.58
26.37728023217732	1.58
22.86957257862548	1.58
1.6176834113998773	1.58
38.11104123901428	1.58
17.322378113307295	1.58
11.231299295367698	1.58
3.268759208847582	1.58
29.450475977886995	1.58
21.97296248530043	1.58
14.532019780193774	1.58
3.268759208847582	1.58
34.80989252944976	1.58
22.971862802616794	1.58
21.867981855137742	1.58
3.268759208847582	1.58
45.96493768458028	1.58
26.42391978578501	1.58
24.490608593943954	1.58
3.268759208847582	1.58
45.96493768458028	1.58
13.25740365172092	1.58
26.73583677543367	1.58
3.268759208847582	1.58
45.96493768458028	1.58
20.252445369862517	1.58
23.450663004360408	1.58
3.268759208847582	1.58
66.37396426447361	1.58
20.252445369862517	1.58
23.450663004360408	1.58
7.26245539504664	1.58
66.37396426447361	1.58
39.0385882659119	1.58
23.450663004360408	1.58
6.005950947769843	1.58
66.37396426447361	1.58
39.0385882659119	1.58
20.070225320649723	1.58
6.5955335033601745	1.58
66.37396426447361	1.58
39.0385882659119	1.58
29.433475976877702	1.58
22.182087032591177	1.58
66.37396426447361	1.58
22.907902256243574	1.58
29.433475976877702	1.58
21.587266809763292	1.58
54.60408550333056	1.58
23.253121566018887	1.58
14.921524198196664	1.58
21.444040471515372	1.58
54.60408550333056	1.58
24.738197624997905	1.58
30.14774507498524	1.58
16.60392552790391	1.58
54.60408550333056	1.58
29.008878802048272	1.58
30.14774507498524	1.58
16.60392552790391	1.58
54.60408550333056	1.58
13.122314243016191	1.58
23.551751970132628	1.58
14.807593264871445	1.58
43.187474729949955	1.58
13.122314243016191	1.58
23.551751970132628	1.58
15.958596562794932	1.58
37.46250000397562	1.58
10.880813991275549	1.58
23.270986990153656	1.58
11.799589422048513	1.58
30.579426748504357	1.58
10.046672781150459	1.58
23.371595090147885	1.58
11.799589422048513	1.58
29.164895464180656	1.58
18.93050074627859	1.58
24.30914381039271	1.58
6.638163986000027	1.58
36.46405455329679	1.58
26.692295471767476	1.58
24.690238161877165	1.58
13.975425030930154	1.58
45.92338202313352	1.58
16.91847455364044	1.58
24.690238161877165	1.58
12.381052685211142	1.58
48.938639062734154	1.58
16.20633725789604	1.58
22.828289861736152	1.58
7.35903644707102	1.58
48.938639062734154	1.58
19.558521942642933	1.58
34.91024545009665	1.58
7.35903644707102	1.58
44.92336842295946	1.58
0.22782595487170454	1.58
31.51291167536521	1.58
7.35903644707102	1.58
44.92336842295946	1.58
0.22782595487170454	1.58
31.51291167536521	1.58
7.35903644707102	1.58
41.13118776550016	1.58
0.22782595487170454	1.58
31.51291167536521	1.58
7.35903644707102	1.58
41.13118776550016	1.58
0.22782595487170454	1.58
29.41708725901035	1.58
7.35903644707102	1.58
28.666872900694766	1.58
3.1454365057871145	1.58
29.464121145860062	1.58
7.988743365171416	1.58
28.666872900694766	1.58
4.440690119105064	1.58
30.162022768150155	1.58
11.894167110687071	1.58
27.53456499583575	1.58
7.61032166190712	1.58
30.162022768150155	1.58
12.410113501709887	1.58
28.793382411698683	1.58
7.61032166190712	1.58
31.321824968232196	1.58
16.70402787119264	1.58
29.339795424049555	1.58
10.648834431209298	1.58
31.321824968232196	1.58
16.70402787119264	1.58
43.87132554424788	1.58
10.648834431209298	1.58
35.394832136524826	1.58
18.63045599962156	1.58
45.01282478357858	1.58
10.984301463253953	1.58
31.905713076341016	1.58
18.63045599962156	1.58
45.01282478357858	1.58
13.029998898156467	1.58
44.894393168868774	1.58
18.63045599962156	1.58
45.01282478357858	1.58
13.029998898156467	1.58
38.32405794651578	1.58
21.26421051858809	1.58
45.01282478357858	1.58
13.029998898156467	1.58
33.167684167072466	1.58
26.589222522917368	1.58
42.80094034303085	1.58
25.361001602762393	1.58
32.878590317306326	1.58
26.2639780746553	1.58
36.627111404760875	1.58
29.468411331789845	1.58
30.340874754722524	1.58
27.17979056130126	1.58
36.627111404760875	1.58
28.431148967674556	1.58
28.40269417567707	1.58
27.221920611786793	1.58
39.012508035654555	1.58
23.57568623309188	1.58
28.858851671449504	1.58
29.049165162084847	1.58
35.796290124246084	1.58
14.37624156928096	1.58
24.13185171268514	1.58
25.28193962487203	1.58
34.74286662458636	1.58
14.37624156928096	1.58
24.13185171268514	1.58
26.290270057239372	1.58
38.37580613076174	1.58
14.37624156928096	1.58
23.98403686176089	1.58
25.86346101642183	1.58
38.37580613076174	1.58
19.054498851002663	1.58
17.813646292187933	1.58
32.350703634132856	1.58
32.350996606518585	1.58
10.0313904111858	1.58
18.543298436310767	1.58
31.521114775047415	1.58
27.34453703383578	1.58
10.0313904111858	1.58
21.01057490894079	1.58
31.521114775047415	1.58
24.316114559676294	1.58
10.0313904111858	1.58
24.288981613551517	1.58
23.07329289188251	1.58
35.67683468157361	1.58
13.238334462492354	1.58
23.876706176257898	1.58
26.273281412779273	1.58
35.67683468157361	1.58
13.238334462492354	1.58
23.876706176257898	1.58
37.276559862299735	1.58
26.53974982319731	1.58
14.42460023953176	1.58
24.543842142370895	1.58
43.87198575900068	1.58
25.718012522158165	1.58
14.723621115533906	1.58
24.006375756904212	1.58
43.87198575900068	1.58
25.718012522158165	1.58
18.280410179931053	1.58
24.006375756904212	1.58
38.80067283914482	1.58
32.32987737074518	1.58
18.280410179931053	1.58
28.359598699849677	1.58
33.09637859199757	1.58
30.577607409125484	1.58
7.928138933248018	1.58
29.203596529362002	1.58
32.20779352332951	1.58
30.62179820513192	1.58
9.012268285290293	1.58
30.593884041810703	1.58
32.49140373141742	1.58
25.446269688171963	1.58
9.012268285290293	1.58
28.542620954062368	1.58
32.49140373141742	1.58
40.1315635340826	1.58
9.012268285290293	1.58
30.80701182334785	1.58
32.02646722748747	1.58
47.01576619320629	1.58
11.65500658974392	1.58
20.649822166236675	1.58
32.51937904679301	1.58
46.98977357704353	1.58
12.837697510477689	1.58
13.301522960481783	1.58
49.14085170818182	1.58
35.337418226643436	1.58
12.837697510477689	1.58
13.301522960481783	1.58
49.14085170818182	1.58
35.337418226643436	1.58
12.837697510477689	1.58
18.730956539066423	1.58
43.283985594446136	1.58
35.337418226643436	1.58
8.152723463888442	1.58
20.954982983409025	1.58
39.67673663305179	1.58
25.017136584652114	1.58
11.970090970893978	1.58
20.954982983409025	1.58
38.964732006752584	1.58
25.533410681436767	1.58
22.61811556332885	1.58
16.7665643928603	1.58
35.83082000023131	1.58
24.08964936450043	1.58
19.287484777040333	1.58
18.583935585535333	1.58
35.83082000023131	1.58
25.129204613508673	1.58
21.293598588410216	1.58
15.360781395355813	1.58
46.415846506436175	1.58
24.884418559431207	1.58
13.093602149580832	1.58
10.739156331217803	1.58
32.37076466408273	1.58
18.376444568298698	1.58
3.633405908887891	1.58
10.739156331217803	1.58
32.37076466408273	1.58
18.702165017350573	1.58
3.633405908887891	1.58
10.739156331217803	1.58
41.849161975110874	1.58
15.877265406244256	1.58
3.633405908887891	1.58
17.4265325187792	1.58
49.510577858036015	1.58
20.48167036189122	1.58
3.633405908887891	1.58
17.4265325187792	1.58
49.510577858036015	1.58
19.851817334416648	1.58
3.633405908887891	1.58
15.25438967754085	1.58
49.510577858036015	1.58
19.52839941683461	1.58
3.633405908887891	1.58
18.05228551772896	1.58
36.54135303676071	1.58
15.179017095993038	1.58
3.633405908887891	1.58
18.05228551772896	1.58
36.54135303676071	1.58
15.6087049935295	1.58
3.633405908887891	1.58
18.1978840429816	1.58
24.90529575173893	1.58
13.083422062173296	1.58
1.1696200929684544	1.58
19.331069415768194	1.58
26.521786371700532	1.58
11.13595152779073	1.58
1.1696200929684544	1.58
18.89066369092072	1.58
21.20271557174133	1.58
8.635850488360587	1.58
1.1696200929684544	1.58
17.669245307175423	1.58
21.20271557174133	1.58
8.635850488360587	1.58
1.1696200929684544	1.58
16.120772322268625	1.58
26.389689869098774	1.58
8.635850488360587	1.58
3.0852521146429446	1.58
21.216798824959014	1.58
31.462154567440432	1.58
9.462912406969641	1.58
5.646955779797021	1.58
18.835052866354527	1.58
41.53677507598116	1.58
9.666178495656496	1.58
7.573634617001021	1.58
9.810190768730823	1.58
41.53677507598116	1.58
9.6204329214027	1.58
6.610878368879646	1.58
9.810190768730823	1.58
46.60069047226628	1.58
9.494433375164588	1.58
5.8748071548878	1.58
9.810190768730823	1.58
26.475301908247697	1.58
9.60601132028989	1.58
5.8748071548878	1.58
12.742422558744034	1.58
24.282253662769627	1.58
8.542843800039822	1.58
5.8748071548878	1.58
12.716366952970038	1.58
34.824379965358354	1.58
5.2564202441518155	1.58
18.55624052414139	1.58
19.30305087510575	1.58
31.510165997194456	1.58
0.20697033671014253	1.58
24.160704193644715	1.58
19.30305087510575	1.58
26.834772823085814	1.58
0.20697033671014253	1.58
25.173555868515628	1.58
19.30305087510575	1.58
28.290317274457912	1.58
0.20697033671014253	1.58
25.173555868515628	1.58
36.547264475457276	1.58
30.495878945333075	1.58
0.20697033671014253	1.58
26.520217852133023	1.58
22.516548425016865	1.58
32.40322700803539	1.58
5.428331457721924	1.58
17.52857991973499	1.58
23.68524696463395	1.58
37.580444662282545	1.58
11.113547286134816	1.58
17.52857991973499	1.58
33.10485202588306	1.58
36.33018711571082	1.58
11.113547286134816	1.58
18.19463812758268	1.58
30.520411801742036	1.58
35.57250077477228	1.58
8.252559019656458	1.58
25.411212669833894	1.58
33.10956668008492	1.58
35.57250077477228	1.58
14.040397890986036	1.58
25.459024034347287	1.58
44.764236288120244	1.58
36.898285723952895	1.58
6.368025100507506	1.58
23.92063306125057	1.58
25.764298896401755	1.58
33.61655000866904	1.58
6.596787664154622	1.58
15.804652884210421	1.58
25.764298896401755	1.58
30.427787375004645	1.58
8.809626748586517	1.58
14.934813461776642	1.58
25.764298896401755	1.58
30.89523652914163	1.58
6.165946405995156	1.58
15.632078387946907	1.58
26.121082246752366	1.58
30.89523652914163	1.58
6.682387625351053	1.58
11.428104429229812	1.58
42.74874091565911	1.58
24.46813693514203	1.58
21.702375731054783	1.58
11.428104429229812	1.58
40.778797356536444	1.58
18.317111205868688	1.58
26.13620308736438	1.58
11.428104429229812	1.58
36.66209930379479	1.58
18.317111205868688	1.58
20.293752223205605	1.58
14.146892289894087	1.58
43.59770882450854	1.58
18.317111205868688	1.58
18.657714913841183	1.58
14.146892289894087	1.58
43.59770882450854	1.58
18.317111205868688	1.58
18.657714913841183	1.58
12.23871927559894	1.58
37.19667509396879	1.58
4.03914524449646	1.58
13.138489640497593	1.58
15.07933894057754	1.58
37.63436474763566	1.58
4.03914524449646	1.58
11.502141241603212	1.58
15.07933894057754	1.58
37.63436474763566	1.58
4.03914524449646	1.58
11.502141241603212	1.58
25.638470406378563	1.58
37.63436474763566	1.58
4.03914524449646	1.58
11.502141241603212	1.58
25.422923900210257	1.58
23.646742168386215	1.58
4.03914524449646	1.58
10.016122776920541	1.58
25.308537164827364	1.58
23.072660689959974	1.58
8.64630822634388	1.58
10.016122776920541	1.58
17.914471543145194	1.58
17.29006018016775	1.58
11.625211606858553	1.58
5.815342016178256	1.58
15.513291148242757	1.58
21.209138140590603	1.58
13.375186352064327	1.58
9.003116997626446	1.58
16.87688924271015	1.58
28.792048666345288	1.58
1.7612096666634294	1.58
11.237085433910181	1.58
16.87688924271015	1.58
32.36040813016574	1.58
7.473927482228124	1.58
9.567172933707603	1.58
16.813336448241813	1.58
38.45829417476049	1.58
21.072900162644736	1.58
3.4389731150366565	1.58
15.61183100704589	1.58
32.535538934634616	1.58
20.276868778744852	1.58
3.4389731150366565	1.58
14.274602965601508	1.58
34.74795205779062	1.58
22.153301620442264	1.58
3.4389731150366565	1.58
20.76457953213415	1.58
38.64476679592431	1.58
13.983334133867583	1.58
7.777010462505739	1.58
15.262312330237858	1.58
36.023426039924146	1.58
14.214783845576866	1.58
16.615731454950165	1.58
15.215285719438741	1.58
36.023426039924146	1.58
14.582124519384147	1.58
24.118763941526424	1.58
15.215285719438741	1.58
38.10921646807773	1.58
14.582124519384147	1.58
29.23833035833662	1.58
15.215285719438741	1.58
34.762611556189256	1.58
13.96185533166033	1.58
25.294409161564122	1.58
16.298459873122397	1.58
41.725707303515165	1.58
12.319368631401407	1.58
16.278500322549814	1.58
15.344918604112479	1.58
35.48006020817061	1.58
12.319368631401407	1.58
16.278500322549814	1.58
15.578669219204631	1.58
31.713590474846256	1.58
12.319368631401407	1.58
11.436578929466336	1.58
14.720252473988808	1.58
45.871063627322044	1.58
11.916877930853715	1.58
11.436578929466336	1.58
16.91283021241461	1.58
38.03043734238635	1.58
11.424926743231843	1.58
12.126861858130216	1.58
22.082391887190845	1.58
42.27000498127519	1.58
11.424926743231843	1.58
9.599003925988939	1.58
23.576732645074895	1.58
35.34824830865999	1.58
11.424926743231843	1.58
9.599003925988939	1.58
18.97765141431767	1.58
24.54764280882388	1.58
11.506997922693945	1.58
7.855087988728078	1.58
24.86980981595957	1.58
36.9057101025789	1.58
17.12388875702684	1.58
10.981549929090045	1.58
23.282189128339034	1.58
36.9057101025789	1.58
27.002866295091376	1.58
10.981549929090045	1.58
21.901044329271336	1.58
41.598325448138624	1.58
33.628471575643474	1.58
10.981549929090045	1.58
26.487751868024343	1.58
43.713174543448474	1.58
33.02550309820154	1.58
12.72542849595321	1.58
19.96302443128854	1.58
43.268737004477515	1.58
33.02550309820154	1.58
10.22553929126002	1.58
25.504554166210745	1.58
43.268737004477515	1.58
33.027529336565756	1.58
17.741427618846547	1.58
26.09870789613968	1.58
52.56326495309678	1.58
33.027529336565756	1.58
17.741427618846547	1.58
30.498453169023072	1.58
52.56326495309678	1.58
33.027529336565756	1.58
17.741427618846547	1.58
30.205029797015364	1.58
57.006410298380835	1.58
17.333215862618516	1.58
17.741427618846547	1.58
30.205029797015364	1.58
53.08183381749728	1.58
25.85596540920225	1.58
17.741427618846547	1.58
27.62417521797805	1.58
53.08183381749728	1.58
26.388779388731027	1.58
17.741427618846547	1.58
27.558309768503037	1.58
53.08183381749728	1.58
11.541928861514485	1.58
12.86846942975118	1.58
22.548942578349653	1.58
53.08183381749728	1.58
11.541928861514485	1.58
15.274477382409088	1.58
29.43536757051445	1.58
42.362397249395954	1.58
15.483250230022573	1.58
15.274477382409088	1.58
33.07131587535455	1.58
42.362397249395954	1.58
16.664416555952705	1.58
15.274477382409088	1.58
29.54925119546438	1.58
42.362397249395954	1.58
11.208774877852331	1.58
15.274477382409088	1.58
33.23860873981037	1.58
30.69237397442221	1.58
11.208774877852331	1.58
16.769094767108694	1.58
33.23860873981037	1.58
35.135437272633254	1.58
4.2775472332846505	1.58
23.527410479770687	1.58
41.84094575239411	1.58
28.629842179620223	1.58
4.2775472332846505	1.58
10.474123041022892	1.58
30.480480860087418	1.58
30.540146617701872	1.58
4.2775472332846505	1.58
11.103651804282386	1.58
30.480480860087418	1.58
40.15924555809071	1.58
4.2775472332846505	1.58
5.491098494224591	1.58
33.31948027260616	1.58
40.15924555809071	1.58
4.2775472332846505	1.58
7.130044535904453	1.58
19.426075228536405	1.58
23.124418698065988	1.58
4.2775472332846505	1.58
5.70248291781343	1.58
32.832601193273575	1.58
20.104593566831987	1.58
4.2775472332846505	1.58
10.479163486058852	1.58
32.832601193273575	1.58
20.104593566831987	1.58
4.2775472332846505	1.58
8.30055259158851	1.58
57.60392876644079	1.58
17.72608494330246	1.58
10.371047738215628	1.58
8.30055259158851	1.58
38.24023302746889	1.58
18.328322191115404	1.58
9.98489968697573	1.58
21.022226005112174	1.58
49.95349460739452	1.58
25.01547232578742	1.58
13.473156706615015	1.58
6.73656352504652	1.58
49.95349460739452	1.58
24.0932228487356	1.58
11.88919026651484	1.58
6.73656352504652	1.58
32.894208666602495	1.58
17.861153937531938	1.58
11.88919026651484	1.58
6.73656352504652	1.58
32.894208666602495	1.58
20.42497903051529	1.58
19.651555234996692	1.58
11.456708329135953	1.58
23.17822943775427	1.58
21.402881307398125	1.58
18.123645137901946	1.58
12.924697928103313	1.58
25.019813176477186	1.58
21.402881307398125	1.58
11.404443137754328	1.58
12.789926335612494	1.58
26.702859121176537	1.58
20.23670047826839	1.58
3.273863569285858	1.58
12.789926335612494	1.58
19.05882013265898	1.58
24.925600226131476	1.58
8.834098737902575	1.58
16.526833002254982	1.58
25.324655872097573	1.58
28.193215462576756	1.58
15.612364184615393	1.58
16.517534845209767	1.58
25.94916587801024	1.58
35.06824801854698	1.58
19.90279826557767	1.58
10.887865400955167	1.58
31.951679656411354	1.58
26.435111398524846	1.58
8.866917760340257	1.58
8.578972290300243	1.58
31.951679656411354	1.58
18.61684413651559	1.58
8.866917760340257	1.58
4.510724088856319	1.58
30.10005603411374	1.58
18.61684413651559	1.58
8.866917760340257	1.58
4.510724088856319	1.58
27.093802318350093	1.58
18.626707876579673	1.58
13.089286950392644	1.58
7.053976336076259	1.58
21.959404989398084	1.58
16.482635763484495	1.58
11.42271351611284	1.58
2.9097574565697784	1.58
21.959404989398084	1.58
23.66870281142873	1.58
12.959286639676684	1.58
2.9097574565697784	1.58
23.967074884154922	1.58
23.66870281142873	1.58
12.959286639676684	1.58
2.9097574565697784	1.58
23.967074884154922	1.58
22.277308980414205	1.58
16.83546634478669	1.58
0.5658544615757322	1.58
20.45397658948349	1.58
22.277308980414205	1.58
15.11309991356625	1.58
1.6506492913927424	1.58
21.257430672832456	1.58
13.012870349408011	1.58
17.547576605606384	1.58
3.299894815396982	1.58
21.04876359056905	1.58
14.703483780273578	1.58
17.93753098167569	1.58
5.407545747800542	1.58
19.670624975309593	1.58
14.703483780273578	1.58
19.724406818809097	1.58
5.407545747800542	1.58
19.688296573883566	1.58
15.544424423690092	1.58
19.724406818809097	1.58
5.4331733013420145	1.58
19.687091475487968	1.58
12.805067603899033	1.58
18.97956603682504	1.58
5.4331733013420145	1.58
19.67283626268402	1.58
9.906308289217517	1.58
22.72996148396825	1.58
5.4331733013420145	1.58
19.73721200786099	1.58
12.14790430382386	1.58
19.1447686146065	1.58
5.4331733013420145	1.58
26.252147077284327	1.58
10.58812624129835	1.58
18.13773430115857	1.58
5.4331733013420145	1.58
37.176964933708554	1.58
14.01369844819551	1.58
18.32039969272962	1.58
5.4331733013420145	1.58
37.176964933708554	1.58
18.94384673728529	1.58
18.32039969272962	1.58
14.722414884062779	1.58
37.176964933708554	1.58
21.614585544348948	1.58
16.327975495709065	1.58
11.507044093118118	1.58
37.176964933708554	1.58
24.165106806482687	1.58
16.327975495709065	1.58
7.335307221393929	1.58
37.176964933708554	1.58
31.922868121432835	1.58
19.3121861445804	1.58
7.335307221393929	1.58
34.86023412750911	1.58
31.77422726693999	1.58
19.3121861445804	1.58
6.214310299383111	1.58
34.86023412750911	1.58
31.177968069416018	1.58
18.485747680687076	1.58
6.214310299383111	1.58
27.71332826212966	1.58
31.177968069416018	1.58
20.99300782355194	1.58
6.214310299383111	1.58
17.788631691294857	1.58
34.486859203732955	1.58
20.99300782355194	1.58
12.554145171816717	1.58
16.449328671251287	1.58
34.804314200656506	1.58
12.438143316640005	1.58
11.988620364734466	1.58
19.04118881673001	1.58
25.050280045742287	1.58
12.438143316640005	1.58
5.833761355110672	1.58
30.530373945901516	1.58
16.255325624887405	1.58
12.768532224551222	1.58
15.877105382816607	1.58
35.5343991540595	1.58
16.291578963791014	1.58
21.267257506252644	1.58
15.686624548711178	1.58
33.32896305384859	1.58
16.74897880726155	1.58
20.881538829978155	1.58
15.139853933631388	1.58
33.32896305384859	1.58
13.853499306095696	1.58
17.359200761600707	1.58
14.016479813914106	1.58
38.63064807303095	1.58
13.571477147652471	1.58
17.359200761600707	1.58
13.894294658004979	1.58
37.34890383983138	1.58
13.571477147652471	1.58
18.263677918131986	1.58
13.894294658004979	1.58
37.34890383983138	1.58
14.000171011881406	1.58
12.832235246498932	1.58
13.894294658004979	1.58
31.08219877077387	1.58
14.084687386161926	1.58
15.508174482328712	1.58
14.110875606931085	1.58
45.14623898253623	1.58
14.088749964841803	1.58
16.853406529550313	1.58
14.101959369369276	1.58
39.043099340597465	1.58
14.089516090187235	1.58
5.316457117168014	1.58
14.101666615954528	1.58
28.686225393962197	1.58
14.08514321366616	1.58
5.316457117168014	1.58
14.101666615954528	1.58
33.08303805669031	1.58
14.083374860830851	1.58
5.316457117168014	1.58
21.391117973602817	1.58
32.44835305692483	1.58
16.185481544234896	1.58
5.316457117168014	1.58
11.092210610843157	1.58
40.09187958663238	1.58
16.068691017970256	1.58
0.8252015785392519	1.58
8.967282294163155	1.58
40.09187958663238	1.58
17.674868711037966	1.58
0.8252015785392519	1.58
8.967282294163155	1.58
40.09187958663238	1.58
17.674868711037966	1.58
0.8252015785392519	1.58
16.08530558228013	1.58
40.09187958663238	1.58
18.894542623146613	1.58
0.8252015785392519	1.58
16.547934777467855	1.58
44.63665570951572	1.58
18.70102680657519	1.58
0.8252015785392519	1.58
16.547934777467855	1.58
34.00498648365103	1.58
19.339164133268685	1.58
0.8252015785392519	1.58
15.427557953848531	1.58
48.73875473191764	1.58
20.188564977811154	1.58
5.658492582529043	1.58
15.427557953848531	1.58
30.59925000261511	1.58
28.34895545594028	1.58
7.0463348250273405	1.58
15.427557953848531	1.58
24.647744816509203	1.58
44.756574506820556	1.58
7.0463348250273405	1.58
10.489477784370198	1.58
20.327949239204905	1.58
42.63484759262691	1.58
17.691231120515745	1.58
10.489477784370198	1.58
24.68378923240754	1.58
42.63484759262691	1.58
18.30095436475576	1.58
6.41262538134966	1.58
22.199844183780982	1.58
37.19179388711456	1.58
18.30095436475576	1.58
6.41262538134966	1.58
22.79355717609402	1.58
37.19179388711456	1.58
18.30095436475576	1.58
6.41262538134966	1.58
25.10508804382667	1.58
34.28161329883454	1.58
4.842954356645389	1.58
14.76956435108971	1.58
43.86605986164213	1.58
33.16509357400999	1.58
4.842954356645389	1.58
14.76956435108971	1.58
34.43892877032673	1.58
33.78431582768444	1.58
4.842954356645389	1.58
5.787458671469199	1.58
22.569694792749992	1.58
24.47420640412208	1.58
4.842954356645389	1.58
5.787458671469199	1.58
23.008850043076613	1.58
38.185191165587284	1.58
4.842954356645389	1.58
8.59422210464192	1.58
26.02185635755222	1.58
23.397447050344628	1.58
5.151102987483746	1.58
8.59422210464192	1.58
19.784243707695303	1.58
25.607038762443402	1.58
5.0838744066848385	1.58
13.433119780077314	1.58
19.267038152050937	1.58
22.361960877852194	1.58
5.0838744066848385	1.58
13.433119780077314	1.58
16.262270961114844	1.58
25.809280344375455	1.58
15.42856363011049	1.58
13.725223012125461	1.58
16.34220958679309	1.58
29.54359048788048	1.58
14.981649614676705	1.58
15.663523314584467	1.58
16.477114709209637	1.58
31.961765459762407	1.58
14.67451698455861	1.58
15.663523314584467	1.58
16.69747304482488	1.58
25.683654877645196	1.58
16.177592488340956	1.58
18.633645765602665	1.58
15.92286033221083	1.58
26.09294927847172	1.58
16.184990234314302	1.58
15.769194182415516	1.58
16.070516386177175	1.58
22.66868328193137	1.58
16.148229371723694	1.58
15.769194182415516	1.58
16.039644587420494	1.58
28.380526879972308	1.58
16.15845645489328	1.58
11.670403659527306	1.58
16.030704352890773	1.58
28.779844163262105	1.58
15.677013465438739	1.58
12.481610956339374	1.58
17.759388861720232	1.58
28.020318087683187	1.58
15.943965032703332	1.58
9.67955621996205	1.58
18.516542399524717	1.58
28.020318087683187	1.58
14.080279064467026	1.58
9.67955621996205	1.58
23.460255851176303	1.58
26.417767843625455	1.58
10.645201105583787	1.58
9.67955621996205	1.58
34.519490342479386	1.58
18.605043658516415	1.58
10.645201105583787	1.58
13.060202586230393	1.58
24.87174529178764	1.58
16.09310213519035	1.58
10.645201105583787	1.58
13.060202586230393	1.58
32.208540331032204	1.58
18.883805931644368	1.58
10.442826101149521	1.58
11.858855874777168	1.58
30.05182243682969	1.58
21.342277161600244	1.58
10.442826101149521	1.58
8.108372355368594	1.58
28.180215276612344	1.58
28.040847130416417	1.58
14.338982072478	1.58
8.108372355368594	1.58
33.33014910813782	1.58
22.95128130146513	1.58
17.951096610965962	1.58
8.108372355368594	1.58
33.33014910813782	1.58
21.464441949962282	1.58
14.539234634592379	1.58
6.582081466057858	1.58
33.33014910813782	1.58
24.6067028033617	1.58
9.467250183830487	1.58
6.582081466057858	1.58
33.33014910813782	1.58
41.23998334217013	1.58
9.467250183830487	1.58
11.76170463747529	1.58
26.103127877565978	1.58
41.23998334217013	1.58
12.11078127466141	1.58
11.76170463747529	1.58
25.050278013151797	1.58
41.23998334217013	1.58
21.08866211289097	1.58
7.856608773771278	1.58
26.977820835411435	1.58
30.256293368929686	1.58
22.4346293907648	1.58
7.856608773771278	1.58
26.977820835411435	1.58
50.54973003364232	1.58
22.4346293907648	1.58
27.33722520489379	1.58
26.43583413087931	1.58
50.54973003364232	1.58
20.919978736567593	1.58
27.296894115261093	1.58
27.38941653546795	1.58
50.54973003364232	1.58
26.789064443085582	1.58
27.217759350708622	1.58
27.333309840619858	1.58
50.54973003364232	1.58
26.789064443085582	1.58
27.217759350708622	1.58
27.341229447549377	1.58
50.54973003364232	1.58
26.98339669992322	1.58
27.10668618826998	1.58
27.560641428650428	1.58
53.46222517041884	1.58
26.695517251222736	1.58
26.985031399453078	1.58
27.400285676405446	1.58
53.46222517041884	1.58
26.94752258621367	1.58
26.60687903488968	1.58
27.653782359729163	1.58
53.46222517041884	1.58
26.94752258621367	1.58
26.60687903488968	1.58
27.642314556292042	1.58
46.24222526401718	1.58
26.165572754869412	1.58
26.60687903488968	1.58
27.120844287290094	1.58
42.9588299121243	1.58
26.108788329018118	1.58
23.06757601614716	1.58
26.95550846978076	1.58
42.9588299121243	1.58
14.604402101803284	1.58
23.904938564354968	1.58
32.29603220722285	1.58
42.9588299121243	1.58
14.604402101803284	1.58
16.69367294274785	1.58
37.255749143236784	1.58
34.81834184797803	1.58
23.20259116214175	1.58
21.24093595696559	1.58
37.255749143236784	1.58
35.21614342127911	1.58
17.90418599686908	1.58
21.24093595696559	1.58
37.255749143236784	1.58
33.996649109918806	1.58
25.61210086211159	1.58
14.187189705607008	1.58
40.67117988891964	1.58
34.7868928540677	1.58
29.718958977728576	1.58
8.295321370135383	1.58
56.27238331800814	1.58
38.444308199513	1.58
31.06206743667078	1.58
27.431676446162744	1.58
56.27238331800814	1.58
38.444308199513	1.58
31.06206743667078	1.58
24.991676567764667	1.58
56.27238331800814	1.58
39.759678643557976	1.58
32.19967873430366	1.58
24.36489579268492	1.58
56.27238331800814	1.58
36.86315713982701	1.58
37.018901504970955	1.58
29.678226113050208	1.58
56.27238331800814	1.58
36.13739171523523	1.58
36.914986721636645	1.58
15.28095540151508	1.58
43.78105613968696	1.58
35.800431648594596	1.58
38.106400902529145	1.58
15.28095540151508	1.58
44.25965539518877	1.58
48.68173865257427	1.58
37.44629152877774	1.58
15.28095540151508	1.58
44.25965539518877	1.58
44.75635436718668	1.58
34.20703580336806	1.58
15.28095540151508	1.58
35.29786941183666	1.58
44.75635436718668	1.58
33.643794137306465	1.58
25.880251196187597	1.58
35.29786941183666	1.58
46.9019669194307	1.58
34.373255915540334	1.58
12.253979280423735	1.58
35.277305238681144	1.58
41.53302068139028	1.58
34.03636477080697	1.58
18.704528242135254	1.58
32.117894107951905	1.58
46.823260109390326	1.58
35.1880013425114	1.58
4.124695922352721	1.58
32.117894107951905	1.58
46.823260109390326	1.58
35.1880013425114	1.58
4.124695922352721	1.58
32.96176854516917	1.58
44.747689173758914	1.58
35.46278031264885	1.58
5.96903861557368	1.58
32.902936302792206	1.58
44.747689173758914	1.58
36.05266332252489	1.58
2.4835885224881054	1.58
32.902936302792206	1.58
51.56873967821108	1.58
24.697234098994905	1.58
2.4835885224881054	1.58
21.59718521422328	1.58
47.63335193970371	1.58
23.218088477166695	1.58
1.3496659167654315	1.58
21.59718521422328	1.58
39.50235891305675	1.58
23.479655654890312	1.58
1.3496659167654315	1.58
21.71470455062922	1.58
39.50235891305675	1.58
23.11968974177899	1.58
14.399146527853407	1.58
21.447724657450923	1.58
46.352826377258815	1.58
24.164220130562164	1.58
14.399146527853407	1.58
19.806519900397006	1.58
46.352826377258815	1.58
23.933088961323907	1.58
14.399146527853407	1.58
16.678563002073062	1.58
49.03651736696761	1.58
8.637693864517217	1.58
13.670366028910733	1.58
18.229484663045582	1.58
48.85632739529143	1.58
10.730351230439659	1.58
13.670366028910733	1.58
17.0799196103372	1.58
44.04123949847703	1.58
10.730351230439659	1.58
13.670366028910733	1.58
19.248400824651277	1.58
44.04123949847703	1.58
14.265516802801125	1.58
10.218275012759019	1.58
23.8092164808953	1.58
43.14588389582502	1.58
16.96127462123188	1.58
10.218275012759019	1.58
35.17857344040699	1.58
43.14588389582502	1.58
16.96127462123188	1.58
10.218275012759019	1.58
35.17857344040699	1.58
43.14588389582502	1.58
25.6845316940938	1.58
18.629878186654032	1.58
26.926090411040256	1.58
35.11424685920101	1.58
24.574501248805195	1.58
11.474362786936126	1.58
26.926090411040256	1.58
35.11424685920101	1.58
24.574501248805195	1.58
16.148979798370085	1.58
34.84889196124297	1.58
41.702511462675346	1.58
10.971444250380124	1.58
14.954910550950675	1.58
34.84889196124297	1.58
41.702511462675346	1.58
10.971444250380124	1.58
14.954910550950675	1.58
24.530026503708818	1.58
41.702511462675346	1.58
16.924262126140015	1.58
19.698368106402743	1.58
29.34871495131877	1.58
41.702511462675346	1.58
16.924262126140015	1.58
19.698368106402743	1.58
29.34871495131877	1.58
41.702511462675346	1.58
16.924262126140015	1.58
19.59912309512543	1.58
35.36183756388628	1.58
41.702511462675346	1.58
16.924262126140015	1.58
19.59912309512543	1.58
28.897993458384683	1.58
30.164439588684417	1.58
20.48630225310555	1.58
17.607255208192328	1.58
36.16971056961034	1.58
38.79148413573323	1.58
15.731637895291147	1.58
21.11150222650266	1.58
45.02300226213287	1.58
34.60609396996729	1.58
10.807761757047448	1.58
21.11150222650266	1.58
62.097472770741476	1.58
23.934460521977144	1.58
13.906576669510496	1.58
22.372213002310737	1.58
62.097472770741476	1.58
23.934460521977144	1.58
5.716228959713259	1.58
33.505751368527534	1.58
62.097472770741476	1.58
23.28707721126532	1.58
9.485692129206868	1.58
44.91955234353057	1.58
62.097472770741476	1.58
13.851232253484206	1.58
9.485692129206868	1.58
44.91087353643077	1.58
62.097472770741476	1.58
13.851232253484206	1.58
9.485692129206868	1.58
44.91087353643077	1.58
58.767053261808194	1.58
12.121421187686842	1.58
9.485692129206868	1.58
44.91087353643077	1.58
66.61040384925414	1.58
13.548169711305569	1.58
9.485692129206868	1.58
58.731865127575254	1.58
66.61040384925414	1.58
7.116487603693926	1.58
10.59652750587117	1.58
63.216452844703014	1.58
66.61040384925414	1.58
7.522995750792477	1.58
10.59652750587117	1.58
62.29884362436926	1.58
65.02346737700773	1.58
7.642159927589893	1.58
11.610546448047653	1.58
62.29884362436926	1.58
64.3874838620044	1.58
9.481188036196281	1.58
11.726029888038951	1.58
62.29884362436926	1.58
63.535234267519314	1.58
20.302985144365543	1.58
25.58381336734484	1.58
62.341498229247556	1.58
45.21073582972659	1.58
27.849464078384315	1.58
25.58381336734484	1.58
65.37323370293251	1.58
30.915705401740247	1.58
27.982425105833546	1.58
23.95840250004331	1.58
57.23422702904551	1.58
32.57546478197218	1.58
19.200533356630558	1.58
23.455291156995024	1.58
46.90519365894197	1.58
22.711474878259732	1.58
19.200533356630558	1.58
23.455291156995024	1.58
45.59814458240058	1.58
22.4826819640469	1.58
11.155070102874724	1.58
24.264217813640354	1.58
45.59814458240058	1.58
22.41316981412081	1.58
11.155070102874724	1.58
29.241096385140864	1.58
45.59814458240058	1.58
19.24452256545293	1.58
11.155070102874724	1.58
28.647975712657047	1.58
34.16858065508222	1.58
19.833777480888216	1.58
6.111734515895922	1.58
31.295519050073096	1.58
33.170739444770675	1.58
19.833777480888216	1.58
17.15843732109422	1.58
38.463085887048706	1.58
33.170739444770675	1.58
8.27051332359072	1.58
14.910694398178471	1.58
38.463085887048706	1.58
27.0840236755739	1.58
8.27051332359072	1.58
14.910694398178471	1.58
36.20838059057227	1.58
25.00535861688944	1.58
2.2687711910302895	1.58
19.521741790019433	1.58
36.20838059057227	1.58
34.622725441046846	1.58
16.346331199109688	1.58
25.766456868369993	1.58
33.466862599204035	1.58
27.353679958891746	1.58
16.36346609801016	1.58
26.001526220097638	1.58
31.302487626495303	1.58
27.353679958891746	1.58
16.36346609801016	1.58
25.03782351803327	1.58
34.560875377749284	1.58
28.450644143014493	1.58
16.36346609801016	1.58
26.88923233218477	1.58
38.50714357341978	1.58
29.792568005688125	1.58
26.263311014783284	1.58
25.49939132899078	1.58
41.66613873783079	1.58
32.024666924438236	1.58
24.900209095519727	1.58
11.648947320972283	1.58
48.190309914302155	1.58
38.60863852928618	1.58
28.756406408326622	1.58
14.759332252040842	1.58
42.32488402545063	1.58
37.52439518312	1.58
29.69537246219413	1.58
25.409089602383965	1.58
39.61040040749154	1.58
38.800108507678985	1.58
26.347913373071183	1.58
16.93452604973829	1.58
36.120761057274166	1.58
38.800108507678985	1.58
17.918329142411793	1.58
8.60199759688533	1.58
30.497855893600914	1.58
39.225345122686406	1.58
12.944333611453263	1.58
8.60199759688533	1.58
22.270638944508338	1.58
39.225345122686406	1.58
6.056420111830342	1.58
8.60199759688533	1.58
32.06513963556894	1.58
32.3791873885273	1.58
13.512191085716946	1.58
10.314562621699025	1.58
49.09766700376636	1.58
32.3791873885273	1.58
13.677558367740694	1.58
17.057663454137092	1.58
49.09766700376636	1.58
50.51697130494839	1.58
31.627679519686485	1.58
17.057663454137092	1.58
41.75017848183408	1.58
50.51697130494839	1.58
20.35229563389218	1.58
33.45134496810732	1.58
41.75017848183408	1.58
50.837594409790185	1.58
8.333790732678374	1.58
35.156015456931286	1.58
40.73979481807286	1.58
32.71939170164306	1.58
8.333790732678374	1.58
35.784431205493696	1.58
40.73979481807286	1.58
31.177452204242854	1.58
1.5961910741291945	1.58
34.68404791609414	1.58
40.73979481807286	1.58
23.9354978145639	1.58
3.2022358311954235	1.58
34.90456700804263	1.58
43.00496868783897	1.58
23.9354978145639	1.58
3.2022358311954235	1.58
34.90456700804263	1.58
46.98179430916066	1.58
23.9354978145639	1.58
12.683616140401178	1.58
34.90456700804263	1.58
46.98179430916066	1.58
21.321069177987447	1.58
12.683616140401178	1.58
44.30747167451473	1.58
36.20662332759088	1.58
0.541053492459497	1.58
22.27592824677248	1.58
46.77061863763504	1.58
32.966174330348245	1.58
0.541053492459497	1.58
17.75330697971022	1.58
26.592890052958886	1.58
33.04091035047547	1.58
0.541053492459497	1.58
8.330453205494486	1.58
31.455586670279974	1.58
38.6295455301981	1.58
4.901794714002758	1.58
15.195181126005345	1.58
31.455586670279974	1.58
38.6295455301981	1.58
4.901794714002758	1.58
13.630844977351819	1.58
31.455586670279974	1.58
39.70983961418206	1.58
4.901794714002758	1.58
21.230117317365576	1.58
31.455586670279974	1.58
39.753920321168614	1.58
12.868446075492322	1.58
22.599871127822098	1.58
31.455586670279974	1.58
39.753920321168614	1.58
12.868446075492322	1.58
14.742261380118812	1.58
42.89419954727461	1.58
36.0856982012764	1.58
12.868446075492322	1.58
23.196288157166883	1.58
48.06043616662397	1.58
32.35211669386741	1.58
22.52416146466308	1.58
23.848793710241413	1.58
42.773593693967335	1.58
30.133808811521504	1.58
22.03830294506315	1.58
18.020250187333044	1.58
40.841570512253476	1.58
28.55044946179148	1.58
21.02727060363651	1.58
18.230220759717778	1.58
33.48852138239444	1.58
25.904566422197277	1.58
11.281649847221189	1.58
17.054879702894212	1.58
38.01543035678078	1.58
25.237137548743775	1.58
11.281649847221189	1.58
19.109268678826496	1.58
43.79948917205975	1.58
23.732752334426515	1.58
11.281649847221189	1.58
18.837021687806065	1.58
42.85480089324141	1.58
26.881827968869864	1.58
10.443872739628329	1.58
18.837021687806065	1.58
33.386797624934005	1.58
24.593560579337108	1.58
5.3302816343250665	1.58
13.170592831677618	1.58
30.25299471930861	1.58
22.399808754629383	1.58
7.665680747335035	1.58
14.049232998075057	1.58
48.318906110114085	1.58
27.00768946448499	1.58
21.222668377507492	1.58
14.049232998075057	1.58
43.92245668847726	1.58
18.329685695740643	1.58
18.7527851389402	1.58
10.919531302587018	1.58
36.30822270266273	1.58
13.371842303976948	1.58
8.112336658285805	1.58
10.310500163084681	1.58
36.30822270266273	1.58
20.58040478787552	1.58
14.413344658693845	1.58
10.310500163084681	1.58
29.160194307586735	1.58
17.33757794470182	1.58
15.102354743189636	1.58
3.431382043509416	1.58
35.30881432147392	1.58
17.33757794470182	1.58
19.282326369619298	1.58
3.431382043509416	1.58
31.64282098008558	1.58
13.493135731306321	1.58
8.479682931427384	1.58
3.431382043509416	1.58
22.140207973818118	1.58
13.493135731306321	1.58
8.479682931427384	1.58
1.024206662654053	1.58
20.635483305337914	1.58
16.726767997543597	1.58
9.82896012572185	1.58
4.393266832694857	1.58
19.568736015466797	1.58
16.882424459901415	1.58
12.445248724510058	1.58
8.402368917261613	1.58
21.136698240006076	1.58
19.564622443433194	1.58
13.00502275927289	1.58
9.222448570374912	1.58
19.668049528879564	1.58
19.616299327000377	1.58
14.91115611950844	1.58
4.956645731992776	1.58
19.668049528879564	1.58
31.342803955670465	1.58
18.54904326687709	1.58
4.956645731992776	1.58
19.864441052098204	1.58
43.123841489421324	1.58
18.344436519328777	1.58
4.956645731992776	1.58
15.531942525250436	1.58
43.123841489421324	1.58
19.36203329788459	1.58
4.956645731992776	1.58
11.707260138554204	1.58
42.94539222715118	1.58
28.379038629606065	1.58
4.956645731992776	1.58
14.226744729470425	1.58
29.21420146004188	1.58
36.12924815580826	1.58
4.956645731992776	1.58
18.71932225644791	1.58
38.580931688568484	1.58
33.219042872533294	1.58
4.956645731992776	1.58
17.78805848175656	1.58
43.23175239942866	1.58
40.64734694755707	1.58
16.85393237935304	1.58
15.536020394086883	1.58
35.80639298578396	1.58
40.64734694755707	1.58
21.039699091544897	1.58
9.76971312869323	1.58
35.80639298578396	1.58
47.88740529460266	1.58
22.94629594594159	1.58
4.570714407983104	1.58
45.36813029975866	1.58
54.58522225840218	1.58
7.6222890820080025	1.58
4.570714407983104	1.58
45.36813029975866	1.58
54.58522225840218	1.58
25.167871221841843	1.58
4.570714407983104	1.58
45.36813029975866	1.58
54.58522225840218	1.58
14.06700690123752	1.58
3.965091944194114	1.58
45.36813029975866	1.58
38.72446259449314	1.58
6.646964704601032	1.58
11.709242329942764	1.58
45.36813029975866	1.58
38.72446259449314	1.58
6.646964704601032	1.58
11.709242329942764	1.58
58.22927462792886	1.58
38.72446259449314	1.58
6.646964704601032	1.58
11.709242329942764	1.58
58.22927462792886	1.58
38.72446259449314	1.58
16.677056615985997	1.58
18.506614993171702	1.58
58.22927462792886	1.58
27.848084483956427	1.58
16.677056615985997	1.58
18.506614993171702	1.58
58.22927462792886	1.58
34.38025352754232	1.58
19.634282500718363	1.58
18.506614993171702	1.58
58.22927462792886	1.58
34.38025352754232	1.58
19.634282500718363	1.58
18.506614993171702	1.58
39.83734782935508	1.58
39.408932603585114	1.58
25.011703533034748	1.58
8.850862804690284	1.58
44.223405716105034	1.58
39.408932603585114	1.58
25.169713428984856	1.58
8.850862804690284	1.58
44.223405716105034	1.58
50.02145910413259	1.58
25.169713428984856	1.58
8.850862804690284	1.58
45.539848797809	1.58
50.02145910413259	1.58
28.42969813984359	1.58
8.850862804690284	1.58
45.539848797809	1.58
50.02145910413259	1.58
20.15025371027622	1.58
8.850862804690284	1.58
33.07025825630002	1.58
45.77332789463287	1.58
20.15025371027622	1.58
8.850862804690284	1.58
31.256395921572754	1.58
45.77332789463287	1.58
12.958509006160043	1.58
8.850862804690284	1.58
31.256395921572754	1.58
29.303532093081447	1.58
12.958509006160043	1.58
15.184906599910011	1.58
36.68654322768326	1.58
29.833590995684602	1.58
12.958509006160043	1.58
16.40843764979649	1.58
39.84177659284455	1.58
26.883089246609956	1.58
15.414147258798405	1.58
18.15918128749234	1.58
39.84177659284455	1.58
29.579455844187365	1.58
19.60090350095404	1.58
19.08280142487784	1.58
39.84177659284455	1.58
30.1295083252128	1.58
9.278359742330693	1.58
19.08280142487784	1.58
44.182575061084094	1.58
32.6925329599158	1.58
9.278359742330693	1.58
9.000039385802033	1.58
44.182575061084094	1.58
49.28448590788309	1.58
9.278359742330693	1.58
15.780065676415596	1.58
37.10727734348826	1.58
49.28448590788309	1.58
9.278359742330693	1.58
15.780065676415596	1.58
31.727680121138157	1.58
47.47269628183977	1.58
10.772204162895548	1.58
15.780065676415596	1.58
25.25482112021143	1.58
32.25948195430155	1.58
10.772204162895548	1.58
14.72562316499417	1.58
35.42222302266467	1.58
31.243546701609326	1.58
10.772204162895548	1.58
7.990148662715757	1.58
45.14916861183326	1.58
29.506558334748224	1.58
16.49392986212704	1.58
3.025230616395902	1.58
45.14916861183326	1.58
44.43833772958358	1.58
8.992852096076177	1.58
2.8964457996392525	1.58
42.31306963417228	1.58
35.463645346484896	1.58
8.992852096076177	1.58
2.8964457996392525	1.58
42.218857955578024	1.58
35.463645346484896	1.58
8.992852096076177	1.58
2.8964457996392525	1.58
42.218857955578024	1.58
35.463645346484896	1.58
8.992852096076177	1.58
10.223420369832038	1.58
46.132419345602	1.58
35.463645346484896	1.58
8.992852096076177	1.58
10.223420369832038	1.58
28.248795178352815	1.58
32.337703051796176	1.58
8.992852096076177	1.58
16.015359765881982	1.58
36.705115320485206	1.58
32.337703051796176	1.58
1.2919058361655438	1.58
3.2841127987430525	1.58
36.14210173263375	1.58
26.36828175895	1.58
1.174265577532239	1.58
9.231507561027136	1.58
32.95348283926596	1.58
26.36828175895	1.58
1.174265577532239	1.58
13.460181393239669	1.58
32.95348283926596	1.58
33.592608217240425	1.58
11.754446225435085	1.58
11.87236474235321	1.58
24.287646290464572	1.58
33.592608217240425	1.58
16.193302009136495	1.58
11.87236474235321	1.58
29.695939907648288	1.58
35.18810348013188	1.58
6.5586411370276245	1.58
11.588388136067131	1.58
47.16364730630492	1.58
26.70554373262289	1.58
6.5586411370276245	1.58
10.811087305819697	1.58
51.97125327930706	1.58
38.88603168654076	1.58
6.5586411370276245	1.58
10.811087305819697	1.58
37.67583855507137	1.58
28.042719052840056	1.58
13.882240320507318	1.58
10.811087305819697	1.58
37.67583855507137	1.58
28.54841195767262	1.58
15.166671926091727	1.58
13.09699363422369	1.58
27.238209024198532	1.58
31.632528578861592	1.58
11.563003443624783	1.58
13.09699363422369	1.58
30.60818013610004	1.58
42.62504746332358	1.58
7.657270328038347	1.58
13.09699363422369	1.58
38.28317890521053	1.58
40.39186485122435	1.58
7.657270328038347	1.58
14.689324120984349	1.58
38.28317890521053	1.58
40.39186485122435	1.58
3.99418806170479	1.58
19.895203261861955	1.58
35.509573348110834	1.58
41.49147264025668	1.58
12.621277199813616	1.58
20.27065851409619	1.58
35.509573348110834	1.58
41.49147264025668	1.58
12.621277199813616	1.58
20.27065851409619	1.58
35.509573348110834	1.58
41.49147264025668	1.58
12.621277199813616	1.58
20.27065851409619	1.58
49.764322413643896	1.58
39.23020737093231	1.58
12.621277199813616	1.58
20.27065851409619	1.58
35.965036676068486	1.58
41.4974601245669	1.58
12.621277199813616	1.58
20.27065851409619	1.58
30.394817475313175	1.58
41.4974601245669	1.58
12.621277199813616	1.58
12.312170834372544	1.58
26.334283884207657	1.58
41.4974601245669	1.58
12.621277199813616	1.58
12.312170834372544	1.58
29.50072223382844	1.58
42.95336268329294	1.58
2.254711349331771	1.58
14.24578552699584	1.58
33.60403425252524	1.58
25.723759723169053	1.58
2.254711349331771	1.58
13.33245653842856	1.58
33.60403425252524	1.58
25.56780334298629	1.58
2.254711349331771	1.58
12.117100675790187	1.58
26.56731004008441	1.58
26.978269759629704	1.58
2.254711349331771	1.58
5.526560456568237	1.58
16.200325381402692	1.58
26.446579556688604	1.58
2.254711349331771	1.58
4.997706296803486	1.58
16.200325381402692	1.58
26.446579556688604	1.58
2.254711349331771	1.58
4.997706296803486	1.58
20.271001862909973	1.58
38.123297355406905	1.58
17.30407184108195	1.58
4.997706296803486	1.58
21.812021033377682	1.58
31.77336840267903	1.58
15.553164478246952	1.58
4.997706296803486	1.58
25.35780647936498	1.58
28.80332491580799	1.58
15.553164478246952	1.58
7.521478823545689	1.58
25.422031502136488	1.58
22.22172366272143	1.58
8.352352701983591	1.58
6.970500573755535	1.58
19.164212126468332	1.58
22.22172366272143	1.58
8.860346788638722	1.58
7.055422030664447	1.58
19.164212126468332	1.58
22.22172366272143	1.58
12.730323230367953	1.58
7.055422030664447	1.58
16.064244196261928	1.58
30.54541244985011	1.58
13.29948081466333	1.58
7.055422030664447	1.58
17.45491276198556	1.58
20.455631610747062	1.58
13.29948081466333	1.58
7.055422030664447	1.58
22.91124698671771	1.58
32.557780149530636	1.58
16.27331228007021	1.58
7.055422030664447	1.58
29.568612870806277	1.58
27.680502579106093	1.58
20.602378048331804	1.58
7.055422030664447	1.58
26.366734768788632	1.58
27.680502579106093	1.58
16.246162526654146	1.58
7.055422030664447	1.58
26.15336000549643	1.58
40.68237709938929	1.58
16.246162526654146	1.58
12.99737474151631	1.58
21.701198954853055	1.58
40.68237709938929	1.58
19.954283286558567	1.58
14.866748145141795	1.58
21.488420280545924	1.58
40.68237709938929	1.58
19.516389346606836	1.58
15.168158582598704	1.58
21.006428793266082	1.58
38.22420469761624	1.58
13.436004373657791	1.58
23.307334565385244	1.58
20.89883306673333	1.58
38.22420469761624	1.58
23.53172164512491	1.58
23.979528740769005	1.58
21.55035816785368	1.58
38.22420469761624	1.58
23.53172164512491	1.58
23.682186068636717	1.58
21.91636822422159	1.58
33.13223197553002	1.58
18.76831113421449	1.58
23.682186068636717	1.58
21.51631425310252	1.58
30.794251159157355	1.58
17.04628611592791	1.58
25.925770070260217	1.58
25.72665361008587	1.58
31.67808874470359	1.58
12.187385205500416	1.58
25.950195119791058	1.58
37.94964110856544	1.58
30.594230390080174	1.58
12.187385205500416	1.58
22.7706625903115	1.58
42.44011800181201	1.58
22.143308436455847	1.58
12.187385205500416	1.58
10.539372872221502	1.58
42.44011800181201	1.58
31.750196580173828	1.58
12.187385205500416	1.58
10.539372872221502	1.58
37.78823074300074	1.58
36.732284177508184	1.58
12.187385205500416	1.58
10.539372872221502	1.58
32.62288647816165	1.58
34.71237095095874	1.58
12.187385205500416	1.58
10.539372872221502	1.58
32.62288647816165	1.58
31.627182999034325	1.58
7.450255319231093	1.58
10.539372872221502	1.58
45.52114733001041	1.58
37.68114762230695	1.58
7.450255319231093	1.58
10.796858627468591	1.58
30.77843150518026	1.58
37.36909386924191	1.58
14.785248949014663	1.58
9.218796343453196	1.58
30.77843150518026	1.58
37.36909386924191	1.58
18.42636134262164	1.58
9.238467418980864	1.58
38.438601625831296	1.58
37.36909386924191	1.58
11.652375685262921	1.58
15.497812501673508	1.58
34.16689280125098	1.58
26.599662787476234	1.58
8.0518058965337	1.58
15.497812501673508	1.58
25.921922281262532	1.58
31.647203360498832	1.58
8.102165795603081	1.58
15.497812501673508	1.58
34.949761464549994	1.58
31.647203360498832	1.58
8.102165795603081	1.58
15.497812501673508	1.58
31.407164709154287	1.58
37.65070084502537	1.58
18.540961051954934	1.58
15.497812501673508	1.58
46.611079964271354	1.58
37.65070084502537	1.58
18.540961051954934	1.58
15.497812501673508	1.58
36.5983185202164	1.58
39.11420178876196	1.58
21.268413048403357	1.58
19.88447717316028	1.58
31.06605315198877	1.58
39.11420178876196	1.58
12.544770823202981	1.58
11.04664614647275	1.58
35.10383531466343	1.58
39.11420178876196	1.58
12.544770823202981	1.58
11.04664614647275	1.58
35.66060109167435	1.58
32.20910879819354	1.58
19.026020447029335	1.58
9.67861431016443	1.58
29.561734612364873	1.58
26.032536334659984	1.58
19.026020447029335	1.58
18.590626722339852	1.58
28.62141046055278	1.58
28.756918984851893	1.58
14.190438654243811	1.58
18.590626722339852	1.58
28.636730280570283	1.58
32.93443709646206	1.58
14.190438654243811	1.58
22.350372447737215	1.58
25.94776649496157	1.58
39.229380147144866	1.58
2.4122448433946246	1.58
12.511965619145002	1.58
23.96512646204285	1.58
24.368691586235794	1.58
2.4122448433946246	1.58
6.3549895792052915	1.58
17.473916794780187	1.58
25.166535386787967	1.58
1.1398483860234627	1.58
6.3549895792052915	1.58
9.467387858428767	1.58
36.51144265491372	1.58
4.085924926011178	1.58
6.3549895792052915	1.58
9.634230902841002	1.58
22.168471124849134	1.58
8.142854865591143	1.58
6.3549895792052915	1.58
11.446856703587947	1.58
17.006776546431773	1.58
8.142854865591143	1.58
4.853193886100511	1.58
14.331872816094933	1.58
19.904251861153337	1.58
4.011792281589148	1.58
5.342296003626332	1.58
16.02106727859892	1.58
28.43135746356875	1.58
4.011792281589148	1.58
2.639392195066417	1.58
17.206783270316645	1.58
31.318454159453786	1.58
6.169913734204613	1.58
2.639392195066417	1.58
17.206783270316645	1.58
20.73459232016338	1.58
6.169913734204613	1.58
9.26937298760497	1.58
15.610197145036143	1.58
20.73459232016338	1.58
7.866048695856984	1.58
9.26937298760497	1.58
12.721343473153578	1.58
24.027244435552603	1.58
9.627211003739127	1.58
7.888011455561084	1.58
13.875221248547021	1.58
19.61536781778368	1.58
6.3883351091581595	1.58
6.389205314273083	1.58
16.38463062874006	1.58
19.61536781778368	1.58
8.914591214976603	1.58
6.389205314273083	1.58
24.17528943369389	1.58
17.99279885991961	1.58
10.42610703830107	1.58
6.389205314273083	1.58
24.17528943369389	1.58
26.58211336997651	1.58
10.42610703830107	1.58
6.389205314273083	1.58
37.41693642317026	1.58
37.50149796973659	1.58
19.139674837480868	1.58
10.467301808298668	1.58
33.45086905136347	1.58
47.32765259207095	1.58
11.961524064942488	1.58
25.8213726975465	1.58
40.49720209343538	1.58
36.67539825397754	1.58
15.243022961229943	1.58
26.954429213818496	1.58
43.15304174801295	1.58
39.48352030594151	1.58
2.2162977551332546	1.58
31.152490151552193	1.58
37.987202541432595	1.58
32.00548989511515	1.58
2.2162977551332546	1.58
31.152490151552193	1.58
42.74376882132473	1.58
18.127541535784943	1.58
2.2162977551332546	1.58
31.152490151552193	1.58
42.74376882132473	1.58
13.931820387865242	1.58
7.58408503197758	1.58
30.988757743673354	1.58
37.462740762938054	1.58
18.743317210262802	1.58
7.58408503197758	1.58
31.739720123678374	1.58
27.65122337537569	1.58
18.743317210262802	1.58
13.876064523106331	1.58
31.22287890278978	1.58
27.178440453402132	1.58
16.626504892865555	1.58
13.876064523106331	1.58
34.37564852222155	1.58
27.937563655770376	1.58
16.670287510482005	1.58
6.348644820942237	1.58
35.54210346836575	1.58
28.13533195783093	1.58
16.726114816920248	1.58
4.984019076130197	1.58
32.81973587000037	1.58
20.510323665452614	1.58
5.739913444886472	1.58
7.416354217622894	1.58
27.23207315535718	1.58
18.57877846717581	1.58
6.084248172481965	1.58
7.621542217375348	1.58
30.724153047397273	1.58
21.27152922169405	1.58
6.709336389362633	1.58
7.621542217375348	1.58
46.25400648299713	1.58
31.6363244309913	1.58
5.804166556769944	1.58
7.621542217375348	1.58
46.25400648299713	1.58
22.1615293161147	1.58
5.804166556769944	1.58
5.294349484578323	1.58
41.57001271494597	1.58
22.1615293161147	1.58
5.804166556769944	1.58
5.294349484578323	1.58
39.6165633313576	1.58
23.260568956639137	1.58
12.202117719121063	1.58
2.435835889777719	1.58
39.6165633313576	1.58
23.260568956639137	1.58
11.919266257786251	1.58
2.435835889777719	1.58
40.50524503234271	1.58
27.336024026699924	1.58
8.297338043910594	1.58
2.435835889777719	1.58
27.870502292238122	1.58
27.336024026699924	1.58
8.297338043910594	1.58
12.944339573624475	1.58
35.18998358854755	1.58
28.315310749895573	1.58
7.902916186711448	1.58
16.801851760518748	1.58
28.317190490007363	1.58
28.315278161082738	1.58
15.12999997200577	1.58
17.779867746821687	1.58
28.316367232733242	1.58
28.314368053442532	1.58
3.8327755750284	1.58
17.758840778068524	1.58
28.316105205763506	1.58
32.93191111790901	1.58
3.8327755750284	1.58
9.852839970267944	1.58
26.688086998970654	1.58
37.26501961145478	1.58
14.365085103637036	1.58
9.852839970267944	1.58
23.74760537290353	1.58
29.73465454520072	1.58
12.39849170882293	1.58
9.852839970267944	1.58
20.303563139670604	1.58
28.252884495748066	1.58
11.489129254054108	1.58
9.852839970267944	1.58
20.303563139670604	1.58
32.55790245672675	1.58
11.540570822183636	1.58
9.852839970267944	1.58
17.835654534754667	1.58
27.16744570623755	1.58
11.080660003977547	1.58
9.02940257853076	1.58
15.781011135170303	1.58
21.241161330114505	1.58
12.446064107095928	1.58
9.02940257853076	1.58
17.6740990744915	1.58
22.93301210845967	1.58
8.502691427478076	1.58
9.129751798991506	1.58
26.28119473661699	1.58
21.891199061908367	1.58
8.502691427478076	1.58
9.451707561029561	1.58
29.74788567420495	1.58
18.563451149742466	1.58
7.820822411538718	1.58
9.388755434544576	1.58
29.74788567420495	1.58
22.80569027496523	1.58
6.634240129102764	1.58
11.949365146923713	1.58
19.410622257250992	1.58
17.46605088172143	1.58
6.634240129102764	1.58
11.949365146923713	1.58
19.29966310425115	1.58
18.159592268638388	1.58
6.634240129102764	1.58
7.702168223655709	1.58
20.395915858664413	1.58
25.22079574793652	1.58
6.634240129102764	1.58
7.470322915838272	1.58
22.76747294983638	1.58
20.536562714726116	1.58
6.634240129102764	1.58
6.630624399169012	1.58
23.79056713136497	1.58
17.763574145402796	1.58
6.6336893018360605	1.58
6.629682853971626	1.58
25.386448690340735	1.58
13.758671180300253	1.58
6.6336893018360605	1.58
10.133256924406606	1.58
28.99673157189374	1.58
15.17386511863438	1.58
6.6336893018360605	1.58
10.272091806672474	1.58
27.296332206955704	1.58
7.03732069343145	1.58
6.6336893018360605	1.58
10.599921611649897	1.58
21.035359288453563	1.58
4.995285528523615	1.58
4.88243539271332	1.58
10.924407506575852	1.58
17.82646325580496	1.58
0.8540518625317937	1.58
4.88243539271332	1.58
10.924407506575852	1.58
31.536362950565078	1.58
0.8540518625317937	1.58
5.520481205075768	1.58
10.924407506575852	1.58
43.53299836996291	1.58
14.697798540997777	1.58
5.520481205075768	1.58
12.909706484972439	1.58
34.11160888132588	1.58
12.22894805460346	1.58
4.519674025853021	1.58
12.909706484972439	1.58
32.34362249669128	1.58
12.350183613118764	1.58
5.633184446910672	1.58
18.426674125117348	1.58
26.34176203537991	1.58
13.413362223010232	1.58
5.633184446910672	1.58
23.245880008754526	1.58
36.71607776882689	1.58
7.10131863866787	1.58
5.633184446910672	1.58
20.789502842554885	1.58
23.62806278753358	1.58
7.682387701476962	1.58
5.633184446910672	1.58
17.158905361375158	1.58
30.888477786687094	1.58
7.682387701476962	1.58
5.633184446910672	1.58
15.26009021467884	1.58
32.9827508539218	1.58
6.992291084392203	1.58
13.606142410169678	1.58
15.26009021467884	1.58
34.10840146902767	1.58
14.583509785393364	1.58
13.606142410169678	1.58
15.120849189007934	1.58
27.08412768349583	1.58
17.768202579892964	1.58
14.020423443070877	1.58
14.167587555198935	1.58
24.877508023134368	1.58
10.94852284620173	1.58
12.176774527257193	1.58
16.342945896127873	1.58
22.078281721806892	1.58
10.94852284620173	1.58
8.338851238243219	1.58
17.33679138402627	1.58
23.542141705070165	1.58
10.94852284620173	1.58
8.194222737746019	1.58
14.80857260462738	1.58
26.25984316769602	1.58
13.682057227936205	1.58
7.054265923607312	1.58
14.95089527464936	1.58
26.25984316769602	1.58
13.682057227936205	1.58
7.054265923607312	1.58
14.973584806461831	1.58
33.811466875062024	1.58
2.349333626827587	1.58
7.054265923607312	1.58
17.166718779682842	1.58
32.02589653918979	1.58
2.349333626827587	1.58
7.054265923607312	1.58
18.746157317927597	1.58
32.02589653918979	1.58
2.349333626827587	1.58
7.054265923607312	1.58
25.415821045424615	1.58
32.02589653918979	1.58
2.349333626827587	1.58
7.054265923607312	1.58
26.19287092909159	1.58
36.17019376075763	1.58
2.349333626827587	1.58
7.054265923607312	1.58
26.19287092909159	1.58
43.82267432787606	1.58
5.097199517824613	1.58
7.054265923607312	1.58
32.394969935782264	1.58
43.82267432787606	1.58
5.097199517824613	1.58
16.733101133644013	1.58
32.394969935782264	1.58
43.82267432787606	1.58
8.30499162881253	1.58
16.733101133644013	1.58
35.30301501574063	1.58
37.41113602150639	1.58
8.30499162881253	1.58
16.733101133644013	1.58
29.889692598779007	1.58
45.140269199939105	1.58
25.289988167554668	1.58
16.733101133644013	1.58
31.095285754569275	1.58
45.140269199939105	1.58
25.289988167554668	1.58
25.856971702802344	1.58
32.98452870105277	1.58
40.29162578976488	1.58
25.289988167554668	1.58
11.716542943299928	1.58
38.57732317068984	1.58
36.95439608522227	1.58
25.289988167554668	1.58
16.43569474304653	1.58
32.00826554584314	1.58
36.95439608522227	1.58
24.715780883484953	1.58
24.882333838785286	1.58
36.286444299663444	1.58
34.83578859867275	1.58
25.16053200330819	1.58
19.283363202090595	1.58
49.53441783331566	1.58
31.10809486530875	1.58
22.766596102428956	1.58
19.283363202090595	1.58
37.71018652299222	1.58
30.356392255537997	1.58
23.013027499871065	1.58
21.868683984699175	1.58
30.36673973705851	1.58
26.71537247465561	1.58
24.08536717330933	1.58
19.070896166604605	1.58
36.20801679675697	1.58
27.246222400041468	1.58
25.0380959712712	1.58
22.451484182143272	1.58
37.85592806816213	1.58
31.053090717540506	1.58
19.574190384863574	1.58
21.085769828065327	1.58
34.15678391001903	1.58
36.360961729539234	1.58
6.846357196104101	1.58
8.600874989935711	1.58
23.497303366461107	1.58
34.92929713108707	1.58
6.846357196104101	1.58
8.757190697015492	1.58
23.813753294213356	1.58
33.53452063655033	1.58
15.410838580254879	1.58
8.757190697015492	1.58
31.01301881421667	1.58
33.44450939770868	1.58
8.761761955888833	1.58
17.10342153136568	1.58
24.509790837875084	1.58
28.102624289442566	1.58
8.761761955888833	1.58
16.3868130600608	1.58
24.509790837875084	1.58
29.650485801573822	1.58
6.854862302324854	1.58
5.86171218241638	1.58
21.83866345198324	1.58
30.652038889653262	1.58
12.359685360495028	1.58
5.86171218241638	1.58
29.50930375117149	1.58
30.652038889653262	1.58
12.359685360495028	1.58
9.03611673921952	1.58
25.15474404372702	1.58
25.57727641567821	1.58
18.90560912209161	1.58
9.03611673921952	1.58
30.4057536320787	1.58
32.45175426494815	1.58
12.115057314546299	1.58
9.03611673921952	1.58
36.668026673919414	1.58
44.568384044162336	1.58
12.115057314546299	1.58
9.03611673921952	1.58
27.767378227408017	1.58
44.568384044162336	1.58
12.115057314546299	1.58
3.920696131545782	1.58
21.347156182414217	1.58
44.25729203191583	1.58
16.83906214468193	1.58
21.924749753010673	1.58
25.31922531756937	1.58
56.81667539471073	1.58
25.104031603065096	1.58
22.54853518943187	1.58
25.016573208040697	1.58
55.98662492808187	1.58
25.116705788972347	1.58
20.155032074409533	1.58
25.015533561265137	1.58
61.52675414851648	1.58
25.144269824939453	1.58
20.155032074409533	1.58
25.926785023409707	1.58
61.52675414851648	1.58
25.340009703673527	1.58
20.155032074409533	1.58
26.47516318628004	1.58
61.52675414851648	1.58
24.532175185001684	1.58
21.231187949089986	1.58
28.272561661311506	1.58
61.52675414851648	1.58
24.532175185001684	1.58
19.201317919908234	1.58
31.124466110974467	1.58
61.52675414851648	1.58
3.9827630689628535	1.58
14.5871708855342	1.58
31.849402015476176	1.58
43.59188152424719	1.58
22.339626859813336	1.58
12.6088032049486	1.58
48.114741760307375	1.58
47.7478466213118	1.58
21.935418429331147	1.58
16.658821066795337	1.58
49.94977163053831	1.58
47.7478466213118	1.58
21.935418429331147	1.58
16.658821066795337	1.58
56.890050090143376	1.58
47.7478466213118	1.58
19.557546242650357	1.58
29.799288539843435	1.58
53.42753793370502	1.58
50.51630900573737	1.58
8.112943813144156	1.58
29.799288539843435	1.58
53.358024443740426	1.58
47.03516424884339	1.58
8.112943813144156	1.58
32.309316078231205	1.58
53.358024443740426	1.58
47.03516424884339	1.58
26.52049120364256	1.58
30.215600392391107	1.58
53.358024443740426	1.58
40.39603962737958	1.58
25.2427372397037	1.58
34.996926668643	1.58
44.80639125097363	1.58
36.18456867975102	1.58
25.2427372397037	1.58
34.42327901213885	1.58
42.15124768608981	1.58
36.17410744710262	1.58
22.01318450996521	1.58
33.99118027487323	1.58
41.099288851504156	1.58
36.078667145210595	1.58
8.113110845361383	1.58
33.66972540249965	1.58
38.124200333536706	1.58
36.078667145210595	1.58
8.113110845361383	1.58
33.465943681068964	1.58
38.124200333536706	1.58
35.702388324630626	1.58
8.113110845361383	1.58
33.465943681068964	1.58
41.371138022675254	1.58
37.023611162631056	1.58
8.113110845361383	1.58
34.729724074575856	1.58
41.08452822710216	1.58
37.65236529363724	1.58
8.113110845361383	1.58
32.50675413486052	1.58
39.75972829427506	1.58
58.56461603344204	1.58
6.547735557635335	1.58
36.380805852927	1.58
38.55590447833353	1.58
48.93655968614285	1.58
18.82660884534032	1.58
36.673510220091366	1.58
38.408377174455026	1.58
45.824879670047025	1.58
11.18288292855248	1.58
35.18134996619425	1.58
37.634410388606575	1.58
45.55365317663802	1.58
18.33537813724145	1.58
33.12555387046216	1.58
37.634410388606575	1.58
42.35582196020901	1.58
18.33537813724145	1.58
35.31850072911855	1.58
36.87179641278293	1.58
35.575897611506804	1.58
18.33537813724145	1.58
35.31850072911855	1.58
36.11012952101195	1.58
29.304707738475596	1.58
19.816189400004415	1.58
35.05107817153202	1.58
36.35695084476634	1.58
28.573199735209457	1.58
20.348237424369934	1.58
35.05107817153202	1.58
33.893145755280685	1.58
27.341444134198223	1.58
16.936228405397614	1.58
35.76182309385899	1.58
34.57103152589187	1.58
28.292434317403895	1.58
16.936228405397614	1.58
36.210961601589105	1.58
32.68568329170538	1.58
27.053852343005794	1.58
9.098300257853804	1.58
34.54455305884882	1.58
22.260925699735502	1.58
23.815443167340042	1.58
14.09214371169636	1.58
38.35224283094594	1.58
16.21205291481938	1.58
25.822643713697467	1.58
9.361850716845083	1.58
37.33485584604693	1.58
18.003866135652352	1.58
25.568040722812633	1.58
7.4495542173623335	1.58
33.92857371050741	1.58
7.060145601808131	1.58
27.093177131267506	1.58
7.72634622402162	1.58
32.13206223767917	1.58
7.060145601808131	1.58
25.453398379543017	1.58
7.783529325370737	1.58
34.33866812916233	1.58
6.994122393344752	1.58
24.397860851622713	1.58
8.563532560221317	1.58
34.33866812916233	1.58
6.278740402382473	1.58
24.397860851622713	1.58
8.563532560221317	1.58
32.18228708300767	1.58
17.157181758427175	1.58
25.556716516211043	1.58
10.09848859114316	1.58
32.18228708300767	1.58
18.672180422834117	1.58
25.556716516211043	1.58
8.629137345992529	1.58
34.022710447458344	1.58
18.672180422834117	1.58
28.469439671113847	1.58
8.629137345992529	1.58
34.022710447458344	1.58
18.672180422834117	1.58
21.391413191184576	1.58
8.330217842260177	1.58
43.02688243530102	1.58
18.672180422834117	1.58
16.43449429197759	1.58
8.330217842260177	1.58
43.02688243530102	1.58
20.723155716970346	1.58
22.643627111222912	1.58
14.183601737376021	1.58
36.39925595042213	1.58
20.723155716970346	1.58
23.42983956577419	1.58
11.6744944882975	1.58
36.39925595042213	1.58
20.723155716970346	1.58
26.985168285549236	1.58
8.936251170526925	1.58
36.39925595042213	1.58
12.422227081053336	1.58
24.478191937197153	1.58
8.936251170526925	1.58
36.39925595042213	1.58
12.422227081053336	1.58
24.856137793015243	1.58
8.936251170526925	1.58
41.210756393504845	1.58
12.422227081053336	1.58
11.022628747893446	1.58
6.222593538134905	1.58
41.210756393504845	1.58
20.13605650160323	1.58
12.910240937926446	1.58
8.112017787941145	1.58
41.57516821209178	1.58
14.977676005150911	1.58
22.664383141285445	1.58
12.01577267210309	1.58
41.57516821209178	1.58
16.77366898553207	1.58
25.553088328940163	1.58
13.568567811462275	1.58
49.55626788231267	1.58
17.353855231177356	1.58
7.506116003133123	1.58
15.92978243741707	1.58
49.55626788231267	1.58
18.420318494483563	1.58
7.506116003133123	1.58
17.112952000693173	1.58
46.33540298198977	1.58
18.420318494483563	1.58
10.644986562975802	1.58
17.112952000693173	1.58
46.33540298198977	1.58
19.13663810739292	1.58
10.644986562975802	1.58
16.066709401101757	1.58
33.69609302153624	1.58
20.91524760843541	1.58
6.0301170112436004	1.58
12.879097290443237	1.58
30.250471877028456	1.58
17.54841362277137	1.58
11.043063673091968	1.58
12.0754244825689	1.58
25.731201248751166	1.58
13.72951756451902	1.58
4.887716897474721	1.58
12.384540571378748	1.58
33.995443998713235	1.58
13.72951756451902	1.58
4.887716897474721	1.58
12.822289529910538	1.58
33.995443998713235	1.58
13.29126889742819	1.58
18.750632751820856	1.58
6.919800527286705	1.58
41.950570252811865	1.58
25.42631739129333	1.58
9.526180785819214	1.58
6.919800527286705	1.58
41.950570252811865	1.58
32.10452487020961	1.58
9.526180785819214	1.58
6.919800527286705	1.58
45.69709415554813	1.58
32.10452487020961	1.58
19.928108222563385	1.58
10.898300785300101	1.58
49.2546181828192	1.58
32.10452487020961	1.58
16.578702405553415	1.58
7.614850172919308	1.58
40.993977339114196	1.58
32.10452487020961	1.58
16.578702405553415	1.58
7.614850172919308	1.58
43.522244456125314	1.58
39.996078647771014	1.58
17.032430349272808	1.58
7.614850172919308	1.58
39.745720168020604	1.58
39.996078647771014	1.58
17.032430349272808	1.58
7.614850172919308	1.58
39.745720168020604	1.58
39.912806589092625	1.58
25.161312276005326	1.58
20.991120074243174	1.58
39.791497461755434	1.58
53.88117271146169	1.58
19.254594778259513	1.58
20.905420350967354	1.58
39.791497461755434	1.58
55.5798568453772	1.58
13.285001611944377	1.58
23.269424489238816	1.58
39.791497461755434	1.58
62.31780640558452	1.58
9.404214364198184	1.58
27.324419792854847	1.58
30.569640133561286	1.58
46.990155772599294	1.58
9.404214364198184	1.58
31.27579294946046	1.58
38.75313872866734	1.58
46.650143633403786	1.58
22.88378785795119	1.58
22.39861572465186	1.58
40.61338953010012	1.58
45.43589295895773	1.58
22.831747514951957	1.58
22.39861572465186	1.58
44.91107721024683	1.58
45.468341106746806	1.58
22.797119857284493	1.58
14.392910195498732	1.58
44.36059515261776	1.58
45.827967378214225	1.58
26.779125528263165	1.58
14.392910195498732	1.58
44.36059515261776	1.58
45.827967378214225	1.58
27.28030110910201	1.58
14.392910195498732	1.58
44.35546694298265	1.58
46.51605811525951	1.58
25.84632854876059	1.58
20.84674678033685	1.58
43.6593434361785	1.58
46.51605811525951	1.58
29.288695455763577	1.58
8.509498052390661	1.58
41.89303853367211	1.58
48.05704983400537	1.58
29.288695455763577	1.58
10.119034050669914	1.58
44.562090483945866	1.58
39.93513710797828	1.58
37.091713691530636	1.58
10.119034050669914	1.58
45.008118188757166	1.58
42.25915279193327	1.58
37.24085515304754	1.58
10.119034050669914	1.58
44.98952667577736	1.58
42.25915279193327	1.58
37.24085515304754	1.58
11.187491059467995	1.58
44.98952667577736	1.58
42.8787587934236	1.58
36.76497369308835	1.58
10.62066307713583	1.58
41.17134705111436	1.58
43.05919052501245	1.58
26.550430552068917	1.58
10.62066307713583	1.58
41.17134705111436	1.58
42.24329561622481	1.58
18.743293416964217	1.58
10.62066307713583	1.58
40.99971350296537	1.58
42.7201617741711	1.58
15.379074618797372	1.58
16.523045749031994	1.58
33.69163302944023	1.58
42.7201617741711	1.58
19.323274382633393	1.58
16.523045749031994	1.58
33.69163302944023	1.58
42.7201617741711	1.58
13.805837509671658	1.58
17.991459708942827	1.58
39.50977883947169	1.58
45.14088536276954	1.58
13.966950130409447	1.58
17.991459708942827	1.58
39.50977883947169	1.58
39.01648438794166	1.58
10.767266436636127	1.58
16.627379794015425	1.58
39.96255012018278	1.58
39.01648438794166	1.58
8.875351188499653	1.58
16.627379794015425	1.58
48.45470555952832	1.58
38.01165897112091	1.58
8.875351188499653	1.58
16.1833226124798	1.58
34.079839872094254	1.58
36.42090822565003	1.58
8.875351188499653	1.58
13.830388702472796	1.58
21.888119895742236	1.58
32.61770187944839	1.58
8.875351188499653	1.58
18.08994389958376	1.58
30.945076840999164	1.58
41.70452350629994	1.58
5.5903191936790115	1.58
18.08994389958376	1.58
34.588807072541215	1.58
40.6827196356559	1.58
17.00190252286211	1.58
18.048802116792228	1.58
32.194750418847754	1.58
46.85533203462646	1.58
17.25192688544056	1.58
18.52965167939464	1.58
30.433888385743778	1.58
53.593520817134376	1.58
18.400597880378047	1.58
18.651206474736114	1.58
37.494840277449455	1.58
63.28128063613116	1.58
20.537205013492844	1.58
18.651206474736114	1.58
35.70805081685695	1.58
63.28128063613116	1.58
26.605239939014854	1.58
16.613142967218856	1.58
36.262119211293445	1.58
63.28128063613116	1.58
28.35514400266551	1.58
10.157611995528228	1.58
36.262119211293445	1.58
63.27993519732546	1.58
23.583837248684993	1.58
10.157611995528228	1.58
43.65152524409615	1.58
63.27993519732546	1.58
9.59774617414935	1.58
10.553467845066502	1.58
43.65152524409615	1.58
63.27993519732546	1.58
9.110089573360309	1.58
11.588538784686538	1.58
43.65152524409615	1.58
38.502072812872505	1.58
6.963230549479611	1.58
11.588538784686538	1.58
48.214807423058474	1.58
37.759284600480676	1.58
4.416463282953372	1.58
11.588538784686538	1.58
48.214807423058474	1.58
37.759284600480676	1.58
4.416463282953372	1.58
11.588538784686538	1.58
48.214807423058474	1.58
30.75689203328302	1.58
4.416463282953372	1.58
15.006666814681534	1.58
42.63281472114362	1.58
24.630119929824108	1.58
4.416463282953372	1.58
10.705599321154706	1.58
42.63281472114362	1.58
28.446366398031167	1.58
3.4626089891517537	1.58
11.613135776717687	1.58
26.94772255315587	1.58
27.831553302188965	1.58
3.4626089891517537	1.58
9.755350752302265	1.58
26.94772255315587	1.58
28.60224515662729	1.58
3.4626089891517537	1.58
9.334287456187743	1.58
26.94772255315587	1.58
29.023793671902098	1.58
3.4626089891517537	1.58
9.334287456187743	1.58
27.219440516789494	1.58
29.61706988132262	1.58
1.8360663094849077	1.58
9.198792665348286	1.58
27.279798284496366	1.58
29.75763602218425	1.58
4.329717081611676	1.58
9.298596382634582	1.58
27.279798284496366	1.58
29.75763602218425	1.58
4.329717081611676	1.58
11.331134446566729	1.58
33.36953974379402	1.58
30.582375317419	1.58
4.329717081611676	1.58
14.186403547283138	1.58
32.047504583486166	1.58
46.73604631499373	1.58
4.329717081611676	1.58
9.31256303906342	1.58
35.02439615442237	1.58
50.00218205838655	1.58
3.1199826932452375	1.58
9.308041352987576	1.58
38.97601793894583	1.58
31.21437708138666	1.58
3.4066682680525444	1.58
19.6341556516349	1.58
37.921405943613	1.58
26.02117379541782	1.58
6.882676744933814	1.58
19.6341556516349	1.58
37.921405943613	1.58
19.01713589938131	1.58
6.882676744933814	1.58
25.720904363886714	1.58
37.921405943613	1.58
18.51279770179738	1.58
6.882676744933814	1.58
32.14794183265764	1.58
32.739143231445595	1.58
13.87559851385516	1.58
0.709186012796053	1.58
32.14794183265764	1.58
41.06349087697323	1.58
15.033121523098142	1.58
14.299160440963039	1.58
24.86672355495141	1.58
44.69148001665512	1.58
15.033121523098142	1.58
10.479961078145436	1.58
31.718775956947347	1.58
44.69148001665512	1.58
15.033121523098142	1.58
17.48454279933722	1.58
31.77281999452988	1.58
44.69148001665512	1.58
20.54404776813014	1.58
22.161260626989268	1.58
29.82178842733103	1.58
46.0912791008141	1.58
26.89506275123344	1.58
22.161260626989268	1.58
33.74375728458128	1.58
46.0912791008141	1.58
20.631657715424826	1.58
22.161260626989268	1.58
34.19742055022469	1.58
47.71142646654659	1.58
6.18534799486163	1.58
23.21284390295133	1.58
30.18161930528929	1.58
43.26631965379495	1.58
6.18534799486163	1.58
16.372961676356176	1.58
27.884561067752987	1.58
49.47933916821776	1.58
6.18534799486163	1.58
16.372961676356176	1.58
27.884561067752987	1.58
49.47933916821776	1.58
6.18534799486163	1.58
14.169223447124812	1.58
33.00114921139534	1.58
50.63283283662433	1.58
9.153129871767693	1.58
17.794233052622893	1.58
33.00114921139534	1.58
38.315925016740934	1.58
9.153129871767693	1.58
18.27903515094028	1.58
27.00573703529217	1.58
38.315925016740934	1.58
13.55617174571449	1.58
21.624555585065764	1.58
26.83452889509445	1.58
30.094531166572764	1.58
13.55617174571449	1.58
24.985157984773984	1.58
26.83452889509445	1.58
30.094531166572764	1.58
1.9426242736801846	1.58
23.12027083603256	1.58
29.296803377948212	1.58
33.92556623666131	1.58
1.9426242736801846	1.58
23.12027083603256	1.58
26.650100073189204	1.58
34.854175549364314	1.58
1.9426242736801846	1.58
23.72376022961741	1.58
28.216971444460796	1.58
34.854175549364314	1.58
9.066248017032787	1.58
17.8796622580982	1.58
28.216971444460796	1.58
27.643391576206902	1.58
15.635397672107334	1.58
14.933476487709779	1.58
27.60928198629829	1.58
34.331756497518846	1.58
15.635397672107334	1.58
13.340484893184357	1.58
27.176581550497907	1.58
43.095740359509385	1.58
15.635397672107334	1.58
17.521794581066246	1.58
36.675105594430164	1.58
47.59948129265662	1.58
20.74891533408984	1.58
18.286983883041014	1.58
33.846930144341606	1.58
47.59948129265662	1.58
20.74891533408984	1.58
14.197994696402525	1.58
28.77956767870767	1.58
36.36975025609629	1.58
19.785907542732073	1.58
14.197994696402525	1.58
26.646120508976985	1.58
35.290619876151844	1.58
14.703260863201308	1.58
11.571913976011437	1.58
29.646886310806146	1.58
25.646718835557003	1.58
7.937748486959723	1.58
8.554397248298233	1.58
25.484100406461323	1.58
29.585075695263953	1.58
8.294033739434898	1.58
7.731937156756587	1.58
25.484100406461323	1.58
21.449204341375314	1.58
9.323661596558562	1.58
7.731937156756587	1.58
21.267955648388405	1.58
22.970200752567962	1.58
12.556786506908207	1.58
6.653740660877464	1.58
20.817345602655244	1.58
22.970200752567962	1.58
6.088164555737016	1.58
6.653740660877464	1.58
21.135007809952675	1.58
25.18656882289818	1.58
6.088164555737016	1.58
6.653740660877464	1.58
21.135007809952675	1.58
25.18656882289818	1.58
6.088164555737016	1.58
6.653740660877464	1.58
21.085457258143556	1.58
36.868078272050326	1.58
10.841155082198103	1.58
13.221713888771369	1.58
26.204657931238444	1.58
35.929427651110935	1.58
10.841155082198103	1.58
20.510355759711715	1.58
20.417085944520263	1.58
35.929427651110935	1.58
11.852892459361739	1.58
26.637181878535543	1.58
15.759581336577225	1.58
40.51161551681116	1.58
8.431443908832847	1.58
24.19245651198943	1.58
15.759581336577225	1.58
36.68448417666882	1.58
8.431443908832847	1.58
14.694800293954842	1.58
16.64326475790498	1.58
36.68448417666882	1.58
8.431443908832847	1.58
13.722337117578904	1.58
23.227434415906707	1.58
36.68448417666882	1.58
4.586134525385106	1.58
6.78464482245451	1.58
19.120394360037768	1.58
34.05214793259621	1.58
4.586134525385106	1.58
6.78464482245451	1.58
19.120394360037768	1.58
34.05214793259621	1.58
9.63886565183235	1.58
6.78464482245451	1.58
24.898615086777035	1.58
26.83435538045326	1.58
9.63886565183235	1.58
6.78464482245451	1.58
41.267794904970756	1.58
20.72493728428257	1.58
12.43553898074968	1.58
17.258766712336932	1.58
46.09109832801363	1.58
19.705546600299876	1.58
15.962650072940004	1.58
17.258766712336932	1.58
33.64801603300624	1.58
18.728969111030086	1.58
15.962650072940004	1.58
17.258766712336932	1.58
30.47895414554511	1.58
18.000650256936606	1.58
14.022400779804993	1.58
18.797706253655285	1.58
31.93789102138901	1.58
17.41336347384651	1.58
14.022400779804993	1.58
18.721147902059613	1.58
27.583133510548887	1.58
18.7492497569664	1.58
15.479546990690558	1.58
18.70778859224705	1.58
30.37295984527651	1.58
18.790576979041525	1.58
15.479546990690558	1.58
18.734996230115456	1.58
30.530030049108348	1.58
19.08262421202874	1.58
15.479546990690558	1.58
18.641381712470494	1.58
23.43052897237491	1.58
19.171047704075697	1.58
14.321898161063233	1.58
18.680317031337577	1.58
27.04726701422691	1.58
19.716129897798556	1.58
14.321898161063233	1.58
18.680317031337577	1.58
34.36247229846792	1.58
20.095900897902563	1.58
12.045169801196085	1.58
24.57733448808416	1.58
25.722671130032694	1.58
18.084161643200943	1.58
13.131567836784999	1.58
24.593340467097224	1.58
25.914621938516042	1.58
18.084161643200943	1.58
18.36553687909334	1.58
26.01472140698751	1.58
31.54335440597743	1.58
18.17807134476673	1.58
15.173491376486542	1.58
31.644384637653587	1.58
31.44500871342554	1.58
18.51535295564262	1.58
13.144110685845348	1.58
31.644384637653587	1.58
36.48689716998315	1.58
23.70255864669004	1.58
11.743413953210222	1.58
30.934195537087952	1.58
29.388522831318557	1.58
21.485907295072884	1.58
6.619091627504753	1.58
28.49758069753544	1.58
30.276211483780024	1.58
21.485907295072884	1.58
6.619091627504753	1.58
30.819738361102182	1.58
30.276211483780024	1.58
16.934740491270407	1.58
6.619091627504753	1.58
30.681450964095333	1.58
23.83855735089862	1.58
14.877569712226606	1.58
6.619091627504753	1.58
30.681450964095333	1.58
23.61326068163808	1.58
14.877569712226606	1.58
10.646870054347838	1.58
38.21164479407423	1.58
30.8123221970367	1.58
9.853921638616978	1.58
10.611862097126103	1.58
38.21164479407423	1.58
32.780341933338164	1.58
18.52358193234125	1.58
10.611862097126103	1.58
38.975936037568914	1.58
32.780341933338164	1.58
17.963776526556348	1.58
9.042266107418701	1.58
38.723553249509585	1.58
27.155158311603813	1.58
10.435040452824222	1.58
9.042266107418701	1.58
29.059352756545433	1.58
25.866421156500888	1.58
11.881009227911541	1.58
9.042266107418701	1.58
28.51552175267609	1.58
21.313719960942617	1.58
11.881009227911541	1.58
11.009409806927616	1.58
27.427710790346453	1.58
21.313719960942617	1.58
11.881009227911541	1.58
11.009409806927616	1.58
31.622445671759476	1.58
14.994230124417445	1.58
15.055957950616278	1.58
9.216509156237054	1.58
31.622445671759476	1.58
14.994230124417445	1.58
15.055957950616278	1.58
11.878716514871396	1.58
36.484741017146874	1.58
14.994230124417445	1.58
15.055957950616278	1.58
12.394717720807147	1.58
36.484741017146874	1.58
13.589232860173386	1.58
17.460783062107165	1.58
11.794480611223166	1.58
26.172178522975848	1.58
6.216894872367668	1.58
13.318291533354786	1.58
11.374517186555469	1.58
26.172178522975848	1.58
8.359886906358007	1.58
14.592648085863713	1.58
11.779535130641953	1.58
32.5041398985406	1.58
6.335009163973297	1.58
17.010687420281172	1.58
15.779461952182281	1.58
25.948338225156537	1.58
10.49530736371385	1.58
20.72463070493572	1.58
18.43906426812734	1.58
38.99527023772814	1.58
10.678465222977781	1.58
24.951075404315503	1.58
12.286880093360553	1.58
34.56702046161428	1.58
10.678465222977781	1.58
27.107237356258192	1.58
12.286880093360553	1.58
38.33303084210355	1.58
10.678465222977781	1.58
29.852550904481447	1.58
11.817514692032688	1.58
28.507128053270247	1.58
10.465386104226283	1.58
30.936749179839865	1.58
12.830665877720783	1.58
34.96537471060212	1.58
9.209981051859684	1.58
32.763985850730904	1.58
8.43808711346512	1.58
23.279107844622608	1.58
7.082805106185752	1.58
39.96584522200145	1.58
8.712742326580523	1.58
21.744433827471628	1.58
5.725494378439065	1.58
30.857043807333852	1.58
8.747707776951811	1.58
26.309976116764144	1.58
4.937241544184754	1.58
27.420593562983008	1.58
8.747707776951811	1.58
46.16864452378812	1.58
4.937241544184754	1.58
31.596976244778517	1.58
10.698288335304673	1.58
36.98896330506382	1.58
4.429722499570558	1.58
28.10264988085069	1.58
8.817651922567311	1.58
38.59723256775787	1.58
2.751802742250171	1.58
18.840147470364297	1.58
6.181247491450369	1.58
40.1994305309228	1.58
1.3948940128344347	1.58
18.840147470364297	1.58
6.181247491450369	1.58
40.1994305309228	1.58
13.256767443551542	1.58
25.908060683322333	1.58
6.181247491450369	1.58
33.539440975703414	1.58
13.256767443551542	1.58
26.556096991200782	1.58
6.045978992079365	1.58
32.349246570308864	1.58
14.00153511260116	1.58
23.077577353956762	1.58
1.472840583764075	1.58
24.966360630493906	1.58
11.618476090193951	1.58
20.302424267145877	1.58
2.9440126700912685	1.58
24.966360630493906	1.58
16.619816588175567	1.58
18.246127049100537	1.58
2.9440126700912685	1.58
33.2865046005094	1.58
22.31540098417186	1.58
18.246127049100537	1.58
2.9440126700912685	1.58
43.05301934661345	1.58
11.696878506640065	1.58
9.578568225426551	1.58
2.9440126700912685	1.58
43.05301934661345	1.58
12.574887963727846	1.58
18.445261119565874	1.58
2.9440126700912685	1.58
38.29405961915812	1.58
12.574887963727846	1.58
18.445261119565874	1.58
3.3268695374930957	1.58
31.80913792469354	1.58
12.574887963727846	1.58
15.67460939847864	1.58
3.3268695374930957	1.58
27.55078402997292	1.58
8.404505049172128	1.58
11.181561975263694	1.58
3.3268695374930957	1.58
19.296150914951003	1.58
8.024612891765473	1.58
10.058244539459917	1.58
3.5846027337194952	1.58
19.296150914951003	1.58
8.024612891765473	1.58
14.017167634692509	1.58
5.41397380593318	1.58
19.296150914951003	1.58
8.25583223236416	1.58
16.002020318486405	1.58
5.419152838214311	1.58
18.566060455340065	1.58
11.422461196251948	1.58
13.53558564477446	1.58
4.426705993748751	1.58
18.023167672183465	1.58
13.258144992764567	1.58
13.53558564477446	1.58
5.378310256803274	1.58
20.316272799602512	1.58
14.682951888148342	1.58
19.041407276129632	1.58
9.523201483920273	1.58
21.068960423963354	1.58
17.73057863226633	1.58
19.58608078954705	1.58
9.523201483920273	1.58
22.509084829369325	1.58
24.329810939016173	1.58
18.945955159244075	1.58
14.370794623884992	1.58
21.371638563466053	1.58
26.979629233336794	1.58
19.374882800169924	1.58
6.001420867184265	1.58
21.371638563466053	1.58
26.979629233336794	1.58
19.371413087846964	1.58
7.80509342938792	1.58
21.155090545051557	1.58
27.89671091287157	1.58
17.876353960457212	1.58
7.80509342938792	1.58
23.369138782280395	1.58
27.680610731302245	1.58
16.338077457876153	1.58
7.80509342938792	1.58
27.986582516285004	1.58
19.422089756116762	1.58
15.392669323989956	1.58
12.288617364418759	1.58
29.376591992487448	1.58
21.92471594447472	1.58
17.32194863980605	1.58
10.89336682306202	1.58
33.85904991404222	1.58
17.925214346001	1.58
17.32194863980605	1.58
10.226203708497893	1.58
37.00546313252959	1.58
18.307013405055443	1.58
15.472232688882254	1.58
8.736996816572987	1.58
40.49547982678527	1.58
20.440577377764967	1.58
14.17037469710945	1.58
8.736996816572987	1.58
40.49547982678527	1.58
16.094199099562736	1.58
21.25453604726468	1.58
6.149217129424851	1.58
37.35730913803659	1.58
14.587147269976967	1.58
24.967824568204342	1.58
11.628543181635639	1.58
28.44832468220266	1.58
16.652969466500473	1.58
24.967824568204342	1.58
9.320800586410451	1.58
31.382328392973065	1.58
16.359194248045252	1.58
24.8140248581048	1.58
5.288532280648942	1.58
32.94344893934148	1.58
11.652850417489166	1.58
19.698377354222526	1.58
9.166111847725963	1.58
24.00353628156359	1.58
11.652850417489166	1.58
30.156121115863442	1.58
9.860428831737186	1.58
20.43990910902664	1.58
8.648475541017598	1.58
34.88761034741909	1.58
10.535067313491162	1.58
22.468576617600007	1.58
8.648475541017598	1.58
42.028016333456556	1.58
10.535067313491162	1.58
18.42873628568089	1.58
1.732015485645583	1.58
42.028016333456556	1.58
8.061382808444552	1.58
18.42873628568089	1.58
1.732015485645583	1.58
49.627667643186086	1.58
6.493453856007004	1.58
17.584231144636895	1.58
0.8027282107218809	1.58
49.627667643186086	1.58
10.217479287564363	1.58
12.36671581686296	1.58
0.8027282107218809	1.58
35.3700428207102	1.58
12.434767241196624	1.58
12.36671581686296	1.58
5.727386069444767	1.58
35.3700428207102	1.58
11.463745846408443	1.58
12.36671581686296	1.58
5.727386069444767	1.58
35.3700428207102	1.58
11.463745846408443	1.58
14.859384836714735	1.58
6.93635589018231	1.58
28.79354992710458	1.58
11.463745846408443	1.58
12.799731714106455	1.58
7.622965878547142	1.58
30.195124357651366	1.58
17.342089017310727	1.58
11.880918906813118	1.58
9.07437456004922	1.58
31.902187937457732	1.58
25.157967341156592	1.58
13.290571548864605	1.58
9.07437456004922	1.58
33.76517617038212	1.58
26.784162313029693	1.58
15.573462265128576	1.58
9.07437456004922	1.58
36.02144579200083	1.58
30.608065536332976	1.58
15.573462265128576	1.58
7.208363168128738	1.58
36.02144579200083	1.58
27.10186717538913	1.58
15.573462265128576	1.58
16.290505063173562	1.58
35.11280454587927	1.58
27.10186717538913	1.58
15.5111315367024	1.58
16.290505063173562	1.58
35.11280454587927	1.58
27.89363323459283	1.58
15.20800653035871	1.58
16.033395946304733	1.58
35.795021798907115	1.58
27.962774340232034	1.58
12.345470145232472	1.58
16.033395946304733	1.58
35.795021798907115	1.58
27.962774340232034	1.58
14.033617756430866	1.58
16.523335846323786	1.58
38.62830910414231	1.58
26.79104471248391	1.58
26.153740409814663	1.58
9.30658704562191	1.58
40.293768965303784	1.58
36.434103953418436	1.58
37.57504360706728	1.58
18.90182078565083	1.58
41.26191728069913	1.58
30.440554183146073	1.58
36.39637585522938	1.58
2.7335845579161386	1.58
38.86495973961588	1.58
35.15137662438989	1.58
20.513319819707434	1.58
2.7335845579161386	1.58
39.480534351735194	1.58
35.15137662438989	1.58
19.677465196396415	1.58
2.7335845579161386	1.58
39.94594962722642	1.58
35.15137662438989	1.58
5.590069831370855	1.58
4.114651547536219	1.58
32.83810160740367	1.58
21.86726513688194	1.58
5.265899055860646	1.58
3.1331959550117383	1.58
21.164415970572538	1.58
21.86726513688194	1.58
5.265899055860646	1.58
2.3038853592330235	1.58
21.105340647807196	1.58
22.05368886116416	1.58
4.698660624355103	1.58
2.3038853592330235	1.58
25.372764845876574	1.58
20.384495628018524	1.58
6.331886606236763	1.58
2.3038853592330235	1.58
26.579538352562047	1.58
20.384495628018524	1.58
6.808074201297586	1.58
1.7427567699706659	1.58
28.363887807183552	1.58
21.642699090792263	1.58
9.857601767207857	1.58
1.7427567699706659	1.58
25.095380278463146	1.58
21.642699090792263	1.58
9.857601767207857	1.58
5.031972822431969	1.58
25.6436818635506	1.58
21.7491584444611	1.58
9.857601767207857	1.58
5.031972822431969	1.58
22.823625007534023	1.58
21.614090513509993	1.58
9.857601767207857	1.58
3.2804337298133435	1.58
22.823625007534023	1.58
20.617731008831495	1.58
9.857601767207857	1.58
3.2804337298133435	1.58
24.399296351569788	1.58
27.854268708994	1.58
7.990151352995618	1.58
3.5194186046254163	1.58
22.944122312258017	1.58
27.77779380806963	1.58
7.990151352995618	1.58
3.90325893278035	1.58
25.79658009143449	1.58
29.219647165019357	1.58
13.48668751852464	1.58
3.745131190241514	1.58
22.956418105975168	1.58
25.58157236695724	1.58
18.20834875151965	1.58
3.745131190241514	1.58
22.862205520440575	1.58
25.58157236695724	1.58
22.667218769446606	1.58
3.745131190241514	1.58
22.974665307068864	1.58
24.457078711766528	1.58
22.526170107136398	1.58
3.745131190241514	1.58
23.417227612845426	1.58
18.608148872871254	1.58
22.37762879280506	1.58
1.1847194723279273	1.58
23.72830723163927	1.58
17.896434735942858	1.58
14.54179117253607	1.58
1.1847194723279273	1.58
21.81523182898387	1.58
18.694521978043603	1.58
16.313963436104476	1.58
2.9310467910318536	1.58
20.90092192388042	1.58
31.870672483126466	1.58
16.313963436104476	1.58
11.929131185069288	1.58
22.88972282985992	1.58
22.64623442943465	1.58
15.614504458895514	1.58
4.339405549512438	1.58
22.969697423350226	1.58
18.42389570999159	1.58
18.656939774577523	1.58
8.077834298007867	1.58
22.969697423350226	1.58
15.796034462177124	1.58
19.0315917167597	1.58
8.077834298007867	1.58
22.99348148444923	1.58
17.84035141021088	1.58
24.650941379144022	1.58
10.081620089684291	1.58
22.248847820460806	1.58
24.67326615442653	1.58
32.41730677730292	1.58
6.529644534502342	1.58
12.645129633331056	1.58
25.07150089088251	1.58
31.584089938420462	1.58
7.276416228732337	1.58
18.82136518454029	1.58
25.07150089088251	1.58
36.24587743964591	1.58
14.083719363357572	1.58
19.47030867330679	1.58
25.07150089088251	1.58
31.120084077116147	1.58
14.083719363357572	1.58
19.47030867330679	1.58
25.573711538502756	1.58
37.59270812426272	1.58
5.09989887888662	1.58
19.820785107108012	1.58
26.984098431293823	1.58
41.764880479786	1.58
5.09989887888662	1.58
8.115681382320645	1.58
36.295090842554515	1.58
58.12796657082437	1.58
5.09989887888662	1.58
8.115681382320645	1.58
37.95677773399976	1.58
58.12796657082437	1.58
14.731321774041678	1.58
10.647944804575822	1.58
35.39031803650373	1.58
58.12796657082437	1.58
14.731321774041678	1.58
10.647944804575822	1.58
31.62356604226016	1.58
58.12796657082437	1.58
14.731321774041678	1.58
9.830948673983002	1.58
31.62356604226016	1.58
60.87397881860025	1.58
9.083663150256818	1.58
9.830948673983002	1.58
29.779007184431226	1.58
60.87397881860025	1.58
15.36661243178638	1.58
9.044850088559961	1.58
29.779007184431226	1.58
56.85976788604343	1.58
15.36661243178638	1.58
9.044850088559961	1.58
26.32018706958921	1.58
42.68723665744937	1.58
12.49021922169834	1.58
9.044850088559961	1.58
32.40768866566509	1.58
42.68723665744937	1.58
18.36563464946392	1.58
9.044850088559961	1.58
32.40768866566509	1.58
39.240950450939394	1.58
23.15046433298432	1.58
9.044850088559961	1.58
28.497367588077655	1.58
39.240950450939394	1.58
29.56356706169409	1.58
14.926564750381454	1.58
30.452882462568493	1.58
39.240950450939394	1.58
28.880735271692362	1.58
14.926564750381454	1.58
44.291814149692414	1.58
39.240950450939394	1.58
22.571143818512223	1.58
14.926564750381454	1.58
42.37856008619044	1.58
39.240950450939394	1.58
6.710847797694932	1.58
14.926564750381454	1.58
42.37856008619044	1.58
32.40422727150079	1.58
6.710847797694932	1.58
22.79434124608953	1.58
42.37856008619044	1.58
32.40422727150079	1.58
6.710847797694932	1.58
22.487178191528177	1.58
27.29521770280072	1.58
38.46962528588941	1.58
6.710847797694932	1.58
28.22720317461954	1.58
27.433249850850665	1.58
45.0419366301558	1.58
14.1008047406358	1.58
28.23523115372438	1.58
25.57403654643111	1.58
45.41021790661149	1.58
9.101293424113113	1.58
19.392024072506917	1.58
27.3473965558607	1.58
45.41021790661149	1.58
9.101293424113113	1.58
21.19601314659768	1.58
35.34769302608898	1.58
45.41021790661149	1.58
22.019713779688217	1.58
21.202677950022856	1.58
40.77181746997826	1.58
45.41021790661149	1.58
22.019713779688217	1.58
7.414044786770319	1.58
38.418206762038295	1.58
42.76792900344114	1.58
22.019713779688217	1.58
7.414044786770319	1.58
36.07671842581375	1.58
42.40193030917271	1.58
22.019713779688217	1.58
22.444880977481063	1.58
43.040807676130306	1.58
42.40193030917271	1.58
18.209543257181828	1.58
22.444880977481063	1.58
52.10658550245599	1.58
42.40193030917271	1.58
24.222812811219224	1.58
23.62148016785828	1.58
49.10536135792989	1.58
38.348474367958005	1.58
24.222812811219224	1.58
12.20144327598318	1.58
60.24295903973787	1.58
42.13855102406413	1.58
7.916891775261092	1.58
15.577530906308887	1.58
47.846166488276126	1.58
42.13855102406413	1.58
7.916891775261092	1.58
15.577530906308887	1.58
42.314739638027135	1.58
42.13855102406413	1.58
7.916891775261092	1.58
19.47479565767378	1.58
42.314739638027135	1.58
44.97384093609529	1.58
7.916891775261092	1.58
11.204060622738758	1.58
35.07984120933238	1.58
43.61303042125511	1.58
2.663760169282682	1.58
11.204060622738758	1.58
35.07984120933238	1.58
41.560608525594205	1.58
2.663760169282682	1.58
10.168426659838676	1.58
35.07984120933238	1.58
30.64873988009907	1.58
2.663760169282682	1.58
11.333799775858736	1.58
35.07984120933238	1.58
30.64873988009907	1.58
4.2761969271235465	1.58
11.333799775858736	1.58
35.07984120933238	1.58
23.691093269231928	1.58
5.922973004066371	1.58
11.588718137931117	1.58
35.07984120933238	1.58
28.46190295926404	1.58
5.922973004066371	1.58
9.372392476127747	1.58
35.07984120933238	1.58
17.928582505579023	1.58
14.13965684405353	1.58
7.803124320751003	1.58
37.24140307161075	1.58
18.689188915807293	1.58
13.675280412246835	1.58
10.194788125859345	1.58
37.24140307161075	1.58
19.879851955031782	1.58
8.870236485010926	1.58
11.930969693161813	1.58
42.33494315152453	1.58
15.461554416769143	1.58
8.870236485010926	1.58
8.897294036145077	1.58
38.389592741552775	1.58
15.968831940112864	1.58
21.431397952836846	1.58
12.157156872262016	1.58
31.36628942704347	1.58
16.089439442069015	1.58
24.942975369289563	1.58
4.686909403313635	1.58
24.80993297083249	1.58
21.640782012778455	1.58
24.990115039559427	1.58
4.686909403313635	1.58
24.647384262656217	1.58
18.30822214843285	1.58
25.237262259504735	1.58
4.686909403313635	1.58
24.322840010918647	1.58
18.951083695227112	1.58
25.027002025401238	1.58
9.353123930017182	1.58
24.58166379809589	1.58
18.951083695227112	1.58
26.41689086527545	1.58
6.232794685181215	1.58
36.939916162912525	1.58
17.5160994714398	1.58
30.324824630311337	1.58
10.681638122353156	1.58
40.511710946608616	1.58
7.773762383912832	1.58
22.846854187380433	1.58
13.227638042604575	1.58
38.61876672692141	1.58
14.274199448830258	1.58
14.21978871709122	1.58
13.227638042604575	1.58
42.32343476746139	1.58
14.305704401223897	1.58
14.235821533716626	1.58
13.044268684088802	1.58
43.111877871923284	1.58
14.305704401223897	1.58
15.628252185767245	1.58
13.63807775522518	1.58
31.34955265109613	1.58
13.901543620660359	1.58
17.244012112366512	1.58
12.102762138200813	1.58
33.77740548651551	1.58
13.49978634788016	1.58
16.678226575554966	1.58
5.215871978693176	1.58
45.37090457865294	1.58
20.720329635926486	1.58
17.476959177605856	1.58
5.215871978693176	1.58
45.37090457865294	1.58
19.47011724996685	1.58
18.286591552941125	1.58
3.999771636004576	1.58
37.24855996889635	1.58
32.023212784897865	1.58
18.286591552941125	1.58
3.999771636004576	1.58
38.714970118562775	1.58
33.59677814477918	1.58
18.286591552941125	1.58
3.999771636004576	1.58
41.66237002566709	1.58
35.6632418801249	1.58
18.286591552941125	1.58
21.63179637179821	1.58
36.92927683855081	1.58
35.6632418801249	1.58
3.6380253250009744	1.58
21.04233918940296	1.58
35.24511580547203	1.58
35.6632418801249	1.58
12.349214197440094	1.58
21.04233918940296	1.58
37.199513974199505	1.58
38.567592052694565	1.58
12.349214197440094	1.58
18.460326488429097	1.58
39.61738146629746	1.58
42.70862631830542	1.58
12.349214197440094	1.58
4.742123007465196	1.58
39.61738146629746	1.58
38.027986204612695	1.58
12.074320809527283	1.58
17.332933362392946	1.58
48.78893921647118	1.58
38.027986204612695	1.58
7.169468020256161	1.58
10.239596969798196	1.58
32.859183956626964	1.58
32.8101881425126	1.58
5.651015765024393	1.58
10.239596969798196	1.58
32.859183956626964	1.58
38.24026369120117	1.58
5.651015765024393	1.58
10.239596969798196	1.58
34.97174870889578	1.58
38.24026369120117	1.58
20.348021199396012	1.58
10.239596969798196	1.58
26.69612143419173	1.58
29.50089922489427	1.58
17.95867482643324	1.58
14.544328341675312	1.58
32.302777993303415	1.58
24.086667942282794	1.58
12.653778933098957	1.58
14.544328341675312	1.58
25.699332707011767	1.58
24.086667942282794	1.58
9.400248734729459	1.58
14.361411180936878	1.58
21.43213465064776	1.58
27.458809228317953	1.58
9.400248734729459	1.58
12.282224307312092	1.58
26.832474957938675	1.58
33.09276368235611	1.58
6.903031656092864	1.58
12.059129701023586	1.58
24.44138140593406	1.58
33.09276368235611	1.58
0.5032236118995854	1.58
12.059129701023586	1.58
21.489001889651213	1.58
33.09276368235611	1.58
11.932721428871904	1.58
12.059129701023586	1.58
25.140255737049163	1.58
35.114485300747155	1.58
8.544533959509405	1.58
12.059129701023586	1.58
18.857625109384557	1.58
35.114485300747155	1.58
12.912987343951375	1.58
14.839827608219093	1.58
18.017689504374555	1.58
30.395204924626473	1.58
12.340600805378529	1.58
12.8960917670404	1.58
22.535541538132353	1.58
28.48667368768142	1.58
8.615030413606773	1.58
13.416641530963817	1.58
20.92911471683188	1.58
28.48667368768142	1.58
8.615030413606773	1.58
13.416641530963817	1.58
23.059612765238093	1.58
28.48667368768142	1.58
7.361503305238855	1.58
10.525061981034398	1.58
24.501793039828936	1.58
21.324351185233056	1.58
8.131008807972234	1.58
10.525061981034398	1.58
30.025196729227666	1.58
27.135071650931238	1.58
16.040653501268004	1.58
11.209038472188496	1.58
40.062505975947715	1.58
31.40337317569152	1.58
20.521574419159805	1.58
10.607625786821782	1.58
30.814840640466297	1.58
27.886218730837708	1.58
24.240751257749864	1.58
17.42820392166021	1.58
31.45556978054789	1.58
31.530674251166722	1.58
18.91940776963493	1.58
15.908244087851966	1.58
36.51063812048683	1.58
27.426323749730308	1.58
19.846429069583564	1.58
18.385386459590915	1.58
36.51063812048683	1.58
34.95761185083538	1.58
16.9021842941267	1.58
18.385386459590915	1.58
34.36883955838266	1.58
33.739408178791074	1.58
17.097842221370772	1.58
12.992854632579611	1.58
32.30718903945779	1.58
34.76956364843498	1.58
17.097842221370772	1.58
17.76677263131981	1.58
34.78582427369088	1.58
36.882034887789494	1.58
20.414330386317186	1.58
17.76677263131981	1.58
38.90595780646801	1.58
52.19856809036437	1.58
24.630275251415053	1.58
19.45371905894639	1.58
41.70650319141009	1.58
52.19856809036437	1.58
19.166021939294623	1.58
15.439604344506769	1.58
48.48594944689889	1.58
41.348994886470464	1.58
19.166021939294623	1.58
15.439604344506769	1.58
48.48594944689889	1.58
36.46988561645869	1.58
5.867420994154415	1.58
14.76767363910136	1.58
44.19484381943965	1.58
36.46988561645869	1.58
5.867420994154415	1.58
8.40870125973409	1.58
25.328187609146323	1.58
33.73559790014192	1.58
3.9886303052125918	1.58
8.40870125973409	1.58
25.328187609146323	1.58
38.26831904568766	1.58
3.9886303052125918	1.58
8.40870125973409	1.58
21.61680379871187	1.58
40.87005036525996	1.58
20.971335386376175	1.58
8.40870125973409	1.58
29.550230650271033	1.58
40.87005036525996	1.58
20.971335386376175	1.58
13.22811156025191	1.58
31.53602551636462	1.58
40.87005036525996	1.58
18.815130497548513	1.58
13.22811156025191	1.58
47.37609329379898	1.58
30.313768982305195	1.58
18.815130497548513	1.58
7.358074143002625	1.58
47.37609329379898	1.58
29.34632318131346	1.58
16.216146793492708	1.58
7.358074143002625	1.58
45.386988878514764	1.58
36.77518765978688	1.58
25.418889322527274	1.58
7.358074143002625	1.58
45.386988878514764	1.58
35.322610185415485	1.58
11.683729305900712	1.58
6.786677023782701	1.58
33.723707231229014	1.58
38.273240153233445	1.58
11.683729305900712	1.58
6.786677023782701	1.58
44.87702191491191	1.58
33.90151736999563	1.58
8.151789296785473	1.58
6.786677023782701	1.58
47.28956561126126	1.58
33.90151736999563	1.58
18.355690623087444	1.58
6.786677023782701	1.58
47.28956561126126	1.58
39.89847665862862	1.58
17.797323232039325	1.58
6.786677023782701	1.58
47.28956561126126	1.58
39.89847665862862	1.58
20.88202500378675	1.58
17.108084336732176	1.58
47.28956561126126	1.58
46.98384464468295	1.58
8.229472762558146	1.58
17.108084336732176	1.58
36.46070975616663	1.58
44.29865004809225	1.58
8.229472762558146	1.58
20.420616514073117	1.58
28.5476138298311	1.58
30.1792214843018	1.58
8.229472762558146	1.58
15.436526395529476	1.58
30.070310579364875	1.58
27.61290500182423	1.58
8.229472762558146	1.58
9.475770542584666	1.58
19.274343855599703	1.58
26.7206608231853	1.58
8.229472762558146	1.58
9.03410526977956	1.58
21.101817338936538	1.58
27.734288663781378	1.58
8.229472762558146	1.58
9.03410526977956	1.58
30.658220603194657	1.58
24.147233889801782	1.58
8.229472762558146	1.58
12.09508208541784	1.58
30.658220603194657	1.58
35.57236628818865	1.58
8.229472762558146	1.58
12.09508208541784	1.58
30.658220603194657	1.58
40.919320133054725	1.58
17.548736867589007	1.58
12.09508208541784	1.58
30.658220603194657	1.58
48.90119383479454	1.58
10.928833714616758	1.58
12.09508208541784	1.58
23.0552553323378	1.58
31.500698320467805	1.58
10.928833714616758	1.58
12.09508208541784	1.58
32.57114129088999	1.58
28.403840071572414	1.58
10.729996490862607	1.58
16.46647131549915	1.58
24.844590686518764	1.58
20.505809833990185	1.58
3.863176560715921	1.58
14.941839702158273	1.58
28.622023838747037	1.58
21.75749833824244	1.58
9.939155803520833	1.58
13.328212568436076	1.58
28.622023838747037	1.58
29.13220032513835	1.58
13.994630680076527	1.58
19.29644642769391	1.58
26.47590552207461	1.58
36.956442710167494	1.58
17.3800782336969	1.58
19.29644642769391	1.58
29.910526026822975	1.58
36.956442710167494	1.58
6.653195302143153	1.58
19.29644642769391	1.58
44.05947825465352	1.58
36.956442710167494	1.58
6.653195302143153	1.58
22.925060920314575	1.58
44.851300923291134	1.58
33.8978390428677	1.58
8.554419446867673	1.58
16.153813516996173	1.58
44.851300923291134	1.58
50.68401391608457	1.58
8.554419446867673	1.58
16.153813516996173	1.58
44.851300923291134	1.58
45.60510672647668	1.58
6.389691811536892	1.58
26.106994655780632	1.58
42.05673929602202	1.58
45.60510672647668	1.58
6.389691811536892	1.58
11.893601879183958	1.58
33.00350209872555	1.58
33.25856149518309	1.58
6.474842265135724	1.58
11.893601879183958	1.58
38.780465219912585	1.58
40.55888946777377	1.58
6.474842265135724	1.58
11.893601879183958	1.58
23.278959488939186	1.58
40.55888946777377	1.58
6.474842265135724	1.58
7.960548840555198	1.58
15.995114861352919	1.58
43.57805562179002	1.58
6.474842265135724	1.58
7.960548840555198	1.58
21.468568791491233	1.58
43.57805562179002	1.58
6.474842265135724	1.58
9.225856372222532	1.58
27.1125215567966	1.58
33.21119548651262	1.58
6.474842265135724	1.58
9.225856372222532	1.58
18.973761815836106	1.58
37.7918119331561	1.58
6.474842265135724	1.58
12.389159338001608	1.58
17.05533249945109	1.58
27.06490099643728	1.58
9.018014329530573	1.58
14.211563300035504	1.58
17.89070879598888	1.58
33.186988753244925	1.58
13.123693250280642	1.58
14.211563300035504	1.58
19.129636621527442	1.58
33.186988753244925	1.58
13.123693250280642	1.58
10.497731023083148	1.58
19.129636621527442	1.58
33.186988753244925	1.58
14.823932390199868	1.58
3.4875652244879856	1.58
23.7474631938466	1.58
19.752686788226733	1.58
14.823932390199868	1.58
3.4875652244879856	1.58
25.111088559979002	1.58
23.10905592577614	1.58
13.088288503855262	1.58
3.4875652244879856	1.58
25.111088559979002	1.58
22.67029764668475	1.58
17.529682497217458	1.58
3.4875652244879856	1.58
35.219075188539215	1.58
22.67029764668475	1.58
18.353772146476846	1.58
3.4875652244879856	1.58
35.219075188539215	1.58
23.89821490892914	1.58
16.119276510832684	1.58
11.028369607225184	1.58
41.514048909443645	1.58
24.45347601472152	1.58
16.119276510832684	1.58
11.028369607225184	1.58
41.874981334992974	1.58
18.255291358007792	1.58
16.119276510832684	1.58
11.028369607225184	1.58
36.05455005218389	1.58
18.255291358007792	1.58
8.898662984242385	1.58
11.028369607225184	1.58
33.92705126921504	1.58
18.0319478375241	1.58
8.00756032669599	1.58
8.490257621834864	1.58
33.92705126921504	1.58
14.133270414234886	1.58
8.00756032669599	1.58
4.857501812448984	1.58
33.92705126921504	1.58
14.133270414234886	1.58
7.040033264420064	1.58
4.857501812448984	1.58
33.92705126921504	1.58
21.91706086550449	1.58
7.040033264420064	1.58
11.825797561194076	1.58
28.34605115648161	1.58
16.799733928444734	1.58
5.929988690462208	1.58
11.825797561194076	1.58
26.264250517231268	1.58
16.799733928444734	1.58
6.676898153286272	1.58
8.444500233929848	1.58
18.463119679422217	1.58
17.234256264930934	1.58
6.676898153286272	1.58
8.695893365543192	1.58
24.051671730926188	1.58
21.057765480763322	1.58
4.968661534328522	1.58
12.450758600974057	1.58
42.181178469516155	1.58
24.688184524073428	1.58
4.968661534328522	1.58
12.450758600974057	1.58
40.17731010730409	1.58
19.620213214306425	1.58
12.20403365215096	1.58
10.27530714844666	1.58
26.0131497352451	1.58
20.76412747445444	1.58
16.451237806428814	1.58
10.8595719634291	1.58
22.173408500276835	1.58
19.450409176214578	1.58
17.08672484339131	1.58
10.8595719634291	1.58
28.291257930110476	1.58
15.189613017939202	1.58
17.747397286868594	1.58
16.884540730265968	1.58
23.828891623668635	1.58
14.054308747379801	1.58
17.95870428662127	1.58
12.817429658707537	1.58
24.600117538731183	1.58
12.310641915231944	1.58
17.95870428662127	1.58
14.344288083650861	1.58
24.609406982501994	1.58
11.27607763651094	1.58
22.233439224017626	1.58
18.16135234366481	1.58
27.623012047686927	1.58
13.225014924078254	1.58
20.454171424696323	1.58
16.566670972406307	1.58
27.623012047686927	1.58
13.744122852778519	1.58
20.81024124506678	1.58
12.592092246482395	1.58
34.935974680650745	1.58
13.998677504275939	1.58
21.10953666397905	1.58
12.029464208267385	1.58
43.14548434679651	1.58
14.910825229855462	1.58
23.061107244607502	1.58
10.97077477062765	1.58
33.129721917175026	1.58
15.222085253690777	1.58
23.061107244607502	1.58
10.97077477062765	1.58
28.65910601848181	1.58
18.433778800908105	1.58
23.86943234188225	1.58
13.24723175427943	1.58
31.416371038438147	1.58
17.016947636513052	1.58
27.845706118292966	1.58
12.512098909381326	1.58
27.155369809138083	1.58
15.293230145352087	1.58
27.622202833769094	1.58
12.512098909381326	1.58
26.824340490777406	1.58
14.949606961414936	1.58
28.116156542465426	1.58
12.512098909381326	1.58
35.76360134629729	1.58
14.686736972565713	1.58
22.07718599205127	1.58
12.512098909381326	1.58
35.76360134629729	1.58
11.516152303042206	1.58
21.89002440458139	1.58
12.512098909381326	1.58
26.274132991828527	1.58
10.902989974105537	1.58
27.882748023884673	1.58
13.364231527328792	1.58
26.54606505926231	1.58
17.80624222376916	1.58
27.235727224432548	1.58
15.046466808587779	1.58
26.549656481599474	1.58
16.698932668598513	1.58
27.72394361043884	1.58
19.10364058856657	1.58
31.745017595452858	1.58
12.63546423761981	1.58
20.639491760805665	1.58
17.703953386543766	1.58
33.81896040150775	1.58
10.214659097048862	1.58
20.639491760805665	1.58
22.448452903570733	1.58
28.262521423675498	1.58
10.214659097048862	1.58
15.89479412748891	1.58
27.381240772332088	1.58
29.05792832214351	1.58
10.214659097048862	1.58
19.012908648392795	1.58
25.150488298256825	1.58
25.700466117258465	1.58
10.214659097048862	1.58
27.725067933275266	1.58
28.683860675095975	1.58
25.12002477891498	1.58
10.214659097048862	1.58
19.385319625289053	1.58
30.25770849766474	1.58
26.694261353440634	1.58
19.894830069623712	1.58
17.321675784220325	1.58
32.19986902351552	1.58
25.817959703139824	1.58
20.827485087319236	1.58
14.658367836746498	1.58
28.52307497046362	1.58
21.506327010663288	1.58
20.827485087319236	1.58
13.805962690499687	1.58
26.70883424572921	1.58
21.506327010663288	1.58
20.827485087319236	1.58
14.130889972570962	1.58
29.206227066846544	1.58
13.870249629249411	1.58
18.71247949030238	1.58
15.310109232840809	1.58
38.568742896772534	1.58
14.240962205195368	1.58
21.553679437527464	1.58
15.65602437564942	1.58
28.600993912060787	1.58
13.93318871284953	1.58
22.00149511784599	1.58
15.65602437564942	1.58
27.962203586641312	1.58
13.93318871284953	1.58
22.8320568747086	1.58
13.617033561061184	1.58
28.205936820389585	1.58
19.295497415607958	1.58
22.8320568747086	1.58
15.456042628026728	1.58
25.671180182299768	1.58
13.769299399792645	1.58
22.62176535973877	1.58
17.876523522495965	1.58
26.59347437499507	1.58
13.967869291905018	1.58
19.504858584043177	1.58
17.876523522495965	1.58
24.417839438055108	1.58
11.590687428524234	1.58
20.763185601417973	1.58
18.828581929691474	1.58
35.16500841443161	1.58
14.901680725293069	1.58
21.447373154946384	1.58
18.0021627107535	1.58
33.90353942252156	1.58
22.012313637650905	1.58
23.91661512460035	1.58
14.909885212983836	1.58
38.28759579687359	1.58
29.179020859676225	1.58
19.54066239186856	1.58
14.909885212983836	1.58
31.608049073612364	1.58
39.31448603883427	1.58
24.995339893900308	1.58
14.909885212983836	1.58
30.050318352910395	1.58
40.20196667144303	1.58
34.45095703444938	1.58
14.909885212983836	1.58
20.594948830966455	1.58
40.20196667144303	1.58
34.45095703444938	1.58
14.869377368142096	1.58
25.128684546107543	1.58
34.00495514404431	1.58
40.245919361176306	1.58
11.693515663283073	1.58
24.05060285068306	1.58
24.32136648394686	1.58
38.26553463910158	1.58
17.703903061623077	1.58
24.05060285068306	1.58
25.390810630570282	1.58
32.18813547312059	1.58
3.748133747281173	1.58
24.05060285068306	1.58
24.798477681691175	1.58
32.24859328415477	1.58
10.70718016682769	1.58
23.806318535381774	1.58
24.798477681691175	1.58
37.787941300156845	1.58
10.70718016682769	1.58
13.223455410821298	1.58
30.83243975022172	1.58
37.787941300156845	1.58
10.70718016682769	1.58
9.790317896296553	1.58
27.3213691173552	1.58
37.787941300156845	1.58
10.70718016682769	1.58
9.790317896296553	1.58
22.375814435234012	1.58
34.448966831421615	1.58
13.643953462272849	1.58
11.799654571335815	1.58
20.601567545389138	1.58
32.972251367199306	1.58
13.643953462272849	1.58
17.74374703509836	1.58
26.081593352321292	1.58
34.00612676077907	1.58
8.558988938532192	1.58
16.225456222326056	1.58
34.799097322953216	1.58
25.70209877250567	1.58
15.439398998602885	1.58
19.19079338194529	1.58
34.799097322953216	1.58
26.012893188926057	1.58
12.818453613600123	1.58
20.379544797829936	1.58
34.799097322953216	1.58
22.844440769846134	1.58
13.87110443583212	1.58
7.501241110431792	1.58
26.71032924158164	1.58
21.478725333966285	1.58
4.455214121489924	1.58
7.501241110431792	1.58
26.71032924158164	1.58
17.96883313155721	1.58
4.483967678025069	1.58
15.406272627776664	1.58
26.71032924158164	1.58
28.115288796526862	1.58
4.483967678025069	1.58
5.8012426324729915	1.58
26.71032924158164	1.58
28.115288796526862	1.58
6.037297094736456	1.58
2.793899103494727	1.58
21.18916299939296	1.58
18.55187314140737	1.58
6.037297094736456	1.58
2.793899103494727	1.58
35.29201009186717	1.58
13.80066407842011	1.58
6.037297094736456	1.58
2.793899103494727	1.58
35.29201009186717	1.58
13.80066407842011	1.58
6.037297094736456	1.58
12.247345383016654	1.58
35.29201009186717	1.58
13.14503291326047	1.58
20.049893114705185	1.58
12.247345383016654	1.58
35.29201009186717	1.58
13.734358444749791	1.58
17.4418750072694	1.58
12.247345383016654	1.58
30.59328467905951	1.58
13.711373344848246	1.58
14.32399232277406	1.58
12.247345383016654	1.58
31.66052493794324	1.58
13.711373344848246	1.58
9.653501346424793	1.58
12.760994241275915	1.58
23.821469226344064	1.58
13.711373344848246	1.58
8.750179796348762	1.58
12.501151610289476	1.58
29.141747223108787	1.58
15.37766093134804	1.58
8.750179796348762	1.58
12.501151610289476	1.58
26.891898995449118	1.58
15.817746565929255	1.58
8.750179796348762	1.58
11.058247752866283	1.58
28.7097563365455	1.58
21.68503238446605	1.58
14.184086976589889	1.58
8.678284979439228	1.58
28.7097563365455	1.58
22.57389129726963	1.58
19.742270318016352	1.58
8.678284979439228	1.58
28.323636503782794	1.58
24.289143219573898	1.58
19.742270318016352	1.58
14.452653898796482	1.58
27.876115710883823	1.58
22.262416039601938	1.58
19.742270318016352	1.58
11.906016119890895	1.58
33.425630730240485	1.58
31.466006892835665	1.58
11.023484731660055	1.58
17.86460967532911	1.58
33.425630730240485	1.58
28.181593810449446	1.58
16.07393461806069	1.58
7.776186753750167	1.58
33.425630730240485	1.58
22.83127726879077	1.58
16.310282031769464	1.58
4.231822822353742	1.58
24.19152722866816	1.58
24.24010250381522	1.58
15.617207015050958	1.58
4.231822822353742	1.58
20.081771601287787	1.58
24.24010250381522	1.58
15.721290777897616	1.58
4.231822822353742	1.58
22.445474626552183	1.58
21.65321901666315	1.58
18.153834463440997	1.58
9.968215387885037	1.58
25.47428768049445	1.58
21.479582183831536	1.58
18.266681518605697	1.58
14.944424239176797	1.58
33.65338106944009	1.58
20.20147874365425	1.58
10.610432371068327	1.58
10.12991664983045	1.58
33.93034947732476	1.58
17.93371833572959	1.58
6.592475002325209	1.58
12.030865363881535	1.58
20.66207788703368	1.58
23.008832203080665	1.58
6.592475002325209	1.58
14.759568793879549	1.58
22.371444253015692	1.58
32.375835156081706	1.58
13.784092579600419	1.58
15.42815012597243	1.58
21.625836392089326	1.58
26.972570418194323	1.58
6.881266216830518	1.58
15.42815012597243	1.58
28.747185651636734	1.58
33.489941412659135	1.58
6.881266216830518	1.58
20.843587955415835	1.58
25.54303935998965	1.58
48.814725861230805	1.58
25.574060752083316	1.58
5.047648849135797	1.58
23.278621695633845	1.58
48.814725861230805	1.58
25.0991587542757	1.58
12.689957841524516	1.58
20.055062383695073	1.58
38.527980306803	1.58
27.46669167813205	1.58
12.689957841524516	1.58
21.295952413252046	1.58
30.90000989079639	1.58
25.175472934526457	1.58
12.689957841524516	1.58
22.903175877453855	1.58
30.90000989079639	1.58
24.971178157360605	1.58
12.689957841524516	1.58
26.27745598338006	1.58
24.976886089814116	1.58
24.968932759421875	1.58
12.689957841524516	1.58
27.101649363985967	1.58
19.544830237006728	1.58
25.10572932820252	1.58
10.20504017200863	1.58
23.238008974374445	1.58
26.399502336435035	1.58
25.66234141127139	1.58
5.77476832055039	1.58
25.45869877124806	1.58
27.04731160508307	1.58
25.00631452543833	1.58
6.962655860665649	1.58
20.347668027198527	1.58
28.62588573496546	1.58
29.01662072386113	1.58
6.962655860665649	1.58
20.347668027198527	1.58
28.25943321107418	1.58
29.446271806594776	1.58
1.9104525709914775	1.58
20.347668027198527	1.58
18.830140898486867	1.58
30.369883890253753	1.58
0.7956750219923627	1.58
20.347668027198527	1.58
19.36114220344747	1.58
27.14760161667808	1.58
0.7956750219923627	1.58
19.716812896233233	1.58
19.26168599934247	1.58
29.025876591815024	1.58
0.7956750219923627	1.58
19.501288532881617	1.58
21.147154303289337	1.58
35.71499735698339	1.58
0.33391343465302725	1.58
11.602727654682147	1.58
25.026156542685673	1.58
31.806622471795816	1.58
3.5463759499166425	1.58
7.793011168876659	1.58
34.42592888357801	1.58
29.64212518156493	1.58
5.534345367222981	1.58
7.793011168876659	1.58
33.9990997515743	1.58
30.687766432706134	1.58
5.055295820165258	1.58
7.793011168876659	1.58
33.90720849970764	1.58
30.687766432706134	1.58
3.396583229997681	1.58
10.322620182161646	1.58
36.55551318772837	1.58
26.041894450744408	1.58
6.120043157401038	1.58
14.52193756274983	1.58
36.55551318772837	1.58
16.90816010737599	1.58
6.578873882913326	1.58
12.774983133927758	1.58
36.55551318772837	1.58
17.793364508186436	1.58
6.504764870230317	1.58
11.892406474974461	1.58
36.55551318772837	1.58
17.793364508186436	1.58
8.916015541404642	1.58
13.130604606785266	1.58
22.887500876774418	1.58
13.875590361616297	1.58
7.524765004103757	1.58
18.596131154718687	1.58
26.629074419102693	1.58
14.719122276629909	1.58
7.524765004103757	1.58
18.015009185564672	1.58
38.52742815293188	1.58
12.270270540529012	1.58
16.69288526995119	1.58
18.015009185564672	1.58
29.178356873955224	1.58
10.560402031454132	1.58
22.8639854442268	1.58
18.015009185564672	1.58
29.178356873955224	1.58
10.560402031454132	1.58
23.199361918350306	1.58
12.930361786243695	1.58
41.768955729204784	1.58
10.560402031454132	1.58
31.971229578763428	1.58
12.930361786243695	1.58
33.0073549387282	1.58
8.45167129104948	1.58
24.639020177408664	1.58
11.663531350566664	1.58
38.07426204527114	1.58
6.770650459422376	1.58
35.76978722963153	1.58
15.668713291451372	1.58
40.11193893894125	1.58
6.770650459422376	1.58
27.04862265543767	1.58
18.353119285454866	1.58
35.32752684164914	1.58
14.696476120530754	1.58
19.355804205845235	1.58
17.75136098867047	1.58
43.33612248239183	1.58
11.657194624889375	1.58
19.355804205845235	1.58
21.025676635147814	1.58
43.33612248239183	1.58
11.657194624889375	1.58
19.355804205845235	1.58
23.154096594166298	1.58
43.33612248239183	1.58
14.341326492195343	1.58
8.975226443630682	1.58
31.949729380883216	1.58
43.33612248239183	1.58
14.341326492195343	1.58
6.7222318836084725	1.58
35.270039699067524	1.58
29.09616278823912	1.58
14.341326492195343	1.58
13.92480740969372	1.58
27.869636125278358	1.58
30.649055200072226	1.58
14.272900788587219	1.58
17.22350034464364	1.58
26.56136849728584	1.58
25.746529701991122	1.58
14.272900788587219	1.58
11.494709791669687	1.58
35.47216982715038	1.58
20.391510801489375	1.58
14.272900788587219	1.58
12.679035132139383	1.58
28.481089388713755	1.58
21.67351021965781	1.58
14.437734107001269	1.58
14.494690158040397	1.58
31.56311273759242	1.58
28.15952139184925	1.58
6.666337285326026	1.58
14.495124074896824	1.58
31.56311273759242	1.58
48.70121705556741	1.58
6.666337285326026	1.58
14.495124074896824	1.58
27.193601193818687	1.58
43.63119303572901	1.58
3.141040398193258	1.58
20.889237960202916	1.58
21.084931747828342	1.58
46.49463027145505	1.58
17.359278429539778	1.58
20.889237960202916	1.58
21.15855321954703	1.58
46.49463027145505	1.58
17.38264146257118	1.58
10.162961505082421	1.58
28.489730604273564	1.58
32.48894543463389	1.58
7.4896236472219435	1.58
10.162961505082421	1.58
35.49415758149357	1.58
33.09545349702721	1.58
7.4896236472219435	1.58
5.174499376185125	1.58
35.49415758149357	1.58
20.484991906483003	1.58
7.4896236472219435	1.58
15.584848241470578	1.58
40.702995139747074	1.58
21.156953455451408	1.58
13.739372801580735	1.58
15.584848241470578	1.58
28.93698953128308	1.58
18.47897706275257	1.58
14.529575064190668	1.58
11.008056760394727	1.58
35.925453155787466	1.58
18.410742192649913	1.58
11.376368127499696	1.58
11.008056760394727	1.58
35.925453155787466	1.58
21.0565531086841	1.58
6.865785362332575	1.58
12.169639420736036	1.58
35.925453155787466	1.58
18.060607560875937	1.58
16.053465300876223	1.58
12.834830368549953	1.58
24.9401694005181	1.58
18.060607560875937	1.58
15.427833955778226	1.58
12.834830368549953	1.58
19.237627492340064	1.58
20.02080024658845	1.58
12.109569735330922	1.58
11.72223094024327	1.58
19.654538285393983	1.58
21.567019591524033	1.58
8.307643633690255	1.58
15.574345368002234	1.58
18.671276923037333	1.58
15.681940274588579	1.58
10.245470886307384	1.58
15.479821909304608	1.58
27.095525627559944	1.58
15.478427017660653	1.58
9.891969480975783	1.58
15.481188977092792	1.58
33.08292623747212	1.58
15.477692561550445	1.58
10.014132117097828	1.58
15.481188977092792	1.58
31.87146055602851	1.58
15.477692561550445	1.58
20.119622359833244	1.58
22.485861517627296	1.58
31.87146055602851	1.58
12.573584407397036	1.58
23.05831769279795	1.58
22.485861517627296	1.58
31.3710387051933	1.58
12.573584407397036	1.58
22.240430751660462	1.58
22.485861517627296	1.58
35.28485312366998	1.58
15.681370955207457	1.58
11.671631362057493	1.58
21.147122391027036	1.58
35.28485312366998	1.58
15.843948005398833	1.58
16.235443836167505	1.58
19.57162750581444	1.58
45.180424199778415	1.58
16.090667544082102	1.58
18.39064674651245	1.58
21.345443746317127	1.58
34.46114323176374	1.58
16.090667544082102	1.58
18.39064674651245	1.58
18.720052317572993	1.58
34.46114323176374	1.58
15.49198062575551	1.58
17.783535015346796	1.58
7.46390017550722	1.58
34.46114323176374	1.58
17.422035889427995	1.58
7.11597977976934	1.58
1.7577720721142995	1.58
34.46114323176374	1.58
17.422035889427995	1.58
9.532737010455246	1.58
11.71442579375761	1.58
34.46114323176374	1.58
18.488617525860185	1.58
16.704105177327275	1.58
11.71442579375761	1.58
29.812871687456486	1.58
25.165049628216586	1.58
15.480048705677284	1.58
18.368300218683345	1.58
35.357915659119755	1.58
23.516175036478472	1.58
15.480048705677284	1.58
18.39910999916912	1.58
28.299740672331932	1.58
25.201034867610147	1.58
14.91666138294947	1.58
19.942885004324516	1.58
28.43994466589737	1.58
33.23982216486471	1.58
11.217958086710542	1.58
21.612720986344684	1.58
28.53017277072917	1.58
36.83721594416376	1.58
11.217958086710542	1.58
24.3947158282837	1.58
24.545299939519673	1.58
36.83721594416376	1.58
11.217958086710542	1.58
24.341126942394446	1.58
23.5116565123116	1.58
40.03773752782207	1.58
11.217958086710542	1.58
24.341126942394446	1.58
26.27023414184876	1.58
27.089609564974424	1.58
9.126343283952394	1.58
25.22087243667107	1.58
38.34773298774326	1.58
28.833728878534973	1.58
9.126343283952394	1.58
22.12481762049218	1.58
36.53275479588862	1.58
28.833728878534973	1.58
9.126343283952394	1.58
22.12481762049218	1.58
36.53275479588862	1.58
19.028118928079053	1.58
10.790797744116196	1.58
24.551163227426095	1.58
45.13210658275443	1.58
18.33346103830867	1.58
26.616363315514846	1.58
22.530578252408013	1.58
50.30437051456737	1.58
14.20201183227418	1.58
6.355030465304651	1.58
6.391803771507952	1.58
43.19723546604497	1.58
14.226503123520715	1.58
12.349164123582476	1.58
2.0461522288720975	1.58
40.063209741630146	1.58
18.04748074916654	1.58
11.519388487929966	1.58
2.0461522288720975	1.58
34.29716241934051	1.58
18.39755114151071	1.58
6.236510894316746	1.58
3.8839818245700233	1.58
22.192204863748877	1.58
18.39755114151071	1.58
6.236510894316746	1.58
3.8839818245700233	1.58
21.46823321554602	1.58
18.416903705805836	1.58
8.382355922133826	1.58
3.8839818245700233	1.58
35.710763664319025	1.58
13.711306498761274	1.58
10.536142255599684	1.58
4.7807217252129455	1.58
27.93295977977881	1.58
13.644270523312503	1.58
11.077396139129496	1.58
5.1184620099645315	1.58
25.24316382661727	1.58
12.949024196410985	1.58
11.077396139129496	1.58
5.1184620099645315	1.58
27.380588791732947	1.58
13.131714509034	1.58
13.836738302039459	1.58
5.1184620099645315	1.58
21.29020245339573	1.58
16.57549567799459	1.58
6.877479712842279	1.58
11.44479291441533	1.58
29.21077141910599	1.58
19.995920178483964	1.58
7.287220078221514	1.58
7.739290014876101	1.58
29.21077141910599	1.58
24.673105829818695	1.58
4.381701514758891	1.58
7.739290014876101	1.58
29.21077141910599	1.58
16.873838937059908	1.58
4.958714813974879	1.58
7.739290014876101	1.58
20.376496098454655	1.58
25.156539960618204	1.58
4.958714813974879	1.58
7.739290014876101	1.58
20.376496098454655	1.58
35.045443303426325	1.58
6.049998640087914	1.58
11.666072599436339	1.58
18.762622604517382	1.58
34.05345770503749	1.58
6.049998640087914	1.58
11.666072599436339	1.58
18.762622604517382	1.58
34.05345770503749	1.58
6.049998640087914	1.58
5.103294837141474	1.58
21.592679099177552	1.58
34.05345770503749	1.58
4.7667390153751406	1.58
7.472417319721304	1.58
21.592679099177552	1.58
34.05345770503749	1.58
11.923256046635391	1.58
7.829637505143154	1.58
24.28285078885892	1.58
35.210845204758144	1.58
21.684835362737978	1.58
17.712085410625907	1.58
26.684191299326	1.58
32.854081226286524	1.58
15.897698271255411	1.58
17.712085410625907	1.58
35.495872296150594	1.58
39.485966768684094	1.58
13.384986164079855	1.58
19.827554864315427	1.58
27.519318843936446	1.58
34.60404276637939	1.58
9.127411524725922	1.58
19.827554864315427	1.58
23.77750406385694	1.58
34.60404276637939	1.58
12.357498672027784	1.58
26.722743555196697	1.58
23.77750406385694	1.58
33.6018876957412	1.58
14.082171886280694	1.58
25.67430130723052	1.58
23.294683724697055	1.58
35.58448799900583	1.58
11.298687185402581	1.58
26.656350547023358	1.58
21.674755311533065	1.58
35.58448799900583	1.58
11.298687185402581	1.58
25.907548210053857	1.58
17.584965105006212	1.58
35.58448799900583	1.58
1.2452852237054373	1.58
25.907548210053857	1.58
17.584965105006212	1.58
40.96133874362063	1.58
1.2452852237054373	1.58
20.176823708245333	1.58
15.372751303643033	1.58
38.902693998183764	1.58
1.2452852237054373	1.58
18.581893663560415	1.58
13.914253519024708	1.58
30.69926051241028	1.58
1.2452852237054373	1.58
21.281566373955794	1.58
10.48251987122111	1.58
30.69926051241028	1.58
1.2452852237054373	1.58
21.00574987438982	1.58
12.893548465990259	1.58
58.74757994213033	1.58
1.2452852237054373	1.58
21.00574987438982	1.58
8.809789542993439	1.58
38.90432970822047	1.58
1.2452852237054373	1.58
26.95735808871163	1.58
10.217500325067732	1.58
33.25519432063918	1.58
3.3116158315993767	1.58
37.42996107242888	1.58
9.6374252516227	1.58
29.872619344390415	1.58
5.272018047613589	1.58
34.959543201743486	1.58
9.6374252516227	1.58
29.533826555660738	1.58
12.567806617367467	1.58
34.959543201743486	1.58
9.53817049651277	1.58
29.533826555660738	1.58
12.567806617367467	1.58
34.959543201743486	1.58
8.560641722590326	1.58
29.840066672779486	1.58
16.824333968902913	1.58
34.959543201743486	1.58
8.77866891354575	1.58
29.897236397760253	1.58
20.629038121301868	1.58
34.158982284765365	1.58
8.77866891354575	1.58
29.897236397760253	1.58
23.349054415183737	1.58
36.54034302467278	1.58
13.807899423616819	1.58
29.897236397760253	1.58
24.248649972162102	1.58
31.796562215023563	1.58
3.4129261050873794	1.58
30.09636858192702	1.58
24.248649972162102	1.58
18.365126756406916	1.58
4.0831569058057315	1.58
34.32999207599934	1.58
19.76365632741281	1.58
11.296613913228926	1.58
6.746579095311773	1.58
43.06171072722995	1.58
17.49701712484388	1.58
13.928688875902548	1.58
1.8095833138843052	1.58
47.83204517712895	1.58
20.125360317868818	1.58
13.928688875902548	1.58
1.8095833138843052	1.58
47.83204517712895	1.58
13.933417759774743	1.58
13.928688875902548	1.58
1.8095833138843052	1.58
47.83204517712895	1.58
10.287996288406795	1.58
13.952941868996191	1.58
2.7045629778452014	1.58
43.42067209605309	1.58
23.322303065105817	1.58
20.15760285001386	1.58
2.7045629778452014	1.58
41.70137742112435	1.58
16.945828380075053	1.58
34.86379033281181	1.58
11.922589575365969	1.58
31.721008601367934	1.58
17.82938840837761	1.58
36.42941959291113	1.58
11.922589575365969	1.58
33.748399864326466	1.58
17.82938840837761	1.58
37.591055928525684	1.58
11.922589575365969	1.58
32.526720552989595	1.58
10.709725127920354	1.58
28.75643701802378	1.58
11.70669276532799	1.58
32.526720552989595	1.58
10.850364574713574	1.58
22.81856576355384	1.58
10.8409574693452	1.58
32.526720552989595	1.58
10.850364574713574	1.58
19.915691403012058	1.58
10.840786554402072	1.58
32.526720552989595	1.58
9.795716717828299	1.58
21.79188547463602	1.58
1.1882940243075915	1.58
28.943668562110716	1.58
13.337703330131577	1.58
18.338900959321258	1.58
8.073664641561376	1.58
38.601516772742016	1.58
13.29691731394195	1.58
13.690395131432723	1.58
8.2865991180609	1.58
38.601516772742016	1.58
13.29691731394195	1.58
15.976652421433986	1.58
8.2865991180609	1.58
37.0579972970897	1.58
11.8675231707712	1.58
7.461599251218075	1.58
7.932265422379415	1.58
32.304732886834145	1.58
11.434250118150588	1.58
7.483361054747644	1.58
8.136750361533847	1.58
22.624310538486668	1.58
11.434250118150588	1.58
14.595284285926313	1.58
11.09190097581731	1.58
28.186973211699936	1.58
11.499316639942323	1.58
12.686153132714471	1.58
10.873993701031686	1.58
40.81714249182684	1.58
11.902551146441223	1.58
13.750809084494094	1.58
9.720615527839007	1.58
40.81714249182684	1.58
11.902551146441223	1.58
15.617346449544215	1.58
9.583395153672972	1.58
40.81714249182684	1.58
11.902551146441223	1.58
5.8133863343649566	1.58
10.221374290357467	1.58
41.77895641790845	1.58
11.222605186711078	1.58
21.75335373473038	1.58
9.520013956768697	1.58
41.77895641790845	1.58
14.92261586897368	1.58
23.934372337636855	1.58
8.154020796548664	1.58
41.77895641790845	1.58
14.92261586897368	1.58
23.934372337636855	1.58
8.154020796548664	1.58
40.28490693169093	1.58
15.600635175239146	1.58
27.76772734541879	1.58
7.017154558403931	1.58
30.672347210048056	1.58
16.03755506680895	1.58
27.76772734541879	1.58
8.608777109251971	1.58
32.927162148016386	1.58
21.516632586016733	1.58
24.532833045067814	1.58
11.72471042610513	1.58
28.810861697597936	1.58
30.65630807094998	1.58
22.098057493659788	1.58
18.263893895395768	1.58
30.828284949513268	1.58
42.30722546666465	1.58
14.11138626891844	1.58
18.263893895395768	1.58
21.01030497824656	1.58
42.30722546666465	1.58
15.039412593401835	1.58
17.04491814987137	1.58
24.305937137369476	1.58
42.30722546666465	1.58
11.675848981691678	1.58
17.04491814987137	1.58
33.491992235714925	1.58
42.30722546666465	1.58
13.404523103293624	1.58
28.049131758918513	1.58
39.32398842960221	1.58
39.711602403676395	1.58
15.734209643700654	1.58
23.303944219975424	1.58
32.19626914394098	1.58
31.71681629784647	1.58
15.734209643700654	1.58
21.992607340374366	1.58
36.791169882693104	1.58
30.690535256713105	1.58
9.26403646169824	1.58
23.34457383946772	1.58
35.6610686350078	1.58
28.943694776084225	1.58
9.26403646169824	1.58
22.632690382676827	1.58
35.77177616430923	1.58
29.55273552514535	1.58
9.26403646169824	1.58
26.054870098047076	1.58
27.19396762322742	1.58
30.33606770717652	1.58
11.181745908759499	1.58
26.301288860362256	1.58
28.106916159471805	1.58
30.434229311273768	1.58
16.1055395992599	1.58
27.002591744381878	1.58
28.106916159471805	1.58
31.017187576057722	1.58
16.975960692973167	1.58
24.55381656240178	1.58
33.23662778623624	1.58
28.86307724984799	1.58
11.359535399535106	1.58
24.55381656240178	1.58
36.72771918102296	1.58
27.78522028577721	1.58
11.359535399535106	1.58
23.365666004278307	1.58
32.29216691507946	1.58
27.960434671901655	1.58
11.359535399535106	1.58
20.480679999019873	1.58
34.42247227062929	1.58
27.35608565232915	1.58
6.500164864838176	1.58
13.70446397586635	1.58
34.197040075310284	1.58
25.8588496732119	1.58
6.500164864838176	1.58
18.465055793909215	1.58
20.591536672634433	1.58
26.20865217471356	1.58
6.500164864838176	1.58
14.281788897088601	1.58
21.291452910936535	1.58
27.006711289684745	1.58
11.444219789655804	1.58
17.035486962778165	1.58
16.83697953972988	1.58
34.78805272623703	1.58
11.444219789655804	1.58
18.050926655309222	1.58
12.219584483377414	1.58
42.88312147441883	1.58
14.26757984309942	1.58
19.69467278456697	1.58
12.067450876998556	1.58
42.88312147441883	1.58
14.787592506913132	1.58
26.773226450408664	1.58
12.67633055742628	1.58
42.88312147441883	1.58
15.018535773923654	1.58
26.773226450408664	1.58
12.466605882447272	1.58
40.25330263420453	1.58
8.480414547421468	1.58
20.006143245888435	1.58
13.845000802771747	1.58
40.25330263420453	1.58
8.480414547421468	1.58
15.00343097025818	1.58
13.845000802771747	1.58
33.745512056224335	1.58
8.647945363548736	1.58
16.669041935594038	1.58
8.183392585741146	1.58
36.21790295375632	1.58
4.861917590824081	1.58
12.833338398026399	1.58
8.399829227884062	1.58
32.776998036221556	1.58
4.889437676777225	1.58
15.22859970829624	1.58
12.227574132727614	1.58
32.82978970786995	1.58
4.889437676777225	1.58
13.260740105912323	1.58
12.227574132727614	1.58
33.41915129675226	1.58
4.889437676777225	1.58
17.91096926882693	1.58
12.227574132727614	1.58
33.41915129675226	1.58
4.889437676777225	1.58
17.91096926882693	1.58
18.22842341054228	1.58
27.340874466527882	1.58
3.055504667165737	1.58
14.69153853072712	1.58
33.352823187349706	1.58
39.2775117656005	1.58
3.354735033779411	1.58
18.31392042662101	1.58
33.744201159979575	1.58
41.15191763909425	1.58
3.354735033779411	1.58
13.285089141318021	1.58
35.498670272264334	1.58
38.52925451066544	1.58
3.354735033779411	1.58
10.759392499491193	1.58
27.647744527960853	1.58
38.52925451066544	1.58
3.354735033779411	1.58
9.494458492458445	1.58
27.647744527960853	1.58
38.52925451066544	1.58
3.129641068751675	1.58
11.944415111991585	1.58
27.647744527960853	1.58
49.14615575051203	1.58
1.947899572306106	1.58
8.527090587410406	1.58
41.18304109355156	1.58
49.14615575051203	1.58
4.342046095907639	1.58
8.527090587410406	1.58
36.94525131012565	1.58
49.14615575051203	1.58
5.488859214390686	1.58
7.083398150454584	1.58
36.94525131012565	1.58
49.54350831420906	1.58
5.058695293562645	1.58
6.3723224799693226	1.58
30.653405814711384	1.58
49.54350831420906	1.58
3.999495196888232	1.58
8.017568651097747	1.58
18.500445475209634	1.58
31.205357793081124	1.58
3.999495196888232	1.58
11.06198287733248	1.58
11.658164163120853	1.58
22.293894467238232	1.58
3.9145959273138144	1.58
14.709138510077128	1.58
4.732201354027662	1.58
20.997335513234145	1.58
3.9145959273138144	1.58
18.65529544310727	1.58
4.712343604834751	1.58
20.997335513234145	1.58
3.2429979029107336	1.58
19.752816638033444	1.58
4.6281559517165	1.58
20.464163579866778	1.58
9.439873595538494	1.58
19.91154387296227	1.58
3.6555750633011748	1.58
20.464163579866778	1.58
9.686077983391051	1.58
16.470768487796192	1.58
3.6555750633011748	1.58
20.04132022484339	1.58
9.866001450691527	1.58
19.188202274519433	1.58
4.834766803533878	1.58
20.77455775097768	1.58
12.673138749036251	1.58
17.5113710945304	1.58
9.857288003675038	1.58
27.070752195618034	1.58
11.610965536728667	1.58
17.5113710945304	1.58
10.707723089530221	1.58
30.069428296763057	1.58
11.610965536728667	1.58
21.568964248599332	1.58
9.950557525591362	1.58
35.90075149604871	1.58
11.238751870855992	1.58
24.60647940930108	1.58
9.887273973266662	1.58
35.90075149604871	1.58
11.157222626534374	1.58
13.776540776676303	1.58
10.166715778872222	1.58
28.073080633051966	1.58
11.157222626534374	1.58
13.765558958996547	1.58
10.23591149678736	1.58
33.500526882968174	1.58
11.18562965532382	1.58
14.072414184167437	1.58
4.136536902967503	1.58
30.75031078667314	1.58
8.680487898683925	1.58
14.072414184167437	1.58
0.5958888722496081	1.58
29.91641512304127	1.58
12.978316923811263	1.58
14.863633913543097	1.58
2.3361532097578337	1.58
25.217493915183347	1.58
12.978316923811263	1.58
14.863633913543097	1.58
2.3361532097578337	1.58
23.1160877242255	1.58
12.978316923811263	1.58
14.87632708214834	1.58
5.906102890839435	1.58
23.1160877242255	1.58
12.841570365267284	1.58
16.04886606463244	1.58
5.906102890839435	1.58
28.600607801538818	1.58
12.00554242869115	1.58
18.661002225157006	1.58
7.745550855224568	1.58
28.453810269677557	1.58
15.543021333257787	1.58
12.809960701828818	1.58
3.468692084552874	1.58
28.453810269677557	1.58
15.11419514906701	1.58
12.809960701828818	1.58
3.468692084552874	1.58
19.441199140628356	1.58
23.656541208440878	1.58
13.452645050786753	1.58
1.8191473401138012	1.58
35.37041729570896	1.58
20.988986988769767	1.58
13.452645050786753	1.58
1.8191473401138012	1.58
32.515940435249085	1.58
22.634015139283562	1.58
18.625237495825324	1.58
1.8191473401138012	1.58
36.16072253804816	1.58
22.634015139283562	1.58
