143.45179413045	1.58
149.9799363945762	1.58
128.54178497256657	1.58
150.53819701757422	1.58
143.61140592506482	1.58
149.6493995950076	1.58
122.8014049524703	1.58
149.4368614068637	1.58
140.99127487627712	1.58
145.68450197550067	1.58
113.89579102974164	1.58
148.87868861434367	1.58
140.99127487627712	1.58
147.944933546885	1.58
113.89579102974164	1.58
149.25951713120395	1.58
134.77451738063536	1.58
147.944933546885	1.58
113.89579102974164	1.58
149.25951713120395	1.58
152.88196535653742	1.58
147.944933546885	1.58
113.89579102974164	1.58
149.25951713120395	1.58
138.44229304518637	1.58
146.89831991534948	1.58
116.52913913108343	1.58
148.26145499370296	1.58
136.41324039250483	1.58
137.16108931090236	1.58
124.2923931619201	1.58
152.95164676885946	1.58
134.28228697473833	1.58
148.02564102292675	1.58
123.45446352368154	1.58
157.83304297525694	1.58
119.86782580847827	1.58
148.02564102292675	1.58
114.74917122869111	1.58
157.83304297525694	1.58
123.81300761954081	1.58
148.85224120472407	1.58
114.74917122869111	1.58
157.83304297525694	1.58
131.90224045871616	1.58
132.34811144164024	1.58
108.33762750967429	1.58
157.83304297525694	1.58
126.67385960035821	1.58
120.17972130565113	1.58
114.11765257888351	1.58
150.7477018426961	1.58
126.67385960035821	1.58
120.47018860311442	1.58
108.70731985464805	1.58
150.7477018426961	1.58
131.91767070150826	1.58
119.11056116929488	1.58
112.19249066599593	1.58
150.7477018426961	1.58
122.36138558529558	1.58
120.69336352312014	1.58
116.2183647415508	1.58
151.7836032006799	1.58
117.3416633753121	1.58
121.72649746209747	1.58
115.16271906051382	1.58
151.1114921409034	1.58
129.107592854053	1.58
121.72649746209747	1.58
119.86413497833817	1.58
153.67486989498488	1.58
131.46914763694426	1.58
121.72649746209747	1.58
119.62412254710385	1.58
153.67486989498488	1.58
133.82232893607363	1.58
121.72649746209747	1.58
118.23809010074243	1.58
153.67486989498488	1.58
130.13826717281785	1.58
121.72649746209747	1.58
123.69810167836748	1.58
153.67486989498488	1.58
140.97672313512157	1.58
120.39655075176266	1.58
123.11055558132595	1.58
157.9144131539403	1.58
142.78312572440174	1.58
120.39655075176266	1.58
123.02989684053566	1.58
157.9144131539403	1.58
139.8163799120258	1.58
120.39655075176266	1.58
116.40499441214338	1.58
154.80562268628677	1.58
126.39293626603164	1.58
119.48743872606039	1.58
116.40499441214338	1.58
149.3974532305998	1.58
111.01823380582624	1.58
125.30748749206214	1.58
117.01557963266521	1.58
141.31841955293243	1.58
119.60582794065625	1.58
122.40300750876811	1.58
116.89507638480625	1.58
148.83898427948003	1.58
119.08659154415012	1.58
135.5975785932883	1.58
116.89507638480625	1.58
152.75115729480675	1.58
119.08659154415012	1.58
121.69632822938614	1.58
112.49546172166028	1.58
152.75115729480675	1.58
125.61516868360987	1.58
118.2635422394993	1.58
112.49546172166028	1.58
151.95259044867802	1.58
125.61516868360987	1.58
124.8584605822076	1.58
108.98325684509214	1.58
151.95259044867802	1.58
125.61516868360987	1.58
124.8584605822076	1.58
108.98325684509214	1.58
148.97005382772923	1.58
125.61516868360987	1.58
124.8584605822076	1.58
108.29875344572002	1.58
143.86416282133354	1.58
125.61516868360987	1.58
121.59726953398055	1.58
113.1929932181379	1.58
155.57276155791985	1.58
129.76716745148963	1.58
121.59726953398055	1.58
116.30032489663688	1.58
155.57276155791985	1.58
128.3156508511695	1.58
121.59726953398055	1.58
116.30032489663688	1.58
155.57276155791985	1.58
128.3156508511695	1.58
121.59726953398055	1.58
111.52822020077036	1.58
155.57276155791985	1.58
130.1020659022661	1.58
123.78244361744387	1.58
115.08963944018592	1.58
155.57276155791985	1.58
130.1020659022661	1.58
123.78244361744387	1.58
110.92848182783521	1.58
155.57276155791985	1.58
135.97527544194133	1.58
123.78244361744387	1.58
110.92848182783521	1.58
157.0390790291373	1.58
140.66464885550099	1.58
134.13672587092455	1.58
110.92848182783521	1.58
152.08008719595142	1.58
145.51937427489284	1.58
149.99418405649746	1.58
110.92848182783521	1.58
156.5466106511282	1.58
145.51937427489284	1.58
149.99418405649746	1.58
110.92848182783521	1.58
157.21461407552232	1.58
135.00442575640622	1.58
143.92606320121482	1.58
124.81660252876647	1.58
157.21461407552232	1.58
134.87234498234545	1.58
142.00329478303357	1.58
124.55867336596722	1.58
153.0887450225731	1.58
123.45713445664282	1.58
141.7747658709922	1.58
124.36665571988603	1.58
153.0887450225731	1.58
122.6718261541908	1.58
141.7747658709922	1.58
116.76186087298345	1.58
148.98712557242447	1.58
128.62761167791962	1.58
139.0076007154907	1.58
116.03048888932486	1.58
148.93790260486688	1.58
126.17085841127789	1.58
143.59002411107804	1.58
112.20130206716829	1.58
141.6837864455778	1.58
112.09905886207106	1.58
147.2481663190468	1.58
112.20130206716829	1.58
136.97416785972908	1.58
112.13403587263524	1.58
143.33292538455137	1.58
111.41241506626895	1.58
132.85908361474537	1.58
113.87425933710558	1.58
147.21112832413706	1.58
111.41241506626895	1.58
120.55919516542957	1.58
113.87425933710558	1.58
157.40738001407118	1.58
110.5415235805883	1.58
120.55919516542957	1.58
112.39486941488092	1.58
152.56436693954856	1.58
110.76639010860431	1.58
120.55919516542957	1.58
112.39486941488092	1.58
152.56436693954856	1.58
110.76639010860431	1.58
126.9705300601614	1.58
112.40231204811147	1.58
152.56436693954856	1.58
110.76639010860431	1.58
132.89876920968055	1.58
118.60321737749256	1.58
152.56436693954856	1.58
110.76639010860431	1.58
128.53999319004046	1.58
118.98655155733786	1.58
152.56436693954856	1.58
109.92304791848983	1.58
130.11798860682285	1.58
118.98655155733786	1.58
152.56436693954856	1.58
112.15999780601946	1.58
133.76678135878925	1.58
122.02715779934616	1.58
152.56436693954856	1.58
112.15999780601946	1.58
129.50752710535716	1.58
114.67569371351958	1.58
152.56436693954856	1.58
112.26378955905692	1.58
129.50752710535716	1.58
116.77418605301072	1.58
152.56436693954856	1.58
112.26378955905692	1.58
139.0971284989012	1.58
116.77418605301072	1.58
152.56436693954856	1.58
108.35721283888797	1.58
136.4586699405537	1.58
116.77418605301072	1.58
152.56436693954856	1.58
108.35721283888797	1.58
130.93478476881194	1.58
113.20706786194144	1.58
152.56436693954856	1.58
108.35721283888797	1.58
120.92250503425284	1.58
109.49855385889556	1.58
152.56436693954856	1.58
108.35721283888797	1.58
132.38446252870534	1.58
109.49855385889556	1.58
152.56436693954856	1.58
108.0488275796712	1.58
129.14151838403876	1.58
110.20673570144358	1.58
153.07769723030304	1.58
106.79766001314167	1.58
138.0737086683194	1.58
110.20673570144358	1.58
153.27624005588385	1.58
107.85557776652709	1.58
127.26439210430493	1.58
111.81095407545887	1.58
157.02503610450094	1.58
105.83526532098719	1.58
127.26439210430493	1.58
111.77849321013156	1.58
131.95254485024554	1.58
105.83526532098719	1.58
128.3046977241923	1.58
109.2826573551424	1.58
144.3452794614999	1.58
105.83526532098719	1.58
120.29974994621675	1.58
107.63106483400774	1.58
144.3452794614999	1.58
106.48041017572444	1.58
128.66482574074968	1.58
108.06721306992655	1.58
144.3452794614999	1.58
106.48041017572444	1.58
124.95431726327587	1.58
112.90751800655134	1.58
126.76336455053922	1.58
109.62603038310434	1.58
124.85074746102228	1.58
110.21600669334333	1.58
126.26785625647192	1.58
109.17406801824382	1.58
124.85074746102228	1.58
110.68481669630717	1.58
126.32023140818781	1.58
109.17406801824382	1.58
136.7379136493542	1.58
111.58284718869704	1.58
125.71898522217298	1.58
109.17406801824382	1.58
146.66671862479396	1.58
111.58284718869704	1.58
122.6291136448884	1.58
109.17406801824382	1.58
155.742868496328	1.58
111.58284718869704	1.58
115.43990542352945	1.58
110.04014904895246	1.58
144.86725944790868	1.58
111.58284718869704	1.58
117.9255124274519	1.58
110.04014904895246	1.58
144.86725944790868	1.58
111.58284718869704	1.58
115.5741876315875	1.58
111.45269708297353	1.58
145.67854718336622	1.58
111.58284718869704	1.58
115.5741876315875	1.58
111.37333651425747	1.58
145.67854718336622	1.58
111.62318153581354	1.58
115.5741876315875	1.58
110.60844758899512	1.58
148.983162160401	1.58
111.94953146500237	1.58
115.5741876315875	1.58
109.08626668661073	1.58
148.983162160401	1.58
113.70336712493936	1.58
115.5741876315875	1.58
109.08626668661073	1.58
148.983162160401	1.58
112.54048328597175	1.58
113.62718958650403	1.58
109.08626668661073	1.58
152.48902387390405	1.58
113.73870302100218	1.58
113.62718958650403	1.58
109.08626668661073	1.58
152.48902387390405	1.58
113.73870302100218	1.58
111.11151371262108	1.58
109.80335924613837	1.58
155.94523481852556	1.58
113.73870302100218	1.58
120.04972988590455	1.58
111.66967118920475	1.58
155.94523481852556	1.58
113.73870302100218	1.58
137.80124252689222	1.58
111.83796131566818	1.58
155.94523481852556	1.58
114.74107578781118	1.58
130.10809917364534	1.58
112.37909728583668	1.58
147.39964861112247	1.58
114.74107578781118	1.58
122.07545693379657	1.58
112.37909728583668	1.58
147.39964861112247	1.58
114.94541084780238	1.58
124.57598042780765	1.58
112.37909728583668	1.58
147.39964861112247	1.58
116.59323510333874	1.58
111.71017535906009	1.58
112.35056310539188	1.58
147.39964861112247	1.58
115.23648697425158	1.58
111.71017535906009	1.58
112.03938607841488	1.58
147.39964861112247	1.58
116.9174595423658	1.58
121.53926747683344	1.58
112.03938607841488	1.58
148.7720782493667	1.58
116.9174595423658	1.58
121.53926747683344	1.58
112.03938607841488	1.58
139.81985181151418	1.58
120.84878941382097	1.58
116.9706020828987	1.58
113.55109996371287	1.58
152.81994615301255	1.58
120.84878941382097	1.58
116.9706020828987	1.58
113.55109996371287	1.58
152.81994615301255	1.58
119.49492355449797	1.58
117.01450626565762	1.58
109.75888707279384	1.58
156.94280882030893	1.58
119.49492355449797	1.58
110.59080357187113	1.58
112.63084436513901	1.58
144.86161433842742	1.58
127.52040356547265	1.58
110.36087905845163	1.58
112.63084436513901	1.58
144.86161433842742	1.58
127.52040356547265	1.58
108.58490303462115	1.58
116.26940779669057	1.58
157.20757868391001	1.58
136.5269157941204	1.58
108.58490303462115	1.58
126.20806042661735	1.58
157.20757868391001	1.58
144.41539808929824	1.58
108.58490303462115	1.58
126.20806042661735	1.58
157.20757868391001	1.58
140.47637411137956	1.58
108.58490303462115	1.58
139.79524733226611	1.58
157.20757868391001	1.58
144.43653687479718	1.58
110.42488964546175	1.58
136.02868215991109	1.58
157.20757868391001	1.58
144.73308440155165	1.58
110.42488964546175	1.58
134.85235115139585	1.58
157.20757868391001	1.58
142.04695153400598	1.58
119.4587865563621	1.58
149.15736022989427	1.58
154.00476570113355	1.58
137.2509772541424	1.58
112.52030120118329	1.58
135.84960860341192	1.58
150.55608614898827	1.58
137.54725628386345	1.58
112.52030120118329	1.58
142.96975107661933	1.58
145.5648854849976	1.58
137.54725628386345	1.58
112.52030120118329	1.58
142.96975107661933	1.58
141.85981893633127	1.58
132.4438750204738	1.58
119.31085162189586	1.58
142.96975107661933	1.58
142.1243726371847	1.58
124.19421829975697	1.58
119.31085162189586	1.58
144.9296310126122	1.58
144.93995425823832	1.58
129.34541695459427	1.58
119.31085162189586	1.58
136.57499330950716	1.58
145.59235336525572	1.58
123.75486083306318	1.58
118.51473246105154	1.58
127.6550939436769	1.58
157.89769613893048	1.58
122.52691919718038	1.58
116.60914938628949	1.58
127.70546235353079	1.58
157.89769613893048	1.58
135.23768597983914	1.58
110.01382361441905	1.58
125.44606773032727	1.58
157.89769613893048	1.58
144.50429548470672	1.58
110.01382361441905	1.58
118.188936430842	1.58
152.77479922278673	1.58
144.50429548470672	1.58
119.71350315495897	1.58
118.188936430842	1.58
140.5462589039995	1.58
156.0081156280737	1.58
111.9410342052461	1.58
136.10426917715108	1.58
140.33916849261428	1.58
157.16223227316573	1.58
108.01897932613167	1.58
121.2677222665998	1.58
137.92883159893998	1.58
157.16223227316573	1.58
120.25771909689034	1.58
121.11042351302505	1.58
137.77387673579946	1.58
153.42118100806528	1.58
120.25771909689034	1.58
121.11042351302505	1.58
130.978505391797	1.58
153.42118100806528	1.58
117.72188318041131	1.58
120.97798143677366	1.58
130.978505391797	1.58
148.21704704485643	1.58
114.46805254280952	1.58
122.44354000141304	1.58
124.56088945993041	1.58
148.21704704485643	1.58
116.097293399152	1.58
122.44354000141304	1.58
132.5648657897184	1.58
145.8093988197525	1.58
116.097293399152	1.58
124.77321011960942	1.58
131.9895295366967	1.58
149.21723134236586	1.58
116.097293399152	1.58
109.7807683811773	1.58
134.3465341865303	1.58
141.7507388695243	1.58
116.097293399152	1.58
118.78809516805379	1.58
130.89803947605034	1.58
139.76319044401143	1.58
115.46245724412645	1.58
117.57969942417826	1.58
145.48863659610518	1.58
134.99958447200765	1.58
114.30797851429881	1.58
108.54131758291967	1.58
145.48863659610518	1.58
142.24224974301617	1.58
114.30797851429881	1.58
108.54131758291967	1.58
148.36320084477083	1.58
138.2178454859242	1.58
119.03109433239689	1.58
112.08031307843873	1.58
136.0614238623819	1.58
127.45584802586127	1.58
119.03109433239689	1.58
112.08031307843873	1.58
128.47922067634772	1.58
135.99583573088898	1.58
114.32480672745123	1.58
111.24692917715312	1.58
125.05924430602684	1.58
144.7522416820401	1.58
115.63038482932362	1.58
124.6334109140076	1.58
125.05924430602684	1.58
149.88264264475814	1.58
115.63038482932362	1.58
122.49672334790715	1.58
123.8789450280457	1.58
149.88264264475814	1.58
115.91933317600821	1.58
124.98749545787848	1.58
123.8789450280457	1.58
149.88264264475814	1.58
113.00889645900807	1.58
124.98749545787848	1.58
125.2049801146628	1.58
149.88264264475814	1.58
114.54872421452438	1.58
124.41570756514615	1.58
123.7064552107303	1.58
149.88264264475814	1.58
113.49357049862948	1.58
124.41570756514615	1.58
128.67438626459375	1.58
149.88264264475814	1.58
115.4296214350937	1.58
121.03829655048759	1.58
135.3945478031917	1.58
142.31971454650957	1.58
117.8003517986397	1.58
119.97815045054935	1.58
135.3945478031917	1.58
146.52411433991776	1.58
117.8003517986397	1.58
116.10593782634612	1.58
137.42082066580664	1.58
153.55438032479964	1.58
117.8003517986397	1.58
107.8888890852983	1.58
144.2092463935536	1.58
153.55438032479964	1.58
121.12445349306499	1.58
108.03816868137102	1.58
144.2092463935536	1.58
152.458411597141	1.58
121.12445349306499	1.58
119.3924481310255	1.58
144.2092463935536	1.58
153.99984517650032	1.58
112.50882584072698	1.58
128.91930719424505	1.58
142.6718058191012	1.58
149.58209590912475	1.58
112.50882584072698	1.58
116.8717796833026	1.58
135.9891875565463	1.58
152.04747850846763	1.58
112.50882584072698	1.58
116.46897076407437	1.58
147.10076679772394	1.58
155.84476787474662	1.58
110.42633488747772	1.58
121.94014973493438	1.58
143.98585360835983	1.58
151.7849115372572	1.58
110.42633488747772	1.58
117.01776188400018	1.58
142.56341583434457	1.58
154.52525041419483	1.58
110.42633488747772	1.58
111.75728755107284	1.58
154.74228817501233	1.58
154.45054386435143	1.58
110.42633488747772	1.58
111.75728755107284	1.58
154.74228817501233	1.58
154.45054386435143	1.58
110.79576338700163	1.58
125.80388779163765	1.58
154.96920788465883	1.58
154.45054386435143	1.58
110.79576338700163	1.58
135.11361186981833	1.58
154.96920788465883	1.58
154.07411599582318	1.58
117.00495481882514	1.58
137.24327881718065	1.58
142.37081551453602	1.58
156.0937278313392	1.58
110.77570141081603	1.58
130.3480596945172	1.58
145.89816848395301	1.58
156.0937278313392	1.58
118.6095061549122	1.58
124.40808500407525	1.58
151.41612716596586	1.58
155.84631656203308	1.58
131.2463981278607	1.58
118.50216656382338	1.58
150.79641542510245	1.58
155.84631656203308	1.58
132.20887429923388	1.58
124.631077335336	1.58
148.16699816609017	1.58
155.84631656203308	1.58
128.7033231735424	1.58
124.631077335336	1.58
148.16699816609017	1.58
155.84631656203308	1.58
128.7033231735424	1.58
135.1843582753841	1.58
151.47347203710564	1.58
150.66384549947907	1.58
126.4436998868258	1.58
142.42705383048838	1.58
151.4988315967101	1.58
150.14548445097552	1.58
122.0115165496524	1.58
140.33912136516537	1.58
152.3395715101742	1.58
146.68642265018252	1.58
122.0115165496524	1.58
139.59534333975833	1.58
155.84292362127718	1.58
137.84965884517962	1.58
122.0115165496524	1.58
148.3072850148473	1.58
151.07194252608562	1.58
138.03989907711806	1.58
124.61721022490788	1.58
154.88499958371057	1.58
151.07194252608562	1.58
138.03989907711806	1.58
134.32849582113397	1.58
154.88499958371057	1.58
151.07194252608562	1.58
138.03989907711806	1.58
113.98945201393876	1.58
154.88499958371057	1.58
151.07194252608562	1.58
131.6933279736187	1.58
129.49975950030725	1.58
154.88499958371057	1.58
155.4236473311856	1.58
126.9569156438514	1.58
118.35373938136571	1.58
154.11801219902077	1.58
155.4236473311856	1.58
121.48818535932432	1.58
118.35373938136571	1.58
152.85944564300863	1.58
155.4236473311856	1.58
108.10965480571126	1.58
126.05112818584539	1.58
154.57549802148608	1.58
155.4236473311856	1.58
108.10965480571126	1.58
133.7301481745875	1.58
154.57549802148608	1.58
139.06860979352018	1.58
108.10965480571126	1.58
122.88986123026152	1.58
150.744931644236	1.58
152.33096069155633	1.58
118.43822429942156	1.58
128.43618381560313	1.58
150.744931644236	1.58
140.39428535767595	1.58
112.56228882127456	1.58
128.43618381560313	1.58
150.7396737618085	1.58
144.7491538544865	1.58
119.30717332053358	1.58
122.0529737927967	1.58
150.7396737618085	1.58
140.73569681695923	1.58
125.9431741821375	1.58
111.68277268291723	1.58
150.7396737618085	1.58
150.500053287313	1.58
125.9431741821375	1.58
111.68277268291723	1.58
132.75478272274833	1.58
140.06517749091628	1.58
125.9431741821375	1.58
111.68277268291723	1.58
134.77210101885788	1.58
140.06517749091628	1.58
123.82056117038329	1.58
114.3784454666913	1.58
143.06626844519147	1.58
152.68347157748306	1.58
123.82056117038329	1.58
114.3784454666913	1.58
143.06626844519147	1.58
153.24772460563224	1.58
123.82056117038329	1.58
114.3784454666913	1.58
143.06626844519147	1.58
153.24772460563224	1.58
123.82056117038329	1.58
114.3784454666913	1.58
146.4233032684323	1.58
153.24772460563224	1.58
133.6012885847751	1.58
121.64580360036015	1.58
146.4233032684323	1.58
143.53659362704195	1.58
131.16582160841605	1.58
121.64580360036015	1.58
142.90224631290528	1.58
139.31118973116608	1.58
128.9554843346228	1.58
121.64580360036015	1.58
139.32181953561349	1.58
146.64427193965213	1.58
122.69628914644646	1.58
117.02064169635626	1.58
138.03875637933487	1.58
146.64427193965213	1.58
126.50843838725083	1.58
119.3857945785924	1.58
134.10008094230906	1.58
145.17304827444627	1.58
122.48637439751514	1.58
108.0247448477311	1.58
132.97664130713684	1.58
147.51499528866708	1.58
119.4824495016753	1.58
108.78471867352394	1.58
132.97664130713684	1.58
147.51499528866708	1.58
119.4824495016753	1.58
108.78471867352394	1.58
128.45833084166017	1.58
134.24268151778827	1.58
120.79155439494095	1.58
108.78471867352394	1.58
130.57905680030373	1.58
145.53344000693724	1.58
112.30388172138807	1.58
108.78471867352394	1.58
131.47257116963482	1.58
156.94902955614378	1.58
112.30388172138807	1.58
108.78471867352394	1.58
130.10107607665253	1.58
156.94902955614378	1.58
111.04866435765534	1.58
118.53080242913096	1.58
131.0269796803545	1.58
156.94902955614378	1.58
105.68874141135537	1.58
120.30056295515148	1.58
128.5119879255625	1.58
140.3958597657059	1.58
105.68874141135537	1.58
120.30056295515148	1.58
144.82781768300362	1.58
134.08694573791664	1.58
105.68874141135537	1.58
120.8469566467226	1.58
144.82781768300362	1.58
134.08694573791664	1.58
105.68874141135537	1.58
120.8469566467226	1.58
144.82781768300362	1.58
156.32940893203454	1.58
105.68874141135537	1.58
124.43767503590968	1.58
151.6812864753252	1.58
156.32940893203454	1.58
126.75646766963499	1.58
124.43767503590968	1.58
158.07121856177298	1.58
156.32940893203454	1.58
127.21241793043829	1.58
116.45784237532901	1.58
148.73251857648856	1.58
156.32940893203454	1.58
125.76941684727097	1.58
129.60988426874692	1.58
151.5982960956643	1.58
156.32940893203454	1.58
120.95584436522438	1.58
137.66182335822626	1.58
151.5982960956643	1.58
156.32940893203454	1.58
120.95584436522438	1.58
128.73111988985937	1.58
151.5982960956643	1.58
146.03333596527185	1.58
129.80246876238778	1.58
135.86185791324542	1.58
151.5982960956643	1.58
152.28492066106946	1.58
126.16645471835403	1.58
135.86185791324542	1.58
151.5982960956643	1.58
152.28492066106946	1.58
119.14654233061925	1.58
131.15982945563053	1.58
142.67610100881473	1.58
152.28492066106946	1.58
124.04773985008093	1.58
119.89325466663055	1.58
145.7494117732801	1.58
152.28492066106946	1.58
115.26930954300715	1.58
119.89325466663055	1.58
145.7494117732801	1.58
154.60856626854076	1.58
120.75607661911927	1.58
120.02992077658388	1.58
141.02526778459108	1.58
154.60856626854076	1.58
120.75607661911927	1.58
125.83197532787136	1.58
148.14824559994813	1.58
154.60856626854076	1.58
118.63533454007698	1.58
123.5041464857634	1.58
148.14824559994813	1.58
154.60856626854076	1.58
118.63533454007698	1.58
123.5041464857634	1.58
156.54130435371107	1.58
154.60856626854076	1.58
118.63533454007698	1.58
114.01968504847045	1.58
156.54130435371107	1.58
154.60856626854076	1.58
123.771732559952	1.58
114.01968504847045	1.58
150.14491461648714	1.58
154.60856626854076	1.58
123.771732559952	1.58
118.94931434310979	1.58
140.94992812980655	1.58
154.60856626854076	1.58
129.00483040365722	1.58
118.94931434310979	1.58
150.88117100762014	1.58
154.60856626854076	1.58
135.67620212897194	1.58
118.94931434310979	1.58
140.00388052933164	1.58
154.60856626854076	1.58
132.76885286895904	1.58
122.58826314934839	1.58
156.24966203118822	1.58
154.60856626854076	1.58
133.54656007269392	1.58
121.82491070729566	1.58
156.24966203118822	1.58
154.60856626854076	1.58
136.27771844010832	1.58
121.82491070729566	1.58
156.24966203118822	1.58
154.60856626854076	1.58
118.16306631307185	1.58
127.05503263773265	1.58
154.63071710559404	1.58
154.60856626854076	1.58
118.16306631307185	1.58
136.26206183702104	1.58
154.63071710559404	1.58
149.8250342457571	1.58
118.16306631307185	1.58
136.26206183702104	1.58
154.63071710559404	1.58
150.58251455972518	1.58
118.16306631307185	1.58
129.252388809307	1.58
154.63071710559404	1.58
150.58251455972518	1.58
118.16306631307185	1.58
138.67725669553272	1.58
154.63071710559404	1.58
150.23822418605906	1.58
118.16306631307185	1.58
141.33071310995544	1.58
154.63071710559404	1.58
137.44338381081104	1.58
135.56854744189275	1.58
133.67719665168892	1.58
156.76337130752495	1.58
137.4097035745453	1.58
138.342704516488	1.58
133.11761927757397	1.58
156.76337130752495	1.58
140.6810828915648	1.58
138.38977094763817	1.58
131.65991950643422	1.58
158.27137502603392	1.58
138.3906741022555	1.58
138.38887084457096	1.58
131.51283679208825	1.58
158.27137502603392	1.58
138.39148636548012	1.58
138.3900267030365	1.58
126.36253592913359	1.58
158.27137502603392	1.58
142.36402641788564	1.58
141.12823060971795	1.58
124.22216628300495	1.58
158.27137502603392	1.58
142.32548201435955	1.58
129.48838563767143	1.58
121.85198209319799	1.58
157.71827865825594	1.58
142.32548201435955	1.58
114.72242873720839	1.58
131.31150224341692	1.58
157.71827865825594	1.58
148.95703748359225	1.58
112.98147102581395	1.58
137.40711031973362	1.58
147.57279329403875	1.58
152.9419762663678	1.58
112.98147102581395	1.58
133.1843663238096	1.58
150.25392590040244	1.58
149.6551075474759	1.58
130.9085755727618	1.58
133.1843663238096	1.58
149.15255694011822	1.58
144.75958910373598	1.58
124.02401384132828	1.58
138.39499380887383	1.58
148.9448404681391	1.58
144.75958910373598	1.58
126.80370586595632	1.58
139.02277452039945	1.58
148.9448404681391	1.58
143.09351029104263	1.58
113.89443804999993	1.58
140.85793854423187	1.58
148.9448404681391	1.58
142.39827643385982	1.58
120.05792983104216	1.58
140.25332134709643	1.58
153.16030859858154	1.58
142.39827643385982	1.58
120.05792983104216	1.58
143.6540917797419	1.58
153.16030859858154	1.58
146.63195566927263	1.58
120.05792983104216	1.58
140.06525082227344	1.58
144.57284424029	1.58
144.55984231976936	1.58
112.76211803662301	1.58
137.4388952185248	1.58
141.51034195920545	1.58
144.55984231976936	1.58
112.36158529342347	1.58
137.26218952889715	1.58
153.69772430783237	1.58
144.55984231976936	1.58
112.36158529342347	1.58
133.20003480437944	1.58
153.69772430783237	1.58
144.42553990871826	1.58
115.68814841210589	1.58
122.83969200297015	1.58
153.69772430783237	1.58
144.42553990871826	1.58
123.90018745554266	1.58
133.41841298372873	1.58
153.27861027805454	1.58
151.9608981326709	1.58
123.90018745554266	1.58
123.36828298132525	1.58
154.18972080110746	1.58
151.9608981326709	1.58
123.48862604123241	1.58
113.20635636369971	1.58
152.8487917508626	1.58
151.9608981326709	1.58
120.53138027114412	1.58
113.169868448886	1.58
155.61643475883645	1.58
151.9608981326709	1.58
126.69959086618105	1.58
113.169868448886	1.58
155.61643475883645	1.58
158.04289883269945	1.58
128.5758687371308	1.58
113.169868448886	1.58
155.61643475883645	1.58
149.483967815909	1.58
127.44420600181736	1.58
113.169868448886	1.58
151.07282847295102	1.58
153.7645657364792	1.58
132.91696713191786	1.58
128.58235040493327	1.58
151.07282847295102	1.58
153.7645657364792	1.58
136.72245827504216	1.58
109.10356191598787	1.58
151.07282847295102	1.58
149.3060204800549	1.58
133.88197600077243	1.58
115.79928351881709	1.58
151.07282847295102	1.58
149.3060204800549	1.58
127.1487380460392	1.58
115.79928351881709	1.58
146.59040459287303	1.58
137.21148209875304	1.58
127.29628842453818	1.58
120.0877770691778	1.58
150.77125740267968	1.58
138.741603571391	1.58
110.60407613381017	1.58
120.0877770691778	1.58
150.77125740267968	1.58
130.50699130711044	1.58
110.60407613381017	1.58
120.30296761905107	1.58
154.07748026432944	1.58
135.74746599129804	1.58
113.73241226357545	1.58
127.99465731201542	1.58
154.07748026432944	1.58
132.5559073278502	1.58
113.73241226357545	1.58
128.99870273446453	1.58
151.63173979938597	1.58
143.0608835540738	1.58
120.6707268771663	1.58
129.49647342017704	1.58
153.53025926848537	1.58
143.0608835540738	1.58
107.08801245351083	1.58
119.8825983826614	1.58
140.80239775997526	1.58
147.64999310121053	1.58
109.63156159353295	1.58
119.8825983826614	1.58
134.57267209493762	1.58
147.64999310121053	1.58
119.31032905683749	1.58
119.8825983826614	1.58
129.75237046949826	1.58
143.08929006953576	1.58
126.91899178214493	1.58
119.8825983826614	1.58
135.5743612717817	1.58
151.77030453011247	1.58
129.4464898023054	1.58
119.82414804082272	1.58
135.5743612717817	1.58
155.0520398696681	1.58
131.48023144082393	1.58
119.82414804082272	1.58
131.2497725172817	1.58
155.0520398696681	1.58
131.67297094671855	1.58
119.82414804082272	1.58
130.63721447921208	1.58
147.46453503644042	1.58
131.67297094671855	1.58
119.82414804082272	1.58
131.0803090686338	1.58
135.21521573565255	1.58
131.2090172125519	1.58
119.82414804082272	1.58
131.00458011289405	1.58
148.24636709502101	1.58
131.83778539135037	1.58
117.8315995622458	1.58
139.64772849885452	1.58
148.24636709502101	1.58
134.18335036294962	1.58
117.8315995622458	1.58
141.91839474285175	1.58
148.24636709502101	1.58
137.4527977897167	1.58
117.8315995622458	1.58
143.7861079629868	1.58
148.24636709502101	1.58
141.86767702617072	1.58
117.8315995622458	1.58
145.23707424243977	1.58
134.1712186334661	1.58
141.86767702617072	1.58
111.07301313425769	1.58
145.23707424243977	1.58
137.85251791344982	1.58
141.5846050083189	1.58
111.07301313425769	1.58
145.23707424243977	1.58
137.85251791344982	1.58
139.54788829832788	1.58
115.46717491132124	1.58
149.65895122946387	1.58
150.98390628950747	1.58
139.54788829832788	1.58
115.46717491132124	1.58
154.6304096345663	1.58
154.53357683525408	1.58
138.30532038210208	1.58
115.47568313135861	1.58
154.6304096345663	1.58
145.92459422299493	1.58
141.87239652336953	1.58
112.21173221055679	1.58
154.6304096345663	1.58
145.92459422299493	1.58
134.60738598718441	1.58
126.89484639974839	1.58
145.43624536024683	1.58
156.3674731119138	1.58
137.719029634199	1.58
125.29521736263905	1.58
158.12467379152642	1.58
155.5933493377576	1.58
125.24458427006876	1.58
107.9637690256491	1.58
158.12467379152642	1.58
155.58878506755664	1.58
133.9098644902646	1.58
107.9637690256491	1.58
158.12467379152642	1.58
133.82756519234	1.58
133.96404859135097	1.58
107.9637690256491	1.58
158.12467379152642	1.58
133.86747878199859	1.58
133.96404859135097	1.58
107.9637690256491	1.58
158.12467379152642	1.58
133.8238479206373	1.58
133.95701701657825	1.58
110.32777282759125	1.58
154.28481583946788	1.58
144.29998620509934	1.58
120.5707497401325	1.58
110.32777282759125	1.58
154.28481583946788	1.58
144.29998620509934	1.58
120.5707497401325	1.58
130.12475696794144	1.58
154.28481583946788	1.58
136.45463124838432	1.58
124.03424543399905	1.58
127.01659655837697	1.58
154.28481583946788	1.58
143.79999137222813	1.58
122.73206156398672	1.58
126.89560464410923	1.58
154.28481583946788	1.58
142.78134437071577	1.58
120.08909971898666	1.58
121.50855449014617	1.58
154.28481583946788	1.58
134.7264123166254	1.58
120.08909971898666	1.58
128.78081986968118	1.58
154.28481583946788	1.58
132.4022296493719	1.58
115.5873455335154	1.58
132.89415760648077	1.58
154.28481583946788	1.58
131.92943691264182	1.58
114.10076274378726	1.58
129.91505281489174	1.58
154.28481583946788	1.58
131.92943691264182	1.58
102.84207176644293	1.58
129.91505281489174	1.58
157.8344984974744	1.58
131.92943691264182	1.58
102.84207176644293	1.58
129.21218443247372	1.58
157.8344984974744	1.58
131.28074096351742	1.58
102.84207176644293	1.58
129.4012487836143	1.58
146.66479475190303	1.58
139.4873329402087	1.58
77.34317115422789	1.58
129.4012487836143	1.58
138.60013358346322	1.58
139.4873329402087	1.58
78.26098743375225	1.58
129.4012487836143	1.58
140.79012788324786	1.58
140.15596212938496	1.58
78.26098743375225	1.58
129.21445174200142	1.58
140.3355605410792	1.58
136.8414229711574	1.58
105.56081398611934	1.58
121.50782565084435	1.58
130.86061779855785	1.58
137.45854498376107	1.58
118.36441713841751	1.58
121.76064582540351	1.58
140.66082094431147	1.58
148.92851548067898	1.58
123.43035361466838	1.58
111.55799893811876	1.58
140.66082094431147	1.58
152.41335259064905	1.58
119.37711225231175	1.58
111.55799893811876	1.58
140.66082094431147	1.58
134.94919187571983	1.58
117.8234542184685	1.58
113.05257826336123	1.58
156.84517165872896	1.58
134.94919187571983	1.58
110.2800412441842	1.58
113.05257826336123	1.58
156.84517165872896	1.58
143.22569868950796	1.58
110.2800412441842	1.58
113.05257826336123	1.58
156.84517165872896	1.58
142.00516109351645	1.58
110.2800412441842	1.58
113.05257826336123	1.58
156.84517165872896	1.58
142.00516109351645	1.58
110.2800412441842	1.58
113.05257826336123	1.58
156.84517165872896	1.58
139.94274558722938	1.58
111.61425029556105	1.58
113.05257826336123	1.58
156.84517165872896	1.58
139.94274558722938	1.58
111.61425029556105	1.58
113.05257826336123	1.58
156.84517165872896	1.58
152.7447946982403	1.58
111.61425029556105	1.58
113.05257826336123	1.58
156.84517165872896	1.58
147.58709984503335	1.58
118.3204975876044	1.58
113.05257826336123	1.58
156.84517165872896	1.58
147.58709984503335	1.58
113.08127622436702	1.58
113.05257826336123	1.58
156.84517165872896	1.58
147.58709984503335	1.58
113.08127622436702	1.58
113.05257826336123	1.58
156.84517165872896	1.58
147.58709984503335	1.58
113.08127622436702	1.58
113.05257826336123	1.58
156.84517165872896	1.58
155.01750005063965	1.58
121.19456298910463	1.58
126.60245566694259	1.58
156.84517165872896	1.58
155.01750005063965	1.58
121.19456298910463	1.58
133.51774399687412	1.58
156.84517165872896	1.58
153.51458775058734	1.58
121.19456298910463	1.58
135.23200755553975	1.58
156.84517165872896	1.58
153.51458775058734	1.58
121.19456298910463	1.58
135.66492066225095	1.58
151.87325047829785	1.58
153.51458775058734	1.58
121.19456298910463	1.58
134.11666038784918	1.58
143.83143798274116	1.58
153.51458775058734	1.58
130.5559746324292	1.58
134.11666038784918	1.58
143.83143798274116	1.58
153.51458775058734	1.58
132.69946122373275	1.58
135.65238999565693	1.58
146.86762263206188	1.58
153.6802480263307	1.58
136.533803149793	1.58
139.46884163487655	1.58
149.24357289503305	1.58
154.89010437002904	1.58
130.73485402465462	1.58
143.47488611786656	1.58
145.59066392447102	1.58
152.35808652275296	1.58
122.97496473597417	1.58
143.47488611786656	1.58
151.8423955500683	1.58
152.3235672974201	1.58
122.97496473597417	1.58
143.47488611786656	1.58
151.8423955500683	1.58
155.75019028540194	1.58
131.07055968398737	1.58
147.23850421918976	1.58
151.55574911283526	1.58
155.75019028540194	1.58
126.34282453287608	1.58
148.5302426095326	1.58
152.21170622871787	1.58
155.2688730521583	1.58
126.34282453287608	1.58
147.80435069249003	1.58
153.90268622387526	1.58
154.29736042384866	1.58
116.93470267279326	1.58
148.9310930379274	1.58
156.40693058396832	1.58
154.29736042384866	1.58
122.53830947295786	1.58
151.26001917943972	1.58
156.40693058396832	1.58
157.1101118384949	1.58
122.53830947295786	1.58
151.26001917943972	1.58
156.40693058396832	1.58
157.1101118384949	1.58
118.9615832536521	1.58
151.05475834092988	1.58
156.40693058396832	1.58
157.1029992233594	1.58
118.9615832536521	1.58
148.35810400324323	1.58
156.40693058396832	1.58
153.49780229251354	1.58
125.01986141676949	1.58
143.44875045822303	1.58
156.40693058396832	1.58
153.28125712766797	1.58
120.92895557944533	1.58
147.50334308904004	1.58
156.40693058396832	1.58
155.70510097999053	1.58
120.48332389330184	1.58
150.80540097396846	1.58
156.40693058396832	1.58
155.70510097999053	1.58
120.48332389330184	1.58
148.31834905601738	1.58
156.40693058396832	1.58
141.19010228469438	1.58
125.31413249235653	1.58
148.78365860845906	1.58
156.40693058396832	1.58
140.52631792450435	1.58
125.31413249235653	1.58
155.70743773505922	1.58
156.09437381731564	1.58
148.97514433582083	1.58
125.31413249235653	1.58
155.73575216426292	1.58
155.9164954907634	1.58
145.94705659887302	1.58
123.80008596853341	1.58
157.5823571899861	1.58
154.41092080004555	1.58
142.15983449405377	1.58
108.55707018612671	1.58
157.002967233969	1.58
154.8673819639601	1.58
136.20914004572342	1.58
108.55707018612671	1.58
151.01901730861513	1.58
154.9397851595008	1.58
130.13708281152813	1.58
114.8551161270323	1.58
141.8681345524669	1.58
154.9397851595008	1.58
135.76059798520032	1.58
124.07309707180428	1.58
131.62914732488713	1.58
154.9397851595008	1.58
132.84889194867617	1.58
118.83074938985777	1.58
135.60139742825206	1.58
154.9397851595008	1.58
131.19534539608551	1.58
118.83074938985777	1.58
135.60139742825206	1.58
155.32338944485738	1.58
134.76351347345351	1.58
127.98420272495831	1.58
132.98087398321275	1.58
145.5418790077302	1.58
140.62137155419478	1.58
128.57147347072635	1.58
130.19855690906257	1.58
142.41278902986863	1.58
138.27599947596187	1.58
126.91951523366765	1.58
125.45611106580208	1.58
150.85966198696082	1.58
132.41860706734047	1.58
121.75748575593092	1.58
123.39198202482943	1.58
150.85966198696082	1.58
139.59359275274497	1.58
131.43708097127467	1.58
123.39198202482943	1.58
156.8110902881906	1.58
147.32781816318615	1.58
120.4216321446844	1.58
123.39198202482943	1.58
156.8110902881906	1.58
134.4849340310403	1.58
117.15725284900469	1.58
123.39198202482943	1.58
141.58670713427347	1.58
134.4849340310403	1.58
113.67242472447899	1.58
126.02591150290156	1.58
141.44209828675127	1.58
140.47274524395888	1.58
120.32247187749256	1.58
133.1909358126573	1.58
144.11775075045497	1.58
141.26128008703773	1.58
120.32247187749256	1.58
135.2402118855691	1.58
153.7951013177284	1.58
141.26128008703773	1.58
114.02586372985064	1.58
117.70787812307074	1.58
153.7951013177284	1.58
136.1614727867945	1.58
114.02586372985064	1.58
126.63343598059595	1.58
141.380823343814	1.58
136.1614727867945	1.58
115.28057945531627	1.58
121.9843822568774	1.58
156.72928228630158	1.58
149.74928973801406	1.58
115.28057945531627	1.58
114.8074374609617	1.58
156.72928228630158	1.58
149.74928973801406	1.58
115.28057945531627	1.58
118.85389860663055	1.58
151.19857640116908	1.58
149.74928973801406	1.58
126.16581904998475	1.58
118.85389860663055	1.58
144.53964529801559	1.58
149.74928973801406	1.58
122.89744771089946	1.58
118.85389860663055	1.58
144.53964529801559	1.58
142.0764958498242	1.58
125.27405484650106	1.58
118.85389860663055	1.58
154.78886838439612	1.58
150.4087859472757	1.58
108.61004220219507	1.58
118.85389860663055	1.58
155.93083225419184	1.58
146.20639162426812	1.58
108.61004220219507	1.58
118.85389860663055	1.58
156.91595069555063	1.58
146.20639162426812	1.58
108.61004220219507	1.58
118.85389860663055	1.58
156.91595069555063	1.58
147.86646264064416	1.58
127.24514698819749	1.58
113.3153584627077	1.58
156.91595069555063	1.58
147.86646264064416	1.58
133.78548584824102	1.58
126.72380905823617	1.58
156.91595069555063	1.58
148.80499996386013	1.58
136.77114073975233	1.58
117.4752940663363	1.58
153.07676411805824	1.58
148.80499996386013	1.58
137.13949848197208	1.58
117.4752940663363	1.58
153.07676411805824	1.58
148.80499996386013	1.58
139.70282696073397	1.58
118.57843168618125	1.58
153.07676411805824	1.58
145.89308699475382	1.58
141.7935025542633	1.58
118.57843168618125	1.58
153.07676411805824	1.58
149.3004545696561	1.58
144.95546291701038	1.58
118.57843168618125	1.58
146.9220475561492	1.58
149.3004545696561	1.58
142.74257542908504	1.58
131.92552844975953	1.58
146.4125306219259	1.58
149.3004545696561	1.58
142.20930099391566	1.58
132.45541093305738	1.58
153.17361050017823	1.58
153.58162673399664	1.58
131.6964594641512	1.58
121.31126473270172	1.58
152.17340159544227	1.58
144.92256047759693	1.58
129.38067045623646	1.58
121.31126473270172	1.58
152.17340159544227	1.58
157.7234964939854	1.58
117.3751504521247	1.58
121.31126473270172	1.58
143.9506039717459	1.58
157.7234964939854	1.58
105.33394084368996	1.58
107.9738974305514	1.58
143.9506039717459	1.58
154.77704961895333	1.58
105.33394084368996	1.58
107.9738974305514	1.58
151.03835334256567	1.58
154.77704961895333	1.58
116.43100973010424	1.58
107.9738974305514	1.58
151.03835334256567	1.58
154.77704961895333	1.58
116.43100973010424	1.58
111.19760789294308	1.58
151.03835334256567	1.58
152.09426896234683	1.58
116.43100973010424	1.58
111.19760789294308	1.58
142.63856765025037	1.58
152.09426896234683	1.58
116.43100973010424	1.58
122.79432748512471	1.58
133.34760911495914	1.58
152.09426896234683	1.58
120.57780782732135	1.58
120.94213088645401	1.58
127.81816644418066	1.58
150.92612764763092	1.58
133.51533148400296	1.58
122.86006531841929	1.58
127.81816644418066	1.58
154.23359706331462	1.58
135.15945957709806	1.58
111.56109596649375	1.58
131.18346742187174	1.58
154.23359706331462	1.58
131.30562883107729	1.58
128.60001670011334	1.58
131.21770082492066	1.58
154.23359706331462	1.58
131.30562883107729	1.58
128.84505292340387	1.58
131.13242277846268	1.58
156.35168367929603	1.58
131.4528668280419	1.58
129.93069870356607	1.58
131.13242277846268	1.58
156.35168367929603	1.58
109.0178917214779	1.58
129.243789809929	1.58
145.57756764471898	1.58
155.46129782112595	1.58
109.0178917214779	1.58
127.28262878867368	1.58
129.96004829278013	1.58
155.46129782112595	1.58
109.0178917214779	1.58
124.23099079216684	1.58
131.81058608400394	1.58
150.5922687167266	1.58
109.0178917214779	1.58
112.89312198049706	1.58
131.81058608400394	1.58
143.74965992722596	1.58
109.0178917214779	1.58
112.89312198049706	1.58
137.57130991340782	1.58
143.74965992722596	1.58
109.0178917214779	1.58
112.89312198049706	1.58
150.8306604132513	1.58
143.74965992722596	1.58
109.0178917214779	1.58
112.89312198049706	1.58
150.8306604132513	1.58
143.74965992722596	1.58
109.0178917214779	1.58
121.08296323732318	1.58
141.67935553560986	1.58
139.158821101472	1.58
104.4219967514583	1.58
113.59148706793377	1.58
148.73374361568682	1.58
141.40343222088387	1.58
114.83079738006407	1.58
110.33982338343725	1.58
156.3430576404998	1.58
132.4857881975546	1.58
114.83079738006407	1.58
110.33982338343725	1.58
147.68318489358438	1.58
127.78044536946805	1.58
114.83079738006407	1.58
114.39502185477241	1.58
147.68318489358438	1.58
127.78044536946805	1.58
114.83079738006407	1.58
114.39502185477241	1.58
147.68318489358438	1.58
139.54844479677212	1.58
114.83079738006407	1.58
109.96479342669569	1.58
147.68318489358438	1.58
150.75900218411573	1.58
114.83079738006407	1.58
127.57986730325182	1.58
147.68318489358438	1.58
150.75900218411573	1.58
114.83079738006407	1.58
108.75543009804986	1.58
141.90483287390205	1.58
150.75900218411573	1.58
110.85282891253263	1.58
108.75543009804986	1.58
127.50526539217182	1.58
153.38842158450922	1.58
108.80691503347379	1.58
108.75543009804986	1.58
136.57873361825992	1.58
154.4716772486924	1.58
108.80691503347379	1.58
110.51874853393049	1.58
145.9535252030624	1.58
144.9869176247802	1.58
108.80691503347379	1.58
127.08993370922931	1.58
145.9535252030624	1.58
156.75324841739518	1.58
120.41405061842647	1.58
127.08993370922931	1.58
145.9535252030624	1.58
149.67345939482865	1.58
120.41405061842647	1.58
127.60120921100248	1.58
145.9535252030624	1.58
152.40731179716576	1.58
110.95111042776145	1.58
129.96747670969424	1.58
143.65671011598528	1.58
152.40731179716576	1.58
110.95111042776145	1.58
133.33572794903384	1.58
156.513465762085	1.58
152.40731179716576	1.58
126.34099106871203	1.58
126.8031652504773	1.58
156.513465762085	1.58
153.03540667166916	1.58
126.34099106871203	1.58
126.8031652504773	1.58
156.513465762085	1.58
153.03540667166916	1.58
129.82594871335388	1.58
123.06627680597748	1.58
156.513465762085	1.58
156.4049723786488	1.58
129.82594871335388	1.58
112.31639837255825	1.58
156.513465762085	1.58
156.4049723786488	1.58
127.74968734267544	1.58
112.31639837255825	1.58
156.513465762085	1.58
143.3738050547931	1.58
131.28234613522804	1.58
112.31639837255825	1.58
155.63371349429934	1.58
137.9682909034027	1.58
111.84470674529149	1.58
112.31639837255825	1.58
155.63371349429934	1.58
137.9682909034027	1.58
111.84470674529149	1.58
113.30235440144334	1.58
155.63371349429934	1.58
153.77130968548008	1.58
118.8054017873373	1.58
113.30235440144334	1.58
155.63371349429934	1.58
153.77130968548008	1.58
118.8054017873373	1.58
113.30235440144334	1.58
155.63371349429934	1.58
157.13002247508228	1.58
118.8054017873373	1.58
110.67544866726227	1.58
155.63371349429934	1.58
157.13002247508228	1.58
133.572189572095	1.58
109.75000588610094	1.58
155.63371349429934	1.58
157.13002247508228	1.58
125.7783814494024	1.58
109.75000588610094	1.58
155.63371349429934	1.58
157.13002247508228	1.58
125.86566089825115	1.58
123.74664573073815	1.58
155.63371349429934	1.58
157.13002247508228	1.58
130.88621864402248	1.58
137.8108837271215	1.58
149.0390631603198	1.58
157.13002247508228	1.58
143.74216269517868	1.58
139.7487062112308	1.58
147.83358145133496	1.58
153.37192126586174	1.58
142.82594477360823	1.58
137.69148074924496	1.58
157.35228926302315	1.58
153.37192126586174	1.58
137.8484972281051	1.58
143.43517671652387	1.58
157.9494927190383	1.58
148.6308361803474	1.58
133.15718583841735	1.58
146.5823577984799	1.58
157.9494927190383	1.58
148.6308361803474	1.58
130.42223882095342	1.58
146.0329856572324	1.58
157.9494927190383	1.58
148.6308361803474	1.58
127.77552205648264	1.58
144.1690640630476	1.58
147.8509266893599	1.58
148.6308361803474	1.58
116.32516385683456	1.58
140.94864107536242	1.58
145.51024031245413	1.58
148.6308361803474	1.58
116.32516385683456	1.58
141.50842526761383	1.58
145.51024031245413	1.58
152.00045856964624	1.58
116.32516385683456	1.58
132.77021954053083	1.58
136.03330980490136	1.58
152.00045856964624	1.58
116.32516385683456	1.58
132.96018466247827	1.58
148.2608608570474	1.58
152.00045856964624	1.58
116.32516385683456	1.58
118.07618442317101	1.58
154.47436817164203	1.58
152.00045856964624	1.58
116.32516385683456	1.58
121.08082344241535	1.58
154.47436817164203	1.58
152.00045856964624	1.58
114.86067515166582	1.58
121.08082344241535	1.58
149.98104118747568	1.58
152.00045856964624	1.58
114.86067515166582	1.58
120.46461319651516	1.58
150.331106431885	1.58
152.00045856964624	1.58
114.86067515166582	1.58
120.46461319651516	1.58
150.331106431885	1.58
152.00045856964624	1.58
121.60279592777033	1.58
120.46461319651516	1.58
155.91689261804714	1.58
152.00045856964624	1.58
114.06288181061956	1.58
121.05008202440125	1.58
155.91689261804714	1.58
152.00045856964624	1.58
114.06288181061956	1.58
117.89873645060086	1.58
155.91689261804714	1.58
151.74948769466715	1.58
114.06288181061956	1.58
117.89873645060086	1.58
155.91689261804714	1.58
151.74948769466715	1.58
114.06288181061956	1.58
133.84960352776875	1.58
155.91689261804714	1.58
152.96883953986378	1.58
114.06288181061956	1.58
128.5529155674726	1.58
155.91689261804714	1.58
154.92405700805307	1.58
114.06288181061956	1.58
122.80564775693938	1.58
155.91689261804714	1.58
146.33496660448498	1.58
114.06288181061956	1.58
122.80564775693938	1.58
155.91689261804714	1.58
146.33496660448498	1.58
111.71798728713667	1.58
122.80564775693938	1.58
147.3621970401732	1.58
146.33496660448498	1.58
111.71798728713667	1.58
122.80564775693938	1.58
147.3621970401732	1.58
146.33496660448498	1.58
111.71798728713667	1.58
130.97058853790648	1.58
154.67484963789616	1.58
140.9982481925645	1.58
113.98248557913328	1.58
130.6122649430428	1.58
154.67484963789616	1.58
145.49176937075498	1.58
117.33513940993559	1.58
130.6122649430428	1.58
154.67484963789616	1.58
138.73092462645155	1.58
117.42411192738199	1.58
130.6122649430428	1.58
154.67484963789616	1.58
154.138546701364	1.58
117.42411192738199	1.58
130.6122649430428	1.58
148.54266625423674	1.58
154.138546701364	1.58
117.42411192738199	1.58
124.83961558301564	1.58
150.6851960122243	1.58
154.138546701364	1.58
109.67315160862051	1.58
124.83961558301564	1.58
150.6851960122243	1.58
154.138546701364	1.58
120.77196131959907	1.58
113.08864454124023	1.58
140.39362771528334	1.58
150.42589297075813	1.58
126.08054958653659	1.58
113.08864454124023	1.58
135.20621455459425	1.58
150.42589297075813	1.58
129.26244548487276	1.58
114.60660439063449	1.58
140.97555923958495	1.58
150.42589297075813	1.58
129.26244548487276	1.58
114.60660439063449	1.58
140.97555923958495	1.58
156.50550646907584	1.58
129.26244548487276	1.58
123.11324761411808	1.58
137.93599803919548	1.58
156.50550646907584	1.58
131.13686894474304	1.58
123.11324761411808	1.58
145.1551051505538	1.58
156.50550646907584	1.58
134.38311404332862	1.58
123.11324761411808	1.58
148.17519461819438	1.58
140.05504230931766	1.58
132.29097713045715	1.58
123.11324761411808	1.58
148.17519461819438	1.58
141.15366908057638	1.58
128.74048239858575	1.58
128.88433018085735	1.58
143.84822202498435	1.58
150.9180691983146	1.58
131.01123060608182	1.58
134.13861675659282	1.58
152.2151549953046	1.58
158.14513417784846	1.58
133.71022455475395	1.58
128.37826057648306	1.58
158.26935288274794	1.58
158.14513417784846	1.58
137.51504431355065	1.58
134.15092843474548	1.58
149.558800786064	1.58
153.10467368497763	1.58
139.7272236037139	1.58
125.31962136795175	1.58
149.558800786064	1.58
158.25874856834534	1.58
139.0704096568835	1.58
131.9401465728156	1.58
147.3918164082881	1.58
158.25874856834534	1.58
142.89794176745582	1.58
136.13534377142057	1.58
146.78526062992495	1.58
158.25874856834534	1.58
133.38871015069503	1.58
129.6656558241002	1.58
157.21989029989103	1.58
158.25874856834534	1.58
128.12571387157575	1.58
132.64915492585948	1.58
146.29470374443773	1.58
158.25874856834534	1.58
113.90412743429732	1.58
121.74861937701947	1.58
141.81929573526764	1.58
146.33363324081648	1.58
113.90412743429732	1.58
121.27955349969261	1.58
129.53819429269794	1.58
155.14800897422043	1.58
113.04603240350026	1.58
116.66426121638183	1.58
129.53819429269794	1.58
155.14800897422043	1.58
110.89988507623659	1.58
116.9976934331164	1.58
122.46855152119161	1.58
143.47204675365933	1.58
110.89988507623659	1.58
120.1673392719137	1.58
122.46855152119161	1.58
149.9747731715982	1.58
110.89422978544522	1.58
120.1673392719137	1.58
129.78178625733466	1.58
152.30130656300855	1.58
110.89422978544522	1.58
124.8240030364974	1.58
133.8194107771899	1.58
152.30130656300855	1.58
112.49909127434371	1.58
119.09901244476401	1.58
152.6876144276241	1.58
148.45383795329155	1.58
112.84815615687063	1.58
113.02621432726977	1.58
137.43307501880588	1.58
148.45383795329155	1.58
112.84815615687063	1.58
119.01950054143569	1.58
140.17021518674323	1.58
138.29634839384653	1.58
112.84815615687063	1.58
119.01950054143569	1.58
129.7129815503864	1.58
155.15148776000694	1.58
128.04822665589074	1.58
114.13680480647102	1.58
141.0447401414979	1.58
155.15148776000694	1.58
113.34717823340523	1.58
120.37946542169453	1.58
130.7795587772251	1.58
137.32004425130373	1.58
116.52715487025338	1.58
122.90012153699638	1.58
128.18585576490165	1.58
135.04815538617922	1.58
108.57478493740267	1.58
117.49466102849752	1.58
126.94574048353012	1.58
145.56976500689456	1.58
116.2734809510367	1.58
124.56958269512864	1.58
127.29198430881054	1.58
145.56976500689456	1.58
109.38937218239744	1.58
124.20599477402791	1.58
127.78197265067112	1.58
129.31052870740217	1.58
114.72619081317983	1.58
120.43463400492882	1.58
137.79846129354837	1.58
125.57420677965055	1.58
111.19388271534268	1.58
121.92967542907542	1.58
137.79846129354837	1.58
136.2041718223088	1.58
111.19388271534268	1.58
126.99633639213548	1.58
137.79846129354837	1.58
135.01519614587076	1.58
114.01159822102832	1.58
124.61469274199281	1.58
140.6598195404807	1.58
144.32315921037844	1.58
114.01159822102832	1.58
125.32991377648656	1.58
134.6211108268275	1.58
144.26932971962066	1.58
122.31195309883373	1.58
117.98253633115908	1.58
142.46785976074082	1.58
146.42545298732537	1.58
122.31195309883373	1.58
128.90898296827208	1.58
143.06549658463393	1.58
148.40762029103547	1.58
122.31195309883373	1.58
115.41874049358387	1.58
144.48658042321395	1.58
144.4081461765218	1.58
131.84383316234184	1.58
122.68274484552887	1.58
136.8127655058265	1.58
144.27824984733732	1.58
130.82595678106233	1.58
122.68274484552887	1.58
133.77175261436443	1.58
156.25981295097844	1.58
129.61779517065236	1.58
122.68274484552887	1.58
137.76736731002157	1.58
146.009477412318	1.58
113.73381525072284	1.58
119.87615145318972	1.58
132.62283318614655	1.58
146.009477412318	1.58
113.73381525072284	1.58
121.85379368154211	1.58
142.1886360212965	1.58
139.8835907102121	1.58
111.30710011583683	1.58
124.61941348176609	1.58
153.36099683853496	1.58
138.71272948789124	1.58
116.88971583525034	1.58
123.68658344134691	1.58
153.36099683853496	1.58
148.07643724357195	1.58
112.35893982016341	1.58
124.12155992705695	1.58
153.36099683853496	1.58
157.4210433821212	1.58
118.21061128539445	1.58
137.4664178824828	1.58
153.36099683853496	1.58
157.4210433821212	1.58
118.21061128539445	1.58
137.4664178824828	1.58
153.36099683853496	1.58
157.4210433821212	1.58
108.00657265253275	1.58
135.27837367954226	1.58
153.36099683853496	1.58
149.00831324304698	1.58
122.02961115070553	1.58
132.17508724978433	1.58
153.36099683853496	1.58
149.17841539742895	1.58
122.02961115070553	1.58
126.10283872915942	1.58
154.5174557042016	1.58
149.17841539742895	1.58
122.02961115070553	1.58
126.10283872915942	1.58
154.5174557042016	1.58
149.17841539742895	1.58
122.02961115070553	1.58
139.534480042178	1.58
154.5174557042016	1.58
140.96629822898393	1.58
116.44225822766424	1.58
138.2322268501415	1.58
154.5174557042016	1.58
140.7565329453987	1.58
109.7383586665523	1.58
145.54975756746222	1.58
154.5174557042016	1.58
138.56974175830794	1.58
109.7383586665523	1.58
145.54975756746222	1.58
152.732532556594	1.58
136.25966924371917	1.58
109.7383586665523	1.58
145.84805732833777	1.58
149.841912902001	1.58
138.56838691426	1.58
117.33875361007722	1.58
150.7319616735727	1.58
149.841912902001	1.58
139.8388413857356	1.58
117.33875361007722	1.58
148.23717866210384	1.58
150.63159328478451	1.58
140.49807309686008	1.58
117.33875361007722	1.58
148.23717866210384	1.58
155.14609563810615	1.58
139.78037234811276	1.58
121.70276436602899	1.58
149.26898149194736	1.58
155.14609563810615	1.58
140.48595718090004	1.58
110.41628436024067	1.58
143.53193699030064	1.58
155.14609563810615	1.58
140.58391195695637	1.58
110.41628436024067	1.58
137.63640772075632	1.58
155.14609563810615	1.58
157.28913124273538	1.58
110.41628436024067	1.58
134.0268591530299	1.58
155.14609563810615	1.58
157.28913124273538	1.58
128.68083451432457	1.58
130.23332152147736	1.58
155.14609563810615	1.58
155.19232795969774	1.58
136.38585924492912	1.58
110.51443375584388	1.58
155.14609563810615	1.58
155.19232795969774	1.58
134.41017390506434	1.58
110.51443375584388	1.58
155.14609563810615	1.58
155.19232795969774	1.58
135.55335218535603	1.58
110.51443375584388	1.58
155.14609563810615	1.58
155.19232795969774	1.58
140.68204589843296	1.58
110.51443375584388	1.58
155.14609563810615	1.58
138.3957467179941	1.58
135.72662242398326	1.58
110.51443375584388	1.58
155.14609563810615	1.58
146.27221378790438	1.58
132.1203875645153	1.58
110.51443375584388	1.58
155.84119251490503	1.58
146.27221378790438	1.58
125.7733239031855	1.58
124.96310080590604	1.58
155.84119251490503	1.58
148.33521981659663	1.58
111.81769920888013	1.58
124.96310080590604	1.58
151.877087469481	1.58
148.33521981659663	1.58
131.7822822473577	1.58
120.00353539012134	1.58
151.877087469481	1.58
151.46910583890892	1.58
124.56712537270089	1.58
120.00353539012134	1.58
151.877087469481	1.58
151.46910583890892	1.58
119.36863117176298	1.58
130.18668979935958	1.58
137.96006411937918	1.58
150.0621569409712	1.58
121.59714257882759	1.58
122.37350599147705	1.58
130.31948060238105	1.58
150.0621569409712	1.58
114.9043457089562	1.58
122.62470200560333	1.58
128.49190800295435	1.58
150.0621569409712	1.58
120.77879054697533	1.58
119.46406461581115	1.58
124.47425331401983	1.58
150.0621569409712	1.58
122.60695311950857	1.58
121.17561275822399	1.58
122.97015415688222	1.58
150.0621569409712	1.58
122.60695311950857	1.58
119.68141148895967	1.58
122.97015415688222	1.58
135.8069199085342	1.58
119.65105499667526	1.58
118.35540992788528	1.58
121.10959439019176	1.58
135.8069199085342	1.58
119.65105499667526	1.58
115.79706167329269	1.58
121.4906693263718	1.58
155.1179120325331	1.58
119.3476642526609	1.58
111.5628263296288	1.58
121.68204272102204	1.58
133.9498789031219	1.58
110.21450502298308	1.58
118.78494996699946	1.58
119.77866495258392	1.58
128.38045368055538	1.58
114.43670116032521	1.58
118.09099571331467	1.58
121.19914774604753	1.58
132.19125236362584	1.58
114.43670116032521	1.58
118.09099571331467	1.58
121.19914774604753	1.58
126.12288621993024	1.58
114.43670116032521	1.58
114.36974401173245	1.58
121.19914774604753	1.58
127.11829912988956	1.58
118.53304986832205	1.58
119.56620100648759	1.58
123.64360101145712	1.58
132.7990608014018	1.58
118.34945727670068	1.58
125.92484256912486	1.58
122.96916104030636	1.58
133.31340652032296	1.58
116.26097024148918	1.58
128.8663386405244	1.58
121.21590610731846	1.58
132.24315045323382	1.58
112.1456942552332	1.58
127.58939303582959	1.58
117.70014090248284	1.58
152.2132805418684	1.58
112.1456942552332	1.58
109.24816030339414	1.58
116.86406169615677	1.58
152.2132805418684	1.58
112.1456942552332	1.58
107.16463133001785	1.58
117.95925620023101	1.58
152.2132805418684	1.58
114.64937012706467	1.58
107.16463133001785	1.58
117.37035155267858	1.58
135.3794696514304	1.58
114.60632326692443	1.58
107.16463133001785	1.58
119.73669719586539	1.58
142.60632247907566	1.58
110.33373675524368	1.58
107.16463133001785	1.58
121.87846551810254	1.58
136.04763778077862	1.58
110.33373675524368	1.58
108.59667398453301	1.58
132.9470731284284	1.58
140.21409042688046	1.58
114.84054608246183	1.58
108.59667398453301	1.58
147.15093189862336	1.58
135.77546076404616	1.58
128.0259372012963	1.58
127.12151779157976	1.58
149.8371163422644	1.58
136.94405297023425	1.58
128.0259372012963	1.58
127.12151779157976	1.58
149.8371163422644	1.58
145.21494994557523	1.58
121.72830180652909	1.58
118.1480298914851	1.58
149.8371163422644	1.58
150.4344236026554	1.58
116.28955424834524	1.58
118.1480298914851	1.58
149.8371163422644	1.58
139.61020840807868	1.58
107.7103209879312	1.58
118.1480298914851	1.58
149.8371163422644	1.58
151.5766561138573	1.58
107.7103209879312	1.58
118.1480298914851	1.58
153.01843091316434	1.58
151.5766561138573	1.58
107.7103209879312	1.58
129.35623776189684	1.58
153.01843091316434	1.58
136.74808764986062	1.58
106.01028333926926	1.58
129.35623776189684	1.58
144.7534915439377	1.58
157.05227992564755	1.58
129.01495198347433	1.58
126.69388966604768	1.58
156.7122452456068	1.58
157.05227992564755	1.58
136.24506885488304	1.58
126.69388966604768	1.58
156.7122452456068	1.58
156.58930547026884	1.58
123.09013783206467	1.58
126.69388966604768	1.58
156.7122452456068	1.58
156.58930547026884	1.58
137.38233297300772	1.58
126.69388966604768	1.58
156.7122452456068	1.58
156.58930547026884	1.58
133.4242704364872	1.58
117.1434790815417	1.58
156.7122452456068	1.58
156.58930547026884	1.58
119.15136521975802	1.58
117.1434790815417	1.58
156.7122452456068	1.58
156.58930547026884	1.58
114.49169238236635	1.58
124.03777354670372	1.58
156.7122452456068	1.58
156.58930547026884	1.58
114.49169238236635	1.58
129.62000397622094	1.58
156.7122452456068	1.58
156.58930547026884	1.58
113.28295535383259	1.58
121.43651959510694	1.58
156.7122452456068	1.58
156.58930547026884	1.58
113.28295535383259	1.58
121.43651959510694	1.58
156.7122452456068	1.58
156.58930547026884	1.58
113.28295535383259	1.58
127.43075789093342	1.58
144.9490128472362	1.58
156.58930547026884	1.58
118.27199545311048	1.58
135.89021959146245	1.58
142.26403040233612	1.58
156.58930547026884	1.58
120.39974016179276	1.58
125.24278394620063	1.58
149.34600022201522	1.58
156.58930547026884	1.58
134.05569327527795	1.58
114.25386973924196	1.58
149.34600022201522	1.58
156.58930547026884	1.58
132.94831505697164	1.58
114.25386973924196	1.58
158.245834876041	1.58
156.58930547026884	1.58
112.22915184198237	1.58
114.25386973924196	1.58
158.245834876041	1.58
156.58930547026884	1.58
112.22915184198237	1.58
114.25386973924196	1.58
158.245834876041	1.58
151.54464409537147	1.58
112.22915184198237	1.58
114.25386973924196	1.58
158.245834876041	1.58
135.81405536998724	1.58
112.22915184198237	1.58
114.25386973924196	1.58
158.245834876041	1.58
150.06326537994394	1.58
127.22536145792085	1.58
114.25386973924196	1.58
158.245834876041	1.58
150.06326537994394	1.58
117.92742804362547	1.58
114.25386973924196	1.58
139.79720854375637	1.58
150.06326537994394	1.58
117.55809992066052	1.58
114.25386973924196	1.58
134.14726818841038	1.58
150.06326537994394	1.58
117.55809992066052	1.58
111.83908890660402	1.58
145.61881256635573	1.58
150.06326537994394	1.58
117.55809992066052	1.58
112.4343136559036	1.58
141.86496984097423	1.58
140.7251786993391	1.58
117.55809992066052	1.58
109.68395585748874	1.58
141.86496984097423	1.58
146.2971473109642	1.58
117.55809992066052	1.58
118.3421598893841	1.58
147.59492340203647	1.58
156.788926994329	1.58
117.55809992066052	1.58
118.40314686380894	1.58
147.59492340203647	1.58
156.788926994329	1.58
118.78239301405739	1.58
118.40314686380894	1.58
147.59492340203647	1.58
154.59225726729676	1.58
118.78239301405739	1.58
118.40314686380894	1.58
134.27627784139986	1.58
154.59225726729676	1.58
115.73783454318485	1.58
118.40314686380894	1.58
130.89833272379227	1.58
154.59225726729676	1.58
122.33837229216421	1.58
118.40314686380894	1.58
130.89833272379227	1.58
154.59225726729676	1.58
122.33837229216421	1.58
118.40314686380894	1.58
133.62497288774625	1.58
154.3201379188661	1.58
121.22708727500145	1.58
118.40314686380894	1.58
142.50706233792704	1.58
154.3201379188661	1.58
124.32516941882409	1.58
115.63438494206387	1.58
146.91157705213726	1.58
143.1149364008277	1.58
124.32516941882409	1.58
115.63438494206387	1.58
138.07533610240282	1.58
148.7494135781294	1.58
123.98536020575327	1.58
115.63438494206387	1.58
154.99548278736242	1.58
148.7494135781294	1.58
123.98536020575327	1.58
115.63438494206387	1.58
154.99548278736242	1.58
143.6725455249307	1.58
123.98536020575327	1.58
115.63438494206387	1.58
154.99548278736242	1.58
143.6725455249307	1.58
129.75490717337175	1.58
115.63438494206387	1.58
154.99548278736242	1.58
157.12182890149572	1.58
110.93168949068368	1.58
113.30205276513676	1.58
154.99548278736242	1.58
157.12182890149572	1.58
122.10804816823952	1.58
113.30205276513676	1.58
154.99548278736242	1.58
157.12182890149572	1.58
122.10804816823952	1.58
113.30205276513676	1.58
154.99548278736242	1.58
157.12182890149572	1.58
112.4548929133944	1.58
113.30205276513676	1.58
154.99548278736242	1.58
157.12182890149572	1.58
130.65871574127783	1.58
112.80025165661975	1.58
154.99548278736242	1.58
157.12182890149572	1.58
122.69961179833774	1.58
112.80025165661975	1.58
154.99548278736242	1.58
157.12182890149572	1.58
122.69961179833774	1.58
111.99910896038085	1.58
154.99548278736242	1.58
157.12182890149572	1.58
113.51450483410753	1.58
132.59006608345598	1.58
154.99548278736242	1.58
152.38599912893568	1.58
113.51450483410753	1.58
141.025557516864	1.58
154.99548278736242	1.58
152.38599912893568	1.58
113.51450483410753	1.58
135.53104632375488	1.58
154.99548278736242	1.58
152.38599912893568	1.58
113.51450483410753	1.58
118.85558171203976	1.58
154.99548278736242	1.58
153.3966377703518	1.58
113.51450483410753	1.58
131.1482001846797	1.58
155.49807464687444	1.58
152.050365332768	1.58
110.60403605188552	1.58
115.1119781999347	1.58
155.49807464687444	1.58
152.050365332768	1.58
110.9931889886033	1.58
115.1119781999347	1.58
155.49807464687444	1.58
153.5990482333084	1.58
110.9931889886033	1.58
115.1119781999347	1.58
155.49807464687444	1.58
142.94348533112998	1.58
110.9931889886033	1.58
115.1119781999347	1.58
155.49807464687444	1.58
142.94348533112998	1.58
110.9931889886033	1.58
115.1119781999347	1.58
155.49807464687444	1.58
142.94348533112998	1.58
110.9931889886033	1.58
115.1119781999347	1.58
150.42774776611654	1.58
147.8243292882798	1.58
110.9931889886033	1.58
115.1119781999347	1.58
154.52594613963265	1.58
147.8243292882798	1.58
128.74931326368642	1.58
122.64227607928754	1.58
154.52594613963265	1.58
147.46505642997747	1.58
111.82184888439531	1.58
122.64227607928754	1.58
153.64097135811176	1.58
147.46505642997747	1.58
111.82184888439531	1.58
116.04525425288625	1.58
150.33639352839535	1.58
134.1831387405721	1.58
111.82184888439531	1.58
116.04525425288625	1.58
150.33639352839535	1.58
135.99192841976927	1.58
129.19684675639687	1.58
116.04525425288625	1.58
150.33639352839535	1.58
135.3604723410309	1.58
122.66534641769134	1.58
116.04525425288625	1.58
150.33639352839535	1.58
130.17811854303093	1.58
124.01535157541421	1.58
122.71055298874013	1.58
154.6704192705867	1.58
130.44560151489054	1.58
124.01535157541421	1.58
117.0734098246679	1.58
157.28305079484258	1.58
134.3587772105105	1.58
117.6265630047551	1.58
115.3804750349954	1.58
153.48906013900915	1.58
145.2924202349001	1.58
123.43797889605966	1.58
115.3804750349954	1.58
153.48906013900915	1.58
145.2924202349001	1.58
123.43797889605966	1.58
126.56864054343507	1.58
140.88970459712633	1.58
138.7247126917605	1.58
121.65849869018082	1.58
123.3706517687613	1.58
156.909827271373	1.58
152.02376840182814	1.58
121.65849869018082	1.58
123.3706517687613	1.58
148.22575553067188	1.58
152.02376840182814	1.58
129.62774853558753	1.58
123.3706517687613	1.58
148.22575553067188	1.58
152.02376840182814	1.58
137.81620776113948	1.58
129.76028755712997	1.58
148.11124284540463	1.58
141.80039062154205	1.58
142.9505671352248	1.58
133.7777546925845	1.58
148.11124284540463	1.58
141.12848475443138	1.58
143.05974887101226	1.58
129.61540398672125	1.58
141.78574528308354	1.58
136.32707031137443	1.58
146.42759021281523	1.58
128.36351931671985	1.58
137.23042535618353	1.58
136.35282315815692	1.58
143.1762270370231	1.58
130.9977699651442	1.58
136.84445576233796	1.58
138.707018707133	1.58
143.1762270370231	1.58
129.4391116634472	1.58
137.5375459485757	1.58
139.3427987776986	1.58
147.77840870891936	1.58
129.4391116634472	1.58
140.30142635388452	1.58
138.9056415862987	1.58
154.3004910505645	1.58
129.38369331723564	1.58
145.260461364945	1.58
145.09988255852485	1.58
156.19946899422285	1.58
136.2450783766457	1.58
142.12346577441053	1.58
143.3104593153743	1.58
151.90978118320598	1.58
136.4449130201009	1.58
143.63402847769987	1.58
138.68342048765862	1.58
155.87051137728494	1.58
130.58367180349302	1.58
143.63402847769987	1.58
145.91366868701257	1.58
154.6429895034448	1.58
115.62913463994283	1.58
143.63402847769987	1.58
141.41718092283918	1.58
154.6429895034448	1.58
115.62913463994283	1.58
153.8872202246532	1.58
137.16773772981907	1.58
146.70405942743943	1.58
111.67881850644632	1.58
156.50177211069013	1.58
139.67667748582815	1.58
149.22546338756922	1.58
111.67881850644632	1.58
156.50177211069013	1.58
128.4352353931698	1.58
149.22546338756922	1.58
111.67881850644632	1.58
156.50177211069013	1.58
124.57187548225488	1.58
147.23502036998855	1.58
111.67881850644632	1.58
156.50177211069013	1.58
124.57187548225488	1.58
147.23502036998855	1.58
111.67881850644632	1.58
143.37735616248983	1.58
115.81610043232864	1.58
147.23502036998855	1.58
111.67881850644632	1.58
142.49176294006222	1.58
115.81610043232864	1.58
147.23502036998855	1.58
111.67881850644632	1.58
132.38864306177408	1.58
119.73239419234538	1.58
141.59497676126745	1.58
111.67881850644632	1.58
131.60183931714843	1.58
125.3330393066098	1.58
136.53723481361473	1.58
111.67881850644632	1.58
128.87025061615665	1.58
138.352194541856	1.58
136.53723481361473	1.58
111.67881850644632	1.58
135.18663684047527	1.58
139.50844810924917	1.58
135.9930278862547	1.58
111.67881850644632	1.58
155.5629122642095	1.58
127.44097363683223	1.58
118.63897689382418	1.58
111.67881850644632	1.58
155.5629122642095	1.58
138.84895251818162	1.58
126.30243925769788	1.58
111.67881850644632	1.58
143.5816318837899	1.58
151.8831476050873	1.58
136.39004887515074	1.58
113.71624647933547	1.58
143.5816318837899	1.58
149.69734097995007	1.58
136.39004887515074	1.58
130.71102871664937	1.58
140.65658729847357	1.58
150.09217730665353	1.58
135.63704162128244	1.58
132.59090072862776	1.58
143.7294909588282	1.58
146.55121648184155	1.58
135.48027112326784	1.58
129.5451218689166	1.58
147.58800693562875	1.58
145.3175508031862	1.58
133.6046705653796	1.58
129.5451218689166	1.58
147.704849310139	1.58
145.58300324431028	1.58
129.89317221798922	1.58
136.36747482119853	1.58
147.704849310139	1.58
145.58300324431028	1.58
117.9540039643526	1.58
134.92113595991458	1.58
152.21004892922429	1.58
149.70643783692458	1.58
134.65412520712027	1.58
131.76606804299675	1.58
152.21004892922429	1.58
150.97687482426483	1.58
135.5221440228298	1.58
131.76606804299675	1.58
144.1214162364887	1.58
152.93379056712388	1.58
127.66458546417996	1.58
136.11416180504753	1.58
142.88265936367227	1.58
152.93379056712388	1.58
122.07749870084447	1.58
137.4179554368637	1.58
143.9956713178434	1.58
152.93379056712388	1.58
122.07749870084447	1.58
123.94005304643557	1.58
142.91506568277723	1.58
152.93379056712388	1.58
119.7896942452824	1.58
121.75629931801026	1.58
142.91506568277723	1.58
152.93379056712388	1.58
120.57104120522848	1.58
121.75629931801026	1.58
143.95747078173696	1.58
152.93379056712388	1.58
113.8835725879145	1.58
121.75629931801026	1.58
151.52783147465345	1.58
150.25826575009322	1.58
116.79556642472349	1.58
130.2112291521476	1.58
151.52783147465345	1.58
150.25826575009322	1.58
120.8413842831005	1.58
134.6369403625995	1.58
146.49280521078737	1.58
150.25826575009322	1.58
120.8413842831005	1.58
127.4684664789805	1.58
146.49280521078737	1.58
150.25826575009322	1.58
120.8413842831005	1.58
137.57756678638418	1.58
148.77347891633582	1.58
156.6791863540187	1.58
120.8413842831005	1.58
135.17021325581376	1.58
143.08957602283007	1.58
156.6791863540187	1.58
126.2195162497488	1.58
133.7623682632908	1.58
146.27888920156633	1.58
156.6791863540187	1.58
126.2195162497488	1.58
118.14054533405259	1.58
133.58385626978176	1.58
156.6791863540187	1.58
126.2195162497488	1.58
118.14054533405259	1.58
147.45136118175012	1.58
156.6791863540187	1.58
126.37837815221681	1.58
128.65706853130692	1.58
143.32840110553474	1.58
153.6646950233413	1.58
126.37837815221681	1.58
125.88386017580177	1.58
135.09927501712076	1.58
156.78639136605247	1.58
121.71278072938264	1.58
125.88386017580177	1.58
142.50368596506303	1.58
156.78639136605247	1.58
114.76732805037287	1.58
125.88386017580177	1.58
133.27019227704056	1.58
156.78639136605247	1.58
114.76732805037287	1.58
123.83412178850348	1.58
137.4227483671707	1.58
156.78639136605247	1.58
112.6023176797348	1.58
125.95135247835893	1.58
126.08266989651631	1.58
156.78639136605247	1.58
113.62962501405346	1.58
125.95135247835893	1.58
126.08266989651631	1.58
156.78639136605247	1.58
108.58807443519363	1.58
125.95135247835893	1.58
126.09101579325198	1.58
148.00473159587787	1.58
114.07119898640283	1.58
125.91140441565946	1.58
129.56771975404487	1.58
140.95813496502097	1.58
109.73465380767094	1.58
126.83643187741158	1.58
124.09877568183919	1.58
140.95813496502097	1.58
105.94150280594332	1.58
128.8766869449953	1.58
126.0101522530546	1.58
140.95813496502097	1.58
114.5055057896961	1.58
124.52684926194716	1.58
126.05826491507153	1.58
149.45438338608858	1.58
108.35257293492717	1.58
125.05885455591661	1.58
125.80301136699703	1.58
149.45438338608858	1.58
112.87829904823961	1.58
113.75603551440577	1.58
127.43359111128234	1.58
147.2591118893012	1.58
118.67205245588349	1.58
113.75603551440577	1.58
126.64079360641253	1.58
146.8505196873012	1.58
113.30341032871681	1.58
113.75603551440577	1.58
126.4082848222775	1.58
133.23291377083328	1.58
107.83162932121051	1.58
119.28466353721099	1.58
123.27883408778885	1.58
124.78489248007173	1.58
114.9629330078295	1.58
115.64851644360236	1.58
125.73323494967993	1.58
127.93461146957124	1.58
114.9629330078295	1.58
110.16263314883658	1.58
123.17844233187363	1.58
127.93461146957124	1.58
111.21205381841412	1.58
110.16263314883658	1.58
124.06488650847527	1.58
127.93461146957124	1.58
111.21205381841412	1.58
111.3674533544928	1.58
134.98053535945883	1.58
137.99337439757534	1.58
111.21205381841412	1.58
111.3674533544928	1.58
130.65889934444866	1.58
137.99337439757534	1.58
116.02979843240391	1.58
111.3674533544928	1.58
125.74656020834665	1.58
133.34520424483068	1.58
117.37531042256875	1.58
117.24092502531725	1.58
133.48634368093047	1.58
141.66248559987164	1.58
108.13302655843759	1.58
117.24092502531725	1.58
140.01883821230868	1.58
139.05036061790904	1.58
108.13302655843759	1.58
117.24092502531725	1.58
129.77119148604584	1.58
148.25326434530785	1.58
108.13302655843759	1.58
113.28436249374668	1.58
134.81844574980963	1.58
150.84965827927908	1.58
118.69892032263306	1.58
113.28436249374668	1.58
149.67251577137316	1.58
138.4280292701017	1.58
118.69892032263306	1.58
109.49347009612569	1.58
149.67251577137316	1.58
143.84827764812516	1.58
118.69892032263306	1.58
111.65326861257883	1.58
149.67251577137316	1.58
154.18405715477007	1.58
133.98998048889257	1.58
111.65326861257883	1.58
149.67251577137316	1.58
154.18405715477007	1.58
140.26288937101552	1.58
122.60672113266892	1.58
145.17838941781352	1.58
154.18405715477007	1.58
140.26288937101552	1.58
122.60672113266892	1.58
145.17838941781352	1.58
149.6514229102902	1.58
139.9184230418976	1.58
122.60672113266892	1.58
150.16321696827228	1.58
155.8209786900435	1.58
140.86829184962454	1.58
122.60672113266892	1.58
150.16321696827228	1.58
155.8209786900435	1.58
140.86829184962454	1.58
110.44119646118202	1.58
150.16321696827228	1.58
134.09570872886582	1.58
145.6657735459	1.58
108.95143937479668	1.58
150.36718986822032	1.58
157.74582491544524	1.58
137.88331901106056	1.58
128.27452361093236	1.58
150.36718986822032	1.58
157.74582491544524	1.58
142.60670619225866	1.58
118.09980943990675	1.58
139.16495038659275	1.58
152.75873097507863	1.58
142.98037520429614	1.58
123.23607456439565	1.58
137.90153315686305	1.58
150.27950956536802	1.58
143.7640534657005	1.58
119.03115739339125	1.58
132.72516169549957	1.58
150.27950956536802	1.58
143.7640534657005	1.58
121.44655455371053	1.58
137.40465829085426	1.58
150.27950956536802	1.58
146.7842386840393	1.58
110.24114762858144	1.58
141.84133671254682	1.58
150.27950956536802	1.58
143.45675172695096	1.58
110.24114762858144	1.58
141.56017266586994	1.58
153.4024877777147	1.58
144.95039146829723	1.58
110.63981176010323	1.58
140.9711932408123	1.58
153.4024877777147	1.58
148.14582388014455	1.58
115.66640402401798	1.58
140.9711932408123	1.58
144.2408934790047	1.58
150.65946251858878	1.58
115.66640402401798	1.58
151.96764887468586	1.58
144.21585405661466	1.58
156.65100628837092	1.58
115.66640402401798	1.58
149.80685273161816	1.58
138.3459129299239	1.58
156.65100628837092	1.58
112.44577191313671	1.58
149.80685273161816	1.58
138.3459129299239	1.58
153.58026938672901	1.58
109.09487280758958	1.58
149.80685273161816	1.58
130.17892804334411	1.58
143.30110931816603	1.58
115.98349836991142	1.58
149.80685273161816	1.58
130.17892804334411	1.58
143.30110931816603	1.58
118.46371876876982	1.58
154.97945310914616	1.58
134.31830848125267	1.58
138.96301820957726	1.58
118.46371876876982	1.58
154.97945310914616	1.58
144.85479574144105	1.58
136.91917142093558	1.58
118.16546828411714	1.58
149.19431506660365	1.58
152.6950322549493	1.58
136.91917142093558	1.58
124.67063011491622	1.58
149.19431506660365	1.58
152.6950322549493	1.58
143.6235292291251	1.58
124.67063011491622	1.58
147.14794019578022	1.58
152.6950322549493	1.58
144.56453948639555	1.58
124.67063011491622	1.58
146.422560171605	1.58
152.6950322549493	1.58
144.40836991240857	1.58
123.54139083907562	1.58
151.75183012816862	1.58
155.88702064394312	1.58
132.94409956333936	1.58
123.54139083907562	1.58
149.17530420330104	1.58
154.78205021371724	1.58
127.72488848236614	1.58
127.12490320220921	1.58
153.13149799083718	1.58
154.78205021371724	1.58
127.72488848236614	1.58
127.12490320220921	1.58
153.13149799083718	1.58
154.78205021371724	1.58
123.54588877383944	1.58
119.726244234158	1.58
153.13149799083718	1.58
154.78205021371724	1.58
123.54588877383944	1.58
116.75430006452302	1.58
153.13149799083718	1.58
154.66538351883935	1.58
127.2895516088316	1.58
130.65827959694593	1.58
153.13149799083718	1.58
146.02247227845635	1.58
115.71743030619322	1.58
128.90309877863172	1.58
154.9484913694315	1.58
153.05422569003014	1.58
115.71743030619322	1.58
127.20730539174515	1.58
154.9484913694315	1.58
153.05422569003014	1.58
107.93844304932821	1.58
110.83672761766209	1.58
154.9484913694315	1.58
153.05422569003014	1.58
107.93844304932821	1.58
110.83672761766209	1.58
147.8836008267541	1.58
135.94176003558522	1.58
107.93844304932821	1.58
117.15494753171234	1.58
147.8836008267541	1.58
137.36801663102517	1.58
107.93844304932821	1.58
111.97023800948318	1.58
147.8836008267541	1.58
137.36801663102517	1.58
119.86199218045974	1.58
111.97023800948318	1.58
147.8836008267541	1.58
140.1210491165678	1.58
119.86199218045974	1.58
111.97023800948318	1.58
147.8836008267541	1.58
135.0163742740796	1.58
108.54029592387465	1.58
111.97023800948318	1.58
154.8260717001171	1.58
137.0479904476297	1.58
108.54029592387465	1.58
111.97023800948318	1.58
154.8260717001171	1.58
133.7733951672098	1.58
108.54029592387465	1.58
112.53103514552075	1.58
154.8260717001171	1.58
153.2497869530923	1.58
121.57509834767032	1.58
112.57834650611136	1.58
154.8260717001171	1.58
153.2497869530923	1.58
127.3526883823624	1.58
110.0194370921042	1.58
142.51398807353132	1.58
143.95210909675956	1.58
122.07608754330155	1.58
110.0194370921042	1.58
145.46810786944656	1.58
156.5240759145033	1.58
123.40998998481342	1.58
113.7630641099392	1.58
145.67694719283838	1.58
142.20454513328468	1.58
127.4645012455347	1.58
113.7630641099392	1.58
154.83908218658996	1.58
139.67378133829257	1.58
108.30121795549826	1.58
113.7630641099392	1.58
155.6181136261697	1.58
137.7523679666562	1.58
116.85429326165999	1.58
122.2791389141119	1.58
155.6181136261697	1.58
130.58858674366172	1.58
116.85429326165999	1.58
120.01704533047484	1.58
151.7830242273136	1.58
134.3996534059528	1.58
116.85429326165999	1.58
122.5307850291922	1.58
154.4459102172779	1.58
140.05547510591333	1.58
116.85429326165999	1.58
114.81879501382687	1.58
154.4459102172779	1.58
130.76368628130447	1.58
135.3104459025826	1.58
116.56455264170702	1.58
156.09934105456344	1.58
143.6151899263173	1.58
119.27743236766031	1.58
116.56455264170702	1.58
156.09934105456344	1.58
156.62073349467383	1.58
119.27743236766031	1.58
116.56455264170702	1.58
156.09934105456344	1.58
156.62073349467383	1.58
119.27743236766031	1.58
116.56455264170702	1.58
156.09934105456344	1.58
156.62073349467383	1.58
121.935814434087	1.58
111.29750612393143	1.58
156.09934105456344	1.58
148.77112974126575	1.58
136.71987979581402	1.58
111.29750612393143	1.58
156.09934105456344	1.58
148.77112974126575	1.58
123.5734521394194	1.58
111.29750612393143	1.58
156.09934105456344	1.58
142.72144219421062	1.58
109.54209941237256	1.58
122.38835427325131	1.58
156.09934105456344	1.58
136.2194682703858	1.58
110.99782922861309	1.58
120.22627117285822	1.58
156.09934105456344	1.58
148.64944901343733	1.58
108.12370436521165	1.58
120.22627117285822	1.58
135.986707395903	1.58
148.64944901343733	1.58
116.29117952253515	1.58
120.22627117285822	1.58
135.986707395903	1.58
148.64944901343733	1.58
107.59675652547186	1.58
119.42211011221208	1.58
146.44638692538678	1.58
153.73207105258624	1.58
107.59675652547186	1.58
120.17027888277283	1.58
146.44638692538678	1.58
153.73207105258624	1.58
110.63718437347002	1.58
120.17027888277283	1.58
146.44638692538678	1.58
153.73207105258624	1.58
110.63718437347002	1.58
120.17027888277283	1.58
146.44638692538678	1.58
146.4871511463919	1.58
111.27961475034067	1.58
124.45261197630377	1.58
146.44638692538678	1.58
152.39937875129277	1.58
111.27961475034067	1.58
119.7363927678571	1.58
146.44638692538678	1.58
152.39937875129277	1.58
124.53432742974037	1.58
123.26285358965342	1.58
141.15286822835245	1.58
152.39937875129277	1.58
126.96302529576512	1.58
127.41012321058592	1.58
138.20436305860318	1.58
152.39937875129277	1.58
124.29228842999125	1.58
127.41012321058592	1.58
138.20436305860318	1.58
152.39937875129277	1.58
130.47725749867425	1.58
127.41012321058592	1.58
138.38112956551947	1.58
152.39937875129277	1.58
131.07055893771377	1.58
114.93248884642443	1.58
157.39023416764226	1.58
155.67326289671584	1.58
129.7286925442676	1.58
112.58149719641214	1.58
157.39023416764226	1.58
145.3632492053131	1.58
134.2097129873238	1.58
112.58149719641214	1.58
157.39023416764226	1.58
135.57372020584305	1.58
111.84685984756811	1.58
112.58149719641214	1.58
135.11500446875127	1.58
146.64351179827676	1.58
120.498558887962	1.58
112.58149719641214	1.58
147.10609739691245	1.58
146.64351179827676	1.58
121.53861266040259	1.58
112.58149719641214	1.58
146.51254528183134	1.58
151.4894908834205	1.58
112.74860585681377	1.58
123.73216972804343	1.58
146.51254528183134	1.58
148.4188021841611	1.58
110.21470988000962	1.58
131.36593341438277	1.58
138.97342928305798	1.58
148.4188021841611	1.58
124.08864827751292	1.58
131.36593341438277	1.58
142.43743490376295	1.58
145.2762007290304	1.58
115.38799733378521	1.58
127.65286804907016	1.58
145.31430338394566	1.58
150.36787592420112	1.58
115.38799733378521	1.58
110.57854023196005	1.58
145.31430338394566	1.58
145.79427134342524	1.58
119.64370105636883	1.58
110.50175019728663	1.58
133.33367556773294	1.58
153.4624860757923	1.58
110.6278494521693	1.58
110.50175019728663	1.58
148.81956173028397	1.58
153.4624860757923	1.58
110.6278494521693	1.58
110.50175019728663	1.58
148.81956173028397	1.58
153.4624860757923	1.58
110.6278494521693	1.58
127.63608093783517	1.58
148.81956173028397	1.58
139.91629557773712	1.58
110.6278494521693	1.58
121.66540054247437	1.58
145.66281626335706	1.58
137.19640466921695	1.58
110.6278494521693	1.58
121.66540054247437	1.58
145.66281626335706	1.58
139.85944659395585	1.58
121.722033046612	1.58
116.75983697808428	1.58
157.65667426107746	1.58
151.65983605073282	1.58
122.76402827494293	1.58
116.75983697808428	1.58
157.65667426107746	1.58
151.65983605073282	1.58
122.76402827494293	1.58
116.75983697808428	1.58
157.65667426107746	1.58
151.65983605073282	1.58
127.53045720153645	1.58
114.54555347641306	1.58
157.65667426107746	1.58
134.63832240547012	1.58
122.42637704790147	1.58
121.66231808042305	1.58
157.65667426107746	1.58
142.92969939880967	1.58
122.42637704790147	1.58
121.66231808042305	1.58
157.65667426107746	1.58
149.47413086576861	1.58
122.42637704790147	1.58
133.11713998386904	1.58
157.65667426107746	1.58
149.47413086576861	1.58
120.59934195262191	1.58
111.63343602926983	1.58
157.65667426107746	1.58
143.22788167997078	1.58
126.36269804098932	1.58
81.93894947874401	1.58
157.65667426107746	1.58
143.22788167997078	1.58
124.01163465598175	1.58
81.93894947874401	1.58
157.65667426107746	1.58
138.42831940045545	1.58
119.89539744175669	1.58
81.93894947874401	1.58
129.27561440047202	1.58
138.42831940045545	1.58
113.74187254436963	1.58
81.93894947874401	1.58
140.57682910786417	1.58
126.00616319640807	1.58
113.74187254436963	1.58
81.93894947874401	1.58
140.57682910786417	1.58
132.22444036732196	1.58
112.87462888234798	1.58
81.93894947874401	1.58
155.35098883026618	1.58
132.22444036732196	1.58
112.87462888234798	1.58
72.63450619037727	1.58
155.35098883026618	1.58
148.10769701079096	1.58
124.75330149390065	1.58
105.57367084694582	1.58
150.2040483237907	1.58
148.10769701079096	1.58
118.50247483204755	1.58
105.57367084694582	1.58
129.1602733303619	1.58
148.10769701079096	1.58
118.50247483204755	1.58
105.57367084694582	1.58
129.1602733303619	1.58
138.75252072450897	1.58
118.50247483204755	1.58
105.57367084694582	1.58
130.7393516862354	1.58
153.86761096565	1.58
107.84415510695976	1.58
105.57367084694582	1.58
130.7393516862354	1.58
153.86761096565	1.58
107.84415510695976	1.58
105.57367084694582	1.58
138.56328445929535	1.58
153.86761096565	1.58
116.78945377433598	1.58
105.57367084694582	1.58
144.86647473564182	1.58
153.86761096565	1.58
116.22445264921325	1.58
107.71919997137482	1.58
155.04638303343907	1.58
138.73904329014638	1.58
116.22445264921325	1.58
111.10412749823121	1.58
155.04638303343907	1.58
133.04445829310825	1.58
110.81357276437687	1.58
111.10412749823121	1.58
155.04638303343907	1.58
148.7290332661599	1.58
110.81357276437687	1.58
123.45665747525538	1.58
155.04638303343907	1.58
148.7290332661599	1.58
110.81357276437687	1.58
123.45665747525538	1.58
155.04638303343907	1.58
148.7290332661599	1.58
122.58646892529904	1.58
120.04107243160784	1.58
155.04638303343907	1.58
145.83924334161344	1.58
122.58646892529904	1.58
120.04107243160784	1.58
150.3095556921301	1.58
154.5088193568802	1.58
122.58646892529904	1.58
120.04107243160784	1.58
157.32456966226925	1.58
154.5088193568802	1.58
122.58646892529904	1.58
113.62572721706107	1.58
153.94815470742736	1.58
137.1261486208338	1.58
110.35965888986499	1.58
113.62572721706107	1.58
153.94815470742736	1.58
147.09963790885246	1.58
110.35965888986499	1.58
113.62572721706107	1.58
153.94815470742736	1.58
147.09963790885246	1.58
110.35965888986499	1.58
119.05308627095253	1.58
143.91389476755086	1.58
138.1244528702649	1.58
110.35965888986499	1.58
130.8742206792945	1.58
132.79152615418815	1.58
138.1244528702649	1.58
123.6539342908227	1.58
130.8955149687079	1.58
134.12374634905848	1.58
131.60899866746317	1.58
128.68266583398247	1.58
127.92617000547044	1.58
139.50523216908311	1.58
131.92170745193192	1.58
127.65010975352396	1.58
126.58599114660979	1.58
136.26950284104274	1.58
131.18585806099702	1.58
127.34319523721044	1.58
127.30775099374613	1.58
142.91662768683955	1.58
131.01693418689558	1.58
126.4543154371923	1.58
127.30775099374613	1.58
142.91662768683955	1.58
133.99146836101366	1.58
114.81325284546494	1.58
126.51530692267406	1.58
136.16033155299309	1.58
131.658960665171	1.58
122.50921847495181	1.58
128.22707239075595	1.58
136.16033155299309	1.58
131.36759193164423	1.58
124.34405097814737	1.58
129.54590521326259	1.58
135.63334810250518	1.58
131.36759193164423	1.58
126.72942512949777	1.58
128.8640275134582	1.58
137.66929768417504	1.58
130.6432634635833	1.58
119.59066506131737	1.58
125.3447741015323	1.58
144.5742838804888	1.58
133.64009665220482	1.58
118.14196819005113	1.58
125.3447741015323	1.58
144.5742838804888	1.58
133.20274363000573	1.58
118.14196819005113	1.58
126.69063273094713	1.58
144.5742838804888	1.58
138.79281363437693	1.58
118.14196819005113	1.58
121.7027981726105	1.58
144.5742838804888	1.58
133.67069612862767	1.58
117.28981067043658	1.58
119.22081569610137	1.58
133.48426727416538	1.58
140.4659133905472	1.58
124.10168390967371	1.58
125.14673090432171	1.58
142.21519228439305	1.58
146.65781644018477	1.58
118.75774738127866	1.58
121.59319534009158	1.58
141.14375365608936	1.58
146.65781644018477	1.58
118.75774738127866	1.58
121.59319534009158	1.58
153.47472785178007	1.58
146.65781644018477	1.58
118.75774738127866	1.58
121.59319534009158	1.58
153.47472785178007	1.58
141.3230040929091	1.58
128.73351674415596	1.58
113.87241204691283	1.58
153.47472785178007	1.58
141.3230040929091	1.58
128.73351674415596	1.58
119.00974592279832	1.58
151.83844322542805	1.58
147.40274151722437	1.58
128.73351674415596	1.58
119.00974592279832	1.58
151.83844322542805	1.58
144.8857604813906	1.58
122.19785406250567	1.58
119.00974592279832	1.58
151.83844322542805	1.58
141.1071015558052	1.58
123.80264533576565	1.58
119.00974592279832	1.58
149.32491810468466	1.58
140.23291806720465	1.58
114.73811161602015	1.58
119.00974592279832	1.58
149.32491810468466	1.58
140.23291806720465	1.58
114.73811161602015	1.58
120.16886770444032	1.58
145.9011757488618	1.58
142.67029970028145	1.58
123.33004848195655	1.58
120.16886770444032	1.58
137.4631469748918	1.58
142.67029970028145	1.58
113.0067658969179	1.58
120.16886770444032	1.58
136.01937086603968	1.58
142.67029970028145	1.58
114.35198037555156	1.58
124.98188222326368	1.58
129.4685737695917	1.58
153.15125755369561	1.58
114.35198037555156	1.58
122.56472701987646	1.58
129.4685737695917	1.58
157.51773542218925	1.58
114.35198037555156	1.58
128.94942002400867	1.58
129.4685737695917	1.58
157.51773542218925	1.58
114.35198037555156	1.58
113.7688142859713	1.58
130.14188866217754	1.58
138.7291448815295	1.58
120.87684752647293	1.58
115.13804151712066	1.58
124.82856725630421	1.58
140.77581107939147	1.58
114.41579273399034	1.58
115.13804151712066	1.58
124.82856725630421	1.58
152.26404178175522	1.58
113.0666144998026	1.58
115.13804151712066	1.58
119.36742395906943	1.58
152.26404178175522	1.58
113.0666144998026	1.58
111.7452185480668	1.58
120.3096202184171	1.58
152.26404178175522	1.58
113.0666144998026	1.58
111.7452185480668	1.58
120.3096202184171	1.58
152.26404178175522	1.58
113.0666144998026	1.58
111.7452185480668	1.58
122.68493442223816	1.58
152.26404178175522	1.58
113.14889236420315	1.58
111.86781436549597	1.58
123.66770429827673	1.58
134.26123162204385	1.58
119.37398860245221	1.58
113.53995363550959	1.58
119.70751922608659	1.58
132.3049432392938	1.58
119.04452682920547	1.58
113.53995363550959	1.58
120.10325071428016	1.58
126.33966970169101	1.58
118.8840786105006	1.58
110.12447889742825	1.58
119.69181021863422	1.58
129.72287802310302	1.58
113.84848815980415	1.58
103.16324756173397	1.58
125.05753697573712	1.58
121.79608177206217	1.58
116.61572757422368	1.58
107.42276094157128	1.58
133.3599802155273	1.58
125.98048927629463	1.58
112.11591983638341	1.58
108.84013273075217	1.58
157.7906023411566	1.58
122.05759710776947	1.58
107.49752029539906	1.58
108.84013273075217	1.58
157.7906023411566	1.58
117.80054095785664	1.58
112.12241525710166	1.58
108.84013273075217	1.58
157.7906023411566	1.58
117.80054095785664	1.58
117.7820230673675	1.58
108.83654575188744	1.58
157.7906023411566	1.58
114.47370705867284	1.58
117.7820230673675	1.58
109.52663012645081	1.58
141.08027885252588	1.58
112.6880732127836	1.58
118.56067804052795	1.58
109.52663012645081	1.58
141.08027885252588	1.58
112.6880732127836	1.58
117.51619635360507	1.58
124.7501077012424	1.58
133.94907415974296	1.58
109.86938906269518	1.58
122.66524869478963	1.58
126.02394598826821	1.58
131.31246565170116	1.58
109.86938906269518	1.58
122.66524869478963	1.58
126.02394598826821	1.58
135.35946485479963	1.58
109.86938906269518	1.58
126.16584443611207	1.58
136.86898950588608	1.58
134.5241650072218	1.58
114.84014948963387	1.58
129.2148266411658	1.58
153.2823778275381	1.58
143.37322924222798	1.58
114.84014948963387	1.58
132.5657080101457	1.58
143.795634236539	1.58
143.28820130059947	1.58
114.84014948963387	1.58
127.94427117497338	1.58
143.795634236539	1.58
143.50125653101858	1.58
116.14856824520889	1.58
132.78215616919132	1.58
144.01184390312827	1.58
143.31670299643008	1.58
116.14856824520889	1.58
142.9259937421731	1.58
144.01184390312827	1.58
143.340574232981	1.58
116.14856824520889	1.58
142.94527362909835	1.58
144.230955969472	1.58
143.142416405859	1.58
121.21364264266512	1.58
144.88680441671517	1.58
155.8566643460989	1.58
143.142416405859	1.58
121.21364264266512	1.58
146.38515873560328	1.58
155.8566643460989	1.58
145.82577283909154	1.58
133.48323060562842	1.58
146.29591391161057	1.58
155.8566643460989	1.58
145.82577283909154	1.58
133.48323060562842	1.58
146.2586884068524	1.58
155.8566643460989	1.58
145.57271401497948	1.58
133.48323060562842	1.58
146.36306613926652	1.58
155.8566643460989	1.58
150.58298519238102	1.58
133.48323060562842	1.58
145.82467053879236	1.58
155.8566643460989	1.58
146.67213873398038	1.58
126.09574621304202	1.58
154.0962328710482	1.58
153.79809633294127	1.58
146.67213873398038	1.58
126.09574621304202	1.58
155.94768683855787	1.58
153.79809633294127	1.58
148.61675107005027	1.58
126.45033505152904	1.58
155.94768683855787	1.58
153.55432927028056	1.58
143.29780058146196	1.58
126.61108866252575	1.58
155.94768683855787	1.58
140.4071782218519	1.58
145.54689359808623	1.58
134.53326849456874	1.58
154.2730937754408	1.58
138.39261646614122	1.58
140.38721142764712	1.58
133.1374725388757	1.58
151.8333118031352	1.58
139.61615767803983	1.58
140.38721142764712	1.58
129.90276185928624	1.58
148.93158877180045	1.58
139.16859941725966	1.58
140.0332982808674	1.58
115.73744883292996	1.58
157.2679142876058	1.58
138.97752280738044	1.58
141.0499571611543	1.58
125.30469544749366	1.58
157.2679142876058	1.58
147.5725389242256	1.58
126.55572054853164	1.58
113.84396073088504	1.58
155.88049621826147	1.58
151.42850770333453	1.58
116.30810498052502	1.58
120.92438649251133	1.58
137.9532825281141	1.58
151.42850770333453	1.58
107.60231219247297	1.58
123.75098006659698	1.58
137.9532825281141	1.58
151.42850770333453	1.58
107.60231219247297	1.58
119.6362181680272	1.58
146.7531556972037	1.58
151.42850770333453	1.58
107.60231219247297	1.58
129.05088637867493	1.58
146.7531556972037	1.58
151.42850770333453	1.58
107.60231219247297	1.58
133.60169213062565	1.58
146.7531556972037	1.58
151.42850770333453	1.58
108.85151897124747	1.58
133.60169213062565	1.58
146.7531556972037	1.58
150.85332033116993	1.58
108.85151897124747	1.58
121.46112520974367	1.58
144.18564103938894	1.58
150.85332033116993	1.58
108.85151897124747	1.58
109.29757742242877	1.58
144.18564103938894	1.58
156.8654331893604	1.58
113.93238960131788	1.58
110.84320563083818	1.58
144.08767197429023	1.58
156.8654331893604	1.58
113.93238960131788	1.58
127.20858527026732	1.58
148.12118364735687	1.58
156.8654331893604	1.58
113.93238960131788	1.58
120.00317679665358	1.58
148.12118364735687	1.58
146.79721042638124	1.58
111.93770576145803	1.58
120.00317679665358	1.58
136.26871579778947	1.58
144.25029331858073	1.58
124.18397069079525	1.58
123.25309808988082	1.58
145.09107349205067	1.58
156.54626174769533	1.58
123.4732255798765	1.58
121.75449251919443	1.58
155.27722563764527	1.58
155.74208019312235	1.58
123.4732255798765	1.58
109.82707276922535	1.58
155.27722563764527	1.58
155.74208019312235	1.58
126.26024367843226	1.58
126.6732221532122	1.58
155.27722563764527	1.58
144.6352605610727	1.58
126.26024367843226	1.58
129.819455730441	1.58
155.27722563764527	1.58
145.9150720283899	1.58
127.09120213626305	1.58
113.63904591599147	1.58
155.27722563764527	1.58
147.72747200902825	1.58
138.40753259496557	1.58
113.63904591599147	1.58
155.27722563764527	1.58
147.72747200902825	1.58
125.04279213103936	1.58
109.05567701948472	1.58
142.96185975591837	1.58
157.0162383156269	1.58
112.86612712474606	1.58
126.62270050026895	1.58
151.5707448440135	1.58
144.47711803822102	1.58
112.86612712474606	1.58
125.36027078887875	1.58
151.5707448440135	1.58
153.45398669519633	1.58
120.83965245501108	1.58
122.62882873524468	1.58
146.80657056572377	1.58
139.94687861438814	1.58
120.83965245501108	1.58
122.62882873524468	1.58
142.11547027409583	1.58
145.5246799295005	1.58
120.83965245501108	1.58
122.62882873524468	1.58
141.06880517043686	1.58
145.2021216596974	1.58
121.42138164105144	1.58
123.37224267862834	1.58
140.47857577489197	1.58
146.28869286771314	1.58
121.42138164105144	1.58
123.37224267862834	1.58
134.36005998661204	1.58
146.28869286771314	1.58
122.10406797016861	1.58
122.28710853955238	1.58
144.64780475345873	1.58
153.6148812575559	1.58
122.10406797016861	1.58
122.28710853955238	1.58
145.41612983629494	1.58
153.6148812575559	1.58
125.01917999825294	1.58
109.49909976334176	1.58
152.5921219501168	1.58
153.6148812575559	1.58
125.01917999825294	1.58
126.02357835200655	1.58
152.5921219501168	1.58
157.13078081216614	1.58
134.1096544975003	1.58
136.50642540373696	1.58
152.5921219501168	1.58
157.13078081216614	1.58
116.80160547624895	1.58
136.50642540373696	1.58
153.71691922972167	1.58
157.13078081216614	1.58
116.80160547624895	1.58
130.68153247446742	1.58
153.71691922972167	1.58
150.84799874526664	1.58
116.80160547624895	1.58
125.00056964715782	1.58
147.67730754648292	1.58
157.45030624457524	1.58
110.79705472091469	1.58
124.87004297871385	1.58
138.43225576329058	1.58
148.75987742086718	1.58
123.53571473128122	1.58
120.191715757651	1.58
150.73664080853035	1.58
140.38731983588107	1.58
123.59276386101564	1.58
120.191715757651	1.58
138.88007257855992	1.58
141.49831461566905	1.58
124.10982088944235	1.58
115.11701012212593	1.58
147.2331385465201	1.58
140.61729886300358	1.58
124.10982088944235	1.58
115.11701012212593	1.58
138.71760844932356	1.58
156.68563393022188	1.58
129.5293288548126	1.58
115.11701012212593	1.58
133.486435815049	1.58
156.68563393022188	1.58
118.59114754911778	1.58
116.00898495659435	1.58
140.86504605646377	1.58
156.68563393022188	1.58
118.59114754911778	1.58
116.00898495659435	1.58
136.98410457156308	1.58
156.68563393022188	1.58
118.59114754911778	1.58
122.95733519561237	1.58
136.98410457156308	1.58
156.68563393022188	1.58
117.4410207800115	1.58
120.74188182012202	1.58
135.24284287743544	1.58
156.68563393022188	1.58
117.4410207800115	1.58
113.16909254365692	1.58
143.69922142581757	1.58
146.05830494084915	1.58
125.32021042773809	1.58
121.91973144034652	1.58
153.36071222792108	1.58
156.70535682151737	1.58
134.78505335672585	1.58
121.91973144034652	1.58
153.36071222792108	1.58
156.70535682151737	1.58
113.75500540050534	1.58
113.45296169750863	1.58
133.63047529846884	1.58
156.70535682151737	1.58
113.75500540050534	1.58
113.45296169750863	1.58
144.50812896626633	1.58
156.70535682151737	1.58
127.09058316339848	1.58
113.45296169750863	1.58
144.50812896626633	1.58
156.70535682151737	1.58
126.45086672661247	1.58
113.45296169750863	1.58
141.92564120389446	1.58
156.70535682151737	1.58
126.45086672661247	1.58
122.64955347218584	1.58
149.7701846823165	1.58
156.70535682151737	1.58
126.45086672661247	1.58
137.47054399275123	1.58
149.7701846823165	1.58
156.70535682151737	1.58
113.78790332319004	1.58
132.15208673511572	1.58
144.04248194255297	1.58
143.91715987270067	1.58
113.78790332319004	1.58
129.24729198206734	1.58
144.04248194255297	1.58
143.91715987270067	1.58
113.78790332319004	1.58
127.5467724987442	1.58
150.22646545403242	1.58
143.91715987270067	1.58
113.78790332319004	1.58
122.83786821672072	1.58
149.26335342322653	1.58
143.91715987270067	1.58
113.78790332319004	1.58
122.83786821672072	1.58
149.26335342322653	1.58
144.89201518471796	1.58
120.08312507380205	1.58
122.83786821672072	1.58
155.71716515617828	1.58
154.06639343813998	1.58
120.08312507380205	1.58
110.76254437577886	1.58
149.95078398656224	1.58
140.0282005194022	1.58
120.08312507380205	1.58
110.76254437577886	1.58
149.95078398656224	1.58
133.14348396651934	1.58
120.08312507380205	1.58
120.77382204858898	1.58
151.47712472452582	1.58
144.60658829612944	1.58
120.08312507380205	1.58
120.77382204858898	1.58
151.47712472452582	1.58
149.80342501362912	1.58
111.95788018795497	1.58
120.77382204858898	1.58
146.59789289753104	1.58
149.80342501362912	1.58
130.4218534210054	1.58
120.77382204858898	1.58
154.43257075754013	1.58
149.80342501362912	1.58
119.2954173476307	1.58
120.77382204858898	1.58
154.43257075754013	1.58
149.80342501362912	1.58
119.2954173476307	1.58
116.27190796352949	1.58
150.70890255241545	1.58
155.17967846590292	1.58
119.2954173476307	1.58
134.32352417029972	1.58
155.73277645537357	1.58
155.17967846590292	1.58
128.49960412314024	1.58
131.41698132316697	1.58
155.73277645537357	1.58
155.17967846590292	1.58
124.47859592863071	1.58
120.65397791373564	1.58
142.44157563034972	1.58
154.33007462510128	1.58
124.47859592863071	1.58
114.29612374542063	1.58
142.44157563034972	1.58
146.3227342415576	1.58
112.16586242792198	1.58
114.29612374542063	1.58
139.470242169963	1.58
149.3628452988055	1.58
112.16586242792198	1.58
114.29612374542063	1.58
156.24681513510393	1.58
156.64242234403662	1.58
112.16586242792198	1.58
114.29612374542063	1.58
144.123750281076	1.58
156.64242234403662	1.58
114.63917226205012	1.58
114.29612374542063	1.58
136.38381011447598	1.58
156.64242234403662	1.58
113.53981590353162	1.58
114.29612374542063	1.58
145.6435517156348	1.58
156.64242234403662	1.58
116.00572064926857	1.58
119.53504504293358	1.58
145.05655989338425	1.58
156.64242234403662	1.58
110.82249634086372	1.58
122.04491135754196	1.58
156.64368468127856	1.58
156.64242234403662	1.58
122.66561414227994	1.58
138.39978440045496	1.58
156.64368468127856	1.58
156.64242234403662	1.58
138.38439553492256	1.58
126.65601714465241	1.58
148.40215455757365	1.58
156.64242234403662	1.58
130.41896011752192	1.58
125.41860381223519	1.58
148.66789001075267	1.58
156.64242234403662	1.58
115.39084014571988	1.58
124.18551648974668	1.58
148.66789001075267	1.58
155.25809457871154	1.58
114.89381821135046	1.58
124.18551648974668	1.58
131.85126055214315	1.58
155.25809457871154	1.58
118.91672374696526	1.58
126.00413307474231	1.58
135.80617795617331	1.58
155.25809457871154	1.58
121.47587266910202	1.58
115.40345641045793	1.58
148.47425513450585	1.58
155.25809457871154	1.58
125.45670413771046	1.58
128.63398563628584	1.58
143.17706491657069	1.58
155.25809457871154	1.58
123.9375171567333	1.58
116.95450338306655	1.58
143.17706491657069	1.58
155.84186690772324	1.58
123.9375171567333	1.58
116.7605601451322	1.58
146.28777089402706	1.58
155.84186690772324	1.58
117.31251986346373	1.58
119.55092358933855	1.58
146.28777089402706	1.58
155.84186690772324	1.58
112.60603843936426	1.58
119.55092358933855	1.58
142.2763481215875	1.58
152.6142123756365	1.58
128.77297843413663	1.58
113.54483172527517	1.58
128.67897782678276	1.58
152.6142123756365	1.58
136.79715530105145	1.58
124.12174194392222	1.58
121.50398416842246	1.58
152.6142123756365	1.58
145.69727704634667	1.58
124.12174194392222	1.58
127.86729542900216	1.58
151.11242073269307	1.58
145.69727704634667	1.58
104.90446349641138	1.58
114.8874315344028	1.58
151.44855712060206	1.58
146.93706910223904	1.58
108.18372744931474	1.58
112.80492259520898	1.58
151.44855712060206	1.58
153.73383751942217	1.58
108.66199814490444	1.58
112.97128886133157	1.58
151.47850324741975	1.58
155.34721801443635	1.58
108.62781544987176	1.58
112.97128886133157	1.58
147.72639187410545	1.58
155.34721801443635	1.58
108.62781544987176	1.58
123.3760437912568	1.58
145.26557438563736	1.58
151.2581775591543	1.58
108.62781544987176	1.58
124.06423092148052	1.58
145.26557438563736	1.58
149.89808273471638	1.58
107.75000883865822	1.58
113.5653817934894	1.58
145.28707963187136	1.58
149.32444347336866	1.58
107.75000883865822	1.58
114.34264466811186	1.58
145.28707963187136	1.58
135.6062419937524	1.58
110.5769121852763	1.58
111.55736156594735	1.58
149.8602891256972	1.58
135.74928262683582	1.58
110.5769121852763	1.58
111.63938707143537	1.58
145.5999434542399	1.58
128.29276240891596	1.58
110.5769121852763	1.58
111.63938707143537	1.58
152.80694424131167	1.58
123.9961415880227	1.58
109.70854700385804	1.58
115.51363736455508	1.58
152.80694424131167	1.58
129.54638607376774	1.58
109.70854700385804	1.58
115.51363736455508	1.58
157.03723372881217	1.58
126.5556760280335	1.58
109.27698181259228	1.58
113.66458002782146	1.58
155.13253473794137	1.58
131.80868464829675	1.58
109.27698181259228	1.58
113.41513844823274	1.58
155.13253473794137	1.58
131.80868464829675	1.58
108.52427299811461	1.58
118.97296887813498	1.58
157.87354740135552	1.58
110.53962862278529	1.58
110.96961282163306	1.58
122.97823824276426	1.58
157.87354740135552	1.58
107.21981578325226	1.58
109.00099968914267	1.58
122.97823824276426	1.58
157.87354740135552	1.58
107.21981578325226	1.58
109.00099968914267	1.58
123.77958957876113	1.58
157.87354740135552	1.58
107.21981578325226	1.58
109.00099968914267	1.58
127.73779951814946	1.58
157.87354740135552	1.58
107.21981578325226	1.58
109.00099968914267	1.58
146.53876579948783	1.58
157.87354740135552	1.58
107.21981578325226	1.58
109.00099968914267	1.58
146.53876579948783	1.58
145.36266106579006	1.58
107.21981578325226	1.58
110.88843013953762	1.58
141.61520383052616	1.58
127.5015736098441	1.58
115.61324564972962	1.58
110.88843013953762	1.58
141.61520383052616	1.58
129.81772389366006	1.58
115.61324564972962	1.58
110.88843013953762	1.58
141.61520383052616	1.58
124.21957285689578	1.58
110.13443058760177	1.58
110.88843013953762	1.58
135.18869445174775	1.58
137.212685333897	1.58
110.13443058760177	1.58
122.18187719637517	1.58
134.16656236507475	1.58
124.74372664050921	1.58
116.39823213689519	1.58
120.60526906013243	1.58
140.37170833947053	1.58
126.53532636277342	1.58
116.39823213689519	1.58
111.98647191868608	1.58
129.18733688112536	1.58
125.23597170244429	1.58
119.08420421043533	1.58
109.77975279024385	1.58
124.33571754453772	1.58
125.96421072184926	1.58
116.78828490634648	1.58
109.77975279024385	1.58
131.58950988077336	1.58
128.7671724109052	1.58
116.78828490634648	1.58
109.55003656703445	1.58
131.36137216267915	1.58
126.81749497677514	1.58
116.78828490634648	1.58
110.63990353379668	1.58
132.53984701480223	1.58
122.14181844286148	1.58
116.78828490634648	1.58
112.12013394745665	1.58
129.5463285922705	1.58
128.3107467007655	1.58
109.1479418914216	1.58
113.93644901246725	1.58
140.22358041840394	1.58
133.04632780641938	1.58
114.77554262975026	1.58
113.93644901246725	1.58
136.0822799905351	1.58
143.91434080558727	1.58
121.25735888372407	1.58
113.93644901246725	1.58
139.58563061372982	1.58
138.15820592637098	1.58
124.04801174977901	1.58
113.93644901246725	1.58
139.69865173859463	1.58
146.3030338735645	1.58
123.10113874437704	1.58
112.32477038310765	1.58
143.97677357007944	1.58
155.73033115047335	1.58
123.51655220575097	1.58
112.32477038310765	1.58
140.34273654816724	1.58
155.73033115047335	1.58
125.7046770939958	1.58
106.9176451123752	1.58
150.55683990496192	1.58
155.73033115047335	1.58
124.7030474019663	1.58
106.9176451123752	1.58
131.83192619330129	1.58
155.73033115047335	1.58
121.40477103086751	1.58
110.99647940824151	1.58
136.42601529042497	1.58
155.73033115047335	1.58
121.40477103086751	1.58
110.99647940824151	1.58
157.10205773117679	1.58
157.6438811584945	1.58
121.40477103086751	1.58
110.99647940824151	1.58
157.10205773117679	1.58
157.6438811584945	1.58
121.40477103086751	1.58
127.87271982099216	1.58
157.10205773117679	1.58
144.88456751229015	1.58
121.40477103086751	1.58
131.32577524388788	1.58
157.10205773117679	1.58
144.88456751229015	1.58
121.40477103086751	1.58
121.59679085731801	1.58
144.0083235345949	1.58
144.88456751229015	1.58
115.96497249191935	1.58
132.03766928498766	1.58
141.72323582234188	1.58
145.34578591345192	1.58
115.1290942275067	1.58
127.48888594451175	1.58
150.8640830943192	1.58
136.329352500417	1.58
115.1290942275067	1.58
127.41255433052301	1.58
150.8640830943192	1.58
129.1746393486572	1.58
114.2097070841117	1.58
127.27111137054803	1.58
150.8640830943192	1.58
136.6427585462058	1.58
119.57263471921304	1.58
126.7697731675866	1.58
150.8640830943192	1.58
143.4253187134242	1.58
119.57263471921304	1.58
124.93790570497814	1.58
150.8640830943192	1.58
143.4253187134242	1.58
122.00562621089506	1.58
131.09048370029836	1.58
150.8640830943192	1.58
152.55551188966362	1.58
137.21872705362733	1.58
126.98693182766826	1.58
150.8640830943192	1.58
149.43854614913334	1.58
134.0350461985253	1.58
125.87069732244827	1.58
154.27469645758248	1.58
140.09350542381665	1.58
134.0350461985253	1.58
115.01716148385192	1.58
154.27469645758248	1.58
137.50095600697054	1.58
132.14905929886993	1.58
118.09483011388832	1.58
154.27469645758248	1.58
137.50095600697054	1.58
132.57525681191927	1.58
118.09483011388832	1.58
154.27469645758248	1.58
138.4003631820629	1.58
116.99183188779935	1.58
118.09483011388832	1.58
154.27469645758248	1.58
157.83969470285388	1.58
116.99183188779935	1.58
118.09483011388832	1.58
154.27469645758248	1.58
141.40791752264397	1.58
116.99183188779935	1.58
118.09483011388832	1.58
138.3073408108225	1.58
141.40791752264397	1.58
116.99183188779935	1.58
109.33886080226401	1.58
123.9264373679224	1.58
128.80117123433317	1.58
111.34384955752351	1.58
109.33886080226401	1.58
125.37396549741678	1.58
126.73130360251157	1.58
111.27833455235529	1.58
117.03738869063072	1.58
128.0949904702809	1.58
129.652637347726	1.58
117.62934670350393	1.58
115.6068503339792	1.58
128.0949904702809	1.58
131.38940552204537	1.58
119.05289970907795	1.58
111.27506920000829	1.58
131.53410470184227	1.58
139.03251852073709	1.58
125.08661231632675	1.58
111.27506920000829	1.58
131.53410470184227	1.58
127.53489921125538	1.58
126.8407087028845	1.58
111.27506920000829	1.58
132.0839854673854	1.58
127.90609082352147	1.58
127.10769281911728	1.58
111.27506920000829	1.58
135.6265549540491	1.58
127.84650299640934	1.58
126.79884150663058	1.58
111.27506920000829	1.58
143.74272628371511	1.58
128.35081125688038	1.58
111.46539336909717	1.58
124.57814884191183	1.58
140.5068494710445	1.58
132.05669805589673	1.58
111.46539336909717	1.58
123.71706469468428	1.58
140.5068494710445	1.58
133.27153273593416	1.58
111.46539336909717	1.58
124.81668331275156	1.58
152.35304462765578	1.58
142.9612596863708	1.58
116.41038588866394	1.58
124.81668331275156	1.58
156.48659839603945	1.58
134.95134987959682	1.58
115.07241010688399	1.58
122.33871192527175	1.58
157.6653131763386	1.58
141.2955910870906	1.58
115.07241010688399	1.58
130.11934352678298	1.58
150.20076157277487	1.58
138.36869927930002	1.58
115.07241010688399	1.58
131.0912920600448	1.58
150.20076157277487	1.58
139.78307374987423	1.58
111.50787835796316	1.58
131.0912920600448	1.58
151.8587500419477	1.58
144.2941433732186	1.58
130.4306610672466	1.58
126.784090673572	1.58
151.8587500419477	1.58
155.8585151444794	1.58
121.40195998484012	1.58
118.57952566565433	1.58
151.8587500419477	1.58
151.2861721865734	1.58
114.21917843040634	1.58
132.28586103228838	1.58
158.03928361900088	1.58
151.2861721865734	1.58
114.21917843040634	1.58
123.47415663772901	1.58
158.03928361900088	1.58
133.0272892085296	1.58
114.21917843040634	1.58
122.56878978276231	1.58
139.33992848887567	1.58
144.16183774646933	1.58
114.21917843040634	1.58
110.66090773692967	1.58
144.26912467716264	1.58
130.3307934849273	1.58
118.99562803174977	1.58
110.66090773692967	1.58
140.69969320457633	1.58
136.1697239059182	1.58
119.23633320305913	1.58
119.58534846173632	1.58
151.699223550148	1.58
141.98397424837842	1.58
116.99100174233536	1.58
115.05278379399647	1.58
151.699223550148	1.58
146.36883577347155	1.58
116.99100174233536	1.58
111.1861635842942	1.58
137.48969119799912	1.58
141.9656668131212	1.58
116.99100174233536	1.58
111.1861635842942	1.58
126.8139100996313	1.58
142.1488272448905	1.58
116.99100174233536	1.58
117.74617641638251	1.58
126.8139100996313	1.58
154.29837058392638	1.58
116.99100174233536	1.58
117.74617641638251	1.58
131.26832172149784	1.58
154.29837058392638	1.58
134.88659631468013	1.58
117.74617641638251	1.58
130.34307297920589	1.58
151.70871337142663	1.58
136.4992952089463	1.58
117.74617641638251	1.58
127.36596228385096	1.58
151.70871337142663	1.58
139.69621965465305	1.58
113.51422690698358	1.58
131.08327335792475	1.58
151.70871337142663	1.58
141.083045990093	1.58
113.51422690698358	1.58
131.07877224700525	1.58
152.52153622424078	1.58
138.10609127181635	1.58
103.94844850020348	1.58
152.38510839268415	1.58
152.86728661679967	1.58
126.8669956528106	1.58
103.94844850020348	1.58
152.38510839268415	1.58
152.86728661679967	1.58
129.31040797773687	1.58
126.88267732464939	1.58
152.38510839268415	1.58
149.7503712448405	1.58
136.81627454202226	1.58
106.73850323968935	1.58
152.38510839268415	1.58
149.7503712448405	1.58
143.1584644917117	1.58
121.2452674003782	1.58
152.38510839268415	1.58
140.30984469768146	1.58
142.6816464306598	1.58
126.13163262329478	1.58
155.66366478901946	1.58
140.30984469768146	1.58
143.237688397455	1.58
123.38709051193365	1.58
155.66366478901946	1.58
139.0873498221997	1.58
145.83019172592097	1.58
114.78251699753699	1.58
152.30446335729178	1.58
137.746155026719	1.58
139.86791727714797	1.58
122.94452335755703	1.58
152.30446335729178	1.58
136.04465768716653	1.58
139.86791727714797	1.58
122.94452335755703	1.58
156.6805738438016	1.58
133.7377309841492	1.58
136.93115728750954	1.58
114.74508195337769	1.58
156.6805738438016	1.58
132.2673977854811	1.58
119.8653211072471	1.58
114.74508195337769	1.58
156.6805738438016	1.58
128.8588824700521	1.58
115.93071555430453	1.58
114.74508195337769	1.58
156.6805738438016	1.58
124.72970623999126	1.58
115.93071555430453	1.58
119.25044868334871	1.58
156.6805738438016	1.58
128.04819778935314	1.58
113.97295297031833	1.58
122.81294640756882	1.58
156.6805738438016	1.58
121.33717678287273	1.58
112.2629953292306	1.58
122.81294640756882	1.58
156.6805738438016	1.58
121.33717678287273	1.58
112.2629953292306	1.58
115.12511700654775	1.58
156.6805738438016	1.58
126.67073327954203	1.58
112.2629953292306	1.58
115.12511700654775	1.58
156.6805738438016	1.58
123.04747011654152	1.58
112.2600476333435	1.58
115.12511700654775	1.58
137.3076941177648	1.58
126.04485332081647	1.58
112.2600476333435	1.58
119.17743683466215	1.58
134.18097721589118	1.58
126.04485332081647	1.58
110.56091654003376	1.58
124.73983513532734	1.58
139.11766279159954	1.58
127.34538009629472	1.58
110.56091654003376	1.58
125.3168099760831	1.58
135.28915656007072	1.58
127.62088532125568	1.58
110.56091654003376	1.58
123.69564485687889	1.58
135.28915656007072	1.58
130.97816757890433	1.58
119.10044061328966	1.58
126.34367751039458	1.58
139.69855197689157	1.58
136.79245663778923	1.58
119.10044061328966	1.58
116.31607044084193	1.58
131.7594686400055	1.58
128.2028608510074	1.58
112.91762837983181	1.58
116.34008374026713	1.58
130.78841611928934	1.58
138.0252293872824	1.58
116.21935050673372	1.58
121.17210150781096	1.58
140.29924029316766	1.58
150.5132828957939	1.58
116.21935050673372	1.58
115.74866848218876	1.58
149.82629522807778	1.58
150.5132828957939	1.58
117.17285988745246	1.58
115.74866848218876	1.58
149.82629522807778	1.58
150.5132828957939	1.58
122.3335583643495	1.58
131.9807878437119	1.58
147.76042122344853	1.58
152.18918882758626	1.58
122.3335583643495	1.58
137.96848611797637	1.58
147.76042122344853	1.58
153.6834124674449	1.58
122.3335583643495	1.58
134.45172984695876	1.58
156.1788634183598	1.58
153.6834124674449	1.58
131.93940946916214	1.58
119.30740267670758	1.58
147.47389178119838	1.58
153.6834124674449	1.58
117.53196597789021	1.58
117.01988486046378	1.58
147.47389178119838	1.58
153.6834124674449	1.58
117.53196597789021	1.58
115.62351151398256	1.58
152.54492097024058	1.58
153.6834124674449	1.58
117.53196597789021	1.58
115.95602750407647	1.58
152.54492097024058	1.58
153.6834124674449	1.58
117.53196597789021	1.58
123.16470250132377	1.58
151.62140859613095	1.58
156.37314892597976	1.58
117.53196597789021	1.58
133.87743762625573	1.58
151.62140859613095	1.58
156.37314892597976	1.58
111.65286826038363	1.58
127.98210331648174	1.58
148.18057428878507	1.58
156.37314892597976	1.58
111.65286826038363	1.58
114.52405854013462	1.58
144.1779016018067	1.58
156.37314892597976	1.58
111.65286826038363	1.58
114.52405854013462	1.58
144.1779016018067	1.58
146.7801850562631	1.58
111.65286826038363	1.58
125.82417952488277	1.58
144.22676150835622	1.58
146.7801850562631	1.58
114.95529659068065	1.58
125.82417952488277	1.58
155.42287212278399	1.58
151.2105964394174	1.58
114.95529659068065	1.58
111.11094375820274	1.58
155.42287212278399	1.58
148.0584130368958	1.58
114.95529659068065	1.58
111.11094375820274	1.58
155.42287212278399	1.58
156.0441901065837	1.58
114.95529659068065	1.58
111.11094375820274	1.58
155.42287212278399	1.58
156.0441901065837	1.58
130.8889899104591	1.58
121.37527257253188	1.58
155.42287212278399	1.58
156.0441901065837	1.58
127.46978972284595	1.58
121.37527257253188	1.58
155.42287212278399	1.58
156.0441901065837	1.58
113.12539015335193	1.58
133.75403048769465	1.58
155.42287212278399	1.58
156.0441901065837	1.58
113.12539015335193	1.58
133.29130278199912	1.58
155.42287212278399	1.58
156.0441901065837	1.58
113.12539015335193	1.58
119.77048520981573	1.58
155.42287212278399	1.58
156.0441901065837	1.58
113.12539015335193	1.58
116.25734511536797	1.58
155.42287212278399	1.58
156.0441901065837	1.58
113.12539015335193	1.58
129.83552790618913	1.58
155.42287212278399	1.58
156.0441901065837	1.58
122.35429289650273	1.58
142.020320744491	1.58
155.42287212278399	1.58
156.0441901065837	1.58
122.35429289650273	1.58
137.4686276629604	1.58
155.42287212278399	1.58
156.0441901065837	1.58
122.35429289650273	1.58
132.27149453712008	1.58
155.42287212278399	1.58
156.0441901065837	1.58
125.51985405265853	1.58
118.58128492621712	1.58
155.42287212278399	1.58
155.01073161230386	1.58
125.51985405265853	1.58
118.58128492621712	1.58
155.42287212278399	1.58
155.01073161230386	1.58
126.67326226682006	1.58
118.58128492621712	1.58
155.42287212278399	1.58
155.01073161230386	1.58
126.67326226682006	1.58
118.58128492621712	1.58
145.1155338189907	1.58
157.21053742361633	1.58
110.66174770144771	1.58
118.58128492621712	1.58
139.22418478400863	1.58
142.02994874008488	1.58
110.66174770144771	1.58
107.02257193224705	1.58
135.92858515311832	1.58
142.02994874008488	1.58
110.66174770144771	1.58
107.02257193224705	1.58
133.48308310560762	1.58
148.04056023859894	1.58
118.2297079095338	1.58
115.30266936637184	1.58
141.22410750641617	1.58
137.58501565722142	1.58
126.20773349721657	1.58
117.55030174620475	1.58
150.8940392217366	1.58
155.39835801102393	1.58
129.18441962692313	1.58
117.55030174620475	1.58
154.54214602030905	1.58
155.39835801102393	1.58
114.84560994826164	1.58
108.9635174069381	1.58
154.54214602030905	1.58
155.39835801102393	1.58
116.92407839770335	1.58
108.9635174069381	1.58
149.84597061989138	1.58
155.39835801102393	1.58
130.12108714849668	1.58
108.9635174069381	1.58
154.2959132395113	1.58
155.39835801102393	1.58
111.23779225244004	1.58
108.9635174069381	1.58
154.2959132395113	1.58
154.98232571984371	1.58
111.23779225244004	1.58
108.9635174069381	1.58
154.2959132395113	1.58
154.98232571984371	1.58
112.38001156939961	1.58
108.9635174069381	1.58
154.2959132395113	1.58
154.98232571984371	1.58
112.38001156939961	1.58
116.67520124411021	1.58
152.12246561576697	1.58
154.98232571984371	1.58
112.38001156939961	1.58
116.67520124411021	1.58
152.12246561576697	1.58
154.98232571984371	1.58
112.38001156939961	1.58
117.9172453006676	1.58
152.12246561576697	1.58
139.6856365669426	1.58
117.12644233456987	1.58
110.57591962058231	1.58
139.54010025234385	1.58
155.5980101395634	1.58
127.0724901016004	1.58
110.57591962058231	1.58
139.54010025234385	1.58
155.5980101395634	1.58
130.39383037885028	1.58
110.57591962058231	1.58
135.4415583171952	1.58
155.5980101395634	1.58
125.67462325940885	1.58
110.57591962058231	1.58
123.99249008170744	1.58
157.5545451915587	1.58
127.31565340365566	1.58
110.57591962058231	1.58
131.4789980291397	1.58
151.49890745539136	1.58
126.10423725456862	1.58
115.21218832431516	1.58
143.35200667523273	1.58
152.58209512755087	1.58
110.74013817398941	1.58
115.21218832431516	1.58
152.09654944883732	1.58
152.58209512755087	1.58
127.74575493826237	1.58
115.21218832431516	1.58
152.09654944883732	1.58
149.49186022278838	1.58
133.63153124738295	1.58
115.21218832431516	1.58
152.6333099580567	1.58
149.66422917989237	1.58
115.62119163637816	1.58
115.21218832431516	1.58
152.6333099580567	1.58
149.66422917989237	1.58
112.17895974398522	1.58
115.21218832431516	1.58
147.15914766559862	1.58
149.66422917989237	1.58
112.17895974398522	1.58
123.12529443777855	1.58
147.15914766559862	1.58
149.66422917989237	1.58
119.09036822757992	1.58
123.12529443777855	1.58
147.9967313776736	1.58
149.66422917989237	1.58
113.47010147759772	1.58
123.12529443777855	1.58
156.20386815746303	1.58
150.18967003950996	1.58
114.74256374938463	1.58
123.12529443777855	1.58
156.20386815746303	1.58
150.18967003950996	1.58
114.74256374938463	1.58
130.55120296185402	1.58
156.20386815746303	1.58
156.2679501460821	1.58
114.74256374938463	1.58
120.77308350863876	1.58
156.20386815746303	1.58
156.2679501460821	1.58
114.74256374938463	1.58
111.48423671053399	1.58
156.20386815746303	1.58
156.2679501460821	1.58
114.74256374938463	1.58
127.0978130588064	1.58
151.97094810836512	1.58
146.40140105158403	1.58
121.77778333893687	1.58
127.0978130588064	1.58
151.97094810836512	1.58
146.40140105158403	1.58
121.77778333893687	1.58
118.30093455241062	1.58
151.97094810836512	1.58
154.68506528643096	1.58
122.95756921016476	1.58
118.30093455241062	1.58
147.54714028073553	1.58
154.68506528643096	1.58
116.52845177082148	1.58
135.09433911915002	1.58
146.98622181993574	1.58
154.68506528643096	1.58
111.97336624522863	1.58
140.89610038621194	1.58
134.03823865784253	1.58
154.68506528643096	1.58
111.97336624522863	1.58
140.8482469795678	1.58
132.9160900228601	1.58
154.68506528643096	1.58
116.43482276094404	1.58
143.1111540385291	1.58
129.11480622053628	1.58
154.68506528643096	1.58
116.43482276094404	1.58
143.1111540385291	1.58
127.87748951061509	1.58
152.79379639295345	1.58
121.90946339661116	1.58
135.8397038902553	1.58
123.17343504284956	1.58
152.79379639295345	1.58
121.90946339661116	1.58
136.30041932350102	1.58
123.17343504284956	1.58
157.21323834771766	1.58
122.22730626941312	1.58
131.16927183811313	1.58
125.02379271441492	1.58
152.23286013379249	1.58
122.22730626941312	1.58
131.16927183811313	1.58
126.99256053527968	1.58
152.23286013379249	1.58
119.33072544640264	1.58
133.06759981279976	1.58
123.49106445456655	1.58
152.23286013379249	1.58
119.60300641975597	1.58
133.06759981279976	1.58
123.49106445456655	1.58
149.4174945660022	1.58
117.79886464489131	1.58
128.07412495779653	1.58
121.23220006108481	1.58
149.4174945660022	1.58
117.79886464489131	1.58
128.07412495779653	1.58
120.78206337303735	1.58
149.4174945660022	1.58
130.52906043668324	1.58
112.52263284209377	1.58
128.69668236878275	1.58
157.039525645561	1.58
130.44615019554027	1.58
112.52263284209377	1.58
123.25866777316307	1.58
157.039525645561	1.58
128.4570991394334	1.58
111.65512745310512	1.58
125.8674071466555	1.58
145.46874055638426	1.58
127.9903066914134	1.58
111.65512745310512	1.58
126.87850404945375	1.58
145.46874055638426	1.58
128.6071174053787	1.58
111.65512745310512	1.58
138.78686647308905	1.58
142.91253477620012	1.58
129.53324321783532	1.58
111.65512745310512	1.58
138.35530507614777	1.58
148.70413422052107	1.58
125.92258520563759	1.58
111.65512745310512	1.58
144.2258555800379	1.58
148.70413422052107	1.58
127.60939776974497	1.58
116.34694457453541	1.58
144.2258555800379	1.58
148.70413422052107	1.58
111.26032456015085	1.58
116.34694457453541	1.58
144.2258555800379	1.58
148.70413422052107	1.58
111.26032456015085	1.58
118.7474625344602	1.58
143.96805659993902	1.58
155.52455890501204	1.58
111.26032456015085	1.58
119.73229004145665	1.58
128.11806081126434	1.58
155.52455890501204	1.58
111.26032456015085	1.58
119.73229004145665	1.58
121.99908846674295	1.58
138.0485927875605	1.58
115.50038751443974	1.58
122.556391281526	1.58
122.05402437953958	1.58
143.2912376730492	1.58
114.88052160569218	1.58
111.8379461853435	1.58
122.16468184490994	1.58
157.27131040750294	1.58
134.77188032781777	1.58
116.6662976621312	1.58
122.16468184490994	1.58
151.64376896845386	1.58
138.40378741269478	1.58
116.60757756652377	1.58
122.11037219047306	1.58
151.64376896845386	1.58
138.40378741269478	1.58
116.60757756652377	1.58
130.2117886348347	1.58
151.64376896845386	1.58
128.24590652213803	1.58
118.02139264023378	1.58
130.37456931685114	1.58
151.64376896845386	1.58
134.74074115004746	1.58
118.02139264023378	1.58
126.33821518007323	1.58
152.85109938474136	1.58
137.0898734167068	1.58
117.1719782362509	1.58
126.84677504225881	1.58
141.9988447676527	1.58
137.0898734167068	1.58
114.52571810281525	1.58
121.77841869816277	1.58
143.60658804857786	1.58
131.6023729575552	1.58
109.6593775851258	1.58
124.7953521302951	1.58
138.8569401463849	1.58
131.6023729575552	1.58
109.6593775851258	1.58
118.6541857195855	1.58
136.2738318742808	1.58
133.68050464323775	1.58
109.6593775851258	1.58
118.98182397696712	1.58
135.80977544713258	1.58
131.57657256825098	1.58
109.6593775851258	1.58
125.61913143813955	1.58
146.03769500495102	1.58
131.57657256825098	1.58
109.6593775851258	1.58
121.03928029174693	1.58
146.03769500495102	1.58
132.13335223226974	1.58
114.41478382352041	1.58
120.55362898399761	1.58
146.05007943499186	1.58
132.13335223226974	1.58
129.05046624342168	1.58
109.21451552288448	1.58
148.28201127782978	1.58
132.5512640180229	1.58
132.35180379468903	1.58
118.45035866550438	1.58
148.28201127782978	1.58
129.63304921820105	1.58
136.67028493947495	1.58
118.18350584725842	1.58
157.29990756441288	1.58
137.86833213562585	1.58
136.67028493947495	1.58
113.74478626941446	1.58
148.16308254471102	1.58
137.86833213562585	1.58
136.16713802504398	1.58
116.19827646658788	1.58
144.17440153854636	1.58
138.6832648817212	1.58
132.86550680703965	1.58
116.19827646658788	1.58
143.4794392883998	1.58
136.90189004485484	1.58
132.86550680703965	1.58
118.46717842373698	1.58
143.94715809263593	1.58
135.00751121352343	1.58
134.0483920022138	1.58
116.49989234265155	1.58
145.43835860728495	1.58
151.61994175595487	1.58
146.26345378446865	1.58
116.49989234265155	1.58
145.84786778052293	1.58
151.61994175595487	1.58
134.8909302264757	1.58
116.49989234265155	1.58
146.94333268979406	1.58
154.61954601175654	1.58
134.1172238898626	1.58
116.49989234265155	1.58
154.0799988175394	1.58
156.0469255031123	1.58
134.1172238898626	1.58
113.7351597796667	1.58
145.10776342104498	1.58
151.47533822012105	1.58
127.48612119905692	1.58
114.80053372422933	1.58
145.10776342104498	1.58
151.47533822012105	1.58
127.48612119905692	1.58
114.80053372422933	1.58
145.56079101359165	1.58
152.19447563152778	1.58
121.5750881177714	1.58
114.80053372422933	1.58
145.11578927997607	1.58
152.19447563152778	1.58
126.3837402510446	1.58
114.80053372422933	1.58
145.11578927997607	1.58
149.71497555727046	1.58
126.49382847884576	1.58
116.58881770056094	1.58
149.17348037836533	1.58
149.70378939362513	1.58
130.01367606423167	1.58
116.58881770056094	1.58
149.31921212794217	1.58
149.70378939362513	1.58
130.96763058710576	1.58
117.17452928806873	1.58
151.81604928419267	1.58
146.2547972193257	1.58
137.6037014637477	1.58
117.17452928806873	1.58
149.55254134362556	1.58
146.37486917698573	1.58
153.33051908901126	1.58
117.17452928806873	1.58
151.15294952587325	1.58
149.47603625238682	1.58
151.51285448117522	1.58
117.17452928806873	1.58
150.81288963091595	1.58
155.21402340196425	1.58
151.51285448117522	1.58
127.49193747162639	1.58
150.81288963091595	1.58
142.43867826143034	1.58
151.42064486942334	1.58
127.49193747162639	1.58
147.90980066436177	1.58
142.43867826143034	1.58
141.55252303227198	1.58
130.0891672453263	1.58
152.6052081427059	1.58
138.69330609709445	1.58
142.40803904094778	1.58
131.37845629081278	1.58
146.85192806560582	1.58
138.69330609709445	1.58
143.58037847543469	1.58
125.84800018488994	1.58
146.85192806560582	1.58
132.6715302627738	1.58
147.8752318504309	1.58
121.67041788632966	1.58
155.511187295267	1.58
142.43649833631517	1.58
142.61300609729915	1.58
128.64102437774238	1.58
155.511187295267	1.58
135.5712488616051	1.58
148.41458568280552	1.58
127.49572159360918	1.58
155.511187295267	1.58
135.5712488616051	1.58
147.31938607651057	1.58
120.8112038354582	1.58
155.511187295267	1.58
139.59325238597586	1.58
148.71476265011805	1.58
121.01644241890756	1.58
152.83705689159177	1.58
139.28759715752864	1.58
148.71476265011805	1.58
123.00738268021581	1.58
147.58024025308828	1.58
138.49490603569853	1.58
147.57243153732554	1.58
126.03170138948826	1.58
147.58725201421217	1.58
138.49490603569853	1.58
147.57243153732554	1.58
113.00804311183046	1.58
147.5822249914857	1.58
132.89672362504172	1.58
147.57243153732554	1.58
122.42361206780545	1.58
147.5822249914857	1.58
138.98374530500894	1.58
147.56812484647025	1.58
122.42361206780545	1.58
154.95548251955557	1.58
148.41664214063212	1.58
147.56812484647025	1.58
122.42361206780545	1.58
151.68853021050845	1.58
148.41664214063212	1.58
145.09858234511802	1.58
122.8468204296532	1.58
151.68853021050845	1.58
148.41664214063212	1.58
145.09858234511802	1.58
134.0810875563486	1.58
154.79936535256235	1.58
148.41664214063212	1.58
154.3890806511528	1.58
134.0810875563486	1.58
154.79936535256235	1.58
146.17305133594647	1.58
154.44011355348889	1.58
134.0810875563486	1.58
154.81939884408223	1.58
143.02145876062283	1.58
154.56148730679996	1.58
130.8587624974151	1.58
154.81939884408223	1.58
143.02145876062283	1.58
154.37914521781067	1.58
111.6243521384338	1.58
154.78297472444436	1.58
139.53564250752473	1.58
154.37914521781067	1.58
111.58581994443573	1.58
154.78297472444436	1.58
126.40071105036402	1.58
154.37914521781067	1.58
129.88686730209486	1.58
154.81835480507115	1.58
127.99663578465419	1.58
154.4460880174108	1.58
135.18312436438993	1.58
145.95198784988014	1.58
121.24521939274236	1.58
154.4460880174108	1.58
134.78603211991359	1.58
146.25003439385497	1.58
127.22402370453969	1.58
153.08629422258306	1.58
131.7886051351862	1.58
145.0659028256088	1.58
126.77690740267462	1.58
148.09771941306974	1.58
136.29474301903787	1.58
145.0659028256088	1.58
123.42496179020532	1.58
150.55160689612495	1.58
136.29474301903787	1.58
139.57176082758318	1.58
124.18247256892067	1.58
150.55160689612495	1.58
130.5423686455173	1.58
139.57176082758318	1.58
124.18247256892067	1.58
149.68731694174588	1.58
130.5996105985078	1.58
139.93196400685557	1.58
126.5691292772115	1.58
157.0507238929664	1.58
132.25350128494233	1.58
140.45633115672615	1.58
128.75346952504705	1.58
157.0507238929664	1.58
134.1837125305904	1.58
151.1916971756284	1.58
124.46057490759648	1.58
148.6947077704329	1.58
134.1837125305904	1.58
151.1916971756284	1.58
131.96549896726566	1.58
149.41330984182454	1.58
134.1837125305904	1.58
145.22158445300462	1.58
118.96952791717975	1.58
149.41330984182454	1.58
132.2972105448186	1.58
141.73505948208236	1.58
118.96952791717975	1.58
146.68335339829719	1.58
136.13560170044616	1.58
133.34483111350903	1.58
112.70672062850649	1.58
155.05413657923688	1.58
131.2127781371033	1.58
133.34483111350903	1.58
112.70672062850649	1.58
155.05413657923688	1.58
131.2127781371033	1.58
133.34483111350903	1.58
113.02694644195624	1.58
155.05413657923688	1.58
116.09658117480788	1.58
136.62141983340808	1.58
117.7856903502712	1.58
156.89198247861302	1.58
116.08538454995754	1.58
140.07488134857377	1.58
119.07237571878852	1.58
150.88576446671235	1.58
123.00252355297386	1.58
142.89543198895618	1.58
119.07237571878852	1.58
156.69264839003122	1.58
117.3422344558943	1.58
136.2757308031293	1.58
119.07237571878852	1.58
156.69264839003122	1.58
117.76340511897803	1.58
135.99517812211417	1.58
119.39101095868014	1.58
156.69264839003122	1.58
114.53157227523508	1.58
147.1696902656471	1.58
132.0119093973874	1.58
156.4043821053776	1.58
114.53157227523508	1.58
154.76984642552551	1.58
128.33118667017143	1.58
157.9027427076434	1.58
114.53157227523508	1.58
154.3435276972	1.58
130.4944857359309	1.58
157.9027427076434	1.58
114.53157227523508	1.58
153.24650607376407	1.58
111.17439651756101	1.58
146.96540789563866	1.58
114.53157227523508	1.58
134.4107855804648	1.58
112.96398053186454	1.58
146.96540789563866	1.58
114.53157227523508	1.58
128.1482170766494	1.58
118.99713086804178	1.58
142.46262437458336	1.58
115.27180147887695	1.58
132.69111500741712	1.58
122.38270272938394	1.58
140.59637379551876	1.58
114.65231909074966	1.58
132.69111500741712	1.58
121.2832978573336	1.58
155.7378248560708	1.58
114.65231909074966	1.58
128.63991250783724	1.58
122.43775225474671	1.58
155.7378248560708	1.58
127.7170969431015	1.58
128.63991250783724	1.58
124.68150150022716	1.58
149.15944011085136	1.58
114.9851734915103	1.58
133.09434872917757	1.58
120.71468078104552	1.58
149.15944011085136	1.58
113.13137796476369	1.58
117.25107360561049	1.58
124.41627431511378	1.58
144.30292026054474	1.58
109.4119174419317	1.58
117.25107360561049	1.58
130.67472739040792	1.58
144.30292026054474	1.58
114.5867865096159	1.58
123.67132387483055	1.58
132.2556228327601	1.58
156.12248941154974	1.58
113.65135527691297	1.58
115.91937174085581	1.58
126.5203994577285	1.58
156.12248941154974	1.58
113.65135527691297	1.58
115.91937174085581	1.58
127.24817422937492	1.58
144.27265008396805	1.58
109.00819642365464	1.58
112.3342762741942	1.58
127.24817422937492	1.58
149.1826288537121	1.58
111.15090467838085	1.58
112.3342762741942	1.58
123.31684732146067	1.58
149.1826288537121	1.58
111.15090467838085	1.58
112.3342762741942	1.58
118.85915245761849	1.58
149.1826288537121	1.58
112.05446392465085	1.58
112.3342762741942	1.58
119.96899760148212	1.58
132.1972421437797	1.58
115.32255095001364	1.58
121.621384117383	1.58
121.18193272169187	1.58
131.80114804726114	1.58
110.90622308086667	1.58
125.71090275900785	1.58
124.03840249645543	1.58
126.07360342357451	1.58
110.90622308086667	1.58
127.31878805085722	1.58
118.17216889466091	1.58
126.17943650946756	1.58
111.5281274745591	1.58
128.28527172414562	1.58
118.17216889466091	1.58
133.6985043095685	1.58
112.29590390706532	1.58
131.0163813160707	1.58
120.56463866211762	1.58
135.17252557562293	1.58
120.92175764149268	1.58
131.32542330131895	1.58
109.90492248557871	1.58
135.18118195647534	1.58
111.7865436009463	1.58
129.07602816499423	1.58
108.93018138525986	1.58
141.3884845321951	1.58
111.93648294226657	1.58
127.68952194447324	1.58
108.93018138525986	1.58
137.10903697836736	1.58
111.93648294226657	1.58
127.83474996839388	1.58
110.34362306583627	1.58
145.5721903696609	1.58
112.81466315232355	1.58
130.4839824892711	1.58
108.61089708771581	1.58
149.21291060103508	1.58
114.08004653546433	1.58
113.6349360617127	1.58
108.61089708771581	1.58
149.21291060103508	1.58
112.17660997559305	1.58
125.04690186424855	1.58
115.87469818905943	1.58
149.21291060103508	1.58
112.17660997559305	1.58
112.97397016311507	1.58
117.71083920016754	1.58
149.21291060103508	1.58
108.43226695325943	1.58
121.24013692090648	1.58
115.40837510609254	1.58
147.77144871501562	1.58
111.87933357768378	1.58
121.24013692090648	1.58
114.91092782187253	1.58
147.77144871501562	1.58
111.87933357768378	1.58
121.24013692090648	1.58
115.48086523403796	1.58
156.0453556108934	1.58
111.87933357768378	1.58
124.90283787515223	1.58
115.48086523403796	1.58
156.0453556108934	1.58
112.03525966077943	1.58
131.91680639255324	1.58
117.48055997728265	1.58
150.44109255610638	1.58
112.03525966077943	1.58
129.24116173330205	1.58
111.03849307620422	1.58
150.44109255610638	1.58
112.03525966077943	1.58
129.58935899124808	1.58
111.03849307620422	1.58
151.1120808943486	1.58
112.15917161252422	1.58
142.11294569487512	1.58
111.03849307620422	1.58
151.1120808943486	1.58
111.60367311588637	1.58
137.76905428398956	1.58
110.68230680941444	1.58
150.84578505728038	1.58
111.66515804816248	1.58
127.1605707758701	1.58
110.68230680941444	1.58
148.22280842128916	1.58
119.76442910580934	1.58
132.60109725513001	1.58
110.68230680941444	1.58
148.22280842128916	1.58
117.35263572250126	1.58
136.81162031112655	1.58
109.33057383438766	1.58
148.22280842128916	1.58
115.91263669261653	1.58
136.81162031112655	1.58
109.33057383438766	1.58
148.22280842128916	1.58
116.59062841744436	1.58
139.51012699273105	1.58
108.45905476596201	1.58
156.76811599091593	1.58
116.59062841744436	1.58
134.8260483806608	1.58
108.45905476596201	1.58
148.56247824500855	1.58
126.07349735119953	1.58
134.8260483806608	1.58
118.06880645780487	1.58
150.3318586976906	1.58
120.28949609053338	1.58
122.18643528653325	1.58
118.14354463223886	1.58
150.3318586976906	1.58
124.30202548432268	1.58
125.2677741470647	1.58
111.56000355873294	1.58
148.7952641746795	1.58
136.52503762744772	1.58
115.4578814741416	1.58
111.56000355873294	1.58
148.7952641746795	1.58
134.30963996608136	1.58
119.18954394400055	1.58
112.193738645032	1.58
146.4679422921638	1.58
132.37022183004473	1.58
119.18954394400055	1.58
114.59533291122264	1.58
141.0574334142186	1.58
129.11587756750353	1.58
113.85937697824181	1.58
114.70416264731057	1.58
144.72391853893066	1.58
126.21032059414206	1.58
113.26944370805069	1.58
114.70416264731057	1.58
144.72391853893066	1.58
131.3219877673483	1.58
113.26944370805069	1.58
114.70416264731057	1.58
144.72391853893066	1.58
131.3219877673483	1.58
113.26944370805069	1.58
115.38300919901297	1.58
144.72391853893066	1.58
128.6570876080867	1.58
113.26944370805069	1.58
115.38300919901297	1.58
145.9337631503506	1.58
129.93117445329113	1.58
113.26944370805069	1.58
115.19888550915078	1.58
145.9337631503506	1.58
134.1952811417896	1.58
111.5512172778875	1.58
115.19888550915078	1.58
140.73936357734033	1.58
132.53101130137176	1.58
109.76480738361037	1.58
115.4450708200813	1.58
143.0882709817724	1.58
130.52714855409485	1.58
111.65184823833916	1.58
116.59683443106172	1.58
143.0882709817724	1.58
130.24720739878768	1.58
126.56230354328673	1.58
116.59683443106172	1.58
139.4359488796739	1.58
125.0747849891367	1.58
122.55807832142847	1.58
114.03010280487534	1.58
139.02304395959408	1.58
133.2278959618599	1.58
130.37886444664431	1.58
121.98515820300923	1.58
144.5353514590181	1.58
133.2278959618599	1.58
118.89780479605719	1.58
124.13735032011978	1.58
144.5353514590181	1.58
133.2278959618599	1.58
117.88331789362259	1.58
127.14888546228477	1.58
144.64366547684259	1.58
128.99642031282093	1.58
120.43347405099223	1.58
128.0608611178077	1.58
152.09477961357194	1.58
124.72295473017964	1.58
115.68155973026089	1.58
128.95865533327148	1.58
152.09477961357194	1.58
118.82949922473959	1.58
113.15478505489169	1.58
134.66369688066516	1.58
137.64279625711197	1.58
111.53195658074944	1.58
113.15478505489169	1.58
126.23584064103834	1.58
130.21496336892187	1.58
111.53195658074944	1.58
113.9696161086225	1.58
130.33928284310747	1.58
134.6537138274097	1.58
119.63279506882752	1.58
112.16512211230194	1.58
131.43195048392028	1.58
155.7905506518199	1.58
119.63279506882752	1.58
112.16512211230194	1.58
130.720793315037	1.58
155.7905506518199	1.58
117.02144110436	1.58
122.89437900759347	1.58
130.720793315037	1.58
154.5241925554916	1.58
116.26272318219715	1.58
122.89437900759347	1.58
144.4939400313146	1.58
154.5241925554916	1.58
116.26272318219715	1.58
122.89437900759347	1.58
144.4939400313146	1.58
154.5241925554916	1.58
116.26272318219715	1.58
122.89437900759347	1.58
144.4939400313146	1.58
154.5241925554916	1.58
116.26272318219715	1.58
122.89437900759347	1.58
151.84092852387673	1.58
154.5241925554916	1.58
116.26272318219715	1.58
129.33606499620754	1.58
151.84092852387673	1.58
154.5241925554916	1.58
121.46032422658747	1.58
125.6485308861777	1.58
151.36944674872032	1.58
154.5241925554916	1.58
121.46032422658747	1.58
118.13790991579666	1.58
134.9223771822478	1.58
154.5241925554916	1.58
121.46032422658747	1.58
118.13790991579666	1.58
134.9223771822478	1.58
154.5241925554916	1.58
133.11644058601476	1.58
118.13790991579666	1.58
132.15540633726016	1.58
154.5241925554916	1.58
133.3570832651547	1.58
118.13790991579666	1.58
145.59201216040856	1.58
148.43952583172316	1.58
124.2952667336518	1.58
119.21928887737417	1.58
145.59201216040856	1.58
148.43952583172316	1.58
114.62739750374703	1.58
119.21928887737417	1.58
146.40180969842515	1.58
148.43952583172316	1.58
120.77148086203297	1.58
115.85398749909018	1.58
146.40180969842515	1.58
148.43952583172316	1.58
116.27806503406897	1.58
107.72080168294198	1.58
146.40180969842515	1.58
133.45379527172403	1.58
115.63528924788689	1.58
107.72080168294198	1.58
146.40180969842515	1.58
135.87937472161704	1.58
115.63528924788689	1.58
107.72080168294198	1.58
134.96758508598174	1.58
151.9362392334454	1.58
115.63528924788689	1.58
112.58353406458937	1.58
135.57918582658863	1.58
151.9362392334454	1.58
133.05723406627877	1.58
121.03100102101497	1.58
135.51913011531954	1.58
138.5467402095139	1.58
129.55544833390886	1.58
120.26212163540559	1.58
147.33877999849574	1.58
136.34546478521438	1.58
120.7915772512777	1.58
120.26212163540559	1.58
158.1703960202371	1.58
136.34546478521438	1.58
120.7915772512777	1.58
120.22712115344412	1.58
158.1703960202371	1.58
139.30126019579603	1.58
120.7915772512777	1.58
123.4558468594266	1.58
158.1703960202371	1.58
143.63732980810536	1.58
110.08270633887108	1.58
130.92641837936657	1.58
153.92579852924214	1.58
143.63732980810536	1.58
124.13167776056443	1.58
120.79444181111187	1.58
143.0872636805973	1.58
143.63732980810536	1.58
132.10510523385204	1.58
120.79444181111187	1.58
150.0721878541906	1.58
138.217075492927	1.58
134.27167349716902	1.58
120.79444181111187	1.58
150.0721878541906	1.58
138.01662080717443	1.58
134.27167349716902	1.58
113.38536052113105	1.58
150.0721878541906	1.58
138.01662080717443	1.58
136.10467262398575	1.58
112.97302611666314	1.58
149.8093265811512	1.58
138.41798460650898	1.58
134.54504361494403	1.58
112.97302611666314	1.58
143.13123045269114	1.58
138.41798460650898	1.58
134.45731197233357	1.58
111.55252463607661	1.58
147.44611595503252	1.58
141.0934108287861	1.58
135.138056425524	1.58
111.55252463607661	1.58
158.01932306588196	1.58
141.0934108287861	1.58
131.06016148057176	1.58
111.55252463607661	1.58
158.01932306588196	1.58
136.63698504089623	1.58
130.20526327879796	1.58
117.04800584324492	1.58
158.01932306588196	1.58
139.0323049793325	1.58
129.33574068083394	1.58
112.72003847884648	1.58
158.01932306588196	1.58
140.32429639950635	1.58
123.74144437200172	1.58
112.72003847884648	1.58
158.2060992457296	1.58
157.8980361891089	1.58
123.74144437200172	1.58
125.43128872349646	1.58
143.39396873188502	1.58
157.8980361891089	1.58
113.78527946844628	1.58
115.08720356580922	1.58
143.39396873188502	1.58
157.8980361891089	1.58
111.96156759406185	1.58
117.03655959429432	1.58
143.39396873188502	1.58
145.51937742131156	1.58
111.96156759406185	1.58
117.25001165847128	1.58
143.39396873188502	1.58
145.51937742131156	1.58
116.76484720123639	1.58
112.7257596416976	1.58
143.39396873188502	1.58
145.51937742131156	1.58
116.76484720123639	1.58
114.66819673634046	1.58
134.55135062077295	1.58
145.51937742131156	1.58
127.52084147017533	1.58
114.66819673634046	1.58
136.4587312390228	1.58
153.26874753125486	1.58
127.22007183401541	1.58
108.50685925560352	1.58
136.29818689426148	1.58
151.86379257070422	1.58
126.55456728410229	1.58
116.07516783550244	1.58
146.88406777143854	1.58
151.86379257070422	1.58
114.15430531699445	1.58
122.37671076646075	1.58
146.88406777143854	1.58
143.52004108061698	1.58
114.15430531699445	1.58
127.59758018414749	1.58
146.88406777143854	1.58
140.65403676815535	1.58
120.04550225148958	1.58
125.15517270793654	1.58
146.88406777143854	1.58
146.90492484897376	1.58
116.07898317622531	1.58
109.93020570989765	1.58
146.88406777143854	1.58
146.90492484897376	1.58
116.07898317622531	1.58
109.93020570989765	1.58
138.23211560726753	1.58
146.90492484897376	1.58
114.49546979788246	1.58
111.86929577042072	1.58
130.34267288400858	1.58
146.90492484897376	1.58
120.37263290596596	1.58
115.3830386463714	1.58
126.8582944181292	1.58
144.92633767356492	1.58
120.37263290596596	1.58
116.14372141547483	1.58
132.87006281844265	1.58
144.92633767356492	1.58
118.68767358231047	1.58
116.14372141547483	1.58
133.27503232441856	1.58
144.92633767356492	1.58
120.78634712617169	1.58
125.44563937190652	1.58
133.2779859002133	1.58
144.92633767356492	1.58
120.78634712617169	1.58
127.83538344064317	1.58
133.75776287920655	1.58
144.92633767356492	1.58
120.78634712617169	1.58
123.4920097965421	1.58
133.75776287920655	1.58
147.93860012847233	1.58
124.65906907467703	1.58
122.06381324586971	1.58
132.24062985972907	1.58
155.77347222899465	1.58
124.65906907467703	1.58
118.12172703398511	1.58
134.86703736826593	1.58
155.77347222899465	1.58
122.68994678097542	1.58
119.99913798558333	1.58
146.60932455580618	1.58
155.77347222899465	1.58
125.85829992576619	1.58
114.41767499129821	1.58
146.60932455580618	1.58
141.96850002131396	1.58
133.1431116095432	1.58
114.41767499129821	1.58
155.853427783115	1.58
141.96850002131396	1.58
128.88551897528524	1.58
112.72446860526826	1.58
155.853427783115	1.58
141.96850002131396	1.58
113.58711119894446	1.58
112.72446860526826	1.58
155.853427783115	1.58
141.96850002131396	1.58
110.57434537008336	1.58
113.85106354155816	1.58
155.853427783115	1.58
141.96850002131396	1.58
110.57434537008336	1.58
113.85106354155816	1.58
157.0370636826798	1.58
144.3295167696761	1.58
110.57434537008336	1.58
113.85106354155816	1.58
157.0370636826798	1.58
151.8340419751295	1.58
112.40912941066996	1.58
113.85106354155816	1.58
153.07917339648856	1.58
157.7440243400573	1.58
112.40912941066996	1.58
113.85106354155816	1.58
153.07917339648856	1.58
154.5255002443217	1.58
112.40912941066996	1.58
113.85106354155816	1.58
152.4362516224196	1.58
154.5255002443217	1.58
129.7998583949531	1.58
113.85106354155816	1.58
152.4362516224196	1.58
154.5255002443217	1.58
123.05887905676	1.58
113.85106354155816	1.58
152.4362516224196	1.58
154.5255002443217	1.58
123.05887905676	1.58
113.85106354155816	1.58
152.4362516224196	1.58
146.5410342676446	1.58
111.86412495085145	1.58
124.63142655572295	1.58
139.16526789693384	1.58
155.54445657102335	1.58
111.86412495085145	1.58
110.57569834337676	1.58
150.23292056150325	1.58
141.38571059083736	1.58
111.86412495085145	1.58
110.57569834337676	1.58
131.12658641435317	1.58
141.38571059083736	1.58
111.86412495085145	1.58
118.3996057041241	1.58
133.3532375953482	1.58
141.38571059083736	1.58
109.86998612552767	1.58
115.44944242713521	1.58
133.3532375953482	1.58
141.38571059083736	1.58
109.86998612552767	1.58
115.44944242713521	1.58
141.84690375239754	1.58
139.24422080050584	1.58
109.86998612552767	1.58
115.44944242713521	1.58
152.86424395585613	1.58
139.24422080050584	1.58
129.37863387730508	1.58
120.25924501077884	1.58
148.73048573064077	1.58
132.26878463024087	1.58
115.1733960724928	1.58
124.48157488791259	1.58
148.73048573064077	1.58
131.60776681322326	1.58
115.1733960724928	1.58
122.98253737169182	1.58
148.73048573064077	1.58
142.32954083473814	1.58
118.16729728589887	1.58
122.98253737169182	1.58
148.73048573064077	1.58
155.00441854150546	1.58
125.08515799005559	1.58
122.98253737169182	1.58
148.73048573064077	1.58
155.00441854150546	1.58
125.08515799005559	1.58
131.13845177694762	1.58
149.06366499132787	1.58
155.00441854150546	1.58
125.08515799005559	1.58
121.4275517230146	1.58
149.06366499132787	1.58
149.17383504601648	1.58
126.56301793669684	1.58
104.60145995392463	1.58
149.06366499132787	1.58
127.89377207780717	1.58
125.81228863093283	1.58
104.60145995392463	1.58
149.06366499132787	1.58
130.35182608070406	1.58
125.53222143821637	1.58
124.00006997009018	1.58
145.6964057625181	1.58
133.9450324086173	1.58
125.53222143821637	1.58
107.32725612326618	1.58
145.6964057625181	1.58
132.27669508480605	1.58
118.9071654609506	1.58
107.32725612326618	1.58
137.57810959759615	1.58
131.15374188668815	1.58
118.9071654609506	1.58
116.62110795427081	1.58
138.14716134067186	1.58
124.8950348862178	1.58
118.9071654609506	1.58
116.62110795427081	1.58
138.14716134067186	1.58
124.21485209209006	1.58
126.26843067524241	1.58
114.57433845760244	1.58
138.14716134067186	1.58
129.002251155743	1.58
119.31548036917073	1.58
107.92238630350977	1.58
156.8822441539866	1.58
133.41828266956648	1.58
113.00799761727126	1.58
115.183026261181	1.58
137.01340815300372	1.58
142.2356742672306	1.58
113.52384620111532	1.58
115.183026261181	1.58
142.56253277292086	1.58
142.2356742672306	1.58
113.52384620111532	1.58
115.183026261181	1.58
142.56253277292086	1.58
142.2356742672306	1.58
113.52384620111532	1.58
115.183026261181	1.58
142.56253277292086	1.58
142.2356742672306	1.58
127.15925675402053	1.58
115.183026261181	1.58
138.45959070083535	1.58
149.80715746953848	1.58
119.76331877806639	1.58
115.183026261181	1.58
151.79251034276407	1.58
149.80715746953848	1.58
119.76331877806639	1.58
115.183026261181	1.58
143.37064911977336	1.58
140.05807442267903	1.58
115.39415422985367	1.58
115.183026261181	1.58
143.37064911977336	1.58
141.86219780869556	1.58
117.47034503007066	1.58
119.70191874169929	1.58
144.24371137868383	1.58
143.66144237103268	1.58
117.47034503007066	1.58
111.18390114989555	1.58
144.24371137868383	1.58
143.66144237103268	1.58
117.47034503007066	1.58
111.18390114989555	1.58
144.24371137868383	1.58
134.80479019586005	1.58
124.67748411865232	1.58
111.18390114989555	1.58
140.640023700111	1.58
154.88531822611816	1.58
113.89642876732624	1.58
111.18390114989555	1.58
146.0346254566196	1.58
148.74409279657195	1.58
112.48968807565839	1.58
115.6711077057924	1.58
133.77185190809706	1.58
148.74409279657195	1.58
112.48968807565839	1.58
119.41191776193129	1.58
137.40389150551388	1.58
148.74409279657195	1.58
112.48968807565839	1.58
119.00429422494088	1.58
131.54039873755602	1.58
148.74409279657195	1.58
112.48968807565839	1.58
117.80236643511566	1.58
124.04066531778234	1.58
148.74409279657195	1.58
112.48968807565839	1.58
117.80236643511566	1.58
128.84929431174862	1.58
148.74409279657195	1.58
127.42561679888593	1.58
108.24243392256113	1.58
128.84929431174862	1.58
148.74409279657195	1.58
127.62302894724142	1.58
121.49020334983737	1.58
128.84929431174862	1.58
148.74409279657195	1.58
127.62302894724142	1.58
121.508728541757	1.58
129.30611685331607	1.58
150.0450760311971	1.58
127.62302894724142	1.58
121.508728541757	1.58
129.6882900391638	1.58
151.71486234126	1.58
117.78760305219078	1.58
118.20291603511117	1.58
127.55082031057462	1.58
142.52846366512608	1.58
117.78760305219078	1.58
118.20291603511117	1.58
131.38417837121332	1.58
154.79830383820303	1.58
116.38897784697271	1.58
126.68274972532014	1.58
130.07671330792093	1.58
154.79830383820303	1.58
117.27473930384045	1.58
124.49478980546175	1.58
130.31252903327209	1.58
154.79830383820303	1.58
117.27473930384045	1.58
120.22132726945259	1.58
126.38676814536748	1.58
137.61028414826802	1.58
120.29845472675078	1.58
120.22132726945259	1.58
128.2917921040825	1.58
133.30036839789565	1.58
115.38748726700818	1.58
120.9352496526591	1.58
129.60672648634943	1.58
131.20057544641685	1.58
116.43797858311245	1.58
114.7328221419464	1.58
129.60672648634943	1.58
145.91166478773005	1.58
116.43797858311245	1.58
114.7328221419464	1.58
137.13091442181033	1.58
147.9272718675893	1.58
116.43797858311245	1.58
114.7328221419464	1.58
137.13091442181033	1.58
139.12084530062606	1.58
116.43797858311245	1.58
114.7328221419464	1.58
130.13522600016952	1.58
142.06482875235565	1.58
116.43797858311245	1.58
127.52447874858156	1.58
129.9217142896221	1.58
148.18703878716684	1.58
127.97692147026748	1.58
125.40304691715772	1.58
129.9217142896221	1.58
138.99653920447227	1.58
128.39700179696484	1.58
118.51351491259555	1.58
132.9800747542715	1.58
139.1270780117261	1.58
129.03193734485666	1.58
118.51351491259555	1.58
133.0931474285664	1.58
154.00493274900631	1.58
130.96054691681007	1.58
119.48658096445214	1.58
126.43458219614314	1.58
143.76050858590705	1.58
132.42542379302682	1.58
118.98710044394932	1.58
127.56589178042557	1.58
146.230108034401	1.58
133.51517256440022	1.58
118.98710044394932	1.58
130.8373986746202	1.58
146.230108034401	1.58
128.0421583999094	1.58
111.73607377248831	1.58
132.03053244965304	1.58
147.08293059843822	1.58
116.80856513561207	1.58
112.76129569210336	1.58
124.98692427824615	1.58
147.08293059843822	1.58
116.80856513561207	1.58
125.34775077381684	1.58
124.98692427824615	1.58
146.4696594013601	1.58
116.80856513561207	1.58
125.34775077381684	1.58
124.98692427824615	1.58
146.4696594013601	1.58
116.80856513561207	1.58
125.43034607903061	1.58
124.89356626908616	1.58
154.25193419239056	1.58
116.80856513561207	1.58
134.77153174606198	1.58
125.80662544975117	1.58
150.49133845744083	1.58
115.59193743773054	1.58
134.9051811538228	1.58
130.5119872784213	1.58
147.4218511575187	1.58
114.18872915997905	1.58
137.38211561184661	1.58
125.68642352569944	1.58
147.4218511575187	1.58
110.11395195598362	1.58
137.38211561184661	1.58
123.23187397932654	1.58
140.4549985762818	1.58
110.11395195598362	1.58
132.16767628206287	1.58
117.00879631568212	1.58
127.26484140301488	1.58
110.11395195598362	1.58
132.85180632374957	1.58
115.75631241758883	1.58
126.54167449563383	1.58
112.0368279809675	1.58
130.97204532769697	1.58
118.83654793960511	1.58
124.34549432931362	1.58
110.32641816638144	1.58
132.04421810901948	1.58
118.83654793960511	1.58
116.92968063480743	1.58
110.32641816638144	1.58
141.86243841477028	1.58
121.54726095883731	1.58
118.74257529819084	1.58
110.32641816638144	1.58
132.62393203872756	1.58
132.02983448753076	1.58
118.74257529819084	1.58
110.32641816638144	1.58
132.62393203872756	1.58
131.60719658863212	1.58
119.46875292729499	1.58
120.39410181695484	1.58
145.60245646262254	1.58
119.86207834042881	1.58
119.46875292729499	1.58
120.59476461095885	1.58
145.60245646262254	1.58
119.66678427280596	1.58
122.6702759740179	1.58
120.59476461095885	1.58
145.60245646262254	1.58
119.75186692857753	1.58
123.97220745964667	1.58
119.14211689674208	1.58
145.60245646262254	1.58
128.3562209022158	1.58
132.5318738924276	1.58
113.52548690716588	1.58
145.41874725555218	1.58
117.18065347467838	1.58
140.3360711355294	1.58
113.52548690716588	1.58
132.5272815148209	1.58
115.05136348748722	1.58
140.3360711355294	1.58
113.52548690716588	1.58
134.05400246139453	1.58
115.05136348748722	1.58
144.18453168855092	1.58
110.72170436628014	1.58
133.29344837363232	1.58
118.87953556398526	1.58
152.96757080220553	1.58
121.53382150442255	1.58
133.0342187699353	1.58
119.79698603415859	1.58
156.57216887614652	1.58
121.53382150442255	1.58
144.2953063429621	1.58
119.79698603415859	1.58
156.57216887614652	1.58
138.63163410882044	1.58
144.2953063429621	1.58
119.79698603415859	1.58
156.57216887614652	1.58
128.00372836003726	1.58
154.0866614977899	1.58
120.15898293193608	1.58
156.39638032521702	1.58
134.46816802378237	1.58
154.0866614977899	1.58
120.57194600449199	1.58
152.86379036862314	1.58
138.02358319373656	1.58
154.95200270103058	1.58
120.57194600449199	1.58
152.86379036862314	1.58
149.680488393403	1.58
157.51360856928306	1.58
133.10958839506029	1.58
154.76138095116386	1.58
146.07329440512896	1.58
153.41099020792734	1.58
137.05711559132192	1.58
154.76138095116386	1.58
151.08188028029474	1.58
153.69463773046428	1.58
129.01667883763653	1.58
155.28194927227077	1.58
148.04192270035523	1.58
153.69463773046428	1.58
125.65511575327275	1.58
155.1386748833708	1.58
148.2540581256102	1.58
152.39793806526947	1.58
125.65511575327275	1.58
155.1386748833708	1.58
148.2540581256102	1.58
152.39793806526947	1.58
112.14654137321698	1.58
155.16308450405631	1.58
148.2540581256102	1.58
152.39793806526947	1.58
113.51888820418607	1.58
155.16308450405631	1.58
154.6974431753166	1.58
152.39793806526947	1.58
128.3116704674895	1.58
155.16308450405631	1.58
142.33333142321285	1.58
151.35635174935803	1.58
122.06665378916038	1.58
156.0613830612727	1.58
139.03477744828928	1.58
147.44381734548617	1.58
122.06665378916038	1.58
156.0613830612727	1.58
155.40881394072187	1.58
151.6175958698008	1.58
114.13298834081476	1.58
158.20258737351438	1.58
155.17475476533176	1.58
140.14309698216465	1.58
129.30489531699035	1.58
158.20258737351438	1.58
152.26234087096068	1.58
144.3524061886533	1.58
135.96821020553588	1.58
153.54492281775393	1.58
157.13959644019053	1.58
146.18990768875747	1.58
118.72064003057503	1.58
154.90164267162146	1.58
157.13959644019053	1.58
141.98386261800445	1.58
118.72064003057503	1.58
154.90164267162146	1.58
157.13959644019053	1.58
142.2505404321228	1.58
118.72064003057503	1.58
153.66796537251403	1.58
157.13959644019053	1.58
142.2505404321228	1.58
118.72064003057503	1.58
153.63098541763088	1.58
157.13959644019053	1.58
139.7691712793553	1.58
129.85856732641346	1.58
155.2741905279928	1.58
157.13959644019053	1.58
144.37186676511817	1.58
120.0562817888022	1.58
153.9602670117613	1.58
156.46704449118158	1.58
146.67113646488647	1.58
110.28750648124802	1.58
153.9602670117613	1.58
156.46704449118158	1.58
146.67113646488647	1.58
110.28750648124802	1.58
154.7914962346131	1.58
157.78803280348362	1.58
146.67113646488647	1.58
110.28750648124802	1.58
154.57540159530294	1.58
157.78803280348362	1.58
152.07553030459604	1.58
110.28750648124802	1.58
154.57540159530294	1.58
156.6883127276432	1.58
150.339167806348	1.58
110.28750648124802	1.58
158.1207409698332	1.58
156.67334198152764	1.58
150.339167806348	1.58
111.45826236637267	1.58
158.1207409698332	1.58
156.67334198152764	1.58
157.05696047162954	1.58
111.45826236637267	1.58
158.1207409698332	1.58
156.67334198152764	1.58
157.28877754201213	1.58
111.45826236637267	1.58
158.1207409698332	1.58
156.67334198152764	1.58
157.47800455065095	1.58
111.45826236637267	1.58
158.1207409698332	1.58
156.67334198152764	1.58
156.14900330578004	1.58
111.45826236637267	1.58
158.18737237705562	1.58
156.44983491523766	1.58
152.96785603946245	1.58
111.45826236637267	1.58
158.18737237705562	1.58
156.44983491523766	1.58
150.2248067805506	1.58
111.45826236637267	1.58
158.18737237705562	1.58
156.44983491523766	1.58
148.86190595495242	1.58
111.45826236637267	1.58
157.65796962290943	1.58
156.44983491523766	1.58
145.16744515045454	1.58
111.45826236637267	1.58
157.70547440343373	1.58
155.47403006873398	1.58
134.44603932700727	1.58
111.45826236637267	1.58
157.70547440343373	1.58
154.79836746898803	1.58
116.6008865799104	1.58
109.87509155454224	1.58
157.70547440343373	1.58
156.142072884574	1.58
116.6008865799104	1.58
109.87509155454224	1.58
157.70547440343373	1.58
156.142072884574	1.58
116.6008865799104	1.58
109.87509155454224	1.58
157.70547440343373	1.58
155.80297195657567	1.58
119.97508075770396	1.58
109.87509155454224	1.58
157.70547440343373	1.58
154.46932392811738	1.58
119.97508075770396	1.58
111.62812965907396	1.58
157.70547440343373	1.58
153.12391875071984	1.58
119.97508075770396	1.58
110.34716652234438	1.58
157.70547440343373	1.58
152.6629051687363	1.58
122.8108544047505	1.58
110.09210882887932	1.58
157.70547440343373	1.58
149.11582311554292	1.58
122.8108544047505	1.58
111.52073395856326	1.58
157.70547440343373	1.58
141.0582550279227	1.58
139.6236924990075	1.58
123.50518920760784	1.58
157.70547440343373	1.58
139.8040891849221	1.58
124.64841213027141	1.58
123.59273432401575	1.58
157.70547440343373	1.58
136.33419771007038	1.58
124.6833086610226	1.58
111.96009866322302	1.58
154.7978951895402	1.58
148.96035513499834	1.58
121.01214071789519	1.58
111.96009866322302	1.58
152.0569660105059	1.58
148.8647690386569	1.58
121.01214071789519	1.58
111.96009866322302	1.58
152.0569660105059	1.58
147.27698451251732	1.58
135.82171623666164	1.58
111.96009866322302	1.58
150.60309457212037	1.58
147.27698451251732	1.58
126.34205365716824	1.58
111.96009866322302	1.58
152.31159865233755	1.58
147.27698451251732	1.58
119.15959314947249	1.58
111.99080351225847	1.58
156.23555886927838	1.58
151.91003370606228	1.58
119.59109063281838	1.58
111.99080351225847	1.58
155.9900131440114	1.58
151.91003370606228	1.58
119.59109063281838	1.58
111.99080351225847	1.58
156.17789302452243	1.58
151.91003370606228	1.58
124.16030646322987	1.58
111.99080351225847	1.58
156.17789302452243	1.58
151.91003370606228	1.58
133.77080553789636	1.58
111.99080351225847	1.58
156.17789302452243	1.58
151.91003370606228	1.58
126.63476504473675	1.58
118.5969882724962	1.58
156.17789302452243	1.58
151.91003370606228	1.58
131.14300935851355	1.58
118.5969882724962	1.58
156.17789302452243	1.58
151.91732211207784	1.58
130.03287043109864	1.58
118.74190815220223	1.58
156.17789302452243	1.58
151.91732211207784	1.58
139.73017370122875	1.58
118.74190815220223	1.58
156.17789302452243	1.58
151.91732211207784	1.58
139.73017370122875	1.58
108.5775314921606	1.58
156.26664656000867	1.58
151.91732211207784	1.58
139.11254404846756	1.58
118.32317420321132	1.58
156.26664656000867	1.58
148.26913021907805	1.58
147.18384564124088	1.58
118.32317420321132	1.58
156.26664656000867	1.58
152.0863955604574	1.58
134.237583448199	1.58
118.32317420321132	1.58
156.26664656000867	1.58
152.0863955604574	1.58
144.6033554698153	1.58
124.63839655480969	1.58
157.2113494970229	1.58
151.25577698239817	1.58
145.91354584998675	1.58
125.66099853069689	1.58
152.94450753179157	1.58
150.27916370931783	1.58
145.0017713842031	1.58
133.35073255838876	1.58
154.2526563887181	1.58
150.27916370931783	1.58
138.56978795141282	1.58
119.48858263163947	1.58
154.2526563887181	1.58
150.27916370931783	1.58
145.63340841084127	1.58
119.48858263163947	1.58
153.22291008864104	1.58
149.50820799819408	1.58
145.63340841084127	1.58
120.605735747935	1.58
151.75398296887604	1.58
147.8567777249207	1.58
143.4496857844372	1.58
106.72651798312134	1.58
151.15619942207644	1.58
148.61184062425286	1.58
143.2975471951363	1.58
115.26708197092111	1.58
151.15619942207644	1.58
148.61184062425286	1.58
143.2975471951363	1.58
117.08072762540004	1.58
152.53191321851372	1.58
148.61184062425286	1.58
138.02409604277148	1.58
117.08072762540004	1.58
152.53191321851372	1.58
144.80763952547196	1.58
128.73394172256815	1.58
113.68775242710713	1.58
152.28312077183944	1.58
144.80763952547196	1.58
138.884590126969	1.58
113.68775242710713	1.58
157.74478287103923	1.58
149.67433648643004	1.58
136.62781027671718	1.58
113.68775242710713	1.58
157.74478287103923	1.58
147.42819058512998	1.58
141.731659295472	1.58
113.68775242710713	1.58
156.786272472501	1.58
133.22036178023166	1.58
141.731659295472	1.58
115.43340796045788	1.58
156.786272472501	1.58
127.35073395500879	1.58
145.2489715907948	1.58
113.68558767404022	1.58
156.786272472501	1.58
124.69849572191755	1.58
135.09070178573265	1.58
113.08039862800592	1.58
156.73758681910587	1.58
123.29461022621982	1.58
118.09844303638387	1.58
111.44752999611099	1.58
156.73758681910587	1.58
132.33670180541228	1.58
119.26650447573776	1.58
109.3020997232444	1.58
156.73758681910587	1.58
141.1879054606395	1.58
119.26650447573776	1.58
123.61172449084559	1.58
155.5084800744593	1.58
141.1879054606395	1.58
134.84390670285464	1.58
128.2212100690631	1.58
155.5084800744593	1.58
144.16939911500646	1.58
143.6756575102114	1.58
126.07053418184961	1.58
155.5084800744593	1.58
143.88553004139035	1.58
146.34195452237262	1.58
128.1108026515448	1.58
153.5239540627846	1.58
146.14150009041686	1.58
146.34195452237262	1.58
111.60271653002282	1.58
150.70330497886349	1.58
142.7550893672547	1.58
145.79969744800985	1.58
108.91780697402685	1.58
152.0873823786614	1.58
127.2599801642118	1.58
143.11424144618815	1.58
116.0075229087346	1.58
150.43776050850101	1.58
127.2599801642118	1.58
129.61505392794479	1.58
119.90693833049323	1.58
149.4658351944707	1.58
127.39495975022483	1.58
137.17112594123196	1.58
121.17774307230113	1.58
149.4658351944707	1.58
126.07134279696054	1.58
138.36642162274663	1.58
120.54138140908105	1.58
149.4658351944707	1.58
126.07134279696054	1.58
136.14050168148543	1.58
120.39428861115724	1.58
138.9930497103866	1.58
122.21520867744957	1.58
139.8671997042113	1.58
120.39428861115724	1.58
138.66458983710197	1.58
111.59977612561926	1.58
139.8671997042113	1.58
125.3121839025278	1.58
137.47580422065136	1.58
111.59977612561926	1.58
142.17847002323418	1.58
136.91018394371002	1.58
137.82079663696692	1.58
116.97836431039605	1.58
146.1084580491991	1.58
146.51041305511094	1.58
146.06635460181502	1.58
125.39892773916398	1.58
146.09459120221305	1.58
147.7874485806669	1.58
157.5663470239647	1.58
109.87786655263338	1.58
144.44805221831294	1.58
147.7874485806669	1.58
157.5663470239647	1.58
129.47506514152056	1.58
139.13272696728635	1.58
146.49017181335572	1.58
157.5663470239647	1.58
128.1010151763517	1.58
139.13272696728635	1.58
147.48450962888595	1.58
147.35294139921305	1.58
128.1010151763517	1.58
140.97872785640124	1.58
153.0769656796864	1.58
144.96142762634057	1.58
126.43434597771335	1.58
139.12851300844758	1.58
152.0147927195766	1.58
141.45464411460026	1.58
137.15694804065492	1.58
143.9781876996931	1.58
151.2554868062568	1.58
141.45464411460026	1.58
133.48438366012186	1.58
145.41220454817397	1.58
151.86191025807466	1.58
138.60108827852937	1.58
134.41030415001768	1.58
140.56392924057164	1.58
151.86191025807466	1.58
139.83756954598755	1.58
134.41030415001768	1.58
130.84305183209693	1.58
151.86191025807466	1.58
142.27851515980745	1.58
134.41030415001768	1.58
121.90332592934324	1.58
151.86191025807466	1.58
147.99857411696206	1.58
124.03272844752026	1.58
124.38453786880694	1.58
151.86191025807466	1.58
143.20907629370936	1.58
124.03272844752026	1.58
116.05404838352291	1.58
157.63708244387107	1.58
154.76606559901458	1.58
124.24465449084562	1.58
116.05404838352291	1.58
157.63708244387107	1.58
152.96488143334983	1.58
113.16803036016424	1.58
116.05404838352291	1.58
157.63708244387107	1.58
152.96488143334983	1.58
113.16803036016424	1.58
116.05404838352291	1.58
157.63708244387107	1.58
152.96488143334983	1.58
117.8239953268633	1.58
116.05404838352291	1.58
157.63708244387107	1.58
152.96488143334983	1.58
130.7510168367482	1.58
116.05404838352291	1.58
157.63708244387107	1.58
144.1223759731977	1.58
130.7510168367482	1.58
129.51180553936285	1.58
153.34231621204123	1.58
138.3068630254839	1.58
115.09066318669261	1.58
129.43926667126206	1.58
153.34231621204123	1.58
138.3068630254839	1.58
115.09066318669261	1.58
129.43926667126206	1.58
153.34231621204123	1.58
138.3068630254839	1.58
111.46976550264642	1.58
138.36585313452932	1.58
134.5593750132159	1.58
137.3449970623234	1.58
117.2379376217979	1.58
138.27381932288995	1.58
138.85791227665229	1.58
132.08768834008217	1.58
117.2379376217979	1.58
138.45668065122618	1.58
143.2881315814531	1.58
132.08768834008217	1.58
119.0296762922211	1.58
135.8806315496016	1.58
142.68127201873398	1.58
132.08768834008217	1.58
122.48681855394835	1.58
138.1950780395105	1.58
140.5343622947943	1.58
137.3643381220753	1.58
118.71027210443798	1.58
139.1585143309109	1.58
151.3312699654999	1.58
152.88336342687225	1.58
118.71027210443798	1.58
138.63857603326855	1.58
152.6113010142841	1.58
152.88336342687225	1.58
112.38511607377885	1.58
133.97090668050996	1.58
152.6113010142841	1.58
153.43238068083534	1.58
112.38511607377885	1.58
135.64268569901657	1.58
152.6113010142841	1.58
153.43238068083534	1.58
112.38511607377885	1.58
138.42221231334415	1.58
152.6113010142841	1.58
156.15242093647282	1.58
112.38511607377885	1.58
125.71141647008054	1.58
147.69028149506653	1.58
142.64892656959532	1.58
112.38511607377885	1.58
119.99093438759745	1.58
152.6442507017549	1.58
137.6819989998432	1.58
112.38511607377885	1.58
119.99093438759745	1.58
152.6442507017549	1.58
148.17150307268992	1.58
124.82449454377219	1.58
119.99093438759745	1.58
152.6442507017549	1.58
153.2673955588641	1.58
124.82449454377219	1.58
119.99093438759745	1.58
141.96699781687929	1.58
153.2673955588641	1.58
132.22535268147962	1.58
122.35142515896058	1.58
137.94547612626963	1.58
153.2673955588641	1.58
142.36070608277504	1.58
121.35196393872275	1.58
139.8327767927431	1.58
153.2673955588641	1.58
141.62792553202337	1.58
120.57145381281151	1.58
145.2248684020069	1.58
154.03795891450005	1.58
141.0013453743335	1.58
120.49352025936116	1.58
150.16222357171944	1.58
155.3766454424168	1.58
136.46310078222973	1.58
122.24687900418591	1.58
150.16222357171944	1.58
155.3766454424168	1.58
141.5430782328353	1.58
110.65584792670408	1.58
150.16222357171944	1.58
146.67142480372019	1.58
137.70280635104388	1.58
110.65584792670408	1.58
147.70237284358015	1.58
133.47505156686267	1.58
132.02629673211507	1.58
109.13168713489743	1.58
153.71845182803196	1.58
133.22676246264393	1.58
132.41953393604138	1.58
111.71778943476987	1.58
153.71845182803196	1.58
135.11499134200156	1.58
127.37428029469872	1.58
111.71778943476987	1.58
153.71845182803196	1.58
135.11499134200156	1.58
119.22978339895522	1.58
111.71778943476987	1.58
133.5747655409133	1.58
134.10395983718774	1.58
119.09391427150929	1.58
111.71778943476987	1.58
127.66767652480384	1.58
134.86313759050202	1.58
117.36046923047532	1.58
112.00041660839712	1.58
137.48003643401404	1.58
135.96252504465426	1.58
126.72476936229185	1.58
112.00041660839712	1.58
143.27171148683175	1.58
137.0439169086626	1.58
133.591793253903	1.58
112.00041660839712	1.58
139.5718978142354	1.58
138.86207960095675	1.58
133.26973767344452	1.58
112.87132869941411	1.58
139.5718978142354	1.58
140.3322581717305	1.58
133.26973767344452	1.58
112.3974963680376	1.58
139.5718978142354	1.58
139.31635804201454	1.58
129.67272426226566	1.58
117.25821715567426	1.58
139.5718978142354	1.58
140.2083335362902	1.58
121.01404179084273	1.58
117.25821715567426	1.58
144.03503440946545	1.58
136.54314561116394	1.58
125.64529057507855	1.58
117.25821715567426	1.58
144.03503440946545	1.58
135.8037198554924	1.58
122.57228596649209	1.58
117.25821715567426	1.58
142.7699995885923	1.58
145.04074245633993	1.58
117.9018371104514	1.58
126.25902148155325	1.58
142.7699995885923	1.58
143.249367070913	1.58
117.9018371104514	1.58
125.1237342941465	1.58
141.80530698223032	1.58
147.83376300983153	1.58
118.33518060541326	1.58
125.1237342941465	1.58
143.49131444782088	1.58
143.03641189378868	1.58
111.76606851531542	1.58
130.39146304651427	1.58
139.09093737020572	1.58
138.76265870376272	1.58
111.76606851531542	1.58
122.27695885248903	1.58
139.09093737020572	1.58
146.40545379104108	1.58
111.6132929767034	1.58
122.27695885248903	1.58
139.09093737020572	1.58
146.40545379104108	1.58
122.31484801942484	1.58
122.27695885248903	1.58
132.84842170345428	1.58
146.40545379104108	1.58
119.92425254353664	1.58
113.35429327408399	1.58
132.59639841601847	1.58
146.40545379104108	1.58
119.92425254353664	1.58
113.35429327408399	1.58
127.90969671354391	1.58
146.27188704820296	1.58
129.9683155931637	1.58
116.71642841023156	1.58
129.99364540155867	1.58
146.7113073327714	1.58
129.97643322514384	1.58
116.71642841023156	1.58
129.99364540155867	1.58
146.7113073327714	1.58
119.30671952972943	1.58
117.13224798665185	1.58
131.63472912871006	1.58
146.7113073327714	1.58
119.30671952972943	1.58
117.13224798665185	1.58
143.48290383068434	1.58
138.86913341761613	1.58
127.42814680496355	1.58
122.70503980080187	1.58
141.27104773437972	1.58
141.27527354191656	1.58
121.23978907883492	1.58
112.36828154479397	1.58
147.93751264128784	1.58
141.27527354191656	1.58
128.46006721041343	1.58
126.15002005173474	1.58
147.93751264128784	1.58
140.40453982797703	1.58
128.01391074812025	1.58
113.95155186700029	1.58
147.93751264128784	1.58
137.13790723314742	1.58
134.54814719048005	1.58
113.95155186700029	1.58
147.70751558000947	1.58
137.13790723314742	1.58
134.54814719048005	1.58
113.95155186700029	1.58
142.375023741541	1.58
135.87802771578845	1.58
134.1546213437673	1.58
113.95155186700029	1.58
152.56747740232572	1.58
135.51086132474026	1.58
133.57583139337805	1.58
113.95155186700029	1.58
152.56747740232572	1.58
135.51086132474026	1.58
132.284127193699	1.58
123.37058787044057	1.58
146.1889582478704	1.58
137.67689327808213	1.58
122.04346333258576	1.58
128.91846039458355	1.58
146.1889582478704	1.58
136.98976056849477	1.58
133.22251915804097	1.58
137.10024724428126	1.58
144.0042355277039	1.58
137.02133428793482	1.58
132.25059158027398	1.58
137.10763982252976	1.58
145.18746015760166	1.58
137.00620968966632	1.58
124.84417434948145	1.58
137.71633076390594	1.58
148.7813787893363	1.58
137.00620968966632	1.58
127.43681437065125	1.58
138.7420067760332	1.58
151.51292904027196	1.58
137.4410838363484	1.58
127.43681437065125	1.58
139.66043227389702	1.58
151.51292904027196	1.58
142.31181392869314	1.58
120.11923033366949	1.58
140.9663091011235	1.58
152.4823743169945	1.58
142.499008060969	1.58
120.11923033366949	1.58
140.9663091011235	1.58
152.4823743169945	1.58
143.4616164190382	1.58
120.11923033366949	1.58
146.16181550598228	1.58
156.1065586602276	1.58
143.4616164190382	1.58
120.40510112395341	1.58
146.38051775471124	1.58
156.1065586602276	1.58
143.37671287514706	1.58
120.40510112395341	1.58
145.9379956781412	1.58
155.17260314296942	1.58
150.7270392318545	1.58
120.40510112395341	1.58
147.5762771255615	1.58
155.17260314296942	1.58
151.05854180497158	1.58
117.97226644032247	1.58
147.60525744406624	1.58
155.75942170136625	1.58
154.14121605888158	1.58
117.97226644032247	1.58
141.7005672317467	1.58
155.75942170136625	1.58
154.14121605888158	1.58
117.97226644032247	1.58
142.50808755891316	1.58
138.24535670843454	1.58
153.18145576309124	1.58
117.97226644032247	1.58
146.5925595561048	1.58
141.3087412816677	1.58
153.18145576309124	1.58
117.97226644032247	1.58
146.1871444979417	1.58
139.4670897751445	1.58
153.803544546984	1.58
117.97226644032247	1.58
152.6532299889672	1.58
138.5571122907131	1.58
153.33405450149897	1.58
117.97226644032247	1.58
152.6532299889672	1.58
151.67409120588593	1.58
153.33405450149897	1.58
117.97226644032247	1.58
152.41125289074358	1.58
151.67409120588593	1.58
152.88114525093843	1.58
117.97226644032247	1.58
152.3861089025912	1.58
151.15757995016114	1.58
152.8779481193199	1.58
122.48498666088409	1.58
152.3861089025912	1.58
151.15757995016114	1.58
152.8779481193199	1.58
124.7021972443417	1.58
152.6278533413804	1.58
151.15757995016114	1.58
156.39440204576584	1.58
124.7021972443417	1.58
151.16117547869123	1.58
151.15757995016114	1.58
155.86656742969805	1.58
129.59773238663135	1.58
151.16221115273177	1.58
151.15757995016114	1.58
156.83279497566897	1.58
122.03747710987875	1.58
151.16060702266645	1.58
151.15606717390125	1.58
157.90318364328485	1.58
121.83098843940925	1.58
151.15984891471302	1.58
151.15371214911656	1.58
157.90318364328485	1.58
122.95500625264495	1.58
153.21511904126857	1.58
143.1611325487362	1.58
157.90318364328485	1.58
120.3289847950928	1.58
154.894287088513	1.58
141.94384366372026	1.58
157.57012772913023	1.58
136.0507882553824	1.58
155.2300986388456	1.58
141.94384366372026	1.58
157.33894105080094	1.58
118.63433287336105	1.58
154.23747254797397	1.58
152.1267806375241	1.58
157.33894105080094	1.58
110.1574208962985	1.58
154.7173136201143	1.58
152.1267806375241	1.58
157.33976812390395	1.58
110.1574208962985	1.58
154.7173136201143	1.58
153.0416777874015	1.58
157.33976812390395	1.58
110.1574208962985	1.58
155.8276273288876	1.58
150.39767907020206	1.58
154.43184402273238	1.58
110.1574208962985	1.58
158.2040070862332	1.58
150.39767907020206	1.58
153.94385073823742	1.58
110.1574208962985	1.58
158.2040070862332	1.58
150.39767907020206	1.58
135.1867256298371	1.58
110.1574208962985	1.58
151.36446941877065	1.58
150.39767907020206	1.58
135.89988637812618	1.58
110.1574208962985	1.58
143.72952022735487	1.58
150.39767907020206	1.58
148.19396185379094	1.58
112.4701540267611	1.58
143.72952022735487	1.58
155.88909817690333	1.58
148.19396185379094	1.58
112.4701540267611	1.58
139.98230364827424	1.58
155.88909817690333	1.58
142.12000989474853	1.58
112.4701540267611	1.58
138.8980358020299	1.58
148.28622610616125	1.58
142.12000989474853	1.58
111.86251554939093	1.58
140.95182396240634	1.58
148.28622610616125	1.58
142.88622466923277	1.58
111.86251554939093	1.58
140.78125623087823	1.58
148.53067400475206	1.58
142.88622466923277	1.58
122.94095454681981	1.58
134.96243558391674	1.58
137.72733261857186	1.58
144.65328493354565	1.58
129.16079957448613	1.58
135.1672292777695	1.58
138.27244240919455	1.58
147.03935318930718	1.58
129.16079957448613	1.58
135.1672292777695	1.58
137.0561617961231	1.58
147.03935318930718	1.58
132.20799462467875	1.58
126.79956792729686	1.58
142.55607185878011	1.58
139.3536995636733	1.58
129.83077162271164	1.58
123.4621737941373	1.58
147.28687171046823	1.58
136.4127659446598	1.58
130.52364875184605	1.58
133.49932880692563	1.58
155.70961649900744	1.58
138.80344374092644	1.58
123.7662410678958	1.58
129.47351667759858	1.58
155.70961649900744	1.58
149.03270071788043	1.58
135.48946481532656	1.58
119.12180920773835	1.58
155.70961649900744	1.58
149.03270071788043	1.58
125.40111490849824	1.58
122.58689130019208	1.58
150.76896607300284	1.58
149.03270071788043	1.58
135.7356285627733	1.58
130.50872839878247	1.58
150.76896607300284	1.58
148.84715475108973	1.58
130.34750514922888	1.58
133.50879072555415	1.58
150.76896607300284	1.58
149.52665012602583	1.58
116.08223976693485	1.58
130.46635503742002	1.58
150.76896607300284	1.58
144.19900445127513	1.58
116.30233572296534	1.58
124.61537897805285	1.58
142.6787889252991	1.58
149.2962380777886	1.58
116.30233572296534	1.58
108.70085014864291	1.58
142.6787889252991	1.58
157.33405207953524	1.58
127.56706477380075	1.58
108.70085014864291	1.58
142.36883634106212	1.58
137.34780037377064	1.58
131.41763612742096	1.58
108.70085014864291	1.58
149.5479897883438	1.58
137.34780037377064	1.58
130.06320657160586	1.58
118.25352858399833	1.58
141.2252706133807	1.58
139.871169503758	1.58
130.06320657160586	1.58
118.25352858399833	1.58
141.2252706133807	1.58
148.4429049426416	1.58
130.00214057767622	1.58
120.68470254706365	1.58
141.2252706133807	1.58
148.4429049426416	1.58
133.07584173965805	1.58
128.22128586669282	1.58
139.392904884023	1.58
148.4429049426416	1.58
133.07584173965805	1.58
129.31776494412975	1.58
136.62323571216623	1.58
152.8119661473582	1.58
133.8865837050783	1.58
126.79860213441349	1.58
136.62323571216623	1.58
152.8119661473582	1.58
133.28216483128404	1.58
125.03502151594871	1.58
137.9148741625208	1.58
152.8119661473582	1.58
133.28216483128404	1.58
125.70391947004852	1.58
137.12947230954626	1.58
158.14288820625376	1.58
131.070391944674	1.58
125.70391947004852	1.58
141.93734610038774	1.58
151.05870356846563	1.58
121.58488212280858	1.58
114.45060040533747	1.58
141.82280372008898	1.58
147.24968540036886	1.58
121.58488212280858	1.58
114.45060040533747	1.58
138.35963064394087	1.58
156.25904064493233	1.58
121.58488212280858	1.58
114.45060040533747	1.58
148.48345304142924	1.58
156.25904064493233	1.58
121.58488212280858	1.58
128.79700399534477	1.58
150.89839002690672	1.58
156.25904064493233	1.58
121.58488212280858	1.58
128.79700399534477	1.58
140.03150812742814	1.58
156.25904064493233	1.58
119.40715877392091	1.58
123.1244959158895	1.58
141.2036736364211	1.58
146.73047778398325	1.58
119.40715877392091	1.58
124.90566929837547	1.58
149.99776181242504	1.58
148.10548309749936	1.58
119.40715877392091	1.58
126.18959742018708	1.58
148.7334898148151	1.58
153.29869891657273	1.58
119.40715877392091	1.58
122.67116526672544	1.58
148.7334898148151	1.58
144.4179400392416	1.58
129.2930045895979	1.58
109.50603291688117	1.58
132.03761778778673	1.58
134.31552973558178	1.58
129.62348795510223	1.58
112.56496878818643	1.58
129.13756498190554	1.58
138.58242785154016	1.58
129.42384640466327	1.58
116.9462841880855	1.58
129.25660978556212	1.58
138.58242785154016	1.58
130.47028491121475	1.58
115.37479762331425	1.58
141.11485803581874	1.58
138.38303475230026	1.58
130.47028491121475	1.58
121.03056065555307	1.58
150.42610309842888	1.58
137.58959170270154	1.58
128.61931706921533	1.58
121.03056065555307	1.58
144.19753059426097	1.58
143.91521601223053	1.58
134.41519163518126	1.58
122.32206187666554	1.58
144.19753059426097	1.58
143.91521601223053	1.58
134.41519163518126	1.58
122.32206187666554	1.58
148.3213165545243	1.58
140.12335774087907	1.58
134.41519163518126	1.58
122.38377393211682	1.58
143.86042555986245	1.58
144.44285309480216	1.58
134.19157540576128	1.58
111.06107980378295	1.58
148.6532543697129	1.58
144.44285309480216	1.58
130.78510491600704	1.58
120.76694825796167	1.58
147.5723755593423	1.58
150.9751427924275	1.58
117.05425347712807	1.58
125.13780577893083	1.58
148.8380747805515	1.58
150.9751427924275	1.58
117.05425347712807	1.58
126.76376321541323	1.58
134.61067765856714	1.58
151.42229592846957	1.58
131.40288822119595	1.58
113.47280097028022	1.58
139.43588174871107	1.58
152.48568116748552	1.58
125.14534899520257	1.58
112.05220222859741	1.58
138.5309680003371	1.58
152.48568116748552	1.58
129.436592002853	1.58
121.20040655626156	1.58
145.26898844599194	1.58
152.48568116748552	1.58
123.93515932049814	1.58
128.8158547084263	1.58
145.26898844599194	1.58
151.88368203843152	1.58
123.93515932049814	1.58
136.85331172968142	1.58
143.4522131178374	1.58
151.60813534264773	1.58
119.6477192849681	1.58
128.21628868792848	1.58
155.54985878887163	1.58
151.60813534264773	1.58
115.36339795851619	1.58
126.02475526506349	1.58
155.54985878887163	1.58
151.60813534264773	1.58
112.59699584614631	1.58
135.11889857881948	1.58
154.59217951624703	1.58
151.60813534264773	1.58
111.81506475540738	1.58
131.19592340365915	1.58
154.59217951624703	1.58
151.60813534264773	1.58
124.31832929449968	1.58
131.19592340365915	1.58
154.59217951624703	1.58
143.85264044574032	1.58
134.23464860459552	1.58
111.89378740295246	1.58
148.19315498628575	1.58
143.85264044574032	1.58
136.28139323977928	1.58
109.08939427604409	1.58
148.19315498628575	1.58
143.85264044574032	1.58
139.4834257636391	1.58
109.08939427604409	1.58
146.78156276189205	1.58
151.4233057829686	1.58
134.8921396642369	1.58
119.74190560387169	1.58
146.78156276189205	1.58
151.4233057829686	1.58
120.49471297124154	1.58
129.91088286080296	1.58
148.56294002442382	1.58
149.09464487606812	1.58
122.09978239862212	1.58
134.03520044915646	1.58
152.11359952534667	1.58
146.8827565337604	1.58
112.7715795697502	1.58
138.025611059185	1.58
140.95145754334476	1.58
146.8827565337604	1.58
120.89819946133471	1.58
137.9368032261962	1.58
140.9890389867754	1.58
156.08734735703908	1.58
124.30440656541873	1.58
138.33599286733286	1.58
140.18989485611513	1.58
157.66875635592564	1.58
116.1835462892746	1.58
137.4668375972445	1.58
142.79381733440903	1.58
157.66875635592564	1.58
116.1835462892746	1.58
138.62248175213108	1.58
142.79381733440903	1.58
157.66875635592564	1.58
114.3866722145216	1.58
136.3715666595715	1.58
147.71626756973987	1.58
157.66875635592564	1.58
111.72827950278405	1.58
130.31513206081522	1.58
135.4517871658143	1.58
157.66875635592564	1.58
109.04050446012144	1.58
124.70475167937568	1.58
141.1750114575071	1.58
157.66875635592564	1.58
109.04050446012144	1.58
128.91288275596443	1.58
141.1750114575071	1.58
157.66875635592564	1.58
109.04050446012144	1.58
122.23864787234945	1.58
143.3249757785242	1.58
157.66875635592564	1.58
110.98480741475257	1.58
127.41341453938718	1.58
143.3249757785242	1.58
157.66875635592564	1.58
110.98480741475257	1.58
133.79906673143986	1.58
147.33396766684956	1.58
142.28613389877995	1.58
116.67981383169172	1.58
131.60082331723734	1.58
155.3638792229891	1.58
138.91752866827147	1.58
129.07030082213822	1.58
130.8094792276861	1.58
155.3638792229891	1.58
142.3058123608608	1.58
129.07030082213822	1.58
137.65268790578338	1.58
155.3638792229891	1.58
142.3058123608608	1.58
124.85904445236821	1.58
137.65268790578338	1.58
151.0835257820004	1.58
142.41634912385365	1.58
124.85904445236821	1.58
137.65268790578338	1.58
145.30981708577076	1.58
143.2894224230303	1.58
124.85904445236821	1.58
137.4664637166095	1.58
145.30981708577076	1.58
147.12520536586018	1.58
124.85904445236821	1.58
133.095917328687	1.58
146.68222057858955	1.58
143.8840682626951	1.58
109.25069738697847	1.58
125.75975678390313	1.58
146.5769585626026	1.58
153.64008550732976	1.58
124.75969188787562	1.58
113.58832424067418	1.58
146.5769585626026	1.58
148.49256275251017	1.58
113.9674573666895	1.58
117.23674265523265	1.58
146.5769585626026	1.58
156.89778850875933	1.58
129.37960524445953	1.58
128.8106680101368	1.58
145.56357488988277	1.58
156.89778850875933	1.58
129.37960524445953	1.58
131.64782840391655	1.58
145.12264232050822	1.58
145.90676510016675	1.58
125.66455453147954	1.58
132.5156404698186	1.58
150.16292113573442	1.58
147.25295967748235	1.58
125.66455453147954	1.58
122.89285486822897	1.58
150.16292113573442	1.58
147.25295967748235	1.58
125.66455453147954	1.58
115.9481377423076	1.58
150.16292113573442	1.58
147.25295967748235	1.58
125.66455453147954	1.58
116.09944428331673	1.58
145.68268566108912	1.58
146.2801945576236	1.58
123.33606117197867	1.58
111.49031529191568	1.58
145.68268566108912	1.58
146.2801945576236	1.58
123.96777199089554	1.58
111.49031529191568	1.58
145.68268566108912	1.58
146.2801945576236	1.58
123.96777199089554	1.58
127.68364530126497	1.58
145.68268566108912	1.58
151.08703234502485	1.58
111.64111141845598	1.58
134.44926101832203	1.58
134.41140135764283	1.58
157.140267803624	1.58
111.64111141845598	1.58
138.82612568879557	1.58
134.41140135764283	1.58
157.140267803624	1.58
111.64111141845598	1.58
121.24605715242987	1.58
141.27142535034434	1.58
157.140267803624	1.58
110.96891773168952	1.58
112.70238820461671	1.58
141.27142535034434	1.58
151.51906478876936	1.58
116.74506506633611	1.58
121.66735128679817	1.58
145.64948018555916	1.58
156.62608449603044	1.58
116.1999931809568	1.58
121.66735128679817	1.58
145.64948018555916	1.58
157.5752428070607	1.58
116.1999931809568	1.58
108.90196750046681	1.58
129.9459108137655	1.58
157.5752428070607	1.58
124.43854589460986	1.58
108.90196750046681	1.58
130.3398260965725	1.58
157.5752428070607	1.58
123.29492339553487	1.58
108.90196750046681	1.58
130.3398260965725	1.58
157.5752428070607	1.58
120.58404278757688	1.58
108.90196750046681	1.58
129.25605247828065	1.58
157.5752428070607	1.58
123.54065009640989	1.58
108.90196750046681	1.58
129.25605247828065	1.58
157.5752428070607	1.58
133.80171916644528	1.58
108.90196750046681	1.58
131.12818709794925	1.58
157.5752428070607	1.58
133.80171916644528	1.58
121.54978069239199	1.58
138.1110700737634	1.58
150.53352126266623	1.58
134.47818763516307	1.58
121.54978069239199	1.58
131.9803608064558	1.58
150.53352126266623	1.58
136.8208952347399	1.58
117.1827552508964	1.58
129.66082476402516	1.58
150.53352126266623	1.58
140.51138070392395	1.58
111.29897168889995	1.58
123.74820258222658	1.58
149.66721784860206	1.58
137.8623220133592	1.58
111.29897168889995	1.58
129.29151693748065	1.58
146.20287907430563	1.58
130.2842122751894	1.58
113.5290109035325	1.58
128.67287239237967	1.58
155.32766141958876	1.58
131.6204175365384	1.58
113.5290109035325	1.58
131.9329065679653	1.58
155.32766141958876	1.58
125.18518833558667	1.58
113.5290109035325	1.58
131.3248920876742	1.58
155.32766141958876	1.58
125.18518833558667	1.58
113.5290109035325	1.58
127.58095200341091	1.58
150.64871148291513	1.58
124.67865376510521	1.58
113.5290109035325	1.58
130.0765438505771	1.58
139.18872818425982	1.58
129.958068635869	1.58
118.56160134614882	1.58
130.18999556642203	1.58
152.18633296776233	1.58
121.98025677320072	1.58
118.56160134614882	1.58
139.57556331959103	1.58
152.18633296776233	1.58
121.98025677320072	1.58
118.56160134614882	1.58
148.91091870293903	1.58
152.13637443039417	1.58
121.98025677320072	1.58
116.96822822939593	1.58
148.91091870293903	1.58
147.96260708858813	1.58
121.98025677320072	1.58
116.96822822939593	1.58
133.9372219750588	1.58
149.20682975385918	1.58
124.73318305500052	1.58
116.96822822939593	1.58
132.575056672071	1.58
149.20682975385918	1.58
128.90275245298156	1.58
116.96822822939593	1.58
127.35088604624246	1.58
149.20682975385918	1.58
135.68617613122197	1.58
116.00614265353069	1.58
130.95309832472114	1.58
154.17699978709598	1.58
136.6865198323502	1.58
126.04071584332199	1.58
126.63403598826638	1.58
154.17699978709598	1.58
121.28918340789116	1.58
125.66176839235452	1.58
127.45842877085902	1.58
143.33406853418182	1.58
117.20056941440002	1.58
124.7094491444779	1.58
128.56610876537295	1.58
143.33406853418182	1.58
117.20056941440002	1.58
123.50251437675655	1.58
131.983130328964	1.58
143.33406853418182	1.58
117.20056941440002	1.58
124.76667467339405	1.58
146.10616115006744	1.58
143.33406853418182	1.58
124.20465165037741	1.58
117.43097945975975	1.58
146.10616115006744	1.58
141.28301144710073	1.58
124.20465165037741	1.58
130.94057418289515	1.58
146.10616115006744	1.58
150.13849475908356	1.58
122.38684880204475	1.58
128.0062824728967	1.58
146.10616115006744	1.58
147.69231073408048	1.58
122.38684880204475	1.58
112.75905061374851	1.58
146.10616115006744	1.58
158.1575879599262	1.58
132.28100822873105	1.58
112.75905061374851	1.58
149.66691190532867	1.58
158.1575879599262	1.58
124.90886560688904	1.58
112.75905061374851	1.58
131.3248934025841	1.58
158.1575879599262	1.58
121.34424558290661	1.58
120.16965070830926	1.58
128.89847552987462	1.58
158.1575879599262	1.58
114.52665676337547	1.58
120.16965070830926	1.58
127.7967239450442	1.58
158.1575879599262	1.58
114.52665676337547	1.58
117.4345234577178	1.58
132.9651928353504	1.58
149.85412612681435	1.58
114.52665676337547	1.58
117.4345234577178	1.58
130.78266873861526	1.58
149.85412612681435	1.58
112.5147518137963	1.58
119.05464094699039	1.58
141.01750961297827	1.58
145.91014873519063	1.58
112.5147518137963	1.58
113.98693001386903	1.58
139.7131035393847	1.58
147.97008924239088	1.58
112.5147518137963	1.58
113.98693001386903	1.58
153.65930153615696	1.58
155.39665249911894	1.58
115.99519697742645	1.58
113.98693001386903	1.58
134.2874175097356	1.58
152.6680969250575	1.58
131.69324186495226	1.58
113.98693001386903	1.58
131.07817362844162	1.58
154.51468374621606	1.58
129.3914067942219	1.58
113.98693001386903	1.58
132.22665413708822	1.58
150.44279822816526	1.58
129.54877864270892	1.58
113.98693001386903	1.58
140.57048424222623	1.58
143.50158552470907	1.58
128.45078749248748	1.58
113.98693001386903	1.58
144.25769588221698	1.58
153.5300918907522	1.58
128.63546319778126	1.58
113.98693001386903	1.58
146.19616200902544	1.58
153.5300918907522	1.58
134.12693731080336	1.58
113.98693001386903	1.58
138.7417193265483	1.58
153.5300918907522	1.58
120.49935681432754	1.58
119.71826525001107	1.58
150.22488755237046	1.58
141.43802872354746	1.58
130.84757711748244	1.58
110.59133599608668	1.58
150.22488755237046	1.58
137.7800379324344	1.58
137.00508194530167	1.58
117.40809909609405	1.58
144.55513537163324	1.58
137.1096908273376	1.58
136.99314439834018	1.58
117.40809909609405	1.58
144.55513537163324	1.58
137.1096908273376	1.58
136.74829775100426	1.58
117.40809909609405	1.58
144.5465909443621	1.58
144.46387003707892	1.58
140.47920195738376	1.58
117.40809909609405	1.58
143.08658501547356	1.58
144.15792852357964	1.58
140.82227966310418	1.58
117.40809909609405	1.58
148.3369771898346	1.58
146.62611768744827	1.58
141.24256213455493	1.58
117.40809909609405	1.58
145.4096277994726	1.58
146.51865801464874	1.58
143.58562620025427	1.58
117.40809909609405	1.58
145.4096277994726	1.58
151.33943491993261	1.58
143.58562620025427	1.58
124.63169717877993	1.58
146.57245470257638	1.58
155.97760876069995	1.58
139.07366980820038	1.58
124.63169717877993	1.58
146.57245470257638	1.58
155.97760876069995	1.58
139.07366980820038	1.58
124.63169717877993	1.58
146.57245470257638	1.58
155.97760876069995	1.58
137.40513334878216	1.58
116.53521680357079	1.58
147.29335809229772	1.58
141.01671375287927	1.58
134.44127746141183	1.58
125.66685932722847	1.58
147.29335809229772	1.58
142.14282729127925	1.58
124.82782824852661	1.58
119.01676290646299	1.58
135.2145368470204	1.58
152.55909792881025	1.58
124.82782824852661	1.58
119.01676290646299	1.58
147.6786138663366	1.58
152.55909792881025	1.58
124.82782824852661	1.58
119.01676290646299	1.58
142.44532513220963	1.58
152.55909792881025	1.58
115.62049534974179	1.58
118.7221925544323	1.58
133.128643539263	1.58
152.55909792881025	1.58
112.09255409787558	1.58
118.7221925544323	1.58
141.56268654039627	1.58
136.06553417312406	1.58
125.96956966510997	1.58
124.68812413409582	1.58
144.65085449668592	1.58
136.82942346734114	1.58
119.08913602187069	1.58
120.86381884405306	1.58
144.65085449668592	1.58
146.71389053267706	1.58
113.62687446285122	1.58
120.86381884405306	1.58
144.65085449668592	1.58
155.97046516445522	1.58
113.62687446285122	1.58
120.86381884405306	1.58
139.49121727635935	1.58
155.97046516445522	1.58
119.198769204767	1.58
125.1977515236361	1.58
135.482907211337	1.58
143.03288092329475	1.58
115.61407736600128	1.58
125.03271747566527	1.58
135.482907211337	1.58
133.35234925999754	1.58
115.61407736600128	1.58
121.82017733781704	1.58
139.3808264324768	1.58
142.30666762864158	1.58
125.8653678277891	1.58
121.82017733781704	1.58
136.4164930033359	1.58
143.4465814285896	1.58
117.54118948333802	1.58
109.95435424155464	1.58
144.45030338909226	1.58
142.6167760733623	1.58
117.54118948333802	1.58
108.97069779417976	1.58
144.45030338909226	1.58
149.81348026849938	1.58
116.7811807490312	1.58
121.24069228289858	1.58
157.55291855977055	1.58
149.81348026849938	1.58
116.7811807490312	1.58
121.24069228289858	1.58
157.55291855977055	1.58
149.81348026849938	1.58
116.7811807490312	1.58
135.05113685994857	1.58
157.55291855977055	1.58
154.79620717241738	1.58
116.7811807490312	1.58
144.5528199845232	1.58
157.55291855977055	1.58
154.79620717241738	1.58
116.7811807490312	1.58
144.29904034282194	1.58
157.55291855977055	1.58
155.80859151230592	1.58
116.7811807490312	1.58
144.4907530657144	1.58
143.8339382863134	1.58
148.38573535927725	1.58
120.57300372477681	1.58
144.89158783461818	1.58
142.88977505834674	1.58
148.38573535927725	1.58
117.87833865022914	1.58
144.77928992138146	1.58
141.93915966254642	1.58
138.71407186177808	1.58
117.87833865022914	1.58
150.54710143446206	1.58
132.042196820167	1.58
144.10867582383165	1.58
117.87833865022914	1.58
149.8596610249065	1.58
136.1816917021185	1.58
137.99990780696191	1.58
117.7574427800759	1.58
151.81448031574809	1.58
136.1816917021185	1.58
137.9308758213419	1.58
107.39609728350499	1.58
151.81448031574809	1.58
139.0238064134079	1.58
126.67466240822512	1.58
108.20067758270619	1.58
158.2618332126912	1.58
139.0238064134079	1.58
126.67466240822512	1.58
108.20067758270619	1.58
153.02544383825597	1.58
139.0238064134079	1.58
127.64320970838769	1.58
119.11890133729608	1.58
153.02544383825597	1.58
129.15886222236907	1.58
133.94186265461053	1.58
120.68540084302587	1.58
153.02544383825597	1.58
137.2042262131928	1.58
128.05859697615898	1.58
119.73557205742166	1.58
153.38631835062316	1.58
127.02850780850092	1.58
124.13236586363915	1.58
115.73645912958767	1.58
152.17911738230873	1.58
127.02850780850092	1.58
132.17201098353343	1.58
123.56255638523395	1.58
152.17911738230873	1.58
116.28147073910372	1.58
118.28899316514688	1.58
124.49628583876373	1.58
152.17911738230873	1.58
113.7013320928107	1.58
118.94884749158142	1.58
127.41444622086324	1.58
152.47738050336798	1.58
112.28731500814436	1.58
118.94884749158142	1.58
139.38677768612956	1.58
152.47738050336798	1.58
112.28731500814436	1.58
118.94884749158142	1.58
139.38677768612956	1.58
151.71955739358225	1.58
112.28731500814436	1.58
134.75201797837872	1.58
139.44304504516714	1.58
136.76888746974493	1.58
112.28731500814436	1.58
133.73264454952127	1.58
139.44304504516714	1.58
136.76888746974493	1.58
125.46121923348392	1.58
134.28378482899294	1.58
144.3333004687236	1.58
136.76888746974493	1.58
125.08347563183041	1.58
134.28378482899294	1.58
144.65448633051608	1.58
138.1100554588867	1.58
126.87205946694738	1.58
131.83040447027577	1.58
153.62358691924823	1.58
135.27252555711902	1.58
109.38300827173772	1.58
116.59277199718318	1.58
154.3590957660849	1.58
135.27252555711902	1.58
109.38300827173772	1.58
116.59277199718318	1.58
132.76598968904514	1.58
152.18721403449481	1.58
109.38300827173772	1.58
116.59277199718318	1.58
134.8135508381776	1.58
135.69901814556624	1.58
109.38300827173772	1.58
119.46540680090752	1.58
130.83459789097327	1.58
141.61631100905396	1.58
109.38300827173772	1.58
110.08410036820015	1.58
129.85537217189804	1.58
141.5944727391518	1.58
109.38300827173772	1.58
110.08410036820015	1.58
123.5768633481574	1.58
136.33592571615986	1.58
115.98868790181525	1.58
110.08410036820015	1.58
124.65598124816074	1.58
138.76443638342624	1.58
115.98868790181525	1.58
110.08410036820015	1.58
134.70588903307961	1.58
144.92187679785746	1.58
115.98868790181525	1.58
104.73305598308949	1.58
139.15912792382463	1.58
147.15438358103157	1.58
115.98868790181525	1.58
104.73305598308949	1.58
156.60384557033728	1.58
140.24574701653768	1.58
115.98868790181525	1.58
116.65177628529844	1.58
156.60384557033728	1.58
139.23150374658735	1.58
119.55237436400824	1.58
125.98336582925086	1.58
151.6306706399709	1.58
139.60043347210308	1.58
119.55237436400824	1.58
116.44758192291046	1.58
156.84363036842927	1.58
140.60107902832596	1.58
119.55237436400824	1.58
112.29396110455323	1.58
140.3173623474923	1.58
155.34759970808645	1.58
119.55237436400824	1.58
112.29396110455323	1.58
140.3173623474923	1.58
155.34759970808645	1.58
120.66788418378209	1.58
112.29396110455323	1.58
135.05895500432294	1.58
155.44475006558412	1.58
120.66788418378209	1.58
112.29396110455323	1.58
134.6974420447936	1.58
147.86573262210914	1.58
126.04292327287257	1.58
112.29396110455323	1.58
140.02908513601872	1.58
139.756005587016	1.58
117.58460462043459	1.58
112.29396110455323	1.58
136.94122221272852	1.58
151.38189504505817	1.58
113.0782669342396	1.58
122.34825916922779	1.58
144.21414158839258	1.58
147.72856290969318	1.58
113.0782669342396	1.58
115.43675749681907	1.58
152.71763392086004	1.58
147.72856290969318	1.58
113.0782669342396	1.58
115.43675749681907	1.58
152.71763392086004	1.58
147.72856290969318	1.58
125.5115934272452	1.58
113.66580653727854	1.58
152.71763392086004	1.58
147.72856290969318	1.58
135.42121918605778	1.58
113.66580653727854	1.58
152.71763392086004	1.58
133.0776540459483	1.58
135.21124104713178	1.58
113.66580653727854	1.58
152.71763392086004	1.58
135.68098469301452	1.58
137.45436684323062	1.58
131.19103677700326	1.58
148.54852288037895	1.58
135.33587979966626	1.58
139.24546314972145	1.58
130.48415073353442	1.58
148.54852288037895	1.58
136.9634557051885	1.58
143.62391894034462	1.58
125.0547879456988	1.58
150.63148897639329	1.58
134.43911070736897	1.58
143.30501087844766	1.58
122.38600500451483	1.58
150.63148897639329	1.58
129.41335042030593	1.58
143.30501087844766	1.58
122.38600500451483	1.58
150.63148897639329	1.58
131.14843373566345	1.58
143.4621411567324	1.58
111.66141060407813	1.58
153.51954412799796	1.58
131.14843373566345	1.58
143.4621411567324	1.58
110.3615514939787	1.58
156.05443183303592	1.58
137.96265059258153	1.58
131.48527785014397	1.58
110.3615514939787	1.58
156.05443183303592	1.58
140.63489780471946	1.58
129.04272923022916	1.58
110.3615514939787	1.58
156.05443183303592	1.58
140.63489780471946	1.58
118.58871166451561	1.58
110.3615514939787	1.58
156.05443183303592	1.58
125.87307888094443	1.58
114.8386702045221	1.58
127.87796928736363	1.58
156.05443183303592	1.58
125.46452294385107	1.58
115.5064401101908	1.58
127.87796928736363	1.58
156.05443183303592	1.58
123.41432669041072	1.58
135.65079395719178	1.58
130.31262646553583	1.58
149.7838400407711	1.58
125.5384605739732	1.58
137.99728208032576	1.58
133.5340838103674	1.58
153.0105850901341	1.58
117.71807806866697	1.58
130.2520832364504	1.58
137.31484037993278	1.58
153.0105850901341	1.58
123.27448252581203	1.58
130.2520832364504	1.58
135.19588606180196	1.58
153.0105850901341	1.58
123.27448252581203	1.58
111.3523052326615	1.58
135.0640380912154	1.58
147.03519282778134	1.58
123.88937614179774	1.58
109.54845305002456	1.58
134.34887474101117	1.58
146.4745815441366	1.58
133.79055928560072	1.58
117.88664655826834	1.58
134.70107685905288	1.58
146.4745815441366	1.58
139.34690029271565	1.58
125.63642993012444	1.58
123.47730430900184	1.58
146.4745815441366	1.58
150.01051111931633	1.58
112.3277155453912	1.58
123.47730430900184	1.58
152.47144558297725	1.58
150.01051111931633	1.58
112.3277155453912	1.58
132.9096596818771	1.58
148.1564668912004	1.58
147.58606689037376	1.58
123.32803404257695	1.58
118.67874047810486	1.58
148.1564668912004	1.58
147.58606689037376	1.58
124.8873327535467	1.58
119.98474723428728	1.58
148.1564668912004	1.58
141.2810502101699	1.58
124.8873327535467	1.58
119.98474723428728	1.58
148.1564668912004	1.58
150.5683771373679	1.58
127.70269548799828	1.58
134.26546490994753	1.58
147.419952345734	1.58
150.5683771373679	1.58
108.23430861476174	1.58
119.25497303753455	1.58
134.47217367179593	1.58
150.5683771373679	1.58
108.23430861476174	1.58
116.77073252178263	1.58
134.47217367179593	1.58
150.5683771373679	1.58
114.2724893640806	1.58
118.5051896589296	1.58
127.78632964822636	1.58
150.5683771373679	1.58
110.9137450147341	1.58
120.17415563185685	1.58
132.8481150931797	1.58
135.74454321655307	1.58
113.25791790585632	1.58
120.17415563185685	1.58
129.0688454836659	1.58
133.1406867139051	1.58
114.90048750203229	1.58
120.85153311036703	1.58
127.91878707671341	1.58
143.0046807504581	1.58
121.68186424213943	1.58
131.3072214740026	1.58
126.45206882711736	1.58
134.7709974217804	1.58
120.68276415013273	1.58
132.3990979476673	1.58
127.7019713400377	1.58
142.54345319511037	1.58
120.68276415013273	1.58
137.2361515571294	1.58
128.29516831610835	1.58
142.54345319511037	1.58
122.63871011225521	1.58
139.73334713395627	1.58
127.82474567684314	1.58
142.54345319511037	1.58
122.23262178913677	1.58
138.63996174447936	1.58
133.23438413965118	1.58
145.86789959391504	1.58
116.43699007486413	1.58
143.76871399399838	1.58
140.86883125520643	1.58
147.12968540287696	1.58
116.43699007486413	1.58
144.35509357953097	1.58
140.86883125520643	1.58
146.1816223184287	1.58
114.30146573987626	1.58
147.14276077963774	1.58
140.86883125520643	1.58
146.1816223184287	1.58
122.31505091900888	1.58
149.21250034072642	1.58
153.23899386362956	1.58
146.1816223184287	1.58
122.31505091900888	1.58
146.75860552642072	1.58
155.2942399941671	1.58
145.9074536893823	1.58
122.31505091900888	1.58
146.11092897940088	1.58
157.77373795342376	1.58
150.81833569370934	1.58
112.57687300179123	1.58
146.97714628348783	1.58
157.77373795342376	1.58
150.81833569370934	1.58
112.57687300179123	1.58
146.97714628348783	1.58
157.77373795342376	1.58
146.5992438845819	1.58
116.97745882757496	1.58
147.10632124679339	1.58
157.77373795342376	1.58
146.52408045367596	1.58
116.97745882757496	1.58
147.63283692002938	1.58
157.77373795342376	1.58
146.52408045367596	1.58
116.97745882757496	1.58
148.4122190061445	1.58
157.77373795342376	1.58
146.93270348963577	1.58
117.2914175561551	1.58
148.4122190061445	1.58
157.77373795342376	1.58
137.92966302333133	1.58
117.2914175561551	1.58
143.19824315803336	1.58
156.5385988121648	1.58
132.87811639635768	1.58
117.2914175561551	1.58
145.92664951227292	1.58
156.554450570632	1.58
132.87811639635768	1.58
113.77359578305018	1.58
145.92664951227292	1.58
152.33132225246362	1.58
132.88941541894724	1.58
113.77359578305018	1.58
146.34271099379177	1.58
150.6652826071707	1.58
134.85388657500152	1.58
118.04070663978094	1.58
146.34271099379177	1.58
154.5256539567024	1.58
127.67011468583561	1.58
118.04070663978094	1.58
148.01189856223672	1.58
155.80531891953052	1.58
125.66948213994233	1.58
116.81741615957296	1.58
151.87631386798142	1.58
155.80531891953052	1.58
126.92088251574874	1.58
119.31400396464011	1.58
151.76305440698374	1.58
155.80531891953052	1.58
109.31108511244433	1.58
128.2611100088624	1.58
151.76305440698374	1.58
157.43870764842617	1.58
109.31108511244433	1.58
128.2611100088624	1.58
144.96461319077147	1.58
157.43870764842617	1.58
109.31108511244433	1.58
122.12358274577193	1.58
141.7917502799231	1.58
157.43870764842617	1.58
109.31108511244433	1.58
132.38746457330183	1.58
149.90961489867726	1.58
157.43870764842617	1.58
123.0544663572431	1.58
121.06841202229734	1.58
143.01329224822263	1.58
157.60034446559047	1.58
124.77874718742056	1.58
121.06841202229734	1.58
141.76387706048595	1.58
157.60034446559047	1.58
124.77874718742056	1.58
121.06841202229734	1.58
139.5001177814031	1.58
147.16777337024055	1.58
124.19560909633445	1.58
121.10510429423275	1.58
139.00608572292916	1.58
157.28086209997997	1.58
112.0491382412367	1.58
121.10510429423275	1.58
139.4405380648331	1.58
157.28086209997997	1.58
109.82572219340224	1.58
121.10510429423275	1.58
124.70356962298727	1.58
157.28086209997997	1.58
115.05619824357906	1.58
123.04890898283715	1.58
124.70356962298727	1.58
157.28086209997997	1.58
108.85533325975001	1.58
131.17738006667406	1.58
131.90228093132544	1.58
146.77744041189246	1.58
108.85533325975001	1.58
137.7615342872424	1.58
136.73814583363045	1.58
153.01418588949386	1.58
108.85533325975001	1.58
137.7615342872424	1.58
129.79988943138457	1.58
156.31088353495772	1.58
111.89405246838732	1.58
137.7615342872424	1.58
138.44626741185527	1.58
156.31088353495772	1.58
111.89405246838732	1.58
122.31837329163145	1.58
135.70896251444375	1.58
154.25956517740948	1.58
111.89405246838732	1.58
129.70833061136898	1.58
123.97156710598404	1.58
154.25956517740948	1.58
111.89405246838732	1.58
136.59098841844425	1.58
123.97156710598404	1.58
148.54970746542338	1.58
111.66738003988357	1.58
149.80574481850482	1.58
134.92752668280392	1.58
148.75711669979668	1.58
116.71118545798592	1.58
141.9163209846869	1.58
134.92752668280392	1.58
148.75711669979668	1.58
116.71118545798592	1.58
136.12013115018783	1.58
126.69665488508089	1.58
148.75711669979668	1.58
121.64308752001787	1.58
138.3948873756865	1.58
125.77843587479963	1.58
149.59605927897303	1.58
121.72026967467731	1.58
145.98789657227098	1.58
120.89881991387932	1.58
149.59605927897303	1.58
121.72026967467731	1.58
145.98789657227098	1.58
120.2167309244817	1.58
151.3684790501369	1.58
113.07410692434146	1.58
148.18646727449791	1.58
120.2167309244817	1.58
151.3684790501369	1.58
128.89337427473154	1.58
145.61912791425905	1.58
120.2167309244817	1.58
151.3684790501369	1.58
130.9663616650972	1.58
143.5148376867639	1.58
120.2167309244817	1.58
151.3684790501369	1.58
132.4206798419174	1.58
153.25478484109	1.58
121.98757342399638	1.58
152.06487105248877	1.58
132.4206798419174	1.58
154.43988378926653	1.58
121.98757342399638	1.58
151.8112089715993	1.58
125.47090685113012	1.58
155.18506533457403	1.58
121.73391854015524	1.58
143.3107304643976	1.58
113.59798398658107	1.58
155.18506533457403	1.58
121.83640088855216	1.58
147.58531800331733	1.58
117.55771497041314	1.58
155.18506533457403	1.58
121.83640088855216	1.58
140.77516000251555	1.58
111.48053601340831	1.58
155.18506533457403	1.58
119.59827451507091	1.58
147.65928628553343	1.58
115.44256195244918	1.58
155.18506533457403	1.58
121.06913415806007	1.58
138.61845317252858	1.58
115.44256195244918	1.58
155.18506533457403	1.58
121.06913415806007	1.58
140.44939580862498	1.58
113.89647485365994	1.58
155.18506533457403	1.58
121.81329504352985	1.58
144.44942289042447	1.58
111.44928325861494	1.58
156.94215575324935	1.58
129.13982954695544	1.58
148.6297309013238	1.58
111.44928325861494	1.58
156.94215575324935	1.58
139.02830088919157	1.58
144.65055497151081	1.58
124.87003548258664	1.58
156.94215575324935	1.58
139.08013325812297	1.58
138.59573084767493	1.58
124.87003548258664	1.58
155.85512685241827	1.58
138.36953019464318	1.58
138.62024117774752	1.58
124.80875140067062	1.58
155.85512685241827	1.58
138.3729651349441	1.58
138.6246262181399	1.58
111.94188556492773	1.58
150.83585326745862	1.58
138.349972531458	1.58
135.9669806756756	1.58
111.94188556492773	1.58
150.83585326745862	1.58
156.51738928887005	1.58
134.0828781392681	1.58
111.94188556492773	1.58
150.3338169734006	1.58
156.51738928887005	1.58
130.83253136370973	1.58
111.94188556492773	1.58
150.3338169734006	1.58
156.51738928887005	1.58
125.19021193757821	1.58
115.03876580385848	1.58
135.24878060075062	1.58
156.51738928887005	1.58
129.01268577504578	1.58
115.03876580385848	1.58
137.52179851022922	1.58
156.51738928887005	1.58
118.24771986852028	1.58
117.43207774918059	1.58
133.3911748085653	1.58
156.51738928887005	1.58
115.63042857670052	1.58
109.15216234669296	1.58
146.277397708717	1.58
154.39579030788929	1.58
115.63042857670052	1.58
124.41668140018665	1.58
141.79212411741744	1.58
142.87711959744317	1.58
115.63042857670052	1.58
109.34304688093349	1.58
138.57168101356115	1.58
142.87711959744317	1.58
115.63042857670052	1.58
109.34304688093349	1.58
137.5411310042943	1.58
146.26827618218965	1.58
115.63042857670052	1.58
121.24469691979567	1.58
129.48019377550682	1.58
132.17376907843473	1.58
115.63042857670052	1.58
126.1351753701399	1.58
128.47734435233363	1.58
143.556877302901	1.58
113.55684279090127	1.58
124.85004166396129	1.58
128.47734435233363	1.58
135.01411472900267	1.58
113.55684279090127	1.58
124.07921877853254	1.58
125.84325830350667	1.58
143.53105982397392	1.58
113.55684279090127	1.58
123.39408990204443	1.58
123.79505710428816	1.58
157.89286243023128	1.58
113.55684279090127	1.58
123.39408990204443	1.58
125.94335526209915	1.58
157.89286243023128	1.58
118.24280003713795	1.58
123.39408990204443	1.58
126.6502204862804	1.58
152.84076381524847	1.58
112.51519988752253	1.58
123.39408990204443	1.58
126.6502204862804	1.58
152.84076381524847	1.58
112.51519988752253	1.58
130.72780307256258	1.58
126.35513269074958	1.58
152.84076381524847	1.58
112.51519988752253	1.58
131.5588508570426	1.58
131.63698745149742	1.58
150.17518548693675	1.58
119.79712687938294	1.58
131.56137805073166	1.58
130.4814501697716	1.58
143.069863934423	1.58
117.45460747864571	1.58
120.35355133553718	1.58
130.54149244304168	1.58
140.76733179324054	1.58
116.1518126453423	1.58
123.11411246067564	1.58
130.69018517554008	1.58
130.5663860852672	1.58
116.1518126453423	1.58
115.53884569719347	1.58
130.69018517554008	1.58
144.27409254729415	1.58
119.71948191980438	1.58
115.53884569719347	1.58
129.9918561850069	1.58
144.27409254729415	1.58
110.04875032725732	1.58
115.53884569719347	1.58
137.966480713879	1.58
146.08489262532925	1.58
122.66139899095117	1.58
115.64829728582299	1.58
138.12992832537728	1.58
146.08489262532925	1.58
112.57260938933804	1.58
115.64829728582299	1.58
147.73775189878424	1.58
135.31508230423054	1.58
110.70239158537098	1.58
113.68832080452003	1.58
139.08185051164835	1.58
144.94651892464506	1.58
124.50650233847307	1.58
113.68832080452003	1.58
149.13787859008772	1.58
157.2352878305129	1.58
121.88781300118262	1.58
113.68832080452003	1.58
149.13787859008772	1.58
157.2352878305129	1.58
122.70211278274527	1.58
113.68832080452003	1.58
155.593303014598	1.58
157.2352878305129	1.58
122.70211278274527	1.58
113.68832080452003	1.58
150.1942849472259	1.58
137.6546402286526	1.58
111.4316830860426	1.58
118.96298473279592	1.58
150.1942849472259	1.58
127.44297593517376	1.58
111.4316830860426	1.58
110.55135877344568	1.58
135.834538570165	1.58
136.4239397145227	1.58
111.4316830860426	1.58
110.55135877344568	1.58
135.834538570165	1.58
136.4239397145227	1.58
111.4316830860426	1.58
119.80861202199695	1.58
140.62910060885505	1.58
125.08308221937564	1.58
117.31821839567844	1.58
116.58345842864001	1.58
129.0044677565649	1.58
125.9646566061927	1.58
117.31821839567844	1.58
116.58345842864001	1.58
126.90504897580593	1.58
129.61337924957218	1.58
118.70770860094814	1.58
118.31774883536092	1.58
128.96303844914866	1.58
129.61337924957218	1.58
118.72193261756497	1.58
110.58159520199229	1.58
128.17858571322986	1.58
128.9989919916952	1.58
111.30319276855965	1.58
110.58159520199229	1.58
123.44625679801773	1.58
130.24490143029544	1.58
111.30319276855965	1.58
114.37016004854537	1.58
123.63123318794938	1.58
140.02804118677884	1.58
111.30319276855965	1.58
111.13437232409233	1.58
123.63123318794938	1.58
140.02804118677884	1.58
111.30319276855965	1.58
111.13437232409233	1.58
121.95736622618995	1.58
156.47895110778742	1.58
111.30319276855965	1.58
112.27511653997229	1.58
128.29227944658726	1.58
152.34718051837638	1.58
113.22338034044817	1.58
114.21443838392369	1.58
133.73933256514468	1.58
139.37796807172916	1.58
113.22338034044817	1.58
114.21443838392369	1.58
153.3831004767154	1.58
133.8687464506405	1.58
120.87646504955461	1.58
114.21443838392369	1.58
150.1640021691733	1.58
137.4611685264608	1.58
129.28880600480295	1.58
114.21443838392369	1.58
157.81312048378626	1.58
140.61917579024717	1.58
134.66812008559396	1.58
111.3375332633185	1.58
157.10857270785814	1.58
140.61917579024717	1.58
122.4721369701234	1.58
111.3375332633185	1.58
157.10857270785814	1.58
135.89281847840888	1.58
124.89364055640948	1.58
117.08563747011763	1.58
146.30622600787993	1.58
135.5628515753523	1.58
123.82530487282459	1.58
107.21427110065584	1.58
146.30622600787993	1.58
141.59091700741527	1.58
125.94925159969289	1.58
107.21427110065584	1.58
146.30622600787993	1.58
141.59091700741527	1.58
115.45809306810612	1.58
107.21427110065584	1.58
149.4127314765701	1.58
154.34597308072807	1.58
126.38950551913085	1.58
117.00608972484551	1.58
149.4127314765701	1.58
146.31529306790657	1.58
120.4130516399614	1.58
117.00608972484551	1.58
149.4127314765701	1.58
146.31529306790657	1.58
120.4130516399614	1.58
129.67458476184848	1.58
149.4127314765701	1.58
146.5054539136523	1.58
120.4130516399614	1.58
115.00003111628453	1.58
149.4127314765701	1.58
146.5054539136523	1.58
120.4130516399614	1.58
115.00003111628453	1.58
144.86924296429493	1.58
140.11800635185313	1.58
105.72849385021286	1.58
115.00003111628453	1.58
151.6413682657462	1.58
146.02098518082843	1.58
105.72849385021286	1.58
115.00003111628453	1.58
151.6413682657462	1.58
152.27912378844545	1.58
94.36806488992835	1.58
126.34187594151504	1.58
151.6413682657462	1.58
136.37179437431067	1.58
80.6187761745903	1.58
110.12856803387913	1.58
151.6413682657462	1.58
136.37179437431067	1.58
76.31344855820362	1.58
118.27529432819746	1.58
151.6413682657462	1.58
146.03681250865216	1.58
96.8655386162578	1.58
116.39419081460872	1.58
151.6413682657462	1.58
146.6690944407837	1.58
71.07325697070797	1.58
114.88191621875444	1.58
152.7044616862663	1.58
151.82789421346143	1.58
71.07325697070797	1.58
121.97490873486844	1.58
121.40164836493983	1.58
151.82789421346143	1.58
80.54203695739892	1.58
122.0618385372692	1.58
121.58743648308767	1.58
126.01985059544556	1.58
84.29106616308142	1.58
118.66712339572857	1.58
121.9061960519702	1.58
126.01985059544556	1.58
95.6211161231366	1.58
118.66712339572857	1.58
125.1169103772655	1.58
132.78330491677787	1.58
69.15713547779114	1.58
113.2736971726714	1.58
152.89253028982586	1.58
125.0009902506938	1.58
69.15713547779114	1.58
113.2736971726714	1.58
145.0157622172427	1.58
125.0009902506938	1.58
69.15713547779114	1.58
113.2736971726714	1.58
150.56205216410376	1.58
126.41982489078484	1.58
69.15713547779114	1.58
120.36716642216402	1.58
125.86400959930795	1.58
142.64427263694728	1.58
69.15713547779114	1.58
125.28038635365024	1.58
125.86400959930795	1.58
121.08710593953684	1.58
90.50954446877259	1.58
125.28038635365024	1.58
125.73929121724952	1.58
137.86086636111773	1.58
90.50954446877259	1.58
116.47975540863118	1.58
117.82510733909396	1.58
128.42763141670946	1.58
90.50954446877259	1.58
120.64200515471016	1.58
141.8456730099774	1.58
128.42763141670946	1.58
84.97904328266401	1.58
120.64200515471016	1.58
138.91204230350297	1.58
129.79836579405935	1.58
101.09411654876669	1.58
120.64200515471016	1.58
140.97152252924064	1.58
137.1339159382169	1.58
94.53085855266781	1.58
127.10956835124753	1.58
145.97836217378838	1.58
140.06345626209492	1.58
117.91920384747127	1.58
135.94299507262886	1.58
152.59373630128448	1.58
139.35420669591036	1.58
114.49585562294087	1.58
124.09356778460572	1.58
152.59373630128448	1.58
139.35420669591036	1.58
131.7961290790364	1.58
116.28774057849316	1.58
152.59373630128448	1.58
141.57260097142245	1.58
114.95927764218358	1.58
117.89002090822618	1.58
134.6731096725409	1.58
141.57260097142245	1.58
114.95927764218358	1.58
118.5392112401438	1.58
140.87895988344926	1.58
135.85046381025958	1.58
114.95927764218358	1.58
118.5392112401438	1.58
139.15308797297388	1.58
135.85046381025958	1.58
114.95927764218358	1.58
121.40811358028482	1.58
147.05342859086008	1.58
133.374479754604	1.58
114.95927764218358	1.58
121.40811358028482	1.58
133.70359935735942	1.58
130.68755956718604	1.58
117.05714874232646	1.58
115.82866462892628	1.58
130.419236391889	1.58
132.16969449625395	1.58
117.05714874232646	1.58
122.26165676395524	1.58
130.419236391889	1.58
139.21840454065753	1.58
121.76691238998912	1.58
124.66944029643045	1.58
133.61707014387636	1.58
134.34407709409066	1.58
120.87104052513315	1.58
118.91928161010021	1.58
141.54194946581504	1.58
140.7246608718603	1.58
128.67197883160387	1.58
118.91928161010021	1.58
143.57570869920724	1.58
140.7246608718603	1.58
128.67197883160387	1.58
118.91928161010021	1.58
145.4003121934957	1.58
140.26512406901486	1.58
118.78208800658099	1.58
115.89544290360843	1.58
148.1281256855619	1.58
145.07973579178807	1.58
118.78208800658099	1.58
115.89544290360843	1.58
148.1281256855619	1.58
138.45610284716727	1.58
132.40750301171525	1.58
116.124700224565	1.58
139.36236369451703	1.58
142.7306566964631	1.58
124.17079408381171	1.58
116.124700224565	1.58
139.36236369451703	1.58
151.38301669696932	1.58
119.93780186413403	1.58
116.124700224565	1.58
144.3375654217969	1.58
140.04325314663444	1.58
111.28856645195992	1.58
116.124700224565	1.58
144.3375654217969	1.58
143.8326313636082	1.58
111.28856645195992	1.58
116.124700224565	1.58
142.91104334230886	1.58
143.8326313636082	1.58
117.85561549121027	1.58
116.124700224565	1.58
142.91104334230886	1.58
138.43290255143378	1.58
125.85682608905115	1.58
116.124700224565	1.58
141.02324756282803	1.58
152.44840416273803	1.58
125.85682608905115	1.58
118.82627127154183	1.58
136.0053327337549	1.58
152.44840416273803	1.58
111.99804763748557	1.58
118.82627127154183	1.58
135.5192986410124	1.58
152.44840416273803	1.58
115.93178156158669	1.58
122.95897614062527	1.58
147.17009221727125	1.58
139.88023576256055	1.58
115.93178156158669	1.58
114.32848319437835	1.58
147.17009221727125	1.58
148.9044667540304	1.58
115.93178156158669	1.58
114.32848319437835	1.58
138.90257486646118	1.58
154.62284325982006	1.58
115.93178156158669	1.58
114.32848319437835	1.58
138.90257486646118	1.58
154.62284325982006	1.58
115.93178156158669	1.58
114.32848319437835	1.58
138.90257486646118	1.58
154.62284325982006	1.58
115.93178156158669	1.58
123.88362944947588	1.58
133.16391365800274	1.58
157.9560773073419	1.58
115.93178156158669	1.58
127.70153101798734	1.58
131.24383034462997	1.58
153.22091983137324	1.58
118.08288518705689	1.58
122.03006251814068	1.58
135.58858996784826	1.58
154.99159512739743	1.58
118.08288518705689	1.58
122.03006251814068	1.58
146.32716937300538	1.58
154.99159512739743	1.58
118.08288518705689	1.58
115.78481980760742	1.58
138.1275242695311	1.58
154.99159512739743	1.58
118.08288518705689	1.58
115.78481980760742	1.58
156.29167405035807	1.58
154.99159512739743	1.58
128.95534226505163	1.58
113.66045668188605	1.58
156.29167405035807	1.58
154.99159512739743	1.58
128.95534226505163	1.58
113.66045668188605	1.58
156.29167405035807	1.58
154.99159512739743	1.58
120.2863091790276	1.58
113.66045668188605	1.58
149.59772017684764	1.58
154.99159512739743	1.58
120.2863091790276	1.58
113.66045668188605	1.58
149.59772017684764	1.58
154.99159512739743	1.58
128.0375568576484	1.58
113.66045668188605	1.58
149.59772017684764	1.58
154.99159512739743	1.58
125.80225375051629	1.58
113.66045668188605	1.58
149.59772017684764	1.58
154.99159512739743	1.58
118.73193747353355	1.58
113.66045668188605	1.58
156.40669983252252	1.58
138.15842913057338	1.58
118.73193747353355	1.58
122.63854240113055	1.58
156.40669983252252	1.58
137.6425242238194	1.58
117.6222483877572	1.58
120.33049232319178	1.58
154.10545033367936	1.58
137.6425242238194	1.58
117.6222483877572	1.58
134.8018552918748	1.58
154.10545033367936	1.58
155.7757636129755	1.58
114.02739335118753	1.58
144.4431097460281	1.58
154.10545033367936	1.58
156.65579876500507	1.58
114.02739335118753	1.58
141.63730940341148	1.58
156.29333554594442	1.58
151.973040340212	1.58
114.02739335118753	1.58
131.68580449956085	1.58
156.29333554594442	1.58
151.973040340212	1.58
114.02739335118753	1.58
142.41812776945952	1.58
156.29333554594442	1.58
151.973040340212	1.58
124.12230065551785	1.58
142.41812776945952	1.58
146.30466152412663	1.58
156.35318445796705	1.58
124.12230065551785	1.58
139.80877648293958	1.58
144.3412011844461	1.58
145.98681042618568	1.58
124.12230065551785	1.58
139.80877648293958	1.58
141.1346710527726	1.58
147.0664778938886	1.58
115.35832065925327	1.58
140.47534664029888	1.58
147.81660197695678	1.58
147.0664778938886	1.58
122.69113490155804	1.58
141.72056255409336	1.58
151.51245885467966	1.58
147.0664778938886	1.58
120.75492907984477	1.58
139.72284292216432	1.58
151.51245885467966	1.58
143.57048648095585	1.58
120.75492907984477	1.58
138.92656186046443	1.58
151.51245885467966	1.58
143.57048648095585	1.58
120.75492907984477	1.58
144.32499651012333	1.58
151.51245885467966	1.58
143.57048648095585	1.58
120.75492907984477	1.58
144.27189612537262	1.58
148.63323134826194	1.58
143.78409984981184	1.58
120.75492907984477	1.58
144.27669735465804	1.58
148.63323134826194	1.58
151.8765933271569	1.58
119.4667522445063	1.58
144.27669735465804	1.58
148.63323134826194	1.58
151.16018012206106	1.58
119.4667522445063	1.58
147.46482903266397	1.58
148.2517691526478	1.58
154.71627358296513	1.58
119.92392481518903	1.58
147.46622886212558	1.58
148.33688974656897	1.58
154.71627358296513	1.58
119.92392481518903	1.58
147.34239951715796	1.58
148.33688974656897	1.58
151.03094248043448	1.58
109.99474962039784	1.58
147.34239951715796	1.58
148.23093310730727	1.58
150.20415595710466	1.58
109.99474962039784	1.58
147.34239951715796	1.58
148.266499108109	1.58
150.20415595710466	1.58
117.55559714536456	1.58
146.61517466951287	1.58
148.39803682967744	1.58
150.20415595710466	1.58
117.55559714536456	1.58
144.83364379096432	1.58
148.39803682967744	1.58
147.65406105007384	1.58
127.90368869789287	1.58
141.39370932528598	1.58
146.53389166287653	1.58
157.92854760255898	1.58
127.90368869789287	1.58
141.39370932528598	1.58
142.55636851826893	1.58
157.92854760255898	1.58
130.33328028056025	1.58
141.39370932528598	1.58
137.3030114703074	1.58
152.21996155718065	1.58
129.28454329377317	1.58
143.8030497172922	1.58
134.01926174336387	1.58
152.21996155718065	1.58
127.28243096275826	1.58
143.8030497172922	1.58
134.01926174336387	1.58
152.21996155718065	1.58
122.33586534417961	1.58
143.8030497172922	1.58
128.75082848411915	1.58
152.21996155718065	1.58
119.98997949116139	1.58
157.28124971367882	1.58
116.5325163475878	1.58
148.79008068708154	1.58
120.55987387635362	1.58
157.28124971367882	1.58
117.39736632042248	1.58
138.4063259333555	1.58
120.55987387635362	1.58
148.84181090056833	1.58
128.0133734871334	1.58
140.30361272454593	1.58
123.90593664911665	1.58
142.67016970551236	1.58
130.56459355193405	1.58
154.30262005912743	1.58
124.95525031706332	1.58
135.58056993394348	1.58
130.2095385354948	1.58
154.30262005912743	1.58
120.41490456035129	1.58
140.33872181373104	1.58
122.933106261496	1.58
154.30262005912743	1.58
119.39608803433433	1.58
139.88827095115087	1.58
112.92957800443669	1.58
154.30262005912743	1.58
121.16984155228475	1.58
128.60724356557313	1.58
112.92957800443669	1.58
154.30262005912743	1.58
121.16984155228475	1.58
113.30942144940525	1.58
112.92957800443669	1.58
154.30262005912743	1.58
122.62325675777673	1.58
113.29367178754941	1.58
113.02124769490834	1.58
154.35000329976498	1.58
128.39715263706955	1.58
121.75341842920538	1.58
118.53267123928434	1.58
154.35000329976498	1.58
133.89168538636068	1.58
121.75341842920538	1.58
118.53267123928434	1.58
150.64558963302318	1.58
133.89168538636068	1.58
121.38238252441643	1.58
118.76680909463056	1.58
150.64558963302318	1.58
125.89117246038167	1.58
125.26223282852676	1.58
115.37165164768273	1.58
150.64558963302318	1.58
111.56598930255089	1.58
127.522272747973	1.58
118.12664972627579	1.58
133.04489977547004	1.58
110.91620476796089	1.58
126.48508290711489	1.58
116.25550031327464	1.58
137.6985807303343	1.58
110.90751317498123	1.58
128.61313894999145	1.58
116.25550031327464	1.58
145.8101345345872	1.58
110.90751317498123	1.58
131.509142624972	1.58
119.65214111177579	1.58
150.90481288815266	1.58
109.76287234455276	1.58
135.40801074704356	1.58
120.54723941036144	1.58
150.90481288815266	1.58
109.76287234455276	1.58
132.13038596617287	1.58
116.11183822582403	1.58
146.0496368361406	1.58
112.12525382745837	1.58
128.1605221306015	1.58
116.83808524339278	1.58
152.2498080289484	1.58
112.12525382745837	1.58
138.44319554958963	1.58
112.26541598335223	1.58
152.2498080289484	1.58
112.12525382745837	1.58
138.44319554958963	1.58
112.37289990845994	1.58
152.2498080289484	1.58
112.12525382745837	1.58
132.56880131386714	1.58
115.65656655208798	1.58
133.30707638752986	1.58
107.62686199476056	1.58
132.49477931564377	1.58
106.58819609395675	1.58
126.87435893508734	1.58
107.15826717719695	1.58
132.79105960619177	1.58
110.05254808074292	1.58
128.21488381304263	1.58
107.38951664543347	1.58
143.61922406681308	1.58
110.05254808074292	1.58
142.60722013566746	1.58
107.39871705121888	1.58
143.55527412266136	1.58
110.05254808074292	1.58
142.87990323011803	1.58
106.49480214740052	1.58
143.40175962251294	1.58
110.05254808074292	1.58
148.35922252807302	1.58
127.21304968350083	1.58
143.40175962251294	1.58
111.69980342471338	1.58
152.1445941484854	1.58
126.73493645097409	1.58
143.40175962251294	1.58
111.69980342471338	1.58
154.2219117669748	1.58
125.25379965877849	1.58
146.5168506762778	1.58
118.08149611516117	1.58
154.2219117669748	1.58
124.49961744475627	1.58
147.30217324244492	1.58
124.50067261764156	1.58
154.2219117669748	1.58
106.27031076158677	1.58
147.30217324244492	1.58
125.04418653054927	1.58
154.2219117669748	1.58
129.93362251706856	1.58
147.30217324244492	1.58
127.77911674211589	1.58
156.90723003662495	1.58
115.83513403141552	1.58
139.08995161994525	1.58
134.9052652149523	1.58
156.90723003662495	1.58
106.0728522942514	1.58
139.265579617253	1.58
134.9052652149523	1.58
156.90723003662495	1.58
114.77452224585763	1.58
142.12627047746057	1.58
131.66050123079373	1.58
156.46537511749693	1.58
128.1968226187822	1.58
142.12627047746057	1.58
127.52176234718573	1.58
156.46537511749693	1.58
123.2845942756659	1.58
139.20973103957007	1.58
127.67303985879768	1.58
156.85375194521953	1.58
123.41417784239182	1.58
138.18925512747185	1.58
125.59407801444934	1.58
156.85375194521953	1.58
122.51658715148196	1.58
137.73585068030894	1.58
125.2128649279591	1.58
156.85375194521953	1.58
120.36593159856064	1.58
135.90454275380628	1.58
119.26588452518772	1.58
156.85375194521953	1.58
120.70313847328057	1.58
134.35750214631733	1.58
119.65239974793191	1.58
156.85375194521953	1.58
120.76677669451178	1.58
143.7410033556756	1.58
122.07640381364808	1.58
156.85375194521953	1.58
120.76677669451178	1.58
150.0572378678617	1.58
121.46570663337945	1.58
156.85375194521953	1.58
120.76677669451178	1.58
144.19736360514221	1.58
121.43558425261004	1.58
156.85375194521953	1.58
120.76677669451178	1.58
141.92276855666148	1.58
121.95971503664326	1.58
156.85375194521953	1.58
120.76677669451178	1.58
141.92276855666148	1.58
126.58567761082656	1.58
156.85375194521953	1.58
121.79710467901687	1.58
137.25851261751163	1.58
120.51490732456986	1.58
153.9707697956819	1.58
132.38544874615857	1.58
129.3107446384317	1.58
123.6276087932371	1.58
153.9707697956819	1.58
131.54028027243555	1.58
129.71262475773813	1.58
126.13956016104015	1.58
153.9707697956819	1.58
133.378000673787	1.58
129.71262475773813	1.58
126.13956016104015	1.58
147.29330887394454	1.58
131.69956257200312	1.58
123.61813058453863	1.58
125.69023962355527	1.58
147.29330887394454	1.58
136.24721191897186	1.58
123.61813058453863	1.58
118.46421786278056	1.58
150.91505474674167	1.58
122.11584569397468	1.58
124.79192275608379	1.58
115.58734113725255	1.58
157.61127066246843	1.58
122.11584569397468	1.58
124.79192275608379	1.58
114.60976492757713	1.58
146.4948028568542	1.58
119.55130546884801	1.58
120.26470341378072	1.58
110.3276278213751	1.58
136.17839953774373	1.58
121.79547315404952	1.58
123.11699428256374	1.58
110.52050821655587	1.58
130.52106351599488	1.58
122.87847783165941	1.58
131.5714256345479	1.58
110.12395050772258	1.58
130.56856285628615	1.58
119.65956014595295	1.58
140.8589934986624	1.58
115.25207006159589	1.58
131.66392436381588	1.58
115.46913535085788	1.58
148.2552807928586	1.58
128.49550420105177	1.58
135.86680865093626	1.58
116.09689034376002	1.58
158.15480012154697	1.58
110.36218793525885	1.58
146.78791137417463	1.58
116.55754904061966	1.58
158.15480012154697	1.58
110.36218793525885	1.58
140.57513231745085	1.58
116.55754904061966	1.58
158.15480012154697	1.58
112.17410652460126	1.58
152.68539672249835	1.58
116.55754904061966	1.58
157.448808193652	1.58
112.17410652460126	1.58
152.68539672249835	1.58
117.00573225089467	1.58
154.84208523379544	1.58
111.06989911748613	1.58
152.05051643873117	1.58
114.97745451492654	1.58
154.84208523379544	1.58
111.08731349140791	1.58
152.3388807140288	1.58
132.03510630602455	1.58
153.91559878201053	1.58
111.08731349140791	1.58
152.3388807140288	1.58
132.03510630602455	1.58
153.91559878201053	1.58
111.08731349140791	1.58
152.3388807140288	1.58
152.82432188982858	1.58
153.2478617831146	1.58
117.63907896816265	1.58
152.30007173874648	1.58
152.82432188982858	1.58
153.76154401238364	1.58
117.63907896816265	1.58
152.44704135901415	1.58
149.37342752416805	1.58
153.10630575223706	1.58
130.3950010870944	1.58
152.49170954144452	1.58
146.45526359166212	1.58
153.10630575223706	1.58
134.81468430564277	1.58
151.99690929201745	1.58
142.85473727582428	1.58
153.7482389172136	1.58
139.6597329256822	1.58
151.30460302508476	1.58
146.6967947937729	1.58
153.7482389172136	1.58
143.81765973514365	1.58
152.7693161309216	1.58
144.76124654149598	1.58
153.7482389172136	1.58
136.24334122826957	1.58
152.49196024307435	1.58
148.946610281506	1.58
157.15455112729597	1.58
132.84427903042075	1.58
155.24966060422756	1.58
148.946610281506	1.58
156.93119130982257	1.58
122.6900047203286	1.58
155.91457094372984	1.58
151.66877107975253	1.58
156.87319183106217	1.58
122.6900047203286	1.58
154.44429389446202	1.58
151.66877107975253	1.58
151.22063196072017	1.58
107.49826001713217	1.58
154.87241256828935	1.58
151.66877107975253	1.58
152.78560274225643	1.58
114.41612691929964	1.58
156.22720620626615	1.58
149.05030886755065	1.58
152.78560274225643	1.58
114.41612691929964	1.58
155.0528760267817	1.58
143.46552978036428	1.58
153.28933283555065	1.58
114.41612691929964	1.58
155.0528760267817	1.58
142.38379437171994	1.58
153.31246887151553	1.58
114.41612691929964	1.58
154.46387149279397	1.58
132.07497607756522	1.58
140.06364118568138	1.58
114.41612691929964	1.58
154.46387149279397	1.58
149.141381590614	1.58
141.8176386653688	1.58
121.16616397487772	1.58
154.46387149279397	1.58
150.72151014556206	1.58
141.8176386653688	1.58
110.26481292714169	1.58
154.46387149279397	1.58
147.41346012896452	1.58
141.8176386653688	1.58
110.26481292714169	1.58
157.44483303143156	1.58
147.41346012896452	1.58
127.83501634188346	1.58
110.26481292714169	1.58
157.44483303143156	1.58
147.41346012896452	1.58
127.83501634188346	1.58
110.26481292714169	1.58
153.03118324860947	1.58
143.80726429679945	1.58
133.27969061113356	1.58
110.26481292714169	1.58
155.07350180364512	1.58
155.8593497995642	1.58
155.96903126006964	1.58
110.26481292714169	1.58
154.94024469092165	1.58
155.8593497995642	1.58
155.96903126006964	1.58
110.26481292714169	1.58
154.01027472838803	1.58
155.20927526151925	1.58
145.06478864311896	1.58
121.6805161641966	1.58
153.80840590378025	1.58
155.20927526151925	1.58
136.79454239044225	1.58
121.6805161641966	1.58
152.83468495578697	1.58
155.98192251929117	1.58
143.54568258439366	1.58
121.6805161641966	1.58
152.83468495578697	1.58
156.8697741346611	1.58
142.3880662643043	1.58
121.6805161641966	1.58
149.55474787733618	1.58
153.87545163220483	1.58
136.2614554943517	1.58
120.38206468107373	1.58
149.55474787733618	1.58
153.87545163220483	1.58
135.78973227042084	1.58
125.81800010305706	1.58
148.67387041278585	1.58
154.09989755416558	1.58
134.81823629726452	1.58
122.32957960380256	1.58
150.49407717419547	1.58
154.93992799486006	1.58
131.86256544230963	1.58
120.67873222253695	1.58
157.8358552157598	1.58
152.473859996804	1.58
132.82848507314736	1.58
118.96327835935162	1.58
157.8358552157598	1.58
152.43923491055594	1.58
131.99938170694145	1.58
124.74751716876868	1.58
157.8358552157598	1.58
152.43923491055594	1.58
133.69880514811547	1.58
125.9100740648387	1.58
157.8358552157598	1.58
152.43923491055594	1.58
134.132431761672	1.58
129.82769715358825	1.58
157.8358552157598	1.58
154.51878633959257	1.58
111.52617162864759	1.58
134.5599511274495	1.58
156.52847376313264	1.58
153.47284097900462	1.58
111.52617162864759	1.58
133.41230367084617	1.58
156.87199556574086	1.58
153.47284097900462	1.58
111.52617162864759	1.58
149.570660023972	1.58
156.87199556574086	1.58
153.47284097900462	1.58
111.52617162864759	1.58
148.27933205158385	1.58
155.39558044903012	1.58
156.57501326529123	1.58
123.97312737557152	1.58
141.7789564412158	1.58
153.66674148698675	1.58
156.57501326529123	1.58
123.97312737557152	1.58
136.0069918028974	1.58
151.99785253790648	1.58
149.1113752059286	1.58
132.29148531801997	1.58
136.0069918028974	1.58
151.99785253790648	1.58
150.48390417924264	1.58
124.1719176880682	1.58
142.95979791057667	1.58
151.99785253790648	1.58
147.32638757112608	1.58
132.4170111873514	1.58
142.48982183409657	1.58
151.99785253790648	1.58
143.1528088328546	1.58
139.96136119239895	1.58
142.83694107856408	1.58
152.1140887367556	1.58
143.22749117289726	1.58
138.78345276540534	1.58
142.97708918011517	1.58
152.1140887367556	1.58
136.33698423579125	1.58
136.77801552528217	1.58
148.31403146197002	1.58
154.4860425463809	1.58
145.29218495987536	1.58
124.62518555015426	1.58
149.63051648914671	1.58
154.4860425463809	1.58
140.2947575744044	1.58
132.18404155445208	1.58
150.17340432656735	1.58
154.4860425463809	1.58
135.35329684806885	1.58
132.18404155445208	1.58
156.3061152114614	1.58
154.4860425463809	1.58
127.60819111435949	1.58
142.3805528579041	1.58
156.3061152114614	1.58
151.65813686397476	1.58
112.57723237489083	1.58
142.3805528579041	1.58
156.3061152114614	1.58
151.65813686397476	1.58
112.57723237489083	1.58
138.06486590135887	1.58
156.3061152114614	1.58
142.6645225528885	1.58
115.00216569749256	1.58
131.3131682351904	1.58
155.97784065678005	1.58
141.1788719007301	1.58
121.93143411688932	1.58
126.59777001327419	1.58
155.97784065678005	1.58
156.1326922774142	1.58
137.96982238000535	1.58
113.34875346317756	1.58
155.97784065678005	1.58
156.1326922774142	1.58
138.51082274924016	1.58
125.60916166584482	1.58
155.97784065678005	1.58
156.1326922774142	1.58
125.14648774402542	1.58
125.60916166584482	1.58
147.3522895685333	1.58
156.1326922774142	1.58
125.26817291135222	1.58
109.92742767518061	1.58
141.54372398819783	1.58
147.80451768081656	1.58
125.58053930309028	1.58
120.20310842193908	1.58
141.54372398819783	1.58
147.80451768081656	1.58
121.23021643084829	1.58
119.36428811855816	1.58
143.18201003428092	1.58
147.80451768081656	1.58
121.23021643084829	1.58
119.36428811855816	1.58
143.18201003428092	1.58
153.89271354241322	1.58
125.24723198504444	1.58
119.36428811855816	1.58
131.87942940978058	1.58
147.92245953602617	1.58
121.17501366707573	1.58
119.36428811855816	1.58
135.11076894679783	1.58
154.03677580781599	1.58
121.17501366707573	1.58
119.22289982555583	1.58
135.11076894679783	1.58
137.94768542120437	1.58
121.17501366707573	1.58
119.22289982555583	1.58
133.63970240562261	1.58
155.33687236688004	1.58
119.10828865055146	1.58
119.22289982555583	1.58
138.1301344528925	1.58
157.76605332556625	1.58
119.10828865055146	1.58
119.22289982555583	1.58
138.1301344528925	1.58
149.7301476048942	1.58
119.10828865055146	1.58
119.22289982555583	1.58
139.85561563922258	1.58
149.7301476048942	1.58
119.10828865055146	1.58
133.18581951092682	1.58
137.42775153735062	1.58
153.68448686711528	1.58
122.35635737717426	1.58
122.17607104815696	1.58
140.5965923772215	1.58
139.20385703726436	1.58
117.76451424899707	1.58
122.17607104815696	1.58
148.22744560708884	1.58
157.8207631642326	1.58
116.8894757619594	1.58
129.68912003571262	1.58
148.22744560708884	1.58
157.8207631642326	1.58
116.8894757619594	1.58
129.68912003571262	1.58
148.22744560708884	1.58
157.8207631642326	1.58
116.8894757619594	1.58
121.62854440011554	1.58
136.1174567081047	1.58
157.8207631642326	1.58
116.8894757619594	1.58
121.62854440011554	1.58
132.76945094055247	1.58
157.8207631642326	1.58
123.9160739378379	1.58
119.66112869388024	1.58
131.82943346217476	1.58
157.8207631642326	1.58
121.25828850169569	1.58
115.10574351454363	1.58
139.62256509330825	1.58
157.8207631642326	1.58
114.17254867504991	1.58
115.10574351454363	1.58
138.05977180245878	1.58
157.8207631642326	1.58
114.17254867504991	1.58
115.10574351454363	1.58
154.70645614407226	1.58
157.8207631642326	1.58
119.19645610447299	1.58
128.11099273297017	1.58
154.70645614407226	1.58
154.96369794366106	1.58
126.93134028932306	1.58
128.11099273297017	1.58
154.70645614407226	1.58
154.96369794366106	1.58
125.6354661549005	1.58
128.11099273297017	1.58
154.70645614407226	1.58
154.96369794366106	1.58
128.48244114709246	1.58
115.41739848001728	1.58
154.70645614407226	1.58
143.67258547767878	1.58
119.15781763631234	1.58
115.41739848001728	1.58
154.70645614407226	1.58
143.67258547767878	1.58
118.0067653943352	1.58
115.41739848001728	1.58
154.70645614407226	1.58
134.34120932371172	1.58
122.72514271984184	1.58
115.41739848001728	1.58
154.70645614407226	1.58
133.74885384719735	1.58
122.72514271984184	1.58
112.37481767467175	1.58
154.70645614407226	1.58
147.42366274632155	1.58
109.23477678181212	1.58
112.37481767467175	1.58
154.70645614407226	1.58
147.42366274632155	1.58
109.23477678181212	1.58
129.86359146861386	1.58
154.9083658674364	1.58
141.24049198522516	1.58
109.23477678181212	1.58
121.0254096390783	1.58
154.07584583169185	1.58
141.24049198522516	1.58
109.23477678181212	1.58
121.0254096390783	1.58
138.35532833944316	1.58
145.0085536894027	1.58
109.23477678181212	1.58
122.0028986771649	1.58
144.27803460774362	1.58
145.0085536894027	1.58
109.23477678181212	1.58
112.96901965926759	1.58
139.77578625267503	1.58
153.94651955328874	1.58
109.23477678181212	1.58
124.81965272169683	1.58
145.19432793845874	1.58
158.25337503047186	1.58
109.23477678181212	1.58
122.55119578159513	1.58
155.69328461116038	1.58
158.25337503047186	1.58
109.23477678181212	1.58
122.22035804941595	1.58
155.69328461116038	1.58
152.09440571096684	1.58
114.1732820616729	1.58
121.32691550298817	1.58
135.9730543389661	1.58
152.09440571096684	1.58
114.1732820616729	1.58
119.39006832569981	1.58
150.86949661942947	1.58
152.09440571096684	1.58
126.49292170026254	1.58
119.39006832569981	1.58
150.86949661942947	1.58
145.68115312171128	1.58
133.8174457713115	1.58
129.54797019743634	1.58
157.61849142177357	1.58
151.2815652217424	1.58
133.8174457713115	1.58
125.74856607360849	1.58
157.61849142177357	1.58
151.2815652217424	1.58
127.58798391988364	1.58
109.66274912181902	1.58
151.68464070370885	1.58
151.2815652217424	1.58
120.117666192627	1.58
109.66274912181902	1.58
138.8202791262052	1.58
151.2815652217424	1.58
135.3028934251824	1.58
113.57524841928975	1.58
129.979586757219	1.58
155.27248059775238	1.58
137.3386346670706	1.58
113.57524841928975	1.58
130.1206969284846	1.58
155.27248059775238	1.58
143.87870044011925	1.58
128.6795116413259	1.58
116.81693021695897	1.58
155.27248059775238	1.58
142.85345276277556	1.58
131.88541216478384	1.58
123.7864724498495	1.58
155.27248059775238	1.58
152.51529334533637	1.58
132.8956280928152	1.58
131.1896729937949	1.58
156.3955767559196	1.58
152.51529334533637	1.58
128.49588562350579	1.58
130.93785223395588	1.58
156.3955767559196	1.58
152.51529334533637	1.58
129.6762042060888	1.58
123.13214442769852	1.58
157.06581305112783	1.58
155.3728588973258	1.58
139.99436404212443	1.58
114.32289156745387	1.58
157.06581305112783	1.58
154.73814995815383	1.58
145.71279900843055	1.58
114.32289156745387	1.58
157.06581305112783	1.58
155.03865451382273	1.58
139.51907315273198	1.58
118.06149802171561	1.58
156.66183611235124	1.58
155.03865451382273	1.58
138.14712426631985	1.58
118.06149802171561	1.58
156.0282378745786	1.58
155.03865451382273	1.58
123.31296946492735	1.58
118.06149802171561	1.58
156.0282378745786	1.58
155.03865451382273	1.58
123.31296946492735	1.58
113.0463539851757	1.58
156.1872594642171	1.58
155.03865451382273	1.58
130.87637617874535	1.58
112.35919168522955	1.58
156.1872594642171	1.58
154.95509423970674	1.58
139.51938149041126	1.58
112.35919168522955	1.58
153.0535448204889	1.58
154.95509423970674	1.58
150.14350808966182	1.58
112.35919168522955	1.58
151.7887232506439	1.58
154.95509423970674	1.58
154.1567066937805	1.58
112.35919168522955	1.58
153.01535342008233	1.58
154.95509423970674	1.58
154.13100001457443	1.58
112.35919168522955	1.58
151.47357595504283	1.58
151.1222741111634	1.58
154.73462328512989	1.58
113.68918201846455	1.58
151.54144937432363	1.58
150.9020689994471	1.58
154.73462328512989	1.58
113.68918201846455	1.58
148.5639729431326	1.58
151.02532176594516	1.58
157.8452231911437	1.58
113.68918201846455	1.58
147.44235214179324	1.58
151.02532176594516	1.58
157.8452231911437	1.58
113.68918201846455	1.58
146.34555862798211	1.58
154.02524227517839	1.58
157.8452231911437	1.58
113.68918201846455	1.58
145.11933010058337	1.58
155.40032750570833	1.58
157.8452231911437	1.58
113.68918201846455	1.58
133.2634000368284	1.58
154.36134175904203	1.58
157.13158910536905	1.58
113.68918201846455	1.58
136.0201704255724	1.58
148.81813790831447	1.58
157.13158910536905	1.58
113.68918201846455	1.58
125.53171617109746	1.58
148.81813790831447	1.58
157.13158910536905	1.58
113.68918201846455	1.58
125.53171617109746	1.58
148.81813790831447	1.58
157.13158910536905	1.58
113.9720910918233	1.58
124.12650040364754	1.58
139.57044485064446	1.58
157.13158910536905	1.58
113.9720910918233	1.58
117.93358041532967	1.58
142.07575082410057	1.58
157.13158910536905	1.58
113.9720910918233	1.58
113.09616685733637	1.58
132.60914185378525	1.58
157.13158910536905	1.58
116.76611871029681	1.58
113.09616685733637	1.58
130.26733095310468	1.58
142.8486400759259	1.58
116.76611871029681	1.58
115.49406574402329	1.58
131.64869533577559	1.58
142.8486400759259	1.58
120.65114706823482	1.58
124.23254581290401	1.58
142.10422550927058	1.58
149.87265969917502	1.58
114.16981630453691	1.58
124.23254581290401	1.58
153.4771232553292	1.58
149.87265969917502	1.58
118.02195832237003	1.58
128.7046259228369	1.58
153.4771232553292	1.58
149.87265969917502	1.58
118.02195832237003	1.58
128.7046259228369	1.58
138.38457466842402	1.58
151.34195592878044	1.58
125.8357368992613	1.58
121.6737036187291	1.58
134.6311952504148	1.58
151.34195592878044	1.58
134.85345001850015	1.58
121.6737036187291	1.58
134.67860878959775	1.58
141.05522724747783	1.58
130.88995556972563	1.58
125.20410093324361	1.58
134.1156227127853	1.58
149.68188542982978	1.58
128.47720650925388	1.58
125.20410093324361	1.58
133.7500912265207	1.58
139.75598954515735	1.58
127.41979753870157	1.58
119.09068959766672	1.58
135.89450696117584	1.58
148.5946656323684	1.58
130.24868420301456	1.58
119.09068959766672	1.58
129.61177889917505	1.58
149.03975099313362	1.58
130.20341778320727	1.58
116.166017365902	1.58
130.14481550192053	1.58
142.7893564737718	1.58
130.20341778320727	1.58
116.166017365902	1.58
130.10612197087957	1.58
142.7893564737718	1.58
130.2260123683761	1.58
112.92300146974819	1.58
130.10254111977375	1.58
146.81823625294763	1.58
113.85708859638221	1.58
108.84591632448141	1.58
133.1542009796717	1.58
146.81823625294763	1.58
121.789827587398	1.58
108.84591632448141	1.58
153.3499081165657	1.58
145.5809865644607	1.58
117.26426157631244	1.58
108.84591632448141	1.58
138.89960971879404	1.58
141.71509106143205	1.58
117.26426157631244	1.58
108.84591632448141	1.58
146.38648700950029	1.58
136.22457614104124	1.58
125.38108930269043	1.58
108.84591632448141	1.58
140.80976140773282	1.58
145.45823239686388	1.58
126.4559563681315	1.58
108.84591632448141	1.58
142.1654819041463	1.58
151.02620954843775	1.58
112.41806021331654	1.58
112.83251464704675	1.58
127.75314544704693	1.58
140.54444662431376	1.58
113.71631076069166	1.58
112.83251464704675	1.58
126.23958467698031	1.58
138.40829768900937	1.58
113.71631076069166	1.58
114.29311667899098	1.58
126.39059722829282	1.58
138.40829768900937	1.58
113.71631076069166	1.58
117.77295978194824	1.58
132.47094376061779	1.58
146.08491967654885	1.58
124.45324796418325	1.58
111.30232471917279	1.58
132.47094376061779	1.58
146.08491967654885	1.58
127.14125498144277	1.58
118.2879955560851	1.58
136.9179578087774	1.58
146.08491967654885	1.58
129.28380782290685	1.58
122.47557351324308	1.58
142.17393724690848	1.58
146.08491967654885	1.58
119.77110933562439	1.58
122.07093070510228	1.58
134.77157288984355	1.58
154.1766381932424	1.58
122.22900467489502	1.58
133.35229667214819	1.58
141.61038850305562	1.58
154.1766381932424	1.58
117.61102853794632	1.58
129.99830926107745	1.58
133.90290745446237	1.58
154.1766381932424	1.58
135.75324379189925	1.58
137.6768454752337	1.58
131.81687193285205	1.58
154.1766381932424	1.58
138.94191867342445	1.58
132.2093863992955	1.58
131.3770095642317	1.58
154.7641504916982	1.58
143.1490344489287	1.58
132.73533095511036	1.58
131.39964108678603	1.58
154.7641504916982	1.58
139.88903789462623	1.58
142.48460623133673	1.58
121.99444622265817	1.58
157.2302303441054	1.58
154.23328752073496	1.58
140.6750331381967	1.58
137.62996157774143	1.58
156.51460178383888	1.58
153.02277700407907	1.58
139.19680410310465	1.58
137.782527926681	1.58
156.90779101492396	1.58
154.27169592901498	1.58
139.57656935878563	1.58
137.60418438234097	1.58
156.90779101492396	1.58
156.3273256026679	1.58
139.57656935878563	1.58
137.64679710996788	1.58
156.90779101492396	1.58
156.0692180246424	1.58
139.57656935878563	1.58
137.72691829192016	1.58
154.34835974811492	1.58
157.66494442563595	1.58
131.86065138475362	1.58
139.04396183657752	1.58
154.34835974811492	1.58
157.66494442563595	1.58
131.86065138475362	1.58
131.96785942245174	1.58
154.34835974811492	1.58
157.66494442563595	1.58
131.86065138475362	1.58
120.16789255452017	1.58
154.34835974811492	1.58
157.66494442563595	1.58
131.86065138475362	1.58
129.8870162339162	1.58
146.29865664267473	1.58
149.49602930382557	1.58
138.91856060299656	1.58
119.8148279984331	1.58
152.97435515109123	1.58
149.49602930382557	1.58
146.96158011424663	1.58
119.8148279984331	1.58
151.37513640824898	1.58
149.49602930382557	1.58
145.43975937574032	1.58
119.8148279984331	1.58
150.83348354538106	1.58
149.49602930382557	1.58
142.24604322389945	1.58
119.8148279984331	1.58
152.24029982335998	1.58
148.11870428863077	1.58
142.24604322389945	1.58
119.26412914823467	1.58
151.75616353418766	1.58
149.551432866102	1.58
143.37385773557247	1.58
134.36785471148272	1.58
151.56063427274225	1.58
149.26426481154846	1.58
150.5909052690829	1.58
120.91296876228402	1.58
151.41070645101073	1.58
150.21284251434642	1.58
147.69642962964252	1.58
120.91296876228402	1.58
152.09791732840287	1.58
148.41010151576563	1.58
144.87184194764055	1.58
121.21559826895434	1.58
148.95991070613837	1.58
138.05119450361397	1.58
141.69712134011596	1.58
121.21559826895434	1.58
153.61537218518424	1.58
139.58336015490207	1.58
141.1041554005365	1.58
121.21559826895434	1.58
154.18241371864076	1.58
129.8415374022158	1.58
140.48731356710928	1.58
115.85229861788062	1.58
154.18241371864076	1.58
127.25867757064609	1.58
143.78993414714765	1.58
115.85229861788062	1.58
154.18241371864076	1.58
124.55506748455508	1.58
151.2877045462676	1.58
126.0581598892716	1.58
154.18241371864076	1.58
123.64982632442359	1.58
149.58200891747762	1.58
126.0581598892716	1.58
156.10544025378644	1.58
124.62402631175831	1.58
147.1749730253123	1.58
114.58260220813803	1.58
149.05064872651403	1.58
124.62402631175831	1.58
147.1749730253123	1.58
114.58260220813803	1.58
150.83942254387466	1.58
122.78559426742297	1.58
145.36679242980995	1.58
125.10514696775759	1.58
149.05227560538563	1.58
115.4174973944962	1.58
145.21321937645303	1.58
122.13910237992141	1.58
149.05227560538563	1.58
114.6488768684354	1.58
145.21321937645303	1.58
121.78166933985358	1.58
154.12392736817105	1.58
116.41729716288627	1.58
135.53137067580042	1.58
122.79653387629197	1.58
154.12392736817105	1.58
116.41729716288627	1.58
136.4743881247373	1.58
123.80201856064846	1.58
137.47867562703414	1.58
110.88963046599946	1.58
135.76209269027498	1.58
118.42111872961198	1.58
137.47867562703414	1.58
122.75878107077315	1.58
135.96923579319395	1.58
118.42111872961198	1.58
137.00601693500226	1.58
120.11769294012838	1.58
131.64960765114822	1.58
118.42111872961198	1.58
147.8923435253276	1.58
119.78300569936744	1.58
132.71382783684257	1.58
119.07684827072738	1.58
149.59786680029725	1.58
120.07044926808543	1.58
138.79199094278283	1.58
117.81342793366768	1.58
149.59786680029725	1.58
120.07044926808543	1.58
142.4881714861249	1.58
118.43073973849948	1.58
149.55384311028251	1.58
120.07044926808543	1.58
137.95135883126807	1.58
117.40010935988707	1.58
152.0455524636199	1.58
119.47796535963084	1.58
152.93394725176768	1.58
115.54490640030355	1.58
151.3317509137754	1.58
123.12994364364866	1.58
152.70469643777068	1.58
117.08404947651039	1.58
142.65881753967136	1.58
128.31696109353194	1.58
148.78695734042486	1.58
117.08404947651039	1.58
153.1283362495478	1.58
111.0910883160697	1.58
148.911935063547	1.58
120.1439860662043	1.58
153.1283362495478	1.58
114.96299671972054	1.58
149.3795120301375	1.58
122.44232571329495	1.58
155.75980336422396	1.58
109.02547036449522	1.58
149.3795120301375	1.58
122.44232571329495	1.58
154.5444289311551	1.58
121.45083936079034	1.58
156.85952702055857	1.58
122.62596352767528	1.58
154.90267539252852	1.58
121.58984470675696	1.58
156.85952702055857	1.58
122.62596352767528	1.58
154.90267539252852	1.58
119.21181630289144	1.58
156.85952702055857	1.58
121.49971030278591	1.58
154.90267539252852	1.58
117.37554317636656	1.58
156.85952702055857	1.58
121.49971030278591	1.58
155.15584786725174	1.58
113.97808422704352	1.58
157.6003351778879	1.58
121.49971030278591	1.58
154.04764611298998	1.58
113.97808422704352	1.58
148.98016211615067	1.58
126.61978091900345	1.58
153.34280023018175	1.58
110.21009444402242	1.58
148.98016211615067	1.58
122.20033396023366	1.58
153.34280023018175	1.58
110.21009444402242	1.58
148.98016211615067	1.58
117.98459641049436	1.58
157.13454469528756	1.58
121.95366853841512	1.58
147.26866849093085	1.58
114.87342381161216	1.58
142.70070720351785	1.58
127.12974943294772	1.58
147.26866849093085	1.58
114.87342381161216	1.58
147.4158266322664	1.58
122.43111995732423	1.58
142.85857761488606	1.58
114.87342381161216	1.58
146.3424651748132	1.58
124.67445781133574	1.58
139.48127383684508	1.58
114.59515259889096	1.58
148.60718266276908	1.58
124.67445781133574	1.58
139.2075672517479	1.58
114.59515259889096	1.58
157.36943157383882	1.58
124.67445781133574	1.58
139.44706449259968	1.58
114.59515259889096	1.58
157.36943157383882	1.58
124.17480464789995	1.58
145.49131375803876	1.58
123.79515515836542	1.58
157.36943157383882	1.58
124.17480464789995	1.58
142.3774970528084	1.58
125.72464509396906	1.58
157.36943157383882	1.58
124.4019629794769	1.58
148.94928000514267	1.58
130.54839222274754	1.58
157.36943157383882	1.58
129.79141074987479	1.58
148.94928000514267	1.58
130.54839222274754	1.58
157.36943157383882	1.58
114.19720797452186	1.58
148.134596373483	1.58
138.43015543783991	1.58
157.36943157383882	1.58
114.19720797452186	1.58
145.40201738765688	1.58
133.38482392354038	1.58
157.36943157383882	1.58
114.19720797452186	1.58
145.0888766314259	1.58
150.2686653993804	1.58
157.36943157383882	1.58
125.02606833865076	1.58
145.31852497607767	1.58
148.108889026024	1.58
157.36943157383882	1.58
125.02606833865076	1.58
146.00321106699147	1.58
136.60901072209313	1.58
157.36943157383882	1.58
126.68566802649454	1.58
149.05162996341872	1.58
143.20191244659753	1.58
158.0269377038486	1.58
137.52273888346326	1.58
149.69507761347333	1.58
145.44258784323586	1.58
158.0269377038486	1.58
137.52273888346326	1.58
152.18212507427867	1.58
145.28210371030278	1.58
154.08978804817372	1.58
122.84344368572101	1.58
151.90677214683487	1.58
144.7029358117865	1.58
154.08978804817372	1.58
135.69536539930934	1.58
149.76491962833774	1.58
139.66174095027392	1.58
157.31133131398863	1.58
141.07948997999586	1.58
151.3148493090336	1.58
131.03125540214614	1.58
156.31111341899947	1.58
145.63140582772814	1.58
148.91227965051826	1.58
126.35440693617988	1.58
151.63559638915615	1.58
155.32661509676618	1.58
148.3539814809843	1.58
127.27474925607792	1.58
150.2565431203261	1.58
155.32661509676618	1.58
145.349692306758	1.58
135.9825093571159	1.58
150.82381999711527	1.58
155.32661509676618	1.58
145.349692306758	1.58
129.0362198286715	1.58
151.61083554159043	1.58
153.8088326547466	1.58
147.36029225013425	1.58
119.0784641834725	1.58
155.39597971763268	1.58
148.0595257352599	1.58
147.36029225013425	1.58
110.32987986484386	1.58
154.86299568613876	1.58
136.7010272710441	1.58
148.392672155147	1.58
110.32987986484386	1.58
154.69368767230856	1.58
147.05854986222863	1.58
138.81596366086464	1.58
110.32987986484386	1.58
155.20379451979483	1.58
147.05854986222863	1.58
135.39213388923082	1.58
113.009978964404	1.58
152.78581855492334	1.58
147.05854986222863	1.58
135.39213388923082	1.58
113.009978964404	1.58
152.78581855492334	1.58
145.78112948077896	1.58
144.133745591003	1.58
115.85752772497902	1.58
154.03806910465204	1.58
144.44781955580638	1.58
143.54463228653145	1.58
118.01202487164369	1.58
154.03806910465204	1.58
136.75306714987707	1.58
140.6395535358998	1.58
115.43177760214911	1.58
154.03806910465204	1.58
120.59612923812529	1.58
130.76172373393646	1.58
115.43177760214911	1.58
154.03806910465204	1.58
120.59612923812529	1.58
144.0655230432206	1.58
115.70219117484287	1.58
154.03806910465204	1.58
121.88865848509256	1.58
145.40648856140442	1.58
115.70219117484287	1.58
153.5248515949503	1.58
126.60504368446772	1.58
148.905157512839	1.58
115.70219117484287	1.58
157.78739603797027	1.58
114.67288596485163	1.58
142.93893589450124	1.58
115.24744929446516	1.58
153.95863471687736	1.58
114.15908563006766	1.58
140.23205310521382	1.58
120.27152106705988	1.58
143.57464284294844	1.58
123.68487051052767	1.58
141.83424054106416	1.58
115.7654222405735	1.58
143.43894798761832	1.58
123.68487051052767	1.58
157.99236110621894	1.58
115.7654222405735	1.58
149.55502884943462	1.58
123.68487051052767	1.58
157.42395645994162	1.58
115.7654222405735	1.58
154.929323187154	1.58
123.68487051052767	1.58
157.42395645994162	1.58
123.66317926086944	1.58
154.87191307867747	1.58
123.68487051052767	1.58
157.51085330828067	1.58
123.65768064562762	1.58
154.00046154782072	1.58
128.93836975095326	1.58
157.0356210198799	1.58
123.65768064562762	1.58
154.04417718572654	1.58
132.49039665939517	1.58
157.0356210198799	1.58
115.17304359195856	1.58
154.04417718572654	1.58
124.26368738663011	1.58
157.59151384344366	1.58
118.2471308857787	1.58
154.53023209189655	1.58
124.90676555551975	1.58
157.59151384344366	1.58
118.2471308857787	1.58
154.53023209189655	1.58
125.59602013196982	1.58
157.59151384344366	1.58
118.74699282654164	1.58
154.53023209189655	1.58
120.44617053208442	1.58
157.59151384344366	1.58
118.74699282654164	1.58
154.53023209189655	1.58
120.44617053208442	1.58
157.59151384344366	1.58
118.74699282654164	1.58
152.6229995698515	1.58
120.44617053208442	1.58
155.9936087410482	1.58
112.27448565869338	1.58
152.6229995698515	1.58
120.44617053208442	1.58
155.9936087410482	1.58
112.27448565869338	1.58
150.29790808728015	1.58
120.44617053208442	1.58
156.65728053606912	1.58
117.84128571277441	1.58
150.29790808728015	1.58
120.44617053208442	1.58
156.65728053606912	1.58
117.08413901971501	1.58
151.80643238842535	1.58
119.03077756830002	1.58
158.1116394161223	1.58
117.08413901971501	1.58
147.68213476967637	1.58
118.87242230234561	1.58
158.1116394161223	1.58
128.5801883286031	1.58
147.68213476967637	1.58
117.28354525338462	1.58
158.1116394161223	1.58
138.62467646171336	1.58
141.30437225801896	1.58
117.28354525338462	1.58
158.1116394161223	1.58
128.47770178624518	1.58
128.84742069565783	1.58
117.28354525338462	1.58
145.5170365254443	1.58
128.47770178624518	1.58
123.2305119745757	1.58
108.21084611674615	1.58
137.31483672492618	1.58
123.89498128929262	1.58
115.95323480904923	1.58
110.72295156361982	1.58
135.22232289792564	1.58
118.91463756448	1.58
117.60573315068268	1.58
110.72295156361982	1.58
135.30601024202608	1.58
115.44671954339321	1.58
117.60573315068268	1.58
107.92406474203769	1.58
143.81863625345508	1.58
119.47549958076932	1.58
111.43108188014469	1.58
107.83343724605733	1.58
143.81863625345508	1.58
115.89115200206591	1.58
112.77142040761717	1.58
107.83343724605733	1.58
143.81863625345508	1.58
115.89115200206591	1.58
120.51761215062129	1.58
111.74499058356912	1.58
140.3865359523588	1.58
115.89115200206591	1.58
120.8497949908095	1.58
115.55820976833726	1.58
157.20090155731916	1.58
116.04575493642247	1.58
122.18510213652685	1.58
115.58766952451491	1.58
157.20090155731916	1.58
116.04575493642247	1.58
122.18510213652685	1.58
115.71319002166312	1.58
157.20090155731916	1.58
116.03675117129721	1.58
122.18510213652685	1.58
115.66463156594561	1.58
157.20090155731916	1.58
116.02530811961063	1.58
114.52342732830107	1.58
115.41379946322697	1.58
157.20090155731916	1.58
113.80544040576288	1.58
114.52342732830107	1.58
116.27442587601877	1.58
156.98956540909123	1.58
125.48551940617784	1.58
113.4964846533272	1.58
116.27442587601877	1.58
137.34178339169264	1.58
118.07790364148207	1.58
113.23816873200023	1.58
115.20791100078222	1.58
134.7107248372927	1.58
118.65541400655599	1.58
113.23816873200023	1.58
115.11752684623974	1.58
129.12898855168078	1.58
118.65541400655599	1.58
113.70852244496633	1.58
115.36277923914253	1.58
127.8919920296373	1.58
121.43183748701867	1.58
113.98529185794011	1.58
116.17843561128177	1.58
127.8919920296373	1.58
116.97447448485153	1.58
112.23234111192254	1.58
114.46949634039453	1.58
127.8919920296373	1.58
116.3968742181199	1.58
112.23234111192254	1.58
114.91768810796262	1.58
138.09819335369718	1.58
114.99463989913593	1.58
113.27196133343571	1.58
114.86385788862539	1.58
141.7058856345695	1.58
114.99463989913593	1.58
113.27196133343571	1.58
114.7671947253481	1.58
146.82517383610457	1.58
114.99463989913593	1.58
111.91765924543168	1.58
113.39002983519039	1.58
145.30092101088724	1.58
114.99463989913593	1.58
111.91765924543168	1.58
112.9706299443712	1.58
146.89284043207763	1.58
123.34150061911099	1.58
112.36124313763958	1.58
112.81530215986979	1.58
135.92639164747618	1.58
121.9412271031116	1.58
112.36124313763958	1.58
115.0171823948729	1.58
132.22523669630363	1.58
122.2907273936353	1.58
112.36124313763958	1.58
116.48540223471939	1.58
132.22523669630363	1.58
115.42528093634746	1.58
112.80576350382667	1.58
116.56679712305764	1.58
141.1969153571448	1.58
115.23773581744646	1.58
113.51076578451504	1.58
116.56679712305764	1.58
141.1969153571448	1.58
121.83054259531943	1.58
113.51076578451504	1.58
116.56679712305764	1.58
151.38643430998803	1.58
113.05818741559523	1.58
109.48403730681852	1.58
118.64161489656212	1.58
134.0521123250841	1.58
113.05818741559523	1.58
109.48403730681852	1.58
122.87035387460465	1.58
126.9635568286634	1.58
113.05818741559523	1.58
109.43699134048474	1.58
133.13674073989927	1.58
126.9635568286634	1.58
113.05818741559523	1.58
108.63647454922244	1.58
136.73588742030338	1.58
126.9635568286634	1.58
113.05818741559523	1.58
111.29955722361191	1.58
132.20756562992486	1.58
131.13470093462556	1.58
113.05818741559523	1.58
111.29955722361191	1.58
131.05200366213478	1.58
133.26133232986217	1.58
113.83753310278306	1.58
111.29955722361191	1.58
126.48386648951043	1.58
136.40734835388332	1.58
114.21723879505993	1.58
112.80343875816715	1.58
125.46453202886877	1.58
150.08183349047175	1.58
114.21723879505993	1.58
112.80343875816715	1.58
135.59368445690393	1.58
155.39889670158615	1.58
114.21723879505993	1.58
112.80343875816715	1.58
125.2993774977655	1.58
155.39889670158615	1.58
112.80256034792697	1.58
127.84320118226537	1.58
123.89113013873195	1.58
155.39889670158615	1.58
115.05603635662169	1.58
115.55050313798748	1.58
125.17889935392517	1.58
143.00953016826904	1.58
115.05603635662169	1.58
115.55050313798748	1.58
122.33179657351083	1.58
134.25450363498106	1.58
115.05603635662169	1.58
110.5929348478673	1.58
121.92121916900484	1.58
132.23978746966742	1.58
115.05603635662169	1.58
108.2479335562354	1.58
122.05817314900587	1.58
128.62855223860436	1.58
115.05603635662169	1.58
108.2479335562354	1.58
126.49248387330633	1.58
132.81963856320382	1.58
106.55062659101938	1.58
108.2479335562354	1.58
126.95198916350729	1.58
129.52842355094356	1.58
110.82185844278797	1.58
108.2479335562354	1.58
128.3154068891415	1.58
124.83282983484993	1.58
110.82185844278797	1.58
108.2479335562354	1.58
141.47963639788944	1.58
137.67283263513934	1.58
114.26806741387745	1.58
108.2479335562354	1.58
133.25672594339616	1.58
148.17850387730962	1.58
114.26806741387745	1.58
117.12454520909577	1.58
133.25672594339616	1.58
148.17850387730962	1.58
113.53641098660174	1.58
117.12454520909577	1.58
144.22751816823444	1.58
148.17850387730962	1.58
113.53641098660174	1.58
122.62127892088021	1.58
139.00384450743158	1.58
152.20262937851123	1.58
113.53641098660174	1.58
112.93576255482414	1.58
133.86332019422247	1.58
152.20262937851123	1.58
113.53641098660174	1.58
112.93576255482414	1.58
137.9948507575756	1.58
152.20262937851123	1.58
120.55154325842554	1.58
114.68719066479662	1.58
139.36124775091383	1.58
150.21641696898075	1.58
120.55154325842554	1.58
110.45625321482692	1.58
139.13554759795022	1.58
150.21641696898075	1.58
125.33982095434843	1.58
120.69843880158821	1.58
144.89481200057347	1.58
150.21641696898075	1.58
118.37486022422677	1.58
120.69843880158821	1.58
144.89481200057347	1.58
149.7475486929253	1.58
118.37486022422677	1.58
132.90179007944292	1.58
149.277172145917	1.58
149.7475486929253	1.58
107.96379163437913	1.58
136.57813151175685	1.58
148.1770447815793	1.58
146.08123086635445	1.58
107.96379163437913	1.58
136.57813151175685	1.58
130.92768051856893	1.58
143.3121761085391	1.58
117.12641582713012	1.58
139.46892619591745	1.58
130.92768051856893	1.58
144.18973633324674	1.58
116.14684948459461	1.58
139.34148366662606	1.58
132.68044769432004	1.58
144.56453697829713	1.58
116.14684948459461	1.58
141.07992958523496	1.58
127.58552377487838	1.58
144.56453697829713	1.58
116.14684948459461	1.58
141.07992958523496	1.58
127.58552377487838	1.58
144.56453697829713	1.58
116.14684948459461	1.58
137.95221665806827	1.58
123.0847964670786	1.58
144.56453697829713	1.58
116.14684948459461	1.58
139.01566861212703	1.58
126.43130074676166	1.58
144.9098358845464	1.58
113.47008468227082	1.58
138.17692582070288	1.58
130.59607938329427	1.58
144.9098358845464	1.58
113.47008468227082	1.58
138.59049417828896	1.58
128.00473420301643	1.58
144.9098358845464	1.58
113.47008468227082	1.58
138.29195020593602	1.58
131.97683850964148	1.58
150.63137929374017	1.58
130.4722371934029	1.58
138.29195020593602	1.58
133.29051342152815	1.58
150.63137929374017	1.58
127.6719060054127	1.58
138.29195020593602	1.58
137.37832107244267	1.58
150.63137929374017	1.58
125.4932190622804	1.58
138.8914617346888	1.58
148.08225424066535	1.58
150.63137929374017	1.58
134.82095595852547	1.58
141.4831862123409	1.58
148.08225424066535	1.58
154.78486016406816	1.58
134.82095595852547	1.58
136.97849045348204	1.58
143.71214634558476	1.58
153.20990297071228	1.58
133.421209514572	1.58
126.96628260396571	1.58
140.43390588741838	1.58
153.20990297071228	1.58
128.61494112708652	1.58
116.27486542809355	1.58
150.10910578462193	1.58
153.20990297071228	1.58
111.86271240577682	1.58
116.27486542809355	1.58
143.81905245809486	1.58
153.20990297071228	1.58
111.86271240577682	1.58
116.27486542809355	1.58
143.81905245809486	1.58
153.20990297071228	1.58
125.22640704337226	1.58
116.27486542809355	1.58
143.81905245809486	1.58
139.62599773561843	1.58
116.48996487244347	1.58
122.24150267487862	1.58
153.1266779252902	1.58
147.6673108724493	1.58
116.48996487244347	1.58
123.20281119953188	1.58
138.67632346301528	1.58
155.69401694602854	1.58
116.48996487244347	1.58
123.20281119953188	1.58
138.51551127366145	1.58
155.69401694602854	1.58
126.25447653526757	1.58
129.81481344941471	1.58
141.21421036720542	1.58
155.69401694602854	1.58
126.25447653526757	1.58
131.72878950004662	1.58
148.11729859109965	1.58
149.25787911657312	1.58
126.25447653526757	1.58
134.2009779138142	1.58
152.13426464078418	1.58
149.25787911657312	1.58
126.25447653526757	1.58
121.89942162154892	1.58
152.13426464078418	1.58
149.25787911657312	1.58
124.72012877631853	1.58
109.937003107265	1.58
152.13426464078418	1.58
149.25787911657312	1.58
120.72289544350762	1.58
104.85196383465714	1.58
137.00503967277686	1.58
149.25787911657312	1.58
115.91719559175155	1.58
125.31419907611989	1.58
145.5368204132675	1.58
145.92809564282604	1.58
115.46419302796087	1.58
114.09038674356972	1.58
145.5368204132675	1.58
145.92809564282604	1.58
115.46419302796087	1.58
114.09038674356972	1.58
143.46429539082848	1.58
145.92809564282604	1.58
126.0005713981552	1.58
114.09038674356972	1.58
142.5554879242589	1.58
148.55971751576251	1.58
122.94182652468791	1.58
114.09038674356972	1.58
155.7538720198488	1.58
139.07573142300006	1.58
118.91131467869346	1.58
108.90305375337145	1.58
155.7538720198488	1.58
140.48978224060772	1.58
127.43424035894222	1.58
108.90305375337145	1.58
139.2253100143531	1.58
146.75757357460463	1.58
124.83169990301779	1.58
108.90305375337145	1.58
139.2253100143531	1.58
156.23028665663622	1.58
125.257834882891	1.58
116.93173100558164	1.58
139.43546015798495	1.58
156.23028665663622	1.58
130.49848073587532	1.58
117.53501301140781	1.58
137.90086092936502	1.58
156.23028665663622	1.58
142.2819414699384	1.58
133.86396821040017	1.58
140.16237269181875	1.58
156.23028665663622	1.58
146.43861001652186	1.58
140.01934608406546	1.58
140.16237269181875	1.58
155.12122250912796	1.58
144.7490238521999	1.58
131.71464944541228	1.58
140.16237269181875	1.58
157.4134582488507	1.58
145.3430175703673	1.58
131.32217364945657	1.58
136.33928241313924	1.58
157.4134582488507	1.58
142.52549795282778	1.58
128.35870724654492	1.58
136.33928241313924	1.58
157.4134582488507	1.58
131.03842268060777	1.58
116.40676329505436	1.58
136.33928241313924	1.58
142.95646579165117	1.58
124.68494713910513	1.58
116.40676329505436	1.58
154.9502279753508	1.58
153.51141062758026	1.58
124.68494713910513	1.58
106.5937599325107	1.58
154.9502279753508	1.58
153.51141062758026	1.58
111.03070712089367	1.58
106.5937599325107	1.58
154.9502279753508	1.58
142.5506341914376	1.58
111.03070712089367	1.58
106.5937599325107	1.58
149.83510230087393	1.58
151.79599247449636	1.58
130.6203664757302	1.58
87.98241937099263	1.58
129.03251886655866	1.58
151.79599247449636	1.58
130.6203664757302	1.58
87.98241937099263	1.58
114.85192163026383	1.58
151.79599247449636	1.58
130.6203664757302	1.58
82.70187944167071	1.58
114.85192163026383	1.58
151.79599247449636	1.58
130.6203664757302	1.58
112.95450364860298	1.58
116.62822448828452	1.58
151.79599247449636	1.58
131.20535141978	1.58
112.95450364860298	1.58
118.32939803880768	1.58
151.79599247449636	1.58
128.54706747052992	1.58
112.95450364860298	1.58
120.60347675793525	1.58
151.79599247449636	1.58
128.25504869647725	1.58
129.67132608145295	1.58
121.11124372106872	1.58
151.79599247449636	1.58
114.90553251171042	1.58
126.09297536597956	1.58
118.36561548159169	1.58
152.6287473982381	1.58
115.30219693426858	1.58
130.7181990940185	1.58
118.36561548159169	1.58
144.7320067979361	1.58
115.30219693426858	1.58
129.08981367514457	1.58
120.38110037047818	1.58
147.86051747477916	1.58
110.23344746604867	1.58
132.132337099249	1.58
123.7056741007247	1.58
147.86051747477916	1.58
114.4163758665028	1.58
127.05705486833645	1.58
120.96115464429757	1.58
147.86051747477916	1.58
118.83730448548704	1.58
120.0934607516993	1.58
122.16948729485519	1.58
147.86051747477916	1.58
128.94414082193984	1.58
132.65244349292584	1.58
125.62739921777523	1.58
138.64055395722573	1.58
127.62595872249977	1.58
130.51609611833072	1.58
125.21599871875877	1.58
138.64055395722573	1.58
132.92820455017034	1.58
122.5042449553105	1.58
124.3663131739436	1.58
139.99345510922672	1.58
126.36748079556645	1.58
122.5042449553105	1.58
124.3663131739436	1.58
146.14324098016507	1.58
132.108668090526	1.58
120.14845554386986	1.58
124.3663131739436	1.58
146.14324098016507	1.58
130.77465832463056	1.58
124.08744566261318	1.58
124.52265251265825	1.58
146.14324098016507	1.58
132.75374478774523	1.58
124.13354218876238	1.58
116.29168851815393	1.58
146.14324098016507	1.58
121.18952761642251	1.58
124.13354218876238	1.58
113.24088411685948	1.58
146.14324098016507	1.58
116.5325930087479	1.58
125.37861182427771	1.58
110.72152425259387	1.58
157.95888597819672	1.58
116.61671126430562	1.58
125.37861182427771	1.58
110.72152425259387	1.58
157.95888597819672	1.58
116.61671126430562	1.58
128.90909024736087	1.58
110.72152425259387	1.58
148.1673780396856	1.58
115.38364081366176	1.58
124.58317057121026	1.58
111.34763465524821	1.58
148.1673780396856	1.58
109.84412298221517	1.58
126.94864233653207	1.58
112.81024462703962	1.58
150.0782988809815	1.58
109.84412298221517	1.58
123.21717021104351	1.58
114.09900012705084	1.58
150.0782988809815	1.58
116.23526153577393	1.58
112.92744212862266	1.58
114.09900012705084	1.58
146.3050850022224	1.58
116.23526153577393	1.58
113.15114300652796	1.58
112.02467762764891	1.58
146.3050850022224	1.58
115.88536473772929	1.58
115.14406122932274	1.58
111.51459282779783	1.58
146.3050850022224	1.58
112.18834427234671	1.58
112.08828366832984	1.58
111.41376610481802	1.58
146.3050850022224	1.58
112.18834427234671	1.58
112.08828366832984	1.58
111.72019224100427	1.58
137.66397695456092	1.58
112.31730853072386	1.58
112.8387279151184	1.58
111.10830594051512	1.58
129.96862539452928	1.58
110.44135975654059	1.58
113.96744704018495	1.58
110.99400172657421	1.58
130.8310776474213	1.58
110.44135975654059	1.58
116.72612022125801	1.58
113.0940425684017	1.58
125.44046081877615	1.58
110.44135975654059	1.58
116.72612022125801	1.58
113.7196615492255	1.58
124.2880236865084	1.58
108.02239441405251	1.58
116.72612022125801	1.58
110.86883860146386	1.58
119.27510387029214	1.58
109.41980977819748	1.58
119.49986741085395	1.58
110.86883860146386	1.58
126.98120112981613	1.58
109.41980977819748	1.58
125.40612225989464	1.58
113.94724198447018	1.58
127.18867111475578	1.58
113.7438111838098	1.58
136.43258640248325	1.58
111.95926559987875	1.58
123.15749816469018	1.58
115.33578294570607	1.58
136.43258640248325	1.58
122.7299219530743	1.58
125.31549187274938	1.58
116.97469782361102	1.58
140.69989446723193	1.58
126.23067739452603	1.58
118.44263363116583	1.58
116.91319776095548	1.58
138.77171459718483	1.58
128.0274498623525	1.58
118.14713199468756	1.58
117.20117320345909	1.58
138.77171459718483	1.58
122.89825370837573	1.58
117.89952988429789	1.58
119.40971382772102	1.58
145.5013135257743	1.58
123.01396551452153	1.58
117.89952988429789	1.58
119.85686653675765	1.58
145.5013135257743	1.58
124.16184791317518	1.58
129.20799323353964	1.58
121.83543336994678	1.58
152.34830659901178	1.58
124.16184791317518	1.58
121.12576950730741	1.58
122.53183365358906	1.58
152.34830659901178	1.58
124.58158288025892	1.58
121.12576950730741	1.58
121.13692713111587	1.58
147.83433553878277	1.58
124.26286134228674	1.58
121.12576950730741	1.58
119.31639089560389	1.58
152.14563079558332	1.58
124.86292236030135	1.58
118.03645618308039	1.58
117.85476442908958	1.58
152.14563079558332	1.58
124.86292236030135	1.58
118.08752474853016	1.58
120.27283328141635	1.58
152.14563079558332	1.58
123.41196667100247	1.58
118.43531019569205	1.58
119.64288034021095	1.58
152.14563079558332	1.58
126.72682743056485	1.58
118.86424904269666	1.58
115.36952462377917	1.58
157.90083544389725	1.58
132.44947915956493	1.58
121.26957708955801	1.58
110.88842779817554	1.58
156.92348145955899	1.58
143.70474074297522	1.58
122.73664035929019	1.58
113.74231774090757	1.58
157.77009761583113	1.58
134.91448537435775	1.58
112.73549532651708	1.58
113.52471833452059	1.58
157.77009761583113	1.58
133.30522383989404	1.58
125.7635733753501	1.58
113.089186697708	1.58
157.77009761583113	1.58
133.30522383989404	1.58
124.98184890344189	1.58
117.76544511648335	1.58
157.77009761583113	1.58
125.67537029428311	1.58
124.98184890344189	1.58
117.76544511648335	1.58
146.7047563172385	1.58
125.67537029428311	1.58
125.57362513118535	1.58
110.91421887405764	1.58
138.1935572006901	1.58
127.30639673603628	1.58
130.07098656810314	1.58
110.91421887405764	1.58
144.44885693672677	1.58
127.30639673603628	1.58
130.1699411483496	1.58
116.51607353325849	1.58
144.44885693672677	1.58
124.30864147727735	1.58
124.52759391286948	1.58
114.50553403377987	1.58
144.44885693672677	1.58
127.65735389750755	1.58
133.55345390947468	1.58
114.50553403377987	1.58
144.14173769418016	1.58
133.27363958085698	1.58
138.59603322177233	1.58
116.21363448410094	1.58
149.00552726352947	1.58
144.5334682750214	1.58
138.3386838784354	1.58
116.21363448410094	1.58
149.0085522365558	1.58
143.17765386023208	1.58
152.3606543784161	1.58
127.37070562063846	1.58
150.30922937562772	1.58
137.47988969043612	1.58
153.1093537230583	1.58
140.19342748365833	1.58
147.40812314251113	1.58
138.13909855723108	1.58
153.1093537230583	1.58
140.01602650003437	1.58
146.36182602241004	1.58
141.94291424585631	1.58
153.1093537230583	1.58
140.09442234687623	1.58
148.65517620368868	1.58
138.84128757883897	1.58
153.917264486596	1.58
140.6017605219783	1.58
147.82244871449487	1.58
143.05534728302075	1.58
158.04798829203094	1.58
127.23568584782399	1.58
149.41549412023383	1.58
142.1254062114803	1.58
158.04798829203094	1.58
129.05332150455908	1.58
148.51174878311448	1.58
140.90373977164066	1.58
158.04798829203094	1.58
109.49183280669189	1.58
146.96771761354083	1.58
138.01544658376815	1.58
158.04798829203094	1.58
111.96072693428916	1.58
148.30919962023503	1.58
129.8899206394413	1.58
158.04798829203094	1.58
111.96072693428916	1.58
145.19856487611625	1.58
129.8899206394413	1.58
158.04798829203094	1.58
111.96072693428916	1.58
147.5790076022063	1.58
114.44701353417	1.58
158.04798829203094	1.58
109.54894499808884	1.58
147.5790076022063	1.58
117.93834421777922	1.58
141.10627710389426	1.58
109.54894499808884	1.58
147.5790076022063	1.58
117.93834421777922	1.58
145.59416975101297	1.58
119.55870931005707	1.58
147.5790076022063	1.58
116.70999692984304	1.58
145.59416975101297	1.58
118.45930157597174	1.58
147.22638096449555	1.58
117.47509117454236	1.58
133.38778854566453	1.58
118.45930157597174	1.58
144.4867446599078	1.58
117.76784853763147	1.58
127.32824575926894	1.58
118.83251943493025	1.58
143.82598289158864	1.58
117.3261008854188	1.58
131.18871226669407	1.58
119.39940083683666	1.58
151.01873287012688	1.58
115.99592159120346	1.58
130.92360131809184	1.58
112.75885878971354	1.58
147.57411844810503	1.58
115.99592159120346	1.58
124.14175763765459	1.58
111.46933439259058	1.58
147.57411844810503	1.58
115.99592159120346	1.58
135.11868998492048	1.58
111.46933439259058	1.58
147.57411844810503	1.58
115.99592159120346	1.58
135.11868998492048	1.58
112.10131875697489	1.58
156.97734473772863	1.58
115.89125105783235	1.58
124.2557530449069	1.58
112.10131875697489	1.58
157.4727577931904	1.58
117.40097040395563	1.58
126.58176301601213	1.58
112.28853189118698	1.58
157.4727577931904	1.58
135.37655483680103	1.58
126.58176301601213	1.58
112.28853189118698	1.58
157.4727577931904	1.58
150.60233164418673	1.58
126.61364560779815	1.58
115.03512486430546	1.58
156.81396087425512	1.58
155.9363805278067	1.58
126.61364560779815	1.58
119.6187531290256	1.58
157.68908728475094	1.58
141.0358514950118	1.58
126.61364560779815	1.58
120.35596811155187	1.58
151.49320097185765	1.58
138.9840007966695	1.58
138.42130163220193	1.58
120.35596811155187	1.58
155.7963276271357	1.58
144.11702295364285	1.58
150.80916112259817	1.58
110.94221219783435	1.58
155.7963276271357	1.58
133.10337959429546	1.58
152.07322739241343	1.58
110.94221219783435	1.58
154.60594595217353	1.58
144.62586164213758	1.58
152.07322739241343	1.58
122.9104053885398	1.58
154.60594595217353	1.58
141.64208082046432	1.58
151.98939829404682	1.58
108.51746467065624	1.58
154.60594595217353	1.58
154.84379402023137	1.58
151.98939829404682	1.58
108.51746467065624	1.58
154.53983883944534	1.58
154.84379402023137	1.58
150.78504137021943	1.58
108.51746467065624	1.58
154.53983883944534	1.58
154.84379402023137	1.58
149.9633777141654	1.58
108.51746467065624	1.58
152.70952008953915	1.58
154.84379402023137	1.58
149.7259881442143	1.58
108.51746467065624	1.58
153.94775120880965	1.58
154.84379402023137	1.58
149.7259881442143	1.58
131.1054253898321	1.58
154.0305149315693	1.58
154.84379402023137	1.58
149.7259881442143	1.58
142.0276086878462	1.58
155.07501292262458	1.58
154.77612673870235	1.58
152.01709631468435	1.58
140.68153359697874	1.58
155.07501292262458	1.58
154.77612673870235	1.58
153.2350281949352	1.58
141.43040586274657	1.58
155.10645156604218	1.58
154.77612673870235	1.58
153.2350281949352	1.58
143.47484669549664	1.58
155.1718885897683	1.58
154.12484830656055	1.58
152.87772754657246	1.58
143.47484669549664	1.58
155.09753219094006	1.58
154.39498043606557	1.58
153.99516876120322	1.58
145.5797844421888	1.58
155.9049648419719	1.58
151.15063602429666	1.58
155.17627566125546	1.58
147.4191128693474	1.58
157.81757605526616	1.58
154.36082991227167	1.58
153.97251167727785	1.58
141.8891539915473	1.58
157.81757605526616	1.58
156.04373585618268	1.58
155.3678623000248	1.58
137.09275299905613	1.58
157.81757605526616	1.58
156.2652331832169	1.58
155.7656986596331	1.58
137.09275299905613	1.58
157.20416734769094	1.58
156.2652331832169	1.58
156.07501485996525	1.58
137.09275299905613	1.58
157.50621695585176	1.58
156.2652331832169	1.58
156.1382472234433	1.58
137.09275299905613	1.58
157.50621695585176	1.58
155.4813449551351	1.58
156.1382472234433	1.58
121.12071894858974	1.58
157.50621695585176	1.58
155.4813449551351	1.58
156.65291214300947	1.58
129.09436702276116	1.58
157.85271197128097	1.58
150.05027136573295	1.58
156.04290672207003	1.58
125.59766659792288	1.58
157.85271197128097	1.58
148.69245710884897	1.58
156.04290672207003	1.58
125.59766659792288	1.58
157.8032228632852	1.58
148.69245710884897	1.58
156.04290672207003	1.58
125.59766659792288	1.58
157.8032228632852	1.58
146.2904105213819	1.58
156.04290672207003	1.58
125.59766659792288	1.58
155.39521447185408	1.58
154.2082225098318	1.58
156.29917797227014	1.58
140.83891103668694	1.58
155.65630531912487	1.58
147.9817125874273	1.58
149.0487282558114	1.58
144.5334219331974	1.58
156.36108745279677	1.58
144.1799165975508	1.58
148.9105999219949	1.58
144.68581134224445	1.58
156.76169853559642	1.58
144.1799165975508	1.58
148.9105999219949	1.58
144.49666857328737	1.58
153.5906845530467	1.58
144.33730443181688	1.58
144.48051189580744	1.58
144.58979177217805	1.58
151.11978751254347	1.58
145.71706671998655	1.58
144.443879913055	1.58
145.08260409448707	1.58
149.3991962955224	1.58
144.43738950345968	1.58
144.14332323018706	1.58
145.15009189276017	1.58
152.62125781791207	1.58
143.9899386065165	1.58
137.46091959322155	1.58
148.43143246177192	1.58
155.87970445382305	1.58
143.43665223682186	1.58
142.63625832381155	1.58
152.36396816168204	1.58
156.0702745652202	1.58
140.32764497092103	1.58
137.45118927327616	1.58
146.80674104126916	1.58
156.0702745652202	1.58
138.21240447188802	1.58
129.85004315922248	1.58
153.39617923099723	1.58
156.0702745652202	1.58
137.12973466333594	1.58
129.85004315922248	1.58
153.39617923099723	1.58
157.6558411200803	1.58
117.4120856680975	1.58
130.40554057214263	1.58
152.6221225601486	1.58
157.6558411200803	1.58
116.82989847861214	1.58
134.78659718996047	1.58
156.46191358081813	1.58
157.6558411200803	1.58
118.5007743141478	1.58
128.797735495105	1.58
156.46191358081813	1.58
157.6558411200803	1.58
118.5007743141478	1.58
128.797735495105	1.58
157.47654427062494	1.58
157.6558411200803	1.58
113.09020798897294	1.58
138.99046284274863	1.58
149.13609901543788	1.58
157.6558411200803	1.58
113.09020798897294	1.58
143.41168221357773	1.58
150.0102319053298	1.58
157.6558411200803	1.58
113.09020798897294	1.58
140.92681698350168	1.58
157.36464286806557	1.58
157.6558411200803	1.58
113.09020798897294	1.58
142.03447101107417	1.58
157.36464286806557	1.58
157.6558411200803	1.58
115.70747196736636	1.58
137.7664614786855	1.58
157.36464286806557	1.58
153.38936558069267	1.58
115.70747196736636	1.58
131.64175523894798	1.58
157.36464286806557	1.58
153.38936558069267	1.58
115.70747196736636	1.58
121.47029293550703	1.58
157.36464286806557	1.58
149.01328133998197	1.58
114.67521780865403	1.58
133.21293426769807	1.58
158.04627777360054	1.58
143.67999508851585	1.58
114.1662679477961	1.58
125.97425380129448	1.58
158.04627777360054	1.58
136.32825594554518	1.58
114.1662679477961	1.58
119.77756358780942	1.58
158.04627777360054	1.58
132.27285471434894	1.58
119.15948847992928	1.58
114.38036264233337	1.58
158.04627777360054	1.58
141.57829010750535	1.58
124.9399835678322	1.58
120.70030216358352	1.58
158.04627777360054	1.58
150.96429748431348	1.58
124.9399835678322	1.58
133.846650427724	1.58
158.04627777360054	1.58
150.96429748431348	1.58
124.9399835678322	1.58
118.5534410019957	1.58
144.89642779321403	1.58
154.5623276008572	1.58
127.03426778204471	1.58
118.44394401903989	1.58
148.89313347058686	1.58
147.7013904600319	1.58
127.03426778204471	1.58
118.44394401903989	1.58
148.89313347058686	1.58
147.11988332746418	1.58
132.00832393864445	1.58
118.44394401903989	1.58
148.89313347058686	1.58
142.67122227011967	1.58
132.00832393864445	1.58
118.44394401903989	1.58
148.89313347058686	1.58
150.6466501379081	1.58
127.66369818588782	1.58
118.44394401903989	1.58
157.3360782153919	1.58
148.38156412958404	1.58
133.9880302233248	1.58
118.44394401903989	1.58
157.3360782153919	1.58
145.70925941806001	1.58
144.6602801861128	1.58
118.3935640151483	1.58
157.3360782153919	1.58
155.29740885103985	1.58
132.4144605964504	1.58
134.25213186891202	1.58
151.317731674283	1.58
151.8077283573952	1.58
132.4144605964504	1.58
128.57386575330972	1.58
151.317731674283	1.58
151.8077283573952	1.58
118.76578421193317	1.58
116.35335879956413	1.58
151.317731674283	1.58
151.8077283573952	1.58
118.76578421193317	1.58
116.35335879956413	1.58
151.317731674283	1.58
144.13101591339904	1.58
125.97162333688766	1.58
116.35335879956413	1.58
151.317731674283	1.58
149.5956940918076	1.58
124.23327104419332	1.58
116.35335879956413	1.58
151.317731674283	1.58
149.5956940918076	1.58
124.23327104419332	1.58
116.35335879956413	1.58
138.00275069193518	1.58
149.5956940918076	1.58
124.35611173347745	1.58
111.89050408379816	1.58
155.72097238402574	1.58
152.72370702191935	1.58
112.26799179184854	1.58
111.89050408379816	1.58
155.72097238402574	1.58
152.72370702191935	1.58
112.26799179184854	1.58
111.89050408379816	1.58
155.72097238402574	1.58
152.72370702191935	1.58
112.26799179184854	1.58
111.89050408379816	1.58
155.72097238402574	1.58
150.1722691220718	1.58
112.26799179184854	1.58
111.89050408379816	1.58
155.72097238402574	1.58
150.1722691220718	1.58
112.26799179184854	1.58
112.22989169721725	1.58
155.72097238402574	1.58
157.0303519607965	1.58
112.26799179184854	1.58
112.22989169721725	1.58
149.60010402415392	1.58
144.46538118783945	1.58
112.26799179184854	1.58
112.22989169721725	1.58
149.60010402415392	1.58
136.38242641362638	1.58
113.55761502041426	1.58
112.22989169721725	1.58
149.60010402415392	1.58
154.0268952271916	1.58
113.55761502041426	1.58
112.22989169721725	1.58
145.74493130280632	1.58
154.0268952271916	1.58
113.55761502041426	1.58
112.22989169721725	1.58
145.74493130280632	1.58
144.9818294167328	1.58
113.55761502041426	1.58
126.53324004903885	1.58
145.74493130280632	1.58
154.36349449201802	1.58
117.5266782176948	1.58
127.99847904131956	1.58
145.74493130280632	1.58
154.36349449201802	1.58
117.5266782176948	1.58
139.88062791224942	1.58
142.3657478351389	1.58
154.36349449201802	1.58
127.33276442008393	1.58
140.04244916497797	1.58
142.3657478351389	1.58
154.36349449201802	1.58
127.21513338542175	1.58
138.33668372919706	1.58
143.28930438386453	1.58
154.36349449201802	1.58
134.8740907624371	1.58
138.84631010012617	1.58
147.26148926770597	1.58
154.36349449201802	1.58
139.79474610372864	1.58
138.00736682469127	1.58
150.41038645527772	1.58
154.36349449201802	1.58
145.3707378336244	1.58
127.70452444346985	1.58
150.41038645527772	1.58
150.9176792200044	1.58
146.6837116923453	1.58
127.70452444346985	1.58
153.57276687429558	1.58
151.14843723255032	1.58
146.6837116923453	1.58
127.70452444346985	1.58
153.57276687429558	1.58
154.8833501922614	1.58
144.40502847680506	1.58
112.73509077455088	1.58
154.71075166128927	1.58
150.81523466604486	1.58
143.3518963488708	1.58
129.78635642052112	1.58
152.52824523795138	1.58
150.81523466604486	1.58
147.0562660262511	1.58
123.4220725038659	1.58
152.52824523795138	1.58
150.81523466604486	1.58
144.50035703224944	1.58
119.75008610746772	1.58
154.82269383642367	1.58
155.78227234642907	1.58
144.50035703224944	1.58
119.75008610746772	1.58
154.82269383642367	1.58
154.0627772275233	1.58
139.58217379809471	1.58
125.2124862687522	1.58
156.3122484403762	1.58
154.0627772275233	1.58
126.2470213158467	1.58
125.2124862687522	1.58
156.3122484403762	1.58
154.0627772275233	1.58
126.2470213158467	1.58
125.2124862687522	1.58
156.3122484403762	1.58
146.85875093446316	1.58
126.2470213158467	1.58
128.30294020766397	1.58
156.3122484403762	1.58
151.60147270250113	1.58
126.2470213158467	1.58
114.93994861554458	1.58
156.3122484403762	1.58
151.60147270250113	1.58
126.2470213158467	1.58
115.78644650034403	1.58
156.3122484403762	1.58
150.3674243360758	1.58
114.04239749168592	1.58
115.78644650034403	1.58
156.3122484403762	1.58
150.3674243360758	1.58
114.04239749168592	1.58
114.43002280618191	1.58
156.3122484403762	1.58
150.3674243360758	1.58
114.04239749168592	1.58
114.43002280618191	1.58
156.3122484403762	1.58
153.3568610743567	1.58
114.04239749168592	1.58
120.10988200021721	1.58
150.3367476941388	1.58
153.3568610743567	1.58
118.53555156260344	1.58
120.10988200021721	1.58
150.3367476941388	1.58
146.48095205987642	1.58
118.53555156260344	1.58
114.99608312009059	1.58
150.3367476941388	1.58
147.74358165388793	1.58
127.79171386355193	1.58
113.98449221022696	1.58
150.3367476941388	1.58
147.74358165388793	1.58
124.99310224994429	1.58
121.0083874230076	1.58
157.44984406660902	1.58
142.3268203902515	1.58
120.67636615590821	1.58
125.14048798246003	1.58
145.23422599158494	1.58
134.44625641517732	1.58
112.20823941489218	1.58
126.16585453841776	1.58
154.5696057634397	1.58
134.44625641517732	1.58
112.20823941489218	1.58
126.49194781599118	1.58
154.5696057634397	1.58
134.16317449299754	1.58
112.20823941489218	1.58
127.7968033071677	1.58
154.5696057634397	1.58
145.65894588274858	1.58
112.20823941489218	1.58
127.7968033071677	1.58
145.4902854577695	1.58
151.88795510816595	1.58
112.20823941489218	1.58
127.7968033071677	1.58
145.4902854577695	1.58
151.88795510816595	1.58
112.20823941489218	1.58
127.21652058683446	1.58
145.4902854577695	1.58
151.88795510816595	1.58
112.20823941489218	1.58
132.95966664975023	1.58
145.4902854577695	1.58
151.88795510816595	1.58
126.93737312752069	1.58
125.34277693657039	1.58
145.4902854577695	1.58
151.83436319413929	1.58
131.15988373050624	1.58
109.82079765818457	1.58
146.52772613474178	1.58
150.11707574354702	1.58
120.4654406077403	1.58
125.59268619481647	1.58
151.05166249436226	1.58
150.11707574354702	1.58
120.4654406077403	1.58
112.65764214475537	1.58
151.05166249436226	1.58
150.11707574354702	1.58
130.73182577318568	1.58
112.65764214475537	1.58
151.05166249436226	1.58
132.37218440650378	1.58
113.94521139675493	1.58
121.96674249338214	1.58
151.05166249436226	1.58
147.5761119687672	1.58
131.09079363591178	1.58
122.83460022773548	1.58
151.05166249436226	1.58
147.5761119687672	1.58
134.40612606542655	1.58
122.83460022773548	1.58
137.59327559239867	1.58
157.97664005499138	1.58
134.2441188906172	1.58
122.83460022773548	1.58
137.81406501719562	1.58
157.97664005499138	1.58
131.24588345098354	1.58
111.77131799578191	1.58
137.81406501719562	1.58
157.97664005499138	1.58
137.88229957895157	1.58
111.77131799578191	1.58
137.80757368019468	1.58
157.97664005499138	1.58
139.5343805943021	1.58
114.09228058678517	1.58
137.80757368019468	1.58
157.97664005499138	1.58
139.5343805943021	1.58
122.92498564553547	1.58
137.80757368019468	1.58
157.1628536089579	1.58
139.5343805943021	1.58
128.11454437848366	1.58
146.07276295223548	1.58
156.33663290935363	1.58
128.56210934323715	1.58
134.12413129409904	1.58
150.6258030605403	1.58
156.33663290935363	1.58
119.37012535082354	1.58
120.16685792129238	1.58
156.1320277616092	1.58
148.17765453322644	1.58
117.53997935462706	1.58
119.28132793287949	1.58
145.44019959457623	1.58
148.17765453322644	1.58
118.39752104433188	1.58
124.88625266023443	1.58
140.37910631014768	1.58
148.17765453322644	1.58
125.93760271890329	1.58
116.67088990876692	1.58
135.11415046115494	1.58
141.56997398129886	1.58
112.1128722966691	1.58
116.67088990876692	1.58
129.87074645228412	1.58
141.10710418158584	1.58
112.1128722966691	1.58
116.67088990876692	1.58
129.97137212561444	1.58
147.50181043307842	1.58
112.1128722966691	1.58
120.25551632081816	1.58
135.72285288829224	1.58
154.39069842365646	1.58
127.23412177245076	1.58
112.1080101012214	1.58
135.00434367888624	1.58
135.11354379887487	1.58
125.48410065674443	1.58
112.1080101012214	1.58
132.5011482606607	1.58
133.03360860420534	1.58
119.53411886276768	1.58
118.02836309734242	1.58
143.95499338023393	1.58
137.18999777088652	1.58
130.97072647612328	1.58
124.40302802267861	1.58
141.50617008945443	1.58
134.29198789868582	1.58
121.02116776537409	1.58
122.84609712452179	1.58
147.17607364800108	1.58
132.78303986241215	1.58
116.07584260083578	1.58
122.84609712452179	1.58
147.17607364800108	1.58
128.82817877194594	1.58
116.07584260083578	1.58
122.84609712452179	1.58
147.17607364800108	1.58
138.59702833632315	1.58
129.71076173448267	1.58
113.28725162633643	1.58
150.60927103471923	1.58
127.10853228895492	1.58
121.43285853631919	1.58
115.55969664221159	1.58
150.60927103471923	1.58
125.35780141186734	1.58
118.41578724615789	1.58
105.52650154718336	1.58
150.60927103471923	1.58
116.53852607704957	1.58
118.41578724615789	1.58
110.41583548665967	1.58
150.94714771229593	1.58
118.70031702021163	1.58
118.27003155968723	1.58
129.7144432171836	1.58
146.34863839805917	1.58
119.04005566493998	1.58
118.27003155968723	1.58
130.15326454629724	1.58
146.34863839805917	1.58
119.05653447453764	1.58
118.28778032975833	1.58
128.89181869090163	1.58
152.78311132284975	1.58
112.35516392885093	1.58
117.95482853430248	1.58
111.71890768454827	1.58
147.50190377147052	1.58
112.17349097770887	1.58
117.95482853430248	1.58
111.71890768454827	1.58
149.601325545319	1.58
114.40949612878245	1.58
123.64522322192757	1.58
111.34875372793445	1.58
149.601325545319	1.58
116.19981170958974	1.58
121.23082267655604	1.58
111.34875372793445	1.58
149.601325545319	1.58
115.9413404403592	1.58
118.81950598802261	1.58
111.40494003092334	1.58
149.601325545319	1.58
115.9413404403592	1.58
121.5457827152531	1.58
111.40494003092334	1.58
149.601325545319	1.58
120.22340959100151	1.58
116.91955606068608	1.58
111.93208922982396	1.58
148.38182893650153	1.58
121.1819021148055	1.58
115.28996765476711	1.58
107.31679390603642	1.58
148.38182893650153	1.58
122.51140745259617	1.58
116.56669295475714	1.58
108.02562688246884	1.58
151.47015384573538	1.58
123.72873683052406	1.58
107.79817309512869	1.58
113.9188541734371	1.58
140.08008017878026	1.58
123.72873683052406	1.58
107.79817309512869	1.58
118.54093817012539	1.58
137.29800259444545	1.58
126.56994473708964	1.58
107.79817309512869	1.58
110.21232053860753	1.58
134.65162757527528	1.58
129.14337233922657	1.58
107.79817309512869	1.58
110.21232053860753	1.58
125.97894672243818	1.58
129.14337233922657	1.58
114.27800890263384	1.58
115.91961152965908	1.58
125.97894672243818	1.58
124.00752755187804	1.58
118.60882725110595	1.58
111.96058437683143	1.58
125.97894672243818	1.58
120.08123674496409	1.58
117.00814043528369	1.58
111.96058437683143	1.58
124.87282406814414	1.58
124.19511856090239	1.58
114.00185982569037	1.58
112.76457625656849	1.58
125.58064763497865	1.58
132.2665972306762	1.58
114.00185982569037	1.58
121.4467298347996	1.58
126.16843354732528	1.58
136.40047929318362	1.58
117.29216390517948	1.58
127.74788247761866	1.58
126.07143400201035	1.58
141.65203216509968	1.58
115.42612699465313	1.58
128.35061706920814	1.58
126.46433787937525	1.58
139.41875955375238	1.58
113.59667121828669	1.58
131.22123521243603	1.58
124.5149667631309	1.58
139.41875955375238	1.58
113.59667121828669	1.58
133.75692493722363	1.58
116.64391655910201	1.58
142.66400549729107	1.58
112.79004030037817	1.58
137.24629708562242	1.58
116.64391655910201	1.58
142.66400549729107	1.58
113.6718308503697	1.58
143.04185441077624	1.58
116.64391655910201	1.58
145.10003271288997	1.58
113.6718308503697	1.58
142.0480273325833	1.58
116.64391655910201	1.58
156.11397555771194	1.58
113.6718308503697	1.58
130.74965154978332	1.58
120.76462607027459	1.58
156.11397555771194	1.58
110.59076800956998	1.58
129.3486315120315	1.58
115.86231669661406	1.58
151.08236976312645	1.58
127.14381410619404	1.58
123.27089211244534	1.58
115.86231669661406	1.58
151.08236976312645	1.58
118.37238974395135	1.58
124.21816333821842	1.58
112.71053536542054	1.58
151.08236976312645	1.58
115.17072136859309	1.58
124.21816333821842	1.58
117.76149185986814	1.58
150.6041446998172	1.58
115.14407585051904	1.58
127.44827343464101	1.58
118.43447768979965	1.58
150.6041446998172	1.58
116.00815688880722	1.58
131.1078815955608	1.58
118.43447768979965	1.58
154.5942745182022	1.58
116.46363762444481	1.58
142.72536490989222	1.58
115.75313838577613	1.58
154.5942745182022	1.58
130.31847114058928	1.58
142.72536490989222	1.58
115.75313838577613	1.58
147.97303719948877	1.58
123.46216955102389	1.58
142.72536490989222	1.58
115.75313838577613	1.58
147.97303719948877	1.58
130.082397583063	1.58
139.69241277104112	1.58
115.75313838577613	1.58
155.85507969984494	1.58
131.0567465616405	1.58
138.88283707725316	1.58
116.04333656632116	1.58
157.94665945504397	1.58
127.95021115654261	1.58
138.88283707725316	1.58
109.68294758501145	1.58
157.94665945504397	1.58
140.9969697460957	1.58
146.26744645600996	1.58
120.39910971352485	1.58
157.94665945504397	1.58
144.5345052024861	1.58
146.26744645600996	1.58
115.70983095816428	1.58
152.41450169346302	1.58
152.62642223723807	1.58
148.63218092806113	1.58
115.70983095816428	1.58
152.42196510288122	1.58
152.63071890741006	1.58
135.6711688252652	1.58
123.05464322691307	1.58
149.52866147809564	1.58
152.63071890741006	1.58
135.6711688252652	1.58
123.05464322691307	1.58
154.54175940026462	1.58
152.63071890741006	1.58
133.34943432762884	1.58
120.77786271989181	1.58
155.59788836528898	1.58
152.63071890741006	1.58
133.34943432762884	1.58
124.95567630532267	1.58
156.2274620313295	1.58
139.9523766605739	1.58
139.5257205268632	1.58
124.95567630532267	1.58
156.2274620313295	1.58
152.79138937071525	1.58
133.58232210323555	1.58
111.18390044528381	1.58
156.2274620313295	1.58
152.79138937071525	1.58
149.9940211688323	1.58
117.93860315217128	1.58
156.2274620313295	1.58
152.79138937071525	1.58
149.19818959511764	1.58
116.50621510771411	1.58
155.17321788432665	1.58
158.21221544174264	1.58
149.19818959511764	1.58
117.7578830063865	1.58
155.17321788432665	1.58
158.21221544174264	1.58
149.19818959511764	1.58
117.7578830063865	1.58
157.45118645972107	1.58
158.0961782927614	1.58
139.75418135828403	1.58
117.7578830063865	1.58
157.14713960858614	1.58
146.49236231991665	1.58
145.45165947872184	1.58
117.7578830063865	1.58
157.14713960858614	1.58
152.68531360492102	1.58
134.62833285410386	1.58
133.06759467029525	1.58
157.14713960858614	1.58
152.68531360492102	1.58
122.18057514246267	1.58
132.51506207602174	1.58
157.14713960858614	1.58
150.6598134295197	1.58
126.33309342710801	1.58
131.7858347593827	1.58
157.05881415051016	1.58
150.6598134295197	1.58
133.50285036210565	1.58
130.7406743171781	1.58
154.29126102782578	1.58
150.6598134295197	1.58
133.166225849111	1.58
133.61033109389865	1.58
156.8546641021028	1.58
150.6598134295197	1.58
132.97671943750632	1.58
120.51457329181264	1.58
156.8546641021028	1.58
148.1128303806631	1.58
135.09872648931733	1.58
127.69113811488549	1.58
153.48687019008372	1.58
145.8286141661664	1.58
135.09872648931733	1.58
123.97898333425664	1.58
148.6322286659636	1.58
143.8777241229963	1.58
123.97027314472957	1.58
114.48318275533217	1.58
143.5373649126778	1.58
143.9366557959618	1.58
124.06785839586374	1.58
125.56002687585003	1.58
145.69524747039392	1.58
144.75330085368032	1.58
110.60181187462538	1.58
125.56002687585003	1.58
145.69524747039392	1.58
144.75330085368032	1.58
114.70590178816586	1.58
129.93211896926118	1.58
145.69524747039392	1.58
144.4759419502035	1.58
119.67428472861523	1.58
116.63646087289354	1.58
149.5706104574228	1.58
144.00655517211038	1.58
119.67428472861523	1.58
129.41836667756888	1.58
148.6037125374442	1.58
146.70623791725814	1.58
119.25972366100052	1.58
117.74333813430526	1.58
148.6037125374442	1.58
146.70623791725814	1.58
119.25972366100052	1.58
117.74333813430526	1.58
150.82729128274391	1.58
146.70623791725814	1.58
132.60143505354904	1.58
117.74333813430526	1.58
150.3554118160152	1.58
152.29406659963112	1.58
126.09596933338035	1.58
120.04262803196171	1.58
150.3554118160152	1.58
152.29406659963112	1.58
115.15465545287809	1.58
116.97831804994391	1.58
149.63265421160546	1.58
152.98870106395208	1.58
115.15465545287809	1.58
116.54730343603555	1.58
149.60401175628724	1.58
152.98870106395208	1.58
115.15465545287809	1.58
111.28520173416507	1.58
149.49438988367524	1.58
152.98870106395208	1.58
116.4311146460964	1.58
111.76215874133382	1.58
149.49438988367524	1.58
152.98870106395208	1.58
128.131089259087	1.58
111.76215874133382	1.58
148.91360051323934	1.58
152.98870106395208	1.58
128.131089259087	1.58
111.76215874133382	1.58
148.91360051323934	1.58
154.39330088879268	1.58
143.6615058197939	1.58
123.35983828144177	1.58
151.38039591380672	1.58
154.39330088879268	1.58
156.82315842585064	1.58
123.35983828144177	1.58
151.71291402277143	1.58
154.39330088879268	1.58
156.82315842585064	1.58
124.97554146083922	1.58
151.02219231240073	1.58
154.44999526541147	1.58
156.82315842585064	1.58
130.74677644671888	1.58
147.7717573166301	1.58
152.5856713205268	1.58
156.82315842585064	1.58
117.47406818958021	1.58
146.47305866837584	1.58
138.8260750340636	1.58
156.82315842585064	1.58
119.43776624801349	1.58
145.61452997878888	1.58
138.98952597577346	1.58
156.82315842585064	1.58
119.43776624801349	1.58
148.6018689174688	1.58
153.30097422754514	1.58
156.82315842585064	1.58
134.5892881379532	1.58
148.1010230725936	1.58
152.850548364687	1.58
158.02105402565664	1.58
123.09852898767444	1.58
139.96639423702342	1.58
149.62480167307646	1.58
158.02105402565664	1.58
123.09852898767444	1.58
138.5971119561802	1.58
155.24208896676384	1.58
154.05676059750004	1.58
112.17989704601912	1.58
139.92981223338464	1.58
155.24208896676384	1.58
151.92332093472803	1.58
111.23185490866734	1.58
145.01781077466717	1.58
134.7338203994218	1.58
151.92332093472803	1.58
111.23185490866734	1.58
147.88319527687636	1.58
128.85275753821728	1.58
151.92332093472803	1.58
111.23185490866734	1.58
156.30035168829932	1.58
123.78536962979643	1.58
151.92873927980727	1.58
111.23185490866734	1.58
156.30035168829932	1.58
135.51968319215106	1.58
151.92873927980727	1.58
111.23185490866734	1.58
156.30035168829932	1.58
131.0918444204482	1.58
150.05071365123402	1.58
113.89032946798923	1.58
158.14373707384416	1.58
124.8327430092454	1.58
150.05071365123402	1.58
113.89032946798923	1.58
158.14373707384416	1.58
130.000189899463	1.58
147.63040226975966	1.58
113.89032946798923	1.58
156.25261588755822	1.58
116.59944500225872	1.58
145.54566065904592	1.58
124.91443102855568	1.58
156.25261588755822	1.58
109.93813055876407	1.58
143.2790755877439	1.58
125.29128688401859	1.58
145.7408947577174	1.58
109.93813055876407	1.58
141.56193616533417	1.58
127.33678375770656	1.58
145.7408947577174	1.58
108.12772933472152	1.58
141.99915994253743	1.58
126.32136980239046	1.58
136.3676254058839	1.58
110.00431024836028	1.58
147.21334816611483	1.58
120.36878280297286	1.58
151.70900510513195	1.58
114.98765629880485	1.58
133.99905887906863	1.58
124.87410745508716	1.58
151.70900510513195	1.58
112.05731409216372	1.58
134.62380906482818	1.58
126.50686490612347	1.58
135.81463055197494	1.58
112.05731409216372	1.58
133.80079689744807	1.58
132.16134182606066	1.58
148.18168008360595	1.58
112.05731409216372	1.58
137.7502323388231	1.58
131.39249620539405	1.58
151.40720762648968	1.58
112.05731409216372	1.58
138.0268645319552	1.58
134.6745542699927	1.58
155.12657231079154	1.58
112.05731409216372	1.58
127.75704263112954	1.58
132.59393545531967	1.58
155.12657231079154	1.58
112.05731409216372	1.58
119.51640106224023	1.58
130.5490464710572	1.58
134.51046777975105	1.58
112.05731409216372	1.58
116.19786170524975	1.58
126.36699219178419	1.58
151.60266876769074	1.58
116.13471788335482	1.58
116.19786170524975	1.58
127.63561288832508	1.58
154.98613213252054	1.58
116.13471788335482	1.58
116.12157406140614	1.58
130.35458485357375	1.58
157.16870633530914	1.58
116.13471788335482	1.58
116.12157406140614	1.58
134.66080691079992	1.58
157.16870633530914	1.58
118.41176528271671	1.58
115.21839098203009	1.58
153.52505336190973	1.58
156.8679371550537	1.58
123.62977629898728	1.58
115.21839098203009	1.58
144.930975889098	1.58
156.8679371550537	1.58
135.16989203175362	1.58
115.21839098203009	1.58
140.95592782303234	1.58
156.8679371550537	1.58
135.16989203175362	1.58
115.21839098203009	1.58
147.14426245994557	1.58
155.2164388758445	1.58
119.91848254922286	1.58
115.64229722310935	1.58
156.3162964332714	1.58
155.2164388758445	1.58
134.39725229355227	1.58
126.32633206453923	1.58
152.9871744923517	1.58
155.2164388758445	1.58
140.86651595003178	1.58
126.32633206453923	1.58
152.9871744923517	1.58
155.2164388758445	1.58
134.601906373418	1.58
126.32633206453923	1.58
152.9871744923517	1.58
155.2164388758445	1.58
142.6321993039238	1.58
115.62862903307959	1.58
158.16753807343605	1.58
155.2164388758445	1.58
141.97369749534062	1.58
115.62862903307959	1.58
156.33539635295125	1.58
155.2164388758445	1.58
141.97369749534062	1.58
115.62862903307959	1.58
156.33539635295125	1.58
155.2164388758445	1.58
142.36583697904467	1.58
109.41229612027837	1.58
148.34177122552234	1.58
155.2164388758445	1.58
144.3254931412811	1.58
109.41229612027837	1.58
132.8875695662919	1.58
151.10484215053552	1.58
146.2486041553295	1.58
108.64202060372168	1.58
148.54679070847942	1.58
151.10484215053552	1.58
146.2486041553295	1.58
108.64202060372168	1.58
148.54679070847942	1.58
151.10484215053552	1.58
146.2486041553295	1.58
108.64202060372168	1.58
148.54679070847942	1.58
145.99826970718553	1.58
146.3569790132312	1.58
123.05188814138666	1.58
148.54679070847942	1.58
145.7549589135034	1.58
146.92474791849358	1.58
123.05188814138666	1.58
147.7777439983535	1.58
145.7549589135034	1.58
147.1829042065692	1.58
117.88253766757086	1.58
147.7777439983535	1.58
135.26633603288582	1.58
147.1829042065692	1.58
111.63648860948324	1.58
147.82178716739847	1.58
143.5808287301683	1.58
149.14781452336584	1.58
111.63648860948324	1.58
142.81992691041978	1.58
138.33914089588288	1.58
149.14781452336584	1.58
111.63648860948324	1.58
148.37519063453337	1.58
138.7431025605388	1.58
148.78549797657953	1.58
111.63648860948324	1.58
147.98318909952758	1.58
125.50850451623852	1.58
148.78549797657953	1.58
111.63648860948324	1.58
148.00036865833675	1.58
127.84928230057174	1.58
149.47223094511298	1.58
116.92767046630307	1.58
148.00036865833675	1.58
127.84928230057174	1.58
149.4498141712437	1.58
116.92767046630307	1.58
148.00036865833675	1.58
132.0026867140687	1.58
149.19645083071742	1.58
112.12658993524488	1.58
147.65667022158448	1.58
132.12025885038742	1.58
149.19645083071742	1.58
112.12658993524488	1.58
147.34195161150993	1.58
141.62056642395893	1.58
150.9998349975683	1.58
112.12658993524488	1.58
146.44902354349472	1.58
141.62056642395893	1.58
153.3813771865025	1.58
112.12658993524488	1.58
139.9986127219533	1.58
134.7348082596871	1.58
153.3813771865025	1.58
123.94679689020658	1.58
141.8116777490374	1.58
134.7348082596871	1.58
153.3813771865025	1.58
115.71799761101292	1.58
132.9671633013315	1.58
138.4674011746418	1.58
153.3813771865025	1.58
115.71799761101292	1.58
138.17989211921565	1.58
140.11935137933423	1.58
150.79852988578105	1.58
121.23638024950553	1.58
138.74256951364396	1.58
140.11935137933423	1.58
150.79852988578105	1.58
121.23638024950553	1.58
129.66071803069346	1.58
142.3243745000344	1.58
148.15554062927131	1.58
114.2018014043837	1.58
137.67370595699686	1.58
138.796239906901	1.58
148.15554062927131	1.58
124.89842297796652	1.58
142.94200479692591	1.58
135.5692696685286	1.58
156.28285520157624	1.58
121.60681301509553	1.58
135.28734361580726	1.58
135.5692696685286	1.58
156.28285520157624	1.58
115.6814124336398	1.58
144.62802187704926	1.58
150.6865515314609	1.58
157.40005953127047	1.58
115.6814124336398	1.58
156.9120026635501	1.58
150.6865515314609	1.58
157.40005953127047	1.58
115.6814124336398	1.58
156.98361886784085	1.58
148.33855229192426	1.58
157.40005953127047	1.58
115.6814124336398	1.58
156.98361886784085	1.58
144.42861860797842	1.58
157.48631286500094	1.58
115.6814124336398	1.58
156.98361886784085	1.58
147.31972654925818	1.58
157.72026754860804	1.58
128.1659032718862	1.58
156.92312512054173	1.58
147.31972654925818	1.58
157.72026754860804	1.58
127.52093202616398	1.58
144.31095029840796	1.58
145.9834159550395	1.58
157.53970088166395	1.58
111.36041344408176	1.58
150.57392907592626	1.58
141.07166638407693	1.58
157.53970088166395	1.58
129.75307582295824	1.58
149.77303314382598	1.58
141.28923096915898	1.58
153.97489343233644	1.58
117.65418682990895	1.58
146.15479807484013	1.58
152.81090245961468	1.58
153.97489343233644	1.58
111.00765362272412	1.58
150.00639800422192	1.58
151.6487540233119	1.58
154.13664941860915	1.58
111.00765362272412	1.58
150.00639800422192	1.58
151.0977829722937	1.58
155.8993020949579	1.58
111.00765362272412	1.58
136.58518760953334	1.58
151.28487223368722	1.58
155.8993020949579	1.58
105.8854103344229	1.58
148.11361816236797	1.58
150.46148788835814	1.58
155.8993020949579	1.58
105.8854103344229	1.58
151.83041699148416	1.58
135.20508707470668	1.58
155.8993020949579	1.58
105.8854103344229	1.58
151.83041699148416	1.58
141.71609267462546	1.58
150.10817192745787	1.58
105.8854103344229	1.58
150.4692535778511	1.58
141.71609267462546	1.58
149.78756728161983	1.58
118.07950737317645	1.58
150.62494561946886	1.58
136.52663839109456	1.58
148.0677034105468	1.58
118.07950737317645	1.58
152.7845919788625	1.58
142.7345263596296	1.58
148.0677034105468	1.58
118.07950737317645	1.58
155.44961144131514	1.58
141.1948308374392	1.58
148.27329524498896	1.58
111.58156068779388	1.58
155.44961144131514	1.58
143.78784934834644	1.58
146.33281015052464	1.58
113.9397759438466	1.58
155.16688104279524	1.58
143.78784934834644	1.58
146.33281015052464	1.58
113.9397759438466	1.58
157.10115515135692	1.58
143.78784934834644	1.58
146.48621541424103	1.58
113.9397759438466	1.58
157.10115515135692	1.58
144.0674018025044	1.58
141.46418922533297	1.58
113.9397759438466	1.58
157.10115515135692	1.58
144.0674018025044	1.58
141.1524413082549	1.58
113.9397759438466	1.58
157.10115515135692	1.58
144.0674018025044	1.58
133.5212366329654	1.58
129.4537276135359	1.58
157.10115515135692	1.58
141.9212658965163	1.58
137.27568923215833	1.58
125.69644256769843	1.58
157.10115515135692	1.58
141.9212658965163	1.58
144.489220157484	1.58
125.69644256769843	1.58
151.1620641344621	1.58
140.83297327585652	1.58
143.33550677100686	1.58
114.33828761732596	1.58
150.17356993168295	1.58
140.1605840138008	1.58
144.16181965385056	1.58
117.82920021003235	1.58
150.17356993168295	1.58
136.82775571669652	1.58
146.27869480715873	1.58
120.1835097208553	1.58
153.72511502045455	1.58
135.8806329390778	1.58
148.3718286882171	1.58
120.1835097208553	1.58
153.72511502045455	1.58
127.39931039297298	1.58
140.33682502516984	1.58
113.45625836973244	1.58
153.72511502045455	1.58
132.3800725962467	1.58
139.6877806035536	1.58
123.00109788383526	1.58
147.55067200176578	1.58
131.80671752554318	1.58
141.59015706082707	1.58
123.00109788383526	1.58
146.15956211706253	1.58
136.24782613423224	1.58
146.30872971277358	1.58
123.00109788383526	1.58
146.22720959406325	1.58
134.0948319411551	1.58
146.35435741480458	1.58
123.00109788383526	1.58
146.2512484003781	1.58
134.82052254818726	1.58
143.01039385540568	1.58
123.98917423913669	1.58
146.93721289391718	1.58
134.71650490847887	1.58
143.83610654642882	1.58
125.11190299771576	1.58
147.3782810392217	1.58
134.49586636667908	1.58
143.83610654642882	1.58
122.21036431800438	1.58
154.05314344733014	1.58
145.57541685545803	1.58
143.83610654642882	1.58
117.70288074389275	1.58
156.13506964343583	1.58
156.7854684412833	1.58
143.21878344372448	1.58
117.70288074389275	1.58
157.81384785264268	1.58
156.7854684412833	1.58
146.97789746767594	1.58
132.92185794806693	1.58
155.26130465823806	1.58
152.05526651803206	1.58
148.37255736818503	1.58
119.39503676550873	1.58
155.26130465823806	1.58
152.05526651803206	1.58
149.01870478944954	1.58
115.59089588003216	1.58
155.26130465823806	1.58
152.05526651803206	1.58
149.1437665864406	1.58
115.59089588003216	1.58
155.26130465823806	1.58
154.6697901256669	1.58
143.37419100262753	1.58
115.59089588003216	1.58
151.7700637011699	1.58
154.79608280605814	1.58
141.88956195852236	1.58
115.59089588003216	1.58
155.74629872073842	1.58
154.79608280605814	1.58
142.83192514462888	1.58
135.55422872223107	1.58
155.74629872073842	1.58
154.79608280605814	1.58
142.83192514462888	1.58
134.57997922289888	1.58
157.82649290692018	1.58
154.79608280605814	1.58
142.88110304018562	1.58
131.36637812998285	1.58
157.82649290692018	1.58
154.79608280605814	1.58
134.81199264613628	1.58
109.71319540324941	1.58
157.82649290692018	1.58
152.87425641162525	1.58
134.81199264613628	1.58
119.47746420968471	1.58
157.82649290692018	1.58
152.87425641162525	1.58
140.14701464416498	1.58
119.47746420968471	1.58
157.82649290692018	1.58
154.28240584723167	1.58
132.0759660316397	1.58
119.47746420968471	1.58
157.82649290692018	1.58
137.25088101627887	1.58
133.38782527535707	1.58
127.8265945690968	1.58
153.5393396206302	1.58
139.11694441646364	1.58
134.76132860109854	1.58
128.70955295887558	1.58
142.78603516628507	1.58
134.40577406719393	1.58
134.85464842757364	1.58
129.96034658331175	1.58
144.76673768974865	1.58
134.40577406719393	1.58
134.85464842757364	1.58
127.3502336322804	1.58
146.5594315343641	1.58
134.0282929316261	1.58
134.85464842757364	1.58
127.3502336322804	1.58
151.98343969132776	1.58
139.79508354680954	1.58
135.59009002016387	1.58
117.79618560143793	1.58
151.98343969132776	1.58
144.65428785813185	1.58
135.87658284725532	1.58
119.11472326536996	1.58
149.33798263600272	1.58
148.44148352111816	1.58
137.18668073010932	1.58
131.59914415719228	1.58
149.55493750364133	1.58
148.44148352111816	1.58
133.31903258254994	1.58
124.39179777840127	1.58
153.860156542924	1.58
140.4428690121819	1.58
133.97199971251018	1.58
124.39179777840127	1.58
155.7000711152871	1.58
138.27748244008237	1.58
130.36989152298142	1.58
128.07458764492534	1.58
155.7000711152871	1.58
138.91661413964457	1.58
130.81618135036817	1.58
131.4665547708452	1.58
155.7000711152871	1.58
139.39229612873066	1.58
124.38232589397536	1.58
123.98772389986902	1.58
155.7000711152871	1.58
150.29302851115258	1.58
124.38232589397536	1.58
123.98772389986902	1.58
155.7000711152871	1.58
150.29302851115258	1.58
124.38232589397536	1.58
124.96830294486347	1.58
150.9021160303709	1.58
150.29302851115258	1.58
124.38232589397536	1.58
109.3302939633271	1.58
150.9021160303709	1.58
150.29302851115258	1.58
113.81038994741243	1.58
109.3302939633271	1.58
150.9021160303709	1.58
150.29302851115258	1.58
125.10944624589953	1.58
121.35766186838951	1.58
150.9021160303709	1.58
157.93182802664623	1.58
125.10944624589953	1.58
121.35766186838951	1.58
144.92445447193973	1.58
157.93182802664623	1.58
125.10944624589953	1.58
127.62128677034897	1.58
154.0307508566745	1.58
157.93182802664623	1.58
125.10944624589953	1.58
134.97679272039693	1.58
154.0307508566745	1.58
157.93182802664623	1.58
125.10944624589953	1.58
116.55057224225706	1.58
141.35296487879225	1.58
157.93182802664623	1.58
120.00551855103453	1.58
124.70539035444324	1.58
141.35296487879225	1.58
150.12524385828178	1.58
120.00551855103453	1.58
128.00675518108994	1.58
133.912886488532	1.58
151.1837103743948	1.58
115.41998333201033	1.58
121.94601829608109	1.58
129.72391734163057	1.58
151.1837103743948	1.58
115.41998333201033	1.58
113.27909542117155	1.58
125.53443262942162	1.58
151.1837103743948	1.58
117.30353956003064	1.58
113.27909542117155	1.58
133.0028291950753	1.58
151.1837103743948	1.58
123.02107776599736	1.58
109.38178172607667	1.58
139.35253172631084	1.58
151.1837103743948	1.58
109.20192868661852	1.58
118.68713336177473	1.58
131.8616993267549	1.58
151.1837103743948	1.58
114.81178108160944	1.58
113.37851677032303	1.58
140.25128832042867	1.58
151.1837103743948	1.58
114.81178108160944	1.58
111.83327356167297	1.58
131.89452964228676	1.58
138.671264282821	1.58
116.39384539031852	1.58
123.06199639754173	1.58
128.13603643547074	1.58
149.58469811104246	1.58
117.77583062944886	1.58
123.06199639754173	1.58
128.13603643547074	1.58
154.84332113264978	1.58
114.43046608521442	1.58
128.21866285706685	1.58
128.13180343132362	1.58
154.84332113264978	1.58
114.43046608521442	1.58
111.59691624031797	1.58
139.19229848614657	1.58
142.2056866450794	1.58
112.49292823247232	1.58
121.10694002472644	1.58
143.50204188444613	1.58
142.2056866450794	1.58
112.49292823247232	1.58
130.728578248803	1.58
143.50204188444613	1.58
142.2056866450794	1.58
112.49292823247232	1.58
135.99248733718198	1.58
138.46656179592532	1.58
142.09192929479877	1.58
112.49292823247232	1.58
134.26708950123492	1.58
138.4927454804163	1.58
142.56106850141072	1.58
116.30649920195937	1.58
128.11146793138906	1.58
135.53098494861032	1.58
142.760214308555	1.58
122.4890213702168	1.58
122.36876152885722	1.58
145.6573287634775	1.58
154.92633250183667	1.58
122.4890213702168	1.58
111.02990886045892	1.58
158.22214324673968	1.58
133.41879882750314	1.58
115.68440622833336	1.58
111.02990886045892	1.58
146.541006335566	1.58
132.26881774422216	1.58
115.68440622833336	1.58
120.90254060518592	1.58
146.541006335566	1.58
125.56475984845929	1.58
120.55707266948555	1.58
121.9309702082484	1.58
146.541006335566	1.58
127.16609039840608	1.58
118.8316277558778	1.58
121.9309702082484	1.58
156.07420074751656	1.58
125.95508008221529	1.58
120.01569446720568	1.58
121.9309702082484	1.58
156.07420074751656	1.58
126.65911601217063	1.58
120.01569446720568	1.58
123.60205594005151	1.58
157.43689247979938	1.58
127.77421806160292	1.58
123.62012924328045	1.58
124.37877824227694	1.58
157.43689247979938	1.58
126.75429153703243	1.58
115.66384584947636	1.58
122.71820251391023	1.58
154.28709670033464	1.58
123.53395130931857	1.58
110.02990821025432	1.58
123.04456518955861	1.58
148.55309335808172	1.58
123.67090999133302	1.58
108.71473909538093	1.58
123.04456518955861	1.58
134.75622113688257	1.58
123.67090999133302	1.58
120.53059338178817	1.58
123.1370732076994	1.58
138.84603071154936	1.58
123.6029770127016	1.58
116.69570599759844	1.58
122.95415118973061	1.58
133.72302184187382	1.58
124.19055574955794	1.58
107.6669088482158	1.58
121.89204881957184	1.58
136.68641399264283	1.58
135.88740590372592	1.58
107.6669088482158	1.58
128.47793691297545	1.58
134.43535500282425	1.58
147.74032284826083	1.58
107.6669088482158	1.58
129.23560502700357	1.58
133.54117526286865	1.58
149.74346343688322	1.58
120.16528928289452	1.58
127.02871514477083	1.58
134.92121441505353	1.58
143.11795912632428	1.58
122.88317068233265	1.58
127.02871514477083	1.58
145.8523044253284	1.58
140.13340827137085	1.58
123.14663629346208	1.58
123.6451206071718	1.58
149.21139178923914	1.58
141.30993866069096	1.58
133.80498160439782	1.58
124.19843652664623	1.58
150.70172882651428	1.58
146.42464911550607	1.58
126.97395068347079	1.58
132.512798488795	1.58
150.70172882651428	1.58
146.42464911550607	1.58
123.30009136769749	1.58
130.26703126495903	1.58
145.6035038602454	1.58
154.50945548237482	1.58
123.30009136769749	1.58
126.12549223294567	1.58
137.01761255979622	1.58
154.50945548237482	1.58
129.5468972553863	1.58
139.25958660697188	1.58
136.18379285132966	1.58
146.6594305764124	1.58
129.5468972553863	1.58
140.1126699234003	1.58
133.95864065384635	1.58
153.9726923329205	1.58
126.94104306660876	1.58
145.3066342715254	1.58
124.80040206695159	1.58
153.9726923329205	1.58
126.84323458927564	1.58
149.4170781443135	1.58
134.55717357213928	1.58
153.9726923329205	1.58
126.46072741029984	1.58
147.9633239204812	1.58
125.80101398268836	1.58
152.90751103831923	1.58
126.92687475856991	1.58
151.11139613950385	1.58
111.14183072431415	1.58
152.90751103831923	1.58
135.71249046001353	1.58
151.41861499504876	1.58
123.99954202096184	1.58
152.90751103831923	1.58
135.28508786584004	1.58
151.4224928774674	1.58
133.03564136451143	1.58
152.90751103831923	1.58
137.9729352261061	1.58
152.08188511280972	1.58
129.94986404352207	1.58
157.8345428551527	1.58
119.14591780812506	1.58
149.33241910738263	1.58
133.0183017997975	1.58
157.8345428551527	1.58
119.14591780812506	1.58
149.2223543211021	1.58
135.38237135716383	1.58
157.8345428551527	1.58
119.14591780812506	1.58
148.46413385122352	1.58
122.65235178577397	1.58
157.8345428551527	1.58
120.28619877529025	1.58
148.46413385122352	1.58
121.14939469443112	1.58
157.8345428551527	1.58
120.28619877529025	1.58
148.50645733912907	1.58
121.14939469443112	1.58
157.0773329879687	1.58
120.35035126794642	1.58
149.91679133570108	1.58
121.14939469443112	1.58
150.05367968079693	1.58
120.51557125314788	1.58
149.97738742820667	1.58
121.21836363136114	1.58
149.40056109355382	1.58
120.51557125314788	1.58
150.53894547623014	1.58
120.64241808644975	1.58
149.40056109355382	1.58
111.28030498302162	1.58
149.94978089908633	1.58
120.64241808644975	1.58
149.08454804961534	1.58
123.29964197287894	1.58
149.94978089908633	1.58
120.64241808644975	1.58
150.5290585837958	1.58
123.29964197287894	1.58
149.94978089908633	1.58
118.9949001609996	1.58
150.8267364528629	1.58
130.82460152084897	1.58
149.29196677997962	1.58
118.9949001609996	1.58
152.1707898003135	1.58
142.3939091486026	1.58
147.33441586121933	1.58
123.3414538217774	1.58
152.1707898003135	1.58
136.675827690331	1.58
145.78750830818677	1.58
115.58732249805333	1.58
152.1707898003135	1.58
129.96499196598535	1.58
145.78750830818677	1.58
119.27012839784645	1.58
152.1707898003135	1.58
129.96499196598535	1.58
145.78750830818677	1.58
119.57156040486612	1.58
152.9898569700297	1.58
129.28761595906343	1.58
139.38857674733444	1.58
119.57156040486612	1.58
152.56886598370468	1.58
128.9907342663603	1.58
139.38857674733444	1.58
114.07936907346804	1.58
155.96682352494253	1.58
133.0471617235051	1.58
128.12874492327987	1.58
111.6646255901355	1.58
153.44435564826875	1.58
136.47609247817508	1.58
143.5419576214191	1.58
111.6646255901355	1.58
153.44435564826875	1.58
143.0417967657453	1.58
137.7179295667067	1.58
111.66982329991066	1.58
153.44435564826875	1.58
139.1877620178322	1.58
136.83564926791985	1.58
111.66982329991066	1.58
147.60316946052868	1.58
134.6718741034747	1.58
131.7586651905059	1.58
111.66982329991066	1.58
147.60316946052868	1.58
127.19884211340707	1.58
131.7586651905059	1.58
116.97357415157033	1.58
152.57653279117295	1.58
124.55543218195183	1.58
125.94037707941776	1.58
113.03125878323397	1.58
144.9770464835171	1.58
118.29755219349728	1.58
123.16928316080215	1.58
113.86609708075378	1.58
144.9770464835171	1.58
121.12532480718757	1.58
123.16928316080215	1.58
109.95174076845478	1.58
141.05370815722515	1.58
121.12532480718757	1.58
134.8526121159772	1.58
112.9616573632714	1.58
142.96330219509298	1.58
122.26689490000855	1.58
145.0351916750571	1.58
112.9616573632714	1.58
150.88342615333232	1.58
111.84262734739448	1.58
147.53448692707357	1.58
112.9616573632714	1.58
154.16932536217683	1.58
127.57288794038222	1.58
152.71721951994158	1.58
112.16945341228401	1.58
153.44943755203448	1.58
128.1479921028532	1.58
152.71721951994158	1.58
112.16945341228401	1.58
153.83667193352056	1.58
123.89687595114687	1.58
152.17315624791075	1.58
115.01945046874143	1.58
153.83667193352056	1.58
123.89687595114687	1.58
153.210465829295	1.58
116.45302043378797	1.58
153.66605893950455	1.58
121.07539968151606	1.58
153.210465829295	1.58
116.45302043378797	1.58
153.66605893950455	1.58
123.4434475276621	1.58
152.7801886598283	1.58
116.31898575319372	1.58
153.66605893950455	1.58
128.27303654207296	1.58
152.7801886598283	1.58
110.78327779860435	1.58
154.34295212869358	1.58
145.7060564417386	1.58
153.49774812105807	1.58
119.66580067945571	1.58
157.23905016719263	1.58
136.36392251829358	1.58
153.49774812105807	1.58
119.66580067945571	1.58
157.23905016719263	1.58
151.67262968873018	1.58
151.14281927404664	1.58
133.547608682558	1.58
157.23905016719263	1.58
149.76393369314943	1.58
151.14281927404664	1.58
117.51218117154494	1.58
157.60606705901398	1.58
150.45916917440917	1.58
150.88265303342337	1.58
126.38759482597227	1.58
157.60606705901398	1.58
151.78511708874993	1.58
150.88265303342337	1.58
116.2686826352982	1.58
157.60606705901398	1.58
146.39494100617677	1.58
156.49508305026131	1.58
117.04277447757912	1.58
157.60606705901398	1.58
146.39494100617677	1.58
156.49508305026131	1.58
117.04277447757912	1.58
157.60606705901398	1.58
146.39494100617677	1.58
150.02066000293865	1.58
127.44218604157479	1.58
157.60606705901398	1.58
147.63872239331585	1.58
146.1368732081048	1.58
127.44218604157479	1.58
157.60606705901398	1.58
139.52085564752505	1.58
146.9530102758143	1.58
132.65764636265774	1.58
157.60606705901398	1.58
135.40743109734098	1.58
147.73093972651162	1.58
130.02595911206365	1.58
157.60606705901398	1.58
143.3182353442497	1.58
149.5627456057843	1.58
118.4976885504938	1.58
157.60606705901398	1.58
139.93257922738763	1.58
150.02982441711373	1.58
118.67050695805133	1.58
157.60606705901398	1.58
138.73572838262115	1.58
150.02982441711373	1.58
112.59618186740178	1.58
157.60606705901398	1.58
136.123885991581	1.58
147.1556903689208	1.58
112.59618186740178	1.58
157.60606705901398	1.58
126.64790421408534	1.58
147.1556903689208	1.58
112.59618186740178	1.58
156.060379687477	1.58
126.64790421408534	1.58
147.1556903689208	1.58
121.31090514149669	1.58
156.060379687477	1.58
126.64790421408534	1.58
147.1556903689208	1.58
117.44087531053638	1.58
156.060379687477	1.58
133.78383383322426	1.58
146.85534584105844	1.58
117.44087531053638	1.58
156.060379687477	1.58
140.65643181617614	1.58
149.26243454535992	1.58
117.44087531053638	1.58
156.060379687477	1.58
144.56586166844545	1.58
134.76347783974583	1.58
117.81241895174738	1.58
156.060379687477	1.58
144.56586166844545	1.58
134.93792484090056	1.58
117.81241895174738	1.58
156.060379687477	1.58
144.56586166844545	1.58
142.9273144023659	1.58
112.06750232040207	1.58
153.09437352974663	1.58
141.8387183021485	1.58
140.58402828848048	1.58
124.72037915769718	1.58
157.67430923061903	1.58
142.11714066146493	1.58
124.95477554910988	1.58
124.56670409918601	1.58
157.6890872845278	1.58
141.25027092642463	1.58
124.90991656033752	1.58
126.81579000069013	1.58
157.6890872845278	1.58
141.25027092642463	1.58
111.31977468037306	1.58
117.76550298864484	1.58
157.6890872845278	1.58
131.42603182720794	1.58
111.35290010359697	1.58
113.20268326080888	1.58
157.6890872845278	1.58
127.50664106932764	1.58
111.35290010359697	1.58
110.55948739365502	1.58
157.6890872845278	1.58
142.0810298620068	1.58
111.62875083764513	1.58
124.3729113240073	1.58
152.61113405789376	1.58
143.50186021533617	1.58
117.3259607019538	1.58
120.42281397201695	1.58
152.61113405789376	1.58
144.604140294317	1.58
116.16900884594585	1.58
120.42281397201695	1.58
151.46532466527006	1.58
142.30237304291958	1.58
116.16900884594585	1.58
121.4390190721642	1.58
148.62045861310958	1.58
143.37165710465942	1.58
116.16900884594585	1.58
124.82856844233311	1.58
148.62045861310958	1.58
142.07751490829574	1.58
117.08595923148364	1.58
125.62184539106218	1.58
148.62045861310958	1.58
143.09329671743615	1.58
117.08595923148364	1.58
108.84964204884395	1.58
148.62045861310958	1.58
144.34977218787012	1.58
117.8633542863686	1.58
112.89724274747887	1.58
148.62045861310958	1.58
143.98232948483957	1.58
116.97834644005992	1.58
111.29013707639723	1.58
149.00173269513448	1.58
150.9796120485711	1.58
127.45353871583873	1.58
107.04463059606076	1.58
149.00173269513448	1.58
150.9796120485711	1.58
127.45353871583873	1.58
107.04463059606076	1.58
149.8469473440058	1.58
150.7676881864228	1.58
113.18827329508991	1.58
107.04463059606076	1.58
149.8469473440058	1.58
151.6440443072986	1.58
118.20559942379671	1.58
107.04463059606076	1.58
145.28734998991717	1.58
154.5203861048675	1.58
114.3161199065531	1.58
111.85989200306189	1.58
148.44904414967323	1.58
153.84871565996087	1.58
113.7939200191093	1.58
111.85989200306189	1.58
154.9422358118024	1.58
153.84871565996087	1.58
114.41533218302374	1.58
111.58978404750313	1.58
154.9422358118024	1.58
152.95253945769264	1.58
115.46534845092864	1.58
111.58978404750313	1.58
154.55933482973325	1.58
152.168473416842	1.58
115.24478721520224	1.58
109.95021905263955	1.58
154.55933482973325	1.58
152.61973577149965	1.58
130.1615870827932	1.58
114.33744657230889	1.58
147.87532141877992	1.58
156.74443449352353	1.58
129.44455314423044	1.58
114.33744657230889	1.58
142.6922841183827	1.58
156.74443449352353	1.58
116.36904354618056	1.58
133.21617622146425	1.58
146.6781769199435	1.58
156.74443449352353	1.58
115.16420088922976	1.58
141.93999497384954	1.58
146.6781769199435	1.58
156.74443449352353	1.58
115.16420088922976	1.58
128.70445954391232	1.58
150.07190661976588	1.58
156.12685085057944	1.58
115.16420088922976	1.58
122.24887784051054	1.58
157.96862372748453	1.58
154.85560792263053	1.58
111.92797679908857	1.58
122.29767839647029	1.58
154.24758816630427	1.58
154.8911053435809	1.58
126.9903510849622	1.58
112.85323222057227	1.58
141.3543779771619	1.58
154.8911053435809	1.58
140.21527650177404	1.58
112.85323222057227	1.58
142.17396939570602	1.58
154.8911053435809	1.58
138.25952248765051	1.58
114.62887713926354	1.58
138.14066392429285	1.58
154.8911053435809	1.58
138.28517208180168	1.58
114.62887713926354	1.58
128.30910190279826	1.58
154.8911053435809	1.58
130.42032809971795	1.58
114.62887713926354	1.58
127.81976921234286	1.58
154.8911053435809	1.58
136.82855424204118	1.58
114.62887713926354	1.58
120.96144960104249	1.58
154.8911053435809	1.58
134.1614767294756	1.58
110.42780535368175	1.58
120.96144960104249	1.58
151.59547412456868	1.58
129.87529159584773	1.58
117.00390735128053	1.58
116.54895301399046	1.58
151.59547412456868	1.58
138.49435102601618	1.58
117.00390735128053	1.58
111.45664902129633	1.58
151.59547412456868	1.58
128.81522037005226	1.58
117.00390735128053	1.58
128.56583848075252	1.58
150.20387733003219	1.58
129.02736389898274	1.58
121.72691344863156	1.58
128.5842792525303	1.58
150.20387733003219	1.58
128.86073611677386	1.58
121.72691344863156	1.58
117.4549917214664	1.58
137.2923128606534	1.58
136.07396784723625	1.58
121.40295884092147	1.58
117.18045243032589	1.58
137.2923128606534	1.58
138.98990171252694	1.58
115.98767653433917	1.58
117.18045243032589	1.58
144.6602992532895	1.58
137.188846902838	1.58
125.21880520851039	1.58
130.91025356916958	1.58
144.6602992532895	1.58
141.76974014314644	1.58
109.58500270300101	1.58
122.83273409111506	1.58
158.1852320071409	1.58
155.9553846897692	1.58
116.30560590306786	1.58
122.83273409111506	1.58
158.1852320071409	1.58
155.9553846897692	1.58
116.30560590306786	1.58
122.83273409111506	1.58
158.1852320071409	1.58
141.04570973071935	1.58
127.55838833660022	1.58
119.60045357101262	1.58
158.1852320071409	1.58
141.04570973071935	1.58
127.55838833660022	1.58
119.60045357101262	1.58
154.36315802564548	1.58
141.04570973071935	1.58
122.28922990647708	1.58
114.86915909130396	1.58
154.36315802564548	1.58
146.62081385807693	1.58
122.28922990647708	1.58
114.86915909130396	1.58
154.36315802564548	1.58
137.23100602502674	1.58
133.46652463926134	1.58
114.86915909130396	1.58
157.6782891389761	1.58
144.02083584420564	1.58
138.28700333928094	1.58
120.86869981649286	1.58
157.6782891389761	1.58
144.02083584420564	1.58
129.11911989781507	1.58
120.86869981649286	1.58
157.6782891389761	1.58
139.60013560708893	1.58
130.23886857675535	1.58
120.7211459715432	1.58
144.68565747663283	1.58
139.60013560708893	1.58
125.6605292498047	1.58
120.7211459715432	1.58
144.68565747663283	1.58
134.7573193640725	1.58
127.96693143936179	1.58
116.65379717122525	1.58
151.47100205814183	1.58
130.7210744833863	1.58
138.54026307104274	1.58
127.86994230140942	1.58
151.47100205814183	1.58
130.7210744833863	1.58
138.54026307104274	1.58
124.55710313635178	1.58
155.1526344073015	1.58
128.60804473961318	1.58
145.60881869989652	1.58
123.48942640875184	1.58
155.1526344073015	1.58
116.46635243115523	1.58
141.90744741391313	1.58
123.48942640875184	1.58
151.40062750213957	1.58
116.46635243115523	1.58
143.75282466264568	1.58
123.48942640875184	1.58
151.40062750213957	1.58
115.08705778104844	1.58
141.44057870269114	1.58
119.56539027366189	1.58
140.25151379891054	1.58
126.91535069946997	1.58
144.27185280591286	1.58
110.80737331976326	1.58
139.63427914235203	1.58
110.18469066873746	1.58
148.63698623747172	1.58
110.23614466818802	1.58
143.75342058752298	1.58
114.82322312372587	1.58
157.48892817409123	1.58
118.85494411464467	1.58
135.1519157635541	1.58
113.14071210457011	1.58
155.86926358382976	1.58
120.89508177414665	1.58
129.46945147770035	1.58
126.8852284866853	1.58
155.86926358382976	1.58
121.42165722650192	1.58
139.01830480074545	1.58
138.64394697478915	1.58
155.86926358382976	1.58
121.42165722650192	1.58
138.07702403572438	1.58
149.65609778209569	1.58
147.52238445701005	1.58
117.7495759019145	1.58
137.7090819933739	1.58
149.80940350897993	1.58
145.80235135295405	1.58
114.0647591512062	1.58
135.15179021948003	1.58
149.0723143759289	1.58
150.91031467489327	1.58
114.0647591512062	1.58
139.02685040310377	1.58
149.0723143759289	1.58
150.96029865921574	1.58
111.961875870491	1.58
138.51632670894554	1.58
149.0723143759289	1.58
149.14437006424058	1.58
111.961875870491	1.58
142.43601284446768	1.58
153.85078085782862	1.58
149.14437006424058	1.58
116.30415996707808	1.58
144.61495558291583	1.58
144.6852832350749	1.58
153.20558256572963	1.58
117.87200180341797	1.58
136.67396966155238	1.58
148.15442512273123	1.58
146.10750678856851	1.58
121.71848567703492	1.58
139.66319396830195	1.58
147.24270733522366	1.58
146.9197201817207	1.58
121.71848567703492	1.58
146.33752619364833	1.58
140.4594642767545	1.58
146.8052534536098	1.58
133.82119798530476	1.58
146.46970673759822	1.58
141.04012916432606	1.58
146.84358947082933	1.58
134.0310491774491	1.58
146.14432425472333	1.58
141.10500145212794	1.58
146.84358947082933	1.58
138.18225009735502	1.58
146.14432425472333	1.58
142.44533917815644	1.58
146.84358947082933	1.58
134.4235845268325	1.58
146.55080186127353	1.58
142.08065663846716	1.58
149.08815519033897	1.58
128.3315920740718	1.58
146.55080186127353	1.58
142.08065663846716	1.58
152.34977088428155	1.58
115.7414556348347	1.58
150.22095533064922	1.58
144.4832774428635	1.58
153.8549072925004	1.58
124.43203208189578	1.58
150.22095533064922	1.58
147.56131974323853	1.58
155.91607942679218	1.58
120.9073218452867	1.58
150.22095533064922	1.58
142.47275473308147	1.58
155.91607942679218	1.58
127.71533157639375	1.58
146.899461344647	1.58
157.09263614024235	1.58
155.40237075791265	1.58
127.71533157639375	1.58
148.89940114770542	1.58
144.1187439899342	1.58
153.4842909563621	1.58
127.71533157639375	1.58
148.89940114770542	1.58
141.56579806420322	1.58
153.4842909563621	1.58
120.76434553156906	1.58
148.89940114770542	1.58
141.76449166713365	1.58
153.4842909563621	1.58
109.47365724344775	1.58
133.64434666125018	1.58
141.76449166713365	1.58
153.4842909563621	1.58
109.47365724344775	1.58
133.64434666125018	1.58
144.30963691272837	1.58
153.4842909563621	1.58
113.44121212591564	1.58
128.6883119229794	1.58
139.82792735265878	1.58
144.77889520411955	1.58
113.44121212591564	1.58
133.38538369061382	1.58
149.24372837238292	1.58
140.83593455592575	1.58
111.94680541910618	1.58
127.13958975046144	1.58
148.96183806429508	1.58
134.82566497618538	1.58
111.94680541910618	1.58
141.77137132359655	1.58
154.0100271889719	1.58
140.75703327723815	1.58
111.94680541910618	1.58
141.78456245089598	1.58
143.0247751905472	1.58
138.6603120665323	1.58
124.92601595709823	1.58
133.67394013249574	1.58
141.6550414546657	1.58
139.87095530796722	1.58
122.96726642861233	1.58
129.05363401622813	1.58
141.6550414546657	1.58
140.19866376382237	1.58
109.69619655589096	1.58
137.85031956021555	1.58
158.23317470212456	1.58
140.28478550045074	1.58
122.99967313955	1.58
137.99764370760406	1.58
157.98474802191484	1.58
140.99256608913416	1.58
126.513308662248	1.58
141.9963301403385	1.58
157.98474802191484	1.58
140.99256608913416	1.58
120.31410965876904	1.58
156.28320583451313	1.58
157.98474802191484	1.58
146.26674039196172	1.58
120.31410965876904	1.58
156.28320583451313	1.58
157.98474802191484	1.58
141.74601844452243	1.58
120.61888297070907	1.58
156.28320583451313	1.58
153.97799326909885	1.58
141.74601844452243	1.58
135.8579158752728	1.58
156.28320583451313	1.58
155.36945420757704	1.58
140.35258464302575	1.58
119.83962773637893	1.58
155.9907872035409	1.58
150.3195514877055	1.58
145.08561376736884	1.58
119.83962773637893	1.58
155.9907872035409	1.58
136.7343602033581	1.58
140.73371759681925	1.58
119.83962773637893	1.58
150.81094931870675	1.58
133.537633464091	1.58
138.7875693825475	1.58
119.83962773637893	1.58
153.99271492843744	1.58
131.2623358901818	1.58
131.6180128671498	1.58
116.07668226413158	1.58
153.99271492843744	1.58
131.40552859036453	1.58
121.0424281302044	1.58
113.68146998146688	1.58
147.8502466411198	1.58
138.48674856171942	1.58
129.31680555163967	1.58
113.68146998146688	1.58
139.56164122767296	1.58
142.8841299960085	1.58
128.05877486146142	1.58
122.41895069473625	1.58
152.01234112126534	1.58
135.87526978179233	1.58
127.63632031546067	1.58
136.45573144730085	1.58
154.1527763146997	1.58
141.20913878586015	1.58
121.86924119380825	1.58
123.83416800650117	1.58
154.1527763146997	1.58
144.1651444420341	1.58
121.86924119380825	1.58
123.83416800650117	1.58
154.1527763146997	1.58
144.1651444420341	1.58
121.86924119380825	1.58
119.19338949942357	1.58
154.1527763146997	1.58
157.94237711197636	1.58
125.9355090068796	1.58
119.19338949942357	1.58
153.42128993227848	1.58
157.94237711197636	1.58
111.83772185066107	1.58
117.01476579015477	1.58
153.42128993227848	1.58
157.94237711197636	1.58
117.81193705504873	1.58
117.01476579015477	1.58
153.42128993227848	1.58
157.94237711197636	1.58
117.81193705504873	1.58
114.93095631577879	1.58
153.84806029650076	1.58
157.94237711197636	1.58
126.61530031666713	1.58
122.091053880723	1.58
153.84806029650076	1.58
157.94237711197636	1.58
124.52838633400316	1.58
122.091053880723	1.58
154.42546086163043	1.58
157.94237711197636	1.58
124.52838633400316	1.58
121.25638693186517	1.58
154.42546086163043	1.58
157.94237711197636	1.58
118.26602595147754	1.58
121.25638693186517	1.58
154.42546086163043	1.58
157.5595995140601	1.58
111.52370640394265	1.58
121.25638693186517	1.58
154.42546086163043	1.58
155.9487604724547	1.58
108.58574287565995	1.58
121.25638693186517	1.58
154.42546086163043	1.58
155.9487604724547	1.58
108.58574287565995	1.58
121.25638693186517	1.58
154.42546086163043	1.58
157.67914765021428	1.58
108.58574287565995	1.58
121.25638693186517	1.58
151.66672339297014	1.58
157.67914765021428	1.58
126.72885380935824	1.58
127.62226334903534	1.58
144.36309576021654	1.58
157.67914765021428	1.58
124.79588372628919	1.58
123.4770648343079	1.58
144.36309576021654	1.58
157.67914765021428	1.58
119.59072614919738	1.58
128.91134521149982	1.58
144.36309576021654	1.58
157.67914765021428	1.58
119.59072614919738	1.58
113.91573922304144	1.58
144.55406903664735	1.58
157.67914765021428	1.58
119.59072614919738	1.58
119.12142635601909	1.58
157.48476966630372	1.58
157.67914765021428	1.58
119.59072614919738	1.58
119.12142635601909	1.58
157.48476966630372	1.58
157.67914765021428	1.58
119.59072614919738	1.58
126.67912450521793	1.58
157.48476966630372	1.58
157.67914765021428	1.58
109.87803814594827	1.58
126.67912450521793	1.58
157.48476966630372	1.58
157.67914765021428	1.58
117.3164776110809	1.58
122.64319961256999	1.58
157.48476966630372	1.58
157.67914765021428	1.58
124.20874511963979	1.58
122.64319961256999	1.58
157.72067434341625	1.58
150.4923066236997	1.58
123.38951408637232	1.58
121.96861865350124	1.58
157.72067434341625	1.58
150.4923066236997	1.58
127.4364916162224	1.58
116.30437768830181	1.58
157.72067434341625	1.58
157.16504449570172	1.58
129.85365359959553	1.58
124.9313848745994	1.58
150.95025126511996	1.58
157.16504449570172	1.58
133.9120880732738	1.58
111.76079370753027	1.58
141.84499714747798	1.58
157.16504449570172	1.58
127.14750546211057	1.58
111.76079370753027	1.58
151.3557630788979	1.58
157.16504449570172	1.58
130.71027466238385	1.58
111.76079370753027	1.58
157.55146283289514	1.58
157.16504449570172	1.58
136.2180851442127	1.58
111.76079370753027	1.58
157.55146283289514	1.58
157.16504449570172	1.58
128.23833260659964	1.58
129.72233357803734	1.58
157.55146283289514	1.58
152.91330064011586	1.58
110.73988387511514	1.58
124.4957137596729	1.58
138.89411424341418	1.58
152.91330064011586	1.58
110.73988387511514	1.58
112.7246596985294	1.58
131.28885989006838	1.58
152.91330064011586	1.58
124.4846325923376	1.58
112.1615159602525	1.58
138.00281992092368	1.58
152.91330064011586	1.58
125.95688483300121	1.58
112.1615159602525	1.58
142.87721381993114	1.58
152.91330064011586	1.58
106.67079733757797	1.58
110.3591438194005	1.58
142.87721381993114	1.58
136.14754302595975	1.58
111.63674172080601	1.58
109.01068324444833	1.58
142.87721381993114	1.58
148.11195488705755	1.58
111.20884473839249	1.58
109.01068324444833	1.58
130.27599614213412	1.58
148.11195488705755	1.58
111.20884473839249	1.58
109.01068324444833	1.58
123.24544477943573	1.58
148.11195488705755	1.58
111.20884473839249	1.58
109.01068324444833	1.58
126.27000194819718	1.58
143.34032089742945	1.58
111.20884473839249	1.58
115.33204649607103	1.58
126.27000194819718	1.58
143.34032089742945	1.58
111.20884473839249	1.58
116.4171994823842	1.58
140.23890435072613	1.58
155.45121452160885	1.58
111.90261005124108	1.58
119.61969145466269	1.58
140.23890435072613	1.58
155.45121452160885	1.58
111.90261005124108	1.58
113.57181002283886	1.58
127.20049052863523	1.58
142.89257014354357	1.58
117.7357647683773	1.58
117.71913478729871	1.58
127.20049052863523	1.58
157.1506043643454	1.58
121.2632568481792	1.58
111.80941999486907	1.58
128.31370958326804	1.58
141.07750496917382	1.58
118.27175200220847	1.58
111.80941999486907	1.58
133.13308838108887	1.58
149.2009758573477	1.58
126.86610743903299	1.58
111.88781293529732	1.58
132.89250524242524	1.58
149.2009758573477	1.58
126.86610743903299	1.58
114.30178690357778	1.58
134.70642329069918	1.58
153.68632594991635	1.58
126.86610743903299	1.58
114.30178690357778	1.58
152.75161357956537	1.58
154.01272187255987	1.58
126.86610743903299	1.58
114.30178690357778	1.58
152.75161357956537	1.58
150.06434005629242	1.58
113.90397646714209	1.58
119.64606672992277	1.58
152.75161357956537	1.58
150.06434005629242	1.58
126.79789054454518	1.58
119.64606672992277	1.58
152.75161357956537	1.58
145.18422774066758	1.58
132.96945481569819	1.58
128.0196174990234	1.58
156.03222299571792	1.58
147.1697820376563	1.58
134.82074563854235	1.58
124.1610860274968	1.58
149.8429571578966	1.58
143.0269403791204	1.58
133.27581996158807	1.58
134.74796339796703	1.58
147.66715030836198	1.58
146.12731153696643	1.58
133.27581996158807	1.58
134.74796339796703	1.58
147.66715030836198	1.58
151.04159747876523	1.58
141.09632578375118	1.58
130.72255823083498	1.58
142.8828910522918	1.58
151.04159747876523	1.58
141.09632578375118	1.58
123.39889715126742	1.58
142.8828910522918	1.58
151.04159747876523	1.58
139.57345558875951	1.58
124.13698324002982	1.58
142.8828910522918	1.58
152.76473868861285	1.58
139.3342832583986	1.58
124.13698324002982	1.58
156.30508979825197	1.58
152.76473868861285	1.58
135.3949979118202	1.58
124.13698324002982	1.58
156.30508979825197	1.58
150.7383293374556	1.58
123.31968711506855	1.58
110.36763136917159	1.58
156.30508979825197	1.58
148.53340475707122	1.58
122.92875289980182	1.58
113.80113743861753	1.58
140.42024078595125	1.58
148.53340475707122	1.58
118.96965308500648	1.58
126.44576833853027	1.58
134.14780753904023	1.58
148.1467589295067	1.58
106.4146718797771	1.58
119.46938219599204	1.58
137.41650742216993	1.58
151.77491290036448	1.58
106.4146718797771	1.58
126.13402378654673	1.58
139.68728442831434	1.58
151.77491290036448	1.58
106.4146718797771	1.58
124.11110756116304	1.58
137.58371917925516	1.58
156.1090831110582	1.58
120.65890627740711	1.58
132.86459957552458	1.58
143.9822632382346	1.58
156.1090831110582	1.58
118.61131733525625	1.58
122.53209195530715	1.58
148.48115988367917	1.58
148.10362376350014	1.58
109.73496563726424	1.58
115.17317721558598	1.58
142.1183128939822	1.58
137.59438822461746	1.58
117.97081185724397	1.58
112.0233000454011	1.58
142.1183128939822	1.58
144.7828743774753	1.58
117.97081185724397	1.58
112.0233000454011	1.58
142.1183128939822	1.58
144.7828743774753	1.58
121.34523305153618	1.58
112.0233000454011	1.58
142.1183128939822	1.58
150.26831375750646	1.58
121.34523305153618	1.58
112.0233000454011	1.58
133.7573336111713	1.58
150.26831375750646	1.58
121.34523305153618	1.58
117.88306082820182	1.58
138.91580502320812	1.58
150.26831375750646	1.58
126.04084862685073	1.58
120.46441067857073	1.58
156.44742800511352	1.58
151.83838394488927	1.58
129.58487070631676	1.58
133.50313201440702	1.58
156.44742800511352	1.58
151.83838394488927	1.58
118.84918932722633	1.58
126.79315882999045	1.58
156.44742800511352	1.58
151.83838394488927	1.58
108.71923726067254	1.58
126.79315882999045	1.58
156.44742800511352	1.58
156.2615341529684	1.58
121.10684726614966	1.58
123.39233121364029	1.58
156.44742800511352	1.58
148.26871683682856	1.58
123.2898158567243	1.58
134.0417346686674	1.58
156.44742800511352	1.58
145.44956636361806	1.58
130.591545718793	1.58
129.26202458703716	1.58
156.44742800511352	1.58
144.0426614205812	1.58
109.75575194861021	1.58
139.11832873756106	1.58
151.53151901238752	1.58
146.05401494513964	1.58
116.4817035789697	1.58
136.17668700053986	1.58
153.35512177477736	1.58
149.69313410062858	1.58
117.12060325903553	1.58
134.51851625507007	1.58
148.8913137699614	1.58
140.5097799631184	1.58
118.10347409072602	1.58
121.9804396214801	1.58
148.8913137699614	1.58
148.09321460114825	1.58
114.25709895130407	1.58
121.9804396214801	1.58
157.63277029890827	1.58
148.09321460114825	1.58
125.21459276169486	1.58
128.00649259452325	1.58
157.63277029890827	1.58
154.46883345053823	1.58
111.04239628199112	1.58
128.00649259452325	1.58
157.63277029890827	1.58
150.0857553094502	1.58
111.04239628199112	1.58
135.15550920554105	1.58
157.63277029890827	1.58
150.00549523834945	1.58
119.75290448185281	1.58
125.1541382591167	1.58
157.63277029890827	1.58
150.00549523834945	1.58
131.701506810963	1.58
123.13167580036247	1.58
157.63277029890827	1.58
150.00549523834945	1.58
136.84481270195485	1.58
123.13167580036247	1.58
157.63277029890827	1.58
153.03315202281644	1.58
141.49721993167512	1.58
125.25408463265401	1.58
157.63277029890827	1.58
153.03315202281644	1.58
135.52677273807336	1.58
125.25408463265401	1.58
157.63277029890827	1.58
146.73601285797037	1.58
134.01535058315636	1.58
112.58900153164612	1.58
157.63277029890827	1.58
147.5808131844879	1.58
126.44499441943906	1.58
110.69229340315707	1.58
157.63277029890827	1.58
147.5808131844879	1.58
136.22487905986472	1.58
110.69229340315707	1.58
149.49445780950052	1.58
154.94050240445654	1.58
140.62395924165793	1.58
110.69229340315707	1.58
154.6031692754725	1.58
148.72930647632953	1.58
138.74598383549335	1.58
112.67401360916955	1.58
155.52505904059672	1.58
146.90132257369768	1.58
132.36068536941735	1.58
112.67401360916955	1.58
155.52505904059672	1.58
146.19092070290205	1.58
125.291771670121	1.58
114.51760977056558	1.58
155.52505904059672	1.58
139.04861427177468	1.58
125.291771670121	1.58
114.51760977056558	1.58
157.80773503737518	1.58
144.6265506630426	1.58
119.67682244747525	1.58
114.51760977056558	1.58
157.80773503737518	1.58
139.9717483665462	1.58
119.63229592229374	1.58
114.51760977056558	1.58
144.66944503937043	1.58
155.9901471893063	1.58
120.07177242018861	1.58
114.51760977056558	1.58
140.7721188605416	1.58
146.6347595618645	1.58
120.07177242018861	1.58
112.33237494483924	1.58
140.7721188605416	1.58
146.6347595618645	1.58
119.52849021782393	1.58
112.33237494483924	1.58
156.77217551131486	1.58
137.0714092661335	1.58
119.52849021782393	1.58
134.32176303419877	1.58
156.77217551131486	1.58
142.08985901002438	1.58
127.61673859520036	1.58
138.89136967678132	1.58
148.49592779285342	1.58
143.58212878482877	1.58
136.9668100498464	1.58
133.59854497352055	1.58
143.37829208466187	1.58
148.54225957612857	1.58
138.96191547700775	1.58
124.53825878100439	1.58
150.6040784781227	1.58
148.54225957612857	1.58
142.28565227931003	1.58
116.53267567302913	1.58
135.65783842582536	1.58
137.30831229791517	1.58
141.72229888159268	1.58
115.8772086040614	1.58
146.623112836684	1.58
133.20766182089284	1.58
139.82606743622668	1.58
122.39192017126811	1.58
151.17661591825953	1.58
135.40206985685634	1.58
135.05493698252718	1.58
122.39192017126811	1.58
151.17661591825953	1.58
135.3572192291675	1.58
135.07216674669252	1.58
122.39192017126811	1.58
149.12848596898718	1.58
147.06182975111997	1.58
136.2028744816038	1.58
113.11803579197789	1.58
149.12848596898718	1.58
144.7288103867412	1.58
132.7781186385691	1.58
113.11803579197789	1.58
149.12848596898718	1.58
148.06905273582674	1.58
125.29783094263625	1.58
113.11803579197789	1.58
152.3395496586106	1.58
146.95766414776654	1.58
122.98903138972028	1.58
113.11803579197789	1.58
147.10172944278912	1.58
152.08290253923704	1.58
115.52972656921615	1.58
119.50573481812431	1.58
147.10172944278912	1.58
152.08290253923704	1.58
115.52972656921615	1.58
119.50573481812431	1.58
147.10172944278912	1.58
152.08290253923704	1.58
118.5063239121952	1.58
133.11841270328438	1.58
147.10172944278912	1.58
152.08290253923704	1.58
118.5063239121952	1.58
122.43941083936147	1.58
143.20412507869	1.58
152.08290253923704	1.58
118.5063239121952	1.58
131.80876740647858	1.58
143.10323607898766	1.58
152.08290253923704	1.58
118.5063239121952	1.58
137.1122078625166	1.58
144.6895836451375	1.58
154.25887258729827	1.58
129.94750152725618	1.58
125.23132443677723	1.58
155.14436018921276	1.58
145.7453571073973	1.58
134.55046953814178	1.58
120.74473366494107	1.58
155.14436018921276	1.58
145.87886331677157	1.58
134.55046953814178	1.58
120.74473366494107	1.58
156.88808302830319	1.58
146.64801913855126	1.58
133.00539014400883	1.58
120.74473366494107	1.58
152.71397767235206	1.58
145.13921104261212	1.58
131.4671557840397	1.58
120.87016772516819	1.58
152.71397767235206	1.58
142.830045831849	1.58
141.1133728084621	1.58
122.47294396499984	1.58
152.71397767235206	1.58
143.6549832173219	1.58
141.1133728084621	1.58
126.7229119877444	1.58
148.54313914375524	1.58
143.46780617960596	1.58
134.7220434278308	1.58
118.19753001387288	1.58
148.54313914375524	1.58
145.75016382264994	1.58
125.63097437495531	1.58
118.3648871559939	1.58
147.75120228600449	1.58
152.46152361911675	1.58
136.43289210185804	1.58
118.3648871559939	1.58
147.75120228600449	1.58
152.46152361911675	1.58
133.52661786970634	1.58
113.33396382052524	1.58
147.75120228600449	1.58
149.80157320044424	1.58
140.2411653494152	1.58
113.33396382052524	1.58
154.4685289935797	1.58
150.481973732258	1.58
134.4089940675911	1.58
111.2085794867772	1.58
154.4685289935797	1.58
135.13814140749685	1.58
134.4089940675911	1.58
111.2085794867772	1.58
154.4685289935797	1.58
135.75686924578014	1.58
133.96420081332974	1.58
111.2085794867772	1.58
147.15701744497485	1.58
135.8671346051967	1.58
139.1353489438854	1.58
120.99393822627565	1.58
135.87331654367628	1.58
133.96490231702293	1.58
142.85751481591595	1.58
115.66703774422251	1.58
132.8197076125763	1.58
136.02220768500095	1.58
138.4580797269077	1.58
118.92978621965497	1.58
133.26565644264272	1.58
152.8410767324167	1.58
141.09439211092652	1.58
130.2356810583808	1.58
133.69953046980757	1.58
157.6627707420278	1.58
139.94704497589606	1.58
130.6879261954838	1.58
132.0405350592873	1.58
157.6627707420278	1.58
139.57253431836287	1.58
130.50792965880444	1.58
126.72947896001622	1.58
154.20332582196568	1.58
133.6100321057777	1.58
125.48778584098464	1.58
126.17005593990169	1.58
154.20332582196568	1.58
114.04936074124565	1.58
135.6631173186811	1.58
123.65387211049173	1.58
148.13843799827148	1.58
114.04936074124565	1.58
138.43042540415917	1.58
124.79116509713097	1.58
147.27416744384695	1.58
111.01657226257471	1.58
135.782877279838	1.58
128.49093087911362	1.58
147.27416744384695	1.58
111.01657226257471	1.58
142.58712159940097	1.58
125.72151108301831	1.58
151.40306009405774	1.58
127.15714894805308	1.58
136.12448805801796	1.58
115.44404208813597	1.58
151.72791144731414	1.58
131.95363159037322	1.58
136.12448805801796	1.58
109.15027624871651	1.58
151.72791144731414	1.58
132.07541256313277	1.58
128.71286827836872	1.58
109.15027624871651	1.58
151.72791144731414	1.58
132.26366671060532	1.58
121.10106404854683	1.58
113.4105495908967	1.58
151.72791144731414	1.58
141.31506437178376	1.58
124.27673166532315	1.58
109.55532058468731	1.58
151.40762054848327	1.58
127.40419231534362	1.58
131.9162225331228	1.58
109.55532058468731	1.58
152.4750942366678	1.58
129.1558908502671	1.58
132.17437404955794	1.58
114.44133475870161	1.58
145.66402297944336	1.58
133.768705187991	1.58
140.83523998820823	1.58
114.44133475870161	1.58
148.66343110321415	1.58
128.66756577366436	1.58
140.83523998820823	1.58
114.44133475870161	1.58
149.3672728352334	1.58
137.31880331417833	1.58
140.83523998820823	1.58
114.44133475870161	1.58
145.10182856409983	1.58
134.26718888288556	1.58
140.83523998820823	1.58
114.44133475870161	1.58
142.26750376780475	1.58
127.07069424304312	1.58
153.09467222001433	1.58
117.80093432197154	1.58
147.01457896194287	1.58
128.8956147342423	1.58
143.29299491787583	1.58
118.3742805926492	1.58
141.8728335511959	1.58
126.56377008836003	1.58
149.35141768569667	1.58
108.93138690888411	1.58
141.8728335511959	1.58
133.71758566894277	1.58
153.02319849849744	1.58
116.9038885886106	1.58
141.83085837523515	1.58
140.16003291907427	1.58
153.02319849849744	1.58
126.12361078430347	1.58
141.9771875866363	1.58
145.26925601745148	1.58
153.34010756611838	1.58
139.11340031817355	1.58
141.9771875866363	1.58
147.98800843370788	1.58
155.15242037437574	1.58
140.13723360799435	1.58
139.47029647813642	1.58
151.34665889646251	1.58
155.15242037437574	1.58
139.77864822048346	1.58
139.40482974291396	1.58
158.0740342349259	1.58
155.15242037437574	1.58
142.86444119685999	1.58
139.7221795137206	1.58
158.0740342349259	1.58
155.15242037437574	1.58
134.10511015837824	1.58
145.27916101180602	1.58
157.99085417643462	1.58
155.15242037437574	1.58
144.5616254230684	1.58
143.9369940426029	1.58
156.4645251358939	1.58
154.86451760821436	1.58
134.58651692554878	1.58
134.75177249945725	1.58
156.4645251358939	1.58
144.81715166719718	1.58
131.79165556368534	1.58
123.18668455241252	1.58
156.4645251358939	1.58
155.8948493248464	1.58
134.258781860424	1.58
123.18668455241252	1.58
152.5176259093658	1.58
155.8948493248464	1.58
114.73750005130464	1.58
122.28590403146097	1.58
142.3467706730367	1.58
155.8948493248464	1.58
114.73750005130464	1.58
127.15867093801455	1.58
154.258954889826	1.58
155.8948493248464	1.58
135.24604515305586	1.58
122.0090631034938	1.58
154.258954889826	1.58
155.8948493248464	1.58
126.07181165086811	1.58
119.33188349653919	1.58
154.258954889826	1.58
143.73139978133372	1.58
126.07181165086811	1.58
119.33188349653919	1.58
154.258954889826	1.58
146.50218780754142	1.58
107.88947114251422	1.58
124.35512371087185	1.58
154.258954889826	1.58
153.14042047214116	1.58
115.20145897923845	1.58
120.77033831479872	1.58
148.61969835621863	1.58
153.14042047214116	1.58
115.20145897923845	1.58
120.77033831479872	1.58
135.39231071847317	1.58
144.48451562222166	1.58
115.20145897923845	1.58
122.68725895940365	1.58
142.5358948137517	1.58
135.4134179075408	1.58
115.29443639522559	1.58
113.88102402972913	1.58
144.39490521282966	1.58
133.0242272787132	1.58
112.37053725388054	1.58
113.88102402972913	1.58
138.315864978836	1.58
135.97839787296363	1.58
118.70676911544635	1.58
113.88102402972913	1.58
139.21492761755053	1.58
134.48615744490252	1.58
106.47506363692375	1.58
125.71258108574679	1.58
147.1661010279545	1.58
149.8316971769387	1.58
114.50597525043169	1.58
114.1747864936427	1.58
147.1661010279545	1.58
137.51462583780776	1.58
118.29540768751866	1.58
122.28592219773542	1.58
147.1661010279545	1.58
130.27050740253847	1.58
118.29540768751866	1.58
124.12274363668696	1.58
147.1661010279545	1.58
130.81532789949074	1.58
109.92197041782899	1.58
121.18223473085209	1.58
153.54062043749605	1.58
141.68288681813837	1.58
109.92197041782899	1.58
123.39082686209018	1.58
157.5507133805186	1.58
134.91800147074224	1.58
109.92197041782899	1.58
123.39082686209018	1.58
157.5507133805186	1.58
131.93992794051198	1.58
109.92197041782899	1.58
112.63758654079153	1.58
157.5507133805186	1.58
126.75979040543652	1.58
109.92197041782899	1.58
112.63758654079153	1.58
144.00543308299427	1.58
123.88985162633728	1.58
115.16141866280556	1.58
112.63758654079153	1.58
138.07761615774058	1.58
123.88985162633728	1.58
115.16141866280556	1.58
124.14483589527518	1.58
141.06130415942695	1.58
120.41750998473802	1.58
110.37062384437229	1.58
121.43500867799253	1.58
139.28294250060887	1.58
128.78342024539234	1.58
110.37062384437229	1.58
121.43500867799253	1.58
151.0895519857409	1.58
128.78342024539234	1.58
118.0565389652343	1.58
121.43500867799253	1.58
151.0895519857409	1.58
128.78342024539234	1.58
111.21554869121266	1.58
107.40765561928526	1.58
151.0895519857409	1.58
121.06109634511876	1.58
130.5748487915102	1.58
107.40765561928526	1.58
155.41967852328088	1.58
114.33777216692134	1.58
129.38466883877362	1.58
107.40765561928526	1.58
155.41967852328088	1.58
115.92039208789639	1.58
133.07820428483288	1.58
106.79955736403662	1.58
135.77550657499924	1.58
115.92039208789639	1.58
147.47884897913832	1.58
107.8621528767413	1.58
132.94370114159648	1.58
115.92039208789639	1.58
147.47884897913832	1.58
111.30865309484331	1.58
134.14971944760248	1.58
115.10573695857555	1.58
153.38260835687885	1.58
108.48389841627582	1.58
140.12948592596632	1.58
120.54505210366156	1.58
149.6176859036843	1.58
108.48389841627582	1.58
140.12948592596632	1.58
128.91856814664797	1.58
149.6176859036843	1.58
108.48389841627582	1.58
136.3489915428652	1.58
138.8840837610718	1.58
158.22476435849552	1.58
120.4273682958808	1.58
141.13755328669305	1.58
148.5147863418586	1.58
150.1943611151175	1.58
126.29736762334501	1.58
141.13755328669305	1.58
156.60102937614369	1.58
146.42505788742653	1.58
119.74038129855553	1.58
141.2991598070443	1.58
157.58538044363445	1.58
144.84301460971326	1.58
119.74038129855553	1.58
142.19367048475186	1.58
157.58538044363445	1.58
146.84904164692986	1.58
112.36086648702423	1.58
139.5407632464624	1.58
157.58538044363445	1.58
150.15610748369477	1.58
112.36086648702423	1.58
137.95691408986445	1.58
155.64403990643973	1.58
157.24442765143704	1.58
112.36086648702423	1.58
135.95187433029395	1.58
135.7281079663403	1.58
157.24442765143704	1.58
112.36086648702423	1.58
147.11911374984183	1.58
136.18191029380873	1.58
157.24442765143704	1.58
122.5161253458353	1.58
148.47269448088815	1.58
120.08416609250051	1.58
144.6675512690705	1.58
123.11733591105337	1.58
148.47269448088815	1.58
131.5433215551014	1.58
141.95976054608616	1.58
123.11733591105337	1.58
148.47269448088815	1.58
135.8901310677092	1.58
141.0403727223705	1.58
123.11733591105337	1.58
155.7838261880259	1.58
133.42270195622834	1.58
129.2575722437912	1.58
115.70210717284337	1.58
155.7838261880259	1.58
132.38756389558853	1.58
128.81241107634966	1.58
115.70210717284337	1.58
155.7838261880259	1.58
142.17926586711764	1.58
131.1010131267405	1.58
133.5343145533139	1.58
155.7838261880259	1.58
147.1383810839166	1.58
120.0986123546027	1.58
139.9522227990055	1.58
155.7838261880259	1.58
147.05530519750002	1.58
131.97722770688986	1.58
142.90143175860055	1.58
155.7838261880259	1.58
146.7693148982183	1.58
140.48281567793015	1.58
139.1435610059906	1.58
155.7838261880259	1.58
145.9446977887761	1.58
141.97346641990472	1.58
135.9210907029108	1.58
155.7838261880259	1.58
149.05784106731005	1.58
141.97346641990472	1.58
136.2749342773085	1.58
157.558294919124	1.58
155.41643657127275	1.58
128.5389756824368	1.58
117.44719860744064	1.58
153.26292882400156	1.58
155.41643657127275	1.58
111.01339980219169	1.58
126.63283332414642	1.58
155.15709373622718	1.58
155.41643657127275	1.58
119.00764902710628	1.58
122.92996753904222	1.58
140.02905182121364	1.58
155.41643657127275	1.58
115.21469172905341	1.58
123.4002738655208	1.58
158.08912820330644	1.58
158.11960196527326	1.58
115.21469172905341	1.58
123.4002738655208	1.58
158.08912820330644	1.58
158.11960196527326	1.58
115.21469172905341	1.58
107.27423354456454	1.58
158.08912820330644	1.58
158.11960196527326	1.58
115.21469172905341	1.58
107.27423354456454	1.58
158.08912820330644	1.58
158.11960196527326	1.58
115.21469172905341	1.58
103.0889710545419	1.58
158.08912820330644	1.58
158.11960196527326	1.58
110.31326337507824	1.58
118.43019202553052	1.58
140.200866835473	1.58
158.11960196527326	1.58
110.31326337507824	1.58
118.43019202553052	1.58
144.12100981777303	1.58
158.11960196527326	1.58
108.98990553036194	1.58
118.43019202553052	1.58
157.2322427738057	1.58
144.63431446679658	1.58
122.14163684025979	1.58
118.43019202553052	1.58
144.4659532529272	1.58
144.63431446679658	1.58
122.14163684025979	1.58
114.47450849865824	1.58
144.4659532529272	1.58
144.45846887842495	1.58
129.97423645172057	1.58
114.47450849865824	1.58
144.4659532529272	1.58
156.36231693325635	1.58
126.0271350834953	1.58
123.5348669011512	1.58
152.50299867227017	1.58
141.11897440367662	1.58
127.67662426373167	1.58
123.5348669011512	1.58
140.5214272271677	1.58
143.09974682254102	1.58
131.40633532947714	1.58
125.3951142247457	1.58
140.94561250595677	1.58
143.09974682254102	1.58
134.4310831396634	1.58
120.45587413993319	1.58
133.66918003743885	1.58
141.6894949895305	1.58
134.4310831396634	1.58
118.35864526513622	1.58
133.67829321202512	1.58
141.6894949895305	1.58
130.59910811524284	1.58
122.44408483743217	1.58
133.67829321202512	1.58
141.6894949895305	1.58
129.9614831580787	1.58
121.60260604435092	1.58
135.0514487528454	1.58
138.4549112085574	1.58
126.30311549867199	1.58
111.76431024747149	1.58
135.0514487528454	1.58
136.16832500908802	1.58
129.6716575336936	1.58
122.08748965788791	1.58
136.64288036751847	1.58
147.98164957681843	1.58
133.14547376064692	1.58
122.08748965788791	1.58
139.68398083294076	1.58
146.03220697747648	1.58
132.59518753074394	1.58
122.08748965788791	1.58
154.72976929013623	1.58
146.03220697747648	1.58
130.59080107460142	1.58
122.08748965788791	1.58
154.72976929013623	1.58
157.45751258043856	1.58
122.96707015445085	1.58
114.99276767518504	1.58
154.72976929013623	1.58
153.3860876169499	1.58
115.83516741611652	1.58
110.75946118293464	1.58
154.72976929013623	1.58
153.3860876169499	1.58
115.83516741611652	1.58
110.75946118293464	1.58
153.03132629971287	1.58
150.02584733707462	1.58
115.83516741611652	1.58
110.75946118293464	1.58
147.31328892525238	1.58
147.34142300832053	1.58
115.83516741611652	1.58
111.78778324937997	1.58
138.44942691899973	1.58
147.34142300832053	1.58
115.83516741611652	1.58
129.45050914437172	1.58
155.22002120002375	1.58
144.37054434740605	1.58
115.83516741611652	1.58
129.45050914437172	1.58
155.22002120002375	1.58
144.37054434740605	1.58
115.83516741611652	1.58
128.81826290080963	1.58
146.6700548736654	1.58
138.94261450562232	1.58
116.46279114617577	1.58
129.52102123865643	1.58
152.47209912479374	1.58
135.4323757988326	1.58
112.98301708112139	1.58
128.08759345916204	1.58
152.47209912479374	1.58
127.57882591327133	1.58
112.75299261901985	1.58
137.13080277283365	1.58
152.47209912479374	1.58
130.82164299823748	1.58
111.63080196836616	1.58
141.75990320661762	1.58
140.4599332568613	1.58
132.88958458583238	1.58
111.63080196836616	1.58
141.75990320661762	1.58
140.4599332568613	1.58
129.58667051129245	1.58
111.63080196836616	1.58
141.44182694650505	1.58
140.76511616104858	1.58
120.90013805470431	1.58
111.63080196836616	1.58
141.3054831378213	1.58
143.0172619361923	1.58
126.1521544530746	1.58
121.79082482036313	1.58
141.56890452293888	1.58
143.0172619361923	1.58
126.1521544530746	1.58
121.26489009413267	1.58
150.36948606319243	1.58
143.6191521153773	1.58
110.54094693780138	1.58
120.14558806132625	1.58
150.36948606319243	1.58
145.5979851424893	1.58
110.54094693780138	1.58
126.84179780481978	1.58
138.14281386191115	1.58
145.5979851424893	1.58
107.89790211079752	1.58
137.67895542338445	1.58
138.23804397891197	1.58
142.24248566552842	1.58
109.8744732793376	1.58
137.67895542338445	1.58
137.12467875400736	1.58
142.17348664961474	1.58
109.8744732793376	1.58
134.90661162808036	1.58
136.6769262020704	1.58
142.17348664961474	1.58
109.8744732793376	1.58
129.6874134802916	1.58
132.47923739924389	1.58
141.45726928295886	1.58
109.8744732793376	1.58
131.78400056026774	1.58
129.61169839220506	1.58
146.06809190164552	1.58
103.53912339052644	1.58
133.44601905455536	1.58
116.00509222208014	1.58
146.06809190164552	1.58
109.70605555933413	1.58
138.17932431424026	1.58
116.00509222208014	1.58
146.06809190164552	1.58
111.18607004831088	1.58
131.72617642201257	1.58
116.00509222208014	1.58
144.61114141131097	1.58
109.00019602413526	1.58
122.85163696074731	1.58
114.38822038359423	1.58
141.94459733851667	1.58
109.00019602413526	1.58
122.4047761748034	1.58
114.38822038359423	1.58
141.94459733851667	1.58
109.00019602413526	1.58
119.2822782453339	1.58
116.54118125898955	1.58
141.94459733851667	1.58
107.92017340388095	1.58
125.91028928124638	1.58
122.06773155806717	1.58
141.94459733851667	1.58
115.12079337112795	1.58
128.87426689427107	1.58
122.06773155806717	1.58
141.6782706951931	1.58
115.12079337112795	1.58
128.87426689427107	1.58
125.52878415059338	1.58
148.1038975016075	1.58
115.02352385539345	1.58
128.87426689427107	1.58
122.69230979936526	1.58
154.77857623949865	1.58
116.51115981822069	1.58
126.97569956159549	1.58
122.69230979936526	1.58
154.77857623949865	1.58
113.83706995733412	1.58
126.97569956159549	1.58
124.34538707334977	1.58
145.07270958140276	1.58
107.38436106088452	1.58
123.60984116384489	1.58
128.33544954149542	1.58
145.07270958140276	1.58
111.83404520222732	1.58
112.40679665886577	1.58
124.08061696252264	1.58
148.3404807387833	1.58
111.83404520222732	1.58
112.78645669710178	1.58
117.34106178761178	1.58
137.27342965741218	1.58
111.01369583910018	1.58
112.78645669710178	1.58
117.34106178761178	1.58
133.36473873093502	1.58
111.01369583910018	1.58
113.9539777600544	1.58
115.14907574668635	1.58
133.36473873093502	1.58
109.99268885660577	1.58
115.4745642743037	1.58
113.28270128554082	1.58
141.58191711872036	1.58
108.56335634047957	1.58
116.45566689799492	1.58
113.28270128554082	1.58
141.58191711872036	1.58
108.56335634047957	1.58
116.45566689799492	1.58
113.28270128554082	1.58
141.58191711872036	1.58
108.56335634047957	1.58
116.45566689799492	1.58
116.25963811193614	1.58
146.23796183772276	1.58
110.71721454696356	1.58
128.20541293862195	1.58
121.38955514571798	1.58
139.8372482239527	1.58
113.20802363418156	1.58
124.44758478906917	1.58
128.25752047546626	1.58
139.8372482239527	1.58
113.20802363418156	1.58
109.8566704216723	1.58
127.80658104093779	1.58
146.47189768893747	1.58
114.64502612998098	1.58
109.58995910364828	1.58
134.94862830231042	1.58
135.25211354439722	1.58
114.64502612998098	1.58
108.43555373019566	1.58
134.94862830231042	1.58
122.70081941437357	1.58
119.07223755010703	1.58
108.55551668924487	1.58
136.84967070319374	1.58
122.70081941437357	1.58
119.60567093390489	1.58
108.55551668924487	1.58
132.7156595941323	1.58
121.36264164588954	1.58
118.03186567361492	1.58
108.7501652139231	1.58
133.80968408939674	1.58
133.02922458016428	1.58
117.95857837378516	1.58
110.48903673807295	1.58
133.81923098848551	1.58
152.51994333408916	1.58
117.68874076202572	1.58
124.20279725886041	1.58
138.55808462532633	1.58
145.26118614479526	1.58
117.68874076202572	1.58
127.86664643218785	1.58
134.93832372263682	1.58
146.4606258670494	1.58
113.82655832389895	1.58
130.955345718512	1.58
125.92736939818303	1.58
140.69597051599595	1.58
118.60781502677952	1.58
130.955345718512	1.58
128.60245831989084	1.58
136.84842957815613	1.58
121.77389408168307	1.58
126.70506120358006	1.58
126.89240711748839	1.58
143.4629011082227	1.58
121.79001718386131	1.58
121.05688413274143	1.58
127.24333401272395	1.58
140.31425931357967	1.58
122.05937875359874	1.58
120.36063186329767	1.58
121.68058292171702	1.58
135.61341565093454	1.58
122.05937875359874	1.58
124.40581061588807	1.58
122.83464060809007	1.58
143.6632554460116	1.58
122.33471144330109	1.58
124.40581061588807	1.58
122.83756694302261	1.58
149.99381310060522	1.58
122.52525222614408	1.58
124.74806103392638	1.58
122.89150896546003	1.58
153.73284009489143	1.58
122.65741821830038	1.58
120.98759368401417	1.58
122.89150896546003	1.58
140.15953991569143	1.58
123.63411571457175	1.58
125.19995035947453	1.58
122.82099396469707	1.58
144.31951148303037	1.58
124.40791477246385	1.58
125.47807870224312	1.58
121.75262951669458	1.58
140.6779600567111	1.58
123.52768469916636	1.58
132.08640115020273	1.58
127.9246832788598	1.58
139.2149780855727	1.58
116.07059721763686	1.58
132.08640115020273	1.58
125.02124465047461	1.58
134.26797079900192	1.58
116.07059721763686	1.58
130.33178212497893	1.58
125.25356463391427	1.58
132.93016618560642	1.58
118.71583403716332	1.58
128.83847471399625	1.58
127.5222819755584	1.58
132.6057555380086	1.58
118.53008413235155	1.58
127.08156358780002	1.58
128.86198810763253	1.58
131.7991221816358	1.58
118.53008413235155	1.58
123.76110776866979	1.58
138.570766860413	1.58
127.9622514325978	1.58
121.34308834032046	1.58
124.31832289479624	1.58
135.12777154377184	1.58
126.61683408924617	1.58
125.9919645741159	1.58
122.91925271484948	1.58
136.79065710520925	1.58
116.47597724414689	1.58
122.31648448730634	1.58
120.87774457756286	1.58
146.97143071649612	1.58
116.47597724414689	1.58
122.31648448730634	1.58
119.64210716556734	1.58
146.97143071649612	1.58
115.83260517299985	1.58
122.31648448730634	1.58
122.23988576726347	1.58
142.65849777128727	1.58
118.51946925238028	1.58
122.27984113888388	1.58
122.20732332419387	1.58
142.20807414853616	1.58
118.51946925238028	1.58
131.6364645353642	1.58
125.68282385137908	1.58
139.2479520937785	1.58
118.51946925238028	1.58
126.00056339126748	1.58
122.55140715339284	1.58
138.17084561896388	1.58
115.92783627884079	1.58
127.55425075379559	1.58
127.02334054332358	1.58
134.4532709664639	1.58
115.92783627884079	1.58
128.07022785824282	1.58
126.41190564066218	1.58
138.76966359146564	1.58
115.92783627884079	1.58
128.90818051640383	1.58
127.47423284211528	1.58
153.94016483678536	1.58
115.92783627884079	1.58
115.54720633817104	1.58
129.92692196503353	1.58
138.87489491786394	1.58
115.92783627884079	1.58
115.54720633817104	1.58
125.3179305611007	1.58
140.38151353020163	1.58
117.34760096714561	1.58
115.54720633817104	1.58
125.61731971880538	1.58
156.48384601354232	1.58
117.34760096714561	1.58
109.78004701651595	1.58
125.59479504358958	1.58
156.48384601354232	1.58
116.3785583224606	1.58
109.78004701651595	1.58
129.43251753079696	1.58
150.15171458974356	1.58
121.7812994165181	1.58
114.81945453466693	1.58
125.69552985169759	1.58
150.15171458974356	1.58
118.94230855408831	1.58
113.95472806073636	1.58
130.11716414489646	1.58
156.00283554570444	1.58
118.94230855408831	1.58
113.95472806073636	1.58
136.1150276641004	1.58
156.00283554570444	1.58
118.94230855408831	1.58
113.95472806073636	1.58
152.33327665612873	1.58
155.49806223284645	1.58
118.94230855408831	1.58
113.95472806073636	1.58
152.33327665612873	1.58
155.49806223284645	1.58
118.94230855408831	1.58
113.95472806073636	1.58
142.99429980217593	1.58
155.49806223284645	1.58
113.01067336810092	1.58
127.95161281845859	1.58
150.23121951835654	1.58
155.49806223284645	1.58
113.01067336810092	1.58
129.17669664883604	1.58
150.23121951835654	1.58
154.22711183079224	1.58
133.57675763311258	1.58
129.17669664883604	1.58
150.23121951835654	1.58
152.96411558405143	1.58
128.12230167630824	1.58
123.1046179719005	1.58
150.23121951835654	1.58
152.96411558405143	1.58
128.12230167630824	1.58
121.74609018916064	1.58
150.23121951835654	1.58
153.28036863984485	1.58
111.98259755322296	1.58
121.74609018916064	1.58
149.9467143613782	1.58
141.58877049577347	1.58
113.03164728538704	1.58
129.6093653449298	1.58
149.9467143613782	1.58
155.2767644323109	1.58
113.03164728538704	1.58
112.10491096538165	1.58
149.9467143613782	1.58
155.46390345481356	1.58
113.03164728538704	1.58
80.97680971830125	1.58
146.27056688958038	1.58
155.46390345481356	1.58
124.49508210584663	1.58
107.75882374260314	1.58
144.38056564009548	1.58
155.46390345481356	1.58
129.02083461889868	1.58
107.75882374260314	1.58
148.5138820145482	1.58
155.46390345481356	1.58
129.02083461889868	1.58
118.28921245651327	1.58
152.75992263726874	1.58
155.46390345481356	1.58
118.89081121892428	1.58
116.95188035725727	1.58
155.1903755389099	1.58
155.46390345481356	1.58
118.89081121892428	1.58
112.71050539263527	1.58
155.1903755389099	1.58
149.38901876133582	1.58
129.73459350601792	1.58
112.71050539263527	1.58
145.980084400899	1.58
153.895477129009	1.58
136.49175932707337	1.58
112.71050539263527	1.58
149.7486026892171	1.58
135.37204021374185	1.58
137.23105838150911	1.58
112.71050539263527	1.58
145.4912771356679	1.58
132.39917863698898	1.58
137.31942912864938	1.58
121.54353799962432	1.58
142.50130972553544	1.58
133.0831797921105	1.58
135.525884125542	1.58
118.78643548928255	1.58
142.3906590880534	1.58
134.69872841717432	1.58
135.525884125542	1.58
110.57862120585541	1.58
142.3906590880534	1.58
139.0475086602226	1.58
135.525884125542	1.58
109.71422439092404	1.58
145.50444445423798	1.58
138.99000659318926	1.58
135.787825296491	1.58
109.71422439092404	1.58
151.8287250287536	1.58
138.14244819452455	1.58
133.8549533562841	1.58
120.54736760391856	1.58
151.8287250287536	1.58
138.28001164663675	1.58
133.6668769981063	1.58
110.25446719897653	1.58
148.89757796610144	1.58
137.76970441935075	1.58
139.06564716250256	1.58
110.25446719897653	1.58
135.68124940041335	1.58
137.23370856994768	1.58
138.15910119359725	1.58
110.25446719897653	1.58
135.0978771688224	1.58
137.13495691090472	1.58
138.62549506588837	1.58
110.25446719897653	1.58
134.74350097505777	1.58
137.07032056306642	1.58
140.1889950171116	1.58
113.2769005661801	1.58
128.96880224590595	1.58
146.67358770751008	1.58
145.84048852384146	1.58
116.09663025096054	1.58
120.98675775698919	1.58
146.67358770751008	1.58
145.84048852384146	1.58
113.59624710815999	1.58
115.32837915268745	1.58
146.67358770751008	1.58
145.83804531579315	1.58
114.14754716966777	1.58
126.64133475136	1.58
147.32927930773613	1.58
145.82401114199524	1.58
119.78481389428204	1.58
131.8589147111932	1.58
135.90982439496398	1.58
141.03284678777854	1.58
112.51908995556143	1.58
126.04032069838425	1.58
137.92118367862798	1.58
143.10761395575497	1.58
112.51908995556143	1.58
123.61012608168087	1.58
137.92118367862798	1.58
133.81235914612435	1.58
116.6030956852213	1.58
118.45282545405044	1.58
137.92118367862798	1.58
129.88361709601338	1.58
118.75633372217825	1.58
118.5865958328258	1.58
153.48698875344388	1.58
129.88361709601338	1.58
123.04037442743359	1.58
117.79472393407224	1.58
153.48698875344388	1.58
135.0997400322397	1.58
123.04037442743359	1.58
119.43626034063604	1.58
144.33930833817993	1.58
131.5466510935239	1.58
129.03004387891428	1.58
119.8665999325889	1.58
148.67706370924742	1.58
134.9913828181045	1.58
133.01886138243566	1.58
118.38393783470767	1.58
148.28595073472346	1.58
132.09916648472483	1.58
135.98552759105488	1.58
113.89106070341381	1.58
143.07142953060787	1.58
128.17187311340274	1.58
125.19428132999013	1.58
113.89106070341381	1.58
143.07142953060787	1.58
135.43556447549122	1.58
132.5856260931543	1.58
109.49259373959895	1.58
152.8277307266472	1.58
129.008706102236	1.58
124.50926347462025	1.58
112.52985638669611	1.58
154.9668094017052	1.58
129.008706102236	1.58
127.40350096669474	1.58
112.52985638669611	1.58
154.9668094017052	1.58
136.28218074919107	1.58
127.2315042582307	1.58
108.72760901982477	1.58
154.9668094017052	1.58
134.67850805063057	1.58
140.80810977113845	1.58
108.72760901982477	1.58
148.39390755460258	1.58
125.07444715756867	1.58
136.23660289804258	1.58
108.72760901982477	1.58
148.39390755460258	1.58
111.71542189385681	1.58
133.0117548181589	1.58
107.8525420837866	1.58
156.54817686549575	1.58
112.18731557484078	1.58
133.0117548181589	1.58
109.07475021170079	1.58
151.79966053465114	1.58
114.58492766143787	1.58
142.32730075046982	1.58
109.07475021170079	1.58
151.79966053465114	1.58
113.6295961377359	1.58
142.32730075046982	1.58
109.07475021170079	1.58
144.8163637068008	1.58
113.7896027370093	1.58
140.4073793986399	1.58
109.07475021170079	1.58
144.8163637068008	1.58
112.6502386731672	1.58
139.22946700841194	1.58
109.70893664720577	1.58
143.78290056418749	1.58
112.25779820633089	1.58
141.43455923571773	1.58
115.27146505525428	1.58
143.78290056418749	1.58
112.60162340506487	1.58
139.49288435343254	1.58
122.56520061239308	1.58
145.78096949395038	1.58
116.83989497350409	1.58
154.9204496352661	1.58
122.56520061239308	1.58
140.85307772367008	1.58
116.83989497350409	1.58
154.9204496352661	1.58
122.56520061239308	1.58
133.64558884062123	1.58
116.86259968322952	1.58
147.15466513759057	1.58
122.56520061239308	1.58
144.47699786488928	1.58
127.26965354604039	1.58
149.69445455679374	1.58
124.86498394036974	1.58
147.0155449106707	1.58
126.12934720487681	1.58
149.69445455679374	1.58
124.26496524927695	1.58
147.41102325348822	1.58
126.34696634742036	1.58
142.961504447393	1.58
129.25883533473575	1.58
147.41102325348822	1.58
129.58461010462977	1.58
145.61616375748966	1.58
129.0620483271314	1.58
146.97480569002857	1.58
129.64871342153117	1.58
155.21382418318268	1.58
128.67017384362708	1.58
146.97480569002857	1.58
129.38815766698758	1.58
157.7985111231851	1.58
128.66598561009206	1.58
143.63467852791157	1.58
129.9011309554566	1.58
155.9522096565769	1.58
127.21828495443319	1.58
156.5745785369112	1.58
131.21361364239328	1.58
156.00276139652547	1.58
127.21828495443319	1.58
156.5745785369112	1.58
120.31629142726345	1.58
156.1666705638341	1.58
131.14076993188695	1.58
156.5745785369112	1.58
120.31629142726345	1.58
155.8781183988337	1.58
138.35939058652983	1.58
157.01552920126795	1.58
120.31629142726345	1.58
155.8781183988337	1.58
142.90905392121914	1.58
157.01552920126795	1.58
120.31629142726345	1.58
155.8781183988337	1.58
133.88725216458576	1.58
139.20872812451222	1.58
113.25817170052343	1.58
155.8781183988337	1.58
129.60536256528414	1.58
133.14757731905894	1.58
110.97785945176385	1.58
150.19374348125035	1.58
143.47793049887446	1.58
132.29350546687306	1.58
110.49407147422954	1.58
154.48026360727653	1.58
139.05867186751993	1.58
116.38758057541139	1.58
112.17809395772474	1.58
154.48026360727653	1.58
138.44517187779337	1.58
120.1729388221624	1.58
110.6565551585297	1.58
154.48026360727653	1.58
130.5752766929659	1.58
120.1729388221624	1.58
110.6565551585297	1.58
142.6913515499397	1.58
120.66461980342069	1.58
119.20169562327396	1.58
115.63048766544468	1.58
148.10154459072177	1.58
123.35134568456766	1.58
121.7583986282057	1.58
112.29983867517689	1.58
150.78646137608536	1.58
123.35134568456766	1.58
123.17347366625225	1.58
113.62200286068729	1.58
150.78646137608536	1.58
128.92436537629553	1.58
124.11090650736587	1.58
113.62200286068729	1.58
150.99060397870042	1.58
128.92436537629553	1.58
121.78951304760152	1.58
114.76285570573205	1.58
150.99060397870042	1.58
137.47309975111085	1.58
118.71259535401258	1.58
110.81770876018632	1.58
150.99060397870042	1.58
135.1589028186906	1.58
126.18333260493587	1.58
104.72151818175986	1.58
142.99657437328472	1.58
135.1589028186906	1.58
123.97706623222766	1.58
113.22636806938239	1.58
155.29217634250838	1.58
138.80206129258497	1.58
125.77097311849103	1.58
110.94836192382611	1.58
155.29217634250838	1.58
156.73241808817988	1.58
130.75371709783806	1.58
108.91565864996838	1.58
155.18499324937815	1.58
156.3009116405543	1.58
128.42849572658378	1.58
108.91565864996838	1.58
155.18499324937815	1.58
156.3009116405543	1.58
135.7398253475436	1.58
108.91565864996838	1.58
157.2507190543388	1.58
149.86620131471477	1.58
131.0435482063185	1.58
123.4377434691861	1.58
157.2507190543388	1.58
149.18620425606596	1.58
114.93220007215797	1.58
109.0274437722818	1.58
157.2507190543388	1.58
150.62162282888997	1.58
116.34369603385286	1.58
122.75791622166747	1.58
155.22775333635212	1.58
146.51245514723723	1.58
116.34369603385286	1.58
120.7584856532617	1.58
155.22775333635212	1.58
146.51245514723723	1.58
115.08436478000853	1.58
127.82912363536718	1.58
155.7890634311202	1.58
146.51245514723723	1.58
113.980730802103	1.58
114.41509249339147	1.58
156.4057234676338	1.58
145.21015233748716	1.58
113.980730802103	1.58
114.41509249339147	1.58
156.4057234676338	1.58
138.6506519018815	1.58
126.0475694791408	1.58
106.05465711830777	1.58
156.4057234676338	1.58
138.6506519018815	1.58
138.29585312879638	1.58
115.51461154121172	1.58
156.4057234676338	1.58
155.58241629628642	1.58
138.29585312879638	1.58
115.51461154121172	1.58
156.54390331258375	1.58
155.0642901902444	1.58
138.13898066059704	1.58
115.3624488117946	1.58
156.54390331258375	1.58
143.86343279162935	1.58
142.8055640415434	1.58
110.15026381641829	1.58
156.54390331258375	1.58
143.86343279162935	1.58
142.8055640415434	1.58
110.15026381641829	1.58
156.54390331258375	1.58
143.86343279162935	1.58
132.4682835703041	1.58
110.15026381641829	1.58
156.54390331258375	1.58
138.7805229102742	1.58
131.05488287743145	1.58
111.44877919547906	1.58
156.54390331258375	1.58
138.7805229102742	1.58
131.94182588207536	1.58
119.49171377122403	1.58
155.88331294726	1.58
148.17077775730394	1.58
118.60178265492992	1.58
119.81884260368352	1.58
155.88331294726	1.58
148.73276521277913	1.58
118.60178265492992	1.58
123.66667149712993	1.58
155.88331294726	1.58
148.73276521277913	1.58
118.60178265492992	1.58
127.70242420865624	1.58
157.8253714558202	1.58
150.91344009151203	1.58
114.74078815006192	1.58
123.65884486710021	1.58
157.8253714558202	1.58
146.8334256651085	1.58
134.94959699360186	1.58
124.4462653813539	1.58
154.77280880819526	1.58
146.8334256651085	1.58
136.88077482048834	1.58
115.74138605844766	1.58
154.04965786724355	1.58
146.1100841288876	1.58
133.62175967573066	1.58
124.8424993599397	1.58
154.04965786724355	1.58
143.05817404228253	1.58
135.37575081323735	1.58
117.12817884479728	1.58
156.28415127233575	1.58
146.58108486785173	1.58
117.81846760002495	1.58
117.34400042827178	1.58
156.28415127233575	1.58
142.69157036586515	1.58
128.27356866039895	1.58
119.74798698872422	1.58
156.28415127233575	1.58
141.78527207027886	1.58
125.38245888815624	1.58
128.49671370939694	1.58
156.28415127233575	1.58
149.21644611115028	1.58
125.38245888815624	1.58
127.51686168611354	1.58
156.28415127233575	1.58
149.21644611115028	1.58
125.38245888815624	1.58
127.51686168611354	1.58
156.28415127233575	1.58
149.28910383465512	1.58
128.5820313526391	1.58
127.51686168611354	1.58
156.28415127233575	1.58
143.71331875528455	1.58
128.8406507637475	1.58
128.95661183815247	1.58
156.28415127233575	1.58
154.31238766395617	1.58
128.8406507637475	1.58
128.95661183815247	1.58
156.28415127233575	1.58
154.31238766395617	1.58
128.87815025326924	1.58
115.14746317311503	1.58
156.28415127233575	1.58
154.63067051195037	1.58
139.6202841588577	1.58
115.14746317311503	1.58
157.17729133758073	1.58
142.7830593354428	1.58
139.6202841588577	1.58
115.14746317311503	1.58
157.17729133758073	1.58
146.97565041963153	1.58
133.96429669546708	1.58
122.45359845934738	1.58
155.79531957358003	1.58
146.49756532311952	1.58
120.66818717712023	1.58
130.1242790610479	1.58
138.4941009341358	1.58
149.54310203575693	1.58
121.28456706926849	1.58
133.91336467474798	1.58
140.42374857885113	1.58
152.10530587651382	1.58
115.32726347759761	1.58
124.73903135451314	1.58
142.8055131949431	1.58
139.12554288807559	1.58
108.19711852101514	1.58
128.77234898642308	1.58
140.14090283768672	1.58
139.41505346555647	1.58
108.19711852101514	1.58
124.52068250570235	1.58
140.87685989057195	1.58
135.99245333111156	1.58
115.2744843016217	1.58
124.52068250570235	1.58
139.69565769499127	1.58
133.86634693223937	1.58
118.27597797368765	1.58
129.64192930809898	1.58
139.63915534519813	1.58
133.10083453609965	1.58
118.27597797368765	1.58
129.38644565968107	1.58
147.3710656999168	1.58
136.784426396128	1.58
118.27597797368765	1.58
129.38644565968107	1.58
147.3710656999168	1.58
136.784426396128	1.58
110.50040894111716	1.58
129.38644565968107	1.58
154.45280013201983	1.58
136.784426396128	1.58
114.93633200498452	1.58
129.38644565968107	1.58
154.45280013201983	1.58
135.019798145227	1.58
116.5252193054719	1.58
126.89851615653065	1.58
154.45280013201983	1.58
131.09194872201516	1.58
116.5252193054719	1.58
125.02258385500274	1.58
154.45280013201983	1.58
128.62878607161838	1.58
110.69871792000288	1.58
124.54833898630879	1.58
150.937681714009	1.58
112.81729260953827	1.58
118.74385510850959	1.58
128.64905217262492	1.58
150.937681714009	1.58
112.81729260953827	1.58
113.19160560882523	1.58
136.31385686002	1.58
139.32052542680552	1.58
112.81729260953827	1.58
113.19160560882523	1.58
148.9306340414568	1.58
142.11661485790216	1.58
114.6239413303341	1.58
124.66293470626455	1.58
148.9306340414568	1.58
149.7673387937207	1.58
114.6239413303341	1.58
110.05772565668586	1.58
147.82425972634277	1.58
149.7673387937207	1.58
114.6239413303341	1.58
110.91530638647956	1.58
147.82425972634277	1.58
138.15499294590313	1.58
114.84488881554853	1.58
119.77169695030597	1.58
148.43605060013644	1.58
127.24197159073454	1.58
114.84488881554853	1.58
119.77169695030597	1.58
139.93049511747614	1.58
125.1841070938233	1.58
108.98608401802127	1.58
118.6980575300302	1.58
138.39200342881483	1.58
125.1841070938233	1.58
108.98608401802127	1.58
119.04453215782328	1.58
156.84699664167425	1.58
141.13950929751243	1.58
124.98667748678932	1.58
111.08744591410095	1.58
138.08996249149214	1.58
141.13950929751243	1.58
119.06824931154304	1.58
121.4193364927038	1.58
138.460662189537	1.58
133.45956252039187	1.58
111.25333821097401	1.58
116.71378651946065	1.58
146.99335399979336	1.58
149.93018165756337	1.58
111.25333821097401	1.58
116.71378651946065	1.58
146.99335399979336	1.58
149.93018165756337	1.58
111.25333821097401	1.58
123.15619586297733	1.58
140.24307369533489	1.58
140.90804217819647	1.58
111.25333821097401	1.58
128.45941849635804	1.58
155.65181081280787	1.58
140.90804217819647	1.58
121.02800539600128	1.58
134.28972561194732	1.58
155.65181081280787	1.58
140.90804217819647	1.58
121.02800539600128	1.58
139.01812446008117	1.58
155.65181081280787	1.58
144.39513926908035	1.58
121.02800539600128	1.58
139.01812446008117	1.58
142.82785338706523	1.58
143.17506850439878	1.58
121.02800539600128	1.58
135.9993621025246	1.58
145.02670184358163	1.58
142.26391381167412	1.58
121.02800539600128	1.58
129.84362165389652	1.58
141.75056037290761	1.58
137.65755625169368	1.58
127.99568094105301	1.58
123.89995739066416	1.58
142.6331872586088	1.58
139.279882049944	1.58
130.48329559896965	1.58
123.89995739066416	1.58
142.6331872586088	1.58
153.66481998651605	1.58
131.5430999851157	1.58
128.80185074686761	1.58
150.36268476132662	1.58
150.60137800677072	1.58
120.75247922101094	1.58
116.58277419444772	1.58
156.30509076253708	1.58
150.60137800677072	1.58
112.49269342383693	1.58
128.3736709874031	1.58
156.30509076253708	1.58
150.60137800677072	1.58
130.35941445890336	1.58
128.3736709874031	1.58
156.30509076253708	1.58
150.1139205818539	1.58
137.30521985694392	1.58
112.55613474049662	1.58
154.88332409371583	1.58
150.8114864791365	1.58
123.79968024880684	1.58
131.36271854445425	1.58
146.32273241716587	1.58
157.7769135879753	1.58
132.20055656576025	1.58
117.5415034145297	1.58
154.40501537333893	1.58
157.7769135879753	1.58
122.40286090580852	1.58
117.5415034145297	1.58
154.40501537333893	1.58
150.81737453337126	1.58
122.40286090580852	1.58
117.5415034145297	1.58
141.08997204828944	1.58
144.8189442425107	1.58
122.40286090580852	1.58
117.5415034145297	1.58
133.80383283008325	1.58
144.8189442425107	1.58
118.03814890025103	1.58
117.5415034145297	1.58
146.5435887026685	1.58
144.8189442425107	1.58
118.03814890025103	1.58
117.5415034145297	1.58
146.5435887026685	1.58
147.90097727067774	1.58
118.03814890025103	1.58
117.08037155347358	1.58
146.5435887026685	1.58
147.90097727067774	1.58
119.94682137130818	1.58
114.5280579451809	1.58
146.5435887026685	1.58
147.90097727067774	1.58
131.08695633641162	1.58
114.5280579451809	1.58
146.5435887026685	1.58
141.70096594501248	1.58
137.21117199657795	1.58
114.50035606277399	1.58
153.59000372483686	1.58
156.0302744878058	1.58
132.65961641442271	1.58
114.50035606277399	1.58
153.59000372483686	1.58
156.0302744878058	1.58
132.77280401719023	1.58
114.50035606277399	1.58
144.23491529468748	1.58
138.87008843083385	1.58
129.67924463898845	1.58
114.50035606277399	1.58
148.4379952538935	1.58
141.05633475315977	1.58
111.20998067597728	1.58
128.32142961364463	1.58
148.4379952538935	1.58
140.51259058448372	1.58
111.20998067597728	1.58
110.58714988274139	1.58
141.45258350429606	1.58
140.51259058448372	1.58
120.32495399076114	1.58
110.58714988274139	1.58
141.45258350429606	1.58
140.51259058448372	1.58
120.32495399076114	1.58
110.58714988274139	1.58
153.52305165709217	1.58
130.64018091314563	1.58
120.32495399076114	1.58
114.28189691296582	1.58
153.52305165709217	1.58
130.64018091314563	1.58
114.9149737492747	1.58
115.027508497056	1.58
153.52305165709217	1.58
130.48779045426718	1.58
114.9149737492747	1.58
112.85643366940789	1.58
153.52305165709217	1.58
130.48779045426718	1.58
114.9149737492747	1.58
112.85643366940789	1.58
155.49620932511291	1.58
134.09979494583115	1.58
114.9149737492747	1.58
112.85643366940789	1.58
155.49620932511291	1.58
127.34911117069299	1.58
114.9149737492747	1.58
112.85643366940789	1.58
155.49620932511291	1.58
127.34911117069299	1.58
114.9149737492747	1.58
109.48725976926603	1.58
155.49620932511291	1.58
134.68732648894903	1.58
114.9149737492747	1.58
109.48725976926603	1.58
155.49620932511291	1.58
151.30900573421613	1.58
114.9149737492747	1.58
109.48725976926603	1.58
155.49620932511291	1.58
151.30900573421613	1.58
120.25187397203723	1.58
109.48725976926603	1.58
141.2446605451281	1.58
151.30900573421613	1.58
114.62195824495689	1.58
125.34147992952728	1.58
149.78250256071033	1.58
146.6569445448032	1.58
122.12955449781643	1.58
111.0046087502328	1.58
144.59269569157328	1.58
146.6569445448032	1.58
113.19994412566263	1.58
111.0046087502328	1.58
131.88455033451592	1.58
144.94011873047015	1.58
119.35944643793479	1.58
111.0046087502328	1.58
140.2895310598552	1.58
135.32069355843703	1.58
127.28775501171994	1.58
117.1474093513589	1.58
152.21035396681037	1.58
137.15605530716067	1.58
127.28775501171994	1.58
117.1474093513589	1.58
152.21035396681037	1.58
137.15605530716067	1.58
115.66089903965657	1.58
124.74536847235913	1.58
155.04074019987726	1.58
133.3633230142928	1.58
106.40338189614539	1.58
119.8354054534843	1.58
150.2656696511674	1.58
133.3633230142928	1.58
106.40338189614539	1.58
109.12278770096002	1.58
134.2411334084107	1.58
157.30535297130106	1.58
120.12365412125634	1.58
109.12278770096002	1.58
147.92304242876628	1.58
157.30535297130106	1.58
120.12365412125634	1.58
109.12278770096002	1.58
143.17581579342365	1.58
157.30535297130106	1.58
124.27241140812023	1.58
109.12278770096002	1.58
142.48899261256213	1.58
152.15038616411908	1.58
124.27241140812023	1.58
118.72334305234804	1.58
157.57706746494566	1.58
152.15038616411908	1.58
129.26286145809112	1.58
118.72334305234804	1.58
157.57706746494566	1.58
143.5846227436818	1.58
128.0719347055695	1.58
126.64794487678643	1.58
146.22159127298244	1.58
143.5846227436818	1.58
126.2591132344822	1.58
131.60160753047276	1.58
140.96052348386348	1.58
149.69718355969582	1.58
115.50182810360235	1.58
136.074485942672	1.58
139.28498725776691	1.58
155.3366626117722	1.58
115.50182810360235	1.58
136.074485942672	1.58
135.15934076141414	1.58
143.81691380296968	1.58
115.50182810360235	1.58
131.7589136716764	1.58
135.15934076141414	1.58
147.90692166417438	1.58
117.03365386989374	1.58
132.9667941494872	1.58
136.21688443739842	1.58
142.68248449288552	1.58
117.03365386989374	1.58
132.9667941494872	1.58
131.40111286589314	1.58
153.69317692134348	1.58
117.03365386989374	1.58
139.63494123526831	1.58
128.5160547606713	1.58
153.69317692134348	1.58
108.31955614413503	1.58
142.96151240074474	1.58
126.7522809541029	1.58
151.15060217826567	1.58
113.68583957062947	1.58
140.76576548698014	1.58
124.72139200098835	1.58
149.48296297356262	1.58
113.68583957062947	1.58
155.21961323648748	1.58
120.93441740083033	1.58
149.48296297356262	1.58
111.42792541067186	1.58
155.55553043996662	1.58
120.93441740083033	1.58
151.66217038004794	1.58
131.46897405990975	1.58
154.4716205989166	1.58
117.19949325192886	1.58
149.67106677026763	1.58
131.46897405990975	1.58
154.4716205989166	1.58
112.67375534540253	1.58
143.5792143037223	1.58
132.17123133993596	1.58
154.4716205989166	1.58
112.67375534540253	1.58
148.99884041266034	1.58
143.3313558030347	1.58
154.4716205989166	1.58
112.67375534540253	1.58
153.27003695445373	1.58
135.88025374194382	1.58
154.4716205989166	1.58
116.41722014318785	1.58
152.44093704076272	1.58
132.29862522288602	1.58
154.4716205989166	1.58
119.37271459839543	1.58
152.44093704076272	1.58
139.58542576220628	1.58
154.2136757212387	1.58
116.11370524656299	1.58
157.7222229728418	1.58
139.58542576220628	1.58
152.3110113513054	1.58
116.11370524656299	1.58
157.7222229728418	1.58
156.73528012327046	1.58
134.2273718752116	1.58
125.500688022281	1.58
157.74593315868364	1.58
150.55767434513467	1.58
131.06059937149269	1.58
124.30047311666902	1.58
157.74593315868364	1.58
143.87826020570273	1.58
131.06059937149269	1.58
113.82173249314233	1.58
157.74593315868364	1.58
142.36902933431293	1.58
143.2274062650164	1.58
124.74743766130058	1.58
152.79397799405675	1.58
155.4782891395687	1.58
143.2274062650164	1.58
119.06313720911899	1.58
153.2301055557587	1.58
154.94513241204953	1.58
138.3231867320067	1.58
119.06313720911899	1.58
152.96645243291832	1.58
154.94513241204953	1.58
153.68636855482538	1.58
116.19000675926904	1.58
151.37675864680182	1.58
150.906381791783	1.58
153.68636855482538	1.58
116.19000675926904	1.58
151.63759256274545	1.58
150.186793891491	1.58
153.68636855482538	1.58
116.19000675926904	1.58
152.75123621026898	1.58
150.6788184467783	1.58
154.60619140863741	1.58
116.19000675926904	1.58
153.5626631054706	1.58
155.27846329824422	1.58
154.98594211682845	1.58
116.19000675926904	1.58
153.5626631054706	1.58
155.27846329824422	1.58
154.98594211682845	1.58
125.39649197182128	1.58
153.8422193764909	1.58
155.27846329824422	1.58
156.11618568628253	1.58
125.39649197182128	1.58
153.77085140411756	1.58
140.70637786927543	1.58
155.57128453609826	1.58
132.71733549348372	1.58
152.13052473288565	1.58
137.7087391830866	1.58
155.57128453609826	1.58
128.178086083448	1.58
151.01855976372275	1.58
134.08913441617503	1.58
157.34849596899238	1.58
128.31739290858744	1.58
148.18164061698363	1.58
137.95428575960824	1.58
157.34849596899238	1.58
127.98167561455256	1.58
154.56245775284523	1.58
141.74362967569715	1.58
157.34849596899238	1.58
115.0457954881345	1.58
155.42048554462932	1.58
135.7842939730097	1.58
157.34849596899238	1.58
115.0457954881345	1.58
155.42048554462932	1.58
126.71263350608865	1.58
157.34849596899238	1.58
115.0457954881345	1.58
155.42048554462932	1.58
121.02071373424637	1.58
157.34849596899238	1.58
111.30588887765865	1.58
153.93735396107795	1.58
120.58898092552036	1.58
155.86616596168787	1.58
114.09575776522348	1.58
151.88140284652144	1.58
120.58898092552036	1.58
143.155497598062	1.58
114.7155218715747	1.58
151.88140284652144	1.58
122.30567985089749	1.58
143.155497598062	1.58
112.2007676593172	1.58
151.21113877338226	1.58
115.088279018194	1.58
137.42270334008364	1.58
112.88449113898757	1.58
156.48217384094121	1.58
117.64342845435574	1.58
137.42270334008364	1.58
113.40495121820724	1.58
156.48217384094121	1.58
117.26826503205609	1.58
124.72809981113107	1.58
114.69233988378821	1.58
155.36479375327332	1.58
118.83346368530701	1.58
127.76690322143887	1.58
117.4181466448633	1.58
155.36479375327332	1.58
128.57275820397948	1.58
132.98320854443534	1.58
124.10096518850835	1.58
156.15704641880276	1.58
105.76688566545042	1.58
130.29877178649872	1.58
130.16647386754158	1.58
156.15704641880276	1.58
126.57494301184408	1.58
130.3700232677294	1.58
130.07852033961933	1.58
153.67930601133705	1.58
110.12613986171576	1.58
119.64789017948772	1.58
129.20227857004056	1.58
153.67930601133705	1.58
110.12613986171576	1.58
136.62064067932917	1.58
129.20227857004056	1.58
153.67930601133705	1.58
110.12613986171576	1.58
125.34347396184991	1.58
148.1058149742932	1.58
150.10952255012654	1.58
110.12613986171576	1.58
132.71120980336423	1.58
154.48563042226436	1.58
150.10952255012654	1.58
110.12613986171576	1.58
122.69107915136057	1.58
154.48563042226436	1.58
155.3846340049064	1.58
128.69657298669912	1.58
122.69107915136057	1.58
154.48563042226436	1.58
155.3846340049064	1.58
117.63257510706379	1.58
125.4530898976501	1.58
154.48563042226436	1.58
157.6004964001687	1.58
117.63257510706379	1.58
125.4530898976501	1.58
156.29639996082662	1.58
146.1878692637946	1.58
127.63761461696991	1.58
119.04814177209597	1.58
156.29639996082662	1.58
150.8011493143503	1.58
109.7983695974025	1.58
119.04814177209597	1.58
156.29639996082662	1.58
150.8011493143503	1.58
116.60220087627225	1.58
120.9279723344341	1.58
156.29639996082662	1.58
150.8011493143503	1.58
116.60220087627225	1.58
127.75222296905467	1.58
148.99882708977952	1.58
147.95524303470248	1.58
116.60220087627225	1.58
110.27653324561307	1.58
132.12834260185448	1.58
147.95524303470248	1.58
121.53146756816511	1.58
110.27653324561307	1.58
153.89468548668947	1.58
147.95524303470248	1.58
115.86288265224839	1.58
110.27653324561307	1.58
153.89468548668947	1.58
150.40162161723137	1.58
115.86288265224839	1.58
119.10949371887273	1.58
153.89468548668947	1.58
150.40162161723137	1.58
115.86288265224839	1.58
119.10949371887273	1.58
153.89468548668947	1.58
158.13125079507276	1.58
115.86288265224839	1.58
119.10949371887273	1.58
153.89468548668947	1.58
154.12277590840426	1.58
111.99517384481318	1.58
112.95145176039668	1.58
145.35295796296595	1.58
154.12277590840426	1.58
111.99517384481318	1.58
112.95145176039668	1.58
150.20187427394154	1.58
146.17117580507818	1.58
111.99517384481318	1.58
112.95145176039668	1.58
146.18022710151837	1.58
146.17117580507818	1.58
111.99517384481318	1.58
112.95145176039668	1.58
146.18022710151837	1.58
135.46261769284342	1.58
111.99517384481318	1.58
112.95145176039668	1.58
146.18022710151837	1.58
134.33582673718257	1.58
111.99517384481318	1.58
112.95145176039668	1.58
146.18022710151837	1.58
142.24192693995374	1.58
111.99517384481318	1.58
114.94691808015222	1.58
131.0806425945507	1.58
147.50027007791658	1.58
111.99517384481318	1.58
111.43662677465458	1.58
133.21794029360996	1.58
151.16035463319838	1.58
112.52158305731753	1.58
111.54898414997467	1.58
133.21794029360996	1.58
151.16035463319838	1.58
112.52158305731753	1.58
119.02740243074344	1.58
130.8266017736547	1.58
134.00964316520017	1.58
112.91363890011372	1.58
119.02740243074344	1.58
123.49904721253726	1.58
128.78967565595445	1.58
107.99943016821923	1.58
120.96143803857598	1.58
123.12606451697282	1.58
132.50394478980542	1.58
110.4909852657405	1.58
123.79767478250547	1.58
122.84608934843048	1.58
139.75758710144356	1.58
111.0361004970089	1.58
131.61477447486322	1.58
126.61336054030295	1.58
139.75758710144356	1.58
111.0361004970089	1.58
130.4362718065959	1.58
126.61336054030295	1.58
148.62475124784115	1.58
111.0361004970089	1.58
120.4016731200999	1.58
129.85444339065904	1.58
137.50604009911757	1.58
111.0361004970089	1.58
123.53545174165014	1.58
132.58355326672384	1.58
157.83618072758327	1.58
111.0361004970089	1.58
123.53545174165014	1.58
138.1215262866623	1.58
157.83618072758327	1.58
111.0361004970089	1.58
123.53545174165014	1.58
152.36672313032722	1.58
157.83618072758327	1.58
111.0361004970089	1.58
116.20357040741203	1.58
152.36672313032722	1.58
157.83618072758327	1.58
111.0361004970089	1.58
116.20357040741203	1.58
152.36672313032722	1.58
157.83618072758327	1.58
111.0361004970089	1.58
112.17441567283853	1.58
149.48571008231625	1.58
146.5732264294442	1.58
111.0361004970089	1.58
112.17441567283853	1.58
136.71472804324603	1.58
144.1623050396768	1.58
111.0361004970089	1.58
112.45451750700849	1.58
136.71472804324603	1.58
144.1623050396768	1.58
111.0361004970089	1.58
115.24498506737778	1.58
135.86034517461923	1.58
144.1623050396768	1.58
122.74207417536375	1.58
115.24498506737778	1.58
129.14115833386398	1.58
144.1623050396768	1.58
121.81631209045209	1.58
112.67727371818037	1.58
127.98036796832	1.58
155.39674232147848	1.58
104.07441940662875	1.58
128.99454942164698	1.58
128.42083759645104	1.58
155.39674232147848	1.58
129.20461275554706	1.58
129.54268871285808	1.58
128.53088670055743	1.58
155.39674232147848	1.58
120.60900629010371	1.58
129.73036397073275	1.58
128.9731396700354	1.58
155.39674232147848	1.58
122.83771020859945	1.58
128.69053157629176	1.58
128.94727599705868	1.58
158.0648890679667	1.58
124.19164006097299	1.58
139.34587564156936	1.58
129.7106947551638	1.58
158.0648890679667	1.58
121.51802184991382	1.58
132.10858608840735	1.58
129.7106947551638	1.58
158.0648890679667	1.58
114.46130805176286	1.58
139.5377522679976	1.58
124.58554738199238	1.58
158.0648890679667	1.58
111.89819257640099	1.58
144.96111027885885	1.58
124.58554738199238	1.58
158.0648890679667	1.58
119.07869025846682	1.58
149.53107214446126	1.58
128.53860006907126	1.58
158.0648890679667	1.58
110.31636762260302	1.58
149.53107214446126	1.58
135.97984339906762	1.58
158.0648890679667	1.58
110.31636762260302	1.58
155.91818315455498	1.58
142.95579145291995	1.58
149.94738219036833	1.58
119.11350145038239	1.58
155.91818315455498	1.58
140.40186333640324	1.58
155.5730995786171	1.58
106.84440904818179	1.58
156.21343336629678	1.58
140.40186333640324	1.58
155.11247133047996	1.58
106.84440904818179	1.58
156.316736676498	1.58
132.64256238033525	1.58
154.68680951296142	1.58
106.84440904818179	1.58
157.4210303989766	1.58
126.0944999485222	1.58
154.68680951296142	1.58
115.18140863558457	1.58
158.09201752408092	1.58
137.35275709337435	1.58
154.68680951296142	1.58
115.18140863558457	1.58
158.09201752408092	1.58
147.10913368453288	1.58
152.9845993301593	1.58
115.18140863558457	1.58
157.65658776147453	1.58
148.82916802266558	1.58
152.9845993301593	1.58
115.18140863558457	1.58
157.65658776147453	1.58
149.78661126922327	1.58
148.54096547910538	1.58
115.18140863558457	1.58
157.65658776147453	1.58
151.59852151718698	1.58
148.97640430824723	1.58
115.18140863558457	1.58
157.92321912048305	1.58
152.41398978969258	1.58
148.97640430824723	1.58
115.18140863558457	1.58
157.92321912048305	1.58
152.41398978969258	1.58
147.77804877072805	1.58
115.18140863558457	1.58
155.96971753454807	1.58
151.31635119158355	1.58
144.75222007862828	1.58
109.43575943102344	1.58
155.96971753454807	1.58
152.76589591580273	1.58
144.75222007862828	1.58
109.43575943102344	1.58
150.900551497307	1.58
152.04196441318305	1.58
144.66652948069103	1.58
109.43575943102344	1.58
150.900551497307	1.58
152.09853317979875	1.58
145.24000794095753	1.58
109.43575943102344	1.58
150.13892499407237	1.58
153.06969276871064	1.58
145.24000794095753	1.58
109.43575943102344	1.58
150.13892499407237	1.58
153.6596110962156	1.58
141.07710135952456	1.58
109.43575943102344	1.58
148.69436419535316	1.58
153.6596110962156	1.58
144.01905319990348	1.58
125.41435781579779	1.58
145.9066874203176	1.58
156.88544894687482	1.58
144.01905319990348	1.58
124.73145309928913	1.58
146.70678875518092	1.58
156.06698830616054	1.58
144.01905319990348	1.58
107.56367399194919	1.58
141.0865099179833	1.58
154.51840022425918	1.58
144.5065780873313	1.58
107.56367399194919	1.58
141.0865099179833	1.58
138.42591042984157	1.58
142.95806685305095	1.58
107.56367399194919	1.58
141.4009252104695	1.58
138.42591042984157	1.58
149.78628476758288	1.58
91.32639589412634	1.58
143.52961435668433	1.58
133.514046603722	1.58
149.78628476758288	1.58
92.81720481548439	1.58
143.69244618636074	1.58
133.514046603722	1.58
149.78628476758288	1.58
92.81720481548439	1.58
145.924734294972	1.58
137.47167381599186	1.58
142.27742107435645	1.58
92.97626540971396	1.58
145.924734294972	1.58
155.0470764646917	1.58
143.1286756030316	1.58
74.48760119732776	1.58
140.72806741922912	1.58
155.0470764646917	1.58
143.1286756030316	1.58
87.42100773877333	1.58
140.72806741922912	1.58
155.0470764646917	1.58
151.29446708820444	1.58
91.48549590089715	1.58
144.8086021422998	1.58
156.4201108223957	1.58
151.4200896216215	1.58
120.39081291502126	1.58
146.96682283981448	1.58
158.15013430472192	1.58
151.4200896216215	1.58
106.72839853521921	1.58
144.6164455673473	1.58
158.15013430472192	1.58
158.10430401022066	1.58
119.26415932422411	1.58
144.66696096182102	1.58
158.15013430472192	1.58
158.10430401022066	1.58
118.8330725608311	1.58
147.72348914786232	1.58
158.15013430472192	1.58
158.10430401022066	1.58
118.8330725608311	1.58
137.7723982385365	1.58
158.15013430472192	1.58
150.79731539824868	1.58
117.77112260293336	1.58
128.1532551598501	1.58
158.15013430472192	1.58
150.79731539824868	1.58
117.77112260293336	1.58
121.37622831784313	1.58
158.15013430472192	1.58
150.79731539824868	1.58
117.77112260293336	1.58
116.85705469588845	1.58
158.15013430472192	1.58
150.79731539824868	1.58
117.77112260293336	1.58
116.85705469588845	1.58
158.15013430472192	1.58
150.79731539824868	1.58
117.77112260293336	1.58
127.30446475892302	1.58
152.37594104043023	1.58
150.79731539824868	1.58
125.26590659965437	1.58
112.88338498983855	1.58
152.37594104043023	1.58
145.8049596822169	1.58
125.26590659965437	1.58
120.23703167727483	1.58
152.37594104043023	1.58
139.33110852538306	1.58
129.1056329157564	1.58
115.24300610613253	1.58
152.37594104043023	1.58
141.54675835945633	1.58
130.44485958748237	1.58
115.24300610613253	1.58
149.45195364293076	1.58
141.54675835945633	1.58
132.96144919296933	1.58
115.24300610613253	1.58
149.45195364293076	1.58
138.2760712016064	1.58
131.26472738248432	1.58
115.24300610613253	1.58
144.0299727431796	1.58
138.21614073210785	1.58
127.58115474473239	1.58
115.24300610613253	1.58
144.0299727431796	1.58
138.16798014685472	1.58
129.71732201193228	1.58
115.24300610613253	1.58
153.15947335633226	1.58
138.34398282621493	1.58
122.72594653834827	1.58
113.49306379099804	1.58
153.15947335633226	1.58
147.95455751126252	1.58
113.1145078574349	1.58
113.4276669308682	1.58
153.15947335633226	1.58
147.95455751126252	1.58
111.5666291130603	1.58
126.71221727151112	1.58
153.15947335633226	1.58
147.95455751126252	1.58
111.5666291130603	1.58
137.15951715121406	1.58
153.50679272871088	1.58
149.9492304939703	1.58
111.5666291130603	1.58
123.37744894241033	1.58
146.13302243336207	1.58
142.0565818406849	1.58
121.97623184516418	1.58
118.52241612965825	1.58
140.96256892276676	1.58
136.39829184845166	1.58
109.08008645301655	1.58
118.55136161203389	1.58
140.96256892276676	1.58
143.06129059064673	1.58
109.08008645301655	1.58
117.81840443432327	1.58
156.78561496473884	1.58
127.49620084604712	1.58
119.43512696938471	1.58
115.21122598258818	1.58
148.12368761170967	1.58
125.23051155407407	1.58
121.62475966682469	1.58
115.21122598258818	1.58
148.12368761170967	1.58
133.55010632565313	1.58
121.62475966682469	1.58
114.10235772450554	1.58
148.12368761170967	1.58
134.37933617959428	1.58
123.0349145910572	1.58
114.10235772450554	1.58
148.12368761170967	1.58
143.43803743459543	1.58
130.09204305505085	1.58
114.10235772450554	1.58
153.22868186565765	1.58
145.05608901704696	1.58
132.4901459346444	1.58
124.97014347868569	1.58
153.22868186565765	1.58
141.78732037142055	1.58
129.69186615973183	1.58
106.32096520414116	1.58
153.22868186565765	1.58
145.03299267108903	1.58
116.43687815012322	1.58
106.32096520414116	1.58
153.22868186565765	1.58
132.46171750467192	1.58
116.43687815012322	1.58
116.92843636353324	1.58
149.55149708820636	1.58
145.62014796338497	1.58
116.43687815012322	1.58
116.92843636353324	1.58
149.55149708820636	1.58
141.81631160893062	1.58
116.43687815012322	1.58
116.92843636353324	1.58
143.6803719784314	1.58
129.377219254629	1.58
116.43687815012322	1.58
109.1911236655861	1.58
139.79472544161115	1.58
140.23993512917122	1.58
116.43687815012322	1.58
115.55386502907179	1.58
148.86428935801308	1.58
149.69256630094074	1.58
131.64777616867028	1.58
122.359881188749	1.58
148.86428935801308	1.58
143.5488894598139	1.58
131.64777616867028	1.58
134.55643175575045	1.58
148.86428935801308	1.58
151.8571952571522	1.58
139.87145073681566	1.58
130.22581241695335	1.58
151.52009263185545	1.58
151.8571952571522	1.58
134.08015009536982	1.58
109.52823617288851	1.58
148.15280812850122	1.58
136.4244207952318	1.58
134.97087621239518	1.58
109.52823617288851	1.58
154.0493364747229	1.58
136.4244207952318	1.58
135.16660126989277	1.58
113.50748769912119	1.58
149.68238232493187	1.58
135.99179971117428	1.58
124.01374185887393	1.58
113.50748769912119	1.58
149.68238232493187	1.58
138.70110128999028	1.58
110.75853564218616	1.58
113.50748769912119	1.58
140.60492375758838	1.58
128.6382076519016	1.58
107.23799562317114	1.58
117.64707765264929	1.58
139.69630020012144	1.58
129.04256607509083	1.58
107.42843917841556	1.58
117.64707765264929	1.58
139.69630020012144	1.58
131.54121092910972	1.58
107.42843917841556	1.58
119.96471642128344	1.58
139.69630020012144	1.58
142.79178615212007	1.58
107.42843917841556	1.58
126.29960487479624	1.58
138.4759172552014	1.58
153.8843358735543	1.58
107.42843917841556	1.58
117.88989164070182	1.58
142.2110040055986	1.58
131.41030448020922	1.58
107.42843917841556	1.58
122.48681444396013	1.58
137.29263313454504	1.58
138.4540420190217	1.58
107.42843917841556	1.58
123.67912382861168	1.58
139.86979868658523	1.58
135.7265890199727	1.58
107.42843917841556	1.58
122.9667382824011	1.58
143.08502307738885	1.58
131.17072077602558	1.58
117.49656788451236	1.58
122.57851010629336	1.58
151.64695977156404	1.58
127.2531343356217	1.58
119.01752626523484	1.58
132.6067322368171	1.58
151.64695977156404	1.58
128.76275648165588	1.58
121.68689206723839	1.58
132.71874179813562	1.58
142.65583850604983	1.58
128.72387386472946	1.58
118.00996156214786	1.58
133.33039768942618	1.58
131.05902478431278	1.58
126.1090026012669	1.58
111.73951389295715	1.58
134.05164521674718	1.58
131.6276812578976	1.58
127.5380760180262	1.58
111.73951389295715	1.58
134.05164521674718	1.58
129.58074204249823	1.58
126.27226853846037	1.58
111.5983057241827	1.58
131.9809966869124	1.58
134.74941038992586	1.58
126.27226853846037	1.58
113.92186169695852	1.58
136.91073825330756	1.58
135.14409018935658	1.58
120.43875960621918	1.58
113.92186169695852	1.58
135.8538259483868	1.58
135.3503135415035	1.58
120.43875960621918	1.58
111.0608693373719	1.58
135.79944946482007	1.58
132.45207777164725	1.58
113.29314610066169	1.58
111.22321104152775	1.58
127.32103806751984	1.58
131.12676910831814	1.58
113.29314610066169	1.58
111.22321104152775	1.58
139.70877921386764	1.58
129.25068803744372	1.58
113.04663253206445	1.58
111.22321104152775	1.58
157.093931613952	1.58
129.30983705870807	1.58
109.30113653594691	1.58
111.78688893752017	1.58
156.00056028183354	1.58
126.72292979089724	1.58
109.30113653594691	1.58
110.71395783271444	1.58
155.39875456092	1.58
133.0560256354089	1.58
108.20795041688427	1.58
110.38402466856124	1.58
155.39875456092	1.58
129.5931283630706	1.58
108.20795041688427	1.58
110.38402466856124	1.58
155.39875456092	1.58
126.27283950147594	1.58
108.20795041688427	1.58
109.4892722130495	1.58
155.39875456092	1.58
126.27283950147594	1.58
112.26329285081442	1.58
109.4892722130495	1.58
147.7090821599691	1.58
126.27283950147594	1.58
121.8059732680564	1.58
110.2864128975246	1.58
148.80569620247354	1.58
135.85299535032362	1.58
118.52377818326791	1.58
111.3031420105118	1.58
150.55694565589758	1.58
125.8360439827463	1.58
119.71611877743597	1.58
109.86051210646706	1.58
151.91000310444716	1.58
125.8360439827463	1.58
128.36570296045562	1.58
109.86051210646706	1.58
151.91000310444716	1.58
125.88516582174927	1.58
125.9348920504211	1.58
116.04596825314358	1.58
154.73505923251514	1.58
126.42070357013561	1.58
114.67576747274711	1.58
116.7281948656472	1.58
154.73505923251514	1.58
134.22987060239262	1.58
131.8036037870703	1.58
116.7281948656472	1.58
154.73505923251514	1.58
151.51404441036223	1.58
115.116521472664	1.58
117.40542896091034	1.58
156.65032051742276	1.58
151.51404441036223	1.58
116.1395066237189	1.58
116.97757410411369	1.58
155.18951129771307	1.58
152.745516939177	1.58
116.1395066237189	1.58
116.97757410411369	1.58
156.99148045435783	1.58
141.8663267737771	1.58
131.09941628840454	1.58
116.97757410411369	1.58
152.09930012854622	1.58
137.1990278144883	1.58
135.53713953689464	1.58
116.97757410411369	1.58
152.70089505499	1.58
134.78258091746184	1.58
126.96504860005749	1.58
112.18505915007307	1.58
152.70089505499	1.58
147.12227114140194	1.58
122.97362476606594	1.58
112.18505915007307	1.58
153.51072810522047	1.58
142.65277344216855	1.58
122.97362476606594	1.58
112.18505915007307	1.58
153.51072810522047	1.58
142.65277344216855	1.58
135.91884121656352	1.58
120.43606725008267	1.58
153.51072810522047	1.58
146.97837708306892	1.58
143.3581234111007	1.58
114.80807779809989	1.58
153.51072810522047	1.58
146.45637795081035	1.58
149.1513651300169	1.58
117.7406877169156	1.58
154.32161167920543	1.58
144.24185805701927	1.58
149.1513651300169	1.58
117.7406877169156	1.58
158.15734677501572	1.58
138.2688443863808	1.58
149.1513651300169	1.58
117.7406877169156	1.58
158.15734677501572	1.58
142.59202635800406	1.58
149.1513651300169	1.58
117.7406877169156	1.58
158.15734677501572	1.58
149.60471446609952	1.58
148.97995957374667	1.58
117.7406877169156	1.58
158.15734677501572	1.58
148.62188001741168	1.58
144.78202586159694	1.58
122.67175287983707	1.58
158.15734677501572	1.58
148.62188001741168	1.58
144.78202586159694	1.58
123.6670494561383	1.58
158.15734677501572	1.58
143.70406655507085	1.58
144.27887795120364	1.58
125.09958576066597	1.58
158.15734677501572	1.58
144.98749456634505	1.58
146.9323767232906	1.58
119.050751718919	1.58
158.15734677501572	1.58
139.43834530682443	1.58
140.6524468195851	1.58
119.43836116007907	1.58
158.15734677501572	1.58
153.0994305943596	1.58
148.93837180092757	1.58
112.66336763764201	1.58
158.15734677501572	1.58
154.25596110441396	1.58
154.34258711603735	1.58
112.66336763764201	1.58
156.2932836021217	1.58
155.00990338771882	1.58
154.34258711603735	1.58
112.66336763764201	1.58
156.2932836021217	1.58
154.97357327903717	1.58
155.31565668274257	1.58
132.31273826115978	1.58
156.21537319731559	1.58
154.73663113070788	1.58
155.31565668274257	1.58
123.99776237440824	1.58
157.08908713284342	1.58
154.2957642483953	1.58
155.31565668274257	1.58
123.99776237440824	1.58
157.08908713284342	1.58
154.2957642483953	1.58
155.31565668274257	1.58
132.47494038081786	1.58
157.8295234352102	1.58
154.2957642483953	1.58
148.74258075611394	1.58
132.26217403076936	1.58
157.92276473523498	1.58
154.2957642483953	1.58
155.18849756691682	1.58
132.26217403076936	1.58
157.92276473523498	1.58
154.2957642483953	1.58
155.18849756691682	1.58
139.8273651612685	1.58
157.8897311323548	1.58
154.3727244100831	1.58
155.18849756691682	1.58
134.46466552438795	1.58
157.8897311323548	1.58
154.3727244100831	1.58
155.06374485992544	1.58
127.52664403554823	1.58
156.78563002664512	1.58
154.00435953755715	1.58
155.1833049004298	1.58
115.46772013914563	1.58
157.04484402834984	1.58
154.00435953755715	1.58
155.2794039814665	1.58
115.46772013914563	1.58
157.04484402834984	1.58
155.01130428684277	1.58
138.71455538690395	1.58
115.46772013914563	1.58
157.08873584662382	1.58
154.0705341046293	1.58
154.16307463015548	1.58
124.21626537441661	1.58
157.08873584662382	1.58
143.83594690117047	1.58
156.76236283818002	1.58
130.09564269231026	1.58
154.18699001106788	1.58
138.23641015101234	1.58
155.56462901076281	1.58
112.63618966536711	1.58
154.05751080827807	1.58
148.10490715034126	1.58
155.65346959171904	1.58
112.63618966536711	1.58
154.05751080827807	1.58
147.34471039693426	1.58
155.65346959171904	1.58
112.63618966536711	1.58
153.1657057729292	1.58
149.82742099220522	1.58
155.65346959171904	1.58
112.63618966536711	1.58
153.1657057729292	1.58
142.07947798585118	1.58
155.65346959171904	1.58
112.63618966536711	1.58
153.1657057729292	1.58
139.4280024709569	1.58
155.65346959171904	1.58
112.63618966536711	1.58
150.8013147979991	1.58
139.4280024709569	1.58
153.7833004205274	1.58
112.63618966536711	1.58
151.3606882441419	1.58
140.9984516058001	1.58
153.5960296585608	1.58
112.63618966536711	1.58
149.67718307039706	1.58
141.0992236473333	1.58
152.8196654557867	1.58
112.63618966536711	1.58
148.25422226608805	1.58
148.4149127297487	1.58
152.1701348356388	1.58
127.28245509454942	1.58
148.1660149847289	1.58
148.4149127297487	1.58
152.78420756495078	1.58
125.9761204529446	1.58
148.0539127785231	1.58
152.09279346131297	1.58
152.78420756495078	1.58
125.9761204529446	1.58
146.29512318130742	1.58
152.09279346131297	1.58
152.78420756495078	1.58
107.18153945544151	1.58
147.39636165227301	1.58
154.13406060742932	1.58
136.88486566995635	1.58
111.98426028790556	1.58
141.64267013255647	1.58
154.13406060742932	1.58
137.3912395877148	1.58
123.11898939109133	1.58
138.3187260133231	1.58
154.13406060742932	1.58
136.7270185937977	1.58
130.20922338971727	1.58
139.6934248230859	1.58
149.1806648385284	1.58
139.6891396370932	1.58
118.6517617395071	1.58
140.07177063567767	1.58
150.2437377154566	1.58
138.78271999430336	1.58
118.6517617395071	1.58
141.18031516571585	1.58
151.53048740159207	1.58
152.34129392579905	1.58
118.6517617395071	1.58
136.26058325021205	1.58
151.53048740159207	1.58
152.34129392579905	1.58
121.58939864719608	1.58
130.43989198892785	1.58
146.79758670251823	1.58
152.34129392579905	1.58
110.1885127176264	1.58
123.53854020934399	1.58
146.79758670251823	1.58
155.9043786096843	1.58
117.29966684381962	1.58
136.29895660004485	1.58
149.5516456844768	1.58
155.9043786096843	1.58
117.29966684381962	1.58
131.08986142436726	1.58
148.3031567144061	1.58
155.9043786096843	1.58
117.29966684381962	1.58
142.31045729705252	1.58
148.3031567144061	1.58
155.9043786096843	1.58
117.29966684381962	1.58
137.80802706383528	1.58
154.22001285147414	1.58
155.9043786096843	1.58
115.2043306832492	1.58
131.41039289202035	1.58
154.22001285147414	1.58
155.9043786096843	1.58
115.2043306832492	1.58
125.5821976338875	1.58
154.22001285147414	1.58
155.9043786096843	1.58
115.2043306832492	1.58
139.60714602380835	1.58
154.22001285147414	1.58
155.9043786096843	1.58
115.2043306832492	1.58
135.0032604283838	1.58
154.22001285147414	1.58
151.91746722480303	1.58
120.14527009451785	1.58
135.0032604283838	1.58
154.61622688740314	1.58
151.91746722480303	1.58
120.14527009451785	1.58
116.07515335028604	1.58
154.61622688740314	1.58
151.91746722480303	1.58
120.14527009451785	1.58
112.0008064859931	1.58
154.61622688740314	1.58
140.8373435170958	1.58
116.42326811981893	1.58
112.0008064859931	1.58
154.61622688740314	1.58
144.55076885920613	1.58
116.42326811981893	1.58
112.0008064859931	1.58
141.0112351771571	1.58
144.55076885920613	1.58
118.85670517052445	1.58
120.74386194702772	1.58
140.47104274214712	1.58
140.89795950202262	1.58
125.07565574044347	1.58
119.993231081295	1.58
140.47104274214712	1.58
150.66444242255676	1.58
123.91056743715376	1.58
117.04968384941898	1.58
144.49025219096495	1.58
150.66444242255676	1.58
115.23476795847037	1.58
117.04968384941898	1.58
153.59473022967143	1.58
150.66444242255676	1.58
113.3417576064734	1.58
117.04968384941898	1.58
153.59473022967143	1.58
153.26904389328945	1.58
113.3417576064734	1.58
122.54354245627437	1.58
141.98990316196785	1.58
153.26904389328945	1.58
119.86843210200279	1.58
127.8392767621246	1.58
141.98990316196785	1.58
153.26904389328945	1.58
119.86843210200279	1.58
128.8557815450214	1.58
140.57310197763212	1.58
153.26904389328945	1.58
127.33229243215273	1.58
114.25853072013959	1.58
145.96793127805833	1.58
146.84763457975865	1.58
121.64554987596213	1.58
114.25853072013959	1.58
145.38451153035555	1.58
144.68200052019614	1.58
121.64554987596213	1.58
127.54367726189096	1.58
138.74667734767627	1.58
141.80712738643282	1.58
110.85170757257605	1.58
132.93201046140092	1.58
141.55026874971543	1.58
141.80712738643282	1.58
125.24397263067266	1.58
132.93201046140092	1.58
151.71126373047875	1.58
144.39461864161296	1.58
125.24397263067266	1.58
128.97481013389594	1.58
145.35654840743385	1.58
141.69381834917584	1.58
117.56053470207212	1.58
127.35778555215381	1.58
145.35654840743385	1.58
139.64783388260915	1.58
117.56053470207212	1.58
132.71398143259088	1.58
156.36465121515738	1.58
145.49830128445996	1.58
117.56053470207212	1.58
137.8743044145205	1.58
156.36465121515738	1.58
145.49830128445996	1.58
117.56053470207212	1.58
143.9213194827983	1.58
156.36465121515738	1.58
145.49830128445996	1.58
126.09417658044981	1.58
144.40606266615063	1.58
156.36465121515738	1.58
145.49830128445996	1.58
126.09417658044981	1.58
133.73156090967	1.58
156.36465121515738	1.58
151.46291020301706	1.58
126.09417658044981	1.58
119.54187173258623	1.58
149.8453668989684	1.58
143.13013145861834	1.58
126.09417658044981	1.58
119.54187173258623	1.58
149.8453668989684	1.58
140.1713135993985	1.58
112.55861445624174	1.58
127.43380622063638	1.58
146.4036428537375	1.58
143.8914752936443	1.58
112.55861445624174	1.58
135.99205453740493	1.58
144.308856878079	1.58
129.6300756629248	1.58
112.55861445624174	1.58
139.5130650153157	1.58
130.84162606520528	1.58
122.30419945067447	1.58
112.55861445624174	1.58
139.5130650153157	1.58
130.84162606520528	1.58
123.10626802285962	1.58
112.55861445624174	1.58
139.04182325076795	1.58
136.66586573427514	1.58
132.96649354986747	1.58
111.19723493045268	1.58
139.3280377407509	1.58
137.38506360817877	1.58
137.35167660557786	1.58
111.19723493045268	1.58
139.3280377407509	1.58
137.38506360817877	1.58
137.35167660557786	1.58
111.19723493045268	1.58
141.1511093594557	1.58
140.14422184695258	1.58
137.35167660557786	1.58
111.19723493045268	1.58
140.67397668011748	1.58
139.9902351184103	1.58
135.95405532642474	1.58
111.19723493045268	1.58
141.2265988185115	1.58
138.58873356856054	1.58
135.95405532642474	1.58
111.19723493045268	1.58
140.62387635039906	1.58
143.04950831514054	1.58
135.95405532642474	1.58
120.8506086618794	1.58
139.9375176883998	1.58
143.04950831514054	1.58
137.7457061015926	1.58
123.44662507918235	1.58
140.79128488930897	1.58
136.8743507985336	1.58
137.7457061015926	1.58
123.8988374114882	1.58
140.2546773284201	1.58
135.128291258566	1.58
137.8471508502021	1.58
120.20454214706118	1.58
141.07912118099375	1.58
137.70693145261984	1.58
137.8471508502021	1.58
123.7920593490733	1.58
141.07912118099375	1.58
146.43828967877613	1.58
136.4675620440682	1.58
127.64294881973849	1.58
143.79370499516736	1.58
147.4392257941899	1.58
138.73566026911243	1.58
136.26468902307317	1.58
142.25958842813588	1.58
157.93995495950523	1.58
138.5464159998336	1.58
125.70272323457885	1.58
142.42407353321616	1.58
157.93995495950523	1.58
138.37800004285384	1.58
113.9438788564438	1.58
143.9837142970855	1.58
157.93995495950523	1.58
134.50363613760587	1.58
123.115588690127	1.58
145.9619314126256	1.58
157.93995495950523	1.58
128.32657340612616	1.58
123.115588690127	1.58
136.1513478000033	1.58
157.93995495950523	1.58
128.6424151049714	1.58
119.28697246215698	1.58
136.1513478000033	1.58
157.93995495950523	1.58
129.0350048924708	1.58
135.85383598693778	1.58
128.35535517976794	1.58
156.2752932333078	1.58
129.0350048924708	1.58
140.51743530872267	1.58
136.82503466932184	1.58
150.89155592483868	1.58
129.0350048924708	1.58
141.16155936566292	1.58
136.82503466932184	1.58
155.76163518264647	1.58
132.50622961464603	1.58
138.37772847080643	1.58
137.01486646157403	1.58
148.9450625681729	1.58
131.6376851278293	1.58
130.2342507596982	1.58
141.91980346289733	1.58
148.9450625681729	1.58
124.5375238356691	1.58
133.53826657979053	1.58
146.52999060181526	1.58
149.87853403556298	1.58
113.47460192604635	1.58
153.22426464752533	1.58
146.52999060181526	1.58
149.87853403556298	1.58
113.47460192604635	1.58
154.40746423312308	1.58
146.52999060181526	1.58
150.68701135779887	1.58
113.47460192604635	1.58
154.40746423312308	1.58
150.07850986836198	1.58
150.64569453414202	1.58
113.47460192604635	1.58
154.40746423312308	1.58
150.14221623695965	1.58
150.52900699799426	1.58
113.47460192604635	1.58
157.49078854514494	1.58
153.5218578796972	1.58
150.05386234166093	1.58
113.47460192604635	1.58
157.49078854514494	1.58
153.52660519071594	1.58
151.0599901400962	1.58
130.78153479942128	1.58
157.49078854514494	1.58
154.48371098071118	1.58
150.3291759034126	1.58
130.78153479942128	1.58
157.49078854514494	1.58
154.48371098071118	1.58
148.633499706374	1.58
114.78505790179511	1.58
153.4321322693086	1.58
154.48371098071118	1.58
149.3322724524963	1.58
114.78505790179511	1.58
152.73030504277096	1.58
153.93689787109145	1.58
149.13208706982536	1.58
127.07522977093174	1.58
153.88221114582186	1.58
152.7333152076213	1.58
146.62606534716664	1.58
110.12152025333882	1.58
153.88221114582186	1.58
145.79480234289358	1.58
147.37817826717585	1.58
110.12152025333882	1.58
153.88221114582186	1.58
145.79480234289358	1.58
148.52134506879005	1.58
122.4679185716488	1.58
153.88221114582186	1.58
145.3474093684692	1.58
149.42582094429724	1.58
119.81494257539835	1.58
157.58886061500766	1.58
144.58201985036865	1.58
153.38152269104623	1.58
129.81675896733339	1.58
157.58886061500766	1.58
143.3009142016565	1.58
149.70759607000468	1.58
110.42234996044823	1.58
157.58886061500766	1.58
142.76160713799715	1.58
143.6960270873698	1.58
110.42234996044823	1.58
158.0658980602512	1.58
142.76160713799715	1.58
142.691432101382	1.58
121.34029578270008	1.58
147.00328782573058	1.58
142.75057126531925	1.58
142.70227486392238	1.58
121.34029578270008	1.58
153.92853333682197	1.58
146.3499712264168	1.58
134.93832091104582	1.58
121.34029578270008	1.58
158.2105210979911	1.58
147.23771559742448	1.58
142.17427574109703	1.58
121.34029578270008	1.58
158.2105210979911	1.58
147.23771559742448	1.58
130.71428054088594	1.58
121.34029578270008	1.58
158.2105210979911	1.58
147.23771559742448	1.58
130.71428054088594	1.58
133.7141859956436	1.58
158.2105210979911	1.58
147.0156169163807	1.58
133.82379761607436	1.58
132.29044554627882	1.58
147.0754212408534	1.58
142.17288532311963	1.58
137.7794602549272	1.58
131.4014063025049	1.58
146.19074227773112	1.58
148.47427958322555	1.58
135.26929309712796	1.58
119.02310753528877	1.58
156.67073973361448	1.58
148.96187556136485	1.58
127.39379037694736	1.58
119.02310753528877	1.58
149.9469476068018	1.58
148.96187556136485	1.58
117.25120569484494	1.58
127.358030344242	1.58
139.78837439285357	1.58
148.96187556136485	1.58
114.0605511831605	1.58
135.49211000941276	1.58
138.37558064225811	1.58
148.96187556136485	1.58
123.79526406559461	1.58
139.66898610458875	1.58
138.84732304798462	1.58
148.107285774669	1.58
119.93923291173347	1.58
139.86132861002443	1.58
136.56780632736272	1.58
151.18614936230125	1.58
119.68580265382866	1.58
128.91426866270376	1.58
136.4060993308767	1.58
148.85481215192615	1.58
113.48822710084193	1.58
136.05487353059843	1.58
136.4060993308767	1.58
148.85481215192615	1.58
116.95606637817559	1.58
131.2119125076756	1.58
140.5086128654624	1.58
144.82157307901713	1.58
118.03166301322422	1.58
130.0724960005385	1.58
146.98690044630817	1.58
137.55407098435595	1.58
118.03166301322422	1.58
129.06986003764757	1.58
146.98690044630817	1.58
130.42667136182106	1.58
116.57853460423115	1.58
132.5172586887088	1.58
146.98690044630817	1.58
130.42667136182106	1.58
116.57853460423115	1.58
121.91064904372647	1.58
154.50583649883868	1.58
136.95365540612488	1.58
106.84823654256327	1.58
124.02354321993828	1.58
134.0027433684071	1.58
147.2484026210209	1.58
118.30901810248344	1.58
124.02354321993828	1.58
137.09278042975015	1.58
147.2484026210209	1.58
116.46083261172372	1.58
128.19904973166246	1.58
137.09278042975015	1.58
147.2484026210209	1.58
116.46083261172372	1.58
109.39935836046243	1.58
135.01273347220206	1.58
150.24219778938627	1.58
111.11350093653415	1.58
110.97030342345704	1.58
131.95577433305058	1.58
146.16871093059316	1.58
111.11350093653415	1.58
110.97030342345704	1.58
151.2518680110888	1.58
142.03455910544392	1.58
111.11350093653415	1.58
110.97030342345704	1.58
151.2518680110888	1.58
151.5759519029033	1.58
111.11350093653415	1.58
125.93202311205354	1.58
148.60123759959075	1.58
146.10790735607534	1.58
111.11350093653415	1.58
122.92425924166542	1.58
148.60123759959075	1.58
150.64683098197463	1.58
114.57338523374993	1.58
122.92425924166542	1.58
148.60123759959075	1.58
157.18255247437955	1.58
114.57338523374993	1.58
111.50895053596622	1.58
148.60123759959075	1.58
155.34135912289076	1.58
112.2096091243114	1.58
111.50895053596622	1.58
148.60123759959075	1.58
155.34135912289076	1.58
112.2096091243114	1.58
123.50833237267882	1.58
146.33112651543524	1.58
151.9877899814662	1.58
111.64458213961458	1.58
123.50833237267882	1.58
152.32823842124498	1.58
151.9877899814662	1.58
111.64458213961458	1.58
124.99974169198293	1.58
152.32823842124498	1.58
151.9877899814662	1.58
111.64458213961458	1.58
108.8905940019225	1.58
152.32823842124498	1.58
154.71701024034195	1.58
114.32145075293434	1.58
125.41179606278125	1.58
155.4807505085974	1.58
157.9471056576294	1.58
114.06804261653605	1.58
120.94040292529142	1.58
155.4807505085974	1.58
157.9471056576294	1.58
114.06804261653605	1.58
120.94040292529142	1.58
155.4807505085974	1.58
146.92504023008345	1.58
124.46205514143556	1.58
120.94040292529142	1.58
155.4807505085974	1.58
142.90271482714937	1.58
132.31488070645244	1.58
115.04830634510151	1.58
155.4807505085974	1.58
140.10082512060856	1.58
120.9663172248224	1.58
115.04830634510151	1.58
155.4807505085974	1.58
134.74859281084633	1.58
121.8244739097182	1.58
115.04830634510151	1.58
155.4807505085974	1.58
133.8264770829067	1.58
121.8244739097182	1.58
115.04830634510151	1.58
151.01575634459442	1.58
145.5806559776852	1.58
121.8244739097182	1.58
118.27573638490978	1.58
145.7324058217825	1.58
144.6926847187821	1.58
118.13517365807111	1.58
118.27573638490978	1.58
150.30627989083857	1.58
144.6926847187821	1.58
129.25701410798825	1.58
116.07596077072677	1.58
147.36648294214325	1.58
150.63206661171043	1.58
131.17201923493965	1.58
106.00762582687076	1.58
130.7268310478062	1.58
150.63206661171043	1.58
131.1149621533575	1.58
116.067105882106	1.58
136.06232827401064	1.58
143.1795412074523	1.58
119.1093207969801	1.58
112.62155563672265	1.58
151.01420136510882	1.58
143.1795412074523	1.58
119.1093207969801	1.58
112.62155563672265	1.58
151.01420136510882	1.58
141.91776991491727	1.58
119.1093207969801	1.58
114.07927245275694	1.58
153.80433418155434	1.58
142.2770470355132	1.58
116.21682500119718	1.58
122.70518250493716	1.58
151.49925762423896	1.58
144.1511798419759	1.58
109.57316343818567	1.58
122.70518250493716	1.58
151.49925762423896	1.58
146.25277154949595	1.58
122.8491135367687	1.58
128.80603024652632	1.58
150.05444890968218	1.58
138.52960528747957	1.58
128.02293603022173	1.58
120.73811176790335	1.58
154.23506559723748	1.58
147.98080735518278	1.58
126.13262881243033	1.58
116.04831174100309	1.58
145.493787543691	1.58
146.0517796492308	1.58
120.1612390214159	1.58
116.04831174100309	1.58
151.65609631640342	1.58
149.73428276202011	1.58
120.1612390214159	1.58
116.04831174100309	1.58
144.2428536592675	1.58
149.73428276202011	1.58
125.1008964496625	1.58
119.13621350741215	1.58
144.2428536592675	1.58
142.94817629004004	1.58
118.01200987032225	1.58
119.11148033726371	1.58
144.2428536592675	1.58
138.519602961946	1.58
118.03920243074296	1.58
119.11148033726371	1.58
154.3936403706107	1.58
134.52384537650966	1.58
118.03920243074296	1.58
119.11148033726371	1.58
155.26019122821447	1.58
129.22188584418205	1.58
122.86333872956179	1.58
112.09116167880407	1.58
155.26019122821447	1.58
136.4551419014187	1.58
122.86333872956179	1.58
114.04402466568203	1.58
155.26019122821447	1.58
146.21857444817147	1.58
116.26977825757602	1.58
114.04402466568203	1.58
155.26019122821447	1.58
146.21857444817147	1.58
123.87931516547786	1.58
114.04402466568203	1.58
148.42890143058798	1.58
146.21857444817147	1.58
121.52001486088015	1.58
119.38686902028111	1.58
148.42890143058798	1.58
146.21857444817147	1.58
129.04489061206348	1.58
118.06645611938058	1.58
141.14601778925365	1.58
158.026784768676	1.58
129.04489061206348	1.58
137.19891533972128	1.58
140.12100736840532	1.58
157.71980426580063	1.58
121.51109058571258	1.58
132.0531532778335	1.58
143.11792817817167	1.58
157.71980426580063	1.58
121.51109058571258	1.58
127.5909163466731	1.58
143.11792817817167	1.58
157.71980426580063	1.58
113.53792472899154	1.58
127.07566721062497	1.58
144.22004688809125	1.58
157.71980426580063	1.58
113.53792472899154	1.58
127.07566721062497	1.58
138.4952784538931	1.58
157.71980426580063	1.58
124.42881233093865	1.58
136.43522930640623	1.58
138.6730608300068	1.58
149.98178897166954	1.58
131.75231202110876	1.58
134.55356078692077	1.58
138.24860344671933	1.58
149.98178897166954	1.58
131.34641971817712	1.58
133.9280039617037	1.58
140.44431713375735	1.58
153.89568357444904	1.58
114.9271391954756	1.58
135.34964851672137	1.58
140.44431713375735	1.58
153.89568357444904	1.58
114.9271391954756	1.58
132.89607658835013	1.58
147.88625367827407	1.58
153.89568357444904	1.58
114.9271391954756	1.58
122.86641829230317	1.58
147.88625367827407	1.58
153.89568357444904	1.58
114.9271391954756	1.58
122.11690889879935	1.58
136.318746177219	1.58
153.89568357444904	1.58
121.28269383830259	1.58
127.37595315403343	1.58
143.57630661414623	1.58
143.4845219189142	1.58
112.59065038105442	1.58
128.17526107650968	1.58
143.57630661414623	1.58
148.2987090519148	1.58
112.59065038105442	1.58
128.17526107650968	1.58
145.41045085901453	1.58
145.5057862886313	1.58
112.59065038105442	1.58
121.85908278485198	1.58
145.41045085901453	1.58
145.5057862886313	1.58
120.73813228679339	1.58
121.39101121826506	1.58
142.33636512903757	1.58
151.24327776480916	1.58
114.51926858689413	1.58
121.39101121826506	1.58
142.33636512903757	1.58
151.24327776480916	1.58
116.55282639333156	1.58
114.23336846282191	1.58
149.0323699652674	1.58
151.24327776480916	1.58
123.60750218434647	1.58
114.23336846282191	1.58
149.0323699652674	1.58
151.24327776480916	1.58
126.05240647072996	1.58
116.52346315063609	1.58
149.0323699652674	1.58
151.24327776480916	1.58
111.40034717861936	1.58
116.52346315063609	1.58
149.0323699652674	1.58
133.0294918350365	1.58
111.40034717861936	1.58
116.3797851115711	1.58
142.80920026903215	1.58
130.82429889486747	1.58
119.65783680693698	1.58
115.21013184764473	1.58
144.55073405778765	1.58
127.19366534741111	1.58
126.08254379926879	1.58
116.83465261631603	1.58
144.55073405778765	1.58
137.21109456693495	1.58
112.93463378180996	1.58
116.91176967521466	1.58
157.87669828789507	1.58
140.16807006540034	1.58
111.34250483932897	1.58
116.91176967521466	1.58
157.87669828789507	1.58
144.245512176292	1.58
111.34250483932897	1.58
116.91176967521466	1.58
157.87669828789507	1.58
150.23821831738877	1.58
111.34250483932897	1.58
116.91176967521466	1.58
151.4624429799287	1.58
152.56875760928	1.58
119.83405177053842	1.58
116.91176967521466	1.58
157.90920167265347	1.58
156.32879799155054	1.58
119.83405177053842	1.58
110.73662969593703	1.58
150.8467662784294	1.58
156.32879799155054	1.58
119.83405177053842	1.58
110.73662969593703	1.58
150.8467662784294	1.58
141.83555966530506	1.58
131.04187390034338	1.58
113.75678276015114	1.58
143.51166180354852	1.58
141.0558282014474	1.58
133.09038121269853	1.58
119.52271151290095	1.58
143.51166180354852	1.58
144.1957533513314	1.58
136.82158753151776	1.58
118.77003752163512	1.58
143.51166180354852	1.58
147.37606837693707	1.58
131.3769749480354	1.58
128.0989561595111	1.58
145.76493386639277	1.58
157.57694400656385	1.58
132.25439245591318	1.58
120.64579475257935	1.58
153.83287582773335	1.58
148.01767794619357	1.58
134.45548777221802	1.58
115.67289070416301	1.58
153.83287582773335	1.58
131.9878287580303	1.58
137.97240136894516	1.58
114.04245527393178	1.58
157.78878507479766	1.58
129.8054536565077	1.58
138.09583075497525	1.58
114.04245527393178	1.58
154.99389081398832	1.58
129.8406670098637	1.58
145.73412072842135	1.58
119.67393894655245	1.58
155.30158138252966	1.58
130.38406166666076	1.58
138.79478128095644	1.58
133.76572854114173	1.58
155.30158138252966	1.58
130.38406166666076	1.58
141.53920011447724	1.58
126.95575758353098	1.58
154.93823656778787	1.58
122.30526878074824	1.58
144.7818845759748	1.58
111.72124771430899	1.58
155.82776056518844	1.58
118.81819888043823	1.58
138.85710514201585	1.58
110.88101729369757	1.58
155.82776056518844	1.58
120.79834931858127	1.58
137.93439938802103	1.58
112.4709239392821	1.58
155.82776056518844	1.58
119.84376824258081	1.58
137.93439938802103	1.58
112.4709239392821	1.58
155.82776056518844	1.58
122.08710828935114	1.58
137.93439938802103	1.58
112.4709239392821	1.58
155.82776056518844	1.58
127.35904383094805	1.58
137.93439938802103	1.58
117.20866971468354	1.58
154.54501233782707	1.58
123.17092532921185	1.58
137.93439938802103	1.58
117.20866971468354	1.58
149.76012300847438	1.58
127.01337098346512	1.58
140.58857831897808	1.58
108.71378245543332	1.58
150.78124716454877	1.58
138.26731713386758	1.58
142.72892842903883	1.58
121.36944986001046	1.58
152.34903417605142	1.58
136.50977338137767	1.58
146.45292486496007	1.58
120.43357473382608	1.58
156.209132632411	1.58
142.2561367544905	1.58
145.12750938567	1.58
124.16539574722216	1.58
153.62657951556506	1.58
140.45383036938804	1.58
143.24643853779702	1.58
124.16539574722216	1.58
153.62657951556506	1.58
137.67973805396326	1.58
143.54240576721696	1.58
123.13700940849371	1.58
153.62657951556506	1.58
137.55131737844874	1.58
142.3165544863471	1.58
129.93739137861945	1.58
151.4719703121408	1.58
141.22296951979646	1.58
142.15482717827646	1.58
135.5556108118842	1.58
151.4719703121408	1.58
145.14569404298555	1.58
139.66094823821462	1.58
129.1060805697284	1.58
151.4719703121408	1.58
138.15036387840996	1.58
133.38996979060175	1.58
136.91730033825286	1.58
157.29204230574578	1.58
138.2566544424453	1.58
134.98544623519516	1.58
120.30396794322927	1.58
157.29204230574578	1.58
139.82806329958598	1.58
132.94960072194468	1.58
120.30396794322927	1.58
157.29204230574578	1.58
153.00494848290856	1.58
142.22651658666612	1.58
125.84740966468956	1.58
157.29204230574578	1.58
153.00494848290856	1.58
142.22651658666612	1.58
131.6311494348912	1.58
157.29204230574578	1.58
153.00494848290856	1.58
147.0554247826386	1.58
111.29921298098147	1.58
156.63517848462527	1.58
150.2974048667701	1.58
144.72213614228113	1.58
114.60663893324129	1.58
152.84338908821522	1.58
150.2974048667701	1.58
146.16782674606313	1.58
125.10478522485843	1.58
152.84338908821522	1.58
153.7632128663835	1.58
146.16782674606313	1.58
125.05717920923423	1.58
150.4401588763859	1.58
153.7632128663835	1.58
146.16782674606313	1.58
117.89600339443379	1.58
156.38336555240977	1.58
153.7632128663835	1.58
150.62207466298472	1.58
134.4322276843081	1.58
154.08789547162135	1.58
152.93506406643488	1.58
149.46478559266038	1.58
118.55769745098294	1.58
152.28557376360953	1.58
152.93506406643488	1.58
149.46478559266038	1.58
118.55769745098294	1.58
152.28557376360953	1.58
152.34541517219085	1.58
150.7780894153677	1.58
120.92732086251671	1.58
152.28557376360953	1.58
151.5257813249519	1.58
150.90491411459112	1.58
130.5930753389656	1.58
152.19556586716544	1.58
151.85927379423254	1.58
149.91470803921428	1.58
110.13758273086356	1.58
152.19556586716544	1.58
139.78493000294617	1.58
156.34953915715775	1.58
125.78907569285397	1.58
152.19556586716544	1.58
126.81226572088538	1.58
156.34953915715775	1.58
124.79565268377713	1.58
152.19556586716544	1.58
127.17918133662641	1.58
154.98871738598336	1.58
128.93829476782523	1.58
151.3753785492628	1.58
127.17918133662641	1.58
154.98871738598336	1.58
128.93829476782523	1.58
151.3753785492628	1.58
120.60406416669638	1.58
154.98871738598336	1.58
131.59186182203507	1.58
156.98967716736587	1.58
112.11595289420066	1.58
155.84887787669675	1.58
135.97596504172347	1.58
156.98967716736587	1.58
112.11595289420066	1.58
155.84887787669675	1.58
140.0087290508848	1.58
156.45541279281326	1.58
112.11595289420066	1.58
155.84887787669675	1.58
140.0087290508848	1.58
156.35307732924932	1.58
112.11595289420066	1.58
155.84887787669675	1.58
135.85493948800558	1.58
146.39447503864213	1.58
114.41335038556029	1.58
152.59662311475543	1.58
139.6946605099119	1.58
147.7879857405626	1.58
119.56283121246122	1.58
150.58607894419154	1.58
139.6946605099119	1.58
144.2191438348668	1.58
118.07736515309387	1.58
152.64190816812834	1.58
140.57538923134774	1.58
144.51111941368896	1.58
118.07736515309387	1.58
152.64190816812834	1.58
140.57538923134774	1.58
137.26138840186434	1.58
118.07736515309387	1.58
143.02844015548672	1.58
155.21541100496626	1.58
130.77761513082632	1.58
118.07736515309387	1.58
138.9581495654923	1.58
155.21541100496626	1.58
129.61397557824944	1.58
124.83456446511288	1.58
136.72970304691904	1.58
155.21541100496626	1.58
111.34550759886065	1.58
124.83456446511288	1.58
147.80940645349318	1.58
152.66120757793345	1.58
128.51424530181012	1.58
131.19425545753677	1.58
153.34738119865037	1.58
155.51492349297243	1.58
128.51424530181012	1.58
128.66396819855072	1.58
152.12518808418278	1.58
155.51492349297243	1.58
125.75308463034001	1.58
116.89581024568724	1.58
143.51548927211502	1.58
155.51492349297243	1.58
117.19916482480764	1.58
132.8806290876567	1.58
143.51548927211502	1.58
155.51492349297243	1.58
128.49569908854752	1.58
141.54552672856988	1.58
143.51548927211502	1.58
155.51492349297243	1.58
127.97120749732171	1.58
140.73668021312866	1.58
143.44803363962018	1.58
155.51492349297243	1.58
127.97120749732171	1.58
140.73668021312866	1.58
139.2869514126505	1.58
156.33576870477478	1.58
115.47844060756836	1.58
140.73668021312866	1.58
139.2869514126505	1.58
156.33576870477478	1.58
115.47844060756836	1.58
143.64382708130762	1.58
155.24897837739172	1.58
156.33576870477478	1.58
129.60140334887717	1.58
140.83771262738773	1.58
155.7700483151701	1.58
148.96478513808086	1.58
112.14785582971875	1.58
129.38554735152533	1.58
155.7700483151701	1.58
148.96478513808086	1.58
116.15951648561588	1.58
129.38554735152533	1.58
155.7700483151701	1.58
155.88237268142348	1.58
116.15951648561588	1.58
131.4739407752716	1.58
150.46949515638445	1.58
155.88237268142348	1.58
116.15951648561588	1.58
134.5200261220114	1.58
150.46949515638445	1.58
151.6040526608999	1.58
120.47515537939927	1.58
131.31107314974943	1.58
150.46949515638445	1.58
147.24591373920342	1.58
120.47515537939927	1.58
117.40972069717216	1.58
140.6201379686541	1.58
147.24591373920342	1.58
120.47515537939927	1.58
118.31550626797312	1.58
132.0506926311237	1.58
147.24591373920342	1.58
126.53608896324442	1.58
115.17546257992649	1.58
132.7200023692924	1.58
148.22134008559848	1.58
127.48678964782376	1.58
129.3270294134189	1.58
131.36107923386803	1.58
144.25305877751526	1.58
126.14110562027692	1.58
128.13560227153255	1.58
133.7642445037072	1.58
144.25305877751526	1.58
121.8504019753991	1.58
122.78940755716701	1.58
130.5046868668877	1.58
144.25305877751526	1.58
124.59009820998084	1.58
111.72887516254868	1.58
134.98961737222467	1.58
144.25305877751526	1.58
116.64933216068644	1.58
111.72887516254868	1.58
144.27542086037022	1.58
144.25305877751526	1.58
116.64933216068644	1.58
120.26893614402813	1.58
147.129763603308	1.58
154.31707890798577	1.58
116.64933216068644	1.58
130.94143062696074	1.58
147.129763603308	1.58
150.7778740283436	1.58
116.64933216068644	1.58
113.90711094625043	1.58
156.83243505322994	1.58
156.722886660919	1.58
116.64933216068644	1.58
111.31943495714702	1.58
156.83243505322994	1.58
136.84974703985995	1.58
125.56126709243216	1.58
116.31062427939908	1.58
145.52067703951653	1.58
141.36113414037692	1.58
132.63539351226365	1.58
127.70897447618442	1.58
140.58675693300242	1.58
141.36113414037692	1.58
133.6577438297648	1.58
114.58706678570596	1.58
154.05096419714107	1.58
149.7934617840284	1.58
132.84286375952163	1.58
114.58706678570596	1.58
152.2201797739305	1.58
149.7934617840284	1.58
136.82526614948273	1.58
114.58706678570596	1.58
143.40992684534172	1.58
155.5239887364899	1.58
136.68075588284955	1.58
114.75583740393024	1.58
144.04528555636787	1.58
150.9441584302018	1.58
135.4282712035847	1.58
116.59622842638726	1.58
144.04528555636787	1.58
145.63087031433665	1.58
135.16401880181155	1.58
116.59622842638726	1.58
148.42454505802164	1.58
143.69763053439698	1.58
134.1523170229263	1.58
123.40301942004719	1.58
147.48195585569346	1.58
141.7146345787367	1.58
134.4853220611489	1.58
127.18795267753941	1.58
149.92299354887763	1.58
139.59358023521077	1.58
130.85634756637128	1.58
134.60751355212298	1.58
149.92299354887763	1.58
139.7820865936691	1.58
126.43398591746065	1.58
136.11014464289153	1.58
152.17822952380303	1.58
139.49145293933805	1.58
115.18619915734314	1.58
133.82308432211153	1.58
152.17822952380303	1.58
138.51222329159577	1.58
125.31204717671753	1.58
128.84527871298047	1.58
140.79794932733563	1.58
135.62536883370927	1.58
119.986697834001	1.58
117.29700469201546	1.58
149.32538819193343	1.58
145.94707557263737	1.58
119.986697834001	1.58
117.29700469201546	1.58
149.32538819193343	1.58
143.37535429392872	1.58
118.39941152925063	1.58
126.40465232898248	1.58
139.98326023294004	1.58
153.00513152419882	1.58
118.39941152925063	1.58
126.40465232898248	1.58
147.89370909229854	1.58
146.11121709503354	1.58
118.39941152925063	1.58
115.86730915320642	1.58
137.77550492440392	1.58
146.11121709503354	1.58
115.86020660368905	1.58
124.77619522023798	1.58
141.83504320248875	1.58
139.28849880040826	1.58
115.86020660368905	1.58
127.1844747641091	1.58
145.1018020795523	1.58
139.28849880040826	1.58
115.86020660368905	1.58
115.21076183173332	1.58
145.1018020795523	1.58
129.64512510969462	1.58
114.88595266248657	1.58
115.21076183173332	1.58
145.1018020795523	1.58
131.10536349742065	1.58
109.5151609579971	1.58
115.21076183173332	1.58
131.1023149699285	1.58
137.0436444411392	1.58
108.42580492856095	1.58
111.01118271388268	1.58
132.52077800038077	1.58
137.0436444411392	1.58
111.14881369762756	1.58
111.01118271388268	1.58
146.2872691435323	1.58
132.8516859686377	1.58
115.77370784204335	1.58
112.42421762231791	1.58
143.26054799541134	1.58
152.84221375691814	1.58
115.20814120985999	1.58
112.42421762231791	1.58
144.1428892490764	1.58
152.84221375691814	1.58
115.20814120985999	1.58
125.48438608570295	1.58
133.7040294062527	1.58
143.4936254473027	1.58
115.20814120985999	1.58
125.48438608570295	1.58
133.20365142372808	1.58
154.1093675245508	1.58
123.2347582927749	1.58
118.41429826732228	1.58
144.18629685593837	1.58
157.2618865609143	1.58
130.78478966024667	1.58
118.41429826732228	1.58
135.1546464446884	1.58
149.60915467398934	1.58
131.0728518332654	1.58
115.82404430765887	1.58
143.24633290106283	1.58
149.60915467398934	1.58
126.12180186597847	1.58
115.82404430765887	1.58
153.5916043675387	1.58
149.60915467398934	1.58
129.69013537571217	1.58
114.14142483561051	1.58
152.90527581873732	1.58
149.60915467398934	1.58
132.12530084519497	1.58
114.14142483561051	1.58
152.90527581873732	1.58
146.96642756556955	1.58
132.64699047634736	1.58
114.14142483561051	1.58
145.02791895510018	1.58
155.5238235011251	1.58
129.30162733342272	1.58
114.14142483561051	1.58
150.44914989085686	1.58
144.17900846847905	1.58
125.11554206033975	1.58
118.90192443113213	1.58
148.2027472420225	1.58
144.17900846847905	1.58
125.11554206033975	1.58
118.90192443113213	1.58
157.30650863640284	1.58
151.66467480415344	1.58
125.11554206033975	1.58
118.90192443113213	1.58
157.30650863640284	1.58
143.20825746441517	1.58
133.57116249541377	1.58
118.90192443113213	1.58
157.30650863640284	1.58
146.0669620124815	1.58
133.57116249541377	1.58
131.2533280264963	1.58
157.30650863640284	1.58
140.79625811299871	1.58
123.89029543049483	1.58
130.86813358190497	1.58
157.30650863640284	1.58
145.79774474375003	1.58
133.39366421052614	1.58
130.86813358190497	1.58
157.30650863640284	1.58
145.79774474375003	1.58
120.24179067500923	1.58
125.51866406036393	1.58
157.30650863640284	1.58
145.40926273795583	1.58
127.77702821214608	1.58
132.69195866513343	1.58
157.30650863640284	1.58
145.40926273795583	1.58
130.6483051814649	1.58
134.33789335072595	1.58
157.30650863640284	1.58
150.82714557222204	1.58
140.4527877103078	1.58
125.3540416363945	1.58
157.30650863640284	1.58
158.17019596461282	1.58
141.02023758991245	1.58
110.51400274363598	1.58
157.30650863640284	1.58
158.17019596461282	1.58
135.2831082029616	1.58
129.60402459807122	1.58
157.30650863640284	1.58
158.17019596461282	1.58
125.49343871636356	1.58
116.69966259941711	1.58
156.75571910249906	1.58
158.17019596461282	1.58
121.2435360644192	1.58
116.69966259941711	1.58
156.75571910249906	1.58
148.87032672888097	1.58
130.74293076634783	1.58
120.89259472227546	1.58
156.75571910249906	1.58
148.87032672888097	1.58
130.74293076634783	1.58
120.89259472227546	1.58
156.75571910249906	1.58
148.87032672888097	1.58
113.93943507490744	1.58
133.244042931471	1.58
156.75571910249906	1.58
148.87032672888097	1.58
125.59985896844249	1.58
122.52663341402442	1.58
156.75571910249906	1.58
142.90669522633965	1.58
137.6514351703334	1.58
120.2275084852563	1.58
156.75571910249906	1.58
142.90669522633965	1.58
139.0175922139551	1.58
135.8408077504803	1.58
156.30943208266464	1.58
142.04473846861407	1.58
139.09139349250074	1.58
127.8998914632056	1.58
147.58397231383555	1.58
146.96674341239304	1.58
136.50551902552075	1.58
125.8704590330559	1.58
147.58397231383555	1.58
154.79341795239176	1.58
142.89970185057487	1.58
126.97093692709741	1.58
146.84945674962174	1.58
150.17845850251064	1.58
146.12966604907174	1.58
134.3045827585629	1.58
149.04436440739792	1.58
149.91483769817336	1.58
146.71709073256653	1.58
129.6453161424197	1.58
147.5792064834987	1.58
151.70283628394532	1.58
146.32000675391103	1.58
127.5083215865026	1.58
147.20671360963692	1.58
149.804661365225	1.58
146.32000675391103	1.58
117.2586510204834	1.58
147.89315990363033	1.58
150.74283848302807	1.58
145.37926211814167	1.58
117.2586510204834	1.58
148.67300147390802	1.58
152.81068633276112	1.58
143.8692734223427	1.58
117.2586510204834	1.58
151.3456611025506	1.58
157.50495238808023	1.58
143.35457612685494	1.58
110.16351202675658	1.58
148.8605168608129	1.58
157.50495238808023	1.58
144.0301217309756	1.58
110.16351202675658	1.58
158.14134098385637	1.58
157.50495238808023	1.58
132.6071581396193	1.58
125.1330716304401	1.58
158.14134098385637	1.58
157.50495238808023	1.58
115.26257297517984	1.58
122.61682289733284	1.58
158.14134098385637	1.58
157.50495238808023	1.58
109.64760460851582	1.58
122.81244932972214	1.58
158.14134098385637	1.58
157.50495238808023	1.58
112.29777884608484	1.58
131.6219020816418	1.58
158.14134098385637	1.58
157.50495238808023	1.58
128.66811311724643	1.58
123.1410659823984	1.58
158.14134098385637	1.58
155.19770398221326	1.58
128.66811311724643	1.58
123.1410659823984	1.58
158.14134098385637	1.58
144.91993090288273	1.58
117.5247567740382	1.58
131.4888284184928	1.58
158.14134098385637	1.58
144.91993090288273	1.58
117.5247567740382	1.58
133.49343131093627	1.58
158.14134098385637	1.58
145.34340780280195	1.58
124.87764123113604	1.58
127.37888746671544	1.58
152.23727442027052	1.58
145.34340780280195	1.58
119.53145721875471	1.58
111.03191738243976	1.58
148.14734994865864	1.58
145.34340780280195	1.58
125.01020137812432	1.58
112.8694628579141	1.58
141.1327851580477	1.58
143.83378707726422	1.58
121.8078748995409	1.58
112.8694628579141	1.58
134.62870106157993	1.58
148.64831014374818	1.58
129.68608871218103	1.58
106.28771040802928	1.58
136.01293553613326	1.58
154.75557452881634	1.58
134.46440465531936	1.58
116.64743474436554	1.58
130.5462748686531	1.58
154.75557452881634	1.58
139.3205742862593	1.58
116.64743474436554	1.58
124.56573036694026	1.58
154.75557452881634	1.58
146.40051091398408	1.58
133.95497523055235	1.58
120.97630345262361	1.58
154.75557452881634	1.58
150.25246686439388	1.58
124.46530977888466	1.58
131.18736284362586	1.58
154.9245096009166	1.58
148.03003303658315	1.58
125.1729282307221	1.58
118.52423122356326	1.58
157.22873206807049	1.58
151.40160670156922	1.58
130.18802339759407	1.58
119.0338983019883	1.58
154.96981132938566	1.58
150.64636106148052	1.58
140.33168700507784	1.58
121.55334938003566	1.58
150.06136869540947	1.58
150.64636106148052	1.58
143.5473594684208	1.58
121.55334938003566	1.58
149.53458119883868	1.58
150.43826088571873	1.58
145.3188807697379	1.58
122.06072707645345	1.58
149.11303903209983	1.58
150.43826088571873	1.58
144.6850236202157	1.58
116.67470589972126	1.58
147.97672388046078	1.58
151.43643954153077	1.58
138.7898428027706	1.58
119.52393787300956	1.58
150.11028186148963	1.58
152.43701791168036	1.58
140.52473323289766	1.58
119.52393787300956	1.58
146.69058835789446	1.58
152.43701791168036	1.58
140.52473323289766	1.58
124.26731356194539	1.58
148.50647638336312	1.58
152.99351397906878	1.58
138.29641083488625	1.58
124.63369525025146	1.58
146.11356281202782	1.58
152.99351397906878	1.58
132.00997895551941	1.58
120.53052150696192	1.58
139.31189901791248	1.58
152.99351397906878	1.58
132.00997895551941	1.58
109.30330525571726	1.58
126.69653713471014	1.58
152.99351397906878	1.58
151.8604173215519	1.58
123.96975787750063	1.58
129.1048140667662	1.58
152.99351397906878	1.58
155.56556494269935	1.58
111.29463405865427	1.58
129.1048140667662	1.58
152.99351397906878	1.58
152.91726232681802	1.58
111.29463405865427	1.58
139.7505105171367	1.58
152.99351397906878	1.58
152.91726232681802	1.58
111.29463405865427	1.58
131.47648744910225	1.58
152.99351397906878	1.58
153.406440368305	1.58
115.8820217313895	1.58
136.72753373985708	1.58
149.76723406184834	1.58
135.43564869804052	1.58
110.18433978380834	1.58
135.14450625077743	1.58
154.41294814677087	1.58
151.11769831790963	1.58
110.18433978380834	1.58
124.05612858551237	1.58
154.41294814677087	1.58
151.11769831790963	1.58
115.64863339589265	1.58
133.19987579270116	1.58
136.92084825646336	1.58
156.79258493797042	1.58
115.64863339589265	1.58
112.51316567621586	1.58
131.40400370373183	1.58
157.56249585716876	1.58
115.64863339589265	1.58
134.62493965365397	1.58
125.67098649106919	1.58
157.56249585716876	1.58
107.74394212181467	1.58
138.2726771797137	1.58
130.79544349349638	1.58
157.56249585716876	1.58
116.66959055131296	1.58
138.73806198651454	1.58
124.67088861416255	1.58
150.40252191882703	1.58
116.66959055131296	1.58
144.39750171513708	1.58
134.39608185770953	1.58
150.86850759162533	1.58
116.66959055131296	1.58
147.59822008220985	1.58
126.97250629495296	1.58
151.33264415116864	1.58
116.01480160280545	1.58
147.59822008220985	1.58
114.80578225239339	1.58
154.9351243220603	1.58
116.62940590395985	1.58
158.2219428107257	1.58
113.81472039278192	1.58
154.9351243220603	1.58
116.04963532787318	1.58
157.49719048932596	1.58
114.34339536074438	1.58
154.9351243220603	1.58
116.04963532787318	1.58
143.45411961497337	1.58
113.33761396186017	1.58
149.49460112664397	1.58
130.09159151062934	1.58
143.45411961497337	1.58
111.77224309608985	1.58
149.49460112664397	1.58
138.22589217407494	1.58
144.4225675820371	1.58
123.70131057006151	1.58
157.92473488621604	1.58
130.97363019737352	1.58
139.5120089142323	1.58
126.99602768337455	1.58
157.92473488621604	1.58
129.95517936543985	1.58
130.07556571458335	1.58
127.68789338960856	1.58
157.92473488621604	1.58
130.84488005373166	1.58
130.07556571458335	1.58
127.74644268456542	1.58
157.92473488621604	1.58
130.4996690761604	1.58
130.71040333478862	1.58
125.09281989356896	1.58
157.92473488621604	1.58
130.4996690761604	1.58
129.12423165818285	1.58
125.37326613425475	1.58
157.92473488621604	1.58
133.23856355901634	1.58
137.67551885554732	1.58
125.45602473436492	1.58
157.92473488621604	1.58
137.21664013240115	1.58
147.20361393008488	1.58
124.24015293182211	1.58
156.97974915663036	1.58
132.6407471169514	1.58
147.20361393008488	1.58
120.6595956048552	1.58
156.97974915663036	1.58
143.55530542204366	1.58
148.72506617360028	1.58
120.6595956048552	1.58
156.97974915663036	1.58
143.06475226737513	1.58
148.72506617360028	1.58
120.6595956048552	1.58
156.97974915663036	1.58
143.06475226737513	1.58
150.08963421122894	1.58
120.6595956048552	1.58
156.97974915663036	1.58
143.06475226737513	1.58
150.08963421122894	1.58
114.65485975280457	1.58
156.97974915663036	1.58
149.51604890931077	1.58
152.7306751704949	1.58
115.88484192782997	1.58
156.97974915663036	1.58
150.76801025141296	1.58
152.7306751704949	1.58
115.88484192782997	1.58
157.33193399441265	1.58
145.35394544849225	1.58
136.8662451932849	1.58
115.88484192782997	1.58
151.5859919098408	1.58
143.63409170376565	1.58
139.31839637201162	1.58
99.76173923035338	1.58
154.33033279788592	1.58
136.38691725157852	1.58
143.43482637881803	1.58
99.76173923035338	1.58
154.33033279788592	1.58
130.98976742592143	1.58
139.40654415827444	1.58
92.67642071152443	1.58
154.33033279788592	1.58
127.82928971226954	1.58
143.52897540148157	1.58
72.46143256449334	1.58
154.33033279788592	1.58
151.40954289894813	1.58
124.35759174697907	1.58
76.022669762643	1.58
156.5869495511004	1.58
150.59365588973645	1.58
134.33501468615708	1.58
110.31473368339695	1.58
157.0890410072739	1.58
150.59365588973645	1.58
129.38737520658327	1.58
110.31473368339695	1.58
153.52278311940762	1.58
150.59365588973645	1.58
135.40381242543577	1.58
110.31473368339695	1.58
157.95948242902355	1.58
150.48310943336134	1.58
134.52264322923708	1.58
110.31473368339695	1.58
157.85520026897888	1.58
150.48310943336134	1.58
134.52264322923708	1.58
110.31473368339695	1.58
154.71398305822348	1.58
150.48310943336134	1.58
136.62246708645375	1.58
118.72445846316297	1.58
153.4038337997907	1.58
150.48310943336134	1.58
123.5042212869894	1.58
115.46050061823811	1.58
154.5061899423849	1.58
150.48310943336134	1.58
127.09583356760507	1.58
116.1780084827868	1.58
157.20143941504676	1.58
148.18172748238453	1.58
132.3186552287249	1.58
116.34532620121698	1.58
157.20143941504676	1.58
149.24672965888462	1.58
112.61909159551968	1.58
118.63683014056706	1.58
157.20143941504676	1.58
149.17244133018792	1.58
112.61909159551968	1.58
116.3486182790602	1.58
155.9905374954975	1.58
143.0169333507449	1.58
112.61909159551968	1.58
121.24443734376504	1.58
155.9905374954975	1.58
149.47093322221875	1.58
112.61909159551968	1.58
125.9488149282683	1.58
155.9905374954975	1.58
153.6230725650529	1.58
121.7148452821767	1.58
125.9488149282683	1.58
155.9905374954975	1.58
151.8762585859726	1.58
122.17462186601381	1.58
125.9488149282683	1.58
155.9905374954975	1.58
152.73006777697617	1.58
122.8445269328763	1.58
125.9488149282683	1.58
155.9905374954975	1.58
152.73006777697617	1.58
122.94760175582704	1.58
125.9488149282683	1.58
157.1226042431184	1.58
152.64524045213759	1.58
124.23629752280698	1.58
125.9488149282683	1.58
157.1226042431184	1.58
152.64524045213759	1.58
124.23629752280698	1.58
125.9488149282683	1.58
157.1226042431184	1.58
152.64524045213759	1.58
123.70145404514084	1.58
125.9488149282683	1.58
155.5953845172787	1.58
152.64524045213759	1.58
122.23227606560609	1.58
118.44302065414794	1.58
157.84287991474503	1.58
152.64524045213759	1.58
114.2116606520819	1.58
118.02058532783894	1.58
157.84287991474503	1.58
144.38959457880725	1.58
115.43762848730995	1.58
108.76922311122661	1.58
157.84287991474503	1.58
140.91780810339594	1.58
115.19967331044833	1.58
108.76922311122661	1.58
157.84287991474503	1.58
150.84583736258915	1.58
115.19967331044833	1.58
108.76922311122661	1.58
157.84287991474503	1.58
151.66920376483773	1.58
118.60133001061921	1.58
108.76922311122661	1.58
157.84287991474503	1.58
151.66920376483773	1.58
122.17665049126299	1.58
108.76922311122661	1.58
157.84287991474503	1.58
146.2596297866253	1.58
125.17670251754143	1.58
109.19167881350175	1.58
157.84287991474503	1.58
129.11588949066925	1.58
122.13115159771941	1.58
114.1786987409706	1.58
145.16446079323828	1.58
123.45378088538193	1.58
110.37217713731457	1.58
117.91193381611109	1.58
129.90328099735285	1.58
127.9695596170668	1.58
119.99052510527406	1.58
117.91193381611109	1.58
131.14431380151606	1.58
125.03239253584692	1.58
121.24391040831993	1.58
111.63802512762012	1.58
128.81691092740664	1.58
125.03239253584692	1.58
123.14914077499466	1.58
115.61375810886501	1.58
131.8710771222687	1.58
123.0030523759316	1.58
124.49129143775426	1.58
111.57773559845445	1.58
131.8047854105757	1.58
127.05997631315122	1.58
121.95102745176635	1.58
111.34423691713644	1.58
132.46972860324664	1.58
121.98447353399922	1.58
117.97215823531418	1.58
108.82810480956368	1.58
143.7016469643346	1.58
119.34516280085265	1.58
118.03189913714334	1.58
108.82810480956368	1.58
142.54755366160288	1.58
119.34516280085265	1.58
118.03189913714334	1.58
108.82810480956368	1.58
147.3474717583264	1.58
132.4214230460904	1.58
113.94815596100617	1.58
108.82810480956368	1.58
141.22159065552668	1.58
133.6016386200818	1.58
126.7334619177091	1.58
108.82810480956368	1.58
138.84114973766253	1.58
131.69918227905208	1.58
142.4474145901775	1.58
119.59304463165722	1.58
140.3396232143441	1.58
132.13376268415593	1.58
133.11718930630684	1.58
119.59304463165722	1.58
147.53234191375844	1.58
142.27509649285244	1.58
129.74586501739512	1.58
116.9260006272383	1.58
148.91922557363955	1.58
141.28916469143488	1.58
135.84171946015007	1.58
116.9260006272383	1.58
150.16495108362358	1.58
135.10395537482958	1.58
152.19509321455092	1.58
116.9260006272383	1.58
149.75815099816805	1.58
125.9918686389548	1.58
152.652558886374	1.58
115.33357242476498	1.58
146.95796016005426	1.58
133.133114023781	1.58
156.94088170614052	1.58
128.3701229738192	1.58
144.8823747734428	1.58
135.45821549495972	1.58
152.9816727509171	1.58
123.2058807940188	1.58
146.2002703876882	1.58
134.44342254535073	1.58
156.46121170514465	1.58
123.2058807940188	1.58
148.48789773572142	1.58
131.01474878415183	1.58
157.40570056654332	1.58
117.81288530412655	1.58
146.6835392834733	1.58
134.1158303863212	1.58
157.40570056654332	1.58
117.81288530412655	1.58
142.5269386004244	1.58
136.9965574512752	1.58
154.23741801657042	1.58
130.73688818506676	1.58
142.29734905121262	1.58
140.30106640796436	1.58
147.1779848098999	1.58
125.44662111670971	1.58
140.66119796293663	1.58
133.43855206712195	1.58
147.1359978977019	1.58
113.61128338131591	1.58
140.66119796293663	1.58
135.64099183500144	1.58
144.34676316877122	1.58
120.37020126529754	1.58
142.04092686800774	1.58
138.39138545319113	1.58
145.58242097172285	1.58
120.37020126529754	1.58
140.28818059318644	1.58
133.19746202110963	1.58
145.58242097172285	1.58
120.37020126529754	1.58
136.77486201070283	1.58
129.80644299430043	1.58
149.03470926168367	1.58
120.37020126529754	1.58
128.47316995168475	1.58
138.22755164111499	1.58
141.25967260399773	1.58
124.2849573860924	1.58
131.80758520129447	1.58
142.62382824213267	1.58
139.92772319064298	1.58
119.92834867756211	1.58
123.89251874078383	1.58
150.78261509226212	1.58
151.79673264262055	1.58
117.79051413946644	1.58
130.32315237293489	1.58
150.78261509226212	1.58
148.48930680403697	1.58
122.21573333304495	1.58
112.24656144213984	1.58
152.16551872281167	1.58
155.56422076501894	1.58
112.31506913094108	1.58
114.49926035284264	1.58
152.16551872281167	1.58
146.46254177315316	1.58
112.31506913094108	1.58
114.49926035284264	1.58
152.16551872281167	1.58
146.46254177315316	1.58
112.31506913094108	1.58
114.49926035284264	1.58
149.14156198716304	1.58
146.46254177315316	1.58
120.763671466602	1.58
114.49926035284264	1.58
149.14156198716304	1.58
144.18063242837246	1.58
117.69961726473161	1.58
131.33047944125724	1.58
149.14156198716304	1.58
149.0695097746013	1.58
121.37407124710816	1.58
129.7218606252162	1.58
140.73388963812576	1.58
149.0695097746013	1.58
131.56538652947026	1.58
134.88625638259737	1.58
143.13109103927874	1.58
144.84128505235802	1.58
131.56538652947026	1.58
139.73578115469408	1.58
152.14253869157022	1.58
151.84502310556942	1.58
131.56538652947026	1.58
143.83084751880162	1.58
152.14253869157022	1.58
157.6876272610439	1.58
111.27576479920228	1.58
143.83084751880162	1.58
152.14253869157022	1.58
157.6876272610439	1.58
111.27576479920228	1.58
144.57505805699256	1.58
150.68047431477584	1.58
157.6876272610439	1.58
120.43531639865341	1.58
144.57505805699256	1.58
150.68047431477584	1.58
152.0231110731449	1.58
120.43531639865341	1.58
143.35847193636116	1.58
152.75492646907605	1.58
149.1233165892745	1.58
120.43531639865341	1.58
140.1154312829601	1.58
152.75492646907605	1.58
149.1233165892745	1.58
120.43531639865341	1.58
142.55784252486404	1.58
151.85896675210634	1.58
149.1233165892745	1.58
116.62390690123055	1.58
142.1541454902115	1.58
148.2299588085288	1.58
149.1233165892745	1.58
116.62390690123055	1.58
144.6865961830186	1.58
150.64414633396734	1.58
149.1233165892745	1.58
116.62390690123055	1.58
145.5614897680568	1.58
150.64414633396734	1.58
152.27130639671344	1.58
130.52730225202848	1.58
146.79135051183212	1.58
156.82256834134643	1.58
155.29252243822188	1.58
130.52730225202848	1.58
148.59082503657032	1.58
156.82256834134643	1.58
155.29252243822188	1.58
138.25370241069206	1.58
146.0537418698365	1.58
156.82256834134643	1.58
155.29252243822188	1.58
138.2614990623028	1.58
141.3750072388791	1.58
156.82256834134643	1.58
155.29252243822188	1.58
138.2614990623028	1.58
147.27184300935613	1.58
155.78027201301268	1.58
155.29252243822188	1.58
125.65216364512065	1.58
141.3148361017985	1.58
147.07225113521957	1.58
155.29252243822188	1.58
129.004578960466	1.58
135.24776227370862	1.58
150.05804102475278	1.58
155.29252243822188	1.58
129.004578960466	1.58
143.6240927997802	1.58
150.05804102475278	1.58
155.29252243822188	1.58
129.004578960466	1.58
133.85550640490257	1.58
142.92959837530893	1.58
146.1219447715743	1.58
118.89283628261273	1.58
123.4792472316507	1.58
149.5608062488889	1.58
142.48538736741781	1.58
119.92521621189913	1.58
116.15031331848905	1.58
146.78563118358247	1.58
149.15339940836205	1.58
128.01744472346752	1.58
116.15031331848905	1.58
147.73240420486815	1.58
149.15339940836205	1.58
122.23550261241536	1.58
116.79272994921736	1.58
152.12800306100198	1.58
157.90664539594894	1.58
122.23550261241536	1.58
116.79272994921736	1.58
144.3759297426824	1.58
157.90664539594894	1.58
122.23550261241536	1.58
116.05621639450008	1.58
153.78460241601107	1.58
157.90664539594894	1.58
122.23550261241536	1.58
116.05621639450008	1.58
153.78460241601107	1.58
157.90664539594894	1.58
128.45223455322292	1.58
116.05621639450008	1.58
153.78460241601107	1.58
157.90664539594894	1.58
115.35021315409452	1.58
119.51240648271602	1.58
153.78460241601107	1.58
157.90664539594894	1.58
120.99729345996171	1.58
129.59300724227626	1.58
145.15290833650673	1.58
157.90664539594894	1.58
125.69947365788111	1.58
131.82684914552985	1.58
140.18588462694555	1.58
157.90664539594894	1.58
113.77448858918976	1.58
130.46899879496888	1.58
132.2319713645854	1.58
157.90664539594894	1.58
113.77448858918976	1.58
131.05167055350654	1.58
132.18616137241924	1.58
145.84129683228832	1.58
113.77448858918976	1.58
130.80476341298126	1.58
128.89435582066304	1.58
148.5056592784345	1.58
124.90674342076933	1.58
128.39822269034275	1.58
129.67956635605375	1.58
148.5056592784345	1.58
121.9804452642058	1.58
128.39822269034275	1.58
130.73464088525884	1.58
153.3491541178305	1.58
121.04776352153642	1.58
126.54001714288876	1.58
130.73464088525884	1.58
148.8296048069721	1.58
124.91083599787308	1.58
127.24301934802554	1.58
132.09592273777005	1.58
148.8296048069721	1.58
118.18372202208172	1.58
128.96577340192655	1.58
142.9856398319073	1.58
148.8296048069721	1.58
118.18372202208172	1.58
126.04231522672039	1.58
142.9856398319073	1.58
153.18384156916275	1.58
132.34551726989292	1.58
135.1562263290548	1.58
140.15966516158628	1.58
153.18384156916275	1.58
135.918206414844	1.58
121.42055471999666	1.58
140.73440886416378	1.58
155.2005460218398	1.58
136.6469452812413	1.58
121.42055471999666	1.58
141.3446882393514	1.58
151.48664285328047	1.58
138.61429971785333	1.58
112.6335038001155	1.58
133.60231347768945	1.58
153.9502718337604	1.58
142.28397824531504	1.58
119.2537233537271	1.58
137.6802218101093	1.58
143.61004929728617	1.58
141.44547439559594	1.58
119.2537233537271	1.58
137.52365711950202	1.58
154.8777680045209	1.58
144.68798800158814	1.58
119.2537233537271	1.58
136.48648676627522	1.58
154.8777680045209	1.58
149.20004724602254	1.58
121.0410296078156	1.58
136.48648676627522	1.58
154.8777680045209	1.58
151.61127563692926	1.58
117.37433320014597	1.58
127.17147421265824	1.58
154.9017883421098	1.58
151.41650429658162	1.58
115.60906086035105	1.58
133.11804866127608	1.58
146.63435817609766	1.58
151.41650429658162	1.58
115.60906086035105	1.58
148.68494382416316	1.58
155.50218258827277	1.58
149.84969189907633	1.58
112.68757402539444	1.58
148.89814722111046	1.58
158.19406630586178	1.58
152.77490772922224	1.58
112.68757402539444	1.58
149.48994908774375	1.58
158.19406630586178	1.58
152.9140475860362	1.58
122.67024832798066	1.58
148.36232309613274	1.58
158.19406630586178	1.58
152.9140475860362	1.58
108.29724393060255	1.58
146.50398766832262	1.58
158.19406630586178	1.58
152.9140475860362	1.58
114.13590750109503	1.58
131.93346188407767	1.58
158.19406630586178	1.58
158.07358020778003	1.58
117.9499998708616	1.58
123.3125561012479	1.58
158.18241224511178	1.58
158.03967245677973	1.58
117.9499998708616	1.58
123.3506084415296	1.58
158.18241224511178	1.58
149.06837171817514	1.58
117.9499998708616	1.58
115.60139445842646	1.58
155.81008349891144	1.58
147.26077739942176	1.58
117.18378850576936	1.58
106.74938265985496	1.58
155.81008349891144	1.58
145.27821643507542	1.58
119.42164726299768	1.58
81.79150748762153	1.58
156.86242426119247	1.58
145.27821643507542	1.58
119.42164726299768	1.58
75.96612388678611	1.58
156.86242426119247	1.58
140.5800684492077	1.58
127.13619049353888	1.58
75.96612388678611	1.58
152.1286862879472	1.58
136.8792345074776	1.58
138.12138002916757	1.58
75.96612388678611	1.58
152.1286862879472	1.58
142.89754906970913	1.58
125.18736468041777	1.58
75.96612388678611	1.58
153.92291345816759	1.58
145.706839444746	1.58
131.32369281189472	1.58
75.96612388678611	1.58
153.92291345816759	1.58
144.91740287466243	1.58
131.32369281189472	1.58
75.96612388678611	1.58
153.92291345816759	1.58
137.57142153646546	1.58
130.72811389617834	1.58
75.96612388678611	1.58
154.56857328182272	1.58
138.82516167527777	1.58
126.02954437578347	1.58
75.96612388678611	1.58
151.10403059342403	1.58
138.82516167527777	1.58
136.71053203595517	1.58
75.96612388678611	1.58
154.6022968034742	1.58
146.27615375004632	1.58
114.33111878551645	1.58
75.96612388678611	1.58
152.12317542965616	1.58
146.41842530667384	1.58
146.43348785601592	1.58
75.96612388678611	1.58
152.12317542965616	1.58
146.41842530667384	1.58
158.1496102768793	1.58
75.96612388678611	1.58
155.10297408881956	1.58
146.57731990062683	1.58
135.38208113833463	1.58
75.96612388678611	1.58
155.2411843506773	1.58
156.41108962409257	1.58
143.6224133650639	1.58
75.96612388678611	1.58
156.02668337255187	1.58
156.51965798015763	1.58
132.5369886785212	1.58
75.02165390196409	1.58
144.87889088468756	1.58
156.51965798015763	1.58
132.5369886785212	1.58
94.77677821146781	1.58
144.87889088468756	1.58
156.51965798015763	1.58
132.5369886785212	1.58
105.21092595858552	1.58
144.87889088468756	1.58
156.51965798015763	1.58
132.75890334099648	1.58
105.21092595858552	1.58
150.34759366887616	1.58
156.51965798015763	1.58
132.75890334099648	1.58
105.21092595858552	1.58
146.42564337132478	1.58
156.51965798015763	1.58
136.35091260258824	1.58
105.21092595858552	1.58
142.05967041224218	1.58
156.51965798015763	1.58
136.35091260258824	1.58
107.19603779769517	1.58
147.42623904356236	1.58
156.51965798015763	1.58
126.54465093181976	1.58
107.19603779769517	1.58
147.71726320879537	1.58
156.51965798015763	1.58
143.03179301765374	1.58
123.20709172319555	1.58
148.1094936191745	1.58
156.51965798015763	1.58
142.87616802909096	1.58
122.0166037283204	1.58
147.35605145342473	1.58
156.51965798015763	1.58
143.21173194971362	1.58
121.13154253803248	1.58
147.5655290140093	1.58
143.54195675185036	1.58
137.79663702836285	1.58
121.13154253803248	1.58
145.7098828123253	1.58
156.34444419460993	1.58
134.2632981002235	1.58
112.15782928587912	1.58
153.13197314043674	1.58
156.34444419460993	1.58
134.2632981002235	1.58
112.15782928587912	1.58
153.13197314043674	1.58
157.105565166712	1.58
117.17798676737463	1.58
109.08249855145418	1.58
152.62904717551748	1.58
157.105565166712	1.58
117.17798676737463	1.58
117.48405471478455	1.58
149.3654990040666	1.58
157.105565166712	1.58
117.19321011538712	1.58
117.48405471478455	1.58
141.84215934399725	1.58
157.105565166712	1.58
125.79623795113412	1.58
113.12932158983868	1.58
152.2018987088963	1.58
157.105565166712	1.58
123.58604716019885	1.58
113.12932158983868	1.58
151.25885471964335	1.58
157.105565166712	1.58
118.79340825368871	1.58
134.30275597367503	1.58
155.1078384963957	1.58
157.105565166712	1.58
118.79340825368871	1.58
134.73673641142494	1.58
155.6036984019545	1.58
156.79515150644946	1.58
123.76482068134816	1.58
144.19208833465493	1.58
143.10067554559848	1.58
156.79515150644946	1.58
123.76482068134816	1.58
138.05525528255686	1.58
145.86043446869246	1.58
156.79515150644946	1.58
128.1517583731824	1.58
137.6424725553661	1.58
145.24343925341748	1.58
156.79515150644946	1.58
128.1517583731824	1.58
140.05926927993966	1.58
139.7827849760089	1.58
151.7124404055886	1.58
130.9496029285646	1.58
134.6521338502611	1.58
139.9862440039545	1.58
151.7124404055886	1.58
132.4185775019135	1.58
134.12498985577457	1.58
141.504084605977	1.58
155.17146086710915	1.58
132.28495564198622	1.58
135.6531933932263	1.58
148.04215536072266	1.58
154.96287063783103	1.58
131.1230416605863	1.58
137.4043528980349	1.58
142.3504899294983	1.58
157.26242269849328	1.58
131.1957347052984	1.58
119.38442882570533	1.58
142.4126160806852	1.58
157.26242269849328	1.58
127.05686700469253	1.58
119.38442882570533	1.58
145.36158326261753	1.58
157.26242269849328	1.58
127.21775162766663	1.58
110.51297675611126	1.58
136.42239493422778	1.58
157.26242269849328	1.58
127.21775162766663	1.58
131.14864447144876	1.58
136.42239493422778	1.58
157.26242269849328	1.58
119.5520205453211	1.58
131.85887724428565	1.58
136.74784354576363	1.58
157.26242269849328	1.58
125.13284403112833	1.58
125.64254347626067	1.58
134.44281072339393	1.58
157.26242269849328	1.58
118.74647087072378	1.58
125.64254347626067	1.58
120.3082184915952	1.58
147.19764224078244	1.58
118.82976168697945	1.58
131.2798047923069	1.58
132.24607667815073	1.58
147.19764224078244	1.58
118.82976168697945	1.58
131.2798047923069	1.58
133.01700190840106	1.58
148.892476571646	1.58
123.38435261243276	1.58
131.2798047923069	1.58
138.45380885585092	1.58
148.892476571646	1.58
113.90234650136156	1.58
122.52204300491937	1.58
138.45380885585092	1.58
157.98713868701	1.58
114.0228426355979	1.58
111.35305320722344	1.58
130.57378370630266	1.58
157.98713868701	1.58
113.96115706510352	1.58
111.3476410811148	1.58
130.57378370630266	1.58
157.98713868701	1.58
113.96115706510352	1.58
110.90871045864472	1.58
125.34630898120437	1.58
140.1622826851389	1.58
113.96115706510352	1.58
110.90871045864472	1.58
120.79508988243543	1.58
138.1476242063959	1.58
113.01383958769567	1.58
110.0087246794893	1.58
125.03025780415085	1.58
151.2142242500475	1.58
107.69427379402369	1.58
109.91016929596476	1.58
128.75073722207162	1.58
145.20355158419855	1.58
107.6503948018021	1.58
109.91016929596476	1.58
120.84813791104477	1.58
146.82249651988627	1.58
106.19072293951996	1.58
111.2949630732689	1.58
120.84813791104477	1.58
146.82249651988627	1.58
108.67804672130838	1.58
111.2949630732689	1.58
120.84813791104477	1.58
140.5012505899798	1.58
108.67804672130838	1.58
111.2949630732689	1.58
119.68680821039675	1.58
142.42011326704457	1.58
108.67804672130838	1.58
110.5494593560802	1.58
130.1675535556037	1.58
151.87210782065554	1.58
107.58400148568765	1.58
110.5494593560802	1.58
126.66311725214891	1.58
144.2016852027663	1.58
107.08470892452786	1.58
116.60985788555865	1.58
123.40969854353662	1.58
144.2016852027663	1.58
107.31680277990046	1.58
117.45539184943743	1.58
138.52629977845845	1.58
133.72811651110908	1.58
110.39012336345341	1.58
118.97695223542227	1.58
139.61138722596587	1.58
146.99011017224092	1.58
110.39012336345341	1.58
118.97695223542227	1.58
139.61138722596587	1.58
156.03362095386368	1.58
108.62716034759521	1.58
122.4092963050828	1.58
139.61138722596587	1.58
156.03362095386368	1.58
117.96082556883607	1.58
123.87276635418498	1.58
128.37415719585266	1.58
156.03362095386368	1.58
112.48295428903833	1.58
123.87276635418498	1.58
142.49671617030825	1.58
156.03362095386368	1.58
112.48295428903833	1.58
111.8505642196088	1.58
133.67695971160308	1.58
154.38885148791098	1.58
112.47037968851708	1.58
111.41438694442296	1.58
137.52705759464092	1.58
155.6753075852015	1.58
113.73120495774916	1.58
110.88208657535387	1.58
129.38282571208563	1.58
155.6753075852015	1.58
113.73120495774916	1.58
111.67542052338665	1.58
129.80715612964252	1.58
155.6753075852015	1.58
121.4747815814034	1.58
114.47869230840939	1.58
127.62401058408769	1.58
155.6753075852015	1.58
121.31102450712645	1.58
115.85505455400761	1.58
118.54013180439179	1.58
153.2260056267992	1.58
124.03010702999678	1.58
115.85505455400761	1.58
114.27250154115633	1.58
141.46735789891068	1.58
122.27157085696233	1.58
115.50082280471369	1.58
113.44497595195577	1.58
151.9210174144182	1.58
130.04422988327954	1.58
113.12468648515267	1.58
113.44497595195577	1.58
151.9210174144182	1.58
127.59918771907704	1.58
102.60712254668562	1.58
113.44497595195577	1.58
158.0349221638267	1.58
146.0553696434402	1.58
118.32304843393081	1.58
118.48709717717414	1.58
158.0349221638267	1.58
155.9309184990608	1.58
118.32304843393081	1.58
118.48709717717414	1.58
158.0349221638267	1.58
151.0401463181421	1.58
118.32304843393081	1.58
118.48709717717414	1.58
158.0349221638267	1.58
151.0401463181421	1.58
120.9837134539523	1.58
118.48709717717414	1.58
148.4614733139878	1.58
151.0401463181421	1.58
123.86894278036218	1.58
128.95673016969684	1.58
143.55494160163377	1.58
157.35699540220696	1.58
123.86894278036218	1.58
115.82529094001187	1.58
143.55494160163377	1.58
157.35699540220696	1.58
125.22790752481606	1.58
115.82529094001187	1.58
149.31277712227006	1.58
144.98664420259254	1.58
107.02788813686813	1.58
124.37622365835261	1.58
149.31277712227006	1.58
155.62772825150037	1.58
130.8616742271426	1.58
125.02225417265056	1.58
156.21153658312528	1.58
153.89862160293242	1.58
122.26765325373925	1.58
134.8636729799431	1.58
156.21153658312528	1.58
153.1042801761963	1.58
117.79279552196671	1.58
141.19709306764997	1.58
156.21153658312528	1.58
153.00237998531185	1.58
124.3675005943098	1.58
138.5297651123596	1.58
156.21153658312528	1.58
153.00237998531185	1.58
125.73111386351489	1.58
122.60360821001186	1.58
156.21153658312528	1.58
153.00237998531185	1.58
125.73111386351489	1.58
122.60360821001186	1.58
156.21153658312528	1.58
153.00237998531185	1.58
125.73111386351489	1.58
122.60360821001186	1.58
156.21153658312528	1.58
142.32536517378858	1.58
125.73111386351489	1.58
115.44152340208117	1.58
156.21153658312528	1.58
153.5552326178326	1.58
120.10278122429588	1.58
115.44152340208117	1.58
154.73647522175142	1.58
147.65123235432844	1.58
120.10278122429588	1.58
127.84258919465125	1.58
146.3744619960959	1.58
155.70754436895731	1.58
121.36596152778998	1.58
131.0455234356817	1.58
154.50223938886558	1.58
155.70754436895731	1.58
121.36596152778998	1.58
128.01823842569195	1.58
154.50223938886558	1.58
154.38076063534564	1.58
130.96255581171621	1.58
121.24909067878525	1.58
154.50223938886558	1.58
154.38076063534564	1.58
139.0649683703944	1.58
131.0151430704671	1.58
154.50223938886558	1.58
154.38076063534564	1.58
130.99306786073052	1.58
116.39707588569487	1.58
154.50223938886558	1.58
154.38076063534564	1.58
126.05746958845924	1.58
116.39707588569487	1.58
154.50223938886558	1.58
154.38076063534564	1.58
138.29028726881987	1.58
124.59647662373749	1.58
154.50223938886558	1.58
154.38076063534564	1.58
137.28646197473438	1.58
111.92799793645945	1.58
154.50223938886558	1.58
136.62408301706571	1.58
142.95025987696127	1.58
121.36790227090572	1.58
154.50223938886558	1.58
136.62408301706571	1.58
145.2421520942218	1.58
121.36790227090572	1.58
154.50223938886558	1.58
135.22243614457128	1.58
145.99701466869124	1.58
124.82823406882596	1.58
154.50223938886558	1.58
143.0942920041631	1.58
144.61601279115115	1.58
131.22860435773532	1.58
156.1821880771042	1.58
146.48131786141474	1.58
145.09359954597744	1.58
128.98219142346395	1.58
156.1821880771042	1.58
146.48131786141474	1.58
135.93858490981086	1.58
123.66615721702618	1.58
156.1821880771042	1.58
146.48131786141474	1.58
138.78570008274272	1.58
114.40332913856601	1.58
148.0964290055419	1.58
143.31863036246975	1.58
136.87445799805874	1.58
117.81785861473458	1.58
148.0964290055419	1.58
142.32829785882095	1.58
141.77700307180368	1.58
117.81785861473458	1.58
148.0964290055419	1.58
144.53709367833906	1.58
142.58334114610216	1.58
117.81785861473458	1.58
147.72525924135348	1.58
141.22072220510296	1.58
143.9459423475034	1.58
128.83933836907642	1.58
147.72525924135348	1.58
152.08327738194274	1.58
146.17623806049286	1.58
129.23386568755382	1.58
143.84016111685168	1.58
156.00701043808968	1.58
139.59587311261313	1.58
129.23386568755382	1.58
146.71798215469744	1.58
156.00701043808968	1.58
133.54336233553582	1.58
116.03029967573552	1.58
146.71798215469744	1.58
151.8315695982518	1.58
126.22602371615616	1.58
123.80900308243581	1.58
146.71798215469744	1.58
156.10751555973644	1.58
126.22602371615616	1.58
123.80900308243581	1.58
157.1837512889269	1.58
156.10751555973644	1.58
138.52348599125236	1.58
123.80900308243581	1.58
151.56863555142058	1.58
156.10751555973644	1.58
122.15680925017449	1.58
123.80900308243581	1.58
151.56863555142058	1.58
156.10751555973644	1.58
137.7149356000531	1.58
123.80900308243581	1.58
151.56863555142058	1.58
156.79568729749138	1.58
143.83704657225562	1.58
123.80900308243581	1.58
151.56863555142058	1.58
156.79568729749138	1.58
144.63441684384452	1.58
123.80900308243581	1.58
151.74017761318058	1.58
156.79568729749138	1.58
139.54252990571237	1.58
123.80900308243581	1.58
157.6546133485876	1.58
156.79568729749138	1.58
147.582728393282	1.58
123.80900308243581	1.58
157.6546133485876	1.58
156.79568729749138	1.58
144.27545491241546	1.58
123.80900308243581	1.58
157.6546133485876	1.58
156.79568729749138	1.58
147.15427571634797	1.58
129.4114631283524	1.58
157.6546133485876	1.58
156.79568729749138	1.58
151.902708805334	1.58
131.158207652731	1.58
157.6546133485876	1.58
155.1712470421947	1.58
148.9531004041121	1.58
112.13096791423186	1.58
156.80879007415228	1.58
155.1712470421947	1.58
143.7958882960483	1.58
128.4655272191016	1.58
153.12628279321913	1.58
155.1712470421947	1.58
146.12080295710217	1.58
128.14920192420308	1.58
142.46765196796053	1.58
157.96560993992844	1.58
148.92064368985405	1.58
137.72498419621883	1.58
146.00745664096706	1.58
157.96560993992844	1.58
149.2187378986506	1.58
135.04658400285214	1.58
145.3713177046588	1.58
157.96560993992844	1.58
150.92205366876772	1.58
137.55171767665217	1.58
142.9768351706581	1.58
157.96560993992844	1.58
148.54648486650487	1.58
137.55171767665217	1.58
140.55191090000264	1.58
157.96560993992844	1.58
151.31838479189645	1.58
137.55171767665217	1.58
142.6208861836444	1.58
157.96560993992844	1.58
148.31485738353354	1.58
137.55171767665217	1.58
142.65502717463335	1.58
153.19728011087727	1.58
151.25232913958607	1.58
134.15273781963083	1.58
141.22397403464046	1.58
152.26660126300195	1.58
156.54726694350663	1.58
131.94956383754868	1.58
132.26769131133085	1.58
145.3480441298588	1.58
156.54726694350663	1.58
131.68616866259444	1.58
132.16760397974664	1.58
140.3057501003858	1.58
156.54726694350663	1.58
123.70646808579326	1.58
141.1678168224857	1.58
140.15205287812634	1.58
156.54726694350663	1.58
123.33663245329723	1.58
156.61161730844438	1.58
147.90182944273704	1.58
156.51830272355346	1.58
127.83925085851021	1.58
156.6332776683839	1.58
147.90182944273704	1.58
157.58817119259282	1.58
127.83925085851021	1.58
156.5202980317455	1.58
149.51097835438102	1.58
157.92457666732744	1.58
127.83925085851021	1.58
156.34105078801136	1.58
151.50849774365997	1.58
157.92457666732744	1.58
108.72994668012129	1.58
156.8852520445377	1.58
142.46180454778948	1.58
157.92457666732744	1.58
118.4397705000784	1.58
151.56049919411151	1.58
142.46180454778948	1.58
157.92457666732744	1.58
118.4397705000784	1.58
151.9687605290323	1.58
142.46180454778948	1.58
155.93419739209608	1.58
118.4397705000784	1.58
151.9687605290323	1.58
142.46180454778948	1.58
155.93419739209608	1.58
118.4397705000784	1.58
153.67187659593938	1.58
143.947181164582	1.58
155.93419739209608	1.58
119.16681078454315	1.58
153.6585032643369	1.58
134.66173059137986	1.58
155.9174483065384	1.58
119.16681078454315	1.58
153.6585032643369	1.58
139.24761875071806	1.58
156.77264698050695	1.58
119.16681078454315	1.58
142.61796645767296	1.58
139.24761875071806	1.58
156.77264698050695	1.58
109.28657536038776	1.58
155.44487368847575	1.58
151.87223882048744	1.58
155.5701411414557	1.58
129.85234933675198	1.58
149.76098822937982	1.58
149.14766132975953	1.58
157.1337545084892	1.58
132.8365092257527	1.58
149.76098822937982	1.58
149.14766132975953	1.58
157.1337545084892	1.58
122.83926153387752	1.58
148.2327050103569	1.58
140.9673671838635	1.58
157.1337545084892	1.58
122.83926153387752	1.58
139.17728804549787	1.58
142.03280553965192	1.58
157.1337545084892	1.58
122.83926153387752	1.58
139.74358923601193	1.58
141.0310255297921	1.58
157.1337545084892	1.58
122.83926153387752	1.58
139.74358923601193	1.58
130.2415619166696	1.58
