143.35999933275934	1.58
111.48898709327602	1.58
150.5123282474379	1.58
90.22216776931039	1.58
143.35999933275934	1.58
74.39127913511756	1.58
153.14909934462906	1.58
94.19433077681113	1.58
134.82481109687365	1.58
74.39127913511756	1.58
153.14909934462906	1.58
89.41937448708066	1.58
129.513840920881	1.58
69.91569955496682	1.58
116.08749034018504	1.58
89.41937448708066	1.58
125.65734841481216	1.58
69.91569955496682	1.58
110.3271533298926	1.58
107.87047420984108	1.58
142.51950798902962	1.58
69.91569955496682	1.58
88.08955943938616	1.58
110.93632651531222	1.58
132.6829969365281	1.58
72.2102006164397	1.58
93.76281478999027	1.58
104.79786233240016	1.58
132.6829969365281	1.58
72.2102006164397	1.58
93.76281478999027	1.58
104.79786233240016	1.58
132.6829969365281	1.58
72.2102006164397	1.58
91.01799292346152	1.58
117.7078194546146	1.58
132.6829969365281	1.58
72.7177900317113	1.58
91.01799292346152	1.58
111.26461342168363	1.58
132.6829969365281	1.58
72.7177900317113	1.58
91.01799292346152	1.58
111.26461342168363	1.58
113.47021157540375	1.58
72.7177900317113	1.58
94.9840197999443	1.58
111.5058360574419	1.58
105.07894923055731	1.58
72.7177900317113	1.58
88.49301048956205	1.58
108.44272106296843	1.58
100.18135383545167	1.58
88.94016825427161	1.58
90.37578095110251	1.58
108.44272106296843	1.58
107.24115751177419	1.58
88.559665100059	1.58
79.40193343916923	1.58
106.14541696104077	1.58
107.4509597946207	1.58
88.7580264153147	1.58
79.40193343916923	1.58
106.14541696104077	1.58
107.02540562669583	1.58
94.22838145724755	1.58
78.13173175452889	1.58
107.2041969885301	1.58
106.9497216684752	1.58
84.88513221827617	1.58
78.13173175452889	1.58
107.2041969885301	1.58
106.83484938064969	1.58
83.0580211815264	1.58
75.5658627094062	1.58
107.32891433597305	1.58
106.83484938064969	1.58
79.78084138192614	1.58
76.1014264814869	1.58
110.24378315519004	1.58
104.37968892868219	1.58
81.15061597276834	1.58
76.1014264814869	1.58
107.95480271709367	1.58
104.69810225598873	1.58
83.04653402845167	1.58
76.27898247222787	1.58
107.62333554255213	1.58
98.88914547333877	1.58
80.50154197566005	1.58
80.04851416406127	1.58
107.62333554255213	1.58
100.57518820634259	1.58
72.49004216921722	1.58
77.48857684864583	1.58
109.3214332538339	1.58
92.51712416290763	1.58
72.49004216921722	1.58
77.48857684864583	1.58
109.3214332538339	1.58
93.38503382467205	1.58
87.11053569591357	1.58
85.30650183982216	1.58
108.31194472205699	1.58
93.38503382467205	1.58
75.57853486241457	1.58
85.10095433640652	1.58
106.77916893997379	1.58
97.23614353114569	1.58
74.19534632691361	1.58
85.10095433640652	1.58
110.06474929555156	1.58
103.18342783218611	1.58
74.19534632691361	1.58
91.44613830680557	1.58
110.06474929555156	1.58
108.61549138588546	1.58
70.68811906451852	1.58
76.80509779793793	1.58
110.06474929555156	1.58
108.32021179501542	1.58
70.68811906451852	1.58
73.75521223172385	1.58
136.82499639187722	1.58
113.6168806802219	1.58
81.38349051083505	1.58
66.86478477824215	1.58
133.6160437351741	1.58
97.94965361232028	1.58
95.97771728193038	1.58
75.20141204876953	1.58
155.4126187335865	1.58
103.41027220367314	1.58
88.82127684972127	1.58
75.20141204876953	1.58
155.4126187335865	1.58
103.41027220367314	1.58
88.82127684972127	1.58
75.20141204876953	1.58
155.4126187335865	1.58
101.61013479321083	1.58
89.78908907296734	1.58
75.20141204876953	1.58
155.11608793217346	1.58
88.90837972696447	1.58
85.01946265647165	1.58
75.20141204876953	1.58
155.11608793217346	1.58
81.40973992873171	1.58
92.55860572039938	1.58
74.2946040229121	1.58
155.11608793217346	1.58
87.21915058250221	1.58
92.55860572039938	1.58
78.21765755368835	1.58
155.11608793217346	1.58
90.69329015528831	1.58
71.56199932581454	1.58
75.45078443619563	1.58
140.6309428325788	1.58
90.69329015528831	1.58
78.97557638464201	1.58
75.45078443619563	1.58
124.3428436442995	1.58
76.68972487513687	1.58
80.5996645901391	1.58
75.194823372649	1.58
139.423396488278	1.58
76.68972487513687	1.58
80.5996645901391	1.58
74.58166536383827	1.58
121.10011319926532	1.58
76.68972487513687	1.58
78.41714424082507	1.58
74.73603938451143	1.58
123.86833709433378	1.58
76.68972487513687	1.58
81.0779306426616	1.58
77.51739623100747	1.58
129.4861155764964	1.58
76.68972487513687	1.58
81.0779306426616	1.58
77.81419775376465	1.58
129.8760856762458	1.58
76.68972487513687	1.58
80.50451812887694	1.58
77.37893849387797	1.58
138.67180692121832	1.58
93.6825468933803	1.58
80.50451812887694	1.58
76.85623557276362	1.58
138.67180692121832	1.58
102.94756006580623	1.58
80.50451812887694	1.58
76.85623557276362	1.58
135.8390475246704	1.58
108.05024683101155	1.58
81.65814199946706	1.58
76.85623557276362	1.58
126.71718524131629	1.58
108.05024683101155	1.58
85.7684815847153	1.58
69.7586287967355	1.58
115.55222715095263	1.58
119.04865258408745	1.58
85.7684815847153	1.58
69.7586287967355	1.58
102.83745989689024	1.58
129.68714072237822	1.58
69.25507187046877	1.58
69.7586287967355	1.58
102.83745989689024	1.58
139.5004907353729	1.58
69.25507187046877	1.58
69.66948715475735	1.58
80.59478921905679	1.58
139.5004907353729	1.58
62.70327407471133	1.58
69.00894701754459	1.58
81.96704219130089	1.58
136.21405465649997	1.58
62.70327407471133	1.58
69.00894701754459	1.58
81.96704219130089	1.58
136.21405465649997	1.58
58.50619456853478	1.58
69.00894701754459	1.58
84.41445136624156	1.58
119.93159035915755	1.58
58.50619456853478	1.58
69.00894701754459	1.58
84.41445136624156	1.58
139.5137394937312	1.58
59.86223616154881	1.58
71.19072707840589	1.58
84.41445136624156	1.58
139.5137394937312	1.58
59.86223616154881	1.58
71.19072707840589	1.58
78.38293821971561	1.58
139.5137394937312	1.58
60.54396326219554	1.58
95.26503621329748	1.58
93.2848128760426	1.58
128.94151946108673	1.58
74.1845457928176	1.58
95.26503621329748	1.58
100.56094609165206	1.58
151.0373397226519	1.58
74.1845457928176	1.58
103.75472820585226	1.58
99.73053111758183	1.58
151.0373397226519	1.58
74.1845457928176	1.58
103.75472820585226	1.58
99.73053111758183	1.58
151.0373397226519	1.58
74.1845457928176	1.58
87.21859929023339	1.58
104.23682536378254	1.58
151.0373397226519	1.58
74.1845457928176	1.58
87.21859929023339	1.58
104.23682536378254	1.58
151.0373397226519	1.58
74.1845457928176	1.58
103.88524184131148	1.58
107.13325021269668	1.58
146.1507712979726	1.58
74.1845457928176	1.58
103.88524184131148	1.58
107.13325021269668	1.58
146.1507712979726	1.58
74.1845457928176	1.58
122.14671580439119	1.58
104.55547892667893	1.58
155.94639847239176	1.58
74.1845457928176	1.58
103.05361683853276	1.58
100.84940584635636	1.58
155.94639847239176	1.58
74.1845457928176	1.58
79.89108450041013	1.58
92.40945775615413	1.58
155.94639847239176	1.58
74.43888416892278	1.58
79.89108450041013	1.58
98.1322587023771	1.58
155.94639847239176	1.58
75.87691224746068	1.58
94.96408828669415	1.58
93.61335586065483	1.58
155.94639847239176	1.58
73.19031046784609	1.58
94.96408828669415	1.58
80.50974656358581	1.58
137.3240689071367	1.58
72.45772648079145	1.58
99.5257883414199	1.58
84.77452326276662	1.58
137.3240689071367	1.58
72.45772648079145	1.58
109.56455102488601	1.58
84.77452326276662	1.58
137.3240689071367	1.58
72.45772648079145	1.58
101.4955842101962	1.58
102.48297924057186	1.58
121.25234414821949	1.58
72.45772648079145	1.58
116.91258574302772	1.58
121.83024338288004	1.58
120.11886499542301	1.58
72.45772648079145	1.58
120.21783295825747	1.58
123.30448463143449	1.58
120.11886499542301	1.58
91.75752223958466	1.58
147.18466913219407	1.58
137.0953430643627	1.58
113.88066241027826	1.58
91.75752223958466	1.58
147.18466913219407	1.58
155.74498554647374	1.58
109.2195054707424	1.58
111.47482540864827	1.58
141.63515868071545	1.58
155.74498554647374	1.58
82.69048172503241	1.58
111.47482540864827	1.58
155.85429972895278	1.58
155.74498554647374	1.58
82.69048172503241	1.58
111.47482540864827	1.58
155.85429972895278	1.58
155.74498554647374	1.58
87.46614729220246	1.58
111.47482540864827	1.58
155.85429972895278	1.58
145.19296423654987	1.58
87.46614729220246	1.58
94.16850282060592	1.58
155.85429972895278	1.58
145.19296423654987	1.58
87.46614729220246	1.58
103.73192384086312	1.58
148.05129900739644	1.58
145.19296423654987	1.58
86.25313431371858	1.58
83.66492325384155	1.58
124.09683853467745	1.58
145.19296423654987	1.58
77.91968637603914	1.58
83.66492325384155	1.58
114.24201197962017	1.58
145.19296423654987	1.58
77.91968637603914	1.58
83.66492325384155	1.58
110.61314918728955	1.58
145.19296423654987	1.58
101.02480329722535	1.58
83.124682667974	1.58
110.60225948210713	1.58
146.69584664174516	1.58
98.62404984983802	1.58
89.32351171771361	1.58
118.06667826446534	1.58
130.34534594585077	1.58
90.70696759643278	1.58
106.32657128740321	1.58
106.97520484660856	1.58
121.73998686736738	1.58
80.69438761455488	1.58
106.56172232837294	1.58
107.09833904062434	1.58
121.73998686736738	1.58
79.3963245379053	1.58
106.56172232837294	1.58
133.38141899792038	1.58
133.98669983771697	1.58
79.3963245379053	1.58
97.899483978296	1.58
143.9232359489561	1.58
148.19117642346987	1.58
79.3963245379053	1.58
97.899483978296	1.58
125.38414905869078	1.58
131.45915602562883	1.58
79.3963245379053	1.58
80.89016673228613	1.58
126.27486887914611	1.58
130.414102263311	1.58
102.31028953263338	1.58
80.89016673228613	1.58
134.583408336682	1.58
137.5070560849003	1.58
89.78156679999327	1.58
80.89016673228613	1.58
138.31576746144844	1.58
137.5070560849003	1.58
111.03961338713906	1.58
80.89016673228613	1.58
138.31576746144844	1.58
132.879053448476	1.58
92.57003936918511	1.58
102.43534561590177	1.58
126.51258916327879	1.58
130.9380344113253	1.58
76.20611117036252	1.58
111.3288930189726	1.58
125.38394067260444	1.58
129.48704126791606	1.58
78.53468849163202	1.58
98.25188068154628	1.58
125.38394067260444	1.58
129.48704126791606	1.58
100.68127485563747	1.58
78.63659521708018	1.58
122.66148663832439	1.58
106.3833349271954	1.58
99.31343252142037	1.58
79.66850597545829	1.58
146.61188394276843	1.58
106.3833349271954	1.58
99.86053218599614	1.58
79.66850597545829	1.58
146.61188394276843	1.58
103.34116423680271	1.58
99.86053218599614	1.58
79.66850597545829	1.58
146.61188394276843	1.58
103.34116423680271	1.58
103.4318974087058	1.58
71.01583953188019	1.58
146.61188394276843	1.58
103.32805635060888	1.58
103.41228788020676	1.58
89.51087163535877	1.58
146.61188394276843	1.58
108.4706814628585	1.58
95.27090953744806	1.58
88.40123452490162	1.58
146.61188394276843	1.58
108.4706814628585	1.58
97.10195744779887	1.58
88.40123452490162	1.58
140.57536248323353	1.58
108.4706814628585	1.58
99.49951515989436	1.58
88.40123452490162	1.58
156.61762027115682	1.58
102.05974653920319	1.58
97.88838078140982	1.58
81.0786387876538	1.58
156.61762027115682	1.58
100.93261214761606	1.58
97.88838078140982	1.58
81.0786387876538	1.58
137.077114455602	1.58
100.93261214761606	1.58
95.27250391415751	1.58
81.0786387876538	1.58
124.0857741552938	1.58
101.09398250874376	1.58
97.71874274033118	1.58
81.0786387876538	1.58
126.36719120574904	1.58
98.29145503761282	1.58
85.3846994396724	1.58
92.71725273296798	1.58
129.00547899114474	1.58
103.85251528668536	1.58
95.69000630113766	1.58
88.14245132583352	1.58
147.41206635380223	1.58
104.08100673319194	1.58
94.07421240847702	1.58
90.19650622479121	1.58
147.41206635380223	1.58
108.3572797286325	1.58
93.95422275692772	1.58
109.02830404041356	1.58
139.63484473820455	1.58
109.32776815164402	1.58
74.03723823363595	1.58
108.73287412067043	1.58
139.63484473820455	1.58
138.00455189424736	1.58
74.03723823363595	1.58
108.73287412067043	1.58
109.78598257510754	1.58
134.56191335631934	1.58
74.92599896192746	1.58
107.82638233313916	1.58
110.7026246527957	1.58
134.56191335631934	1.58
100.02230906635194	1.58
96.73409878083226	1.58
110.7026246527957	1.58
134.24902192559574	1.58
80.78627091356273	1.58
89.73114251144915	1.58
110.7026246527957	1.58
134.24902192559574	1.58
71.57074464929127	1.58
90.99953768837776	1.58
115.00519762940505	1.58
134.24902192559574	1.58
71.57074464929127	1.58
67.0855605419439	1.58
99.76035262430949	1.58
107.54453583044119	1.58
71.38134307502762	1.58
83.21987947673698	1.58
92.49656331881901	1.58
102.20096266525704	1.58
71.38134307502762	1.58
83.21987947673698	1.58
93.60147096112371	1.58
102.20096266525704	1.58
71.38134307502762	1.58
83.90310178786092	1.58
93.22410658653108	1.58
102.20096266525704	1.58
85.02921652278187	1.58
83.90310178786092	1.58
102.0764685420115	1.58
111.36918966466314	1.58
87.45019600951782	1.58
73.69438470083018	1.58
113.82117886170539	1.58
104.23860785717007	1.58
89.63023634885255	1.58
75.06696350003978	1.58
108.47332170125037	1.58
129.65053863358716	1.58
93.18563782654309	1.58
87.15958732284699	1.58
107.99855825561524	1.58
128.7804255533647	1.58
89.77707360410858	1.58
84.67660087827468	1.58
108.03197923182361	1.58
133.02925053611494	1.58
85.34660038983878	1.58
84.67660087827468	1.58
108.03197923182361	1.58
133.02925053611494	1.58
69.22504626200617	1.58
78.95207225829685	1.58
108.03197923182361	1.58
142.28617493649188	1.58
69.22504626200617	1.58
78.95207225829685	1.58
122.6617840281225	1.58
142.28617493649188	1.58
103.80387423861796	1.58
78.95207225829685	1.58
125.43846476434778	1.58
125.75477170745151	1.58
103.80387423861796	1.58
79.35087008625001	1.58
125.43846476434778	1.58
122.05181117031307	1.58
103.80387423861796	1.58
81.70618381749776	1.58
146.11470692221542	1.58
117.87140634659639	1.58
103.80387423861796	1.58
81.70618381749776	1.58
155.03920723694637	1.58
124.31940990431929	1.58
95.11830297280486	1.58
81.70618381749776	1.58
155.03920723694637	1.58
137.9496251687701	1.58
95.11830297280486	1.58
81.70618381749776	1.58
146.55922191929386	1.58
137.9496251687701	1.58
89.74964883453117	1.58
97.61352639714819	1.58
146.55922191929386	1.58
121.13338848245894	1.58
89.74964883453117	1.58
97.61352639714819	1.58
134.34190513263945	1.58
122.90022938630534	1.58
89.74964883453117	1.58
90.60675141201207	1.58
130.72412845199904	1.58
115.11676636307389	1.58
89.74964883453117	1.58
90.60675141201207	1.58
156.05860975051638	1.58
115.70829197820869	1.58
89.74964883453117	1.58
103.22285804692189	1.58
147.8367533741232	1.58
113.44268666102536	1.58
78.2757443341284	1.58
108.31574313596862	1.58
147.8367533741232	1.58
111.70178177859891	1.58
78.2757443341284	1.58
108.31574313596862	1.58
147.8367533741232	1.58
110.52536039474192	1.58
88.53259727057402	1.58
106.84490877446096	1.58
152.3593020962988	1.58
111.39484301553924	1.58
78.71180959327843	1.58
106.84490877446096	1.58
152.3593020962988	1.58
111.39484301553924	1.58
78.71180959327843	1.58
106.84490877446096	1.58
154.81782599776952	1.58
110.01293428847227	1.58
78.71180959327843	1.58
107.85416821499186	1.58
152.33478709913987	1.58
112.88788531710777	1.58
78.71180959327843	1.58
103.9600463325772	1.58
152.33478709913987	1.58
96.22253615991262	1.58
78.71180959327843	1.58
109.1407281914397	1.58
126.01312001705273	1.58
91.52139547186539	1.58
78.71180959327843	1.58
101.13777924427866	1.58
157.02856911851114	1.58
98.6898587501625	1.58
78.71180959327843	1.58
101.13777924427866	1.58
157.42152388792752	1.58
95.860481987004	1.58
95.68183442121727	1.58
99.34021953376224	1.58
157.42152388792752	1.58
93.11231793603423	1.58
80.87391325064345	1.58
101.10022971403558	1.58
153.87739915019614	1.58
102.99202563884201	1.58
102.91681550710369	1.58
101.10022971403558	1.58
148.17263627087812	1.58
102.97322902692751	1.58
77.21935070491477	1.58
101.04378039662915	1.58
148.17263627087812	1.58
102.06817218567497	1.58
73.5534113132633	1.58
100.28568541504146	1.58
148.17263627087812	1.58
119.65662780281413	1.58
73.5534113132633	1.58
81.55014321290248	1.58
119.1386256087986	1.58
109.90019749506686	1.58
73.5534113132633	1.58
81.55014321290248	1.58
120.02435313277374	1.58
109.90019749506686	1.58
82.86030344671451	1.58
91.34397933510581	1.58
141.9711654863093	1.58
119.60044418224888	1.58
91.64219978229843	1.58
91.34397933510581	1.58
141.9711654863093	1.58
143.16850331322271	1.58
94.644334571803	1.58
91.34397933510581	1.58
147.9147486348381	1.58
143.16850331322271	1.58
87.18683349448251	1.58
91.34397933510581	1.58
155.2875305327945	1.58
143.16850331322271	1.58
87.18683349448251	1.58
91.34397933510581	1.58
155.2875305327945	1.58
143.16850331322271	1.58
98.83967810667384	1.58
103.79531989286707	1.58
155.2875305327945	1.58
143.16850331322271	1.58
104.61872502290794	1.58
103.79531989286707	1.58
155.2875305327945	1.58
133.35612036574108	1.58
105.38454037617703	1.58
103.79531989286707	1.58
155.2875305327945	1.58
157.98993945613663	1.58
96.39170972608449	1.58
103.79531989286707	1.58
155.2875305327945	1.58
157.98993945613663	1.58
96.39170972608449	1.58
103.79531989286707	1.58
130.50935215317855	1.58
157.98993945613663	1.58
77.80012422838513	1.58
91.56088793142087	1.58
114.81787893996173	1.58
144.06409290545926	1.58
77.80012422838513	1.58
91.56088793142087	1.58
106.38879307393077	1.58
144.06409290545926	1.58
71.41216883943689	1.58
84.7362779865158	1.58
106.38879307393077	1.58
144.06409290545926	1.58
71.41216883943689	1.58
70.21234311594891	1.58
106.38879307393077	1.58
143.36834938795852	1.58
71.41216883943689	1.58
86.07928285966216	1.58
106.38879307393077	1.58
143.36834938795852	1.58
71.41216883943689	1.58
86.07928285966216	1.58
102.66915252633186	1.58
122.64498411446903	1.58
71.41216883943689	1.58
79.12092325775019	1.58
115.1247985842179	1.58
101.02334475722444	1.58
71.41216883943689	1.58
86.78293551551191	1.58
130.64374056729528	1.58
106.60475700816036	1.58
71.41216883943689	1.58
93.10169776961018	1.58
131.5774975516109	1.58
113.88935592094218	1.58
71.41216883943689	1.58
96.9984117682478	1.58
132.99410712205352	1.58
107.33958861599865	1.58
71.41216883943689	1.58
94.23969686500496	1.58
132.99410712205352	1.58
102.47512627457024	1.58
80.48198917855487	1.58
89.36355737859402	1.58
129.71156327142046	1.58
92.44364949900998	1.58
88.7900808633391	1.58
79.39665965851914	1.58
138.18235531706046	1.58
103.97086270051004	1.58
88.7900808633391	1.58
79.39665965851914	1.58
138.18235531706046	1.58
101.0314178522164	1.58
88.7900808633391	1.58
73.50432061217084	1.58
121.91520398736841	1.58
107.0632120383288	1.58
93.91680049200167	1.58
83.74435638999371	1.58
111.66632219003253	1.58
115.1617528670512	1.58
97.33027124270872	1.58
83.53590485928795	1.58
107.63393698747619	1.58
107.99025497494088	1.58
90.16940512877729	1.58
73.12833501960151	1.58
113.30841870139233	1.58
107.03328816939498	1.58
84.80526090034768	1.58
73.12833501960151	1.58
107.15707795134855	1.58
111.79127174299825	1.58
81.57435375860544	1.58
72.69014560427165	1.58
107.15707795134855	1.58
134.97239394600786	1.58
81.57435375860544	1.58
72.69014560427165	1.58
107.15707795134855	1.58
118.60729214817508	1.58
81.57435375860544	1.58
83.16289209858746	1.58
107.15707795134855	1.58
103.1182855340302	1.58
81.57435375860544	1.58
73.41732541882863	1.58
107.15707795134855	1.58
107.42004320425275	1.58
81.57435375860544	1.58
73.41732541882863	1.58
114.64837088623685	1.58
126.99357355865376	1.58
81.57435375860544	1.58
84.40940653041042	1.58
126.00724729468885	1.58
126.99357355865376	1.58
85.6918358611334	1.58
83.47918945265687	1.58
105.10337468553627	1.58
126.99357355865376	1.58
78.51358726942996	1.58
83.47918945265687	1.58
105.10337468553627	1.58
144.15455601848583	1.58
78.51358726942996	1.58
77.01536582273776	1.58
107.89089026277497	1.58
144.15455601848583	1.58
78.51358726942996	1.58
77.01536582273776	1.58
107.89089026277497	1.58
144.15455601848583	1.58
78.51358726942996	1.58
77.01536582273776	1.58
103.66715997745104	1.58
144.15455601848583	1.58
78.51358726942996	1.58
72.6597467007255	1.58
103.66715997745104	1.58
133.92847303710658	1.58
78.51358726942996	1.58
79.78826477253602	1.58
122.36154583901269	1.58
107.59551113007572	1.58
78.51358726942996	1.58
88.09481051138954	1.58
127.30322126435797	1.58
107.59551113007572	1.58
84.35331975134227	1.58
98.2234702197176	1.58
115.04069634071902	1.58
99.33373012004924	1.58
79.17108025388627	1.58
97.87803466839259	1.58
115.81642214455741	1.58
99.33373012004924	1.58
86.69529174865667	1.58
87.28587810980254	1.58
127.8302996608854	1.58
110.40091052478913	1.58
86.69529174865667	1.58
72.41182661847458	1.58
137.95622598596788	1.58
133.9088055152648	1.58
86.59598028643173	1.58
72.41182661847458	1.58
137.95622598596788	1.58
152.39906018565955	1.58
86.59598028643173	1.58
72.41182661847458	1.58
150.6796277869537	1.58
152.39906018565955	1.58
86.59598028643173	1.58
72.41182661847458	1.58
150.6796277869537	1.58
152.39906018565955	1.58
103.81298099568428	1.58
72.41182661847458	1.58
150.6796277869537	1.58
152.39906018565955	1.58
77.673736969375	1.58
72.9101747007167	1.58
150.6796277869537	1.58
152.39906018565955	1.58
77.673736969375	1.58
72.9101747007167	1.58
150.6796277869537	1.58
127.5076942037476	1.58
77.673736969375	1.58
84.94543205691548	1.58
150.6796277869537	1.58
127.5076942037476	1.58
110.49436403703027	1.58
91.4564749278866	1.58
148.76851161931415	1.58
127.5076942037476	1.58
99.43050533039307	1.58
93.75185727327371	1.58
134.4469858508255	1.58
127.5076942037476	1.58
103.99205665964996	1.58
107.28432208794332	1.58
133.12901789414073	1.58
146.69573278567694	1.58
80.90868164122176	1.58
107.28432208794332	1.58
133.12901789414073	1.58
155.56558582298294	1.58
80.90868164122176	1.58
108.12362289895992	1.58
154.74621617992898	1.58
155.56558582298294	1.58
80.90868164122176	1.58
80.15903760514573	1.58
149.80722848838354	1.58
155.56558582298294	1.58
113.88985464168738	1.58
80.15903760514573	1.58
149.80722848838354	1.58
155.56558582298294	1.58
103.73614063419308	1.58
87.04415143288142	1.58
126.0916700125237	1.58
155.56558582298294	1.58
103.80294711578007	1.58
94.77539597158605	1.58
146.00168634208728	1.58
140.59397768143663	1.58
71.45097619884663	1.58
94.77539597158605	1.58
137.00283613741925	1.58
140.59397768143663	1.58
71.45097619884663	1.58
85.69917297467909	1.58
152.02005724413877	1.58
140.59397768143663	1.58
71.45097619884663	1.58
108.92368390075626	1.58
156.55806540615336	1.58
140.59397768143663	1.58
94.01510538901712	1.58
77.4895052608558	1.58
150.11917316349053	1.58
140.59397768143663	1.58
94.01510538901712	1.58
103.72368749088952	1.58
142.11146635860496	1.58
140.59397768143663	1.58
94.01510538901712	1.58
72.52071477117127	1.58
142.11146635860496	1.58
110.86542959902013	1.58
94.01510538901712	1.58
74.06404461236265	1.58
142.11146635860496	1.58
97.32202584218818	1.58
90.03243184829239	1.58
74.06404461236265	1.58
146.97455320396375	1.58
102.16753488514466	1.58
93.79439254892347	1.58
74.06404461236265	1.58
146.97455320396375	1.58
109.6977381954482	1.58
90.40516471359959	1.58
74.06404461236265	1.58
146.97455320396375	1.58
127.46536288248308	1.58
90.40516471359959	1.58
74.06404461236265	1.58
154.52747901226846	1.58
102.65407026243341	1.58
110.46791495783899	1.58
74.06404461236265	1.58
154.52747901226846	1.58
103.23433637209739	1.58
113.19456235828245	1.58
112.66160501655827	1.58
154.52747901226846	1.58
101.44636519461588	1.58
113.19456235828245	1.58
112.66160501655827	1.58
151.27808446461435	1.58
101.44636519461588	1.58
113.23508098842173	1.58
91.58906668696424	1.58
151.27808446461435	1.58
97.697072205621	1.58
110.07871075294172	1.58
91.47740242328804	1.58
152.12642717901784	1.58
103.65753217762276	1.58
102.53832569040071	1.58
84.30664542752822	1.58
152.12642717901784	1.58
118.63275670550354	1.58
92.05240987728791	1.58
66.6828429804094	1.58
152.12642717901784	1.58
122.42786238358565	1.58
107.04270915956226	1.58
76.43266977886059	1.58
146.02217262699673	1.58
122.03131972700953	1.58
86.29317243184545	1.58
76.43266977886059	1.58
140.08939706666243	1.58
123.5999314134115	1.58
86.29317243184545	1.58
76.43266977886059	1.58
140.08939706666243	1.58
127.50616499795169	1.58
86.29317243184545	1.58
99.82889809020085	1.58
140.08939706666243	1.58
123.50472122443335	1.58
86.29317243184545	1.58
77.58324379703143	1.58
140.08939706666243	1.58
119.74706907629101	1.58
100.59595670566692	1.58
77.58324379703143	1.58
120.14517677195008	1.58
124.93197022030706	1.58
102.4196360643029	1.58
77.58324379703143	1.58
136.54401811932615	1.58
142.48210784698836	1.58
112.66509182896138	1.58
77.58324379703143	1.58
152.97900399271725	1.58
142.48210784698836	1.58
103.76327339016368	1.58
77.58324379703143	1.58
119.09575542229707	1.58
142.48210784698836	1.58
98.55508789772176	1.58
77.58324379703143	1.58
112.97192227116616	1.58
142.95069175028232	1.58
71.67225316249913	1.58
104.33909711325421	1.58
120.71976862328177	1.58
142.95069175028232	1.58
95.93075473106907	1.58
101.80732871376846	1.58
127.44595759365488	1.58
145.78895312823713	1.58
95.93075473106907	1.58
84.12847995093091	1.58
145.11238278801534	1.58
150.31576218310693	1.58
86.56413023998675	1.58
84.12847995093091	1.58
126.15335187090577	1.58
150.31576218310693	1.58
90.30280951718035	1.58
97.72145804447746	1.58
146.87641282750423	1.58
150.31576218310693	1.58
90.30280951718035	1.58
73.2006876291602	1.58
155.48610001893428	1.58
150.31576218310693	1.58
69.85361712470153	1.58
73.2006876291602	1.58
155.48610001893428	1.58
150.31576218310693	1.58
69.85361712470153	1.58
73.2006876291602	1.58
158.2440563920842	1.58
150.31576218310693	1.58
69.85361712470153	1.58
73.2006876291602	1.58
158.2440563920842	1.58
150.31576218310693	1.58
77.3340586534748	1.58
74.90598524009437	1.58
158.2440563920842	1.58
150.31576218310693	1.58
77.3340586534748	1.58
74.90598524009437	1.58
158.2440563920842	1.58
136.0875610440977	1.58
87.58017133659328	1.58
81.94706191277947	1.58
158.2440563920842	1.58
123.30748883259653	1.58
112.20168679718842	1.58
81.94706191277947	1.58
158.2440563920842	1.58
105.96083366681687	1.58
93.63154093026937	1.58
81.94706191277947	1.58
135.37336297306965	1.58
105.96083366681687	1.58
92.58218609804796	1.58
81.94706191277947	1.58
134.19212965235093	1.58
95.68481691795795	1.58
92.58218609804796	1.58
81.94706191277947	1.58
149.33354960884873	1.58
94.45646393347256	1.58
104.24995506090966	1.58
81.94706191277947	1.58
116.98119639580102	1.58
101.20456111610729	1.58
104.24995506090966	1.58
81.43980165026956	1.58
125.63621412064518	1.58
101.20456111610729	1.58
105.15284179901481	1.58
81.43980165026956	1.58
126.01174592820172	1.58
99.39788574739836	1.58
109.66531750007402	1.58
71.28527644498288	1.58
135.79325630047637	1.58
102.68234096741674	1.58
109.66531750007402	1.58
71.28527644498288	1.58
136.26417596369544	1.58
99.98608989387475	1.58
106.09486784908961	1.58
74.49075089125016	1.58
136.26417596369544	1.58
99.98608989387475	1.58
79.27698290933174	1.58
74.49075089125016	1.58
136.26417596369544	1.58
98.11174048279422	1.58
79.27698290933174	1.58
74.49075089125016	1.58
129.2113278063246	1.58
95.75397295141558	1.58
85.13096834884703	1.58
74.49075089125016	1.58
128.13808317319157	1.58
89.99153932258196	1.58
81.38739527763431	1.58
74.49075089125016	1.58
139.86221638641797	1.58
86.08619591953173	1.58
81.57059722116747	1.58
77.69797039519186	1.58
117.32203261410874	1.58
87.51138239577786	1.58
94.43045499161671	1.58
81.05191987032254	1.58
110.66170146246422	1.58
88.76622905422862	1.58
93.89714235330288	1.58
73.3507516164117	1.58
110.66170146246422	1.58
84.768227640419	1.58
97.79463121951107	1.58
76.14277754612465	1.58
120.89301333176817	1.58
89.80106819639317	1.58
100.01871153445761	1.58
76.14277754612465	1.58
103.26962924527939	1.58
93.90391082448306	1.58
101.49910759471936	1.58
76.14277754612465	1.58
103.26962924527939	1.58
99.10627760140312	1.58
99.9357470835456	1.58
76.14277754612465	1.58
103.46048349420104	1.58
98.30063733312942	1.58
99.4143603261237	1.58
76.14277754612465	1.58
105.7954540662814	1.58
98.42197334932233	1.58
99.15994927465248	1.58
87.10757476555527	1.58
115.74984020147085	1.58
98.23206675279451	1.58
99.0716511136032	1.58
91.73575082119461	1.58
124.55529121967463	1.58
99.69352785487996	1.58
74.59374052924284	1.58
91.73575082119461	1.58
145.33717953489975	1.58
114.08004283486787	1.58
92.42771917365985	1.58
88.91668306885617	1.58
138.62821228475937	1.58
131.88592978328916	1.58
95.95576935727118	1.58
88.91668306885617	1.58
123.80104245703671	1.58
126.5006186694758	1.58
103.59682299474385	1.58
88.29349362232134	1.58
123.80104245703671	1.58
138.99029253204486	1.58
80.5272770042427	1.58
80.01987271065308	1.58
119.40784883629938	1.58
138.99029253204486	1.58
89.74345932207878	1.58
69.14428147570746	1.58
104.70771894702804	1.58
138.99029253204486	1.58
89.74345932207878	1.58
69.14428147570746	1.58
105.24640773292546	1.58
138.99029253204486	1.58
105.51601121064155	1.58
69.13226224611172	1.58
105.3529159877952	1.58
125.85283107536826	1.58
93.07878687808572	1.58
69.13226224611172	1.58
98.55428492120228	1.58
125.85283107536826	1.58
86.86319300538572	1.58
91.69485047270483	1.58
100.70265727574872	1.58
109.29728359873731	1.58
86.86319300538572	1.58
85.67859155602872	1.58
100.12507654278866	1.58
122.8691056580903	1.58
86.86319300538572	1.58
78.14606885559925	1.58
100.12507654278866	1.58
122.8691056580903	1.58
81.18983719466524	1.58
73.13113470825576	1.58
92.26777785902355	1.58
112.3422771063291	1.58
71.89867715602414	1.58
73.13113470825576	1.58
101.97146219674232	1.58
147.78838953072128	1.58
71.89867715602414	1.58
73.13113470825576	1.58
103.4071014020527	1.58
147.78838953072128	1.58
71.89867715602414	1.58
69.70035970330166	1.58
103.4071014020527	1.58
135.73466419710456	1.58
70.04037806929819	1.58
69.70035970330166	1.58
88.96747273899491	1.58
135.73466419710456	1.58
70.04037806929819	1.58
69.70035970330166	1.58
100.06080320017561	1.58
135.73466419710456	1.58
91.16404122915591	1.58
99.20012021395512	1.58
100.06080320017561	1.58
135.73466419710456	1.58
91.16404122915591	1.58
75.87505633156599	1.58
101.72009293743045	1.58
125.16930525475627	1.58
91.16404122915591	1.58
75.87505633156599	1.58
101.72009293743045	1.58
125.16930525475627	1.58
91.16404122915591	1.58
75.87505633156599	1.58
89.08019809207936	1.58
107.54953816743547	1.58
83.94509800107122	1.58
90.51651471426891	1.58
89.78988551669683	1.58
101.74655793678424	1.58
83.94509800107122	1.58
86.56973939715868	1.58
95.47435713294674	1.58
114.76762076589733	1.58
68.87933651090874	1.58
86.56973939715868	1.58
102.88556097494188	1.58
136.04978424524666	1.58
80.31657531823586	1.58
91.91496654318448	1.58
101.82551489980983	1.58
136.04978424524666	1.58
67.75415024119984	1.58
92.06557440560624	1.58
101.82551489980983	1.58
117.80441022801767	1.58
67.75415024119984	1.58
93.15649852063594	1.58
100.43049368057287	1.58
114.4664207559378	1.58
69.10375974150138	1.58
91.9639102753867	1.58
101.55354835043873	1.58
122.34988286328533	1.58
75.66790638160455	1.58
88.77995587202123	1.58
111.27442000852623	1.58
131.15967112986723	1.58
99.19547616407384	1.58
88.77995587202123	1.58
109.5253321503912	1.58
142.56218861372082	1.58
99.61140559234872	1.58
88.77995587202123	1.58
108.93134422357704	1.58
142.56218861372082	1.58
98.47874573975176	1.58
94.68217273991561	1.58
111.85141901902017	1.58
142.56218861372082	1.58
103.45146507415579	1.58
94.68217273991561	1.58
108.98269559994932	1.58
122.78504063069742	1.58
105.7839366329293	1.58
85.35610679948519	1.58
118.30796510359335	1.58
122.78504063069742	1.58
105.7839366329293	1.58
98.41525348567302	1.58
115.17749203922104	1.58
118.80310164526551	1.58
97.5174273903736	1.58
92.6905661680888	1.58
116.77602318735963	1.58
142.94720538316045	1.58
97.5174273903736	1.58
87.81360548729901	1.58
109.2253277611877	1.58
131.10223819263632	1.58
97.5174273903736	1.58
77.93015688244111	1.58
110.35656604899086	1.58
154.0019101873771	1.58
92.69465236013085	1.58
73.84346773522435	1.58
112.51683032556272	1.58
127.3665428295656	1.58
74.976054862778	1.58
73.84346773522435	1.58
121.6258172792987	1.58
101.84526528824537	1.58
74.976054862778	1.58
73.84346773522435	1.58
151.5357154345644	1.58
103.27116081883938	1.58
80.36332559873277	1.58
73.84346773522435	1.58
151.5357154345644	1.58
96.9656019384374	1.58
74.88622681887551	1.58
76.9352797005406	1.58
119.25138913401878	1.58
107.21533879125458	1.58
74.88622681887551	1.58
76.9352797005406	1.58
126.26869733307424	1.58
134.37835944653983	1.58
74.88622681887551	1.58
76.9352797005406	1.58
126.26869733307424	1.58
134.37835944653983	1.58
79.72156785583468	1.58
98.35544382028414	1.58
103.91289522727165	1.58
153.6925145313745	1.58
86.90619504240475	1.58
100.58530178129433	1.58
106.63081325787348	1.58
153.6925145313745	1.58
86.90619504240475	1.58
108.29773572616276	1.58
107.4171901719568	1.58
153.6925145313745	1.58
94.71769855352582	1.58
99.04217340463913	1.58
111.63229272300299	1.58
153.6925145313745	1.58
91.59897316216731	1.58
94.42113457519514	1.58
108.06182892208881	1.58
153.6925145313745	1.58
91.59897316216731	1.58
94.42113457519514	1.58
104.92314639138432	1.58
126.58381002812978	1.58
91.59897316216731	1.58
89.42498231654731	1.58
104.92314639138432	1.58
123.43485825763551	1.58
86.4440197669982	1.58
89.42498231654731	1.58
104.92314639138432	1.58
150.15371418763266	1.58
86.4440197669982	1.58
89.42498231654731	1.58
105.65732038559597	1.58
122.55222319955621	1.58
86.4440197669982	1.58
92.27558880095337	1.58
109.25185611443969	1.58
134.41303251734513	1.58
84.65272384336402	1.58
110.63213506091921	1.58
109.25185611443969	1.58
129.976256983596	1.58
76.61087900864592	1.58
109.24638620273522	1.58
109.25052850289032	1.58
105.10667758688308	1.58
75.49229588209394	1.58
109.24543717904587	1.58
109.25361849176953	1.58
102.42695999941125	1.58
78.3593278120492	1.58
109.24235192356863	1.58
109.25361849176953	1.58
114.40268111538623	1.58
78.3593278120492	1.58
107.86421791035242	1.58
109.25361849176953	1.58
116.1008119170913	1.58
78.3593278120492	1.58
106.9899180233341	1.58
109.25361849176953	1.58
112.35008046157958	1.58
78.3593278120492	1.58
104.90329298112867	1.58
104.51269980056296	1.58
115.1540406228724	1.58
72.92451152466127	1.58
105.01682133884358	1.58
104.4375214245949	1.58
122.162502788543	1.58
72.92451152466127	1.58
105.01682133884358	1.58
104.4375214245949	1.58
100.10219355249656	1.58
72.92451152466127	1.58
103.478090986369	1.58
104.98196670978561	1.58
100.10219355249656	1.58
82.92221222532964	1.58
104.73020004829334	1.58
107.35636101224783	1.58
97.43793463361797	1.58
72.44812416042623	1.58
103.12758549766058	1.58
110.5295225904432	1.58
99.40615794391306	1.58
72.44812416042623	1.58
100.46533225566873	1.58
105.72821034438351	1.58
99.91920703828325	1.58
72.44812416042623	1.58
100.69051959443141	1.58
110.42248202557653	1.58
99.59786654724566	1.58
83.15049441029325	1.58
100.44108906408171	1.58
110.42248202557653	1.58
98.97028567938843	1.58
76.48865629864156	1.58
97.0898748408792	1.58
128.02934890481706	1.58
99.63869474696456	1.58
85.91174627196834	1.58
97.0898748408792	1.58
138.9163420741453	1.58
101.6351828881315	1.58
71.2957659771061	1.58
93.88675133880294	1.58
154.3754591835233	1.58
99.12718120654593	1.58
71.2957659771061	1.58
91.24784486857831	1.58
154.3754591835233	1.58
99.12718120654593	1.58
71.2957659771061	1.58
85.48218756370785	1.58
154.3754591835233	1.58
114.2907537939152	1.58
81.49151943268325	1.58
78.32660640935381	1.58
152.4019595397942	1.58
114.47169794035638	1.58
67.91443988963711	1.58
78.32660640935381	1.58
152.4019595397942	1.58
116.14427640736572	1.58
67.91443988963711	1.58
92.33389383057619	1.58
143.37937774826037	1.58
115.16737611947923	1.58
67.91443988963711	1.58
96.9412376421422	1.58
148.7107417438306	1.58
103.62202680401063	1.58
72.47118687495772	1.58
86.14796201806843	1.58
148.7107417438306	1.58
103.62202680401063	1.58
86.20205406985148	1.58
77.71172452144667	1.58
121.77157914941921	1.58
106.73443295033861	1.58
69.25553822648854	1.58
77.71172452144667	1.58
152.74752411906442	1.58
106.73443295033861	1.58
97.9807250477156	1.58
77.71172452144667	1.58
132.38653719830253	1.58
108.87644389809792	1.58
79.39508406326048	1.58
77.71172452144667	1.58
152.57114916111954	1.58
108.87644389809792	1.58
68.33892852497337	1.58
81.5793456737834	1.58
152.57114916111954	1.58
119.80458861934774	1.58
68.33892852497337	1.58
81.5793456737834	1.58
126.54803646291825	1.58
139.88323554430295	1.58
90.46172934963448	1.58
81.5793456737834	1.58
118.35264952804071	1.58
139.88323554430295	1.58
90.46172934963448	1.58
74.61999819270625	1.58
136.4274061861389	1.58
139.88323554430295	1.58
70.42631610214382	1.58
80.60553405577599	1.58
114.94640426285768	1.58
144.07623204433742	1.58
70.42631610214382	1.58
80.60553405577599	1.58
107.52308687579799	1.58
144.07623204433742	1.58
89.88741313086666	1.58
88.76414950024991	1.58
106.6700532803624	1.58
144.07623204433742	1.58
89.88741313086666	1.58
88.76414950024991	1.58
106.6700532803624	1.58
138.51297784197024	1.58
83.72241872951648	1.58
75.84054995397312	1.58
110.01858451330206	1.58
154.53967533637626	1.58
100.89005922144469	1.58
75.84054995397312	1.58
110.01858451330206	1.58
154.53967533637626	1.58
98.27786152473594	1.58
75.84054995397312	1.58
110.72001302800828	1.58
154.53967533637626	1.58
104.08223953106365	1.58
75.84054995397312	1.58
138.907202655469	1.58
154.53967533637626	1.58
104.08223953106365	1.58
96.23261296311142	1.58
148.52647916613927	1.58
154.53967533637626	1.58
95.51329179029456	1.58
96.23261296311142	1.58
151.7908720650486	1.58
136.17592655949903	1.58
68.79428171744539	1.58
96.23261296311142	1.58
112.7493220728595	1.58
149.37492859892296	1.58
78.31689784811616	1.58
94.47617544513732	1.58
119.80848903621428	1.58
149.37492859892296	1.58
78.31689784811616	1.58
80.7595746454632	1.58
112.0055852572988	1.58
138.2270197622455	1.58
78.31689784811616	1.58
87.6840968871388	1.58
108.73813910347477	1.58
138.2270197622455	1.58
71.00491658466547	1.58
87.6840968871388	1.58
108.23224810547194	1.58
146.48702724365575	1.58
71.00491658466547	1.58
104.00425597628679	1.58
108.23224810547194	1.58
146.80870341080242	1.58
95.67020265166434	1.58
82.36640137418097	1.58
102.5283577936106	1.58
146.80870341080242	1.58
91.41258864367033	1.58
82.36640137418097	1.58
111.41189370640308	1.58
146.80870341080242	1.58
91.41258864367033	1.58
85.16428003110978	1.58
111.41189370640308	1.58
146.80870341080242	1.58
79.70008854828404	1.58
67.31105923547486	1.58
102.08008563405633	1.58
119.83697371083805	1.58
76.8799698169849	1.58
67.31105923547486	1.58
102.19107233722104	1.58
126.31114536015258	1.58
69.76332832201368	1.58
67.31105923547486	1.58
102.19107233722104	1.58
126.31114536015258	1.58
69.76332832201368	1.58
75.742663758985	1.58
102.19107233722104	1.58
141.86337781760074	1.58
69.76332832201368	1.58
75.742663758985	1.58
127.63907240166868	1.58
132.5785693022773	1.58
69.76332832201368	1.58
100.59257139824547	1.58
107.74035391350438	1.58
107.57529571256325	1.58
84.55536806114846	1.58
102.33453671044938	1.58
109.98140773001032	1.58
106.82814180561945	1.58
84.55536806114846	1.58
105.90545227952308	1.58
108.26763410588276	1.58
125.8880043066705	1.58
70.64864348892507	1.58
108.23548718359223	1.58
108.29014157749508	1.58
109.23971272023033	1.58
81.6454292637284	1.58
107.75158620856156	1.58
108.29014157749508	1.58
108.7088503929847	1.58
89.57527881338892	1.58
106.95177293457269	1.58
108.29014157749508	1.58
112.98263871735635	1.58
72.14277638623757	1.58
109.61405056031832	1.58
108.1866439328058	1.58
123.3437886321046	1.58
72.14277638623757	1.58
109.61405056031832	1.58
108.69725205225335	1.58
132.69226392451353	1.58
87.28976968218606	1.58
109.61215134942289	1.58
108.46374663132316	1.58
132.69226392451353	1.58
89.17925781078328	1.58
109.72721645846963	1.58
108.46374663132316	1.58
149.23255781129677	1.58
81.83860232103652	1.58
109.40616576340666	1.58
115.85257058550125	1.58
149.23255781129677	1.58
103.84380311353894	1.58
78.14875748002667	1.58
124.32983997021661	1.58
149.23255781129677	1.58
103.84380311353894	1.58
72.60011716114036	1.58
136.87790993620325	1.58
149.23255781129677	1.58
105.11654562849948	1.58
72.60011716114036	1.58
136.87790993620325	1.58
149.23255781129677	1.58
85.28314628057447	1.58
102.11038681991496	1.58
136.87790993620325	1.58
147.98038149660016	1.58
77.35689335550957	1.58
89.16209804225983	1.58
138.59320900997008	1.58
131.41777873953342	1.58
77.35689335550957	1.58
100.88155287172172	1.58
138.59320900997008	1.58
142.25552621973935	1.58
77.35689335550957	1.58
104.7706179671101	1.58
138.59320900997008	1.58
134.8051354718275	1.58
90.76233053630185	1.58
104.7706179671101	1.58
138.59320900997008	1.58
132.87790255518044	1.58
71.98658873545763	1.58
104.7706179671101	1.58
138.59320900997008	1.58
142.43773918061493	1.58
77.47722365766242	1.58
104.7706179671101	1.58
138.59320900997008	1.58
156.16453837089205	1.58
77.47722365766242	1.58
81.54607496431592	1.58
111.6499954185125	1.58
156.16453837089205	1.58
86.15316263369877	1.58
97.37571344999017	1.58
105.9098632323369	1.58
148.32921581320588	1.58
89.86459596666927	1.58
71.93317009184118	1.58
105.9098632323369	1.58
143.23047526785678	1.58
93.05717162549229	1.58
71.93317009184118	1.58
105.9098632323369	1.58
131.5791801652357	1.58
71.92411078754635	1.58
71.93317009184118	1.58
105.9098632323369	1.58
113.19917900720681	1.58
71.92411078754635	1.58
74.63854186495317	1.58
125.92888483104613	1.58
140.7466172317979	1.58
71.92411078754635	1.58
95.06785146703979	1.58
125.89729063700048	1.58
140.7466172317979	1.58
71.92411078754635	1.58
90.30516580291808	1.58
140.52669269260142	1.58
116.97717604898222	1.58
71.92411078754635	1.58
90.30516580291808	1.58
156.24329202487942	1.58
110.87400372317254	1.58
71.92411078754635	1.58
91.04241194075915	1.58
156.24329202487942	1.58
103.02771904690013	1.58
71.92411078754635	1.58
83.8757778082975	1.58
145.917890138567	1.58
111.29536572304372	1.58
93.43150076653636	1.58
101.83158601239289	1.58
124.30835761077994	1.58
109.52583913442388	1.58
86.31903442340086	1.58
89.75150086218872	1.58
139.8157391408565	1.58
104.67428378316907	1.58
86.31903442340086	1.58
84.95359991516354	1.58
131.44611219895725	1.58
104.67428378316907	1.58
85.4601524369263	1.58
84.95359991516354	1.58
133.94199384223995	1.58
122.2115471601332	1.58
74.91967596230806	1.58
84.95359991516354	1.58
148.92530231915157	1.58
130.1988130258302	1.58
84.0427854856301	1.58
105.39604126462758	1.58
148.92530231915157	1.58
122.9657526508192	1.58
95.6645562260953	1.58
109.34129817376507	1.58
151.12040953044678	1.58
129.79150006319225	1.58
95.6645562260953	1.58
109.34129817376507	1.58
151.4009959874281	1.58
125.13039028973206	1.58
95.12708880147626	1.58
110.8529301741637	1.58
151.4009959874281	1.58
151.22359304592504	1.58
95.12708880147626	1.58
98.10877637210564	1.58
151.4009959874281	1.58
128.87428423317897	1.58
80.48164894886503	1.58
98.10877637210564	1.58
151.4009959874281	1.58
117.22333178699765	1.58
75.48838973051264	1.58
80.83979270684864	1.58
151.4009959874281	1.58
142.94258165204064	1.58
75.48838973051264	1.58
87.99567259004519	1.58
156.32629531090845	1.58
142.94258165204064	1.58
75.48838973051264	1.58
85.3330816705646	1.58
156.32629531090845	1.58
123.41094359055816	1.58
95.10099757278714	1.58
79.47586425762896	1.58
156.32629531090845	1.58
109.53249278126005	1.58
95.10099757278714	1.58
88.2370725615348	1.58
147.54514894348054	1.58
101.37300018531363	1.58
92.77720264712117	1.58
98.40870849248138	1.58
147.54514894348054	1.58
101.37300018531363	1.58
109.194274234567	1.58
101.31861488076389	1.58
142.12072793483958	1.58
102.36372899825503	1.58
109.194274234567	1.58
100.67667668943263	1.58
142.12072793483958	1.58
102.96224604027097	1.58
107.57382372992944	1.58
99.44509269206506	1.58
142.12072793483958	1.58
100.60190625995256	1.58
108.0421066904677	1.58
99.44509269206506	1.58
142.12072793483958	1.58
102.34287149731966	1.58
108.284336529481	1.58
74.95136445207656	1.58
145.96231392388432	1.58
118.17074788604698	1.58
100.25098684648798	1.58
76.32315898593214	1.58
143.39988359045606	1.58
120.06977437580649	1.58
95.56693029037288	1.58
76.32315898593214	1.58
110.45013495848889	1.58
135.45665998701242	1.58
81.33665116858248	1.58
76.32315898593214	1.58
110.45013495848889	1.58
135.45665998701242	1.58
83.87075115584773	1.58
90.75269678628439	1.58
110.45013495848889	1.58
155.1520954198345	1.58
84.10361940319953	1.58
81.88762961546357	1.58
102.61058299692357	1.58
118.52457241375754	1.58
80.51456807847214	1.58
95.12853387465272	1.58
99.86346069972468	1.58
124.4920036266466	1.58
68.73410480641296	1.58
95.11612126082258	1.58
99.6914438981818	1.58
111.49436957646122	1.58
68.73410480641296	1.58
100.5059357660148	1.58
110.7155850521029	1.58
105.55423697881325	1.58
75.78980157881958	1.58
102.24051025507283	1.58
112.89426251831269	1.58
105.94734992203253	1.58
75.78980157881958	1.58
97.27182133658616	1.58
109.11518808200827	1.58
105.94734992203253	1.58
84.12080808956603	1.58
99.52021641265289	1.58
109.11518808200827	1.58
103.9897579850409	1.58
84.12080808956603	1.58
102.40871412691085	1.58
110.42462740487703	1.58
103.9897579850409	1.58
83.7547424215708	1.58
101.08826072664277	1.58
112.33928994590502	1.58
111.55054076759723	1.58
83.7547424215708	1.58
104.74860595972942	1.58
100.8680105371813	1.58
113.90943602245149	1.58
83.7547424215708	1.58
103.27788717291075	1.58
100.8680105371813	1.58
110.79520890885291	1.58
88.69083665630379	1.58
104.76587597786808	1.58
103.42835807263826	1.58
110.55834781689357	1.58
76.52937387726647	1.58
105.44035049377767	1.58
106.53605803004665	1.58
97.23160151829916	1.58
76.52937387726647	1.58
106.17967024468697	1.58
106.53605803004665	1.58
96.64269605583775	1.58
73.44464057273106	1.58
108.71314979082884	1.58
106.53605803004665	1.58
113.46988789582166	1.58
82.2049949151735	1.58
108.30818052341816	1.58
105.41911630135573	1.58
115.10382357948338	1.58
82.2049949151735	1.58
107.52666016303745	1.58
106.08094337183866	1.58
105.83346276304955	1.58
82.2049949151735	1.58
107.28629411225566	1.58
106.08094337183866	1.58
105.83346276304955	1.58
91.43897195853927	1.58
107.36489205199062	1.58
104.8856950283752	1.58
105.09831501350574	1.58
95.02643742817783	1.58
107.36489205199062	1.58
107.06229885639647	1.58
106.0666008016481	1.58
86.67662721781493	1.58
107.25256039521724	1.58
112.34605985056967	1.58
106.0666008016481	1.58
74.5681846026141	1.58
107.0541395704007	1.58
98.7517575176283	1.58
106.45537511597925	1.58
74.5681846026141	1.58
106.9260664508445	1.58
102.59713867246185	1.58
115.34303544925541	1.58
74.5681846026141	1.58
109.19942327455223	1.58
104.84177375388668	1.58
95.21626307085049	1.58
74.5681846026141	1.58
108.30668060858581	1.58
104.22984400280828	1.58
112.9249839213549	1.58
74.5681846026141	1.58
108.30693065229846	1.58
104.30415051621294	1.58
111.3019356427962	1.58
85.83630773198652	1.58
107.1117772322857	1.58
101.95479840154462	1.58
109.60434464608909	1.58
88.43205726642479	1.58
105.65727110763586	1.58
102.47478455491255	1.58
108.7545574574848	1.58
92.58289025638567	1.58
105.65727110763586	1.58
103.05015023338812	1.58
108.88169498170299	1.58
91.29032194234532	1.58
105.37593088967377	1.58
102.72372156257353	1.58
109.26140090173524	1.58
91.94913357836427	1.58
104.72062444984046	1.58
102.72372156257353	1.58
111.28885258148338	1.58
93.41990357758003	1.58
106.39335867429199	1.58
99.57403010084172	1.58
113.35761726264491	1.58
91.57312506530707	1.58
104.48456670271439	1.58
96.24265032267269	1.58
113.16530103951555	1.58
76.5946192758951	1.58
103.28178558356241	1.58
95.16061424667636	1.58
110.29708326768213	1.58
76.5946192758951	1.58
109.72393260875874	1.58
95.45033791481242	1.58
110.32754530167855	1.58
88.82942978526985	1.58
107.77076705449075	1.58
95.55899675804392	1.58
110.32754530167855	1.58
91.4590061815847	1.58
102.05461660521789	1.58
91.04327110377235	1.58
102.10755141980727	1.58
92.7829018687869	1.58
102.05461660521789	1.58
86.61837839525941	1.58
105.12321855721872	1.58
96.63285886811235	1.58
99.9640009158205	1.58
92.95629690164917	1.58
105.12321855721872	1.58
94.96707625277563	1.58
96.44913051341278	1.58
92.20246852066875	1.58
105.12321855721872	1.58
94.3400090578717	1.58
95.21317278893264	1.58
90.75760106285227	1.58
102.45375707610164	1.58
92.82103615516994	1.58
90.70097701408767	1.58
90.81374778873369	1.58
103.3943288306961	1.58
93.31928257554567	1.58
79.62212373634917	1.58
89.76281185042822	1.58
103.3943288306961	1.58
93.99593834783965	1.58
82.79646371052155	1.58
94.72859473397858	1.58
100.84853737578123	1.58
94.25863684519157	1.58
78.51034669641734	1.58
91.03868158219177	1.58
99.80995210158757	1.58
94.38329458776168	1.58
78.86452687098748	1.58
92.86838283347767	1.58
101.63664074372181	1.58
97.43413975060365	1.58
78.86452687098748	1.58
90.77985387224977	1.58
119.77654958184016	1.58
79.22573104171624	1.58
83.78045289107148	1.58
87.31973617201959	1.58
119.51206888379733	1.58
74.93198925870598	1.58
83.78045289107148	1.58
92.03462852166598	1.58
115.99082229737394	1.58
71.11452129483288	1.58
78.80090554066344	1.58
92.57767076306067	1.58
139.3029445634942	1.58
71.11452129483288	1.58
82.85630452745637	1.58
92.74176550768064	1.58
113.56182745453509	1.58
71.11452129483288	1.58
87.47941537285561	1.58
93.08339173760366	1.58
117.17806147939973	1.58
91.65000756627816	1.58
84.6476857968681	1.58
92.90006963239885	1.58
145.6539564959199	1.58
81.46523662365685	1.58
78.55746887954481	1.58
98.78993896130333	1.58
145.6539564959199	1.58
88.4298649619973	1.58
74.03182422250549	1.58
98.66618537940136	1.58
145.6539564959199	1.58
88.4298649619973	1.58
76.65949115980402	1.58
98.04161383555079	1.58
155.6245301532034	1.58
90.86029157413341	1.58
82.66293891113688	1.58
98.04161383555079	1.58
155.6245301532034	1.58
84.3582302221112	1.58
99.28752055779078	1.58
98.04161383555079	1.58
155.6245301532034	1.58
86.69752093074807	1.58
124.63235266718954	1.58
82.45726009115137	1.58
155.6245301532034	1.58
86.69752093074807	1.58
110.12915779129577	1.58
79.32671893806138	1.58
155.6245301532034	1.58
87.07106721441528	1.58
111.67689124878063	1.58
79.32671893806138	1.58
138.01584267911753	1.58
87.07106721441528	1.58
108.51391548237577	1.58
76.78746438272054	1.58
138.01584267911753	1.58
92.17396927990835	1.58
108.51391548237577	1.58
80.8558753072496	1.58
138.01584267911753	1.58
100.19542512785956	1.58
103.46576708268367	1.58
80.08544786371274	1.58
138.01584267911753	1.58
102.31848919447307	1.58
118.6602401578466	1.58
80.08544786371274	1.58
120.75215648434842	1.58
106.65754391147422	1.58
108.01935143578282	1.58
80.08544786371274	1.58
128.9059744702007	1.58
106.65754391147422	1.58
108.01935143578282	1.58
80.08544786371274	1.58
142.58367434965044	1.58
133.14116546044536	1.58
99.01029293782419	1.58
69.30355575346437	1.58
140.60644606641702	1.58
128.44546576730536	1.58
100.06181131907411	1.58
69.30355575346437	1.58
141.03475320858095	1.58
122.32722108762655	1.58
100.06181131907411	1.58
82.18695508997729	1.58
141.2790600366409	1.58
113.5755246669772	1.58
100.06181131907411	1.58
76.74111368091818	1.58
154.7548987925737	1.58
98.80187114134085	1.58
115.67103183259354	1.58
79.09001741779434	1.58
154.7548987925737	1.58
98.80187114134085	1.58
122.75034174209758	1.58
79.09001741779434	1.58
154.7548987925737	1.58
98.80187114134085	1.58
109.5361457181128	1.58
87.35237268631273	1.58
137.54827073389194	1.58
98.44993530093618	1.58
99.88856697898518	1.58
77.68850214615131	1.58
142.73483970333734	1.58
71.67730840407572	1.58
112.257802644849	1.58
74.81203403309404	1.58
142.73483970333734	1.58
101.7096873866846	1.58
107.1205798873257	1.58
86.29811087708833	1.58
147.31052759221203	1.58
122.13826326442046	1.58
80.78392378158507	1.58
84.68794060953002	1.58
154.86739673828617	1.58
106.82634917037453	1.58
81.45682022187047	1.58
86.43747388669784	1.58
154.86739673828617	1.58
106.82634917037453	1.58
76.61429125248601	1.58
90.27762965836824	1.58
137.03590881019588	1.58
106.82634917037453	1.58
105.67592431826505	1.58
91.81173506347511	1.58
141.76453822832804	1.58
92.64274075879933	1.58
78.76106403741369	1.58
91.42695012043089	1.58
141.76453822832804	1.58
92.59565433055805	1.58
78.76106403741369	1.58
97.71860982936758	1.58
136.73609844947723	1.58
92.4288388553529	1.58
72.32241640872665	1.58
99.14846052633546	1.58
136.73609844947723	1.58
80.98135869533743	1.58
75.27286699457693	1.58
95.8690350115364	1.58
136.73609844947723	1.58
82.85395094536423	1.58
80.68446041220328	1.58
101.99493368349926	1.58
136.73609844947723	1.58
82.85395094536423	1.58
87.2531162374207	1.58
97.49209665669524	1.58
136.73609844947723	1.58
68.51366359722485	1.58
87.2531162374207	1.58
95.06668488663965	1.58
130.40560681479883	1.58
92.15212608041824	1.58
83.2493055703292	1.58
94.0798217000103	1.58
129.363193992961	1.58
72.51455849007161	1.58
77.68129185820605	1.58
94.0798217000103	1.58
136.7808552418134	1.58
72.51455849007161	1.58
80.52181946177392	1.58
102.87987131657079	1.58
117.23621611944097	1.58
84.47436217485475	1.58
80.52181946177392	1.58
102.87987131657079	1.58
101.19673597673777	1.58
90.19674383016034	1.58
70.38484478510156	1.58
102.87987131657079	1.58
102.82411509748513	1.58
91.50856786416574	1.58
70.38484478510156	1.58
108.98492924681535	1.58
107.57782206029468	1.58
85.72791447642473	1.58
88.53534952246403	1.58
108.98492924681535	1.58
107.57782206029468	1.58
80.6822708425834	1.58
91.71714260321069	1.58
108.52815114117875	1.58
111.87073516985265	1.58
80.6822708425834	1.58
91.71714260321069	1.58
119.86509151285608	1.58
111.16646491313574	1.58
70.75368138933987	1.58
78.37045230944597	1.58
114.01901544886232	1.58
105.27419680546635	1.58
70.75368138933987	1.58
78.37045230944597	1.58
110.2598144507436	1.58
105.27419680546635	1.58
70.75368138933987	1.58
78.37045230944597	1.58
148.69747157624408	1.58
105.27419680546635	1.58
70.75368138933987	1.58
78.37045230944597	1.58
115.2791044010977	1.58
105.27419680546635	1.58
86.07683637111357	1.58
82.29113300150979	1.58
134.36833969580428	1.58
107.16802794614259	1.58
86.07683637111357	1.58
77.5282779408538	1.58
106.39459243731903	1.58
104.3498467645193	1.58
86.07683637111357	1.58
82.85506540481877	1.58
106.39459243731903	1.58
104.3498467645193	1.58
92.86655297856905	1.58
70.1704073215957	1.58
106.39459243731903	1.58
104.3498467645193	1.58
92.86655297856905	1.58
70.1704073215957	1.58
106.39459243731903	1.58
100.38644254343129	1.58
90.62331035354694	1.58
87.83960318211203	1.58
106.39459243731903	1.58
101.4487166196212	1.58
88.47081549298579	1.58
90.51997450540868	1.58
109.38419236414688	1.58
98.01730719103095	1.58
79.597513017059	1.58
90.51997450540868	1.58
109.38419236414688	1.58
97.58623258343101	1.58
75.78440440705832	1.58
84.6928192853472	1.58
109.8142342989699	1.58
106.72934095702038	1.58
66.87811176255605	1.58
70.6279956408529	1.58
107.74959568363747	1.58
106.72934095702038	1.58
66.87811176255605	1.58
70.6279956408529	1.58
108.13794994793982	1.58
106.72934095702038	1.58
66.87811176255605	1.58
70.6279956408529	1.58
108.13794994793982	1.58
98.1415620137033	1.58
82.18322018511184	1.58
70.6279956408529	1.58
108.13794994793982	1.58
108.40188286704101	1.58
82.18322018511184	1.58
70.6279956408529	1.58
91.18325550848124	1.58
110.26315511813547	1.58
82.18322018511184	1.58
75.58322317882238	1.58
83.56986346203277	1.58
110.26315511813547	1.58
81.01269036578013	1.58
72.21249283939211	1.58
82.9720897898757	1.58
110.26315511813547	1.58
79.17841191178091	1.58
72.21249283939211	1.58
79.79225043665303	1.58
92.39368050907825	1.58
68.69901572518742	1.58
72.21249283939211	1.58
89.47911009676054	1.58
101.83632936184512	1.58
68.69901572518742	1.58
72.21249283939211	1.58
96.61338049113556	1.58
108.059164056376	1.58
87.7686646197629	1.58
72.21249283939211	1.58
96.61338049113556	1.58
103.76619859846085	1.58
86.05175110572924	1.58
72.21249283939211	1.58
92.09634050357218	1.58
104.87039468811054	1.58
85.72984388517398	1.58
69.68715391878175	1.58
94.21139835941008	1.58
95.84199520031856	1.58
77.96792146163602	1.58
77.6677821377413	1.58
101.5927348616479	1.58
89.70028735715277	1.58
77.96792146163602	1.58
68.92238922362472	1.58
101.5927348616479	1.58
100.24542674342698	1.58
77.96792146163602	1.58
68.92238922362472	1.58
101.5927348616479	1.58
112.52984738474069	1.58
76.88786576110981	1.58
68.92238922362472	1.58
90.44836693139555	1.58
116.94025398228324	1.58
80.08504525168789	1.58
68.92238922362472	1.58
95.47353971983563	1.58
107.73954766293268	1.58
70.60440058290561	1.58
68.92238922362472	1.58
95.3253564499899	1.58
106.3630645117833	1.58
70.60440058290561	1.58
68.92238922362472	1.58
110.39179773567619	1.58
108.35790995602638	1.58
75.2917647995535	1.58
79.22724744389735	1.58
110.53220507583346	1.58
108.35790995602638	1.58
75.2917647995535	1.58
93.85216774378215	1.58
110.53220507583346	1.58
108.35790995602638	1.58
84.45362798074908	1.58
94.91163339663086	1.58
134.5335036147225	1.58
100.24022196403403	1.58
85.39999443650576	1.58
95.29513955716861	1.58
134.96283546524438	1.58
100.24022196403403	1.58
84.30225503747528	1.58
94.84782101151522	1.58
112.39735300487634	1.58
102.9213519442043	1.58
89.90888223897639	1.58
102.45871752335562	1.58
107.54875185383875	1.58
98.97586927212289	1.58
93.21492436768494	1.58
103.35748464877724	1.58
107.80173660387604	1.58
103.68730257546929	1.58
94.80445801370531	1.58
103.0433211268631	1.58
108.17520426203403	1.58
103.37200096311547	1.58
96.02956287614835	1.58
103.52738106564136	1.58
102.23289633517118	1.58
103.37200096311547	1.58
98.98647058930635	1.58
103.60303325392736	1.58
103.5782465305226	1.58
103.31068071833727	1.58
98.98647058930635	1.58
103.7878326580074	1.58
103.5312092066039	1.58
107.07362866645906	1.58
95.85754766290933	1.58
103.80453870747411	1.58
103.37890135485493	1.58
103.8125681233681	1.58
98.08572717596563	1.58
103.80394429825819	1.58
107.66416731541403	1.58
103.81200868851019	1.58
97.24087626805964	1.58
102.87932680231089	1.58
107.36500553079831	1.58
103.45658120579583	1.58
99.30488643477442	1.58
102.85686053235356	1.58
111.14645717030311	1.58
104.55825557813426	1.58
99.30488643477442	1.58
103.0137378746335	1.58
107.22818422832756	1.58
105.08318228809169	1.58
99.30488643477442	1.58
102.81285370861862	1.58
107.22818422832756	1.58
105.91433420180672	1.58
96.47165005287401	1.58
99.20168439217018	1.58
112.16204077281557	1.58
104.74832658769789	1.58
89.68508798843038	1.58
97.63288945590902	1.58
104.83554652215803	1.58
108.94513541963404	1.58
88.28608824183021	1.58
98.5493696453971	1.58
105.47396789447464	1.58
108.94513541963404	1.58
90.77297333228432	1.58
93.35598319391076	1.58
111.72577373958197	1.58
119.206882931962	1.58
102.77106114523988	1.58
93.57922221008292	1.58
118.60409684427675	1.58
131.98143413689837	1.58
102.79743780196227	1.58
83.86528744650552	1.58
129.8837965421032	1.58
133.36485593553448	1.58
75.83525543244448	1.58
83.86528744650552	1.58
125.08285364923981	1.58
132.41128978795558	1.58
75.83525543244448	1.58
103.29993921928305	1.58
142.36117680155024	1.58
144.2320270827546	1.58
75.83525543244448	1.58
107.23049162362747	1.58
137.54031397086325	1.58
133.39298424060186	1.58
100.97363009461353	1.58
106.44589845040538	1.58
142.82075474060412	1.58
133.39298424060186	1.58
100.97363009461353	1.58
87.98408607385375	1.58
132.64643840539946	1.58
149.3423502408184	1.58
68.51078992714834	1.58
87.98408607385375	1.58
150.46907459368322	1.58
149.3423502408184	1.58
92.25219312974815	1.58
108.84712435837989	1.58
154.2981908679245	1.58
148.1938152950943	1.58
75.89040804819591	1.58
87.28260494226538	1.58
154.2981908679245	1.58
148.1938152950943	1.58
75.89040804819591	1.58
87.28260494226538	1.58
154.2981908679245	1.58
148.1938152950943	1.58
107.67996476935359	1.58
87.28260494226538	1.58
154.2981908679245	1.58
148.1938152950943	1.58
112.2774813493132	1.58
110.23127401537695	1.58
154.2981908679245	1.58
150.64022537681478	1.58
79.56009826804379	1.58
107.35790955575087	1.58
154.2981908679245	1.58
150.64022537681478	1.58
85.62825223849273	1.58
107.35790955575087	1.58
154.2981908679245	1.58
150.64022537681478	1.58
109.49033973562939	1.58
81.40685698452405	1.58
154.6567937785273	1.58
150.64022537681478	1.58
124.38541285500585	1.58
99.59895728799921	1.58
148.10596206025338	1.58
147.6868105193168	1.58
116.91641941538786	1.58
99.59895728799921	1.58
148.10596206025338	1.58
127.66971335944392	1.58
116.91641941538786	1.58
76.06171386574312	1.58
148.10596206025338	1.58
137.60774826179482	1.58
114.30842154722646	1.58
76.06171386574312	1.58
142.25589184099056	1.58
151.41814840610877	1.58
102.30693906630145	1.58
76.06171386574312	1.58
142.25589184099056	1.58
133.5380844171425	1.58
79.20853777565549	1.58
83.1571925709498	1.58
112.64279890980112	1.58
126.12604844207247	1.58
79.20853777565549	1.58
72.90768965943454	1.58
122.7210500226868	1.58
126.12604844207247	1.58
98.32757725784222	1.58
72.90768965943454	1.58
137.56594543675155	1.58
158.2154482933127	1.58
98.32757725784222	1.58
72.90768965943454	1.58
137.56594543675155	1.58
158.2154482933127	1.58
69.27476443869426	1.58
72.90768965943454	1.58
113.1785761921614	1.58
137.01567415448864	1.58
69.27476443869426	1.58
72.90768965943454	1.58
130.37610757111335	1.58
152.46184068837852	1.58
97.73787497893322	1.58
72.90768965943454	1.58
137.29266139103686	1.58
152.46184068837852	1.58
108.64590688806014	1.58
72.90768965943454	1.58
137.29266139103686	1.58
152.46184068837852	1.58
119.05691417732257	1.58
72.90768965943454	1.58
144.80336557970347	1.58
149.68023822073383	1.58
107.55887688981933	1.58
72.90768965943454	1.58
144.80336557970347	1.58
149.68023822073383	1.58
70.86883044031123	1.58
72.90768965943454	1.58
112.45974067048465	1.58
143.31913541326222	1.58
83.60049492888712	1.58
72.90768965943454	1.58
112.45974067048465	1.58
143.31913541326222	1.58
83.60049492888712	1.58
80.5699121016379	1.58
112.45974067048465	1.58
135.96386900421365	1.58
83.60049492888712	1.58
83.84440634739231	1.58
112.45974067048465	1.58
146.6944388246129	1.58
83.60049492888712	1.58
88.02027991982087	1.58
111.4321645258537	1.58
146.6944388246129	1.58
87.16222051785256	1.58
77.01062031521474	1.58
101.05200236894609	1.58
116.17232150843039	1.58
93.9231548109667	1.58
94.40759966753018	1.58
99.8481955140689	1.58
123.33918159916493	1.58
93.49916534700662	1.58
91.63645806061642	1.58
99.8481955140689	1.58
111.24085790583781	1.58
90.47998306519239	1.58
81.67089065323574	1.58
106.02181499423016	1.58
111.24085790583781	1.58
86.27085194780048	1.58
81.67089065323574	1.58
123.57346467491435	1.58
134.52079386571336	1.58
86.27085194780048	1.58
81.67089065323574	1.58
107.41502045944989	1.58
134.52079386571336	1.58
87.13466891781012	1.58
81.67089065323574	1.58
107.41502045944989	1.58
134.52079386571336	1.58
102.92535743976998	1.58
73.07080126315618	1.58
97.8731891670833	1.58
134.52079386571336	1.58
100.69423296010218	1.58
73.07080126315618	1.58
103.5010315066724	1.58
143.36735986095033	1.58
111.20673766757443	1.58
73.07080126315618	1.58
100.80595034866788	1.58
143.36735986095033	1.58
110.78179741154344	1.58
73.07080126315618	1.58
105.32699270180402	1.58
125.9154889698967	1.58
99.0775790004901	1.58
82.0140307160445	1.58
111.34609388930201	1.58
116.72803037707621	1.58
92.20432014305644	1.58
82.0140307160445	1.58
100.23886850870701	1.58
135.75346592319235	1.58
66.65877472872701	1.58
82.0140307160445	1.58
108.14857492433464	1.58
151.19385391859555	1.58
69.37106023403254	1.58
82.0140307160445	1.58
108.14857492433464	1.58
151.19385391859555	1.58
69.37106023403254	1.58
95.03793923135439	1.58
144.9346378694703	1.58
151.19385391859555	1.58
71.6522619461176	1.58
78.62350696089268	1.58
144.9346378694703	1.58
151.19385391859555	1.58
99.94784318241844	1.58
70.96609066894162	1.58
144.9346378694703	1.58
151.19385391859555	1.58
81.43763154786757	1.58
70.96609066894162	1.58
132.218979301469	1.58
151.19385391859555	1.58
93.12270416937977	1.58
85.32659690256415	1.58
115.20275356343684	1.58
124.88194553648685	1.58
93.12270416937977	1.58
85.32659690256415	1.58
143.23537746039293	1.58
125.87946952576878	1.58
110.13100689166835	1.58
100.36965735593436	1.58
143.23537746039293	1.58
120.3580922550799	1.58
110.13100689166835	1.58
100.36965735593436	1.58
143.23537746039293	1.58
128.66366746750631	1.58
110.13100689166835	1.58
74.2091120987954	1.58
143.23537746039293	1.58
135.27033300629847	1.58
110.13100689166835	1.58
74.2091120987954	1.58
140.15745221822252	1.58
133.44477737527063	1.58
97.00268176521413	1.58
74.2091120987954	1.58
140.88214501619717	1.58
110.45248990930864	1.58
113.98517753786072	1.58
74.2091120987954	1.58
140.88214501619717	1.58
95.35065856579287	1.58
113.98517753786072	1.58
93.05049045946443	1.58
146.2219995479319	1.58
94.81626326697759	1.58
113.98517753786072	1.58
92.42724504501336	1.58
137.0259945240971	1.58
94.18663071180804	1.58
120.54258544819683	1.58
100.14772012477664	1.58
125.134176330622	1.58
94.65352339984807	1.58
121.57218955196024	1.58
101.65687480014304	1.58
140.8121303958963	1.58
94.65352339984807	1.58
112.36155462761364	1.58
95.24653005100367	1.58
130.6979591068173	1.58
94.07003886727719	1.58
120.31924607861475	1.58
96.26208816268077	1.58
130.6979591068173	1.58
95.11280546614233	1.58
119.01147625319688	1.58
73.48827281868193	1.58
142.07300796040664	1.58
95.11280546614233	1.58
113.3172926300831	1.58
83.58981418368117	1.58
144.16690342551976	1.58
82.8091537649529	1.58
128.72773389254866	1.58
107.96597991420425	1.58
144.52761225073624	1.58
69.85857519456489	1.58
128.48676077835532	1.58
83.24178831237882	1.58
157.53930887376688	1.58
69.85857519456489	1.58
106.72620309321864	1.58
83.24178831237882	1.58
157.53930887376688	1.58
70.12931712967577	1.58
70.6026838447706	1.58
88.96179969130466	1.58
156.18142321499494	1.58
70.22402769567545	1.58
70.60529500598315	1.58
91.96511558201175	1.58
156.18142321499494	1.58
70.16947755016747	1.58
70.60529500598315	1.58
91.96511558201175	1.58
156.18142321499494	1.58
70.16947755016747	1.58
70.56644719657841	1.58
111.02900490522296	1.58
151.75773619942788	1.58
70.07655439579489	1.58
70.37441459644882	1.58
84.94107064833985	1.58
151.75773619942788	1.58
70.07655439579489	1.58
96.77839767966685	1.58
84.94107064833985	1.58
157.84168704133546	1.58
70.05100070436008	1.58
103.22940302129028	1.58
84.94107064833985	1.58
157.84168704133546	1.58
75.69270506210776	1.58
103.22940302129028	1.58
104.6480298320527	1.58
149.35087754276464	1.58
80.23984940964867	1.58
120.99250718647298	1.58
73.45847836611522	1.58
149.35087754276464	1.58
81.33374289897698	1.58
145.34828596006167	1.58
73.45847836611522	1.58
149.35087754276464	1.58
81.33374289897698	1.58
140.35175971219093	1.58
73.45847836611522	1.58
149.35087754276464	1.58
81.33374289897698	1.58
134.52567033553626	1.58
108.03034031829614	1.58
149.35087754276464	1.58
81.33374289897698	1.58
149.62601730297501	1.58
129.06687884549288	1.58
149.35087754276464	1.58
97.46024717432016	1.58
149.62601730297501	1.58
114.00259219314829	1.58
156.2025342959687	1.58
97.46024717432016	1.58
149.62601730297501	1.58
114.00259219314829	1.58
142.0394171252458	1.58
99.5460368847597	1.58
148.4314749039389	1.58
118.04596992567451	1.58
142.0394171252458	1.58
101.77030132248137	1.58
152.29947736949404	1.58
105.67078619436734	1.58
142.0394171252458	1.58
96.25906834596921	1.58
152.29947736949404	1.58
105.67078619436734	1.58
132.13885912815007	1.58
80.57877539127153	1.58
152.29947736949404	1.58
105.6318713212396	1.58
132.28756134202354	1.58
80.57877539127153	1.58
152.29947736949404	1.58
107.86091286491109	1.58
150.18805630291294	1.58
80.57877539127153	1.58
153.00137095670732	1.58
107.86091286491109	1.58
150.18805630291294	1.58
107.2100225496539	1.58
153.00137095670732	1.58
107.86091286491109	1.58
149.64818912844135	1.58
93.4160387350613	1.58
153.00137095670732	1.58
107.86091286491109	1.58
150.6384147206489	1.58
106.79137247246689	1.58
154.48675874723784	1.58
107.71082054956288	1.58
150.6384147206489	1.58
92.26074662876509	1.58
156.09079384190707	1.58
101.79310491804597	1.58
153.73139396637436	1.58
93.74383674426349	1.58
157.11018812046197	1.58
105.87320709291875	1.58
155.04283056069298	1.58
96.41149806147057	1.58
131.9926621700389	1.58
91.51242128455075	1.58
155.04283056069298	1.58
95.2006826313656	1.58
120.02858868520761	1.58
89.28515504815637	1.58
155.04283056069298	1.58
100.92441624352932	1.58
119.66061203455766	1.58
81.0079865655304	1.58
138.5041653067967	1.58
100.67361797793365	1.58
127.50331544214035	1.58
73.60839886449367	1.58
125.35205943004286	1.58
100.67361797793365	1.58
126.86904723262552	1.58
83.9987591502578	1.58
124.45672512999323	1.58
99.01925283487317	1.58
144.27845692428843	1.58
77.02963453189085	1.58
134.85261611459813	1.58
95.47484098237803	1.58
133.99955897051174	1.58
75.74757471000753	1.58
134.85261611459813	1.58
95.47484098237803	1.58
133.7985772546823	1.58
75.74757471000753	1.58
134.8186863887676	1.58
92.4208806874035	1.58
133.7985772546823	1.58
80.96171965055944	1.58
134.8186863887676	1.58
92.4208806874035	1.58
133.7985772546823	1.58
80.96171965055944	1.58
121.44727871726514	1.58
92.4208806874035	1.58
136.25345276333593	1.58
80.96171965055944	1.58
126.60110329706617	1.58
88.4125103525445	1.58
136.25345276333593	1.58
84.37819279263758	1.58
121.2947770314033	1.58
90.79641685802086	1.58
136.25345276333593	1.58
87.15091253635863	1.58
119.8431510636358	1.58
90.79641685802086	1.58
148.78594099715383	1.58
87.7176180593425	1.58
125.63633329491225	1.58
90.79641685802086	1.58
143.69419616745952	1.58
85.75296522899338	1.58
110.67950765519282	1.58
90.51440029718319	1.58
122.3035222117786	1.58
81.85985026596676	1.58
101.45922622754107	1.58
87.4430216987274	1.58
113.97760639761324	1.58
79.67154083089966	1.58
104.22903665632086	1.58
91.43632450023145	1.58
127.4816598458456	1.58
83.89156049267505	1.58
110.76244182248061	1.58
91.43632450023145	1.58
130.5329769393097	1.58
84.73435493263872	1.58
115.8591841127435	1.58
88.1848897425818	1.58
122.83378804048627	1.58
84.73435493263872	1.58
116.94769898478657	1.58
96.02489132881456	1.58
127.94996787305962	1.58
79.13094044008113	1.58
114.42960889614724	1.58
76.13272460738281	1.58
106.51674322528817	1.58
89.23494196816631	1.58
109.85986410930812	1.58
80.4223310670836	1.58
120.4231742576759	1.58
69.13605884185847	1.58
98.6677890631626	1.58
80.4223310670836	1.58
134.45462175442285	1.58
69.13605884185847	1.58
96.69741580314022	1.58
80.4223310670836	1.58
143.8918405305636	1.58
69.13605884185847	1.58
114.04599415301439	1.58
80.4223310670836	1.58
143.8918405305636	1.58
71.67660196655785	1.58
141.60880566136206	1.58
90.71600815376819	1.58
142.0258745542108	1.58
71.74603264355348	1.58
141.60880566136206	1.58
90.71600815376819	1.58
142.38526087467392	1.58
71.74603264355348	1.58
141.60880566136206	1.58
88.66178539119363	1.58
142.38526087467392	1.58
71.74603264355348	1.58
141.74916355412606	1.58
88.66178539119363	1.58
122.13570073246532	1.58
74.61263684074964	1.58
138.11424102470173	1.58
86.3635888121469	1.58
147.50718242397073	1.58
74.61263684074964	1.58
132.98794352262928	1.58
83.09025206164245	1.58
147.50718242397073	1.58
74.61263684074964	1.58
108.77272727181028	1.58
83.09025206164245	1.58
134.6125663689847	1.58
75.08323821479426	1.58
141.18271349110447	1.58
83.09025206164245	1.58
112.97947544749218	1.58
75.08323821479426	1.58
141.18271349110447	1.58
93.33334652353136	1.58
104.72106339341599	1.58
75.08323821479426	1.58
141.18271349110447	1.58
86.42820664298726	1.58
88.33354348995941	1.58
69.45028635721434	1.58
141.18271349110447	1.58
94.27628067035344	1.58
88.42596318170838	1.58
69.45028635721434	1.58
130.51777557622606	1.58
114.18808860447444	1.58
86.66942702861071	1.58
69.45028635721434	1.58
136.91477779692786	1.58
138.6591655791118	1.58
105.25070663866887	1.58
98.20611279085057	1.58
136.91477779692786	1.58
129.39758950736245	1.58
84.90186107056724	1.58
98.20611279085057	1.58
136.91477779692786	1.58
141.1371622570967	1.58
108.27342177127943	1.58
98.20611279085057	1.58
134.9589604843659	1.58
123.19420970366623	1.58
110.27490901235421	1.58
103.27274380563048	1.58
134.9589604843659	1.58
117.91024930344493	1.58
110.27490901235421	1.58
106.58816264204117	1.58
123.05768159685327	1.58
116.30779182187024	1.58
110.34814645426648	1.58
106.58816264204117	1.58
134.4583657685506	1.58
119.36523588910687	1.58
86.5394735724152	1.58
91.90252579775623	1.58
121.64125264542567	1.58
107.06243783429883	1.58
86.5394735724152	1.58
91.58813168047755	1.58
141.20459304270412	1.58
109.62498760449841	1.58
86.5394735724152	1.58
91.58813168047755	1.58
141.20459304270412	1.58
110.9497352354811	1.58
86.5394735724152	1.58
83.55293484419877	1.58
136.50408851295626	1.58
110.9497352354811	1.58
89.3711759104345	1.58
72.91429452759928	1.58
122.67458961973024	1.58
111.93618282560867	1.58
100.92896700553695	1.58
72.91429452759928	1.58
158.00933478711835	1.58
118.56133651642287	1.58
100.92896700553695	1.58
91.68884932396982	1.58
148.10601704260282	1.58
123.84463638333054	1.58
71.23469150573335	1.58
89.25250187575537	1.58
148.10601704260282	1.58
111.7417903843237	1.58
71.23469150573335	1.58
81.63973843756247	1.58
148.10601704260282	1.58
100.20119907031739	1.58
71.23469150573335	1.58
57.60880147452308	1.58
155.68721525035122	1.58
135.65942421220475	1.58
71.23469150573335	1.58
57.60880147452308	1.58
155.68721525035122	1.58
116.5548490347996	1.58
107.75484349854369	1.58
88.8032869010296	1.58
155.72795968256895	1.58
106.27029670650576	1.58
108.3477922350538	1.58
72.11658302280358	1.58
155.72795968256895	1.58
104.37079173853819	1.58
107.42645949875768	1.58
72.11658302280358	1.58
155.72795968256895	1.58
112.58903013407905	1.58
104.10334855806681	1.58
72.11658302280358	1.58
155.72795968256895	1.58
109.84084006932746	1.58
105.3794853437092	1.58
72.0418157279692	1.58
155.72795968256895	1.58
108.65996794512098	1.58
122.52340816564643	1.58
72.0418157279692	1.58
155.72795968256895	1.58
95.55637845607818	1.58
117.12044974998548	1.58
72.0418157279692	1.58
145.01877952918218	1.58
96.61169956997583	1.58
99.98078230853316	1.58
72.0418157279692	1.58
124.43397518348515	1.58
86.87307941349925	1.58
103.25774598058808	1.58
75.50759563676306	1.58
120.49888315508359	1.58
72.68270842134541	1.58
96.22793801787604	1.58
75.50759563676306	1.58
132.56048116358065	1.58
72.68270842134541	1.58
88.123615889421	1.58
75.50759563676306	1.58
120.48216119683197	1.58
72.68270842134541	1.58
73.65434237135253	1.58
74.63793067956318	1.58
120.48216119683197	1.58
72.68270842134541	1.58
73.65434237135253	1.58
75.42495168741917	1.58
103.38301682710285	1.58
72.02653310925376	1.58
74.675237307895	1.58
85.44678625117197	1.58
89.85243569170554	1.58
69.70386324517186	1.58
74.94967848987828	1.58
83.01692341273055	1.58
97.3790376001696	1.58
68.91881076834707	1.58
74.94967848987828	1.58
87.76841057486247	1.58
100.35791115778503	1.58
77.10399268657245	1.58
75.02482225251052	1.58
89.44422010315903	1.58
105.27933192640596	1.58
80.03478595637313	1.58
76.5675753037409	1.58
89.44422010315903	1.58
105.27933192640596	1.58
82.87279634728499	1.58
74.03427375898808	1.58
91.12765163110669	1.58
105.27933192640596	1.58
77.81751415245799	1.58
86.08340995477747	1.58
92.07100171139331	1.58
105.27933192640596	1.58
83.97965007276298	1.58
82.88518093829302	1.58
88.04204705691282	1.58
108.37033959228242	1.58
83.95979648856593	1.58
82.94313466296452	1.58
70.99215353966711	1.58
108.37033959228242	1.58
90.5487796699832	1.58
82.94313466296452	1.58
70.99215353966711	1.58
109.92573107712866	1.58
97.35803180598444	1.58
79.46316291372331	1.58
70.99215353966711	1.58
126.264970916314	1.58
90.55562156602977	1.58
79.46316291372331	1.58
82.64221756432212	1.58
141.00298082286872	1.58
95.67384266142133	1.58
78.33997072924494	1.58
72.76421665717365	1.58
154.55323882096553	1.58
117.73603581402733	1.58
78.33997072924494	1.58
85.54879026774437	1.58
122.50079761407181	1.58
100.14477287410821	1.58
78.33997072924494	1.58
76.09896487875444	1.58
103.21844361965714	1.58
90.2728664710988	1.58
71.5308368611066	1.58
80.57919221625535	1.58
124.07573402725359	1.58
96.95200912801295	1.58
71.5308368611066	1.58
82.27760954179669	1.58
143.72548311735534	1.58
110.71594669537959	1.58
71.5308368611066	1.58
82.27760954179669	1.58
131.93613972527118	1.58
118.14208689017269	1.58
79.66799237239734	1.58
82.27760954179669	1.58
147.71785111263117	1.58
146.27636442141122	1.58
73.2058355238922	1.58
82.27760954179669	1.58
148.21434005389548	1.58
146.27636442141122	1.58
74.51465017584741	1.58
82.27760954179669	1.58
124.70607007042861	1.58
146.27636442141122	1.58
74.51465017584741	1.58
82.27760954179669	1.58
148.54080689174359	1.58
146.27636442141122	1.58
69.1622701157173	1.58
82.27760954179669	1.58
148.54080689174359	1.58
146.27636442141122	1.58
69.1622701157173	1.58
82.27760954179669	1.58
148.54080689174359	1.58
130.71101265860906	1.58
69.06205600345537	1.58
101.42271547558707	1.58
123.27655807782006	1.58
126.12532149071865	1.58
85.92589522617735	1.58
101.42271547558707	1.58
123.27655807782006	1.58
118.40636051224226	1.58
85.92589522617735	1.58
87.95371684213094	1.58
144.49952348118632	1.58
121.32585660384103	1.58
85.92589522617735	1.58
83.2883965104134	1.58
144.49952348118632	1.58
137.77192248609697	1.58
83.30579778582926	1.58
70.57814719208277	1.58
144.49952348118632	1.58
113.47039190835409	1.58
108.86589313468319	1.58
70.57814719208277	1.58
144.49952348118632	1.58
108.85939327142455	1.58
108.86589313468319	1.58
70.57814719208277	1.58
144.49952348118632	1.58
108.85939327142455	1.58
108.86589313468319	1.58
70.57814719208277	1.58
157.68630608299839	1.58
108.86136863377365	1.58
102.41919783069406	1.58
70.57814719208277	1.58
157.68630608299839	1.58
112.43361977707659	1.58
125.40758821239271	1.58
70.57814719208277	1.58
145.94403845998596	1.58
93.9445527442305	1.58
126.17791556099375	1.58
70.57814719208277	1.58
151.53395965970228	1.58
93.9445527442305	1.58
120.14247081000555	1.58
70.57814719208277	1.58
151.53395965970228	1.58
106.40702305440621	1.58
120.14247081000555	1.58
70.57814719208277	1.58
147.25491610138394	1.58
106.40702305440621	1.58
112.54635490209927	1.58
70.57814719208277	1.58
147.25491610138394	1.58
106.77322285589305	1.58
113.49644699331324	1.58
89.8900750323142	1.58
147.25491610138394	1.58
106.77322285589305	1.58
113.71304791578414	1.58
89.8900750323142	1.58
151.7628757630861	1.58
106.56705629559202	1.58
110.95369932071455	1.58
95.43615936216885	1.58
155.11588486069815	1.58
106.56705629559202	1.58
109.63694330644677	1.58
93.70255181162011	1.58
130.56212586481593	1.58
104.48250971730677	1.58
114.2479582299594	1.58
97.68977977019874	1.58
122.46218218547138	1.58
100.04356231816813	1.58
114.2479582299594	1.58
98.42796683662557	1.58
132.61458326182156	1.58
100.04356231816813	1.58
114.2479582299594	1.58
98.42796683662557	1.58
134.68675749033684	1.58
101.32155256066294	1.58
122.98443489857763	1.58
96.60537154782205	1.58
122.98007199414803	1.58
101.57182632283698	1.58
137.2447496102991	1.58
96.18320286191299	1.58
130.7462372622091	1.58
100.64586642561585	1.58
138.9714674937998	1.58
96.18320286191299	1.58
148.03397275575784	1.58
100.3737909052234	1.58
148.76995258555016	1.58
96.18320286191299	1.58
148.23163551776904	1.58
100.3737909052234	1.58
148.76995258555016	1.58
95.93083123498121	1.58
148.23163551776904	1.58
100.3737909052234	1.58
148.66847068987326	1.58
95.29298244056521	1.58
148.23163551776904	1.58
100.68182457475066	1.58
151.26894440879292	1.58
96.16578436318802	1.58
146.225014858831	1.58
100.74941751478305	1.58
153.87161471789562	1.58
95.18855293310726	1.58
146.225014858831	1.58
121.11946911204808	1.58
157.1175333363145	1.58
68.17748461787568	1.58
125.67409094238027	1.58
125.27825610832443	1.58
155.54926919130912	1.58
95.22723451267959	1.58
110.6472319802387	1.58
149.823002116835	1.58
157.96038112887743	1.58
95.93073882743334	1.58
97.91845056267807	1.58
129.49227004844303	1.58
157.96038112887743	1.58
95.93073882743334	1.58
99.11549586080994	1.58
106.14676070666874	1.58
145.79198835204386	1.58
95.93073882743334	1.58
76.81069534509544	1.58
108.43438517372884	1.58
145.79198835204386	1.58
93.35828193340758	1.58
76.81069534509544	1.58
108.43438517372884	1.58
114.99768186747852	1.58
81.77517826562034	1.58
76.81069534509544	1.58
117.72553660203904	1.58
108.47606741405994	1.58
83.82512805249306	1.58
76.81069534509544	1.58
111.92523447130696	1.58
108.63480894199843	1.58
84.02815696315416	1.58
76.81069534509544	1.58
111.92523447130696	1.58
109.47819168776486	1.58
81.70444426536034	1.58
76.81069534509544	1.58
112.1664248025672	1.58
106.23405090928284	1.58
83.03213124363425	1.58
76.82970236668342	1.58
116.54517925947157	1.58
106.23405090928284	1.58
80.80951237104844	1.58
78.80323574678351	1.58
117.02435586914319	1.58
103.30287958897334	1.58
82.54744189375263	1.58
78.80323574678351	1.58
141.38938626826524	1.58
108.39354318649069	1.58
79.54983323443014	1.58
78.80323574678351	1.58
141.38938626826524	1.58
108.39354318649069	1.58
79.78315866276972	1.58
86.30047607220877	1.58
130.42304692735792	1.58
108.39354318649069	1.58
79.78315866276972	1.58
91.7889384783501	1.58
108.07288459732834	1.58
108.39354318649069	1.58
73.96905609716418	1.58
91.7889384783501	1.58
108.07288459732834	1.58
108.39354318649069	1.58
73.96905609716418	1.58
93.41994940101682	1.58
113.77208736121412	1.58
108.39354318649069	1.58
73.96905609716418	1.58
93.41994940101682	1.58
114.78697111639438	1.58
102.85837077631689	1.58
82.43734838493002	1.58
84.46417886319244	1.58
130.70093726777367	1.58
102.8454389017429	1.58
81.39467206481973	1.58
84.46417886319244	1.58
138.63193718682595	1.58
112.16381646223999	1.58
82.13924621000517	1.58
84.54537049041096	1.58
138.63193718682595	1.58
90.8587173714757	1.58
80.48303786221534	1.58
88.48914253049253	1.58
138.63193718682595	1.58
83.44265797091712	1.58
80.48303786221534	1.58
90.52852731951243	1.58
123.20251007786999	1.58
83.44265797091712	1.58
82.16928363795971	1.58
92.3316787782535	1.58
123.20251007786999	1.58
75.62283482445616	1.58
84.64328410517727	1.58
96.20214699169618	1.58
123.20251007786999	1.58
75.62283482445616	1.58
101.81606968472597	1.58
91.47941118698955	1.58
115.4820457873928	1.58
78.36838924399116	1.58
100.94560256959485	1.58
96.204355307455	1.58
109.80723275507893	1.58
78.36838924399116	1.58
101.08756946383605	1.58
96.204355307455	1.58
115.4219899741132	1.58
78.36838924399116	1.58
90.59090292111163	1.58
100.47499582678523	1.58
142.75168570499795	1.58
78.36838924399116	1.58
90.59090292111163	1.58
98.72894729795217	1.58
130.3477573899985	1.58
78.36838924399116	1.58
90.59090292111163	1.58
96.09479029814837	1.58
131.8099615169282	1.58
78.36838924399116	1.58
85.17483062031287	1.58
101.03999189897755	1.58
131.8099615169282	1.58
78.36838924399116	1.58
90.44146034845102	1.58
99.48108836930824	1.58
143.6092818262042	1.58
71.13415345822627	1.58
90.44146034845102	1.58
98.57290790588652	1.58
143.6092818262042	1.58
71.13415345822627	1.58
88.73073483563942	1.58
107.7412653337555	1.58
132.14179060324423	1.58
71.13415345822627	1.58
75.42912242579709	1.58
109.82278616486897	1.58
142.91604198259603	1.58
71.13415345822627	1.58
82.39964502850029	1.58
109.98161513237643	1.58
112.67678914069617	1.58
71.13415345822627	1.58
82.39964502850029	1.58
109.98161513237643	1.58
137.25429966568424	1.58
91.61840394435488	1.58
82.39964502850029	1.58
105.0838418357965	1.58
147.85369709945252	1.58
89.59072489254397	1.58
82.39964502850029	1.58
105.0838418357965	1.58
147.85369709945252	1.58
89.59072489254397	1.58
83.05372851255397	1.58
105.0838418357965	1.58
141.73652717176162	1.58
92.83752476028936	1.58
70.7744845054043	1.58
106.93027266626277	1.58
141.73652717176162	1.58
75.47094085788319	1.58
70.7744845054043	1.58
110.5091578400046	1.58
157.89412508660791	1.58
75.47094085788319	1.58
70.7744845054043	1.58
148.32261994300512	1.58
150.20825453007305	1.58
75.47094085788319	1.58
81.7582251421732	1.58
148.32261994300512	1.58
141.7556576962063	1.58
75.47094085788319	1.58
113.04375632492054	1.58
132.3376286319009	1.58
141.7556576962063	1.58
75.47094085788319	1.58
96.39359898642738	1.58
112.76368947199904	1.58
141.7556576962063	1.58
78.02006634464574	1.58
85.35074665175506	1.58
107.61178443116924	1.58
141.7556576962063	1.58
78.02006634464574	1.58
85.35074665175506	1.58
97.67073574291025	1.58
132.97331832910493	1.58
76.96346916552493	1.58
85.15279728488969	1.58
94.34745017421326	1.58
112.07398913118615	1.58
76.96346916552493	1.58
77.30787614925913	1.58
90.16281963545143	1.58
97.2700097789792	1.58
78.33149575244764	1.58
79.77967180132256	1.58
93.69611351217267	1.58
97.2700097789792	1.58
74.59157234204486	1.58
79.77967180132256	1.58
84.63775215012089	1.58
91.89820964309726	1.58
78.5429103590868	1.58
75.34137877867059	1.58
83.49551409104691	1.58
87.66600699424221	1.58
75.56742507874394	1.58
78.40143233750209	1.58
79.82025029821614	1.58
89.08730498489516	1.58
75.69929689539207	1.58
69.94220455362671	1.58
80.52688204546136	1.58
82.41423884123176	1.58
77.54556212209081	1.58
69.94220455362671	1.58
76.3379028394324	1.58
86.44650849273879	1.58
77.75969764238134	1.58
70.1300495065815	1.58
76.14210646047111	1.58
82.63196052480406	1.58
77.1082485297443	1.58
68.69624567126398	1.58
80.17058757414843	1.58
85.46763992893986	1.58
70.8475033994635	1.58
76.61790641081298	1.58
78.46876595028705	1.58
94.06435439023089	1.58
77.83441349036305	1.58
79.30935314709406	1.58
78.45088434203996	1.58
108.7171492506113	1.58
77.83441349036305	1.58
79.98350964795614	1.58
78.20429748497185	1.58
99.8052310636071	1.58
77.95542270960573	1.58
79.97919756079298	1.58
78.20429748497185	1.58
93.4895119462346	1.58
78.02803220935206	1.58
69.73333035261439	1.58
84.88229607708497	1.58
93.4895119462346	1.58
78.02803220935206	1.58
69.73333035261439	1.58
89.71401870579898	1.58
97.51018434844738	1.58
70.82135728029523	1.58
69.73333035261439	1.58
83.6110550718923	1.58
113.41771113926183	1.58
70.82135728029523	1.58
69.73333035261439	1.58
84.25414147822526	1.58
113.28287015847751	1.58
67.55109436251794	1.58
69.73333035261439	1.58
83.03093194583936	1.58
113.28287015847751	1.58
67.83513472634444	1.58
88.69595673451542	1.58
80.00807110529725	1.58
118.73069003921263	1.58
67.83513472634444	1.58
88.69595673451542	1.58
80.8915479160564	1.58
105.4691496149999	1.58
67.83513472634444	1.58
88.69595673451542	1.58
84.05424507505865	1.58
105.4691496149999	1.58
65.96576604040789	1.58
92.53673542348743	1.58
100.99995010870552	1.58
101.28421870364612	1.58
65.96576604040789	1.58
90.14544342574189	1.58
101.97858535409726	1.58
106.72366038631326	1.58
75.78811265493766	1.58
89.02028056155652	1.58
102.12623806355641	1.58
106.72366038631326	1.58
75.78811265493766	1.58
83.31362375318719	1.58
96.04484319576798	1.58
131.72413118500282	1.58
75.78811265493766	1.58
106.11367464033549	1.58
91.46089740712944	1.58
125.76745962415853	1.58
83.38264857349733	1.58
104.45251373581488	1.58
80.80774165276908	1.58
125.76745962415853	1.58
83.38264857349733	1.58
122.46076897169891	1.58
79.35950371901677	1.58
154.24666179668301	1.58
86.13082935888626	1.58
134.97366326907843	1.58
77.58410777657977	1.58
156.65292514348175	1.58
85.59667736073827	1.58
134.3916374442908	1.58
77.58410777657977	1.58
156.65292514348175	1.58
86.6430289917739	1.58
120.4666846080888	1.58
76.62484142975669	1.58
156.65292514348175	1.58
88.13412270305977	1.58
156.97545124265466	1.58
76.62484142975669	1.58
156.41523857702504	1.58
87.45383374852733	1.58
157.1997362877865	1.58
73.06318080156225	1.58
156.41523857702504	1.58
100.29160586752553	1.58
157.1997362877865	1.58
73.06318080156225	1.58
156.41523857702504	1.58
100.29160586752553	1.58
157.20019019692563	1.58
73.06318080156225	1.58
156.41523857702504	1.58
100.29160586752553	1.58
157.47404021040353	1.58
73.06318080156225	1.58
129.1480661333594	1.58
110.84130592111751	1.58
153.80329551291143	1.58
73.06318080156225	1.58
128.6253171320731	1.58
136.5884178745089	1.58
149.06206059413913	1.58
94.86557010188122	1.58
127.15366142166248	1.58
157.29912018371135	1.58
135.0810685749293	1.58
72.73723088366518	1.58
117.67360257802989	1.58
157.29912018371135	1.58
130.83419950786174	1.58
75.79241118562541	1.58
123.09318861120421	1.58
157.29912018371135	1.58
131.1346817045405	1.58
75.79241118562541	1.58
95.93867357972603	1.58
157.29912018371135	1.58
153.10778461683793	1.58
75.79241118562541	1.58
95.93867357972603	1.58
137.0963245213072	1.58
153.10778461683793	1.58
75.79241118562541	1.58
95.93867357972603	1.58
137.0963245213072	1.58
132.26038681469626	1.58
75.79241118562541	1.58
105.99289734200663	1.58
146.1565499441432	1.58
142.92605940120092	1.58
75.79241118562541	1.58
105.99289734200663	1.58
133.93079480466315	1.58
110.70346172726153	1.58
75.79241118562541	1.58
106.27980157711897	1.58
126.61500050830719	1.58
110.69498279349287	1.58
75.79241118562541	1.58
107.20430086090977	1.58
137.59335054924438	1.58
111.17426555339199	1.58
75.79241118562541	1.58
106.28539030515199	1.58
137.59335054924438	1.58
95.37672283539034	1.58
75.79241118562541	1.58
109.7661203609964	1.58
134.92936135996013	1.58
86.24055716529487	1.58
76.62548072807495	1.58
113.50641985917215	1.58
128.6099507622406	1.58
71.94830280797565	1.58
76.62548072807495	1.58
126.09689772672294	1.58
154.08016070697514	1.58
71.94830280797565	1.58
76.62548072807495	1.58
101.33810802396047	1.58
154.08016070697514	1.58
71.33402099850935	1.58
107.53655219015462	1.58
95.43894366104163	1.58
144.32415931812378	1.58
71.33402099850935	1.58
123.3473294453726	1.58
86.64455251639538	1.58
144.32415931812378	1.58
76.2032016752672	1.58
124.23589515298764	1.58
94.335809325779	1.58
144.32415931812378	1.58
76.79925792796502	1.58
132.18616852945075	1.58
102.53717993921586	1.58
141.80738733754927	1.58
76.79925792796502	1.58
132.18616852945075	1.58
93.26794079172092	1.58
147.52722767895165	1.58
101.00775911129202	1.58
132.18616852945075	1.58
109.62018500034605	1.58
147.52722767895165	1.58
107.56678087501277	1.58
148.04412861880192	1.58
111.5743942584708	1.58
147.52722767895165	1.58
69.50491513657478	1.58
148.2073095721875	1.58
111.5743942584708	1.58
147.4589698651551	1.58
69.50491513657478	1.58
148.47595778233114	1.58
111.5743942584708	1.58
147.4589698651551	1.58
82.28181338483165	1.58
127.74668326456018	1.58
105.40607651446552	1.58
156.1902644738175	1.58
82.28181338483165	1.58
113.3430081334104	1.58
101.69268225605464	1.58
156.1902644738175	1.58
83.89252732385239	1.58
101.53801012211277	1.58
109.9416657829001	1.58
156.1902644738175	1.58
83.89252732385239	1.58
101.53801012211277	1.58
89.49891567388086	1.58
156.1902644738175	1.58
81.51863878626061	1.58
101.53801012211277	1.58
90.64790251584252	1.58
156.1902644738175	1.58
85.72537770181357	1.58
114.33177973038454	1.58
93.88426421412471	1.58
156.1902644738175	1.58
78.04897945873071	1.58
145.29992161700852	1.58
93.88426421412471	1.58
156.1902644738175	1.58
72.6982911953138	1.58
145.29992161700852	1.58
93.88426421412471	1.58
157.17410219352226	1.58
72.6982911953138	1.58
145.47274221856617	1.58
80.15924663779091	1.58
157.17410219352226	1.58
72.6982911953138	1.58
145.47274221856617	1.58
80.15924663779091	1.58
157.17410219352226	1.58
72.6982911953138	1.58
145.47274221856617	1.58
76.80360202892284	1.58
158.16639850863746	1.58
72.6982911953138	1.58
145.47274221856617	1.58
79.26445299617588	1.58
158.16639850863746	1.58
75.47761059720402	1.58
157.37583222841516	1.58
79.06257221438989	1.58
158.16639850863746	1.58
76.09877761803733	1.58
157.53363492387447	1.58
93.80125838983616	1.58
158.16639850863746	1.58
76.09877761803733	1.58
157.68204585288078	1.58
100.10403270079549	1.58
158.05736014837305	1.58
84.01316530392789	1.58
157.33816544656	1.58
103.05007853058584	1.58
158.05736014837305	1.58
76.90691209084096	1.58
157.38095044892196	1.58
103.05007853058584	1.58
155.88174529215348	1.58
76.90691209084096	1.58
157.37556854637324	1.58
126.58088211251543	1.58
157.0706126075915	1.58
76.90691209084096	1.58
157.66973152010593	1.58
139.13855161300967	1.58
157.0706126075915	1.58
80.26067682034824	1.58
158.05187352490012	1.58
147.06333735301075	1.58
156.41958644304444	1.58
80.26067682034824	1.58
157.82958455343984	1.58
133.49272629730066	1.58
155.3422531069123	1.58
80.26067682034824	1.58
139.19724745244363	1.58
145.38933105806092	1.58
155.3422531069123	1.58
80.26067682034824	1.58
125.86585727595187	1.58
145.38933105806092	1.58
154.83467051836683	1.58
80.26067682034824	1.58
126.36136313813422	1.58
145.38933105806092	1.58
154.83467051836683	1.58
82.4555893597713	1.58
112.74748622183293	1.58
145.38933105806092	1.58
154.83467051836683	1.58
82.4555893597713	1.58
79.8600245619372	1.58
141.7242487089236	1.58
154.83467051836683	1.58
82.4555893597713	1.58
78.29029213744796	1.58
142.83624347993884	1.58
156.31426441834034	1.58
99.84673068023167	1.58
78.29029213744796	1.58
151.19372820843617	1.58
156.31426441834034	1.58
99.84673068023167	1.58
78.29029213744796	1.58
152.62285302930843	1.58
156.31426441834034	1.58
99.84673068023167	1.58
78.29029213744796	1.58
152.62285302930843	1.58
155.430274019268	1.58
96.42746624985546	1.58
78.29029213744796	1.58
152.62285302930843	1.58
154.57042661707445	1.58
88.25951053657045	1.58
69.64699395513449	1.58
151.2351818547979	1.58
154.57042661707445	1.58
88.05456240902133	1.58
102.44552230576497	1.58
139.3296091729183	1.58
148.00130245044306	1.58
84.19762207411351	1.58
69.89072406815104	1.58
148.86382918420856	1.58
147.52355828669621	1.58
84.19762207411351	1.58
85.39752799551617	1.58
148.22513217786195	1.58
147.6883948866921	1.58
71.461944353091	1.58
101.51066110918615	1.58
151.37426047561746	1.58
147.6883948866921	1.58
71.461944353091	1.58
103.01472159033034	1.58
151.37426047561746	1.58
148.60484115307372	1.58
71.461944353091	1.58
87.91970744380254	1.58
151.37426047561746	1.58
149.29969002187633	1.58
71.461944353091	1.58
87.91970744380254	1.58
152.4927237564392	1.58
150.86935561513607	1.58
85.79535572115174	1.58
87.91970744380254	1.58
151.6994314034154	1.58
150.2485704099253	1.58
85.79535572115174	1.58
88.79702805446799	1.58
151.6994314034154	1.58
149.61960648305467	1.58
85.79535572115174	1.58
90.60920623507927	1.58
152.88220393412917	1.58
149.61960648305467	1.58
86.9491585730432	1.58
89.00893511192407	1.58
155.8521010134026	1.58
150.60524706112437	1.58
86.9491585730432	1.58
93.72716826382158	1.58
155.8521010134026	1.58
149.22266518035596	1.58
86.9491585730432	1.58
80.82985423769658	1.58
155.8521010134026	1.58
149.22266518035596	1.58
86.9491585730432	1.58
80.82985423769658	1.58
155.50875912607907	1.58
145.92797123069545	1.58
90.04728780530948	1.58
80.82985423769658	1.58
151.36980522362114	1.58
147.75863022933524	1.58
92.9786400647923	1.58
80.74499948360935	1.58
150.6191972660451	1.58
148.69187207441786	1.58
97.34363431081091	1.58
77.69134784428903	1.58
150.6191972660451	1.58
148.07490421743694	1.58
96.31220377189959	1.58
81.14761092158804	1.58
150.6191972660451	1.58
148.4178817204134	1.58
90.68032944534119	1.58
72.8519529372063	1.58
150.6191972660451	1.58
148.82407189518474	1.58
90.68032944534119	1.58
72.8519529372063	1.58
150.7725775507589	1.58
148.82407189518474	1.58
82.80795571427984	1.58
72.8519529372063	1.58
130.11459124383438	1.58
148.82407189518474	1.58
88.53920051344132	1.58
72.8519529372063	1.58
146.00712825332576	1.58
151.35132124744433	1.58
102.22303168489547	1.58
80.33596469910313	1.58
147.7032090315391	1.58
151.24137085747424	1.58
75.07046935763769	1.58
105.23744487865119	1.58
147.7032090315391	1.58
145.00044734480622	1.58
69.56594142558136	1.58
82.37197704926513	1.58
147.7032090315391	1.58
145.00044734480622	1.58
69.56594142558136	1.58
68.97805395922674	1.58
138.2758496358171	1.58
145.00044734480622	1.58
69.91421163870886	1.58
69.40282647277303	1.58
141.54569333317403	1.58
145.00044734480622	1.58
69.74569410268289	1.58
69.45665944159823	1.58
141.54569333317403	1.58
145.00044734480622	1.58
98.23146954992245	1.58
83.39220273590514	1.58
128.32191334285048	1.58
145.00044734480622	1.58
98.23146954992245	1.58
78.67645448916672	1.58
119.83874664316554	1.58
139.8393847813735	1.58
88.82992628205227	1.58
70.57560518830135	1.58
133.18929607897425	1.58
141.2864226240339	1.58
86.59982859744369	1.58
104.744304537116	1.58
133.59777825413485	1.58
138.52044554336862	1.58
86.59982859744369	1.58
104.744304537116	1.58
129.34492862551636	1.58
142.38237389068354	1.58
94.10773139072364	1.58
116.91414276508877	1.58
126.15617277372233	1.58
144.18175796271308	1.58
83.29152989226043	1.58
116.91414276508877	1.58
133.3951203661421	1.58
134.68773040998758	1.58
83.29152989226043	1.58
121.6393488666571	1.58
133.03909574835873	1.58
134.68773040998758	1.58
95.03007739923123	1.58
114.30756583890927	1.58
133.17527390146418	1.58
135.33279454859172	1.58
99.50412925396978	1.58
98.1247324080069	1.58
132.37736734065692	1.58
135.33279454859172	1.58
99.7568854917663	1.58
98.38223021263363	1.58
132.85206878963976	1.58
137.18713953263386	1.58
99.7568854917663	1.58
98.16514643201431	1.58
149.05241560170128	1.58
133.65425105393223	1.58
97.98689226278717	1.58
98.23605570660374	1.58
129.85935658441718	1.58
135.23854259179834	1.58
109.27928631374824	1.58
94.28428059213704	1.58
120.63875003538631	1.58
135.23854259179834	1.58
102.1989235842959	1.58
98.83319041564519	1.58
116.70712742853378	1.58
129.37488127186546	1.58
105.00484756222987	1.58
95.31116850215376	1.58
121.558841439067	1.58
131.11024288270175	1.58
110.07824465146088	1.58
100.85467329901479	1.58
129.78631714496305	1.58
117.64608625918964	1.58
110.07824465146088	1.58
97.95873077344118	1.58
128.84495819337243	1.58
125.08574085315492	1.58
110.07824465146088	1.58
100.1971583412201	1.58
130.7163957525731	1.58
125.13515074515345	1.58
107.97203115778443	1.58
104.04667487499025	1.58
133.73775496642875	1.58
119.0436435175561	1.58
100.13197102787983	1.58
104.63383570531968	1.58
131.52357620839587	1.58
113.64365685380966	1.58
100.23986734953067	1.58
102.77866544028963	1.58
131.52357620839587	1.58
113.80697663703145	1.58
104.27992169153273	1.58
99.8619116301457	1.58
154.9961368795578	1.58
118.0321312384534	1.58
104.92132480659599	1.58
86.88130313352164	1.58
154.9961368795578	1.58
127.299777581915	1.58
106.8172465295873	1.58
86.88130313352164	1.58
152.93509643045394	1.58
104.34929174229326	1.58
110.33225397808987	1.58
71.0916534097571	1.58
152.93509643045394	1.58
108.10935428549486	1.58
142.63119289417904	1.58
71.0916534097571	1.58
147.14087965792618	1.58
108.10935428549486	1.58
140.21324516776673	1.58
71.0916534097571	1.58
147.14087965792618	1.58
108.10935428549486	1.58
140.21324516776673	1.58
71.0916534097571	1.58
147.14087965792618	1.58
133.9743983232779	1.58
140.21324516776673	1.58
71.0916534097571	1.58
140.59359685613856	1.58
133.56601452127043	1.58
132.3214719822177	1.58
71.0916534097571	1.58
139.3009929272448	1.58
131.47259683138338	1.58
132.563138962386	1.58
71.0916534097571	1.58
143.27067030918607	1.58
148.91846596666335	1.58
132.563138962386	1.58
100.6423412670739	1.58
145.92425251677588	1.58
149.15583846974377	1.58
141.01971901286805	1.58
92.11624848651766	1.58
145.087516620546	1.58
151.66159187991332	1.58
141.01971901286805	1.58
92.11624848651766	1.58
148.34497667787085	1.58
151.66159187991332	1.58
139.54523748550616	1.58
66.54304703375328	1.58
149.31996189064122	1.58
151.66159187991332	1.58
140.80496513516758	1.58
77.39108292440285	1.58
148.49179082108137	1.58
152.37494345563135	1.58
140.80496513516758	1.58
77.39108292440285	1.58
149.76465905009601	1.58
154.73405471875859	1.58
113.84664909344038	1.58
70.34166154372434	1.58
149.76465905009601	1.58
153.45802674879204	1.58
131.58906443923334	1.58
102.2625715155915	1.58
148.19899614527267	1.58
129.2664951974868	1.58
134.86272423729912	1.58
102.2625715155915	1.58
153.93050187889216	1.58
133.5426145565485	1.58
133.66337157808474	1.58
102.2625715155915	1.58
151.80650301547692	1.58
128.52486687226286	1.58
126.10066508576244	1.58
77.47209227022188	1.58
151.80650301547692	1.58
103.62866608734221	1.58
140.15464556576487	1.58
77.47209227022188	1.58
151.80650301547692	1.58
103.62866608734221	1.58
111.56919438402903	1.58
84.2627643145502	1.58
151.80650301547692	1.58
69.45945270931287	1.58
128.71353173829678	1.58
94.55932212129323	1.58
149.37526457478555	1.58
69.45945270931287	1.58
121.2560345691639	1.58
96.30955286344314	1.58
126.17207235735737	1.58
71.41104798708318	1.58
116.56748715591061	1.58
86.63744238197374	1.58
126.17207235735737	1.58
71.41104798708318	1.58
115.16501561632273	1.58
91.83573972121782	1.58
127.12139326176228	1.58
71.41104798708318	1.58
118.56787738863592	1.58
82.59479734643847	1.58
99.64653685011203	1.58
71.41104798708318	1.58
111.08077387574917	1.58
80.76386102324632	1.58
102.51215615429788	1.58
69.4135347277169	1.58
99.44237503468447	1.58
83.58511483362406	1.58
101.81105407146374	1.58
69.4135347277169	1.58
97.6321901994413	1.58
79.24338748937205	1.58
129.2248292271213	1.58
69.4135347277169	1.58
95.78197439136308	1.58
79.24338748937205	1.58
129.2248292271213	1.58
69.4135347277169	1.58
105.27137167581488	1.58
71.2198903439737	1.58
128.88536579827058	1.58
69.4135347277169	1.58
117.44424956912998	1.58
71.2198903439737	1.58
128.88536579827058	1.58
69.4135347277169	1.58
117.44424956912998	1.58
72.47929627832644	1.58
125.68799207060755	1.58
69.4135347277169	1.58
108.58148796764891	1.58
72.83186194950464	1.58
118.28580310324585	1.58
69.4135347277169	1.58
107.34699265505401	1.58
72.83186194950464	1.58
114.00665479738191	1.58
70.94312602954541	1.58
95.47398959094308	1.58
68.16420402635366	1.58
123.76525354019618	1.58
70.94312602954541	1.58
84.87444009493544	1.58
68.16420402635366	1.58
103.81010647212861	1.58
72.98518887675459	1.58
81.99286612233934	1.58
74.71149850651909	1.58
103.81010647212861	1.58
72.98518887675459	1.58
81.99286612233934	1.58
72.00230355521278	1.58
102.37497017863275	1.58
72.76537518135781	1.58
80.13606532138002	1.58
72.28240648218889	1.58
102.37497017863275	1.58
72.76537518135781	1.58
83.14602119659317	1.58
72.28240648218889	1.58
90.68650215575582	1.58
73.24379112641046	1.58
83.14602119659317	1.58
72.28240648218889	1.58
97.76993018476338	1.58
73.24379112641046	1.58
85.75620146124155	1.58
72.28240648218889	1.58
97.76993018476338	1.58
73.64071512774551	1.58
88.3236602854186	1.58
72.28240648218889	1.58
100.86990894544952	1.58
73.64071512774551	1.58
82.36507645766491	1.58
72.28240648218889	1.58
100.86990894544952	1.58
73.70139938874415	1.58
89.53186805614098	1.58
71.91237275699245	1.58
101.38345751769852	1.58
73.9316146354216	1.58
97.97857528839913	1.58
71.91237275699245	1.58
115.61826216164766	1.58
73.9316146354216	1.58
106.6078176527267	1.58
71.8499771234577	1.58
112.31223174407208	1.58
73.63170895907422	1.58
107.31324988079864	1.58
71.8499771234577	1.58
115.91072942226089	1.58
73.63170895907422	1.58
107.31324988079864	1.58
72.27303732390786	1.58
123.8401137478001	1.58
73.63170895907422	1.58
109.26756108546887	1.58
72.27303732390786	1.58
108.99895610508173	1.58
73.63170895907422	1.58
109.26756108546887	1.58
72.27303732390786	1.58
108.77752859229827	1.58
73.60919322517542	1.58
109.31042304348752	1.58
72.27303732390786	1.58
108.77752859229827	1.58
73.60919322517542	1.58
92.63445104929407	1.58
71.89786237664705	1.58
108.77752859229827	1.58
75.05765077180976	1.58
92.32377974161395	1.58
71.89786237664705	1.58
108.77752859229827	1.58
77.05942002244603	1.58
99.6607489990121	1.58
71.89786237664705	1.58
108.77752859229827	1.58
78.14973085194164	1.58
95.98227306312221	1.58
71.89786237664705	1.58
107.76606691746822	1.58
76.5652004737026	1.58
90.63458452375949	1.58
71.89786237664705	1.58
110.2240599036394	1.58
77.81902385249298	1.58
91.5302050331872	1.58
75.48432667745017	1.58
110.70672668472767	1.58
77.81902385249298	1.58
95.91576640793562	1.58
76.8944477672585	1.58
103.7057437898686	1.58
72.46779228723601	1.58
97.63565568914244	1.58
80.09070606146294	1.58
103.7057437898686	1.58
83.77384289602367	1.58
98.90575826758544	1.58
89.07285749989765	1.58
95.1144897312478	1.58
82.56957824351602	1.58
98.90575826758544	1.58
87.75269626273908	1.58
93.29728936299064	1.58
81.83095613521944	1.58
93.94438254615523	1.58
87.75269626273908	1.58
93.40911248274409	1.58
81.96743817152631	1.58
91.86342793701345	1.58
91.76438537537155	1.58
95.19631518189598	1.58
85.65753629382945	1.58
88.87312572462636	1.58
91.76438537537155	1.58
104.14471182016992	1.58
86.6686936311094	1.58
81.97062872561082	1.58
91.08392835443786	1.58
120.23927067857663	1.58
83.36921288912687	1.58
75.3508875844657	1.58
87.47088653420863	1.58
106.65004507356531	1.58
80.81318101712324	1.58
77.34330939474799	1.58
93.94187029557845	1.58
106.65004507356531	1.58
77.04674879431272	1.58
69.89194976018103	1.58
106.14495674684404	1.58
106.65004507356531	1.58
77.04674879431272	1.58
86.65945490221904	1.58
92.2908947115955	1.58
114.6152348814466	1.58
71.12607182629924	1.58
86.65945490221904	1.58
93.84434283732232	1.58
130.63011455721238	1.58
70.21537272162078	1.58
80.69866157693644	1.58
89.6214483949527	1.58
144.87075347413656	1.58
70.21537272162078	1.58
85.43134413901666	1.58
106.93464932784153	1.58
134.18293022028814	1.58
76.54042008100888	1.58
96.46508234242957	1.58
107.56300129731207	1.58
134.80129042580216	1.58
74.77162107162847	1.58
88.35986601271264	1.58
105.69016787406082	1.58
141.76065968233092	1.58
83.86258512255122	1.58
83.2347019247917	1.58
105.69016787406082	1.58
141.76065968233092	1.58
83.86258512255122	1.58
83.2347019247917	1.58
105.69016787406082	1.58
115.97128360986613	1.58
83.86258512255122	1.58
89.90117725247961	1.58
105.69016787406082	1.58
114.17926384334339	1.58
73.36316674978696	1.58
88.61964095975009	1.58
105.69016787406082	1.58
130.32129323124232	1.58
86.25846742844438	1.58
89.62832867610528	1.58
107.60343890695962	1.58
119.05616508459033	1.58
86.25846742844438	1.58
89.62832867610528	1.58
107.60343890695962	1.58
141.85766179874182	1.58
95.06089373281738	1.58
70.759708292588	1.58
128.03181465485864	1.58
142.9351105436433	1.58
85.32246732358755	1.58
78.93988640966931	1.58
128.03181465485864	1.58
142.9351105436433	1.58
77.65605801759779	1.58
85.12161493834853	1.58
118.7264777696671	1.58
125.67389861382237	1.58
78.31076337880867	1.58
85.12161493834853	1.58
119.63246157101682	1.58
127.51179962104314	1.58
78.31076337880867	1.58
86.80590240361016	1.58
147.10644166389477	1.58
116.67749692402725	1.58
104.21016135125981	1.58
108.02845228572633	1.58
147.10644166389477	1.58
125.0380328807485	1.58
104.21016135125981	1.58
89.15041575675617	1.58
147.10644166389477	1.58
133.98266751310354	1.58
86.14966089314967	1.58
77.92534462076216	1.58
123.77389523219608	1.58
133.98266751310354	1.58
86.14966089314967	1.58
77.92534462076216	1.58
123.77389523219608	1.58
112.39014349188409	1.58
74.84293782284158	1.58
65.98554374272126	1.58
155.1789572552351	1.58
141.60786345654464	1.58
74.84293782284158	1.58
65.98554374272126	1.58
132.08087799881008	1.58
112.12224185100268	1.58
74.84293782284158	1.58
85.36453294374562	1.58
133.07211301060232	1.58
110.93342170200808	1.58
84.960989333585	1.58
90.12102658725246	1.58
123.28364287838019	1.58
109.0851553593317	1.58
84.960989333585	1.58
94.66026069240914	1.58
134.22267180935452	1.58
108.94492840555199	1.58
84.960989333585	1.58
86.99606597007958	1.58
134.22267180935452	1.58
110.96822288194083	1.58
80.0887002467455	1.58
95.34677856174851	1.58
131.32450951376714	1.58
106.59821865354358	1.58
80.0887002467455	1.58
95.00861217178374	1.58
111.0827230316676	1.58
112.54751092880527	1.58
89.05837176027202	1.58
83.60407396850083	1.58
111.0827230316676	1.58
130.6483875883303	1.58
98.8738926845921	1.58
83.15300051599199	1.58
119.02283631865978	1.58
130.6483875883303	1.58
72.41882762315825	1.58
84.90194364532668	1.58
146.99959098314653	1.58
140.65306592364337	1.58
72.41882762315825	1.58
84.90194364532668	1.58
120.69861790349637	1.58
140.65306592364337	1.58
92.58378541176577	1.58
84.90194364532668	1.58
140.07999043098783	1.58
115.6433551470426	1.58
87.1519285369026	1.58
77.24728318243176	1.58
140.07999043098783	1.58
135.54792471532164	1.58
107.32055170824377	1.58
77.24728318243176	1.58
156.23765735463945	1.58
156.4965857846615	1.58
107.32055170824377	1.58
109.94252773129114	1.58
156.1602105439983	1.58
156.4965857846615	1.58
100.98842245745499	1.58
77.4771437441151	1.58
156.1602105439983	1.58
134.0483003953453	1.58
96.33560582367049	1.58
74.79628325196347	1.58
156.1602105439983	1.58
155.50344683564256	1.58
69.00914855644695	1.58
74.79628325196347	1.58
156.1602105439983	1.58
123.1807018471367	1.58
86.39362457173027	1.58
74.79628325196347	1.58
156.1602105439983	1.58
133.1912536677925	1.58
94.35079687276865	1.58
81.99631241318336	1.58
156.1602105439983	1.58
133.1912536677925	1.58
94.35079687276865	1.58
81.99631241318336	1.58
156.1602105439983	1.58
127.00278447894968	1.58
69.97209544129305	1.58
87.68590694415691	1.58
127.35625819302544	1.58
127.00278447894968	1.58
69.97209544129305	1.58
77.82558869558117	1.58
153.10016261988258	1.58
133.21265565665794	1.58
69.97209544129305	1.58
83.54234517877944	1.58
153.10016261988258	1.58
133.21265565665794	1.58
69.97209544129305	1.58
86.98950109998223	1.58
153.10016261988258	1.58
103.06086507268188	1.58
69.97209544129305	1.58
75.43605787611818	1.58
127.03543870175318	1.58
94.18270385331336	1.58
75.61917164143111	1.58
81.74176219132877	1.58
115.96610971286731	1.58
106.11488297390727	1.58
75.61917164143111	1.58
88.10376325188045	1.58
136.9328781571694	1.58
106.95594366977156	1.58
75.61917164143111	1.58
88.10376325188045	1.58
136.9328781571694	1.58
106.95594366977156	1.58
75.61917164143111	1.58
88.10376325188045	1.58
138.5219104243661	1.58
108.84526093381723	1.58
81.20763065538726	1.58
75.47344662564251	1.58
156.0553309289907	1.58
99.49927811624357	1.58
68.87332070901913	1.58
65.44697060171156	1.58
147.3343982152967	1.58
88.12220881068802	1.58
73.12912569417426	1.58
77.63346931736783	1.58
147.3343982152967	1.58
87.16519271250651	1.58
105.04481606934382	1.58
70.91944179507739	1.58
151.01121260379307	1.58
73.29040038795189	1.58
107.35468051944642	1.58
69.18184036693187	1.58
132.92549881962452	1.58
79.24928253674832	1.58
102.60216031160502	1.58
70.95397482160456	1.58
132.92549881962452	1.58
83.71865210777091	1.58
102.63037191565118	1.58
70.95397482160456	1.58
131.59425497489357	1.58
83.71865210777091	1.58
96.37588965469575	1.58
91.36383147363756	1.58
140.28685972870326	1.58
81.23275716506554	1.58
77.41120345421913	1.58
91.36383147363756	1.58
157.60743330927352	1.58
82.73294080768204	1.58
75.19000978625097	1.58
97.71987301736534	1.58
148.87759457859892	1.58
78.50696096412634	1.58
73.72970332718346	1.58
97.71987301736534	1.58
148.87759457859892	1.58
82.43041181664336	1.58
94.36495355362312	1.58
111.64349616329443	1.58
139.22983548303017	1.58
81.220472644622	1.58
106.15907229128322	1.58
111.64349616329443	1.58
139.22983548303017	1.58
74.4541416381715	1.58
89.42767454905496	1.58
93.82836380262914	1.58
139.65359598342002	1.58
77.81752477523594	1.58
94.28517382594197	1.58
94.61315187050016	1.58
148.67071566841355	1.58
77.81752477523594	1.58
101.71343802284693	1.58
87.30369879084866	1.58
135.01907729177745	1.58
77.60272330626944	1.58
109.21941965972375	1.58
96.39493257841298	1.58
138.83567947557535	1.58
77.60272330626944	1.58
109.21941965972375	1.58
70.45819235710373	1.58
130.89315836626642	1.58
75.15404120537914	1.58
104.51470637885605	1.58
68.65423810003294	1.58
130.89315836626642	1.58
80.88603288990242	1.58
102.51595029179823	1.58
68.65423810003294	1.58
131.11014530481276	1.58
87.37719595735643	1.58
99.60386478403974	1.58
95.51523732490571	1.58
120.6188421375662	1.58
87.37719595735643	1.58
94.10534753963587	1.58
97.76110722864733	1.58
136.7068572167648	1.58
82.60290530960299	1.58
97.27795127152645	1.58
114.36035434211351	1.58
128.23733111991876	1.58
89.55330812608601	1.58
104.09184041714269	1.58
114.36035434211351	1.58
116.24357118902573	1.58
92.64678030569901	1.58
104.09184041714269	1.58
112.75134548550326	1.58
119.16001702766516	1.58
87.16894991552458	1.58
93.45862417911371	1.58
110.90493301850857	1.58
134.95475802301942	1.58
81.92172166434098	1.58
98.04985417507649	1.58
110.90493301850857	1.58
136.02313777683932	1.58
78.80289437775886	1.58
92.74527320770645	1.58
105.77603219076329	1.58
144.5715798180726	1.58
81.50919120941151	1.58
87.87893975132175	1.58
89.41026313708673	1.58
144.5715798180726	1.58
79.58495238214651	1.58
109.22508084413538	1.58
80.85909328383933	1.58
144.5715798180726	1.58
79.85837877959334	1.58
101.9303075905322	1.58
80.89837644859908	1.58
138.01633770026325	1.58
79.85837877959334	1.58
103.8016451771887	1.58
80.70591425822255	1.58
125.62661981788078	1.58
79.85837877959334	1.58
98.91350937705334	1.58
81.32613783588792	1.58
126.55856628740057	1.58
79.85837877959334	1.58
100.35897184433779	1.58
80.78523632627989	1.58
140.59208473444136	1.58
71.80553823862277	1.58
62.71336228655774	1.58
78.89218449770084	1.58
140.59208473444136	1.58
80.05689651539514	1.58
65.58072404074274	1.58
78.89218449770084	1.58
140.59208473444136	1.58
86.33529157771522	1.58
65.58072404074274	1.58
82.01735851306142	1.58
105.59860446089579	1.58
86.43347994750573	1.58
63.50515928612969	1.58
84.80980769612455	1.58
107.49476525301738	1.58
86.82245959881875	1.58
63.50515928612969	1.58
84.99186698751527	1.58
128.80770608673083	1.58
87.23074381775267	1.58
59.442375041031184	1.58
84.99186698751527	1.58
128.80770608673083	1.58
95.10875960283366	1.58
59.442375041031184	1.58
91.29849796546597	1.58
120.78901212604927	1.58
94.62252439855648	1.58
59.442375041031184	1.58
91.29849796546597	1.58
106.17843509017969	1.58
94.62252439855648	1.58
59.442375041031184	1.58
81.55690982499209	1.58
106.17843509017969	1.58
99.26296336570212	1.58
67.21620958535217	1.58
76.29881380348523	1.58
126.66544313830508	1.58
96.159245513516	1.58
67.21620958535217	1.58
76.29881380348523	1.58
106.38141078297068	1.58
96.159245513516	1.58
63.01962456022922	1.58
82.05137675500112	1.58
106.38141078297068	1.58
112.42333098961285	1.58
63.01962456022922	1.58
89.85734641743576	1.58
106.38141078297068	1.58
112.42333098961285	1.58
64.53144830372749	1.58
76.48835622526514	1.58
106.71400774206447	1.58
93.29656088464225	1.58
72.24223611291393	1.58
76.48835622526514	1.58
122.8574189971029	1.58
88.76237940869228	1.58
78.88450857324447	1.58
98.68053390971652	1.58
112.6997540096898	1.58
96.03530836830639	1.58
75.66048909810965	1.58
98.68053390971652	1.58
140.10246463598077	1.58
95.03717811023671	1.58
75.66048909810965	1.58
98.68053390971652	1.58
147.40195890921888	1.58
92.6119110183274	1.58
77.63798278759968	1.58
98.68053390971652	1.58
146.60669194261268	1.58
89.32733079651663	1.58
77.63798278759968	1.58
103.13029444080138	1.58
146.60669194261268	1.58
78.42645091032277	1.58
107.0346698497606	1.58
103.13029444080138	1.58
127.75130688862546	1.58
88.87026366691511	1.58
107.0346698497606	1.58
80.62432815716218	1.58
124.24783536883595	1.58
77.89632002091089	1.58
106.07666237267578	1.58
80.62432815716218	1.58
103.86072258760609	1.58
77.9806388537932	1.58
112.7632775092492	1.58
80.62432815716218	1.58
96.4556624534656	1.58
77.9806388537932	1.58
99.38145887619007	1.58
80.62432815716218	1.58
97.62892573828252	1.58
77.31105088777176	1.58
99.38145887619007	1.58
82.42434758779774	1.58
102.42508280321856	1.58
77.31105088777176	1.58
95.43991658908968	1.58
81.24733902575403	1.58
104.7595649675786	1.58
77.31105088777176	1.58
86.77195766459123	1.58
83.40132496114472	1.58
104.7595649675786	1.58
76.08960028255552	1.58
82.53792034962585	1.58
82.27799687750098	1.58
108.99692745082967	1.58
77.17165830104915	1.58
82.53792034962585	1.58
81.39019728757995	1.58
108.99692745082967	1.58
74.24610293313005	1.58
88.6170089588227	1.58
79.31916664031331	1.58
108.99692745082967	1.58
69.83781983854402	1.58
73.28499457224582	1.58
79.31916664031331	1.58
143.94126200249093	1.58
71.24331581087601	1.58
73.30921348301342	1.58
92.3050774058773	1.58
128.8598461671638	1.58
71.24331581087601	1.58
75.30596562201681	1.58
113.09308488040074	1.58
146.4433811731348	1.58
71.24331581087601	1.58
77.5317417374768	1.58
118.63320664278348	1.58
155.09511731653063	1.58
65.84413040745787	1.58
77.5317417374768	1.58
92.18321802808973	1.58
155.09511731653063	1.58
65.84413040745787	1.58
88.00760719776818	1.58
92.18321802808973	1.58
155.09511731653063	1.58
76.6033312257654	1.58
87.75535992537918	1.58
92.18321802808973	1.58
155.09511731653063	1.58
68.9762552037873	1.58
99.97673126858555	1.58
83.45164298906836	1.58
150.63164907291142	1.58
68.9762552037873	1.58
110.00003504178241	1.58
77.03785540292853	1.58
125.8015093026907	1.58
68.9762552037873	1.58
124.71337212402092	1.58
98.40125237429157	1.58
117.96061179355934	1.58
82.73892098334511	1.58
128.02719978475633	1.58
109.25913119364633	1.58
118.53317518788192	1.58
90.82832526073635	1.58
128.9923115946972	1.58
112.47968435625721	1.58
118.53317518788192	1.58
79.28054608675485	1.58
104.49481053710822	1.58
107.26750476726525	1.58
117.00301556566015	1.58
79.28054608675485	1.58
104.49481053710822	1.58
133.3418263382511	1.58
125.48807070574208	1.58
76.21031235761592	1.58
104.49481053710822	1.58
133.3418263382511	1.58
143.95799647532968	1.58
79.64212194884743	1.58
108.49550529003673	1.58
128.2484884341567	1.58
143.95799647532968	1.58
79.64212194884743	1.58
107.1671303276479	1.58
128.2484884341567	1.58
145.63270149058863	1.58
73.08232745164815	1.58
107.1671303276479	1.58
128.2484884341567	1.58
145.10082201582313	1.58
76.275544722716	1.58
77.52746122675346	1.58
128.2484884341567	1.58
152.99793295093417	1.58
75.35138589958851	1.58
77.52746122675346	1.58
126.79474536769061	1.58
142.83477909546687	1.58
75.29331375375477	1.58
79.27813076826413	1.58
122.56154332683765	1.58
138.34841578151074	1.58
75.29331375375477	1.58
82.10300754154554	1.58
140.3736823644831	1.58
137.94064076038373	1.58
76.53517089360939	1.58
108.1291717615082	1.58
140.37855996359633	1.58
137.90008434903726	1.58
88.68903683438879	1.58
108.1291717615082	1.58
139.8019325621027	1.58
138.33591543144806	1.58
69.63747993176658	1.58
85.53587455387327	1.58
139.86088862702059	1.58
138.56227085620452	1.58
72.55922554988788	1.58
96.10030216042128	1.58
140.37969988857066	1.58
118.32582415765424	1.58
72.55922554988788	1.58
104.67123173493965	1.58
123.2981544613709	1.58
125.15955806221352	1.58
88.87862599662643	1.58
111.56070705488571	1.58
139.2709118507839	1.58
118.60131565995519	1.58
104.28641560666185	1.58
114.82144639289706	1.58
122.69701496462179	1.58
118.52247335663124	1.58
97.33927363775467	1.58
112.85527485237272	1.58
142.45446690703085	1.58
127.63532600684468	1.58
96.31780181494912	1.58
117.57828821875754	1.58
122.49264527869968	1.58
129.38675782721538	1.58
96.6272992164803	1.58
117.57828821875754	1.58
123.605285761283	1.58
130.5237010824148	1.58
94.69166431611934	1.58
122.73601273034794	1.58
119.06961596859075	1.58
130.5237010824148	1.58
68.80449317911646	1.58
122.73601273034794	1.58
113.00597673630793	1.58
130.7198444220469	1.58
68.80449317911646	1.58
124.29744189429186	1.58
127.9168316829489	1.58
130.39411146944877	1.58
88.47028499526695	1.58
116.39211209591302	1.58
128.99620021522446	1.58
137.2103912748593	1.58
95.79057170688503	1.58
120.40831488475955	1.58
135.94883438489668	1.58
138.335716978619	1.58
98.51143090870843	1.58
129.92016660659158	1.58
136.38793737184017	1.58
141.27266778664404	1.58
98.51143090870843	1.58
126.24594792629236	1.58
137.05623185165808	1.58
144.76111159916474	1.58
102.32768483725158	1.58
118.25791996186794	1.58
152.10160529555745	1.58
140.48171447814062	1.58
99.3163444169506	1.58
115.03123713967642	1.58
152.10160529555745	1.58
137.0187478957463	1.58
112.41214499109606	1.58
115.07716036815025	1.58
140.91184337885937	1.58
153.2172677804063	1.58
106.3676624131964	1.58
115.68016525909941	1.58
138.26598774283866	1.58
153.2172677804063	1.58
97.64774407654997	1.58
113.5776942515148	1.58
138.60335981264654	1.58
155.84608055157946	1.58
97.23088459797216	1.58
123.14298286173171	1.58
134.6536613507186	1.58
155.84608055157946	1.58
83.02118657475833	1.58
139.92780724846506	1.58
126.67202552900642	1.58
155.84608055157946	1.58
83.02118657475833	1.58
139.92780724846506	1.58
126.67202552900642	1.58
152.77741037150076	1.58
83.02118657475833	1.58
139.92780724846506	1.58
126.67202552900642	1.58
152.77741037150076	1.58
94.8310018330609	1.58
128.0695386891955	1.58
133.67550067445453	1.58
152.77741037150076	1.58
73.14970707684355	1.58
106.47917463170631	1.58
133.67550067445453	1.58
146.65659348883472	1.58
73.14970707684355	1.58
92.28397823752562	1.58
130.988997788362	1.58
146.65659348883472	1.58
73.14970707684355	1.58
91.9096661869283	1.58
114.19874748964156	1.58
146.65659348883472	1.58
72.392703956819	1.58
91.9096661869283	1.58
114.19874748964156	1.58
146.65659348883472	1.58
72.392703956819	1.58
101.71937977725861	1.58
84.22470123591808	1.58
154.76014392866455	1.58
72.392703956819	1.58
101.71937977725861	1.58
84.84997647878141	1.58
154.76014392866455	1.58
72.392703956819	1.58
97.33645729340117	1.58
93.47230075953712	1.58
126.6941012826011	1.58
74.31613976601584	1.58
101.8701722589301	1.58
93.47230075953712	1.58
115.5355712378789	1.58
80.41973203027439	1.58
106.85869327137844	1.58
99.76455279936299	1.58
116.18754739464914	1.58
80.41973203027439	1.58
105.96907406155405	1.58
97.6786666562771	1.58
122.62957355849396	1.58
72.13899999680376	1.58
97.62886709689266	1.58
103.46036569209475	1.58
117.92664576424481	1.58
72.13899999680376	1.58
93.66422163678541	1.58
103.46036569209475	1.58
126.89948767996457	1.58
72.13899999680376	1.58
92.35657890704107	1.58
96.9181902623445	1.58
131.50044434729506	1.58
72.13899999680376	1.58
83.58864448730364	1.58
92.8934415452865	1.58
131.50044434729506	1.58
69.62513250439328	1.58
91.17097196154808	1.58
82.43066856912927	1.58
123.31459575815742	1.58
69.04584857535268	1.58
103.899549891466	1.58
76.2847486026052	1.58
120.22119519535036	1.58
72.8505833077561	1.58
106.37520758214896	1.58
74.80631447200003	1.58
119.4712444973636	1.58
72.8505833077561	1.58
110.39090958436137	1.58
75.48275310560162	1.58
128.02911198185305	1.58
72.51678540371216	1.58
110.39090958436137	1.58
75.48275310560162	1.58
128.02911198185305	1.58
88.88899071245278	1.58
110.39090958436137	1.58
81.94034785854826	1.58
123.48700770592174	1.58
75.07353066456895	1.58
116.32463893301588	1.58
85.38882905308522	1.58
108.06218154190208	1.58
75.07353066456895	1.58
145.52406628023306	1.58
90.83678182413637	1.58
120.78485807130883	1.58
72.46052162836554	1.58
127.02076140836343	1.58
102.164010975058	1.58
114.5802217595444	1.58
79.53205280911502	1.58
123.4467663842996	1.58
99.44214812663404	1.58
110.53681604182984	1.58
94.81098986925758	1.58
136.03992899202564	1.58
100.06590147641569	1.58
110.53681604182984	1.58
91.15353906010778	1.58
136.03992899202564	1.58
98.50135654991426	1.58
93.19458695591197	1.58
88.28220183463304	1.58
114.84170174237504	1.58
97.60992346089068	1.58
89.92762994974512	1.58
85.77063097649831	1.58
124.380228169449	1.58
95.3237303340575	1.58
84.89317857462927	1.58
85.77063097649831	1.58
117.69531042586586	1.58
92.9886099023163	1.58
79.89246250923347	1.58
79.80878528829294	1.58
114.70125870015536	1.58
98.53417680529657	1.58
77.15609641665145	1.58
73.13444033922953	1.58
112.97540156824107	1.58
105.66702518531844	1.58
77.15609641665145	1.58
73.13444033922953	1.58
101.42919481402261	1.58
106.08532795343734	1.58
79.92493205605243	1.58
75.36187555131737	1.58
99.67784657357849	1.58
106.08532795343734	1.58
79.92493205605243	1.58
90.51777938643232	1.58
109.0197740791366	1.58
101.71576362303034	1.58
79.92493205605243	1.58
76.405240650156	1.58
109.0197740791366	1.58
103.43721326993446	1.58
79.92493205605243	1.58
76.405240650156	1.58
105.14023904885568	1.58
115.80531625957778	1.58
86.14441842372293	1.58
76.405240650156	1.58
105.14023904885568	1.58
122.11117319029637	1.58
86.14441842372293	1.58
86.69845797937246	1.58
105.14023904885568	1.58
154.01622856085504	1.58
90.2606243542329	1.58
86.69845797937246	1.58
103.44186654184122	1.58
154.01622856085504	1.58
76.40861959885164	1.58
83.27408695233561	1.58
103.44186654184122	1.58
117.99351793318044	1.58
76.40861959885164	1.58
78.29758098569876	1.58
101.68975202839049	1.58
130.97948691300044	1.58
83.74085452401108	1.58
78.29758098569876	1.58
96.66051076488473	1.58
130.97948691300044	1.58
83.74085452401108	1.58
71.84693902380936	1.58
96.66051076488473	1.58
130.97948691300044	1.58
77.94829179847667	1.58
71.84693902380936	1.58
107.4805838005968	1.58
130.97948691300044	1.58
83.6346759912455	1.58
85.9870929250714	1.58
112.74781839733444	1.58
130.97948691300044	1.58
78.84145405780185	1.58
86.7497317317034	1.58
111.30181276363103	1.58
144.41091136808532	1.58
78.84145405780185	1.58
102.3167324283193	1.58
107.41750744934188	1.58
144.41091136808532	1.58
78.84145405780185	1.58
101.45352984941076	1.58
111.53911862356334	1.58
132.04489116504203	1.58
100.86089528136887	1.58
88.28775196664591	1.58
120.34014101778685	1.58
124.8899275802161	1.58
104.24969221398769	1.58
88.28775196664591	1.58
116.09652097372178	1.58
139.4339673862185	1.58
104.24969221398769	1.58
88.47840170337695	1.58
112.90021856335665	1.58
118.98075362708279	1.58
106.68695171998351	1.58
86.1903130737252	1.58
111.47504930599904	1.58
121.65907409011417	1.58
106.62922593770134	1.58
84.61905288072998	1.58
125.97654569143634	1.58
115.98827739475239	1.58
108.25860571508508	1.58
88.00533171570198	1.58
111.45654372958175	1.58
106.98059295974569	1.58
106.37397719087004	1.58
73.52512009253954	1.58
104.5878403293722	1.58
102.4636376745034	1.58
107.57148444224507	1.58
73.52512009253954	1.58
105.6681520092788	1.58
102.4636376745034	1.58
107.87004205992879	1.58
74.85274936979131	1.58
106.40198130405182	1.58
104.49632106143227	1.58
108.87769380579518	1.58
74.85274936979131	1.58
105.94694004798643	1.58
103.4594496240621	1.58
106.47150090635456	1.58
81.93290603818136	1.58
106.0405379416889	1.58
103.4594496240621	1.58
106.43237150532461	1.58
88.62876180683102	1.58
105.66418237551065	1.58
102.14950110295554	1.58
109.80054495752594	1.58
78.6849911623331	1.58
101.99279327668705	1.58
102.27328699164477	1.58
108.69966971801698	1.58
78.6849911623331	1.58
101.99279327668705	1.58
102.27328699164477	1.58
115.16326613805141	1.58
79.58261587026026	1.58
104.9732232881141	1.58
119.4114211614222	1.58
121.31497705383862	1.58
93.56889528709914	1.58
104.9732232881141	1.58
120.11613930207857	1.58
133.44286365094266	1.58
82.45205815855087	1.58
104.9732232881141	1.58
111.56416315628712	1.58
128.23141861665775	1.58
70.29003687410265	1.58
101.02545796270996	1.58
96.85274996052742	1.58
130.88619820122386	1.58
79.15085728367436	1.58
119.07418998659534	1.58
110.5145268297062	1.58
140.11190224382696	1.58
79.15085728367436	1.58
119.07418998659534	1.58
110.5145268297062	1.58
136.22600372909164	1.58
79.15085728367436	1.58
102.7088237986124	1.58
112.91654684470913	1.58
153.59558095415696	1.58
79.15085728367436	1.58
102.7088237986124	1.58
103.26819023679012	1.58
144.23981278711187	1.58
79.15085728367436	1.58
111.905796373249	1.58
106.2353146194451	1.58
129.89512551310332	1.58
86.38337684166073	1.58
105.37866031862598	1.58
100.84625814805985	1.58
152.31745477753938	1.58
89.71558774077447	1.58
105.37866031862598	1.58
109.57380619628046	1.58
153.546921893627	1.58
86.34731778639708	1.58
107.50292868911704	1.58
108.32348244508528	1.58
153.546921893627	1.58
92.59679244122923	1.58
103.31392036530754	1.58
108.32348244508528	1.58
153.546921893627	1.58
88.65747216144847	1.58
98.52072853379951	1.58
108.32348244508528	1.58
154.7978606592605	1.58
83.12268827090635	1.58
88.89939783599786	1.58
133.36505740980348	1.58
149.64917231321522	1.58
85.62564203669825	1.58
88.89939783599786	1.58
139.39598980326366	1.58
150.52422720381924	1.58
85.62564203669825	1.58
92.0876267304836	1.58
144.33649155906673	1.58
150.52422720381924	1.58
81.46660481176951	1.58
92.0876267304836	1.58
140.06793992767672	1.58
149.94749365803483	1.58
81.46660481176951	1.58
101.81222182121707	1.58
114.3986977875325	1.58
149.94749365803483	1.58
85.80747504461647	1.58
101.81222182121707	1.58
105.30791964295273	1.58
149.94749365803483	1.58
85.84345337288168	1.58
114.14220306677774	1.58
70.89353251834069	1.58
137.42034409962542	1.58
85.84345337288168	1.58
116.90158981583662	1.58
70.89353251834069	1.58
154.6530572909788	1.58
88.89904786257729	1.58
103.73242861597258	1.58
70.89353251834069	1.58
154.6530572909788	1.58
84.10522235856564	1.58
99.44749360091251	1.58
71.94767020611803	1.58
154.6530572909788	1.58
82.28866142122372	1.58
99.44749360091251	1.58
71.94767020611803	1.58
135.3968328888409	1.58
87.49550435894231	1.58
99.44749360091251	1.58
71.94767020611803	1.58
135.3968328888409	1.58
101.20601538307632	1.58
104.18592799986821	1.58
71.94767020611803	1.58
119.7983513572343	1.58
100.48896903065203	1.58
110.5493295729096	1.58
73.53642431139595	1.58
120.78565458790462	1.58
95.6920910378067	1.58
110.5493295729096	1.58
73.53642431139595	1.58
129.99714162009246	1.58
96.01805368714616	1.58
109.75329642001299	1.58
98.05852562631648	1.58
129.99714162009246	1.58
96.99815654059961	1.58
109.75329642001299	1.58
98.50242655830496	1.58
140.37497275927075	1.58
84.88222335030805	1.58
109.75329642001299	1.58
74.22458564147016	1.58
140.37497275927075	1.58
86.48847632020338	1.58
109.75329642001299	1.58
71.55296650710912	1.58
150.21284251136512	1.58
82.50829547540829	1.58
111.87400523990944	1.58
105.55343391769674	1.58
150.21284251136512	1.58
82.50829547540829	1.58
111.87400523990944	1.58
105.55343391769674	1.58
151.22402033724165	1.58
82.50829547540829	1.58
120.80734759702804	1.58
105.55343391769674	1.58
151.22402033724165	1.58
76.45716052651106	1.58
123.44514478956121	1.58
88.39421090566364	1.58
151.22402033724165	1.58
76.45716052651106	1.58
123.44514478956121	1.58
98.60408061489488	1.58
150.8490740089156	1.58
76.45716052651106	1.58
123.44514478956121	1.58
98.60408061489488	1.58
150.8490740089156	1.58
75.64524930029208	1.58
123.44514478956121	1.58
98.60408061489488	1.58
154.46621206457843	1.58
75.64524930029208	1.58
117.22008528577894	1.58
98.60408061489488	1.58
154.46621206457843	1.58
83.76359026086043	1.58
149.29020533920078	1.58
99.23881449649028	1.58
154.46621206457843	1.58
69.7753386846503	1.58
147.94861598655405	1.58
89.51571395393871	1.58
157.98964913447463	1.58
69.7753386846503	1.58
148.34296819000673	1.58
84.93279869876135	1.58
157.98964913447463	1.58
71.71324031692853	1.58
121.87621645180212	1.58
96.78002461766377	1.58
157.98964913447463	1.58
71.71324031692853	1.58
143.30498388906295	1.58
109.76061158022083	1.58
157.98964913447463	1.58
71.71324031692853	1.58
143.30498388906295	1.58
109.4216025582244	1.58
153.96658505446658	1.58
71.71324031692853	1.58
143.30498388906295	1.58
108.73302520343663	1.58
153.96658505446658	1.58
71.71324031692853	1.58
135.26757835858305	1.58
99.28976952276112	1.58
153.96658505446658	1.58
71.71324031692853	1.58
147.98853630502845	1.58
83.96447041061202	1.58
153.96658505446658	1.58
106.70767779481449	1.58
147.98853630502845	1.58
83.96447041061202	1.58
153.96658505446658	1.58
106.70767779481449	1.58
143.81037360821375	1.58
84.73337307090415	1.58
156.86355679694967	1.58
106.70767779481449	1.58
143.81037360821375	1.58
68.88071321553194	1.58
116.49560442187233	1.58
82.28690774817565	1.58
141.22571678341313	1.58
68.88071321553194	1.58
101.34714044980973	1.58
93.91311225410035	1.58
155.2971052531168	1.58
76.49859901310523	1.58
93.43616144520755	1.58
103.03518837199802	1.58
155.2971052531168	1.58
76.49859901310523	1.58
106.81216784293102	1.58
95.58118477913575	1.58
155.2971052531168	1.58
81.97177500918097	1.58
106.81216784293102	1.58
101.475084648754	1.58
155.2971052531168	1.58
86.0555709547722	1.58
106.81216784293102	1.58
105.3312472310322	1.58
155.2971052531168	1.58
77.01051397323114	1.58
106.81216784293102	1.58
105.3312472310322	1.58
155.2971052531168	1.58
77.01051397323114	1.58
102.22611203903799	1.58
109.1798065656017	1.58
155.2971052531168	1.58
77.01051397323114	1.58
102.22611203903799	1.58
138.4175716625692	1.58
155.41939995197043	1.58
77.01051397323114	1.58
126.64226010502476	1.58
138.4175716625692	1.58
155.41939995197043	1.58
77.01051397323114	1.58
113.91502726483463	1.58
138.4175716625692	1.58
156.31847599095897	1.58
83.08431477392065	1.58
109.56708456686852	1.58
114.2935094715857	1.58
143.37963500863592	1.58
69.1421349446839	1.58
80.31047403581849	1.58
107.29878949934488	1.58
143.37963500863592	1.58
87.82905363312881	1.58
72.81657446124295	1.58
86.69180429726254	1.58
143.37963500863592	1.58
87.82905363312881	1.58
75.16118602453031	1.58
114.81129069992875	1.58
143.37963500863592	1.58
85.69637364693256	1.58
81.21533927171176	1.58
114.81129069992875	1.58
143.37963500863592	1.58
85.69637364693256	1.58
81.21533927171176	1.58
107.45956303271478	1.58
141.4366139298596	1.58
85.61381731917928	1.58
78.2394059642058	1.58
107.92946163059364	1.58
141.4366139298596	1.58
82.95254214644626	1.58
79.07772019514474	1.58
107.92946163059364	1.58
154.66901689290836	1.58
86.1499683453107	1.58
72.96197357803426	1.58
107.13171273403067	1.58
154.66901689290836	1.58
86.1499683453107	1.58
69.7047430179102	1.58
72.04526637190342	1.58
154.66901689290836	1.58
91.8851454334448	1.58
69.7047430179102	1.58
74.00744704797964	1.58
138.98805887746	1.58
85.62272090189148	1.58
69.7047430179102	1.58
74.00744704797964	1.58
138.98805887746	1.58
87.93324064122162	1.58
79.88172237536696	1.58
74.00744704797964	1.58
138.98805887746	1.58
91.85054295315634	1.58
94.54938339920075	1.58
70.92942833676615	1.58
138.98805887746	1.58
89.32419842686011	1.58
78.6894291484063	1.58
70.92942833676615	1.58
134.6225253024368	1.58
102.74727980219802	1.58
78.6894291484063	1.58
70.92942833676615	1.58
121.73790108728267	1.58
117.790107416363	1.58
78.6894291484063	1.58
93.98037400552899	1.58
140.84254359300306	1.58
115.06168722793804	1.58
78.6894291484063	1.58
94.88108096353862	1.58
140.84254359300306	1.58
123.95377833503966	1.58
78.6894291484063	1.58
94.88108096353862	1.58
143.09265165970976	1.58
106.28021628324286	1.58
76.18104104686697	1.58
86.34569517804587	1.58
127.74100175927524	1.58
106.28021628324286	1.58
76.66370890600979	1.58
86.34569517804587	1.58
147.27137806974258	1.58
104.15541727202576	1.58
76.66370890600979	1.58
69.487684647927	1.58
147.27137806974258	1.58
115.53388089463749	1.58
91.36076474496807	1.58
69.487684647927	1.58
131.7441700557841	1.58
153.59887685274734	1.58
91.36076474496807	1.58
69.487684647927	1.58
131.7441700557841	1.58
153.59887685274734	1.58
91.36076474496807	1.58
104.00650103834964	1.58
138.25646115557652	1.58
153.59887685274734	1.58
91.36076474496807	1.58
86.08497525060109	1.58
138.25646115557652	1.58
153.59887685274734	1.58
91.36076474496807	1.58
86.08497525060109	1.58
138.25646115557652	1.58
153.59887685274734	1.58
105.23538319963352	1.58
86.08497525060109	1.58
145.6097780191507	1.58
153.59887685274734	1.58
105.23538319963352	1.58
69.1928377505931	1.58
145.42213884631644	1.58
153.59887685274734	1.58
93.37850071877034	1.58
106.6643387215938	1.58
150.43463418209842	1.58
145.89594770081774	1.58
88.76504986640913	1.58
106.6643387215938	1.58
150.43463418209842	1.58
145.89594770081774	1.58
99.8639097755117	1.58
94.73977583491941	1.58
150.43463418209842	1.58
145.89594770081774	1.58
99.38412256893974	1.58
94.73977583491941	1.58
150.43463418209842	1.58
134.23714644615808	1.58
102.6380488875915	1.58
89.1331192823757	1.58
150.43463418209842	1.58
140.53037544626807	1.58
76.26189762561691	1.58
74.35358440549024	1.58
135.53803017119202	1.58
140.53037544626807	1.58
76.22822556291277	1.58
74.35358440549024	1.58
142.17911039582498	1.58
140.53037544626807	1.58
86.15635226446611	1.58
74.35358440549024	1.58
142.31508501174818	1.58
140.53037544626807	1.58
75.24747977805276	1.58
106.92488740880606	1.58
136.89052122342443	1.58
140.53037544626807	1.58
75.24747977805276	1.58
95.69950227034626	1.58
121.73613147943767	1.58
108.47866723827758	1.58
75.24747977805276	1.58
108.70151202893265	1.58
139.09623552757495	1.58
108.47866723827758	1.58
75.24747977805276	1.58
108.70151202893265	1.58
134.843964857063	1.58
108.33538314799412	1.58
71.9981044380252	1.58
115.86203150542866	1.58
152.82999309242072	1.58
108.33538314799412	1.58
71.9981044380252	1.58
120.30462911834253	1.58
152.82999309242072	1.58
101.02227280895158	1.58
71.9981044380252	1.58
106.669460043239	1.58
152.82999309242072	1.58
96.10148622091221	1.58
71.9981044380252	1.58
106.669460043239	1.58
125.0357527030508	1.58
101.98682918220328	1.58
71.9981044380252	1.58
110.42189104537233	1.58
125.0357527030508	1.58
116.11593209367429	1.58
88.333731369279	1.58
97.37691471744179	1.58
147.0320498255914	1.58
104.53946417673689	1.58
80.79283716752646	1.58
100.45408668563319	1.58
153.80464771314075	1.58
127.9084924214593	1.58
91.46679903640847	1.58
79.29979180230299	1.58
129.13862688001942	1.58
126.96645502762928	1.58
94.1415760249745	1.58
87.38134141638004	1.58
143.49222810057609	1.58
108.10415238746033	1.58
88.86134748653345	1.58
91.54464102165142	1.58
143.49222810057609	1.58
108.10415238746033	1.58
70.67568995033173	1.58
104.58484206832269	1.58
143.49222810057609	1.58
108.10415238746033	1.58
70.67568995033173	1.58
102.12928017271923	1.58
143.49222810057609	1.58
98.66646144191483	1.58
70.67568995033173	1.58
100.53483439503292	1.58
143.49222810057609	1.58
98.66646144191483	1.58
81.21967487563651	1.58
100.53483439503292	1.58
122.64175159554505	1.58
97.97228311658567	1.58
80.60011320679871	1.58
100.53483439503292	1.58
128.7164983080424	1.58
95.51156236855118	1.58
86.82721537654547	1.58
102.34167150048609	1.58
142.67756349483662	1.58
95.51156236855118	1.58
86.82037846037794	1.58
102.34167150048609	1.58
142.67756349483662	1.58
97.69689438719467	1.58
88.49181557604103	1.58
100.08246044357641	1.58
142.67756349483662	1.58
106.55385507277919	1.58
73.59291503275094	1.58
100.08246044357641	1.58
150.01069882447123	1.58
110.00140509202416	1.58
73.59291503275094	1.58
101.8978895026718	1.58
150.7723553386458	1.58
96.77207731263495	1.58
73.59291503275094	1.58
108.24567167003156	1.58
150.7723553386458	1.58
102.36622272531169	1.58
73.59291503275094	1.58
81.90244842240297	1.58
142.7890977139539	1.58
109.2251984333483	1.58
73.59291503275094	1.58
84.85745393422168	1.58
130.45923216658377	1.58
108.0006529440947	1.58
73.59291503275094	1.58
84.85745393422168	1.58
137.7939865117816	1.58
108.0006529440947	1.58
73.59291503275094	1.58
107.93270741170682	1.58
117.04842189968416	1.58
108.02924586081507	1.58
73.59291503275094	1.58
101.30656031726579	1.58
108.12312151088554	1.58
111.23995182399709	1.58
63.61167866847939	1.58
100.7310193540797	1.58
108.12312151088554	1.58
103.06316264297203	1.58
63.61167866847939	1.58
100.69513590667091	1.58
108.12312151088554	1.58
103.06316264297203	1.58
78.1142979154636	1.58
100.69985166968776	1.58
108.12312151088554	1.58
103.4693505627992	1.58
71.50111555346464	1.58
96.45849430426225	1.58
108.12312151088554	1.58
103.90082839205753	1.58
71.50111555346464	1.58
90.1179562653123	1.58
142.4763625417853	1.58
103.90082839205753	1.58
71.50111555346464	1.58
89.56116707935213	1.58
150.74399657887204	1.58
106.37856190389662	1.58
71.50111555346464	1.58
72.83962538803526	1.58
133.03852596048395	1.58
138.25766536589674	1.58
71.50111555346464	1.58
72.83962538803526	1.58
135.38873040665194	1.58
138.25766536589674	1.58
71.50111555346464	1.58
77.11087561671357	1.58
135.38873040665194	1.58
144.03057186726306	1.58
71.50111555346464	1.58
72.32310335706632	1.58
135.38873040665194	1.58
156.64544521147366	1.58
79.34707254786444	1.58
72.32310335706632	1.58
135.38873040665194	1.58
131.56955650892158	1.58
79.34707254786444	1.58
78.705662129919	1.58
117.55826813886866	1.58
128.6850059961192	1.58
79.34707254786444	1.58
74.86161283565775	1.58
104.88496063022062	1.58
122.38337950844046	1.58
78.73782705946708	1.58
77.66239466557515	1.58
104.88496063022062	1.58
130.34569927290863	1.58
78.73782705946708	1.58
82.57162992911647	1.58
103.46122912559721	1.58
135.405597555364	1.58
76.77110193502283	1.58
81.68967363291053	1.58
93.27177704762543	1.58
130.52368792511805	1.58
76.77110193502283	1.58
81.68967363291053	1.58
90.13669967064163	1.58
130.52368792511805	1.58
75.05231033806754	1.58
76.1797977012063	1.58
97.09666710373752	1.58
132.26830804341415	1.58
77.05385251684389	1.58
76.1797977012063	1.58
96.88752301947835	1.58
116.44041684553642	1.58
77.05385251684389	1.58
76.1797977012063	1.58
116.636512449559	1.58
124.61670707208631	1.58
77.05385251684389	1.58
76.1797977012063	1.58
145.05880877609428	1.58
103.46222389640178	1.58
77.05385251684389	1.58
69.46731607911757	1.58
128.54642528361293	1.58
108.85883437091809	1.58
77.05385251684389	1.58
69.46731607911757	1.58
108.56121292002933	1.58
109.30280311781128	1.58
77.26861862308331	1.58
69.46731607911757	1.58
108.56121292002933	1.58
109.30280311781128	1.58
91.07688774078342	1.58
65.01813484496097	1.58
115.95983544778883	1.58
109.30280311781128	1.58
93.77557851385129	1.58
87.07016944227028	1.58
120.00984401443812	1.58
109.30280311781128	1.58
79.3543429527464	1.58
71.1006699565888	1.58
141.71936817969566	1.58
101.45067426922729	1.58
79.3543429527464	1.58
80.6303338420171	1.58
144.877256630332	1.58
108.74500411354025	1.58
79.3543429527464	1.58
80.6303338420171	1.58
135.4391517428275	1.58
102.23988898623114	1.58
79.3543429527464	1.58
77.31865459692698	1.58
135.4391517428275	1.58
113.60291121849318	1.58
89.53823834125023	1.58
77.31865459692698	1.58
134.27896539951965	1.58
133.3156127669564	1.58
82.47477512422932	1.58
77.31865459692698	1.58
124.34209964169352	1.58
153.7664239011322	1.58
105.3934380170765	1.58
77.31865459692698	1.58
136.84701237246614	1.58
153.7664239011322	1.58
96.63498439363045	1.58
77.31865459692698	1.58
142.727355296031	1.58
153.7664239011322	1.58
75.90692010536034	1.58
77.31865459692698	1.58
142.727355296031	1.58
118.57112948419444	1.58
75.90692010536034	1.58
88.69266689171363	1.58
138.82560302262914	1.58
121.64099064488516	1.58
75.90692010536034	1.58
88.69266689171363	1.58
138.82560302262914	1.58
110.41192825510268	1.58
89.13139712953515	1.58
90.83235060326825	1.58
138.82560302262914	1.58
111.92048764182074	1.58
94.84861151846184	1.58
90.83235060326825	1.58
127.48198471248234	1.58
119.38276499937984	1.58
86.34094837117797	1.58
86.21395280495605	1.58
117.29823209305103	1.58
131.93409294665707	1.58
70.31351177170276	1.58
86.21395280495605	1.58
123.61846719256985	1.58
128.56404321130458	1.58
70.31351177170276	1.58
86.21395280495605	1.58
107.42729848355643	1.58
128.56404321130458	1.58
92.54116964288896	1.58
78.32099045163771	1.58
108.851784036912	1.58
117.94709744517147	1.58
77.14003865207788	1.58
76.25143312708511	1.58
129.3517134175953	1.58
151.17396651844746	1.58
77.14003865207788	1.58
76.25143312708511	1.58
129.3517134175953	1.58
142.88871669399393	1.58
77.14003865207788	1.58
69.5383920907199	1.58
138.63248719888952	1.58
142.88871669399393	1.58
81.90743611127695	1.58
69.5383920907199	1.58
138.63248719888952	1.58
142.88871669399393	1.58
81.90743611127695	1.58
69.5383920907199	1.58
138.63248719888952	1.58
142.88871669399393	1.58
81.90743611127695	1.58
69.5383920907199	1.58
111.60968805251228	1.58
142.88871669399393	1.58
81.90743611127695	1.58
71.48325056788461	1.58
103.77791496833086	1.58
142.88871669399393	1.58
81.90743611127695	1.58
81.96130573098729	1.58
116.24916035894236	1.58
142.88871669399393	1.58
84.9844409030375	1.58
77.33219625010045	1.58
114.80361989326192	1.58
157.54735185497557	1.58
84.9844409030375	1.58
77.33219625010045	1.58
128.5469630533977	1.58
118.92472658911726	1.58
94.50639857977464	1.58
74.09691373566119	1.58
153.91491898021093	1.58
99.2825763676444	1.58
86.37500890887577	1.58
82.3462362454732	1.58
153.91491898021093	1.58
104.41036326431843	1.58
82.79625291301105	1.58
82.3462362454732	1.58
119.26411476001894	1.58
105.42556150232454	1.58
82.79625291301105	1.58
82.3462362454732	1.58
105.90062240314656	1.58
105.42556150232454	1.58
82.79625291301105	1.58
78.56967811893551	1.58
105.90062240314656	1.58
106.34662240036727	1.58
82.79625291301105	1.58
78.56967811893551	1.58
105.90062240314656	1.58
106.34662240036727	1.58
82.79625291301105	1.58
78.56967811893551	1.58
117.96656366367621	1.58
105.3462117061324	1.58
90.98659798326072	1.58
86.51135237235161	1.58
110.68782567699031	1.58
113.5748615837043	1.58
90.92184821250808	1.58
78.74602287832344	1.58
119.35648429279392	1.58
111.16078663110248	1.58
90.92184821250808	1.58
78.74602287832344	1.58
139.29084177497427	1.58
111.89085722167603	1.58
90.92184821250808	1.58
78.74602287832344	1.58
139.29084177497427	1.58
124.7896138766676	1.58
100.02166347043057	1.58
92.40586442103876	1.58
139.29084177497427	1.58
122.00081611183279	1.58
103.7264686294953	1.58
85.57559773962359	1.58
147.0994846725672	1.58
107.58943390717565	1.58
105.5871062577859	1.58
85.57559773962359	1.58
147.0994846725672	1.58
113.85578211341692	1.58
112.36095034162364	1.58
85.57559773962359	1.58
147.0994846725672	1.58
114.98722472604946	1.58
109.79415532184906	1.58
99.80905887970442	1.58
136.87337100349865	1.58
128.59179451980384	1.58
109.79415532184906	1.58
76.1316715565435	1.58
107.32144174832506	1.58
128.59179451980384	1.58
101.3894051265161	1.58
70.66545470335024	1.58
110.4825911585736	1.58
142.51582650165923	1.58
105.09305898253754	1.58
70.66545470335024	1.58
109.29195322838602	1.58
130.25468334193786	1.58
102.30659889203547	1.58
70.66545470335024	1.58
138.8050299404535	1.58
145.54359449672395	1.58
102.30659889203547	1.58
74.46176737207158	1.58
149.4454238506246	1.58
131.4940208212366	1.58
96.9739138814677	1.58
74.46176737207158	1.58
149.4454238506246	1.58
130.94900329100176	1.58
110.46799223669191	1.58
74.46176737207158	1.58
149.4454238506246	1.58
114.00466921676193	1.58
109.5970485855063	1.58
76.57329930436927	1.58
149.4454238506246	1.58
137.25442694364182	1.58
83.44862888543318	1.58
98.57941964135853	1.58
149.4454238506246	1.58
137.25442694364182	1.58
83.59257380798232	1.58
98.57941964135853	1.58
120.23672340858771	1.58
137.25442694364182	1.58
83.59257380798232	1.58
73.6221830304138	1.58
133.7386719938974	1.58
137.25442694364182	1.58
99.19738957259034	1.58
73.6221830304138	1.58
115.19127539445708	1.58
121.8906580093282	1.58
97.34632600980757	1.58
73.6221830304138	1.58
103.59879467241026	1.58
142.48920827718518	1.58
94.19723898445578	1.58
73.6221830304138	1.58
112.0165033284795	1.58
142.48920827718518	1.58
93.54175281941437	1.58
73.6221830304138	1.58
112.0165033284795	1.58
142.48920827718518	1.58
93.54175281941437	1.58
73.6221830304138	1.58
112.0165033284795	1.58
123.02744702882336	1.58
67.07586648522398	1.58
85.13827237146009	1.58
121.38018674865616	1.58
118.96345279803806	1.58
84.55017932598733	1.58
85.13827237146009	1.58
156.9271990558956	1.58
117.89854981858626	1.58
101.63744505850754	1.58
96.18492266577985	1.58
139.303807657522	1.58
108.23693657453448	1.58
99.29369332163414	1.58
101.85131877864492	1.58
144.52436877858457	1.58
113.58440803245655	1.58
97.78578550362027	1.58
101.85131877864492	1.58
123.98552014065004	1.58
119.96393353131953	1.58
88.46950206752926	1.58
106.55317968656487	1.58
123.93801777810631	1.58
108.15647116333179	1.58
88.46950206752926	1.58
106.55317968656487	1.58
155.33422900247655	1.58
104.50616343973486	1.58
84.78123192860585	1.58
91.54859545691444	1.58
140.11096381551397	1.58
104.50616343973486	1.58
105.76276812056682	1.58
94.82766491397555	1.58
133.29544182989065	1.58
108.75842175090592	1.58
105.76276812056682	1.58
100.89664320588882	1.58
133.51080881008897	1.58
109.02590307140207	1.58
105.76276812056682	1.58
98.39211991456328	1.58
133.51080881008897	1.58
108.03548212647969	1.58
106.05857315189621	1.58
98.39211991456328	1.58
128.91154720197406	1.58
109.21303896474448	1.58
107.37949077520929	1.58
99.00694133047593	1.58
144.73815003726043	1.58
111.49171149226454	1.58
76.88684043881595	1.58
95.21321174223863	1.58
144.73815003726043	1.58
107.46663423191868	1.58
74.6013319928865	1.58
117.3187813777871	1.58
136.1193687867687	1.58
99.17501101795773	1.58
74.6013319928865	1.58
110.4805436750531	1.58
151.22471291935008	1.58
91.62818258435097	1.58
74.6013319928865	1.58
81.61234943538231	1.58
151.22471291935008	1.58
91.62818258435097	1.58
74.6013319928865	1.58
71.85118492211537	1.58
152.02405043001926	1.58
105.25696141431273	1.58
74.6013319928865	1.58
101.4701070365736	1.58
152.02405043001926	1.58
105.16009344366586	1.58
74.6013319928865	1.58
99.32498552328563	1.58
156.3353343017613	1.58
105.12445931512222	1.58
91.67225007739452	1.58
86.50031993088402	1.58
156.3353343017613	1.58
113.69090905014585	1.58
86.31660261191823	1.58
101.01622373200314	1.58
156.3353343017613	1.58
111.71328333693498	1.58
95.31514554545609	1.58
104.173017615468	1.58
156.3353343017613	1.58
119.02398479897397	1.58
109.6142667388437	1.58
108.32448609246548	1.58
156.3353343017613	1.58
124.36730246249687	1.58
74.3966271799064	1.58
104.74383073031467	1.58
156.3353343017613	1.58
116.98526673515981	1.58
77.16999696572569	1.58
104.74383073031467	1.58
136.6523807017063	1.58
149.2672067210603	1.58
77.16999696572569	1.58
104.78172226964861	1.58
145.8887659646563	1.58
147.15697532964361	1.58
97.24327732604866	1.58
104.30176296773676	1.58
150.56433282278942	1.58
156.36254416641978	1.58
97.24327732604866	1.58
104.30176296773676	1.58
152.9377351421723	1.58
156.36254416641978	1.58
97.24327732604866	1.58
104.30176296773676	1.58
157.7873181059301	1.58
155.69872846500192	1.58
68.7338660328779	1.58
104.30176296773676	1.58
157.7873181059301	1.58
155.69872846500192	1.58
105.38454393493043	1.58
84.25017667691405	1.58
157.7873181059301	1.58
155.69872846500192	1.58
92.49881828426321	1.58
84.25017667691405	1.58
157.7873181059301	1.58
124.86430486290469	1.58
92.49881828426321	1.58
73.07038176600511	1.58
157.7873181059301	1.58
157.41800893623198	1.58
92.49881828426321	1.58
73.07038176600511	1.58
157.7873181059301	1.58
157.41800893623198	1.58
92.49881828426321	1.58
73.07038176600511	1.58
157.7873181059301	1.58
153.17667116662983	1.58
92.49881828426321	1.58
73.07038176600511	1.58
157.7873181059301	1.58
153.17667116662983	1.58
92.49881828426321	1.58
75.4457836452049	1.58
157.7873181059301	1.58
153.17667116662983	1.58
97.26862614646853	1.58
75.4457836452049	1.58
157.7873181059301	1.58
149.60849543606855	1.58
94.50867709210104	1.58
109.45847726162646	1.58
157.7873181059301	1.58
149.60849543606855	1.58
94.50867709210104	1.58
102.81999027951005	1.58
157.7873181059301	1.58
136.13691923879335	1.58
87.55057958728554	1.58
71.98483408916782	1.58
157.7873181059301	1.58
136.13691923879335	1.58
87.55057958728554	1.58
71.98483408916782	1.58
157.7873181059301	1.58
106.99246703994967	1.58
87.55057958728554	1.58
71.98483408916782	1.58
157.7873181059301	1.58
107.90931350967416	1.58
87.55057958728554	1.58
71.98483408916782	1.58
157.7873181059301	1.58
107.90931350967416	1.58
87.55057958728554	1.58
80.0547060188432	1.58
157.97448223776854	1.58
97.04341758191978	1.58
78.90507629797725	1.58
70.615209211085	1.58
157.97448223776854	1.58
113.84174012969473	1.58
78.90507629797725	1.58
70.615209211085	1.58
120.96775588022183	1.58
126.90817568358045	1.58
75.87397688831922	1.58
85.04727515193086	1.58
133.76945088175864	1.58
138.01810597652343	1.58
71.66229875130426	1.58
85.04727515193086	1.58
133.76945088175864	1.58
109.21762178677363	1.58
71.66229875130426	1.58
83.47447717190477	1.58
135.07966758331162	1.58
109.21762178677363	1.58
71.66229875130426	1.58
91.00647448138322	1.58
135.07966758331162	1.58
139.04669023566504	1.58
96.03932955314744	1.58
73.2831736201635	1.58
106.40843923611956	1.58
123.67727859434507	1.58
107.9344666023406	1.58
82.27772022926423	1.58
97.51046683855843	1.58
125.91395164655785	1.58
107.9344666023406	1.58
67.35724794971742	1.58
102.63304368212633	1.58
135.28748082347016	1.58
104.60530876159035	1.58
69.24571440396156	1.58
121.19986366257042	1.58
103.04877551792069	1.58
104.60530876159035	1.58
80.70417108963137	1.58
121.19986366257042	1.58
93.8315223089619	1.58
104.60530876159035	1.58
80.70417108963137	1.58
148.42687502837782	1.58
93.49854996074424	1.58
105.67357613347414	1.58
80.70417108963137	1.58
148.42687502837782	1.58
94.49319196706642	1.58
106.37365959838486	1.58
80.70417108963137	1.58
148.42687502837782	1.58
95.35584428748894	1.58
112.34820144412659	1.58
79.4600316091155	1.58
148.42687502837782	1.58
83.86641434706597	1.58
136.8090877173314	1.58
77.3635183045866	1.58
151.79129375556093	1.58
78.91907645292544	1.58
141.5451236896931	1.58
75.84932701423874	1.58
154.77475151275644	1.58
105.581298842877	1.58
152.82735486717576	1.58
85.98947529552234	1.58
154.92431439036426	1.58
83.24640454902189	1.58
152.30161463893648	1.58
87.83535962590959	1.58
154.92431439036426	1.58
83.24640454902189	1.58
150.4432057956052	1.58
91.11770413452825	1.58
158.07312738593572	1.58
90.11872711919122	1.58
144.59117223527952	1.58
91.16849298312704	1.58
154.24623615696413	1.58
102.94409141019412	1.58
131.43998024971626	1.58
91.16849298312704	1.58
145.18052860116225	1.58
77.15871114321091	1.58
135.58768073665155	1.58
91.16849298312704	1.58
130.03446634375584	1.58
76.24961022629662	1.58
135.58768073665155	1.58
91.16849298312704	1.58
155.09412456459538	1.58
64.75928069062074	1.58
124.84363386506676	1.58
95.62380421271914	1.58
155.09412456459538	1.58
64.75928069062074	1.58
100.94596113654583	1.58
103.56109950231024	1.58
155.09412456459538	1.58
64.75928069062074	1.58
119.21749979549722	1.58
103.56109950231024	1.58
155.09412456459538	1.58
64.75928069062074	1.58
89.82826158226786	1.58
103.56109950231024	1.58
148.93854689974478	1.58
64.75928069062074	1.58
86.41800326077606	1.58
108.39543480201641	1.58
148.93854689974478	1.58
61.10281546528108	1.58
86.41800326077606	1.58
105.62174507498659	1.58
148.93854689974478	1.58
61.10281546528108	1.58
103.25619103733641	1.58
108.2721349196762	1.58
131.47003877917393	1.58
61.10281546528108	1.58
83.93670963186179	1.58
108.2721349196762	1.58
139.9885158637388	1.58
59.11727878791229	1.58
83.2144025312907	1.58
121.64356994139312	1.58
139.9885158637388	1.58
64.3092175398346	1.58
83.2144025312907	1.58
116.59200067028782	1.58
151.86898105120153	1.58
74.56323079676743	1.58
79.89487366364459	1.58
90.26838604569949	1.58
151.86898105120153	1.58
74.56323079676743	1.58
79.89487366364459	1.58
96.81096104157258	1.58
151.86898105120153	1.58
70.02266574941969	1.58
77.75089862794863	1.58
96.81096104157258	1.58
151.86898105120153	1.58
70.02266574941969	1.58
77.75089862794863	1.58
96.81096104157258	1.58
151.86898105120153	1.58
70.02266574941969	1.58
77.75089862794863	1.58
92.62310905971174	1.58
151.86898105120153	1.58
70.02266574941969	1.58
86.23672265156357	1.58
101.85552035876144	1.58
122.36527763701065	1.58
70.02266574941969	1.58
96.98094480748637	1.58
90.30095986939243	1.58
116.36311729998233	1.58
70.02266574941969	1.58
97.8044845749782	1.58
81.39237851749823	1.58
134.4552685962342	1.58
80.18507920678512	1.58
90.93467902233375	1.58
81.39237851749823	1.58
138.34136375635532	1.58
79.88492272056095	1.58
95.74318253150436	1.58
81.152980195241	1.58
138.34136375635532	1.58
79.88492272056095	1.58
87.12512218369184	1.58
81.152980195241	1.58
138.34136375635532	1.58
76.75496974507782	1.58
73.25517273163604	1.58
84.80417714829817	1.58
126.29363723002905	1.58
76.75496974507782	1.58
73.25517273163604	1.58
84.80417714829817	1.58
131.32529265323356	1.58
79.96203799152231	1.58
75.83942787703977	1.58
84.80417714829817	1.58
123.10387100865259	1.58
82.53912567104845	1.58
75.83942787703977	1.58
87.43526706241445	1.58
123.10387100865259	1.58
82.58431254105678	1.58
75.62689353919129	1.58
90.91746916429119	1.58
131.75593131735982	1.58
78.03199531633165	1.58
76.46158545387455	1.58
98.97790029755926	1.58
131.75593131735982	1.58
69.83224965248505	1.58
86.095567298914	1.58
98.97790029755926	1.58
131.75593131735982	1.58
69.83224965248505	1.58
91.62535338158919	1.58
95.33703203663475	1.58
120.68878182656711	1.58
69.83224965248505	1.58
99.10049929126055	1.58
70.2012214738046	1.58
136.76313194943936	1.58
69.50001501722774	1.58
109.28050029419343	1.58
70.04273047531747	1.58
148.57891442126896	1.58
69.50001501722774	1.58
98.81769300332502	1.58
70.04273047531747	1.58
148.57891442126896	1.58
69.50001501722774	1.58
100.2759575884603	1.58
69.81164954684603	1.58
153.59237752859195	1.58
69.56912991571853	1.58
99.52985227302455	1.58
70.01527796864933	1.58
153.59237752859195	1.58
69.56912991571853	1.58
85.4894687354754	1.58
91.12985263775752	1.58
153.59237752859195	1.58
69.56912991571853	1.58
116.91701992976273	1.58
91.12985263775752	1.58
153.59237752859195	1.58
69.56912991571853	1.58
113.8431164912069	1.58
110.48941148711519	1.58
150.09269016558142	1.58
69.78384237807045	1.58
123.62686042263736	1.58
107.62932306933635	1.58
150.09269016558142	1.58
79.54354205638697	1.58
108.21784154801956	1.58
81.2294099161727	1.58
130.4587901209459	1.58
80.23410170933452	1.58
93.68813280500672	1.58
73.22625135959461	1.58
130.7338965021965	1.58
76.54725858941532	1.58
108.30941404327851	1.58
73.22625135959461	1.58
104.92943237023124	1.58
87.37383883728114	1.58
111.51785408604286	1.58
79.85263324107436	1.58
104.99959280761068	1.58
92.51725713767335	1.58
113.15666324143066	1.58
86.69380614192256	1.58
107.452729190371	1.58
97.273552257748	1.58
116.32951280480813	1.58
78.94135392829058	1.58
109.17417584252723	1.58
89.81233569848241	1.58
139.07624141470347	1.58
83.81251410126733	1.58
109.17417584252723	1.58
90.02600334915292	1.58
152.77095068126667	1.58
82.57584522854216	1.58
104.60173564911939	1.58
91.797305838309	1.58
152.94386450353593	1.58
75.58404324128682	1.58
103.09371609725831	1.58
71.6713258177038	1.58
131.9445600081144	1.58
75.58404324128682	1.58
81.13520421611548	1.58
70.45784211590046	1.58
114.7252482292466	1.58
78.12495889860912	1.58
73.96115359849759	1.58
70.45784211590046	1.58
140.12744041070863	1.58
79.29496581510743	1.58
81.07030389021321	1.58
70.45784211590046	1.58
144.64112125371852	1.58
86.67459522753711	1.58
81.07030389021321	1.58
74.90174559354494	1.58
152.38966206981985	1.58
90.81583377982493	1.58
81.07030389021321	1.58
74.90174559354494	1.58
152.38966206981985	1.58
90.77943498148191	1.58
74.78512776555434	1.58
74.90174559354494	1.58
152.38966206981985	1.58
96.03914337485908	1.58
74.78512776555434	1.58
74.90174559354494	1.58
148.19967266581966	1.58
96.03914337485908	1.58
74.78512776555434	1.58
62.29101232091227	1.58
116.3950708347104	1.58
92.44620774530321	1.58
69.09433040483783	1.58
74.81945159541131	1.58
115.83203349694608	1.58
85.19217906115026	1.58
76.3570815427219	1.58
74.81945159541131	1.58
144.45883349447956	1.58
84.2908663300229	1.58
77.97896619040121	1.58
74.81945159541131	1.58
115.2668429714976	1.58
93.45719816191875	1.58
82.44181505616254	1.58
80.39065205176597	1.58
99.851559534946	1.58
98.50667351852373	1.58
81.38334482605262	1.58
80.39065205176597	1.58
105.87839652433657	1.58
98.50667351852373	1.58
88.54356916940034	1.58
70.62428072106027	1.58
105.87839652433657	1.58
98.50667351852373	1.58
79.99170547176696	1.58
73.53522653223558	1.58
105.87839652433657	1.58
97.68609509619442	1.58
79.99170547176696	1.58
73.53522653223558	1.58
105.73790806925152	1.58
94.44471157594192	1.58
80.57906247455273	1.58
77.66251015183703	1.58
110.70483132493035	1.58
89.79771402957859	1.58
80.57906247455273	1.58
73.7573087528049	1.58
103.04432691351144	1.58
82.75475654682883	1.58
80.57906247455273	1.58
84.30648844605136	1.58
106.87103945563759	1.58
81.21475736992983	1.58
80.57906247455273	1.58
84.30648844605136	1.58
93.86648906280719	1.58
81.18083235061255	1.58
80.38663879982391	1.58
84.30648844605136	1.58
93.86648906280719	1.58
81.33576132257724	1.58
80.72663125001421	1.58
79.91053903018377	1.58
104.39885251979909	1.58
81.99351130017911	1.58
90.74008275336685	1.58
82.7933134288408	1.58
103.34484215736481	1.58
81.62886533221541	1.58
87.50958046738144	1.58
82.35173456522239	1.58
106.32720246694764	1.58
79.27764741653765	1.58
87.50958046738144	1.58
82.35173456522239	1.58
105.1665584499923	1.58
72.12554804886913	1.58
77.43304939515532	1.58
81.13980859749444	1.58
105.1665584499923	1.58
74.63500793747525	1.58
77.43115328586295	1.58
89.16580205885782	1.58
105.1665584499923	1.58
73.11262838641531	1.58
79.32025484450784	1.58
84.5462323244128	1.58
105.1665584499923	1.58
69.6119855456254	1.58
79.32025484450784	1.58
97.8222140001115	1.58
104.63872995408025	1.58
69.6119855456254	1.58
79.94387972969417	1.58
97.58770790977007	1.58
101.68164434563212	1.58
69.6119855456254	1.58
79.86885980919125	1.58
98.42193703777147	1.58
118.36751225093033	1.58
69.6119855456254	1.58
79.86885980919125	1.58
98.42193703777147	1.58
142.427859906498	1.58
71.32190814720506	1.58
79.86885980919125	1.58
103.09544778246168	1.58
142.427859906498	1.58
71.32190814720506	1.58
77.2567000283386	1.58
103.09544778246168	1.58
125.37567508376064	1.58
66.32886990646692	1.58
77.2567000283386	1.58
103.9699988932552	1.58
125.37567508376064	1.58
72.44236032023329	1.58
77.2567000283386	1.58
98.94211873987088	1.58
125.37567508376064	1.58
79.0455126279862	1.58
77.2567000283386	1.58
104.91514625678377	1.58
125.73632933478646	1.58
79.0455126279862	1.58
67.96406554452992	1.58
98.57458429900298	1.58
132.92865126417007	1.58
78.760267746193	1.58
67.96406554452992	1.58
102.06196950255288	1.58
132.92865126417007	1.58
81.05879216560703	1.58
70.20031829572658	1.58
102.06196950255288	1.58
151.38808057274065	1.58
81.05879216560703	1.58
70.20031829572658	1.58
96.82429264186996	1.58
151.38808057274065	1.58
81.05879216560703	1.58
70.20031829572658	1.58
97.32409913603774	1.58
155.91721772610077	1.58
81.05879216560703	1.58
70.20031829572658	1.58
100.23977256794085	1.58
155.91721772610077	1.58
81.45279914884048	1.58
70.20031829572658	1.58
77.75438180039413	1.58
155.91721772610077	1.58
81.4723477774692	1.58
70.20031829572658	1.58
78.73260427882737	1.58
144.97999908990946	1.58
78.79435572861105	1.58
70.20031829572658	1.58
78.73260427882737	1.58
112.12677890001949	1.58
76.32667871165606	1.58
70.20031829572658	1.58
78.73260427882737	1.58
145.5147846366577	1.58
74.86996464788972	1.58
70.20031829572658	1.58
80.51201262199798	1.58
145.5147846366577	1.58
76.77583527781965	1.58
70.20031829572658	1.58
88.51032096185858	1.58
145.5147846366577	1.58
74.0046229497139	1.58
70.80458464472596	1.58
100.63635633734897	1.58
145.14374936221404	1.58
74.0046229497139	1.58
70.80458464472596	1.58
100.63635633734897	1.58
114.70810094593155	1.58
71.56795850448479	1.58
70.80458464472596	1.58
95.97993966995637	1.58
117.24673523441456	1.58
71.56795850448479	1.58
65.0197488355351	1.58
107.88953873281568	1.58
114.52647366580139	1.58
71.56795850448479	1.58
65.37311345351529	1.58
103.3791267805799	1.58
145.17993994523493	1.58
73.62580211986915	1.58
65.37311345351529	1.58
95.07252635675775	1.58
120.98067535127379	1.58
73.62580211986915	1.58
65.37311345351529	1.58
75.60843035803715	1.58
120.81152517643429	1.58
72.18999655643775	1.58
65.37311345351529	1.58
75.60843035803715	1.58
151.79126132454456	1.58
72.43512134326538	1.58
87.02632570611776	1.58
75.60843035803715	1.58
151.79126132454456	1.58
73.22787076750677	1.58
81.55860310700844	1.58
75.60843035803715	1.58
151.79126132454456	1.58
73.28721301327262	1.58
94.8406065596655	1.58
75.60843035803715	1.58
126.19053738525628	1.58
73.28721301327262	1.58
94.9245662287296	1.58
99.02901155492096	1.58
152.48934448930135	1.58
73.28721301327262	1.58
71.39723520767176	1.58
99.99486995548575	1.58
123.60053886398708	1.58
72.67857584602909	1.58
71.39723520767176	1.58
96.20626082001739	1.58
128.65915311940358	1.58
82.23050293142852	1.58
71.39723520767176	1.58
96.38798703686317	1.58
148.98301833322094	1.58
86.3083284662875	1.58
71.39723520767176	1.58
96.38798703686317	1.58
111.34264505376967	1.58
99.80675211759899	1.58
71.39723520767176	1.58
83.59961711194111	1.58
117.95465774890452	1.58
88.47806287885152	1.58
71.39723520767176	1.58
78.55432764120792	1.58
111.98323153893074	1.58
89.26058965777057	1.58
72.94469712802697	1.58
78.55432764120792	1.58
126.29981509141308	1.58
103.74682473349797	1.58
71.25508180403321	1.58
78.55432764120792	1.58
100.27897591414145	1.58
89.55500413203131	1.58
70.40528260561057	1.58
82.11530794663891	1.58
114.65429984844243	1.58
93.88156154955854	1.58
70.40528260561057	1.58
76.27036027802608	1.58
100.5023305935368	1.58
99.86676636369887	1.58
71.04366383070229	1.58
76.27036027802608	1.58
91.08578122945998	1.58
99.86676636369887	1.58
84.95182453620461	1.58
68.02205786337905	1.58
93.41115181325269	1.58
99.86676636369887	1.58
84.95182453620461	1.58
68.02205786337905	1.58
100.00776443747725	1.58
102.06275221773387	1.58
88.77201611153433	1.58
68.02205786337905	1.58
103.28459705677348	1.58
113.91744955855067	1.58
79.06135079530475	1.58
73.05429454460156	1.58
103.28459705677348	1.58
136.4940211407365	1.58
68.5973500289322	1.58
73.05429454460156	1.58
130.86067574262813	1.58
105.81368363351064	1.58
68.5973500289322	1.58
75.05037169681627	1.58
130.86067574262813	1.58
105.81368363351064	1.58
68.5973500289322	1.58
88.76112729009091	1.58
130.86067574262813	1.58
105.35167298881504	1.58
68.5973500289322	1.58
94.6943903119491	1.58
135.02714316860028	1.58
104.80120377505813	1.58
95.87517864748645	1.58
94.6943903119491	1.58
135.02714316860028	1.58
106.02672616642984	1.58
95.87517864748645	1.58
84.92816647821367	1.58
135.02714316860028	1.58
116.1086532691567	1.58
80.96457459448047	1.58
78.63076465736631	1.58
120.66807181657431	1.58
118.97394619744748	1.58
80.96457459448047	1.58
78.63076465736631	1.58
137.53720153618644	1.58
129.10088691436823	1.58
103.82774027239017	1.58
78.63076465736631	1.58
137.53720153618644	1.58
126.31957797820147	1.58
96.3553979160414	1.58
75.88610396600858	1.58
135.22394126427608	1.58
147.55057697017995	1.58
101.99165479695772	1.58
75.88610396600858	1.58
143.35322092465924	1.58
147.55057697017995	1.58
101.99165479695772	1.58
74.75710326711922	1.58
143.35322092465924	1.58
147.55057697017995	1.58
112.12581477579704	1.58
74.75710326711922	1.58
143.35322092465924	1.58
140.9749796687423	1.58
112.12581477579704	1.58
74.75710326711922	1.58
143.35322092465924	1.58
140.9749796687423	1.58
121.06629746305941	1.58
64.29544695619553	1.58
143.35322092465924	1.58
140.9749796687423	1.58
123.72022344935839	1.58
56.73427853702631	1.58
148.99163194372602	1.58
140.9749796687423	1.58
126.70083387816344	1.58
56.73427853702631	1.58
150.08781806029373	1.58
152.97261692612483	1.58
133.45848256965658	1.58
56.73427853702631	1.58
150.08781806029373	1.58
152.97261692612483	1.58
127.07133202560527	1.58
83.40776510600135	1.58
141.6962845614076	1.58
152.97261692612483	1.58
125.52145558428995	1.58
88.56674491314291	1.58
139.05247817549917	1.58
152.97261692612483	1.58
125.27792393685074	1.58
104.00407131294271	1.58
131.32537588642282	1.58
152.97261692612483	1.58
101.26085332404051	1.58
68.98395778666499	1.58
152.27772449530585	1.58
152.97261692612483	1.58
108.47645877944609	1.58
82.28690985936035	1.58
152.27772449530585	1.58
152.97261692612483	1.58
69.06683153012511	1.58
82.28690985936035	1.58
152.27772449530585	1.58
147.4887750435143	1.58
99.02736653035427	1.58
82.28690985936035	1.58
152.27772449530585	1.58
147.4887750435143	1.58
78.3427682806867	1.58
107.76236651384674	1.58
145.21997003686386	1.58
147.4887750435143	1.58
78.3427682806867	1.58
88.13525841116802	1.58
117.70087529077546	1.58
155.9925599759277	1.58
78.3427682806867	1.58
100.50800558137041	1.58
114.22035808880248	1.58
155.9925599759277	1.58
78.3427682806867	1.58
86.80841274552066	1.58
99.52223892232428	1.58
150.18584697508015	1.58
83.05965564142979	1.58
86.80841274552066	1.58
105.74594258450804	1.58
150.18584697508015	1.58
83.05965564142979	1.58
86.80841274552066	1.58
105.74594258450804	1.58
121.94827879684834	1.58
80.32859410170376	1.58
86.80841274552066	1.58
117.50984673424833	1.58
145.3013576015137	1.58
80.3221269562631	1.58
99.06984023849344	1.58
116.60943218353242	1.58
130.91542290145995	1.58
80.3221269562631	1.58
102.70267351501279	1.58
130.03145571371135	1.58
138.1268058245314	1.58
80.3221269562631	1.58
88.1370237935399	1.58
122.98022879755607	1.58
133.32448663412066	1.58
80.3221269562631	1.58
85.92619731278299	1.58
153.62290009027467	1.58
133.32448663412066	1.58
80.3221269562631	1.58
79.31248311397644	1.58
149.93282222720285	1.58
148.18904036090444	1.58
80.3221269562631	1.58
79.31248311397644	1.58
149.93282222720285	1.58
129.4576368047939	1.58
80.3221269562631	1.58
81.78505350903373	1.58
149.93282222720285	1.58
157.67669781548395	1.58
80.3221269562631	1.58
81.78505350903373	1.58
149.93282222720285	1.58
126.15967243626443	1.58
70.46452273631758	1.58
81.78505350903373	1.58
149.93282222720285	1.58
134.89250437442163	1.58
70.46452273631758	1.58
81.78505350903373	1.58
149.93282222720285	1.58
134.89250437442163	1.58
70.46452273631758	1.58
104.29112268103528	1.58
149.93282222720285	1.58
151.49996825009555	1.58
70.46452273631758	1.58
104.29112268103528	1.58
149.93282222720285	1.58
140.13125741733762	1.58
70.46452273631758	1.58
104.29112268103528	1.58
158.00806814582398	1.58
140.13125741733762	1.58
79.6720783838203	1.58
86.01214370151982	1.58
158.00806814582398	1.58
132.19114216492915	1.58
79.6720783838203	1.58
107.86740789157008	1.58
150.04343561941985	1.58
122.08615654861816	1.58
104.38242715987508	1.58
102.59773747613752	1.58
149.1374360494482	1.58
123.44386192113076	1.58
80.7301694210508	1.58
116.40043918129383	1.58
149.1374360494482	1.58
125.35715039151506	1.58
80.7301694210508	1.58
117.91527941401354	1.58
154.7790255075313	1.58
155.04392511081056	1.58
80.7301694210508	1.58
124.14127830915946	1.58
154.7790255075313	1.58
155.04392511081056	1.58
83.42971217266269	1.58
119.0093827786171	1.58
143.1038425775338	1.58
155.04392511081056	1.58
83.42971217266269	1.58
120.57790040182532	1.58
152.1186189844523	1.58
125.76967293711694	1.58
111.40910799965988	1.58
117.08132682603508	1.58
152.1186189844523	1.58
119.86598774008812	1.58
86.77520538883448	1.58
114.9139019624308	1.58
152.1186189844523	1.58
108.26199510105397	1.58
94.92635563923014	1.58
114.9139019624308	1.58
152.1186189844523	1.58
108.26199510105397	1.58
114.2563669728763	1.58
119.37045928388264	1.58
154.77256690743394	1.58
108.32259535543258	1.58
77.8842543115686	1.58
111.90921660557458	1.58
154.77256690743394	1.58
112.36972469262238	1.58
88.85004131130621	1.58
74.33182902704392	1.58
135.15409216194615	1.58
100.68755008505022	1.58
91.69986281765982	1.58
69.03357232799374	1.58
114.19906144171424	1.58
101.36887855768475	1.58
76.41447721784215	1.58
69.03357232799374	1.58
141.31058980627	1.58
115.63675240509718	1.58
92.57745581216389	1.58
69.03357232799374	1.58
141.31058980627	1.58
112.98830476992407	1.58
89.16528794884641	1.58
69.03357232799374	1.58
133.93265338905027	1.58
97.40833409795374	1.58
89.16528794884641	1.58
69.03357232799374	1.58
133.93265338905027	1.58
105.60819669739503	1.58
86.01097061002959	1.58
84.60903206087852	1.58
133.93265338905027	1.58
105.32941913396756	1.58
87.33666655135163	1.58
84.60903206087852	1.58
128.91486097319918	1.58
121.67177274719899	1.58
87.33666655135163	1.58
84.60903206087852	1.58
110.54695396289642	1.58
108.10621972433208	1.58
83.81842189018296	1.58
76.08381892429519	1.58
97.00576209826987	1.58
108.10621972433208	1.58
83.81842189018296	1.58
79.32748290917596	1.58
104.03491731935185	1.58
114.10679666555501	1.58
75.86022760894825	1.58
79.32748290917596	1.58
125.63167127500867	1.58
96.7222528542798	1.58
75.86022760894825	1.58
77.08823808392721	1.58
109.44704132673766	1.58
103.27098399353824	1.58
75.86022760894825	1.58
77.08823808392721	1.58
106.27160390961929	1.58
95.49257812791484	1.58
69.43339376707078	1.58
71.69104146283144	1.58
95.07684920693862	1.58
95.22676912628575	1.58
69.43339376707078	1.58
71.69104146283144	1.58
95.07684920693862	1.58
95.22676912628575	1.58
69.43339376707078	1.58
71.69104146283144	1.58
87.61589415464904	1.58
90.7638413713854	1.58
69.43339376707078	1.58
72.243312286419	1.58
95.45718834865744	1.58
105.16190477981074	1.58
69.43339376707078	1.58
72.243312286419	1.58
110.34574387705567	1.58
93.55442883633992	1.58
69.43339376707078	1.58
73.85128679999005	1.58
90.29914106557132	1.58
113.36277411843355	1.58
71.75936933535462	1.58
75.76040163666916	1.58
95.83858527828866	1.58
125.27498178329807	1.58
71.75936933535462	1.58
75.76040163666916	1.58
87.2814794639379	1.58
121.42561818636153	1.58
71.75936933535462	1.58
76.95520759133184	1.58
83.64741823285921	1.58
110.40466404344558	1.58
75.75318082697598	1.58
76.95520759133184	1.58
84.55974411034401	1.58
100.6762636397021	1.58
87.60369685408594	1.58
76.95520759133184	1.58
81.97775681000921	1.58
111.69849587100231	1.58
80.15071540330972	1.58
76.16611079806214	1.58
87.53287018230832	1.58
111.69849587100231	1.58
83.24935576929639	1.58
76.16611079806214	1.58
87.53287018230832	1.58
145.88699564848082	1.58
83.1871666148278	1.58
76.16611079806214	1.58
87.53287018230832	1.58
145.88699564848082	1.58
100.19123825194252	1.58
76.16611079806214	1.58
87.53287018230832	1.58
145.88699564848082	1.58
98.35450592454497	1.58
78.34474049510676	1.58
84.1320295474433	1.58
145.88699564848082	1.58
96.13198282846096	1.58
80.64331025238592	1.58
86.14052018896405	1.58
145.88699564848082	1.58
92.38269864031989	1.58
99.39619654530789	1.58
85.81812323129952	1.58
145.88699564848082	1.58
97.91951524568093	1.58
99.39619654530789	1.58
77.66370374838624	1.58
136.34805850744527	1.58
91.5562582870884	1.58
85.93436309649805	1.58
79.32622474429473	1.58
150.1197165121891	1.58
103.3128111654388	1.58
86.91627108408944	1.58
75.61249650542369	1.58
150.1197165121891	1.58
110.19307546721622	1.58
85.92060709948166	1.58
75.61249650542369	1.58
150.1197165121891	1.58
107.99890769906521	1.58
86.03544416781047	1.58
75.61249650542369	1.58
150.1197165121891	1.58
100.64404390920427	1.58
90.87232241879458	1.58
75.61249650542369	1.58
133.68953497485728	1.58
103.22258274569042	1.58
100.02563951883914	1.58
80.3785902700929	1.58
133.68953497485728	1.58
78.70475686379831	1.58
86.02448171966451	1.58
80.64349491144672	1.58
132.9398473100552	1.58
78.81881237501602	1.58
77.05777278680267	1.58
80.30295932071627	1.58
121.75656343374794	1.58
79.04129992838966	1.58
85.09487663895351	1.58
81.08353859005267	1.58
145.82061616786837	1.58
79.57999671142692	1.58
85.09487663895351	1.58
83.02219808671157	1.58
145.82061616786837	1.58
86.74301060321017	1.58
83.26678635417636	1.58
82.98161950711352	1.58
116.2151691420825	1.58
79.96985959828977	1.58
83.26678635417636	1.58
82.98161950711352	1.58
116.71087874909963	1.58
78.27647796894266	1.58
56.49049280786708	1.58
81.03090918415674	1.58
97.99343445971991	1.58
71.93489444362437	1.58
56.49049280786708	1.58
81.03090918415674	1.58
97.99343445971991	1.58
80.02818669419523	1.58
56.49049280786708	1.58
90.74623779632805	1.58
91.58542678521259	1.58
71.63442649020024	1.58
56.49049280786708	1.58
83.12136780629139	1.58
91.58542678521259	1.58
76.35526696832473	1.58
55.21178138553428	1.58
86.07368439043707	1.58
104.70280747105397	1.58
76.35526696832473	1.58
55.21178138553428	1.58
93.44312106031508	1.58
104.70280747105397	1.58
79.25681376391682	1.58
65.48469579277771	1.58
103.86356458187642	1.58
135.0843886795886	1.58
91.21759656136406	1.58
70.31182499840654	1.58
107.31776798603141	1.58
150.38546855518345	1.58
107.16057029152896	1.58
84.47908220991042	1.58
107.40094948681298	1.58
151.65665114861287	1.58
107.16057029152896	1.58
81.97113167652559	1.58
107.38782010882855	1.58
147.43096241823383	1.58
99.49577474167978	1.58
79.72297380254334	1.58
107.38782010882855	1.58
141.80757869807468	1.58
102.71670557635612	1.58
79.72297380254334	1.58
105.58611872588435	1.58
130.28881167854954	1.58
102.68952375028844	1.58
103.01458838880502	1.58
106.07586699006548	1.58
130.70253188315388	1.58
103.67604668948839	1.58
103.01458838880502	1.58
106.50618351957809	1.58
146.6726428847614	1.58
103.67604668948839	1.58
104.28070302610892	1.58
106.59067509041721	1.58
142.44237016065557	1.58
104.817862309158	1.58
102.15686759490215	1.58
107.38832095340265	1.58
151.30400437307992	1.58
102.37732239483007	1.58
102.15686759490215	1.58
108.65394384311784	1.58
151.30400437307992	1.58
82.21043756976476	1.58
103.75711523444872	1.58
108.65394384311784	1.58
151.30400437307992	1.58
82.21043756976476	1.58
103.96581880583099	1.58
108.65394384311784	1.58
132.26494334293545	1.58
75.25302027628751	1.58
103.80305315820128	1.58
96.827670163922	1.58
113.31544288347769	1.58
81.50702530710683	1.58
102.13881600369365	1.58
96.00780843491599	1.58
115.99909402996411	1.58
87.1071192151432	1.58
91.85670209870182	1.58
98.41376812098227	1.58
112.38219108116076	1.58
86.80880645509498	1.58
78.52850428131464	1.58
105.21681852379918	1.58
121.10459750682449	1.58
69.43138761773704	1.58
78.52850428131464	1.58
106.32901984598624	1.58
125.04597822463467	1.58
78.1655272848318	1.58
78.52850428131464	1.58
128.96835579503835	1.58
142.83199494933461	1.58
78.1655272848318	1.58
78.52850428131464	1.58
107.46887416523064	1.58
135.8966047730436	1.58
78.1655272848318	1.58
75.12488316029851	1.58
107.46887416523064	1.58
144.24447225996073	1.58
78.1655272848318	1.58
73.43384581044513	1.58
101.21416604466384	1.58
114.35085956866875	1.58
74.80052637039097	1.58
73.43384581044513	1.58
105.95923553545472	1.58
107.79115637429643	1.58
74.80052637039097	1.58
82.95628775699831	1.58
105.95923553545472	1.58
107.79115637429643	1.58
74.80052637039097	1.58
70.37252666898462	1.58
122.1833044282827	1.58
107.79115637429643	1.58
74.80052637039097	1.58
71.54885705808158	1.58
156.6436681915086	1.58
107.79115637429643	1.58
74.80052637039097	1.58
71.54885705808158	1.58
156.6436681915086	1.58
107.79115637429643	1.58
74.80052637039097	1.58
71.54885705808158	1.58
156.52756498635682	1.58
117.48210490643507	1.58
74.80052637039097	1.58
72.89869592004861	1.58
156.52756498635682	1.58
127.13565954934478	1.58
74.80052637039097	1.58
105.50026445832876	1.58
156.52756498635682	1.58
135.42893031573635	1.58
74.80052637039097	1.58
105.50026445832876	1.58
156.52756498635682	1.58
140.97983191654333	1.58
74.80052637039097	1.58
74.67755004595348	1.58
156.52756498635682	1.58
140.97983191654333	1.58
99.33555995783982	1.58
74.67755004595348	1.58
156.52756498635682	1.58
140.97983191654333	1.58
70.45957846778664	1.58
74.67755004595348	1.58
156.52756498635682	1.58
108.47262004967807	1.58
70.45957846778664	1.58
74.67755004595348	1.58
156.52756498635682	1.58
104.60532865240542	1.58
70.45957846778664	1.58
74.67755004595348	1.58
156.52756498635682	1.58
104.60532865240542	1.58
87.07260091830254	1.58
74.67755004595348	1.58
145.47624376205687	1.58
106.22150628543788	1.58
74.0398364843449	1.58
74.67755004595348	1.58
145.47624376205687	1.58
106.22150628543788	1.58
74.0398364843449	1.58
74.67755004595348	1.58
137.24366400763228	1.58
106.22150628543788	1.58
89.03126541147941	1.58
74.67755004595348	1.58
137.24366400763228	1.58
106.22150628543788	1.58
89.03126541147941	1.58
74.67755004595348	1.58
152.53187971076736	1.58
106.22150628543788	1.58
93.28557531631455	1.58
104.2219236519299	1.58
152.53187971076736	1.58
105.93353326690415	1.58
93.28557531631455	1.58
74.8509188113731	1.58
115.93538491253352	1.58
91.58069453676988	1.58
93.28557531631455	1.58
74.8509188113731	1.58
129.71988510514154	1.58
99.64902780595003	1.58
93.28557531631455	1.58
76.03246702184572	1.58
130.02686270317724	1.58
98.30492247665961	1.58
93.28557531631455	1.58
69.39495543566727	1.58
130.02686270317724	1.58
99.66536676077847	1.58
93.28557531631455	1.58
69.44370540811258	1.58
127.91932248422222	1.58
98.04232529534472	1.58
88.63467190845483	1.58
80.06151406631153	1.58
148.40661594417625	1.58
94.7474523234334	1.58
110.42028105444032	1.58
80.06151406631153	1.58
148.40661594417625	1.58
102.57928382594558	1.58
113.7737206746196	1.58
72.5810346803243	1.58
115.8195946444192	1.58
102.47012227304938	1.58
110.14195910029062	1.58
91.70202401122229	1.58
117.75763181978441	1.58
98.01676548254426	1.58
118.48065114376452	1.58
95.98708063793447	1.58
117.75914917108614	1.58
91.09087990611287	1.58
121.92986964702321	1.58
104.74886031400075	1.58
117.50170342977562	1.58
91.09087990611287	1.58
151.75977284341673	1.58
101.06034024974193	1.58
111.56838972366963	1.58
83.53949419235272	1.58
151.75977284341673	1.58
103.34965747341437	1.58
79.32119552653731	1.58
68.85900349502492	1.58
151.75977284341673	1.58
100.84248280994397	1.58
79.32119552653731	1.58
68.85900349502492	1.58
133.00049249819915	1.58
95.02295817646802	1.58
79.32119552653731	1.58
68.85900349502492	1.58
125.35587101768488	1.58
92.03124495639683	1.58
85.5673250036916	1.58
72.94673006150862	1.58
156.6017763606784	1.58
82.56731429516044	1.58
84.67020331418485	1.58
70.19942091830924	1.58
156.6017763606784	1.58
93.22464912348448	1.58
78.41248015102867	1.58
70.19942091830924	1.58
156.6017763606784	1.58
93.15119026753347	1.58
74.97680553628564	1.58
70.19942091830924	1.58
156.6017763606784	1.58
103.69374208607451	1.58
82.76722686181074	1.58
79.5857036526468	1.58
123.58949486221248	1.58
106.84753846137741	1.58
93.02994177485128	1.58
78.5588149985941	1.58
150.7145864441936	1.58
119.39966155042073	1.58
89.64824302907957	1.58
78.5588149985941	1.58
150.7145864441936	1.58
135.4847902655257	1.58
89.64824302907957	1.58
92.08902380212466	1.58
150.7145864441936	1.58
135.4847902655257	1.58
89.64824302907957	1.58
78.27121823711926	1.58
150.7145864441936	1.58
124.23237578948897	1.58
89.64824302907957	1.58
86.88375981406668	1.58
141.7505049877535	1.58
148.15003561646554	1.58
85.56868026689982	1.58
86.88375981406668	1.58
129.4663803758477	1.58
145.7654966533401	1.58
85.56868026689982	1.58
89.91006914170433	1.58
115.47692901525666	1.58
143.3164068200822	1.58
85.56868026689982	1.58
89.91006914170433	1.58
128.33622127876092	1.58
143.3164068200822	1.58
88.59591002101627	1.58
89.91006914170433	1.58
132.84580349854053	1.58
143.4744691355885	1.58
88.59591002101627	1.58
108.53468318225609	1.58
141.6094363573062	1.58
143.4744691355885	1.58
88.59591002101627	1.58
94.60108887673204	1.58
142.58128877581424	1.58
143.14278664459312	1.58
108.3395093169721	1.58
106.88884813969592	1.58
142.58128877581424	1.58
157.13951183050617	1.58
108.3395093169721	1.58
106.88884813969592	1.58
142.58128877581424	1.58
144.01861924131092	1.58
108.3395093169721	1.58
106.88884813969592	1.58
134.79233250896402	1.58
154.2518305371604	1.58
108.3395093169721	1.58
90.68675383125927	1.58
144.07309001880648	1.58
154.2518305371604	1.58
80.77879152904104	1.58
120.90769731649826	1.58
147.5350562886336	1.58
155.4652141241461	1.58
79.93275347156815	1.58
107.7156706844129	1.58
147.5350562886336	1.58
154.937551477456	1.58
79.93275347156815	1.58
107.7156706844129	1.58
147.5350562886336	1.58
154.937551477456	1.58
79.93275347156815	1.58
87.3348582623153	1.58
147.5350562886336	1.58
130.19709992645863	1.58
79.93275347156815	1.58
85.65170807618304	1.58
147.5350562886336	1.58
107.27452160670663	1.58
79.93275347156815	1.58
115.09733803708059	1.58
137.10864276126378	1.58
107.27452160670663	1.58
68.11159973058896	1.58
101.85056399018082	1.58
131.4110067375137	1.58
107.27452160670663	1.58
74.63399258951796	1.58
101.88813446536068	1.58
131.4110067375137	1.58
107.27452160670663	1.58
74.63399258951796	1.58
110.10972765493456	1.58
127.74311363586496	1.58
107.27452160670663	1.58
84.55784266177064	1.58
111.15037816520632	1.58
156.71547087710388	1.58
107.27452160670663	1.58
84.55784266177064	1.58
110.1402313820545	1.58
156.71547087710388	1.58
107.16928966201846	1.58
72.06133087604397	1.58
111.66212140968771	1.58
156.71547087710388	1.58
96.70170402134377	1.58
72.06133087604397	1.58
79.1093020709001	1.58
156.71547087710388	1.58
93.09765262543604	1.58
72.06133087604397	1.58
109.29779000772731	1.58
156.71547087710388	1.58
83.09249017809113	1.58
72.06133087604397	1.58
108.20298549709536	1.58
156.71547087710388	1.58
90.96208741439968	1.58
72.06133087604397	1.58
103.8524430463722	1.58
156.71547087710388	1.58
94.94924847435581	1.58
73.1298569398223	1.58
106.02828943234455	1.58
156.71547087710388	1.58
109.56925560237786	1.58
73.1298569398223	1.58
106.02828943234455	1.58
131.90727678902329	1.58
109.48177032953237	1.58
73.1298569398223	1.58
105.90329133498173	1.58
137.12767747850526	1.58
107.7401519998968	1.58
103.53410293889843	1.58
105.36405607723579	1.58
156.5321471111326	1.58
107.2264353935641	1.58
104.30129376789924	1.58
105.36405607723579	1.58
156.5321471111326	1.58
107.39061009219594	1.58
102.08218157331629	1.58
96.5065885665172	1.58
156.5321471111326	1.58
105.37372059324161	1.58
77.03030634682685	1.58
91.22888200169945	1.58
140.06643268402098	1.58
105.37372059324161	1.58
102.03518611352297	1.58
91.22888200169945	1.58
135.4960496384248	1.58
107.3603233474024	1.58
95.64475014197754	1.58
78.60493155838031	1.58
140.21593761261542	1.58
124.71035689859065	1.58
74.74596608930065	1.58
78.60493155838031	1.58
120.00258505956339	1.58
122.73692950503504	1.58
98.47898522220487	1.58
74.53045600648312	1.58
117.0130881855913	1.58
128.2943324407516	1.58
71.08681681224999	1.58
73.86602310969657	1.58
97.99403493566903	1.58
108.19509926574622	1.58
71.08681681224999	1.58
73.86602310969657	1.58
94.28701408296736	1.58
108.19509926574622	1.58
70.11591356796988	1.58
73.86602310969657	1.58
98.04357439670966	1.58
108.19509926574622	1.58
70.11591356796988	1.58
70.76886351870252	1.58
106.72285038672933	1.58
98.54050089803269	1.58
74.77739241440722	1.58
77.22097015734795	1.58
113.54152578052856	1.58
98.54050089803269	1.58
91.11521526955717	1.58
72.24108543674578	1.58
117.27703691502951	1.58
104.28143317737	1.58
83.61202480348778	1.58
72.24108543674578	1.58
145.57567515777237	1.58
104.28143317737	1.58
84.48363617228166	1.58
72.24108543674578	1.58
122.8836521969653	1.58
103.92050581575137	1.58
84.48363617228166	1.58
91.55110599498319	1.58
153.68801027296348	1.58
106.83915438898258	1.58
84.48363617228166	1.58
95.86047179901573	1.58
153.68801027296348	1.58
106.83915438898258	1.58
92.97474662595354	1.58
90.670846106843	1.58
144.4070877345959	1.58
106.83915438898258	1.58
80.23073942708741	1.58
90.670846106843	1.58
122.40603907411104	1.58
106.83915438898258	1.58
92.66717511368253	1.58
91.19270163060821	1.58
113.98617534552943	1.58
99.06735777964718	1.58
89.22330146576179	1.58
75.54213841318358	1.58
125.61566328046794	1.58
97.98629437538787	1.58
76.84600865023309	1.58
75.54213841318358	1.58
108.65056736183806	1.58
102.75479482986904	1.58
76.84600865023309	1.58
75.54213841318358	1.58
136.15317489750373	1.58
123.1299421472805	1.58
76.84600865023309	1.58
70.35075311411543	1.58
136.15317489750373	1.58
120.42390016144873	1.58
77.68826027709011	1.58
70.35075311411543	1.58
108.37778254845395	1.58
112.39283216347098	1.58
79.37662671961533	1.58
70.35075311411543	1.58
108.37778254845395	1.58
119.34345079557471	1.58
79.37662671961533	1.58
70.35075311411543	1.58
145.1584060241821	1.58
144.70718359872586	1.58
98.63465450294045	1.58
70.35075311411543	1.58
145.1584060241821	1.58
110.83480006281559	1.58
99.73476900420965	1.58
65.34289866716347	1.58
145.1584060241821	1.58
109.68681812427805	1.58
99.73476900420965	1.58
97.56712097604378	1.58
149.06382329365252	1.58
108.36912394695537	1.58
97.23658583558117	1.58
97.56712097604378	1.58
149.06382329365252	1.58
106.05495198622086	1.58
92.16781672131619	1.58
90.5898867939816	1.58
128.28542864897702	1.58
106.05495198622086	1.58
82.38597561171676	1.58
90.5898867939816	1.58
130.70054952231396	1.58
109.64380377978848	1.58
73.17356099980918	1.58
105.3912986774439	1.58
121.29916907237747	1.58
110.50400653623988	1.58
75.7809517056599	1.58
97.30502034886804	1.58
121.29916907237747	1.58
110.50400653623988	1.58
75.7809517056599	1.58
108.26635497619786	1.58
121.29916907237747	1.58
109.4680536982096	1.58
79.66215872767489	1.58
107.04399817980661	1.58
102.65881143331083	1.58
109.9204818669411	1.58
79.66215872767489	1.58
105.85675402489629	1.58
119.61018614772868	1.58
111.17800178148589	1.58
79.66215872767489	1.58
109.32551489077063	1.58
115.56295002407651	1.58
111.17800178148589	1.58
79.66215872767489	1.58
109.31464101305062	1.58
149.54473341601914	1.58
115.16124039673093	1.58
107.663922471495	1.58
98.38413230511802	1.58
149.54473341601914	1.58
121.99266127861304	1.58
106.08100208685516	1.58
92.46239736792334	1.58
149.54473341601914	1.58
122.59848935237457	1.58
82.57199849303328	1.58
93.94174547121783	1.58
132.5666546156812	1.58
128.02803934786485	1.58
82.57199849303328	1.58
100.04377093395536	1.58
137.43382729915493	1.58
128.02803934786485	1.58
82.57199849303328	1.58
102.30669300653334	1.58
122.43043984569996	1.58
146.52467925476117	1.58
82.57199849303328	1.58
102.30669300653334	1.58
133.61651820759005	1.58
146.52467925476117	1.58
82.57199849303328	1.58
104.71041994551678	1.58
152.19647799865692	1.58
146.52467925476117	1.58
88.09679024252839	1.58
106.29091004947563	1.58
152.19647799865692	1.58
158.2221265225454	1.58
107.66425527452051	1.58
106.29091004947563	1.58
139.6860725520342	1.58
138.2617174719422	1.58
107.66425527452051	1.58
112.76568836879461	1.58
155.5930245961996	1.58
138.2617174719422	1.58
69.59647834049704	1.58
121.73864114012169	1.58
143.03020256288565	1.58
138.2617174719422	1.58
69.59647834049704	1.58
121.73864114012169	1.58
147.3235761553373	1.58
129.87553537822828	1.58
100.83641125426783	1.58
120.23849691961968	1.58
147.3235761553373	1.58
132.35304197963745	1.58
80.98463180683778	1.58
101.4010384247286	1.58
144.39697699683435	1.58
130.38072216267975	1.58
80.98463180683778	1.58
105.43993695812014	1.58
144.39697699683435	1.58
134.65319970688586	1.58
80.98463180683778	1.58
81.39053607991683	1.58
144.39697699683435	1.58
138.3009848891308	1.58
80.98463180683778	1.58
107.54076420890739	1.58
144.39697699683435	1.58
138.3009848891308	1.58
105.5991725419625	1.58
97.60432294347152	1.58
144.39697699683435	1.58
138.3009848891308	1.58
74.12096283081561	1.58
104.5100733699582	1.58
140.53043516265654	1.58
138.3009848891308	1.58
74.12096283081561	1.58
104.5100733699582	1.58
108.00008293428635	1.58
134.14839557761763	1.58
82.69737881249205	1.58
103.60407847952222	1.58
108.00008293428635	1.58
111.20166164569433	1.58
64.9284373644042	1.58
104.72932826430457	1.58
120.78755440822336	1.58
115.26598889974849	1.58
64.9284373644042	1.58
106.49436875596605	1.58
125.00428447886726	1.58
96.238857894232	1.58
64.9284373644042	1.58
103.20663946682653	1.58
140.9051594088216	1.58
91.67822472110885	1.58
64.9284373644042	1.58
111.30425755453679	1.58
141.99595844821408	1.58
90.06488793740115	1.58
64.9284373644042	1.58
107.86389293840895	1.58
141.99595844821408	1.58
93.8748051724668	1.58
66.77497835575896	1.58
107.86389293840895	1.58
152.0358309684754	1.58
110.14271108397807	1.58
85.34896601797195	1.58
107.86389293840895	1.58
152.0358309684754	1.58
118.4172484853235	1.58
75.50886042618332	1.58
79.15078765891364	1.58
152.0358309684754	1.58
143.52103846499105	1.58
92.14637043235919	1.58
79.15078765891364	1.58
152.0358309684754	1.58
143.52103846499105	1.58
92.14637043235919	1.58
79.15078765891364	1.58
156.79060168419574	1.58
135.74593885287186	1.58
92.70199738523375	1.58
108.15629692856467	1.58
156.79060168419574	1.58
136.9998740144245	1.58
97.83846572437125	1.58
108.15629692856467	1.58
156.79060168419574	1.58
136.9998740144245	1.58
75.88096227339908	1.58
69.91249282228353	1.58
156.79060168419574	1.58
115.11183442213822	1.58
75.88096227339908	1.58
90.14083898873582	1.58
152.50645968816252	1.58
98.32416175769032	1.58
75.88096227339908	1.58
83.06847985350691	1.58
152.50645968816252	1.58
98.08423484963397	1.58
75.88096227339908	1.58
83.06847985350691	1.58
152.50645968816252	1.58
98.08423484963397	1.58
75.88096227339908	1.58
79.92326279131987	1.58
152.50645968816252	1.58
98.08423484963397	1.58
83.66779395625264	1.58
110.63694573809818	1.58
152.50645968816252	1.58
104.82726086253085	1.58
69.79458469065476	1.58
105.56945269840784	1.58
152.50645968816252	1.58
104.57841062597264	1.58
69.79458469065476	1.58
106.38432765199155	1.58
152.50645968816252	1.58
103.93916421507451	1.58
69.79458469065476	1.58
106.38432765199155	1.58
147.63618604628022	1.58
103.93916421507451	1.58
69.79458469065476	1.58
103.63236777033325	1.58
137.11497777548513	1.58
104.22116019802759	1.58
69.79458469065476	1.58
103.51795959120062	1.58
144.61989298828985	1.58
104.22116019802759	1.58
78.11268859285127	1.58
100.56571260099291	1.58
144.61989298828985	1.58
107.8349599867194	1.58
78.11268859285127	1.58
75.89292296794167	1.58
126.98411159311031	1.58
107.8349599867194	1.58
78.11268859285127	1.58
75.38930652945693	1.58
110.70799086258316	1.58
107.8349599867194	1.58
78.11268859285127	1.58
75.38930652945693	1.58
110.70799086258316	1.58
107.8349599867194	1.58
78.11268859285127	1.58
75.38930652945693	1.58
110.70799086258316	1.58
107.8349599867194	1.58
78.11268859285127	1.58
75.38930652945693	1.58
110.70799086258316	1.58
103.52491476576856	1.58
78.11268859285127	1.58
83.57091543985365	1.58
124.77377823503608	1.58
103.52491476576856	1.58
73.14430235022692	1.58
102.11924119560652	1.58
124.77377823503608	1.58
103.52491476576856	1.58
73.14430235022692	1.58
100.941093058663	1.58
135.12528814333155	1.58
105.20615998410659	1.58
73.14430235022692	1.58
96.9548668147978	1.58
131.24557785000113	1.58
107.40966050377183	1.58
73.14430235022692	1.58
99.22286938023751	1.58
113.30964515428147	1.58
107.40966050377183	1.58
73.14430235022692	1.58
91.35477487702326	1.58
109.6659730470379	1.58
107.40966050377183	1.58
82.09718071794478	1.58
94.48043092218688	1.58
107.81582821778976	1.58
107.40966050377183	1.58
82.09718071794478	1.58
84.39433274491785	1.58
106.25619237873462	1.58
107.40966050377183	1.58
79.96392676278782	1.58
77.09086032611847	1.58
106.32876150087367	1.58
103.679480682616	1.58
88.4852972650644	1.58
79.62941301061788	1.58
93.5437864039699	1.58
103.679480682616	1.58
88.96827351266415	1.58
68.6804958385635	1.58
104.54628166851131	1.58
109.50227319363668	1.58
84.83204741829229	1.58
68.6804958385635	1.58
106.74092798640122	1.58
104.84359183505367	1.58
82.69947807694558	1.58
68.6804958385635	1.58
107.42093032662062	1.58
108.55337375109974	1.58
82.69947807694558	1.58
68.6804958385635	1.58
107.42093032662062	1.58
108.55337375109974	1.58
89.25321342817107	1.58
73.50499605467317	1.58
107.07940696549835	1.58
106.65184983905829	1.58
89.25321342817107	1.58
73.50499605467317	1.58
109.44760461638178	1.58
139.70997224041187	1.58
76.32100890464453	1.58
73.50499605467317	1.58
92.90344216615716	1.58
139.70997224041187	1.58
70.42518815914424	1.58
79.14801983925808	1.58
89.94440359068967	1.58
137.15627959125385	1.58
85.37254114102632	1.58
78.40181049209234	1.58
89.10176870654303	1.58
134.19631563994704	1.58
86.34501517752368	1.58
82.89348791118451	1.58
89.07291661713708	1.58
147.8983995361674	1.58
75.34816313789752	1.58
78.7953606680844	1.58
95.05996429425949	1.58
124.08109530050693	1.58
75.34816313789752	1.58
73.09731427829388	1.58
96.67254900827362	1.58
111.47603093402745	1.58
89.80842362797527	1.58
77.47410573451012	1.58
96.67254900827362	1.58
108.57416199961735	1.58
90.36817486528074	1.58
79.7101255158392	1.58
113.46060370564282	1.58
132.2406705833248	1.58
98.7700072335071	1.58
77.27075489867599	1.58
114.24513111804235	1.58
147.2709853165862	1.58
108.97576802891031	1.58
77.27075489867599	1.58
107.15370375177312	1.58
147.2709853165862	1.58
85.98501572746345	1.58
84.5276420361961	1.58
107.15370375177312	1.58
147.2709853165862	1.58
78.27575204453345	1.58
89.8404078843571	1.58
103.15429440154448	1.58
147.2709853165862	1.58
78.27575204453345	1.58
78.27125360754431	1.58
100.53142182894476	1.58
136.8586437965405	1.58
78.26457460595456	1.58
78.27125360754431	1.58
93.58873609902076	1.58
120.18542163908583	1.58
78.26457460595456	1.58
65.92604856022429	1.58
88.06251543011993	1.58
144.7815554401687	1.58
104.84717798120941	1.58
65.92604856022429	1.58
80.56600883286829	1.58
132.14204731267404	1.58
104.84717798120941	1.58
65.92604856022429	1.58
89.1979343979185	1.58
156.29668584853943	1.58
104.84717798120941	1.58
73.47053880476517	1.58
83.8876715103246	1.58
156.29668584853943	1.58
111.07408709510084	1.58
105.78128723802696	1.58
89.69038542798863	1.58
143.2840598252049	1.58
119.88568898001475	1.58
98.67534578425678	1.58
87.22513304128603	1.58
153.24267303180136	1.58
118.83759375991369	1.58
69.28437771908594	1.58
67.43889222059951	1.58
153.24267303180136	1.58
122.36145159502247	1.58
69.28437771908594	1.58
67.30465037704735	1.58
153.24267303180136	1.58
117.36842953422544	1.58
69.28437771908594	1.58
67.30465037704735	1.58
153.5384100645873	1.58
104.759174677716	1.58
107.08553817073937	1.58
67.30465037704735	1.58
153.5384100645873	1.58
79.01701900554777	1.58
107.08553817073937	1.58
68.49198604779676	1.58
153.5384100645873	1.58
87.1235567044159	1.58
72.34861946200144	1.58
68.49198604779676	1.58
139.1397217324536	1.58
70.6575914329374	1.58
72.34861946200144	1.58
69.50008623929982	1.58
128.49972256694915	1.58
70.6575914329374	1.58
72.34861946200144	1.58
68.43466914374828	1.58
120.40329989283903	1.58
72.8279282081885	1.58
73.9038748537745	1.58
70.15671961598993	1.58
135.46909994954578	1.58
72.8279282081885	1.58
73.9038748537745	1.58
68.99576919392898	1.58
128.83269488898827	1.58
88.06650246519902	1.58
76.9036553364241	1.58
68.99576919392898	1.58
113.67650106572191	1.58
88.06650246519902	1.58
86.06756941509018	1.58
56.015258805147965	1.58
112.85816498843508	1.58
88.06650246519902	1.58
82.29286275257294	1.58
55.53783372081457	1.58
113.77405797475309	1.58
112.8270551910087	1.58
90.69718330781146	1.58
69.77149610837401	1.58
111.86174584522797	1.58
140.86079744410318	1.58
103.02923175311983	1.58
69.77149610837401	1.58
111.29676234790979	1.58
140.86079744410318	1.58
106.1387976510875	1.58
69.77149610837401	1.58
115.46228918025318	1.58
124.79271457771749	1.58
109.04297195033914	1.58
69.77149610837401	1.58
118.38123736078734	1.58
122.46861428801988	1.58
129.57157969860395	1.58
69.77149610837401	1.58
118.38123736078734	1.58
112.10499288027658	1.58
135.78955905698058	1.58
75.57627478737197	1.58
103.92813570463615	1.58
114.46673878545081	1.58
144.42289355342987	1.58
75.57627478737197	1.58
95.32026463330665	1.58
126.25721218875367	1.58
140.10214439450704	1.58
89.13223458932353	1.58
109.48248233126583	1.58
126.25721218875367	1.58
120.41227896702654	1.58
103.78640098446853	1.58
104.66284215070378	1.58
126.25721218875367	1.58
120.63992359778376	1.58
96.56494237179231	1.58
107.27814234719119	1.58
113.31409129286575	1.58
127.76738816902105	1.58
96.88603020531318	1.58
104.62945964189309	1.58
114.19013712161016	1.58
146.9024558978316	1.58
94.79511497095542	1.58
104.62945964189309	1.58
117.4583621687154	1.58
146.9024558978316	1.58
108.27282925510157	1.58
95.6289501016927	1.58
107.25960244268052	1.58
157.81827189764934	1.58
108.39243485160148	1.58
96.31733872562603	1.58
106.79735158142697	1.58
157.81827189764934	1.58
109.25052625496224	1.58
86.43338827950585	1.58
106.89636158012623	1.58
137.8078147846481	1.58
109.25052625496224	1.58
84.17610224585673	1.58
104.60763191638395	1.58
151.04834941221762	1.58
110.99457897735739	1.58
75.80101578166838	1.58
104.60763191638395	1.58
151.04834941221762	1.58
102.74266469654923	1.58
75.80101578166838	1.58
103.8031575546401	1.58
132.02847077960035	1.58
102.5694945191293	1.58
75.80101578166838	1.58
92.95205127832658	1.58
117.6610888209971	1.58
100.13463764907114	1.58
75.80101578166838	1.58
91.7397907419857	1.58
116.50509836035144	1.58
98.94964977365957	1.58
76.09425332849062	1.58
94.91200610738242	1.58
148.2906244106054	1.58
99.52807750862351	1.58
78.50543430359166	1.58
92.08297418596113	1.58
116.53733598694983	1.58
87.41629104177647	1.58
71.86020365957447	1.58
93.05243033084044	1.58
114.25878837064553	1.58
73.63121076011026	1.58
71.86020365957447	1.58
94.94428515653902	1.58
101.73792956079654	1.58
73.63121076011026	1.58
71.86020365957447	1.58
98.88975064677942	1.58
102.63810286456255	1.58
75.71049699075897	1.58
71.0202271754099	1.58
98.88975064677942	1.58
119.06614497860417	1.58
91.36835990203349	1.58
71.0202271754099	1.58
87.05042367186485	1.58
108.4563180242819	1.58
91.36835990203349	1.58
71.0202271754099	1.58
85.06147881167989	1.58
108.7147105738484	1.58
85.71625643664005	1.58
71.0202271754099	1.58
86.41917987017922	1.58
97.92624438094518	1.58
85.06604702713648	1.58
71.0202271754099	1.58
96.96627554012146	1.58
106.53074253457244	1.58
95.50348472883807	1.58
71.0202271754099	1.58
97.73227147019492	1.58
109.63195915270491	1.58
93.28207921409125	1.58
85.54872697716871	1.58
97.73227147019492	1.58
107.65817303907917	1.58
87.55125179761978	1.58
79.28443595785086	1.58
96.20337951067445	1.58
107.65817303907917	1.58
85.39453638661578	1.58
79.28443595785086	1.58
96.20337951067445	1.58
107.65817303907917	1.58
80.46903678691446	1.58
83.82474972621436	1.58
104.40015271601858	1.58
107.65817303907917	1.58
72.93574485534226	1.58
88.62847934347309	1.58
115.52276234661372	1.58
107.65817303907917	1.58
72.93574485534226	1.58
88.62847934347309	1.58
130.02913195475656	1.58
102.06669285382443	1.58
82.67407819835925	1.58
87.39840907300186	1.58
110.46385480900463	1.58
100.40365283500941	1.58
75.28407953347627	1.58
73.92141057535306	1.58
98.45082620609551	1.58
106.28968074115893	1.58
75.28407953347627	1.58
73.92141057535306	1.58
98.45082620609551	1.58
119.82761596065711	1.58
75.28407953347627	1.58
73.92141057535306	1.58
108.01401412233683	1.58
129.49819300949946	1.58
99.69340386447753	1.58
98.50619663669704	1.58
108.31091425181285	1.58
157.8755320595124	1.58
100.20833042433655	1.58
98.50619663669704	1.58
108.31091425181285	1.58
157.8755320595124	1.58
100.20833042433655	1.58
101.34899699127921	1.58
108.31091425181285	1.58
157.8755320595124	1.58
93.77232771791519	1.58
103.80464486957993	1.58
108.31091425181285	1.58
141.81411970189603	1.58
98.35667188996209	1.58
100.00197392369809	1.58
113.44454737528912	1.58
151.27384389453033	1.58
84.72466337746957	1.58
100.00197392369809	1.58
109.54918358598202	1.58
130.4530725323113	1.58
84.72466337746957	1.58
101.13031784998321	1.58
112.67738126334842	1.58
138.19700978418405	1.58
98.06791890339255	1.58
89.80289870542646	1.58
118.0471320754299	1.58
138.19700978418405	1.58
95.00983654092688	1.58
89.80289870542646	1.58
136.59371781027	1.58
138.25343971716757	1.58
100.61947567014607	1.58
75.40221845362822	1.58
114.07160964594857	1.58
110.66933860211827	1.58
95.41727912463537	1.58
88.22802181112999	1.58
118.2433792319952	1.58
108.52223987962539	1.58
91.23463854413177	1.58
87.81906764312724	1.58
114.55159393914562	1.58
108.52223987962539	1.58
83.77503792836404	1.58
86.8556601190117	1.58
122.89337370868746	1.58
119.65094728688184	1.58
83.77503792836404	1.58
86.8556601190117	1.58
105.75865327931562	1.58
148.7377238605026	1.58
94.17696318477037	1.58
109.98704105047825	1.58
105.54850538284703	1.58
148.39012590848188	1.58
108.17820871669214	1.58
110.73702894432373	1.58
103.17481594127122	1.58
148.39012590848188	1.58
109.58374340338189	1.58
112.09828695406215	1.58
94.82573750888078	1.58
148.39012590848188	1.58
71.77926054058942	1.58
109.22341284639968	1.58
101.01020271701927	1.58
148.39012590848188	1.58
71.77926054058942	1.58
71.4030170491052	1.58
94.74205403432256	1.58
148.39012590848188	1.58
71.77926054058942	1.58
71.4030170491052	1.58
104.51131289871203	1.58
155.7128359901838	1.58
71.77926054058942	1.58
96.181863262615	1.58
102.19866569773603	1.58
155.7128359901838	1.58
86.88307149775147	1.58
97.7543083770514	1.58
102.19866569773603	1.58
155.7128359901838	1.58
107.14492878985996	1.58
74.89013697001072	1.58
102.22006515760967	1.58
155.7128359901838	1.58
107.14492878985996	1.58
87.26901976709973	1.58
110.27973664382941	1.58
155.7128359901838	1.58
107.14492878985996	1.58
85.70501718557922	1.58
109.13062736773087	1.58
145.91955756413097	1.58
107.14492878985996	1.58
81.53694218843246	1.58
112.0187212354738	1.58
145.91955756413097	1.58
103.1548342198484	1.58
84.45605923130475	1.58
98.75813105782449	1.58
156.64972015505128	1.58
100.32208366445975	1.58
106.19260084192487	1.58
101.5856571193371	1.58
156.5217594625322	1.58
102.06267014930279	1.58
71.45373594155966	1.58
101.57818707818592	1.58
156.5217594625322	1.58
101.90352341553218	1.58
85.11829038446535	1.58
101.4420740186782	1.58
151.0476485554397	1.58
73.38193116745401	1.58
86.28624459124009	1.58
90.17620006467058	1.58
151.0476485554397	1.58
80.54900049441525	1.58
86.28624459124009	1.58
90.26953100278344	1.58
151.0476485554397	1.58
80.54900049441525	1.58
86.08137165819261	1.58
91.80217224344302	1.58
151.0476485554397	1.58
80.54900049441525	1.58
86.08137165819261	1.58
95.2464768049936	1.58
151.0476485554397	1.58
85.8507260662491	1.58
110.84875865106449	1.58
95.2464768049936	1.58
145.62135756566477	1.58
78.29105157174057	1.58
110.84875865106449	1.58
89.85280340558805	1.58
145.62135756566477	1.58
81.67030431518373	1.58
95.28772860188579	1.58
92.34991672119796	1.58
146.0417644570644	1.58
81.67030431518373	1.58
97.0314049095895	1.58
92.34991672119796	1.58
121.50791191559921	1.58
81.67030431518373	1.58
99.20057583243606	1.58
99.01614838287765	1.58
114.12860008542873	1.58
74.34616325375814	1.58
99.20805143806189	1.58
98.95515957939885	1.58
118.43088659497842	1.58
79.01414629046519	1.58
107.73793162993417	1.58
103.14208173896296	1.58
118.43088659497842	1.58
79.01414629046519	1.58
102.82372000249372	1.58
103.14208173896296	1.58
120.3053732793057	1.58
79.01414629046519	1.58
102.8251411287246	1.58
103.06223593274316	1.58
151.31262278670113	1.58
79.01414629046519	1.58
102.66352488549802	1.58
103.06223593274316	1.58
151.31262278670113	1.58
79.01414629046519	1.58
96.6282653283308	1.58
93.92805728938463	1.58
151.31262278670113	1.58
79.01414629046519	1.58
97.67236818751267	1.58
94.42956293318223	1.58
130.15821958369617	1.58
80.4507927752802	1.58
97.67236818751267	1.58
106.35457825295677	1.58
155.54581699541717	1.58
76.06621198686031	1.58
96.12503698115465	1.58
103.7356028080546	1.58
127.95221568598623	1.58
76.06621198686031	1.58
71.38004249627485	1.58
97.16531660142722	1.58
124.44479470088424	1.58
76.06621198686031	1.58
71.38004249627485	1.58
97.16531660142722	1.58
139.76276593205793	1.58
76.06621198686031	1.58
77.64819029031298	1.58
109.84121496879543	1.58
114.43353422816281	1.58
72.11006450612507	1.58
77.64819029031298	1.58
111.97361060913151	1.58
116.28232653010326	1.58
72.11006450612507	1.58
82.71681853991734	1.58
142.282881137074	1.58
99.76124445898692	1.58
72.11006450612507	1.58
102.69300127606166	1.58
142.282881137074	1.58
98.78262929197531	1.58
72.11006450612507	1.58
104.68237926426849	1.58
142.282881137074	1.58
97.98130904607152	1.58
72.11006450612507	1.58
103.73705296956771	1.58
142.282881137074	1.58
96.70721287300131	1.58
72.11006450612507	1.58
101.55877745859347	1.58
130.01418333835196	1.58
93.84084391456537	1.58
72.11006450612507	1.58
106.23605792690931	1.58
130.01418333835196	1.58
93.84084391456537	1.58
70.55460064648811	1.58
94.40462617445505	1.58
130.01418333835196	1.58
113.27222753388199	1.58
70.55460064648811	1.58
91.4908795862801	1.58
135.41665391807823	1.58
111.38675720567608	1.58
70.55460064648811	1.58
62.87626137696198	1.58
129.4077203851523	1.58
111.38675720567608	1.58
70.55460064648811	1.58
74.66868069654961	1.58
129.4077203851523	1.58
103.18703212111893	1.58
70.55460064648811	1.58
84.08682863025976	1.58
135.83949558583072	1.58
87.59437626075207	1.58
70.55460064648811	1.58
80.87920759708302	1.58
154.55108937222002	1.58
86.75356332636227	1.58
74.27522467956352	1.58
80.87920759708302	1.58
143.39422177449165	1.58
87.42860265953311	1.58
70.80586629012264	1.58
90.77509714422519	1.58
143.39422177449165	1.58
86.664115264821	1.58
70.80586629012264	1.58
87.77990423953143	1.58
143.39422177449165	1.58
86.664115264821	1.58
90.23098330571031	1.58
83.14191532087662	1.58
148.25521271882866	1.58
84.8649624134831	1.58
90.23098330571031	1.58
83.14191532087662	1.58
116.66169133343536	1.58
81.13879607364346	1.58
102.04519748241879	1.58
84.24700311794369	1.58
130.63759847863756	1.58
72.61383245863124	1.58
96.7057655262332	1.58
89.61874460387577	1.58
120.47269861222529	1.58
72.61383245863124	1.58
107.27362370348537	1.58
98.96496003513661	1.58
118.57055942223245	1.58
72.61383245863124	1.58
104.44591858549325	1.58
100.18702701449837	1.58
136.65122643070228	1.58
72.61383245863124	1.58
104.44591858549325	1.58
89.27877082534776	1.58
131.9253033177454	1.58
78.90164266960316	1.58
82.4922393977912	1.58
86.32543920641882	1.58
131.9253033177454	1.58
75.63993414388203	1.58
105.49715508242967	1.58
92.42368120597197	1.58
132.28583210585063	1.58
83.01540057111546	1.58
105.49715508242967	1.58
87.7663449681949	1.58
130.79357307178503	1.58
83.01540057111546	1.58
105.49715508242967	1.58
86.5535794465225	1.58
126.34827375985711	1.58
83.01540057111546	1.58
105.49715508242967	1.58
84.62505232581344	1.58
130.9096080845002	1.58
82.11909791358076	1.58
93.09550751124456	1.58
84.62505232581344	1.58
117.45361390169441	1.58
78.2870977499791	1.58
82.52129790267	1.58
82.68786286985585	1.58
145.97954370354307	1.58
79.5213724988872	1.58
83.65078154855283	1.58
82.68786286985585	1.58
141.18646147446057	1.58
78.62721116075895	1.58
108.05087128570602	1.58
86.56203608521986	1.58
127.53895392098067	1.58
76.63340288543128	1.58
107.56977930450068	1.58
90.34895548872677	1.58
113.52139312145798	1.58
77.24056883940774	1.58
105.30633542927302	1.58
90.39779960131602	1.58
118.00291454826332	1.58
85.66033941217785	1.58
104.52708581323182	1.58
88.87267205609842	1.58
114.1686346757174	1.58
86.37446429812263	1.58
102.70398166647708	1.58
86.37531028864171	1.58
118.89806104574227	1.58
86.37376104310755	1.58
108.58272210691746	1.58
86.37531028864171	1.58
143.95798284929822	1.58
96.28410146889348	1.58
108.58272210691746	1.58
78.61899497296756	1.58
143.95798284929822	1.58
99.50651333769954	1.58
93.01562650008795	1.58
97.50286710054431	1.58
145.98748045333355	1.58
100.57993140276443	1.58
94.22561097506934	1.58
97.50286710054431	1.58
145.98748045333355	1.58
103.48981972555181	1.58
94.22561097506934	1.58
97.50286710054431	1.58
132.78381024280964	1.58
103.48981972555181	1.58
97.58639925342507	1.58
97.50286710054431	1.58
156.39062382132047	1.58
101.48987836478433	1.58
77.02261479157318	1.58
97.50286710054431	1.58
156.39062382132047	1.58
101.4010489147245	1.58
77.02261479157318	1.58
122.04210756842568	1.58
156.39062382132047	1.58
104.36869748008462	1.58
77.02261479157318	1.58
137.12242662211676	1.58
156.39062382132047	1.58
92.49152791692907	1.58
77.02261479157318	1.58
137.12242662211676	1.58
156.39062382132047	1.58
94.04510455731624	1.58
77.02261479157318	1.58
137.12242662211676	1.58
156.39062382132047	1.58
98.7893569382742	1.58
77.02261479157318	1.58
137.12242662211676	1.58
156.39062382132047	1.58
67.51718412986133	1.58
77.35067986784186	1.58
124.31484968218255	1.58
156.39062382132047	1.58
74.84078599488947	1.58
77.35067986784186	1.58
107.12698290246227	1.58
156.39062382132047	1.58
73.116667871063	1.58
84.78525376296082	1.58
105.399351691606	1.58
156.39062382132047	1.58
73.116667871063	1.58
96.05639124421165	1.58
105.399351691606	1.58
156.39062382132047	1.58
74.96632671220152	1.58
96.05639124421165	1.58
104.86000126901413	1.58
156.39062382132047	1.58
58.40301363462118	1.58
85.37830050419068	1.58
104.86000126901413	1.58
156.39062382132047	1.58
57.75400178769009	1.58
93.28260889622456	1.58
104.86000126901413	1.58
149.0540934870714	1.58
57.75400178769009	1.58
77.37802212069332	1.58
94.34289269551249	1.58
149.0540934870714	1.58
58.455004351655404	1.58
81.5791878533862	1.58
126.26516412757196	1.58
144.16276576383194	1.58
65.52836838443733	1.58
75.24949184420694	1.58
124.46356004070141	1.58
144.16276576383194	1.58
74.86241602756473	1.58
75.24949184420694	1.58
133.41285399266974	1.58
144.16276576383194	1.58
74.86241602756473	1.58
75.24949184420694	1.58
137.42838304966298	1.58
144.02077464589718	1.58
75.11789479406288	1.58
75.24949184420694	1.58
137.42838304966298	1.58
143.43329433671883	1.58
74.960810460064	1.58
75.24949184420694	1.58
127.81745709148109	1.58
143.43329433671883	1.58
78.13286843592687	1.58
75.24949184420694	1.58
131.16803937049843	1.58
144.3481876216402	1.58
79.81598255462016	1.58
71.95169516109362	1.58
131.16803937049843	1.58
154.124728976094	1.58
70.47879663649171	1.58
71.95169516109362	1.58
120.57018465738037	1.58
154.124728976094	1.58
70.47879663649171	1.58
71.54822146440739	1.58
111.10024986718278	1.58
154.124728976094	1.58
70.47879663649171	1.58
72.1128771919108	1.58
88.36777482148057	1.58
148.0319597562239	1.58
73.84163430327017	1.58
72.56742801975625	1.58
88.36777482148057	1.58
148.0319597562239	1.58
74.71489410219516	1.58
72.56742801975625	1.58
88.36777482148057	1.58
126.61370463197379	1.58
76.53029871011758	1.58
72.52714512880706	1.58
74.4193745491324	1.58
153.45130358471667	1.58
74.95511761000179	1.58
72.00435496164867	1.58
74.4193745491324	1.58
153.45130358471667	1.58
74.95511761000179	1.58
69.56888982253697	1.58
74.22609865541175	1.58
155.13983466366398	1.58
74.95511761000179	1.58
69.56888982253697	1.58
74.22609865541175	1.58
126.91924714558694	1.58
77.82692453550487	1.58
69.56888982253697	1.58
74.35450821758116	1.58
121.54386414112057	1.58
86.00481503804032	1.58
69.56888982253697	1.58
71.29745934102384	1.58
126.79479863482906	1.58
100.80381331821017	1.58
69.56888982253697	1.58
71.16394400629618	1.58
116.99516244712724	1.58
123.45002281579875	1.58
69.56888982253697	1.58
71.16394400629618	1.58
148.37338634984846	1.58
106.56781880969666	1.58
69.56888982253697	1.58
71.16394400629618	1.58
110.79852381287506	1.58
115.58122288927687	1.58
69.71373280927554	1.58
71.16394400629618	1.58
90.63480967832359	1.58
117.3038277655105	1.58
69.71373280927554	1.58
71.16394400629618	1.58
106.25355523888526	1.58
115.91042036592819	1.58
69.71373280927554	1.58
71.16394400629618	1.58
132.6530109477453	1.58
152.37361953154561	1.58
86.76969611079926	1.58
71.16394400629618	1.58
152.99341254159242	1.58
152.37361953154561	1.58
92.11170219271216	1.58
71.16394400629618	1.58
152.99341254159242	1.58
138.32515208739017	1.58
103.61858939160211	1.58
96.7286818034045	1.58
152.99341254159242	1.58
157.62030743199406	1.58
113.15550036421138	1.58
112.42773412774159	1.58
152.99341254159242	1.58
157.62030743199406	1.58
113.15550036421138	1.58
121.84461635575128	1.58
152.99341254159242	1.58
145.69668497410134	1.58
96.48730160332724	1.58
121.84461635575128	1.58
152.99341254159242	1.58
125.58283452225692	1.58
102.73080006738	1.58
120.03518171708201	1.58
153.5344393400006	1.58
125.15026097637161	1.58
102.73080006738	1.58
90.1674504241954	1.58
125.74391760237413	1.58
124.45540365545574	1.58
91.58148330920984	1.58
73.99666179348844	1.58
126.96323332751795	1.58
134.22259798614667	1.58
73.54297119096293	1.58
73.99666179348844	1.58
135.54214757110753	1.58
108.39277143552847	1.58
80.36284681379382	1.58
73.99666179348844	1.58
135.54214757110753	1.58
108.39277143552847	1.58
70.5096608352064	1.58
73.99666179348844	1.58
135.54214757110753	1.58
108.39277143552847	1.58
70.5096608352064	1.58
80.86204238707998	1.58
133.62218303790655	1.58
108.39277143552847	1.58
87.17354107308266	1.58
78.46487116762604	1.58
128.64342099011395	1.58
110.60441861689657	1.58
94.74304996980369	1.58
78.46487116762604	1.58
113.43717261381133	1.58
122.04709112273446	1.58
85.12119840855767	1.58
90.87021625985628	1.58
138.98307192019766	1.58
114.78403971043197	1.58
91.50958345610638	1.58
103.15234933432477	1.58
138.98307192019766	1.58
114.32791481471514	1.58
91.50958345610638	1.58
105.90449753754226	1.58
153.60100482111795	1.58
116.2766443876645	1.58
91.50958345610638	1.58
74.20310763664023	1.58
153.60100482111795	1.58
120.49328802271562	1.58
80.95331238451745	1.58
74.20310763664023	1.58
157.64511056456666	1.58
133.8251986806373	1.58
76.04809178607834	1.58
89.00438379057167	1.58
157.64511056456666	1.58
117.50345125746979	1.58
76.04809178607834	1.58
86.66099242680153	1.58
126.58243364629604	1.58
112.36436130736303	1.58
74.94713368555492	1.58
75.83506265879674	1.58
108.67066627353537	1.58
122.90122869615021	1.58
74.94713368555492	1.58
75.83506265879674	1.58
94.58516987299285	1.58
108.83439011606382	1.58
77.63197785765728	1.58
70.0534365728494	1.58
99.90309705494131	1.58
108.83439011606382	1.58
77.63197785765728	1.58
73.91409529374928	1.58
101.25209326093488	1.58
109.08654252383201	1.58
87.2383924852378	1.58
73.91409529374928	1.58
99.00630455337846	1.58
109.08654252383201	1.58
86.20415659639454	1.58
73.91409529374928	1.58
99.00630455337846	1.58
114.95770260654231	1.58
82.62222350580609	1.58
80.44152890009278	1.58
91.7355968980223	1.58
108.10983144122356	1.58
84.82354400352584	1.58
77.90273708852783	1.58
97.16564771322338	1.58
101.26684332208583	1.58
84.87945717962441	1.58
77.90273708852783	1.58
97.16564771322338	1.58
91.53175730145858	1.58
85.82404328293606	1.58
78.10563628263486	1.58
94.75867735076409	1.58
91.17134611315936	1.58
87.33158322849856	1.58
78.10563628263486	1.58
98.46180277926732	1.58
91.17134611315936	1.58
83.84502832535543	1.58
76.14330933059244	1.58
95.08292657251953	1.58
94.30963369082916	1.58
86.39872163931047	1.58
72.6746978149631	1.58
86.78007824116254	1.58
91.47160339790389	1.58
86.45210984358269	1.58
77.89149226451548	1.58
89.00873684410962	1.58
103.53578249504466	1.58
86.71547470158151	1.58
80.96970115965158	1.58
94.68817790622958	1.58
103.53578249504466	1.58
90.11014861027002	1.58
71.57561132951301	1.58
94.90481558469499	1.58
103.53578249504466	1.58
91.58002375723854	1.58
78.33344457308732	1.58
93.92316278256033	1.58
92.29860158798789	1.58
90.96138861914145	1.58
78.63721956350197	1.58
94.16618723219254	1.58
92.74425404060777	1.58
89.18214777876616	1.58
71.58305463678974	1.58
94.5076329740803	1.58
93.17517544831351	1.58
88.0133801939979	1.58
74.91832015797662	1.58
98.28606508746932	1.58
86.82983049932791	1.58
88.51469545426518	1.58
83.68239801635566	1.58
98.97600065952683	1.58
87.40360945036387	1.58
87.21019559329876	1.58
82.47185898546599	1.58
99.90367460317239	1.58
87.48427046777643	1.58
89.86484718146089	1.58
84.9551244118833	1.58
98.62462171307843	1.58
87.51461514180511	1.58
92.11111021900986	1.58
84.60872098128331	1.58
100.1491575935013	1.58
87.66645683979061	1.58
94.78329713732454	1.58
83.99211068079013	1.58
103.20332476387482	1.58
82.87297272786138	1.58
94.78329713732454	1.58
84.34331398135474	1.58
117.41359260790307	1.58
80.77053055664557	1.58
90.44493022961927	1.58
83.98167359709366	1.58
115.65289335988481	1.58
79.63215864594638	1.58
88.69243632556315	1.58
87.77207245460554	1.58
106.1942928709059	1.58
76.50346155181859	1.58
97.09585743577446	1.58
83.81324716536122	1.58
106.1942928709059	1.58
76.50346155181859	1.58
95.4584296220169	1.58
83.81324716536122	1.58
106.1942928709059	1.58
72.34918958561639	1.58
95.62858819541317	1.58
88.76827766743263	1.58
106.1942928709059	1.58
72.34918958561639	1.58
93.33042296819191	1.58
83.63716398835665	1.58
106.1942928709059	1.58
69.17139082707745	1.58
80.98929291730892	1.58
83.63716398835665	1.58
106.1942928709059	1.58
70.60429061169015	1.58
91.06300153135993	1.58
71.36289260939255	1.58
106.1942928709059	1.58
69.7216864263668	1.58
93.66481509099862	1.58
70.80767399050954	1.58
106.1942928709059	1.58
71.14788746410792	1.58
85.32258009261858	1.58
70.80767399050954	1.58
112.44771800294949	1.58
66.13588044023888	1.58
87.07204661349294	1.58
68.95028864320979	1.58
149.33341486403103	1.58
65.35946061520492	1.58
94.2912864593763	1.58
68.95028864320979	1.58
149.33341486403103	1.58
63.13132626467765	1.58
74.61791489326369	1.58
68.95028864320979	1.58
113.60893727255805	1.58
63.13132626467765	1.58
74.61791489326369	1.58
68.95028864320979	1.58
107.38988648539203	1.58
63.13132626467765	1.58
81.26520562311629	1.58
72.0611270188094	1.58
95.64160637552021	1.58
64.46077041916517	1.58
67.9979826557273	1.58
71.74367307150892	1.58
95.64160637552021	1.58
63.43726592040195	1.58
69.45613230642172	1.58
71.74367307150892	1.58
97.8342559046783	1.58
62.17376624550028	1.58
72.05437856246266	1.58
71.74367307150892	1.58
102.61010385146811	1.58
57.07412875564741	1.58
81.69477647418009	1.58
71.74367307150892	1.58
102.61010385146811	1.58
65.17860048057639	1.58
81.69477647418009	1.58
74.78868284222426	1.58
95.08752003116642	1.58
71.6416873643852	1.58
81.69477647418009	1.58
74.78868284222426	1.58
94.39997810240375	1.58
71.6416873643852	1.58
82.71436007760079	1.58
75.21436021322458	1.58
89.07958803797422	1.58
71.49419967629561	1.58
81.54997432207057	1.58
75.34208775097139	1.58
102.14641072056702	1.58
71.0059800184596	1.58
71.25822893732874	1.58
74.38599325403496	1.58
92.81093475744186	1.58
70.79229404031364	1.58
77.81651665450005	1.58
76.46803138430838	1.58
107.48948731634928	1.58
70.79229404031364	1.58
76.65280094677851	1.58
78.63880738880287	1.58
104.0814983171206	1.58
70.79229404031364	1.58
78.96853648333446	1.58
78.63880738880287	1.58
104.0814983171206	1.58
70.29166134164556	1.58
69.94349172977978	1.58
86.21093587511882	1.58
104.0814983171206	1.58
78.2244350179173	1.58
69.94349172977978	1.58
84.15978374244614	1.58
111.82150585185607	1.58
78.05082076871449	1.58
69.94349172977978	1.58
84.15978374244614	1.58
106.83233182140395	1.58
79.14327043476399	1.58
69.94349172977978	1.58
88.2846736004196	1.58
106.83233182140395	1.58
76.49167216117993	1.58
69.94349172977978	1.58
77.60810122482815	1.58
106.83233182140395	1.58
77.9355270208143	1.58
69.94349172977978	1.58
73.1218693340023	1.58
101.24930849375313	1.58
79.71979951583161	1.58
69.94349172977978	1.58
74.06470814878202	1.58
93.34626909313688	1.58
83.40734789887517	1.58
62.82560580565226	1.58
74.06470814878202	1.58
93.34626909313688	1.58
92.02640640762539	1.58
70.41631689532588	1.58
72.79470037125088	1.58
107.550787039602	1.58
97.57899223291011	1.58
70.41631689532588	1.58
72.79470037125088	1.58
107.550787039602	1.58
102.58235446117524	1.58
70.41631689532588	1.58
81.334502916069	1.58
107.550787039602	1.58
108.13322827960576	1.58
70.41631689532588	1.58
85.4908557608043	1.58
98.98980916186278	1.58
108.13322827960576	1.58
70.41631689532588	1.58
85.24813351292738	1.58
91.76927856696486	1.58
111.15547100423336	1.58
70.41631689532588	1.58
85.58900439205263	1.58
96.77798515797159	1.58
111.15547100423336	1.58
70.41631689532588	1.58
87.57920749896114	1.58
96.77798515797159	1.58
129.7999794795853	1.58
70.41631689532588	1.58
89.41911204131739	1.58
96.77798515797159	1.58
132.99220590472987	1.58
70.41631689532588	1.58
78.67623352190441	1.58
90.5536615634047	1.58
156.5241261003781	1.58
70.41631689532588	1.58
70.1160600862457	1.58
99.57970512379993	1.58
156.5241261003781	1.58
70.41631689532588	1.58
70.1160600862457	1.58
111.07082591965202	1.58
156.5241261003781	1.58
74.26070816563598	1.58
70.1160600862457	1.58
93.23913035844062	1.58
156.5241261003781	1.58
74.26070816563598	1.58
70.1160600862457	1.58
91.77318493191797	1.58
156.5241261003781	1.58
82.43998881848523	1.58
74.09766233491848	1.58
91.77318493191797	1.58
134.72671987967385	1.58
73.48462900084851	1.58
73.24008742893925	1.58
91.43331557945169	1.58
124.28438144680449	1.58
81.64447769792996	1.58
91.84912015751405	1.58
95.64981938042787	1.58
114.38552815285895	1.58
66.48084698138678	1.58
91.06204268299929	1.58
94.29600940764803	1.58
132.77660275594405	1.58
66.48084698138678	1.58
90.99901246321473	1.58
103.83192252388463	1.58
123.0753739471997	1.58
66.48084698138678	1.58
81.62343375430176	1.58
103.83192252388463	1.58
123.0753739471997	1.58
84.4464062851986	1.58
81.62343375430176	1.58
103.83192252388463	1.58
123.55525268332407	1.58
84.4464062851986	1.58
81.62343375430176	1.58
114.84775150736223	1.58
136.75680614332782	1.58
84.4464062851986	1.58
81.62343375430176	1.58
125.89958873245168	1.58
142.60544516463608	1.58
96.22916528036177	1.58
81.62343375430176	1.58
122.66737994891145	1.58
134.33177155904315	1.58
96.22916528036177	1.58
81.62343375430176	1.58
145.7152078926156	1.58
145.1387296306032	1.58
100.9297017345325	1.58
81.62343375430176	1.58
143.87686035609175	1.58
145.1387296306032	1.58
86.20763652020784	1.58
81.62343375430176	1.58
143.87686035609175	1.58
144.787370741529	1.58
75.46658735384624	1.58
102.70625666312054	1.58
153.33185528455346	1.58
128.80429173545645	1.58
75.46658735384624	1.58
86.11635233155152	1.58
153.33185528455346	1.58
132.03608777272882	1.58
75.46658735384624	1.58
105.18288802093507	1.58
153.33185528455346	1.58
132.03608777272882	1.58
75.46658735384624	1.58
81.47377926861923	1.58
148.47694181769833	1.58
123.59043981230408	1.58
75.46658735384624	1.58
81.47377926861923	1.58
148.47694181769833	1.58
118.0825616505624	1.58
82.34887137988977	1.58
81.47377926861923	1.58
148.47694181769833	1.58
124.84594442742069	1.58
82.34887137988977	1.58
81.47377926861923	1.58
148.47694181769833	1.58
124.84594442742069	1.58
80.20272532695306	1.58
81.47377926861923	1.58
124.62363473302263	1.58
120.03189352869195	1.58
80.20272532695306	1.58
81.47377926861923	1.58
125.3535308379922	1.58
142.53473078766234	1.58
93.3172479338954	1.58
81.47377926861923	1.58
142.27159472983388	1.58
142.53473078766234	1.58
81.92050876090877	1.58
81.47377926861923	1.58
141.30921879354727	1.58
142.53473078766234	1.58
87.43740459853612	1.58
81.47377926861923	1.58
141.30921879354727	1.58
138.2260236779212	1.58
80.73151523788613	1.58
81.47377926861923	1.58
141.30921879354727	1.58
123.42640614615038	1.58
83.60201898584634	1.58
81.47377926861923	1.58
143.62828728678915	1.58
105.94122743550288	1.58
75.68929065181052	1.58
81.47377926861923	1.58
110.1460442068299	1.58
120.6344372585055	1.58
75.68929065181052	1.58
84.29712813543651	1.58
104.67267902591371	1.58
132.21571630132757	1.58
75.68929065181052	1.58
65.3787811705264	1.58
86.11636101217981	1.58
110.35326869226387	1.58
75.68929065181052	1.58
53.133716219187185	1.58
82.97850349299426	1.58
94.77793706430359	1.58
75.68929065181052	1.58
52.286497808154095	1.58
93.30360838252511	1.58
103.27474164844381	1.58
75.68929065181052	1.58
49.37459271205101	1.58
89.76065551189143	1.58
89.28955556212472	1.58
81.03951126646704	1.58
65.74966457304076	1.58
92.52452575390637	1.58
87.2078658019487	1.58
81.03951126646704	1.58
69.35883866153	1.58
91.07987636664106	1.58
82.61717383223137	1.58
78.08088752277389	1.58
69.94984105289836	1.58
96.43364407306434	1.58
90.03758029681585	1.58
73.54959998236805	1.58
69.94984105289836	1.58
109.14539414092846	1.58
82.60546472152792	1.58
76.44428078606381	1.58
69.94984105289836	1.58
97.02264603340413	1.58
86.86757227305573	1.58
73.15126089271261	1.58
69.94984105289836	1.58
104.04951366958164	1.58
98.82109918875302	1.58
73.15126089271261	1.58
76.08662421547044	1.58
91.76412552660142	1.58
106.38207213869748	1.58
73.15126089271261	1.58
80.26518853269113	1.58
93.3602062843038	1.58
112.21696815755453	1.58
73.15126089271261	1.58
80.26518853269113	1.58
87.99086280915103	1.58
114.88451892781566	1.58
73.15126089271261	1.58
57.35970324263536	1.58
91.57328446927954	1.58
103.46945013300008	1.58
73.15126089271261	1.58
70.91599160737375	1.58
84.31440913227368	1.58
97.93516850634813	1.58
67.78218769391594	1.58
70.91599160737375	1.58
100.34786270870417	1.58
89.70960346457636	1.58
67.78218769391594	1.58
70.91599160737375	1.58
100.34786270870417	1.58
104.53886113317469	1.58
67.78218769391594	1.58
70.91599160737375	1.58
97.35333053971328	1.58
123.39206113519424	1.58
78.2329684464566	1.58
65.53842007404347	1.58
97.35333053971328	1.58
140.3003173954537	1.58
102.13034313958178	1.58
65.53842007404347	1.58
97.35333053971328	1.58
140.3003173954537	1.58
100.36995599320207	1.58
95.28603639999949	1.58
96.59561842512797	1.58
131.37531013917825	1.58
101.45642412455389	1.58
94.95398015540324	1.58
96.59561842512797	1.58
136.02468293934095	1.58
99.33264595119253	1.58
94.81966826910963	1.58
96.76967699490942	1.58
147.27989280870867	1.58
85.2111177798289	1.58
91.59242620408719	1.58
98.20187263268062	1.58
147.27989280870867	1.58
77.30972785097055	1.58
85.36963347659041	1.58
111.28944468281789	1.58
139.35061212952212	1.58
77.30972785097055	1.58
85.36963347659041	1.58
105.46167828313956	1.58
115.80494895907363	1.58
77.30972785097055	1.58
70.63690041853607	1.58
105.46167828313956	1.58
157.1740210914808	1.58
77.30972785097055	1.58
70.63690041853607	1.58
105.46167828313956	1.58
118.05476263837176	1.58
77.30972785097055	1.58
70.63690041853607	1.58
113.89081548559832	1.58
141.9951063848734	1.58
75.3431454165794	1.58
88.91728691873705	1.58
103.67393221563091	1.58
110.96398662106276	1.58
75.3431454165794	1.58
84.5664513083563	1.58
103.67393221563091	1.58
105.75990130435662	1.58
75.3431454165794	1.58
87.64833759066342	1.58
103.67393221563091	1.58
105.75990130435662	1.58
88.4588690576841	1.58
92.84336826552747	1.58
102.17942574896645	1.58
105.75990130435662	1.58
76.72289119364545	1.58
86.54565120196516	1.58
101.95467018616958	1.58
100.67312794866315	1.58
78.84079651426948	1.58
86.54565120196516	1.58
101.95467018616958	1.58
103.27428246675575	1.58
70.15210751239854	1.58
73.50578323138626	1.58
128.14792723758552	1.58
103.27428246675575	1.58
70.15210751239854	1.58
96.29087801089813	1.58
117.80988007953171	1.58
106.71263794472446	1.58
71.27757662773018	1.58
96.29087801089813	1.58
106.4220257152181	1.58
106.71263794472446	1.58
71.27757662773018	1.58
93.96285622827408	1.58
106.4220257152181	1.58
106.71263794472446	1.58
76.7963110777175	1.58
87.4941982486829	1.58
113.9864053467965	1.58
107.67002349607162	1.58
76.7963110777175	1.58
75.67191072772047	1.58
107.02158751120818	1.58
108.51234524884939	1.58
76.7963110777175	1.58
75.67191072772047	1.58
108.84870393586924	1.58
108.51234524884939	1.58
91.1719255945211	1.58
82.9876845143691	1.58
105.58664115206564	1.58
104.0669500238622	1.58
83.32351747273552	1.58
82.88711470159272	1.58
105.58664115206564	1.58
110.52060601637112	1.58
81.81533237016835	1.58
82.88711470159272	1.58
106.49400096916345	1.58
99.57568418084765	1.58
84.3893867925749	1.58
90.63188599961131	1.58
106.49400096916345	1.58
99.57568418084765	1.58
81.42620206559897	1.58
90.89405242511285	1.58
106.49400096916345	1.58
113.33350366268216	1.58
90.50526628389702	1.58
82.90739752774051	1.58
111.08163500476066	1.58
113.33350366268216	1.58
80.01561427044177	1.58
94.86861293880878	1.58
117.18149332619237	1.58
113.20986506350505	1.58
80.01561427044177	1.58
75.40286928652898	1.58
98.1494053756692	1.58
133.24914214210264	1.58
101.47646045909815	1.58
75.40286928652898	1.58
95.31817408969138	1.58
133.24914214210264	1.58
75.41679803377764	1.58
75.40286928652898	1.58
96.33675360815438	1.58
149.9315420824503	1.58
75.41679803377764	1.58
87.6357800997954	1.58
96.90351050201097	1.58
153.9686173760963	1.58
75.41679803377764	1.58
101.2739196792586	1.58
88.3892630560692	1.58
146.48597309606618	1.58
75.41679803377764	1.58
88.38074922953805	1.58
88.39356739502182	1.58
146.48597309606618	1.58
75.41679803377764	1.58
88.38074922953805	1.58
88.39571458078449	1.58
146.48597309606618	1.58
75.41679803377764	1.58
88.52885425794233	1.58
88.4114031299033	1.58
146.48597309606618	1.58
84.02367863261817	1.58
88.52885425794233	1.58
88.47271494474202	1.58
132.29241257829895	1.58
86.05415872356632	1.58
74.56799619794349	1.58
101.76459580880964	1.58
118.07997580456687	1.58
86.05415872356632	1.58
78.36076059032186	1.58
101.76459580880964	1.58
131.4350275192244	1.58
86.05415872356632	1.58
101.77866663546462	1.58
101.7510237664216	1.58
131.4350275192244	1.58
84.74825952690784	1.58
101.79015873175435	1.58
105.0918021527479	1.58
131.4350275192244	1.58
83.47359143978439	1.58
101.79015873175435	1.58
105.03520783574884	1.58
121.72008717634897	1.58
79.53017498558958	1.58
103.00191048574393	1.58
105.03520783574884	1.58
115.91752965789283	1.58
74.10373480388289	1.58
102.7523467302081	1.58
106.24522652834271	1.58
150.44612408991333	1.58
75.52701879895076	1.58
99.6237827490432	1.58
106.24522652834271	1.58
150.44612408991333	1.58
75.52701879895076	1.58
96.7753999736533	1.58
106.24522652834271	1.58
150.44612408991333	1.58
75.52701879895076	1.58
91.95345640305048	1.58
103.75298506139747	1.58
150.44612408991333	1.58
75.52701879895076	1.58
91.55077276156368	1.58
126.05376691677107	1.58
150.44612408991333	1.58
75.52701879895076	1.58
70.92008406206806	1.58
126.05376691677107	1.58
114.13806574417902	1.58
75.52701879895076	1.58
70.92008406206806	1.58
108.63714789717105	1.58
103.80663054641045	1.58
75.52701879895076	1.58
85.0365346791092	1.58
108.63714789717105	1.58
98.79747480337953	1.58
78.87820168313026	1.58
83.34540789064222	1.58
102.7315331504506	1.58
115.2609756405612	1.58
78.87820168313026	1.58
83.34540789064222	1.58
102.7315331504506	1.58
123.89200634326198	1.58
78.87820168313026	1.58
83.34540789064222	1.58
99.03231126676447	1.58
157.09054329986574	1.58
78.87820168313026	1.58
86.15436594750177	1.58
105.97825170909235	1.58
157.09054329986574	1.58
78.87820168313026	1.58
96.58986834709636	1.58
107.28055935395886	1.58
129.2500025529014	1.58
78.87820168313026	1.58
90.55885895900803	1.58
107.28055935395886	1.58
127.5643145676612	1.58
69.68799589531262	1.58
84.82634390807553	1.58
107.1411238321366	1.58
127.5643145676612	1.58
73.25325994907521	1.58
74.4956558047227	1.58
109.23088139137414	1.58
106.75634068681168	1.58
73.25325994907521	1.58
78.34031292665937	1.58
136.61366437807618	1.58
106.75634068681168	1.58
73.25325994907521	1.58
78.34031292665937	1.58
136.61366437807618	1.58
107.4816780732482	1.58
73.25325994907521	1.58
78.34031292665937	1.58
136.46080042173674	1.58
107.4816780732482	1.58
73.25325994907521	1.58
75.09327861865923	1.58
149.5124668982785	1.58
117.36522579773592	1.58
73.25325994907521	1.58
75.09327861865923	1.58
133.72681609826552	1.58
126.79246051132512	1.58
66.87710490933813	1.58
75.09327861865923	1.58
124.15795171226146	1.58
112.73179362982074	1.58
78.73918829474725	1.58
70.72017188402101	1.58
124.15795171226146	1.58
98.64449820061444	1.58
73.28030388616342	1.58
70.72017188402101	1.58
120.81245183812248	1.58
98.64449820061444	1.58
72.1461759267278	1.58
70.72017188402101	1.58
97.46626871818837	1.58
123.21432881488425	1.58
82.24059193138082	1.58
88.69180177711742	1.58
92.45718508273856	1.58
103.075311297643	1.58
91.85504115366524	1.58
84.97647800795323	1.58
90.49060129783223	1.58
96.1255748590541	1.58
92.52577414616424	1.58
81.39710951810173	1.58
89.09251859961158	1.58
97.19887218372513	1.58
91.17160818170682	1.58
84.38395999264843	1.58
89.94404183319268	1.58
97.19887218372513	1.58
92.33686430439296	1.58
85.30877762453	1.58
89.94404183319268	1.58
94.92003079679907	1.58
93.22501539004962	1.58
86.56509519811567	1.58
89.41963901304456	1.58
96.49132582573867	1.58
90.64627422967833	1.58
82.53928338799597	1.58
89.27003482830983	1.58
104.95076959310393	1.58
81.236755483025	1.58
83.53217997926691	1.58
89.27003482830983	1.58
104.95076959310393	1.58
81.236755483025	1.58
80.51853547321397	1.58
86.81671988493633	1.58
122.6650229798104	1.58
81.236755483025	1.58
71.37821798467249	1.58
91.0981901205083	1.58
122.6650229798104	1.58
78.31831953451655	1.58
62.11079908346113	1.58
91.0981901205083	1.58
152.91559960719627	1.58
76.15623734104378	1.58
62.11079908346113	1.58
84.55416838551986	1.58
152.91559960719627	1.58
86.18652230581137	1.58
62.11079908346113	1.58
84.81859908655555	1.58
141.77979340205525	1.58
86.14252950885508	1.58
62.11079908346113	1.58
84.49417036065066	1.58
138.8258034185411	1.58
78.38190222921948	1.58
54.460064694419216	1.58
89.62059388923447	1.58
143.4439861675587	1.58
78.38190222921948	1.58
54.460064694419216	1.58
97.50171960547418	1.58
121.79989044122298	1.58
85.67026553808887	1.58
74.19220635727171	1.58
97.50171960547418	1.58
121.05081714954994	1.58
80.33373230490935	1.58
74.19220635727171	1.58
97.50171960547418	1.58
145.64429480076276	1.58
79.92572413331771	1.58
80.7083465070973	1.58
97.50171960547418	1.58
144.71278206535806	1.58
79.92572413331771	1.58
80.7083465070973	1.58
96.2888654395913	1.58
144.71278206535806	1.58
77.21426458518168	1.58
80.7083465070973	1.58
112.64277851630004	1.58
141.85599461441993	1.58
77.21426458518168	1.58
82.69208833626573	1.58
98.968953600978	1.58
151.9383107966126	1.58
77.21426458518168	1.58
86.60467479777687	1.58
98.968953600978	1.58
151.9383107966126	1.58
87.57088497450907	1.58
83.0402890968748	1.58
98.968953600978	1.58
151.9383107966126	1.58
78.58084318587817	1.58
81.32267219050206	1.58
104.24238786330046	1.58
151.9383107966126	1.58
80.36304745516263	1.58
77.80347391866903	1.58
104.24238786330046	1.58
146.00490823013155	1.58
91.28042368536809	1.58
71.5066633998119	1.58
126.02878962700507	1.58
135.064810073283	1.58
99.51069579072819	1.58
80.92204924754712	1.58
127.32957987371586	1.58
127.1244657576915	1.58
100.01029366051046	1.58
76.4094221571886	1.58
129.34653281043975	1.58
144.48640769726262	1.58
75.17801314341892	1.58
71.20569778964796	1.58
105.96189188998423	1.58
153.83125226270295	1.58
108.0163695387759	1.58
88.51185593397486	1.58
105.96189188998423	1.58
135.39577191455598	1.58
96.29858629922668	1.58
88.51185593397486	1.58
102.99513112823503	1.58
120.15175529644776	1.58
75.05473548281853	1.58
75.00677571266607	1.58
103.6879398064113	1.58
137.73198429424792	1.58
75.05473548281853	1.58
75.00677571266607	1.58
112.3914810344432	1.58
156.3341645212138	1.58
75.05473548281853	1.58
75.00677571266607	1.58
134.55499168312005	1.58
156.3341645212138	1.58
95.31041683201673	1.58
85.12895285565985	1.58
134.55499168312005	1.58
156.3341645212138	1.58
95.31041683201673	1.58
85.12895285565985	1.58
134.55499168312005	1.58
156.3341645212138	1.58
95.31041683201673	1.58
83.70399990168265	1.58
134.55499168312005	1.58
125.95521590079959	1.58
106.50960251739657	1.58
83.67889120663665	1.58
130.52169651354933	1.58
110.72175577017937	1.58
108.19773166616854	1.58
83.67889120663665	1.58
110.26742659983998	1.58
113.02205052812101	1.58
108.19773166616854	1.58
83.67889120663665	1.58
112.26881665125539	1.58
112.29531902710758	1.58
104.34481714244265	1.58
83.67889120663665	1.58
112.26881665125539	1.58
114.24171946619218	1.58
95.12767790949638	1.58
83.67889120663665	1.58
102.29385296668534	1.58
134.3931133337534	1.58
92.25000769484984	1.58
73.44502123288105	1.58
108.16798764760608	1.58
136.39065765765443	1.58
91.38251704618988	1.58
73.44502123288105	1.58
92.99891847165368	1.58
136.39065765765443	1.58
91.38251704618988	1.58
96.83374111520624	1.58
94.6074102709499	1.58
120.24477168564391	1.58
92.89880181817273	1.58
96.83374111520624	1.58
95.32755905025812	1.58
122.87809325057337	1.58
95.37563967705418	1.58
83.31872497022209	1.58
95.28544781379121	1.58
121.774326856863	1.58
95.37563967705418	1.58
88.48865746884218	1.58
95.2909700308059	1.58
109.68045862864007	1.58
88.64768863186295	1.58
98.15777089453536	1.58
101.3384507716397	1.58
109.10686579369288	1.58
86.41190980072358	1.58
91.20778626208502	1.58
101.3384507716397	1.58
109.10686579369288	1.58
85.72915638464542	1.58
85.26114377773337	1.58
106.05060010574817	1.58
119.67056789145838	1.58
81.01654064703317	1.58
87.7943078083332	1.58
106.05060010574817	1.58
117.46986818580365	1.58
81.01654064703317	1.58
86.73625689492913	1.58
106.05060010574817	1.58
141.07609864023718	1.58
81.01654064703317	1.58
86.73625689492913	1.58
106.05060010574817	1.58
141.07609864023718	1.58
83.63046854846459	1.58
86.73625689492913	1.58
106.05060010574817	1.58
153.21243356253495	1.58
87.97359809373359	1.58
70.13265639541275	1.58
120.73479099805152	1.58
140.55846782231174	1.58
87.97359809373359	1.58
94.53053273798875	1.58
107.82290100889222	1.58
140.55846782231174	1.58
87.97359809373359	1.58
88.41200036390715	1.58
101.99458655200755	1.58
134.00435741393412	1.58
100.27061315461553	1.58
80.38601491106257	1.58
101.99458655200755	1.58
130.8304079363355	1.58
99.56924836509447	1.58
79.77028469161348	1.58
92.0918183346725	1.58
127.10986636502102	1.58
102.92842077973451	1.58
88.88958051650947	1.58
89.73919362194785	1.58
127.10986636502102	1.58
101.12946499317465	1.58
104.82889755711022	1.58
86.81537739141437	1.58
144.604909809019	1.58
94.31374893776152	1.58
104.82889755711022	1.58
73.51421072413645	1.58
126.42453126494914	1.58
100.41596098274755	1.58
96.56037592794482	1.58
73.51421072413645	1.58
114.35139201736578	1.58
93.21123006396618	1.58
96.56037592794482	1.58
67.62093947216309	1.58
125.22080168534178	1.58
93.21123006396618	1.58
75.55457881611552	1.58
69.35514040949462	1.58
128.9368303449076	1.58
84.50104298679783	1.58
72.63321734354548	1.58
76.37440918153332	1.58
112.96677281517331	1.58
84.50104298679783	1.58
74.41543917829296	1.58
77.35844761749351	1.58
107.43158269370372	1.58
84.50104298679783	1.58
73.95223065589698	1.58
80.3459223661247	1.58
94.10928790244007	1.58
88.13628650895153	1.58
82.47824710852392	1.58
81.16836943235927	1.58
91.9319743062489	1.58
85.92835423395375	1.58
83.16457261323109	1.58
79.25785965845746	1.58
93.59069615021942	1.58
83.64312152636961	1.58
85.37432362423476	1.58
79.13407420285694	1.58
101.13846543071935	1.58
90.12876710235967	1.58
86.31081165122735	1.58
76.56379090845334	1.58
98.28597358267217	1.58
93.67730014295304	1.58
80.19805954338213	1.58
76.56379090845334	1.58
95.54111347232319	1.58
93.67730014295304	1.58
78.73831770705516	1.58
76.56379090845334	1.58
87.31781428303466	1.58
94.43930624759832	1.58
79.00527155064138	1.58
77.33698612376268	1.58
95.58373499001841	1.58
87.8056084041998	1.58
84.4075472874147	1.58
77.74182502488503	1.58
95.58373499001841	1.58
97.38314659410506	1.58
81.09528904872738	1.58
79.0697962207473	1.58
98.80240789739472	1.58
97.38314659410506	1.58
81.09528904872738	1.58
79.05970097001062	1.58
98.77507395271488	1.58
97.38314659410506	1.58
80.53580158146681	1.58
79.19555945722219	1.58
99.97604490878047	1.58
98.10255982316507	1.58
80.53580158146681	1.58
79.19555945722219	1.58
99.71882837246689	1.58
98.37078953022102	1.58
83.45113558201784	1.58
79.19555945722219	1.58
99.99653416072758	1.58
111.00035161174709	1.58
82.59490525735417	1.58
79.19555945722219	1.58
91.27463853230029	1.58
111.00035161174709	1.58
83.22512615907308	1.58
80.43434573618579	1.58
97.32725184342812	1.58
99.63416197571003	1.58
84.48965940357256	1.58
79.85453123155588	1.58
95.58050704331828	1.58
96.91921323352399	1.58
84.22539296311082	1.58
76.87646509873751	1.58
95.58050704331828	1.58
97.31395058217606	1.58
84.22539296311082	1.58
77.07505111925295	1.58
94.67838334009232	1.58
97.04375183198947	1.58
85.53603738088017	1.58
79.13199530536345	1.58
101.09006886872172	1.58
93.33831758524622	1.58
83.31895311764755	1.58
75.8947245315321	1.58
105.18629354277938	1.58
94.17950739154384	1.58
87.5053671095138	1.58
75.8947245315321	1.58
105.18629354277938	1.58
84.77643724800498	1.58
86.03611089402374	1.58
78.14523337785285	1.58
105.18629354277938	1.58
94.48859879121689	1.58
85.16758403077796	1.58
78.14523337785285	1.58
106.09502279484713	1.58
87.70613781470338	1.58
84.36750376137073	1.58
78.14523337785285	1.58
106.09502279484713	1.58
96.05418907576149	1.58
89.87955231449635	1.58
79.39582171297823	1.58
106.09502279484713	1.58
100.04224073523467	1.58
95.09959069192854	1.58
71.30591467784029	1.58
106.35986812543196	1.58
91.01962785883958	1.58
95.09959069192854	1.58
71.30591467784029	1.58
106.35986812543196	1.58
89.50593338798875	1.58
91.67813228787516	1.58
71.30591467784029	1.58
109.81839403931622	1.58
89.50593338798875	1.58
97.1997909069988	1.58
71.30591467784029	1.58
123.26800784869346	1.58
80.64916922054832	1.58
80.90999238601441	1.58
71.67468376389013	1.58
137.36926310635778	1.58
82.54623369037024	1.58
89.28471614987473	1.58
71.67468376389013	1.58
137.36926310635778	1.58
77.54485239454162	1.58
72.31561835515062	1.58
71.54777011745534	1.58
154.37939761272673	1.58
77.54485239454162	1.58
70.75827027943382	1.58
71.54777011745534	1.58
154.37939761272673	1.58
77.98976938215519	1.58
70.75827027943382	1.58
71.88067386973053	1.58
115.29363469755202	1.58
75.86069477415133	1.58
70.40048522290019	1.58
70.61696415152092	1.58
110.69009523667746	1.58
75.14984617504686	1.58
70.41880992214513	1.58
70.6069861576687	1.58
110.69009523667746	1.58
75.53495957798165	1.58
70.41880992214513	1.58
70.5909827791508	1.58
109.21876248369733	1.58
75.53495957798165	1.58
82.85290989332242	1.58
69.457621340965	1.58
100.5677268852299	1.58
76.87864333586045	1.58
87.08145811888033	1.58
74.9351480827198	1.58
112.50579290313348	1.58
76.87864333586045	1.58
96.14866309431258	1.58
68.80271717494409	1.58
116.75849189423725	1.58
76.87864333586045	1.58
100.91883378956285	1.58
68.80271717494409	1.58
104.2380467804336	1.58
89.74610970410316	1.58
100.91883378956285	1.58
68.80271717494409	1.58
111.35125269948219	1.58
89.74610970410316	1.58
100.91883378956285	1.58
68.80271717494409	1.58
112.98662776871879	1.58
82.87339750329625	1.58
100.02140443012746	1.58
72.66689546865022	1.58
118.20753393626433	1.58
82.87339750329625	1.58
89.87152324372622	1.58
72.66689546865022	1.58
117.55752367853528	1.58
82.87339750329625	1.58
86.26303605549134	1.58
72.66689546865022	1.58
114.4384712184387	1.58
80.58905294175048	1.58
86.26303605549134	1.58
72.66689546865022	1.58
111.17554149993418	1.58
85.6706295707792	1.58
82.29290621190177	1.58
72.66689546865022	1.58
111.17554149993418	1.58
80.78481115902132	1.58
82.56964954802561	1.58
72.66689546865022	1.58
125.76669944538037	1.58
80.78481115902132	1.58
83.46365457100596	1.58
72.66689546865022	1.58
149.52183790633256	1.58
99.05305676280283	1.58
100.61667643637841	1.58
72.66689546865022	1.58
149.52183790633256	1.58
99.05305676280283	1.58
104.95093308648369	1.58
72.66689546865022	1.58
149.52183790633256	1.58
99.05305676280283	1.58
109.32737826397482	1.58
72.66689546865022	1.58
149.52183790633256	1.58
114.09532859930519	1.58
132.62353874630242	1.58
72.66689546865022	1.58
144.91700722457875	1.58
112.62508055053695	1.58
132.62353874630242	1.58
72.66689546865022	1.58
144.83657062491565	1.58
119.08663335675496	1.58
131.26201907932818	1.58
72.66689546865022	1.58
135.17172453112764	1.58
103.59222105192225	1.58
129.786179842326	1.58
72.66689546865022	1.58
135.17172453112764	1.58
75.84970457680313	1.58
129.364661935778	1.58
73.56575802612626	1.58
143.82233071246281	1.58
75.84970457680313	1.58
118.13226707593459	1.58
74.34719439510032	1.58
143.82233071246281	1.58
95.30314962080732	1.58
118.13226707593459	1.58
78.27327181189995	1.58
143.82233071246281	1.58
75.57336383777876	1.58
118.13226707593459	1.58
90.62250044799033	1.58
143.83327719901035	1.58
75.57336383777876	1.58
104.80273626771915	1.58
90.62250044799033	1.58
143.83327719901035	1.58
73.92885836516271	1.58
76.18855649993112	1.58
92.34237861343411	1.58
143.83327719901035	1.58
79.44293249258456	1.58
83.55417328969132	1.58
91.86297858920105	1.58
129.58435919195654	1.58
83.15629735798535	1.58
85.4161923101022	1.58
93.15124080580624	1.58
129.58435919195654	1.58
74.59605919191353	1.58
97.51926470870501	1.58
94.60769422135331	1.58
126.93262370331216	1.58
70.06235442473356	1.58
86.68717577738147	1.58
94.60769422135331	1.58
127.08111361391553	1.58
70.06235442473356	1.58
90.18653411753908	1.58
98.88230916719621	1.58
143.28190534434094	1.58
70.06235442473356	1.58
90.18653411753908	1.58
97.14881120936653	1.58
147.57758635101197	1.58
80.72170323355064	1.58
78.68149072288506	1.58
91.30592348593876	1.58
157.3102210317491	1.58
80.72170323355064	1.58
85.43424418033118	1.58
94.90151689568022	1.58
157.3102210317491	1.58
82.17529546377104	1.58
83.01417948563844	1.58
97.8192070123797	1.58
157.3102210317491	1.58
82.17529546377104	1.58
94.43087902158952	1.58
97.42300026209894	1.58
157.3102210317491	1.58
82.17529546377104	1.58
94.43087902158952	1.58
97.42300026209894	1.58
157.3102210317491	1.58
90.40085347628232	1.58
107.75703322431636	1.58
97.42300026209894	1.58
157.953458370481	1.58
83.85931780033292	1.58
109.90143780313758	1.58
98.11627901566852	1.58
157.953458370481	1.58
83.85931780033292	1.58
109.90143780313758	1.58
86.95155458284415	1.58
157.953458370481	1.58
83.85931780033292	1.58
109.90143780313758	1.58
90.47646978491593	1.58
157.953458370481	1.58
82.88481584890688	1.58
98.2270432684481	1.58
95.60873114878571	1.58
157.953458370481	1.58
117.6103236015073	1.58
100.71335219023676	1.58
105.37620596194262	1.58
157.953458370481	1.58
100.26507396558911	1.58
128.41892662017702	1.58
91.1854688951538	1.58
157.953458370481	1.58
100.26507396558911	1.58
145.5439573175892	1.58
91.1854688951538	1.58
157.953458370481	1.58
108.11234477184871	1.58
136.1501542277019	1.58
89.93758465775052	1.58
157.953458370481	1.58
108.11234477184871	1.58
131.37181253325883	1.58
91.64841575059859	1.58
147.3280269383769	1.58
71.4812446939696	1.58
131.37181253325883	1.58
100.95424206150979	1.58
153.31028126821883	1.58
71.4812446939696	1.58
129.85529341244086	1.58
109.6748359433412	1.58
151.84255586340572	1.58
90.37841684336871	1.58
121.22329876351587	1.58
109.6748359433412	1.58
151.84255586340572	1.58
90.37841684336871	1.58
115.79679709121399	1.58
109.6748359433412	1.58
151.84255586340572	1.58
90.37841684336871	1.58
113.25983799503288	1.58
109.4117347847036	1.58
151.84255586340572	1.58
97.70912024423208	1.58
85.00653083124082	1.58
109.4117347847036	1.58
151.84255586340572	1.58
97.70912024423208	1.58
85.00653083124082	1.58
124.61594970398154	1.58
151.84255586340572	1.58
107.078627475197	1.58
78.8715091512043	1.58
111.65966599559383	1.58
151.84255586340572	1.58
105.92647434460783	1.58
55.74521532809578	1.58
109.53829859539816	1.58
146.17102473997022	1.58
102.58330314603437	1.58
55.74521532809578	1.58
110.1433571158417	1.58
146.17102473997022	1.58
99.92311998881051	1.58
55.74521532809578	1.58
110.58665275477009	1.58
114.0191813183248	1.58
90.65133617870062	1.58
55.74521532809578	1.58
103.64734277709114	1.58
114.34721599226555	1.58
78.44882838327706	1.58
55.74521532809578	1.58
92.20885788512047	1.58
103.89711616921448	1.58
78.44882838327706	1.58
63.30732998084024	1.58
89.43423005223596	1.58
103.89711616921448	1.58
80.59514926706512	1.58
63.30732998084024	1.58
89.52279427863358	1.58
109.44003641972157	1.58
84.14033064403111	1.58
82.82497695867032	1.58
89.52279427863358	1.58
115.78019800586611	1.58
79.65106188817248	1.58
77.47667623403039	1.58
95.12266718491233	1.58
116.01277408234989	1.58
71.78550451922501	1.58
77.47667623403039	1.58
102.94503463895443	1.58
132.78046242115875	1.58
71.78550451922501	1.58
77.47667623403039	1.58
102.94503463895443	1.58
132.78046242115875	1.58
72.80511980177445	1.58
98.06869593591585	1.58
102.8593188167712	1.58
128.11010450037614	1.58
72.80511980177445	1.58
94.02824287254768	1.58
109.96528643991269	1.58
127.17218846816736	1.58
72.80511980177445	1.58
86.83636171420638	1.58
109.96528643991269	1.58
131.8257978654413	1.58
72.80511980177445	1.58
86.83636171420638	1.58
109.96528643991269	1.58
147.82480345717238	1.58
88.02912624199985	1.58
86.83636171420638	1.58
109.96528643991269	1.58
147.82480345717238	1.58
72.64088863125917	1.58
86.83636171420638	1.58
98.98377334161694	1.58
145.5381141463277	1.58
72.64088863125917	1.58
80.66141134207601	1.58
103.12939964197695	1.58
133.1147715313435	1.58
85.05423759459856	1.58
80.66141134207601	1.58
103.12939964197695	1.58
133.1147715313435	1.58
85.05423759459856	1.58
98.14549055550538	1.58
102.56396321053447	1.58
133.1147715313435	1.58
90.46697920790989	1.58
98.14549055550538	1.58
104.12967970043096	1.58
123.72611537086084	1.58
90.46697920790989	1.58
97.32009506104299	1.58
104.12967970043096	1.58
115.74179673587925	1.58
86.47378913803058	1.58
96.68130910243089	1.58
104.12967970043096	1.58
131.7967864585042	1.58
86.47378913803058	1.58
92.3163680818156	1.58
103.30337233615836	1.58
131.7967864585042	1.58
90.50941133920253	1.58
71.48420282736038	1.58
134.64927163409695	1.58
140.90076587508383	1.58
109.22392031814698	1.58
101.39038109521735	1.58
123.82870821370403	1.58
156.9302238972951	1.58
105.36399821871385	1.58
100.38065544781891	1.58
121.50012525847735	1.58
156.9302238972951	1.58
94.21216605916061	1.58
100.38065544781891	1.58
111.08596402091058	1.58
156.9302238972951	1.58
84.89214131610457	1.58
90.74862627538526	1.58
110.75532500499057	1.58
134.97535461117195	1.58
84.89214131610457	1.58
78.6019445040211	1.58
113.06719859597501	1.58
140.23483240255518	1.58
84.89214131610457	1.58
78.6019445040211	1.58
113.55101438824784	1.58
148.34640774362356	1.58
113.18588636389627	1.58
72.77822819050931	1.58
99.19192678004906	1.58
154.60559650426256	1.58
83.19761571350686	1.58
72.77822819050931	1.58
99.19192678004906	1.58
154.60559650426256	1.58
86.12619895348973	1.58
103.97406139958535	1.58
108.43445315321513	1.58
133.35438101239697	1.58
87.26408238785876	1.58
103.97406139958535	1.58
120.38234402049059	1.58
132.94141546243628	1.58
96.28248818754106	1.58
79.95911264069761	1.58
148.4146727857431	1.58
132.94141546243628	1.58
75.31875296093054	1.58
79.95911264069761	1.58
148.4146727857431	1.58
147.7013227581292	1.58
75.31875296093054	1.58
79.95911264069761	1.58
141.56378713306123	1.58
147.7013227581292	1.58
91.32935119096284	1.58
79.95911264069761	1.58
124.84712887359544	1.58
136.2855618151728	1.58
69.40934245384622	1.58
79.95911264069761	1.58
124.84712887359544	1.58
122.0193570644941	1.58
80.89428345471826	1.58
82.36906839406353	1.58
124.84712887359544	1.58
103.10463481367206	1.58
80.89428345471826	1.58
85.92331199574062	1.58
115.04892907156596	1.58
101.89908518091364	1.58
80.89428345471826	1.58
85.92331199574062	1.58
141.84880623669463	1.58
109.27114750386082	1.58
84.35918336955554	1.58
72.95613476654825	1.58
144.05630474181294	1.58
118.53989667996095	1.58
81.28943117374132	1.58
86.03687821972494	1.58
117.76662779608105	1.58
119.59937162939833	1.58
69.29009188135433	1.58
68.27057804028132	1.58
138.20176829739103	1.58
99.69731966250433	1.58
64.67448019280779	1.58
93.63908766722447	1.58
118.9026942001044	1.58
102.09231055190554	1.58
72.74320663396816	1.58
86.399030902717	1.58
145.5336209322113	1.58
96.31685351510103	1.58
101.54369693063032	1.58
84.32801555129822	1.58
150.86001104895237	1.58
91.67314985113994	1.58
101.54369693063032	1.58
84.32801555129822	1.58
140.57325150575247	1.58
90.30502317350917	1.58
112.58317202824847	1.58
85.7366097863379	1.58
138.7023959286597	1.58
89.05304175624516	1.58
102.60395700520182	1.58
87.33117097037392	1.58
138.7023959286597	1.58
90.59166506319642	1.58
102.60395700520182	1.58
87.33117097037392	1.58
138.7023959286597	1.58
92.71079081101455	1.58
102.60395700520182	1.58
98.49122985406842	1.58
127.20238687076954	1.58
90.49078681465635	1.58
102.87982350849835	1.58
102.03817485766366	1.58
121.19797565212946	1.58
95.27233163429737	1.58
110.76750729091086	1.58
101.8864113782175	1.58
119.20599881591124	1.58
89.02047274740468	1.58
114.70566259628268	1.58
94.48937830028636	1.58
121.14522469936958	1.58
89.01570199161829	1.58
109.83478380450916	1.58
96.80229734813828	1.58
128.69075018478773	1.58
87.18709453850288	1.58
109.83478380450916	1.58
99.19721596142143	1.58
143.81401142038925	1.58
98.4785651228463	1.58
107.3531260913193	1.58
99.36848664438452	1.58
148.90491647238144	1.58
90.02432555355585	1.58
116.93668661800359	1.58
61.26924758244064	1.58
148.90491647238144	1.58
81.83528615377247	1.58
110.45023138590385	1.58
70.35035497625468	1.58
148.90491647238144	1.58
81.83528615377247	1.58
110.45023138590385	1.58
96.80721160463497	1.58
151.5467625828221	1.58
86.36416177071493	1.58
106.78528083948028	1.58
106.50117461977692	1.58
149.51993772411544	1.58
85.55877524635079	1.58
80.29437178146266	1.58
106.50117461977692	1.58
146.90232794212835	1.58
87.30661116282849	1.58
94.55342331858532	1.58
106.50117461977692	1.58
154.0789140734856	1.58
90.88937415989948	1.58
92.96161387379146	1.58
101.17219589851652	1.58
144.49317582123103	1.58
86.66494970409379	1.58
74.32259789019564	1.58
94.23183903947836	1.58
147.86028537615786	1.58
87.52997663118518	1.58
74.32259789019564	1.58
94.23183903947836	1.58
147.86028537615786	1.58
87.03899566775026	1.58
74.32259789019564	1.58
100.60514618338831	1.58
147.86028537615786	1.58
75.43653750075981	1.58
74.32259789019564	1.58
100.60514618338831	1.58
124.26240868578556	1.58
75.43653750075981	1.58
71.27024412822692	1.58
109.79489580505684	1.58
138.40815889859672	1.58
75.43653750075981	1.58
71.27024412822692	1.58
110.99085674459708	1.58
138.40815889859672	1.58
73.77488071436586	1.58
96.1931558620991	1.58
110.99085674459708	1.58
150.89355216178717	1.58
73.77488071436586	1.58
114.86598792418835	1.58
77.12432660391632	1.58
150.89355216178717	1.58
74.56359082842283	1.58
114.86598792418835	1.58
78.30317389041164	1.58
150.89355216178717	1.58
74.56359082842283	1.58
127.8824684894326	1.58
88.91425332181737	1.58
150.89355216178717	1.58
74.56359082842283	1.58
109.98059438983289	1.58
105.90751393565259	1.58
157.42644825456355	1.58
72.88869266718719	1.58
109.98059438983289	1.58
105.90751393565259	1.58
140.92962790720821	1.58
80.04296866526117	1.58
125.16983549704813	1.58
105.90751393565259	1.58
147.2960744159268	1.58
80.04296866526117	1.58
133.8108276211556	1.58
105.90751393565259	1.58
147.2960744159268	1.58
80.04296866526117	1.58
138.086665510517	1.58
101.09193587301435	1.58
152.6705907643664	1.58
80.04296866526117	1.58
138.086665510517	1.58
108.17605397457231	1.58
147.14092968726152	1.58
86.24864219782894	1.58
129.71210491574024	1.58
103.90954925877233	1.58
154.313081025814	1.58
82.41242370491815	1.58
129.71210491574024	1.58
99.21524320199944	1.58
154.313081025814	1.58
82.41242370491815	1.58
115.16649016587948	1.58
99.21524320199944	1.58
154.313081025814	1.58
86.66180239621319	1.58
110.5398648918131	1.58
101.00248581710713	1.58
154.313081025814	1.58
73.4536042488874	1.58
103.14052658629107	1.58
91.29676033479092	1.58
154.313081025814	1.58
86.62094504321107	1.58
103.14052658629107	1.58
92.57936124419088	1.58
147.35022353416124	1.58
92.47545530796236	1.58
89.02210022187438	1.58
92.61581670516605	1.58
147.35022353416124	1.58
92.45095231015057	1.58
79.16254730453872	1.58
92.60694460163559	1.58
145.9654136573133	1.58
87.33261416008962	1.58
78.57747529765093	1.58
92.60694460163559	1.58
143.05926457606364	1.58
89.74876918067594	1.58
78.57747529765093	1.58
106.55352417353365	1.58
143.05926457606364	1.58
89.74876918067594	1.58
88.49544449738079	1.58
115.78457786534415	1.58
129.47829204739872	1.58
90.14514571614039	1.58
88.49544449738079	1.58
127.84245417398292	1.58
129.47829204739872	1.58
91.5678116151623	1.58
86.6251806309612	1.58
127.84245417398292	1.58
117.50590010217117	1.58
92.22513706057872	1.58
86.6251806309612	1.58
128.10282222456382	1.58
108.23663406639265	1.58
97.67789269059953	1.58
88.62942913638867	1.58
147.66890619925718	1.58
88.88526757688706	1.58
96.47985818733211	1.58
90.10342123244703	1.58
151.77088028931223	1.58
88.87792722889192	1.58
96.47985818733211	1.58
90.11009686104163	1.58
151.77088028931223	1.58
89.46143353763065	1.58
96.47985818733211	1.58
88.44404524957197	1.58
131.84949705926397	1.58
69.8861948018064	1.58
94.61324833188814	1.58
87.19627269787549	1.58
121.12852665269223	1.58
73.51689589507089	1.58
100.02166056459009	1.58
80.83541021892	1.58
147.89803310787158	1.58
70.7694901023392	1.58
99.23977666393274	1.58
70.52332319953493	1.58
154.845805577928	1.58
70.74963870411577	1.58
99.23977666393274	1.58
70.52332319953493	1.58
154.845805577928	1.58
70.74963870411577	1.58
99.23977666393274	1.58
66.31237478945553	1.58
154.845805577928	1.58
74.70202819804058	1.58
99.23977666393274	1.58
66.31237478945553	1.58
154.845805577928	1.58
79.88265144627907	1.58
106.39703239249837	1.58
73.7715675669612	1.58
154.845805577928	1.58
84.86060133135223	1.58
123.59407508641802	1.58
75.31235194813596	1.58
154.845805577928	1.58
89.59660540393838	1.58
97.53648077641913	1.58
75.31235194813596	1.58
154.845805577928	1.58
101.68908450046364	1.58
76.16963255023383	1.58
75.02257764700428	1.58
154.845805577928	1.58
115.40089746913642	1.58
76.16963255023383	1.58
75.10868283200794	1.58
154.845805577928	1.58
114.7773951954549	1.58
76.45341792143422	1.58
74.23383927920212	1.58
154.845805577928	1.58
97.6942500018371	1.58
78.0607916021724	1.58
72.35137013885058	1.58
154.20102315742926	1.58
95.49169496764995	1.58
80.41745212959094	1.58
72.35137013885058	1.58
154.20102315742926	1.58
100.78322638892972	1.58
71.51784399621437	1.58
75.56975481859804	1.58
154.20102315742926	1.58
78.682046587813	1.58
72.56611932366573	1.58
75.0884679268713	1.58
154.20102315742926	1.58
78.682046587813	1.58
69.5102538594948	1.58
75.50408824561234	1.58
152.86753218626222	1.58
79.45957889101116	1.58
69.5102538594948	1.58
73.53477056541671	1.58
152.86753218626222	1.58
79.45957889101116	1.58
105.32782666817674	1.58
73.97816510685347	1.58
150.97836702589666	1.58
79.45957889101116	1.58
105.32782666817674	1.58
70.6307017064063	1.58
150.97836702589666	1.58
86.83650825360361	1.58
105.32782666817674	1.58
74.22879975888279	1.58
148.37354317577615	1.58
83.95751400728301	1.58
102.9783401962585	1.58
74.22879975888279	1.58
153.1692714488936	1.58
93.4447854415092	1.58
102.9783401962585	1.58
74.22879975888279	1.58
154.8759361318517	1.58
93.26969357358239	1.58
102.9783401962585	1.58
74.22879975888279	1.58
144.83393775636105	1.58
93.26969357358239	1.58
104.40550919697378	1.58
74.22879975888279	1.58
154.37610132517142	1.58
110.46881431505356	1.58
103.11397064597837	1.58
74.22879975888279	1.58
154.37610132517142	1.58
110.46881431505356	1.58
129.7914328915961	1.58
74.22879975888279	1.58
154.37610132517142	1.58
93.83676087437588	1.58
116.97527179155998	1.58
74.22879975888279	1.58
154.37610132517142	1.58
72.53003072877074	1.58
103.14986587835304	1.58
73.62471678940388	1.58
135.6288775230347	1.58
72.53003072877074	1.58
79.65450915491263	1.58
73.96694481371341	1.58
135.6288775230347	1.58
72.96049416440299	1.58
79.65450915491263	1.58
73.77267310916308	1.58
115.88712880062255	1.58
73.24546990469176	1.58
79.65450915491263	1.58
76.21794939860158	1.58
137.85404631285172	1.58
74.61459599129981	1.58
81.34302303110697	1.58
71.17635740257073	1.58
152.87445838340125	1.58
77.34092952881531	1.58
77.71056815783318	1.58
70.2376571095507	1.58
152.87445838340125	1.58
108.00429268510084	1.58
75.00322135719269	1.58
68.57433747993836	1.58
152.87445838340125	1.58
108.00429268510084	1.58
75.00322135719269	1.58
79.14028198328432	1.58
152.87445838340125	1.58
108.00429268510084	1.58
72.16902324703517	1.58
75.18196732659331	1.58
152.87445838340125	1.58
107.87760725302074	1.58
72.16902324703517	1.58
74.90871321363579	1.58
157.52083930343036	1.58
107.87760725302074	1.58
72.1994817310047	1.58
74.90871321363579	1.58
121.9051273411149	1.58
107.87760725302074	1.58
70.22850355469157	1.58
71.726345036409	1.58
135.70986294599632	1.58
125.92508764983563	1.58
70.09606139530834	1.58
71.726345036409	1.58
143.2097098927761	1.58
107.53279940839607	1.58
69.41247382071218	1.58
72.29954182260579	1.58
150.39880992133016	1.58
107.53279940839607	1.58
69.41247382071218	1.58
71.24156450804047	1.58
150.39880992133016	1.58
135.22441276254122	1.58
70.17333694336068	1.58
93.5630152673244	1.58
150.39880992133016	1.58
126.6983512518135	1.58
104.8225969657577	1.58
71.81049635243465	1.58
150.5556117925844	1.58
130.54585589995693	1.58
104.8225969657577	1.58
71.81049635243465	1.58
138.77818554735998	1.58
130.54585589995693	1.58
104.8225969657577	1.58
71.81049635243465	1.58
141.1930756575476	1.58
129.4790941937061	1.58
95.72472264207461	1.58
71.81049635243465	1.58
130.49028253462143	1.58
129.56607162811352	1.58
95.72472264207461	1.58
71.83507018479824	1.58
131.3335892880624	1.58
128.5343046958987	1.58
95.72472264207461	1.58
71.83507018479824	1.58
132.2763799694002	1.58
150.77634722901928	1.58
93.50540801871202	1.58
79.018226760603	1.58
132.2763799694002	1.58
150.77634722901928	1.58
73.48206421516133	1.58
79.018226760603	1.58
123.02401444845738	1.58
145.96641167148442	1.58
74.9861194401702	1.58
79.018226760603	1.58
103.3052806183139	1.58
145.96641167148442	1.58
72.32840714285027	1.58
79.018226760603	1.58
103.3052806183139	1.58
145.96641167148442	1.58
72.78694475385448	1.58
84.5464438896331	1.58
103.3052806183139	1.58
145.96641167148442	1.58
72.78694475385448	1.58
81.28680317787132	1.58
103.3052806183139	1.58
145.04339529924968	1.58
70.40609386917205	1.58
81.28680317787132	1.58
78.64769892952002	1.58
117.19547810781503	1.58
72.61134404438442	1.58
90.56982098502141	1.58
83.17858340865072	1.58
109.85275463763483	1.58
77.94338485434044	1.58
94.3254972653418	1.58
75.93881448252611	1.58
97.19473057434098	1.58
78.63526837193041	1.58
94.3254972653418	1.58
76.01867027200724	1.58
106.09607865821141	1.58
77.34762734365225	1.58
95.82561557489524	1.58
84.45566431124814	1.58
126.72297113177157	1.58
70.92429029485689	1.58
100.94407600844627	1.58
85.93229455683985	1.58
121.28562312830638	1.58
70.92429029485689	1.58
108.41314619577625	1.58
77.9663865993	1.58
121.28562312830638	1.58
70.92429029485689	1.58
108.41314619577625	1.58
77.9663865993	1.58
123.19691814197989	1.58
70.92429029485689	1.58
108.41314619577625	1.58
77.9663865993	1.58
103.80603846415679	1.58
70.92429029485689	1.58
107.2225601961984	1.58
76.04585141048973	1.58
104.60836917364495	1.58
70.92429029485689	1.58
116.42260682984165	1.58
76.04585141048973	1.58
106.5356640306631	1.58
70.92429029485689	1.58
120.07169434258162	1.58
76.04585141048973	1.58
106.5356640306631	1.58
70.92429029485689	1.58
122.64528387670049	1.58
79.74914310676826	1.58
95.76282037838394	1.58
70.92429029485689	1.58
117.09615522971211	1.58
74.44552660266402	1.58
95.76282037838394	1.58
70.92429029485689	1.58
121.59191016708034	1.58
70.20711547729198	1.58
83.79086674368864	1.58
71.27947733668447	1.58
144.82544218564283	1.58
69.49794896211291	1.58
94.90519479602673	1.58
71.27947733668447	1.58
133.22839764107516	1.58
68.73479363919913	1.58
111.79091955863291	1.58
73.3001268594793	1.58
139.15029485287027	1.58
80.9605964993271	1.58
110.63463828590397	1.58
73.3001268594793	1.58
139.15029485287027	1.58
80.9605964993271	1.58
108.66042516892028	1.58
74.62733145842306	1.58
139.15029485287027	1.58
84.14782063363096	1.58
118.62361741515343	1.58
84.99598633638217	1.58
156.7721551507172	1.58
99.30362606246169	1.58
134.43218582381283	1.58
84.99598633638217	1.58
156.7721551507172	1.58
112.7151160449964	1.58
134.43218582381283	1.58
90.41775851894799	1.58
156.7721551507172	1.58
118.76304385423488	1.58
113.16310842625987	1.58
100.43210961202725	1.58
156.7721551507172	1.58
124.80407900222158	1.58
110.43900634163958	1.58
84.5318324448595	1.58
145.0334349862027	1.58
124.15313992483154	1.58
106.7352363476985	1.58
95.8309569926019	1.58
135.1292949958323	1.58
111.12129973787034	1.58
79.2744213841971	1.58
82.35097721285975	1.58
144.21425600920747	1.58
106.61179992055871	1.58
79.2744213841971	1.58
82.35097721285975	1.58
144.21425600920747	1.58
106.61179992055871	1.58
98.08723017535735	1.58
91.29400497075757	1.58
157.80971888822256	1.58
111.30160870407771	1.58
89.88206884096222	1.58
99.40993882163339	1.58
148.69115565404223	1.58
107.89819405458022	1.58
89.88206884096222	1.58
100.91446544659891	1.58
148.69115565404223	1.58
108.87631145435944	1.58
92.14191079624241	1.58
100.91446544659891	1.58
147.0687291000715	1.58
113.01259677306543	1.58
92.14191079624241	1.58
100.91446544659891	1.58
147.0687291000715	1.58
126.44078516296933	1.58
83.02533042813079	1.58
96.67472896018063	1.58
140.60056763359793	1.58
126.81142818918131	1.58
80.217526541112	1.58
95.33945458687217	1.58
140.60056763359793	1.58
122.06293603673777	1.58
80.14628548681966	1.58
90.00740437673036	1.58
140.60056763359793	1.58
149.3790979756225	1.58
82.27075050931542	1.58
90.00740437673036	1.58
132.63455185464278	1.58
145.06140864254303	1.58
106.05125832737517	1.58
87.06288798556905	1.58
145.85154164924455	1.58
145.06140864254303	1.58
95.7915106968101	1.58
113.51234131834624	1.58
124.91438796805991	1.58
145.06140864254303	1.58
100.50049592841323	1.58
107.45363146603859	1.58
116.90417869385199	1.58
138.13222981722436	1.58
72.10583248246319	1.58
110.58926375979964	1.58
119.60148326887011	1.58
125.30725241655325	1.58
72.10583248246319	1.58
110.13624070854243	1.58
127.17594564254281	1.58
126.96694224026658	1.58
72.10583248246319	1.58
108.07687540734787	1.58
141.29453960678887	1.58
129.0377781581593	1.58
72.10583248246319	1.58
108.07687540734787	1.58
126.31001717985485	1.58
122.96758991714967	1.58
85.46921318783248	1.58
105.39940990270867	1.58
140.33743683327242	1.58
155.40982834644825	1.58
85.46921318783248	1.58
77.8484985517728	1.58
140.33743683327242	1.58
127.89690308749272	1.58
96.69493072529907	1.58
77.8484985517728	1.58
139.66092625792587	1.58
152.390847992616	1.58
96.69493072529907	1.58
77.8484985517728	1.58
140.81350208804855	1.58
146.89459559672977	1.58
92.08670305298423	1.58
77.8484985517728	1.58
126.17677276452275	1.58
123.51882316684458	1.58
105.47336239767779	1.58
77.8484985517728	1.58
107.89167060620484	1.58
122.69354089693297	1.58
104.80499075120935	1.58
78.69533665887029	1.58
110.59050061340506	1.58
116.4428348374615	1.58
105.65378178826579	1.58
78.69533665887029	1.58
110.36010953613629	1.58
129.2415241017583	1.58
105.65378178826579	1.58
89.249221311377	1.58
111.75016163322478	1.58
138.93706979653945	1.58
106.79361104816172	1.58
78.21119153553614	1.58
110.44122905313186	1.58
108.68769003797277	1.58
104.84621697801967	1.58
88.47768124624335	1.58
110.44122905313186	1.58
101.78077360566101	1.58
103.3365994090858	1.58
80.5732219585333	1.58
139.24979975847597	1.58
101.78077360566101	1.58
92.54347769204819	1.58
71.48837662473947	1.58
142.30983902817155	1.58
103.71489187612063	1.58
83.43067048110503	1.58
92.22453870688028	1.58
142.30983902817155	1.58
103.71489187612063	1.58
79.40764390497023	1.58
94.03339445785458	1.58
142.30983902817155	1.58
106.44047028919074	1.58
88.86832269733262	1.58
96.4608597002401	1.58
142.30983902817155	1.58
103.39638860827111	1.58
109.69059411833545	1.58
96.4608597002401	1.58
123.4190204348333	1.58
98.42712601476151	1.58
96.84633531502985	1.58
94.78492831874573	1.58
139.30129381682633	1.58
99.58561301359865	1.58
87.07758034448432	1.58
78.5943183675476	1.58
139.30129381682633	1.58
89.50002244334391	1.58
71.19717920061206	1.58
74.71235908236405	1.58
132.9192239083868	1.58
105.48564960940291	1.58
86.99357076118346	1.58
74.71235908236405	1.58
152.3038378415322	1.58
107.83740403068205	1.58
86.99357076118346	1.58
74.71235908236405	1.58
152.3038378415322	1.58
107.83740403068205	1.58
86.99357076118346	1.58
110.81656478197714	1.58
131.89845656482112	1.58
107.83740403068205	1.58
108.497605020876	1.58
110.18304936615164	1.58
123.62141332486617	1.58
107.83740403068205	1.58
108.497605020876	1.58
109.25491058953124	1.58
134.67661442602775	1.58
107.60645149913587	1.58
108.33845092372039	1.58
109.25491058953124	1.58
134.67661442602775	1.58
107.53487898800046	1.58
99.1514151697238	1.58
109.25491058953124	1.58
141.3367008656426	1.58
107.53487898800046	1.58
102.98200072049755	1.58
109.91660388554286	1.58
141.3367008656426	1.58
107.53487898800046	1.58
92.84461148412265	1.58
109.99431509256897	1.58
152.69047494385367	1.58
101.34701531565445	1.58
73.51699149811145	1.58
110.15080224395737	1.58
152.69047494385367	1.58
101.34701531565445	1.58
73.51699149811145	1.58
80.01498832321339	1.58
154.22368511685391	1.58
101.78155516583189	1.58
80.21891553569968	1.58
106.29975725255528	1.58
154.22368511685391	1.58
97.26742197689904	1.58
80.21891553569968	1.58
97.23278613461113	1.58
154.22368511685391	1.58
112.74017853351509	1.58
80.21891553569968	1.58
92.8403537395519	1.58
147.37718093220036	1.58
113.0429196787258	1.58
80.21891553569968	1.58
92.8403537395519	1.58
147.37718093220036	1.58
116.77419363956817	1.58
80.21891553569968	1.58
111.37140154920135	1.58
138.54675145979775	1.58
114.43158042162933	1.58
80.21891553569968	1.58
111.60788931627133	1.58
155.8760051433278	1.58
102.76653383791809	1.58
80.21891553569968	1.58
115.4448285295756	1.58
136.68920436020522	1.58
105.50943315941511	1.58
98.30163332517549	1.58
111.23821112898965	1.58
121.62505405276414	1.58
107.03886253574221	1.58
105.34136017972727	1.58
108.25051276479456	1.58
124.17107962959898	1.58
108.60888736401304	1.58
102.26209462876965	1.58
108.25051276479456	1.58
134.42735051778186	1.58
108.13111356083665	1.58
102.26209462876965	1.58
108.25051276479456	1.58
143.66787239781965	1.58
112.21384244520338	1.58
104.75582146729461	1.58
108.4266573826154	1.58
151.80434698232963	1.58
108.9140085610541	1.58
90.27337664265116	1.58
108.4266573826154	1.58
151.80434698232963	1.58
123.46096855127519	1.58
93.09329954996299	1.58
89.88628735198144	1.58
151.80434698232963	1.58
120.04230993129306	1.58
93.09329954996299	1.58
89.88628735198144	1.58
151.80434698232963	1.58
109.71517829210082	1.58
93.09329954996299	1.58
79.27346398471545	1.58
143.3731915318608	1.58
109.71517829210082	1.58
87.98576866363817	1.58
73.95151730760386	1.58
143.3731915318608	1.58
109.71517829210082	1.58
80.82066464717812	1.58
69.08449036936166	1.58
116.40520418468193	1.58
91.4003580638404	1.58
85.92230233915976	1.58
69.08449036936166	1.58
102.92643584220176	1.58
109.48859291344775	1.58
74.92877920047331	1.58
84.68157617123077	1.58
108.71546576665784	1.58
99.50036955440216	1.58
74.92877920047331	1.58
84.68157617123077	1.58
108.71546576665784	1.58
92.31728255147499	1.58
74.92877920047331	1.58
84.68157617123077	1.58
108.71546576665784	1.58
92.14304725654053	1.58
74.92877920047331	1.58
84.35215659541748	1.58
104.70279241343874	1.58
108.75462757656572	1.58
74.92877920047331	1.58
84.35215659541748	1.58
104.70279241343874	1.58
134.17541442952415	1.58
75.61837116923309	1.58
93.93291669861605	1.58
107.20713638263182	1.58
128.74207435367538	1.58
76.14584250649486	1.58
98.9955271748618	1.58
99.75933242462438	1.58
125.42251862235369	1.58
76.14584250649486	1.58
77.3940823166275	1.58
93.30957236100869	1.58
123.44717298010332	1.58
91.69507447734128	1.58
77.71100589849198	1.58
94.88805513210747	1.58
124.14813986787547	1.58
75.25312004337857	1.58
72.51596863186936	1.58
112.40282982854094	1.58
138.96807887578444	1.58
75.25312004337857	1.58
72.51596863186936	1.58
107.14183422536185	1.58
149.86899493039138	1.58
76.84054809274821	1.58
72.51596863186936	1.58
107.14183422536185	1.58
115.9200964184088	1.58
81.76989485113357	1.58
72.51596863186936	1.58
107.14183422536185	1.58
108.44660382016106	1.58
81.76989485113357	1.58
72.51596863186936	1.58
124.68498384238094	1.58
108.27948925383514	1.58
92.89719529361705	1.58
81.2318964300343	1.58
147.74662059759203	1.58
108.27948925383514	1.58
72.34378867086306	1.58
83.7704930277267	1.58
131.26931052548548	1.58
108.27948925383514	1.58
72.34378867086306	1.58
83.7704930277267	1.58
123.97836772470015	1.58
108.27948925383514	1.58
84.18768645013284	1.58
92.40895567981698	1.58
108.94478281065446	1.58
108.27948925383514	1.58
88.93484114167106	1.58
95.12866264340045	1.58
104.18405409654146	1.58
105.9129858637654	1.58
88.93484114167106	1.58
86.58920112613268	1.58
102.9644547458199	1.58
97.38068475908466	1.58
92.12880952508019	1.58
86.58920112613268	1.58
102.9644547458199	1.58
100.6004454224901	1.58
93.0739182270539	1.58
90.60605590690272	1.58
102.9644547458199	1.58
102.19023447159266	1.58
93.44696513942836	1.58
90.60605590690272	1.58
102.23341970094901	1.58
102.19023447159266	1.58
95.29582704068277	1.58
95.98588729753268	1.58
103.99976248035092	1.58
102.19023447159266	1.58
90.19612395972796	1.58
95.98588729753268	1.58
108.98312369465576	1.58
107.82237208112711	1.58
83.39684145636956	1.58
94.34344430659102	1.58
108.31931996907232	1.58
107.82237208112711	1.58
77.39387567886662	1.58
97.64408400720718	1.58
108.31931996907232	1.58
107.82237208112711	1.58
77.39387567886662	1.58
97.10246462476982	1.58
105.07177634216949	1.58
110.60951304734029	1.58
73.51922332308231	1.58
97.10246462476982	1.58
110.05557456204744	1.58
116.86464626051718	1.58
81.67229302970476	1.58
97.10246462476982	1.58
110.05557456204744	1.58
126.16542070014057	1.58
88.64804534943815	1.58
98.92002861426887	1.58
110.05557456204744	1.58
156.79875750302483	1.58
87.83777026212101	1.58
98.92002861426887	1.58
107.78042653114674	1.58
156.79875750302483	1.58
72.67214783429567	1.58
98.92002861426887	1.58
108.30818400411997	1.58
135.0278202063924	1.58
72.67214783429567	1.58
93.77345496986379	1.58
108.30818400411997	1.58
138.04558656636533	1.58
72.67214783429567	1.58
80.04719964856238	1.58
108.30818400411997	1.58
135.95158830346003	1.58
72.67214783429567	1.58
82.20637765468713	1.58
108.30818400411997	1.58
135.95158830346003	1.58
103.6246405623321	1.58
82.20637765468713	1.58
97.16099530127363	1.58
123.38071562811987	1.58
91.74650316195019	1.58
81.90804342403577	1.58
102.62129455665489	1.58
139.8546675230503	1.58
95.63786361635445	1.58
81.90804342403577	1.58
102.64457453166364	1.58
139.8546675230503	1.58
95.49597127347566	1.58
84.1582307362849	1.58
111.46091252563079	1.58
139.8546675230503	1.58
95.49597127347566	1.58
76.6828331243632	1.58
143.713943776824	1.58
133.86889225246148	1.58
95.49597127347566	1.58
76.6828331243632	1.58
143.713943776824	1.58
133.86889225246148	1.58
95.49597127347566	1.58
91.90473394940395	1.58
143.713943776824	1.58
132.4064896680058	1.58
96.24465442904196	1.58
71.40564378087639	1.58
150.00354528258117	1.58
132.4064896680058	1.58
96.24465442904196	1.58
72.36223925183893	1.58
150.00354528258117	1.58
140.56285970243795	1.58
112.82026236975523	1.58
72.36223925183893	1.58
150.00354528258117	1.58
140.56285970243795	1.58
105.81483248842486	1.58
72.36223925183893	1.58
150.00354528258117	1.58
140.56285970243795	1.58
78.4514413646836	1.58
72.36223925183893	1.58
141.3030307193281	1.58
140.56285970243795	1.58
90.19865663245469	1.58
72.36223925183893	1.58
141.3030307193281	1.58
140.56285970243795	1.58
90.19865663245469	1.58
103.63685297113695	1.58
135.19259445206896	1.58
153.0949305360012	1.58
77.89175062635292	1.58
73.91215107114309	1.58
125.70597072056128	1.58
153.0949305360012	1.58
77.89175062635292	1.58
85.82698798649501	1.58
115.10178298485725	1.58
153.05801048460998	1.58
77.89175062635292	1.58
85.82698798649501	1.58
143.86646928532826	1.58
121.82719797987835	1.58
95.48849771069875	1.58
85.82698798649501	1.58
143.86646928532826	1.58
113.2479525091362	1.58
95.48849771069875	1.58
75.13457623729654	1.58
122.85429288915975	1.58
109.19915955918141	1.58
87.48947453233384	1.58
75.13457623729654	1.58
121.48052293688441	1.58
105.44509583423975	1.58
75.8904763094345	1.58
75.13457623729654	1.58
121.48052293688441	1.58
118.9209788758009	1.58
75.8904763094345	1.58
93.81934531480867	1.58
128.79910038694402	1.58
127.12350832646014	1.58
83.01521201649396	1.58
103.32092408140514	1.58
139.6109587927714	1.58
126.10791994837564	1.58
78.88479218665405	1.58
88.0141206501219	1.58
139.6109587927714	1.58
115.03619741419938	1.58
78.88479218665405	1.58
108.52730733850281	1.58
139.6109587927714	1.58
97.88348685489811	1.58
82.41055561879013	1.58
106.33079910903595	1.58
139.6109587927714	1.58
97.88348685489811	1.58
96.63005378400433	1.58
106.33079910903595	1.58
137.771850401557	1.58
91.5322889873563	1.58
103.43906250120344	1.58
106.33079910903595	1.58
153.53953749154834	1.58
82.96882963797843	1.58
103.43906250120344	1.58
106.33079910903595	1.58
153.53953749154834	1.58
88.96003943088763	1.58
103.43906250120344	1.58
103.77714532205859	1.58
153.47360623209482	1.58
90.68745359526568	1.58
103.43906250120344	1.58
98.66053719861273	1.58
153.47360623209482	1.58
89.23727397991232	1.58
106.46400223888864	1.58
94.51990575426704	1.58
153.47360623209482	1.58
76.50445449858672	1.58
106.46400223888864	1.58
94.31725683728862	1.58
152.57605982030591	1.58
76.50445449858672	1.58
129.74817600505506	1.58
94.70161423871879	1.58
153.19229894388798	1.58
76.50445449858672	1.58
109.57762433066563	1.58
94.70161423871879	1.58
153.19229894388798	1.58
74.76699126477351	1.58
109.958269789631	1.58
108.9359723291997	1.58
142.9737026122587	1.58
73.52390904623226	1.58
94.13796503501055	1.58
109.43858495741654	1.58
142.9737026122587	1.58
71.24391758027244	1.58
85.63780022571854	1.58
136.92009139373585	1.58
142.9737026122587	1.58
71.24391758027244	1.58
96.71997136863047	1.58
136.92009139373585	1.58
142.9737026122587	1.58
71.24391758027244	1.58
103.23349726873924	1.58
132.6514025395509	1.58
142.5519571293688	1.58
71.24391758027244	1.58
91.96352338750987	1.58
130.0615170018088	1.58
142.5519571293688	1.58
71.24391758027244	1.58
89.6291242276962	1.58
130.0615170018088	1.58
142.5519571293688	1.58
84.62090491581793	1.58
90.06669440730936	1.58
119.2493355808911	1.58
142.5519571293688	1.58
85.14503260557257	1.58
88.33846732058416	1.58
105.81073620672633	1.58
127.46512541669694	1.58
69.03582168896325	1.58
82.3696313806592	1.58
103.41558001294442	1.58
140.67088957138566	1.58
69.03582168896325	1.58
82.3696313806592	1.58
103.74562229179139	1.58
140.67088957138566	1.58
70.39139973026225	1.58
81.04732268018229	1.58
80.55574931012393	1.58
114.49847782967494	1.58
70.39139973026225	1.58
85.4025036206902	1.58
72.95461491113409	1.58
104.94253717695997	1.58
69.84671578174132	1.58
86.9830037771285	1.58
75.53241409081407	1.58
107.10912913025555	1.58
72.29850706378674	1.58
96.12429121595179	1.58
86.18192949329088	1.58
105.4967193829907	1.58
72.29850706378674	1.58
104.18794105400053	1.58
92.37148071060678	1.58
106.41855026669522	1.58
72.29850706378674	1.58
104.18794105400053	1.58
92.44293410548707	1.58
108.14571258254449	1.58
72.29850706378674	1.58
110.9065379140161	1.58
85.317284130439	1.58
98.87224613952772	1.58
72.29850706378674	1.58
98.42987370330378	1.58
85.317284130439	1.58
92.6823330882546	1.58
73.46895516009388	1.58
98.42987370330378	1.58
82.70319230466981	1.58
101.77142692291278	1.58
73.46895516009388	1.58
98.21023533073097	1.58
87.45215500114585	1.58
103.03371370031203	1.58
73.46895516009388	1.58
97.37153861025098	1.58
100.64829411135716	1.58
105.41652558873872	1.58
74.6274455202682	1.58
113.57987524256909	1.58
118.86371559206648	1.58
109.42687378598423	1.58
74.6274455202682	1.58
103.25391532582947	1.58
118.86371559206648	1.58
111.20175789623647	1.58
80.11258330711286	1.58
107.13590636581607	1.58
117.82451802532564	1.58
107.2837348515519	1.58
82.2496158497668	1.58
107.1071915716117	1.58
121.59525223308613	1.58
107.41897819885968	1.58
82.2496158497668	1.58
107.1071915716117	1.58
131.15121705501625	1.58
99.04378259127861	1.58
101.37056051622459	1.58
111.81536612222882	1.58
116.83064972468982	1.58
93.62849836719003	1.58
102.79367818123701	1.58
111.81536612222882	1.58
116.24323868008675	1.58
91.32926400802071	1.58
103.81845153181975	1.58
116.34056974825346	1.58
134.01004832905844	1.58
76.90742983127808	1.58
104.76009913552444	1.58
144.94596898814495	1.58
150.3787685602505	1.58
98.82961673772814	1.58
99.60990063934508	1.58
144.94596898814495	1.58
150.3787685602505	1.58
81.48821933825086	1.58
99.82827842662277	1.58
144.94596898814495	1.58
150.3787685602505	1.58
105.00327990406726	1.58
72.49542334028186	1.58
124.02275873801744	1.58
158.01689660854186	1.58
105.62735493617805	1.58
85.8322679788276	1.58
142.20445347922185	1.58
158.01689660854186	1.58
79.02733357910554	1.58
74.58764464858257	1.58
121.09680099356686	1.58
158.01689660854186	1.58
79.02733357910554	1.58
93.91751569545187	1.58
136.90304817314205	1.58
158.01689660854186	1.58
79.02733357910554	1.58
93.91751569545187	1.58
156.52302844519025	1.58
158.01689660854186	1.58
79.02733357910554	1.58
93.91751569545187	1.58
156.52302844519025	1.58
158.01689660854186	1.58
106.15851586005837	1.58
93.91751569545187	1.58
139.46893328075123	1.58
158.01689660854186	1.58
81.98033123107543	1.58
121.35572299756586	1.58
138.2321894347421	1.58
158.01689660854186	1.58
86.704040618548	1.58
112.03131980801324	1.58
138.2321894347421	1.58
158.01689660854186	1.58
108.9249080888464	1.58
110.5884044109078	1.58
138.2321894347421	1.58
150.52826836097572	1.58
114.3053943230228	1.58
120.84002154184041	1.58
128.9887317774192	1.58
150.52826836097572	1.58
94.88432417699141	1.58
132.51989421080498	1.58
127.83538805451524	1.58
150.52826836097572	1.58
111.5032869052267	1.58
136.24534951233247	1.58
128.6433326291893	1.58
150.52826836097572	1.58
112.62825280223005	1.58
135.86539749435	1.58
127.4691928141971	1.58
150.52826836097572	1.58
109.72387920326098	1.58
131.09680838506407	1.58
126.95597058682199	1.58
150.52826836097572	1.58
99.13501224618946	1.58
133.52475011965268	1.58
125.03027786804016	1.58
134.71150550437966	1.58
97.93771848639517	1.58
139.87674239336314	1.58
112.94044743229215	1.58
134.71150550437966	1.58
90.1041154078621	1.58
134.58407967449128	1.58
110.2932034582685	1.58
134.65336445099027	1.58
83.22650758435418	1.58
134.53111766512333	1.58
110.2932034582685	1.58
134.65336445099027	1.58
96.39889662161804	1.58
134.58914779001447	1.58
110.2932034582685	1.58
134.65336445099027	1.58
98.42953715207331	1.58
158.2142391201245	1.58
110.2932034582685	1.58
123.97884916286898	1.58
92.14986381516349	1.58
158.2142391201245	1.58
98.19955050379433	1.58
130.22049794337693	1.58
81.81366974326085	1.58
158.2142391201245	1.58
92.86964514960806	1.58
125.03545274071554	1.58
81.27703749595945	1.58
134.80397372907376	1.58
92.86964514960806	1.58
122.99527200264605	1.58
81.26199950499308	1.58
134.80397372907376	1.58
89.20655702352998	1.58
109.19166249037553	1.58
90.18356251926107	1.58
124.22770706874535	1.58
87.31311459382172	1.58
109.19166249037553	1.58
91.50768949345775	1.58
106.64765475340116	1.58
83.2285374282749	1.58
109.19166249037553	1.58
97.79047166847961	1.58
109.6269528933351	1.58
86.40539433687078	1.58
108.86020591210116	1.58
91.79745820982379	1.58
109.94173702828783	1.58
72.45265894702538	1.58
112.26495181434152	1.58
96.70589141736527	1.58
109.94173702828783	1.58
72.45265894702538	1.58
112.0011143596484	1.58
104.44385256789997	1.58
109.94173702828783	1.58
68.07287823248214	1.58
112.20538184201587	1.58
132.76676161177426	1.58
147.21175890372493	1.58
68.07287823248214	1.58
99.19323062908134	1.58
120.24349903427564	1.58
147.21175890372493	1.58
71.91401419670761	1.58
99.19323062908134	1.58
126.53202080913546	1.58
147.21175890372493	1.58
73.34532580785886	1.58
76.69403557060326	1.58
148.1190051535328	1.58
133.21439394856463	1.58
86.87386520478432	1.58
84.92930707929878	1.58
148.1190051535328	1.58
133.21439394856463	1.58
90.73145360855149	1.58
84.92930707929878	1.58
148.1190051535328	1.58
122.71824564268317	1.58
83.73196042504196	1.58
84.92930707929878	1.58
148.1190051535328	1.58
131.92367125404988	1.58
92.12729518167137	1.58
84.92930707929878	1.58
123.09426284795583	1.58
147.08574962695653	1.58
111.23588621814302	1.58
78.705831533825	1.58
130.12375484808783	1.58
155.0650589506127	1.58
99.14074218084755	1.58
85.43617810931607	1.58
126.07366814548574	1.58
154.18985923671025	1.58
102.93920524326954	1.58
85.43617810931607	1.58
126.34882570330939	1.58
154.18985923671025	1.58
101.29647208754884	1.58
90.86401586760756	1.58
110.77511243588522	1.58
154.18985923671025	1.58
103.79525183141237	1.58
108.11932820145685	1.58
108.3594913348256	1.58
138.38056127719227	1.58
95.67853306736893	1.58
108.11932820145685	1.58
105.55082908397279	1.58
138.38056127719227	1.58
95.67853306736893	1.58
99.32739197551462	1.58
106.75276353765518	1.58
138.38056127719227	1.58
103.85253118025997	1.58
99.32739197551462	1.58
107.4756430732132	1.58
126.46713449941834	1.58
88.45102187628406	1.58
88.07543750786894	1.58
107.4756430732132	1.58
117.78354445549226	1.58
80.21706860201044	1.58
97.37705698485445	1.58
101.65426858771501	1.58
139.9629597746586	1.58
92.68064782230925	1.58
81.04842831990334	1.58
115.8455518671374	1.58
139.9629597746586	1.58
77.7144004269771	1.58
74.47813060515588	1.58
100.59191550417762	1.58
139.9629597746586	1.58
77.7144004269771	1.58
75.86668927056554	1.58
122.3157166561086	1.58
139.9629597746586	1.58
77.7144004269771	1.58
75.86668927056554	1.58
158.0169170450274	1.58
140.6362700845632	1.58
84.12073014998117	1.58
75.86668927056554	1.58
158.0169170450274	1.58
110.24793802053316	1.58
84.12073014998117	1.58
75.86668927056554	1.58
158.0169170450274	1.58
111.55907052844839	1.58
84.12073014998117	1.58
75.86668927056554	1.58
158.0169170450274	1.58
99.42193261023033	1.58
105.78185857644672	1.58
75.86668927056554	1.58
158.0169170450274	1.58
95.75179483625773	1.58
103.86133278179916	1.58
80.98667973004368	1.58
158.0169170450274	1.58
94.39843176036935	1.58
97.83129938161466	1.58
74.21048976470342	1.58
158.0169170450274	1.58
104.08023390412602	1.58
99.33148330800887	1.58
74.21048976470342	1.58
158.0169170450274	1.58
106.77622265910693	1.58
99.33148330800887	1.58
88.86966475304749	1.58
158.0169170450274	1.58
107.27198696587132	1.58
93.70446988041527	1.58
88.86966475304749	1.58
158.0169170450274	1.58
107.27198696587132	1.58
87.05362609159867	1.58
88.86966475304749	1.58
154.63540530293494	1.58
107.27198696587132	1.58
65.67935503890494	1.58
88.86966475304749	1.58
147.1561538402276	1.58
107.27198696587132	1.58
70.60414818143497	1.58
75.22483246446576	1.58
134.2085925692374	1.58
129.72700005588325	1.58
70.60414818143497	1.58
75.22483246446576	1.58
109.51168258814877	1.58
129.72700005588325	1.58
70.60414818143497	1.58
75.22483246446576	1.58
109.51168258814877	1.58
104.54051399979798	1.58
81.71113110504227	1.58
75.22483246446576	1.58
109.51168258814877	1.58
104.54051399979798	1.58
81.58971675785978	1.58
92.1624914514765	1.58
109.51168258814877	1.58
105.1418532410096	1.58
81.27457812304087	1.58
92.1624914514765	1.58
97.57107294746416	1.58
105.38621444830983	1.58
74.54867916543269	1.58
91.55761173884576	1.58
104.44011864347081	1.58
105.38621444830983	1.58
74.54867916543269	1.58
82.24147481888613	1.58
104.44011864347081	1.58
105.38621444830983	1.58
74.54867916543269	1.58
75.1163187170966	1.58
104.44011864347081	1.58
129.08071863400232	1.58
73.90885635613513	1.58
91.89787166558293	1.58
104.44011864347081	1.58
129.08071863400232	1.58
76.78208342822248	1.58
63.92473369644651	1.58
104.44011864347081	1.58
129.08071863400232	1.58
70.78173622686536	1.58
89.9654140701526	1.58
99.02933129536383	1.58
133.50585126170313	1.58
70.78173622686536	1.58
89.9654140701526	1.58
93.27773489160977	1.58
148.64021604125662	1.58
76.73150230969074	1.58
91.08705024243625	1.58
95.22664049823427	1.58
148.64021604125662	1.58
76.73150230969074	1.58
89.15073392787173	1.58
98.18010603554966	1.58
148.64021604125662	1.58
76.73150230969074	1.58
84.37310837840167	1.58
100.5475804656861	1.58
148.64021604125662	1.58
76.73150230969074	1.58
83.43047414022526	1.58
100.5475804656861	1.58
148.64021604125662	1.58
76.73150230969074	1.58
76.20787685742712	1.58
100.5475804656861	1.58
148.64021604125662	1.58
109.42430489746363	1.58
76.20787685742712	1.58
93.4134499581655	1.58
138.48731740696024	1.58
100.28008198758882	1.58
83.74632611351248	1.58
92.72532943465625	1.58
126.43526997488294	1.58
101.77430427906752	1.58
78.8367057177573	1.58
87.38690910203047	1.58
146.40398825360967	1.58
98.75867023148314	1.58
78.8367057177573	1.58
86.54693518889285	1.58
125.23945371499772	1.58
93.85590437794554	1.58
79.01671713183993	1.58
79.88816154811265	1.58
153.9846655686049	1.58
98.963794818291	1.58
79.01671713183993	1.58
71.12380956234274	1.58
146.06341241487675	1.58
70.94335960117543	1.58
84.89657236174637	1.58
71.24116304856786	1.58
146.06341241487675	1.58
70.94335960117543	1.58
76.52601406539573	1.58
71.24116304856786	1.58
134.87802638465632	1.58
88.95704740329846	1.58
76.52601406539573	1.58
71.24116304856786	1.58
134.87802638465632	1.58
88.95704740329846	1.58
76.52601406539573	1.58
71.24116304856786	1.58
155.39908163738053	1.58
81.55600337291942	1.58
76.52601406539573	1.58
71.24116304856786	1.58
155.39908163738053	1.58
92.77246883363836	1.58
83.62018168368658	1.58
73.82905445082693	1.58
155.39908163738053	1.58
90.84556258984819	1.58
83.62018168368658	1.58
73.82905445082693	1.58
134.7899902617728	1.58
104.76771404432523	1.58
83.62018168368658	1.58
80.02740746332542	1.58
140.9848363145171	1.58
104.76771404432523	1.58
83.15775623385237	1.58
80.73430821484668	1.58
140.9848363145171	1.58
97.84345310453219	1.58
84.44730973947958	1.58
80.73430821484668	1.58
140.9848363145171	1.58
109.8268764443882	1.58
84.44730973947958	1.58
78.02891664073708	1.58
140.9848363145171	1.58
109.8268764443882	1.58
83.76593899046495	1.58
78.02891664073708	1.58
140.9848363145171	1.58
99.97914797592414	1.58
85.96370217191527	1.58
78.02891664073708	1.58
126.22621395505989	1.58
112.86637350237783	1.58
82.91053903810118	1.58
77.65594298796009	1.58
126.22621395505989	1.58
102.18761445076237	1.58
73.85632387722777	1.58
81.24508881423081	1.58
126.22621395505989	1.58
82.24585823591357	1.58
73.85632387722777	1.58
81.25346342115678	1.58
152.302391217335	1.58
82.81388889636754	1.58
73.85632387722777	1.58
87.20376027467921	1.58
152.302391217335	1.58
81.37559688141883	1.58
73.85632387722777	1.58
88.01466111775487	1.58
145.18709924093758	1.58
81.37559688141883	1.58
73.85632387722777	1.58
91.51307066886933	1.58
145.18709924093758	1.58
81.37559688141883	1.58
78.8138357317889	1.58
91.51307066886933	1.58
145.18709924093758	1.58
81.37559688141883	1.58
78.8138357317889	1.58
89.49149477134017	1.58
145.18709924093758	1.58
81.39376770713591	1.58
82.22580200699717	1.58
91.36193468134421	1.58
145.18709924093758	1.58
84.48893896382778	1.58
86.7209093956456	1.58
91.41964556223358	1.58
145.18709924093758	1.58
84.48893896382778	1.58
86.7209093956456	1.58
89.793819014712	1.58
145.18709924093758	1.58
84.48893896382778	1.58
86.7209093956456	1.58
92.23359404094516	1.58
145.18709924093758	1.58
84.48893896382778	1.58
85.31771423177725	1.58
92.11811945071369	1.58
145.18709924093758	1.58
84.48893896382778	1.58
85.31771423177725	1.58
92.11811945071369	1.58
145.18709924093758	1.58
79.50353631808184	1.58
104.55943271684518	1.58
95.8402156297805	1.58
145.18709924093758	1.58
73.97182786965149	1.58
106.53374516694845	1.58
112.87605739322345	1.58
145.18709924093758	1.58
73.97182786965149	1.58
106.53374516694845	1.58
114.68423650532661	1.58
145.18709924093758	1.58
73.97182786965149	1.58
107.64802084241038	1.58
115.76566735034136	1.58
111.8304687072121	1.58
73.97182786965149	1.58
105.8204914966717	1.58
109.30641941472967	1.58
126.6490952457369	1.58
73.97182786965149	1.58
105.8204914966717	1.58
107.91713181745581	1.58
135.34943945933946	1.58
85.54651028310992	1.58
77.98696798715949	1.58
106.01225299600634	1.58
147.899656142143	1.58
88.30380756576402	1.58
77.35905908765189	1.58
106.01225299600634	1.58
136.48074412546492	1.58
76.63237236199326	1.58
73.23862756715732	1.58
121.36412147046738	1.58
136.48074412546492	1.58
76.63237236199326	1.58
73.23862756715732	1.58
148.80499806853825	1.58
110.01427956530026	1.58
76.63237236199326	1.58
73.23862756715732	1.58
148.80499806853825	1.58
129.80494472612844	1.58
83.63829211683168	1.58
73.23862756715732	1.58
148.80499806853825	1.58
129.80494472612844	1.58
83.63829211683168	1.58
73.23862756715732	1.58
148.80499806853825	1.58
133.01371083499404	1.58
99.0264436923994	1.58
73.23862756715732	1.58
148.83143715958659	1.58
133.01371083499404	1.58
110.97452357260576	1.58
93.39581673583135	1.58
148.83143715958659	1.58
121.08427756050068	1.58
90.48022536873088	1.58
78.26634714402887	1.58
139.66932828033663	1.58
107.4334116978356	1.58
86.57393382026953	1.58
82.85024975169895	1.58
139.66932828033663	1.58
107.4334116978356	1.58
89.79665119232352	1.58
82.85024975169895	1.58
139.66932828033663	1.58
106.00199720128266	1.58
80.57708064561001	1.58
82.85024975169895	1.58
153.95170064502764	1.58
129.00390194073663	1.58
84.24161280492518	1.58
82.85024975169895	1.58
126.8362314773942	1.58
128.86361792331957	1.58
104.66795218017276	1.58
89.52193520469915	1.58
137.1347797551752	1.58
130.54058508550813	1.58
95.89152934129599	1.58
89.52193520469915	1.58
151.62303065110189	1.58
127.36564966981635	1.58
84.06417994070503	1.58
90.88317034544433	1.58
146.27167347217716	1.58
121.47055293993449	1.58
86.82228275067905	1.58
90.88317034544433	1.58
148.4464440928506	1.58
116.78833229110799	1.58
88.36894042485989	1.58
90.88317034544433	1.58
148.4464440928506	1.58
118.15489578550735	1.58
112.26251787619759	1.58
91.38202214048927	1.58
148.4464440928506	1.58
119.41960475644338	1.58
112.26251787619759	1.58
94.175805441487	1.58
150.18835080855544	1.58
117.16900578937731	1.58
116.84700719968093	1.58
98.5485792766879	1.58
139.0015939107181	1.58
117.30000290363405	1.58
112.47282754266965	1.58
96.83903339911416	1.58
122.24852996798381	1.58
116.03946131846389	1.58
113.27125926889676	1.58
78.18578965038594	1.58
119.82556284582293	1.58
141.90330464880628	1.58
123.21643660969414	1.58
78.18578965038594	1.58
147.65293995930512	1.58
156.0971277666722	1.58
110.98009285682119	1.58
78.18578965038594	1.58
136.190076436225	1.58
156.0971277666722	1.58
69.47270390772856	1.58
114.47414736834199	1.58
104.10400101709195	1.58
156.0971277666722	1.58
98.17097726546363	1.58
124.21708753417025	1.58
101.91962535977049	1.58
156.0971277666722	1.58
98.17097726546363	1.58
118.91548780306408	1.58
102.86961609189305	1.58
156.2704168880993	1.58
98.17097726546363	1.58
107.42685647443778	1.58
99.70176985499735	1.58
156.2704168880993	1.58
98.17097726546363	1.58
77.58355443707255	1.58
100.8940916990684	1.58
156.2704168880993	1.58
91.89887088995076	1.58
66.98445346058574	1.58
91.93968177990402	1.58
156.2704168880993	1.58
91.89887088995076	1.58
66.98445346058574	1.58
114.88527649798804	1.58
156.2704168880993	1.58
91.89887088995076	1.58
66.98445346058574	1.58
111.35317223046347	1.58
156.2704168880993	1.58
83.83056584618375	1.58
86.34689092616235	1.58
116.36486373228226	1.58
156.2704168880993	1.58
82.38276541096323	1.58
108.83364395134845	1.58
129.62241868136564	1.58
151.08285758633832	1.58
82.38276541096323	1.58
92.57915497095478	1.58
116.31788277023048	1.58
151.08285758633832	1.58
73.5847038751165	1.58
92.57915497095478	1.58
110.78036319136737	1.58
151.08285758633832	1.58
74.39115399116345	1.58
82.87747610450559	1.58
110.78036319136737	1.58
151.97821840924541	1.58
87.46388699619337	1.58
82.87747610450559	1.58
113.56492685238234	1.58
151.97821840924541	1.58
87.46388699619337	1.58
96.18953194807546	1.58
122.01513844211094	1.58
151.97821840924541	1.58
87.46388699619337	1.58
96.18953194807546	1.58
127.21665525837929	1.58
152.50858208018775	1.58
87.46388699619337	1.58
87.8876049920386	1.58
142.274174264875	1.58
152.50858208018775	1.58
87.46388699619337	1.58
87.8876049920386	1.58
123.36413157830913	1.58
152.50858208018775	1.58
87.95726395455654	1.58
87.8876049920386	1.58
123.42376780228258	1.58
152.50858208018775	1.58
92.55979009936846	1.58
87.8876049920386	1.58
123.44105604790052	1.58
126.83122162394727	1.58
75.06246552032114	1.58
94.16787935866114	1.58
113.71822514050689	1.58
118.08721170388864	1.58
75.06246552032114	1.58
98.48964050248219	1.58
111.2342752705306	1.58
147.17403833888375	1.58
74.1672750640029	1.58
97.97132287266672	1.58
111.80703717713041	1.58
147.17403833888375	1.58
74.1672750640029	1.58
97.97132287266672	1.58
110.22696058067321	1.58
147.17403833888375	1.58
74.1672750640029	1.58
81.67626693768678	1.58
130.36311941773604	1.58
149.29517202749074	1.58
71.01962983651643	1.58
81.67626693768678	1.58
141.39863405330996	1.58
149.29517202749074	1.58
71.01962983651643	1.58
80.30745546794999	1.58
141.39863405330996	1.58
116.61719611905019	1.58
73.7795963972519	1.58
80.30745546794999	1.58
141.39863405330996	1.58
114.21307798787782	1.58
73.7795963972519	1.58
80.30745546794999	1.58
141.92580866719214	1.58
145.33445525257702	1.58
73.7795963972519	1.58
80.30745546794999	1.58
125.50334461984448	1.58
145.33445525257702	1.58
73.7795963972519	1.58
80.78755283009396	1.58
139.34222087606426	1.58
132.55825843704264	1.58
73.7795963972519	1.58
99.7407235326751	1.58
130.46957238184527	1.58
135.4767077774356	1.58
73.7795963972519	1.58
98.78143631494066	1.58
109.84015386836815	1.58
135.4767077774356	1.58
82.29909828292344	1.58
103.52944332713287	1.58
109.84015386836815	1.58
133.70714002537838	1.58
70.65503714972206	1.58
103.52944332713287	1.58
109.84015386836815	1.58
118.95038776662292	1.58
70.65503714972206	1.58
97.50702514562342	1.58
109.84015386836815	1.58
138.66627883963815	1.58
84.6728585904481	1.58
92.72261828790334	1.58
102.85372603699021	1.58
138.66627883963815	1.58
84.6728585904481	1.58
94.4874881738923	1.58
111.17152529474131	1.58
157.2219849102554	1.58
91.96769974160053	1.58
95.00327473404099	1.58
118.63911016716105	1.58
157.2219849102554	1.58
87.85927196914247	1.58
95.51414945457556	1.58
119.34215715397129	1.58
157.56109279185512	1.58
87.85927196914247	1.58
112.4163885981586	1.58
119.34215715397129	1.58
137.75844361271723	1.58
84.23794018783465	1.58
112.44072495654147	1.58
123.51146708961353	1.58
145.6988136908786	1.58
84.23794018783465	1.58
117.60424158408254	1.58
123.03090296954622	1.58
149.46155706509637	1.58
104.12249656060487	1.58
116.30340903390183	1.58
120.81482302766054	1.58
138.94249291111547	1.58
88.7758251914693	1.58
114.31907602155482	1.58
145.52797635509904	1.58
126.54367186056788	1.58
76.53527054751873	1.58
109.7375644876738	1.58
145.52797635509904	1.58
141.1163101211401	1.58
105.89427932320002	1.58
77.37741206404455	1.58
145.52797635509904	1.58
129.35978942333304	1.58
110.681892649273	1.58
77.37741206404455	1.58
142.98202159401256	1.58
120.92498670637325	1.58
109.38959037211932	1.58
77.37741206404455	1.58
142.98202159401256	1.58
117.65953565125969	1.58
90.90435398133027	1.58
77.37741206404455	1.58
135.69143466480995	1.58
107.65629866863466	1.58
92.48435666714401	1.58
74.71856636089898	1.58
135.69143466480995	1.58
107.65629866863466	1.58
80.57943003955116	1.58
74.71856636089898	1.58
138.1860062956199	1.58
107.65629866863466	1.58
77.77292526071966	1.58
74.71856636089898	1.58
138.1860062956199	1.58
116.94047301189921	1.58
77.77292526071966	1.58
102.04285527134311	1.58
138.1860062956199	1.58
104.70714946394554	1.58
70.42914390687513	1.58
101.24403622302873	1.58
150.07446647984804	1.58
104.70714946394554	1.58
74.5804750058678	1.58
101.24403622302873	1.58
158.2007344503798	1.58
104.70714946394554	1.58
82.87985052838737	1.58
102.64296991141805	1.58
158.2007344503798	1.58
104.15927963172632	1.58
82.87985052838737	1.58
102.64296991141805	1.58
158.2007344503798	1.58
105.28726099010949	1.58
82.87985052838737	1.58
89.79085802876565	1.58
139.01234049300135	1.58
105.28726099010949	1.58
82.87985052838737	1.58
91.77623123881615	1.58
132.38336182024	1.58
120.92496761162914	1.58
82.87985052838737	1.58
91.77623123881615	1.58
155.9641331050629	1.58
128.59283334830963	1.58
71.90744056817802	1.58
76.18754547954427	1.58
155.9641331050629	1.58
152.62356667101147	1.58
71.90744056817802	1.58
82.51817219234927	1.58
155.9641331050629	1.58
152.62356667101147	1.58
71.90744056817802	1.58
73.10101143893361	1.58
155.9641331050629	1.58
152.62356667101147	1.58
86.15936299623833	1.58
73.10101143893361	1.58
148.4835325158148	1.58
152.62356667101147	1.58
86.15936299623833	1.58
109.63473409518693	1.58
148.4835325158148	1.58
152.62356667101147	1.58
103.52429902266351	1.58
81.96650163048952	1.58
148.4835325158148	1.58
156.1034829951486	1.58
85.96939012372124	1.58
81.96650163048952	1.58
140.3906889872594	1.58
156.1034829951486	1.58
73.61073800685675	1.58
81.96650163048952	1.58
108.54959855037032	1.58
156.1034829951486	1.58
80.86771886875532	1.58
81.96650163048952	1.58
109.52968638146285	1.58
156.1034829951486	1.58
80.86771886875532	1.58
81.96650163048952	1.58
109.52968638146285	1.58
156.1034829951486	1.58
80.86771886875532	1.58
81.96650163048952	1.58
110.52717895118744	1.58
156.1034829951486	1.58
80.86771886875532	1.58
93.85004234416749	1.58
103.20842334818886	1.58
156.1034829951486	1.58
80.86771886875532	1.58
92.54510013867673	1.58
103.70290511181209	1.58
156.1034829951486	1.58
80.86771886875532	1.58
84.69568242619336	1.58
101.66399910227119	1.58
155.8066896873871	1.58
80.86771886875532	1.58
84.69568242619336	1.58
101.66399910227119	1.58
146.27711846057196	1.58
80.86771886875532	1.58
69.98875930356672	1.58
94.83059863995604	1.58
146.27711846057196	1.58
80.86771886875532	1.58
70.65755514985646	1.58
94.83059863995604	1.58
146.27711846057196	1.58
74.01751992929898	1.58
70.65755514985646	1.58
92.35963591739485	1.58
146.27711846057196	1.58
74.01751992929898	1.58
70.65755514985646	1.58
92.35963591739485	1.58
146.27711846057196	1.58
73.35409313923742	1.58
70.65755514985646	1.58
102.56992316926757	1.58
146.27711846057196	1.58
90.11021209897214	1.58
70.65755514985646	1.58
93.17735220170933	1.58
146.27711846057196	1.58
90.11021209897214	1.58
94.02794311328205	1.58
92.97428661377667	1.58
137.89591330070922	1.58
88.95305491232787	1.58
94.1806683226033	1.58
95.20510854403747	1.58
140.04760581507838	1.58
88.95305491232787	1.58
94.1806683226033	1.58
96.11047064540044	1.58
136.44428892243872	1.58
82.65636684922227	1.58
94.1806683226033	1.58
91.19672924181279	1.58
138.61591747768998	1.58
84.50605137740448	1.58
96.67030692324775	1.58
89.37831817466224	1.58
138.61591747768998	1.58
84.50605137740448	1.58
102.02215062690547	1.58
91.61135031228999	1.58
138.61591747768998	1.58
85.35554136903804	1.58
80.28677557133793	1.58
86.98274119995358	1.58
124.23238801592444	1.58
84.60351317460197	1.58
73.84384885769362	1.58
87.89339405264901	1.58
137.78570802587865	1.58
85.03926034066377	1.58
73.84384885769362	1.58
90.58632592023531	1.58
154.4168684107379	1.58
85.03926034066377	1.58
73.84384885769362	1.58
90.58632592023531	1.58
149.6971577171866	1.58
79.80469693187197	1.58
69.94530502677769	1.58
86.16231059631599	1.58
149.6971577171866	1.58
70.87673407138423	1.58
70.03784446928667	1.58
88.50070557247426	1.58
149.6971577171866	1.58
73.52006221836506	1.58
70.03784446928667	1.58
83.67961533751027	1.58
149.6971577171866	1.58
73.52006221836506	1.58
70.03784446928667	1.58
96.85672205257924	1.58
142.22315678570237	1.58
73.52006221836506	1.58
70.03784446928667	1.58
96.89697627601583	1.58
147.10469767350648	1.58
73.52006221836506	1.58
70.03784446928667	1.58
88.41139869837815	1.58
128.90904544343414	1.58
73.52006221836506	1.58
70.03784446928667	1.58
88.47503520305415	1.58
144.65221078468767	1.58
78.66169136530186	1.58
70.03784446928667	1.58
99.06603908147459	1.58
144.65221078468767	1.58
101.20267158007903	1.58
70.03784446928667	1.58
116.26705348050234	1.58
123.11106176363275	1.58
91.93613289241527	1.58
73.183257636666	1.58
126.16201423988119	1.58
104.39725444064048	1.58
79.88379779027849	1.58
73.183257636666	1.58
115.61899178223463	1.58
104.39725444064048	1.58
79.88379779027849	1.58
77.20156040538538	1.58
97.02057718229555	1.58
104.39725444064048	1.58
79.88379779027849	1.58
77.20156040538538	1.58
107.22542398734971	1.58
104.39725444064048	1.58
88.35689497270972	1.58
74.3214513570676	1.58
107.22542398734971	1.58
107.42167183674037	1.58
89.15315186325728	1.58
74.3214513570676	1.58
119.12880364387422	1.58
107.42167183674037	1.58
88.71898462911801	1.58
74.3214513570676	1.58
110.88948225515239	1.58
111.146754881887	1.58
86.81726619846609	1.58
74.3214513570676	1.58
110.88948225515239	1.58
104.96071631406207	1.58
90.13570018251933	1.58
79.53054785969903	1.58
110.88948225515239	1.58
104.96071631406207	1.58
97.86377459971813	1.58
79.53054785969903	1.58
109.06572350039515	1.58
108.68165160078748	1.58
97.86377459971813	1.58
79.53054785969903	1.58
109.06572350039515	1.58
114.45250030912851	1.58
96.31628169442473	1.58
72.03629966957317	1.58
109.06572350039515	1.58
131.300144013968	1.58
101.38372359958504	1.58
72.03629966957317	1.58
109.06572350039515	1.58
131.300144013968	1.58
79.17888605161605	1.58
97.45241303005905	1.58
104.432385672804	1.58
121.13042358345615	1.58
79.17888605161605	1.58
97.45241303005905	1.58
103.704734552996	1.58
144.1347715749339	1.58
85.05120030024867	1.58
94.70587106404056	1.58
103.704734552996	1.58
141.8619284776372	1.58
90.09801620151785	1.58
93.11777105489504	1.58
108.99375315412776	1.58
115.98165096398724	1.58
83.64595875449214	1.58
102.91203768733847	1.58
110.53308467131379	1.58
137.12272406045128	1.58
83.64595875449214	1.58
101.76343020598335	1.58
116.36681775600765	1.58
137.12272406045128	1.58
96.29702039616988	1.58
111.62506921932783	1.58
135.31826831135302	1.58
144.2490224341016	1.58
75.22492539224454	1.58
113.87386866753818	1.58
137.09513799859894	1.58
144.2490224341016	1.58
75.22492539224454	1.58
118.09844826123916	1.58
109.6806288601431	1.58
144.2490224341016	1.58
75.22492539224454	1.58
120.00884709738071	1.58
100.68934954910085	1.58
155.70867770776212	1.58
78.24788182276174	1.58
107.823463072694	1.58
95.49754804134156	1.58
119.7322147549609	1.58
71.27764097834815	1.58
100.83095429697771	1.58
86.57916290774448	1.58
99.21526969522814	1.58
71.27764097834815	1.58
100.76171780036718	1.58
97.25322878738592	1.58
98.89886104703685	1.58
71.27764097834815	1.58
102.31196815789596	1.58
92.83711563751596	1.58
100.42260720353362	1.58
81.49000834550843	1.58
101.58293618985498	1.58
94.90803889973698	1.58
100.42260720353362	1.58
73.11461579731518	1.58
101.56880528083484	1.58
107.25212626452156	1.58
100.80949022912813	1.58
73.11461579731518	1.58
101.76486697812011	1.58
107.25212626452156	1.58
100.90037705314978	1.58
73.11461579731518	1.58
103.9901654430982	1.58
107.25212626452156	1.58
100.01823649491136	1.58
85.00636251006041	1.58
103.9901654430982	1.58
107.25212626452156	1.58
96.71232061154244	1.58
94.45277674707432	1.58
102.43330371610585	1.58
110.31344231633956	1.58
97.77932878733083	1.58
91.60256794919056	1.58
98.09665537621875	1.58
104.26331060972628	1.58
103.59136277896197	1.58
79.07046804005932	1.58
96.69543875693608	1.58
109.41375958970298	1.58
107.27892639100435	1.58
79.07046804005932	1.58
91.84615022833536	1.58
102.10563553549285	1.58
107.27892639100435	1.58
77.92500812634452	1.58
94.46433683958922	1.58
103.77277534632425	1.58
107.27892639100435	1.58
77.92500812634452	1.58
89.38288118696778	1.58
125.65134716846579	1.58
107.27892639100435	1.58
77.92500812634452	1.58
103.44417543642624	1.58
122.81277867126718	1.58
106.45102059676583	1.58
77.92500812634452	1.58
98.80639548193072	1.58
138.26787285896543	1.58
111.11735065023132	1.58
77.92500812634452	1.58
105.36490479659815	1.58
112.20004230469632	1.58
111.11735065023132	1.58
77.67459269026735	1.58
106.67239516211708	1.58
112.20004230469632	1.58
98.84285476031286	1.58
77.67459269026735	1.58
101.42962805601265	1.58
108.72341795681804	1.58
98.51711467691425	1.58
68.19209493591717	1.58
97.55593957700515	1.58
110.93587233868514	1.58
98.48108227891906	1.58
84.26345227260083	1.58
91.10607618048964	1.58
109.95873933716962	1.58
98.48108227891906	1.58
93.21557076391889	1.58
85.21165203135028	1.58
108.22511291298136	1.58
98.36222183609206	1.58
93.21557076391889	1.58
76.88262719033577	1.58
99.77702013384895	1.58
101.31803770716135	1.58
92.23238687723939	1.58
76.88262719033577	1.58
107.24047584550911	1.58
104.91253141262985	1.58
95.22599951307612	1.58
86.52975160821728	1.58
110.13255128735751	1.58
104.91253141262985	1.58
82.37975464750636	1.58
97.95662276204033	1.58
117.92538140992353	1.58
104.91253141262985	1.58
70.33917851871453	1.58
97.95662276204033	1.58
143.1108860700923	1.58
110.63050299255104	1.58
90.28013634194215	1.58
85.77989183473386	1.58
143.1108860700923	1.58
110.63050299255104	1.58
88.35594652340905	1.58
85.77989183473386	1.58
143.1108860700923	1.58
102.38880068092365	1.58
88.35594652340905	1.58
81.06307540857651	1.58
143.1108860700923	1.58
96.25751135136301	1.58
89.40816803520887	1.58
77.60188228557581	1.58
121.20856642453356	1.58
88.21190268034908	1.58
89.61505738542608	1.58
77.60188228557581	1.58
134.64055807449097	1.58
87.343069046861	1.58
90.07414601627694	1.58
77.60188228557581	1.58
143.9278900082257	1.58
87.75750866833273	1.58
90.97149482809232	1.58
78.95288596977632	1.58
143.9278900082257	1.58
87.89388181203856	1.58
90.97149482809232	1.58
72.24063517266033	1.58
146.05224814315676	1.58
89.39303942971358	1.58
90.97149482809232	1.58
80.18235929346397	1.58
146.05224814315676	1.58
89.06331150433839	1.58
89.02015297925851	1.58
83.72680158898646	1.58
135.5863279228762	1.58
90.12875936528698	1.58
88.98896255232583	1.58
82.38093551625835	1.58
135.5863279228762	1.58
94.54689779172622	1.58
88.98896255232583	1.58
82.38093551625835	1.58
154.84050421508067	1.58
91.759687576862	1.58
88.98896255232583	1.58
82.38093551625835	1.58
137.87742985595125	1.58
92.15031649327081	1.58
106.03108488574915	1.58
82.38093551625835	1.58
141.3022929149413	1.58
97.37713344015798	1.58
106.03108488574915	1.58
69.44632214872391	1.58
125.90605396089235	1.58
97.37713344015798	1.58
106.03108488574915	1.58
69.44632214872391	1.58
125.90605396089235	1.58
97.99227591367782	1.58
111.538996578802	1.58
69.90727862618795	1.58
155.49713993540664	1.58
105.01584095811172	1.58
80.11108147890137	1.58
69.90727862618795	1.58
155.49713993540664	1.58
125.13749678272019	1.58
80.11108147890137	1.58
69.90727862618795	1.58
155.49713993540664	1.58
128.81205562233134	1.58
80.11108147890137	1.58
87.53005808513136	1.58
155.49713993540664	1.58
110.4212602472509	1.58
80.11108147890137	1.58
87.53005808513136	1.58
155.49713993540664	1.58
100.51328284241448	1.58
80.11108147890137	1.58
77.33276119470858	1.58
155.49713993540664	1.58
99.08408577722179	1.58
82.67619577236088	1.58
97.4845638890074	1.58
132.84032281907278	1.58
95.7935624936257	1.58
83.40681628180313	1.58
83.30411308111772	1.58
152.53736847878872	1.58
105.66348380455753	1.58
94.12445399573647	1.58
83.30411308111772	1.58
152.53736847878872	1.58
105.23586279449736	1.58
98.0805717083782	1.58
97.43633068903176	1.58
155.930133507277	1.58
105.23586279449736	1.58
98.0805717083782	1.58
92.49029492892875	1.58
155.930133507277	1.58
111.52138689041253	1.58
88.83570122300912	1.58
120.64046937509045	1.58
141.02024652891654	1.58
112.98735267386951	1.58
80.50891016977955	1.58
119.84649906798718	1.58
142.65964714141867	1.58
114.49577854169556	1.58
80.50891016977955	1.58
99.21187752687025	1.58
142.65964714141867	1.58
145.59807907875694	1.58
80.50891016977955	1.58
73.09032003108491	1.58
127.35869325958572	1.58
145.59807907875694	1.58
86.53993134255529	1.58
96.62344383850038	1.58
127.35869325958572	1.58
136.6997019534118	1.58
86.53993134255529	1.58
96.62344383850038	1.58
137.21687171537147	1.58
137.81964850437967	1.58
86.53993134255529	1.58
94.81472459332204	1.58
137.21687171537147	1.58
137.81964850437967	1.58
72.755838064933	1.58
79.05400591778643	1.58
137.21687171537147	1.58
137.81964850437967	1.58
72.755838064933	1.58
79.05400591778643	1.58
137.21687171537147	1.58
142.73585946691333	1.58
72.755838064933	1.58
79.05400591778643	1.58
132.14592717906854	1.58
149.27430328959412	1.58
72.755838064933	1.58
81.16240114736611	1.58
138.0210664730442	1.58
137.2290094584095	1.58
72.755838064933	1.58
93.34268253618549	1.58
138.0210664730442	1.58
105.36922526739369	1.58
78.63854905004018	1.58
84.73852340036323	1.58
155.87858622398718	1.58
108.70572767367612	1.58
64.4679310543322	1.58
91.8885546436095	1.58
155.87858622398718	1.58
108.70572767367612	1.58
64.4679310543322	1.58
91.8885546436095	1.58
155.87858622398718	1.58
108.70572767367612	1.58
86.412352386501	1.58
107.80142369054951	1.58
155.87858622398718	1.58
130.5855847735264	1.58
86.412352386501	1.58
92.82524468601706	1.58
144.30953612305993	1.58
112.35082136425979	1.58
79.91777398109798	1.58
81.3157889585784	1.58
144.30953612305993	1.58
112.35082136425979	1.58
86.18278967573997	1.58
84.02722156492558	1.58
144.75931687739768	1.58
134.7879330631757	1.58
77.35963277063038	1.58
84.02722156492558	1.58
134.46533755053278	1.58
134.81020027552205	1.58
77.32316260251739	1.58
103.98814027487306	1.58
111.1796885171778	1.58
149.90897897598717	1.58
80.69345063485505	1.58
99.16527374251984	1.58
115.89779647992401	1.58
149.28682954500454	1.58
80.69345063485505	1.58
72.82535209693133	1.58
118.75453138842654	1.58
149.28682954500454	1.58
108.54523507023254	1.58
72.21129699438151	1.58
128.49163749875783	1.58
130.01085894762448	1.58
94.77828653575713	1.58
70.67764722132057	1.58
105.46685289968605	1.58
109.6244471425383	1.58
97.73641311175763	1.58
70.67764722132057	1.58
105.75926196452605	1.58
111.42051628711788	1.58
93.83425805881579	1.58
70.67764722132057	1.58
108.8310975766432	1.58
128.02042812413197	1.58
105.72583138044813	1.58
70.67764722132057	1.58
145.59256427245225	1.58
117.42319938636324	1.58
105.72583138044813	1.58
77.58960537418294	1.58
131.71693986060535	1.58
121.74785800508067	1.58
101.63636721219738	1.58
101.71140433481762	1.58
155.24363082260214	1.58
126.25599294633355	1.58
110.37563831384035	1.58
117.9400229001916	1.58
155.24363082260214	1.58
127.52694110576263	1.58
112.90657234464653	1.58
89.2766009772134	1.58
155.24363082260214	1.58
126.23770405709567	1.58
85.79522861830024	1.58
89.2766009772134	1.58
155.24363082260214	1.58
144.16408472705	1.58
85.79522861830024	1.58
89.2766009772134	1.58
155.24363082260214	1.58
138.99485366065136	1.58
98.47996612177857	1.58
89.2766009772134	1.58
147.35951104980558	1.58
144.82316340807756	1.58
97.41140946803094	1.58
89.2766009772134	1.58
147.35951104980558	1.58
144.82316340807756	1.58
110.29903005769764	1.58
89.2766009772134	1.58
144.78065833369362	1.58
144.82316340807756	1.58
110.29903005769764	1.58
89.2766009772134	1.58
154.31017882948478	1.58
144.82316340807756	1.58
115.14355661414776	1.58
89.2766009772134	1.58
154.31017882948478	1.58
144.82316340807756	1.58
99.82348342613358	1.58
89.2766009772134	1.58
154.31017882948478	1.58
131.71359477911759	1.58
107.6137939005455	1.58
89.2766009772134	1.58
154.31017882948478	1.58
154.22413362849704	1.58
97.60011465184351	1.58
87.99453086201774	1.58
154.31017882948478	1.58
126.33890651359901	1.58
97.60011465184351	1.58
70.2763221926881	1.58
154.43188572861226	1.58
151.97024356864802	1.58
120.92546028712546	1.58
81.8972171336654	1.58
138.22530079575975	1.58
151.97024356864802	1.58
120.92546028712546	1.58
81.8972171336654	1.58
138.22530079575975	1.58
151.97024356864802	1.58
120.92546028712546	1.58
82.65029189560417	1.58
138.22530079575975	1.58
151.97024356864802	1.58
104.78848200225194	1.58
82.65029189560417	1.58
146.0708223017351	1.58
151.97024356864802	1.58
104.78848200225194	1.58
82.65029189560417	1.58
150.14954742240337	1.58
134.03242767182562	1.58
104.78848200225194	1.58
82.65029189560417	1.58
138.29091926194775	1.58
134.03242767182562	1.58
101.8772164678474	1.58
86.14628108033438	1.58
138.29091926194775	1.58
128.0500016966434	1.58
91.36130158503877	1.58
99.70346536619289	1.58
118.84467999072808	1.58
143.8355210910778	1.58
67.08054166155637	1.58
118.5508574636116	1.58
118.7077865368817	1.58
136.27949795710776	1.58
81.50439319839003	1.58
120.82833385214562	1.58
118.60860726735635	1.58
134.6734592119851	1.58
81.50439319839003	1.58
119.81480885623937	1.58
118.75735123978731	1.58
130.1097205170887	1.58
77.3011723362979	1.58
118.31964741717903	1.58
118.77754930472749	1.58
126.05569029644455	1.58
77.3011723362979	1.58
116.89141130216571	1.58
118.78253457524121	1.58
130.94764342519528	1.58
77.3011723362979	1.58
116.89141130216571	1.58
101.86306096558926	1.58
130.94764342519528	1.58
77.3011723362979	1.58
111.99549214437559	1.58
104.92262940345671	1.58
136.30719569389083	1.58
77.3011723362979	1.58
111.99549214437559	1.58
107.52204750962993	1.58
131.01154223126332	1.58
77.3011723362979	1.58
116.28794980184999	1.58
107.52204750962993	1.58
127.89457689945937	1.58
92.72876021778613	1.58
119.53553641905981	1.58
100.13195261300301	1.58
128.42046863197632	1.58
70.7826713718645	1.58
133.76753097634133	1.58
114.83765560504494	1.58
139.69084624142573	1.58
70.7826713718645	1.58
149.79347892186254	1.58
141.05868682109758	1.58
139.69084624142573	1.58
86.47437278142283	1.58
153.01599717866958	1.58
141.05868682109758	1.58
136.59617363438971	1.58
101.80988307004844	1.58
147.24931649023952	1.58
141.60814685344266	1.58
140.68640163540786	1.58
79.61003904365634	1.58
147.6026977074865	1.58
149.0439761187181	1.58
133.87505351807982	1.58
79.61003904365634	1.58
146.2820641572232	1.58
150.75547363083845	1.58
140.91810596181296	1.58
93.68888612609857	1.58
151.39325018163063	1.58
150.1347557754625	1.58
137.886132356532	1.58
92.536405306071	1.58
151.39325018163063	1.58
143.95668766485755	1.58
135.5038531660927	1.58
92.536405306071	1.58
150.76842060995853	1.58
145.9639559468686	1.58
135.46049078956796	1.58
76.4875918687108	1.58
150.2108464871593	1.58
147.57500200113503	1.58
132.3312803779966	1.58
76.4875918687108	1.58
147.5499307842903	1.58
147.57500200113503	1.58
129.92573319607615	1.58
88.05351379186335	1.58
150.98104290756118	1.58
134.15349812024752	1.58
155.29899535592057	1.58
88.05351379186335	1.58
143.37560413330257	1.58
130.4016339796604	1.58
151.51162387762201	1.58
73.83506013282357	1.58
143.37560413330257	1.58
123.65133695789629	1.58
151.51162387762201	1.58
71.37817513315755	1.58
144.8750584160769	1.58
158.18927450817654	1.58
155.60464688791657	1.58
71.37817513315755	1.58
142.51576689600117	1.58
158.18927450817654	1.58
155.60464688791657	1.58
107.25996867773925	1.58
148.15639056852874	1.58
158.0288142421651	1.58
155.60464688791657	1.58
104.51448872033177	1.58
143.21051359818517	1.58
142.27874779808022	1.58
137.1424499107857	1.58
84.16705799235422	1.58
143.55172356611192	1.58
142.27874779808022	1.58
137.77772976926022	1.58
84.16705799235422	1.58
145.89817649029158	1.58
117.52194770152175	1.58
137.77772976926022	1.58
84.16705799235422	1.58
145.89817649029158	1.58
103.95261379071806	1.58
132.3366022501312	1.58
87.72590624912618	1.58
145.89817649029158	1.58
96.2510280535487	1.58
132.8162195660233	1.58
83.19435599842406	1.58
156.64829157732416	1.58
96.2510280535487	1.58
111.39602591707342	1.58
73.85617118062245	1.58
152.17075053200296	1.58
96.2510280535487	1.58
95.37810126781277	1.58
73.85617118062245	1.58
152.17075053200296	1.58
96.2510280535487	1.58
95.37810126781277	1.58
76.61754776842494	1.58
152.17075053200296	1.58
88.99139084938446	1.58
103.39835881903417	1.58
76.61754776842494	1.58
152.17075053200296	1.58
99.92982903168618	1.58
83.84658696771947	1.58
76.61754776842494	1.58
152.17075053200296	1.58
94.15652320575116	1.58
85.93241406308645	1.58
70.73679410865148	1.58
152.17075053200296	1.58
107.56998109253192	1.58
87.96718963535966	1.58
67.47585938202262	1.58
152.17075053200296	1.58
97.06215979699876	1.58
84.2596211672506	1.58
67.47585938202262	1.58
154.1394104248542	1.58
90.08294051168265	1.58
84.2596211672506	1.58
67.47585938202262	1.58
144.8025961525413	1.58
86.72988610666978	1.58
84.2596211672506	1.58
66.81663132474532	1.58
144.8025961525413	1.58
86.72988610666978	1.58
100.90167726781095	1.58
70.6239955223009	1.58
143.78379124344158	1.58
90.26123413614557	1.58
91.45981322738271	1.58
70.6239955223009	1.58
143.78379124344158	1.58
95.35960671904503	1.58
91.45981322738271	1.58
70.6239955223009	1.58
143.78379124344158	1.58
95.35960671904503	1.58
105.410202586895	1.58
70.6239955223009	1.58
156.02677779763587	1.58
95.35960671904503	1.58
105.410202586895	1.58
70.6239955223009	1.58
142.09583328109593	1.58
95.35960671904503	1.58
105.410202586895	1.58
78.29377529995591	1.58
138.892706830514	1.58
110.00016949115341	1.58
84.45935704481172	1.58
83.47573173066147	1.58
138.892706830514	1.58
110.00016949115341	1.58
84.45935704481172	1.58
83.49115272705228	1.58
153.21221242900117	1.58
71.13436095349101	1.58
84.06448372583634	1.58
83.23016768129969	1.58
153.21221242900117	1.58
71.13436095349101	1.58
84.21180073923968	1.58
84.15936283827114	1.58
145.25875245237089	1.58
71.13436095349101	1.58
84.23430639829867	1.58
84.15936283827114	1.58
108.90421636817658	1.58
71.13436095349101	1.58
84.26284203289421	1.58
84.15936283827114	1.58
108.90421636817658	1.58
78.62203891908692	1.58
84.29758248300783	1.58
84.1705372838473	1.58
105.679129031964	1.58
78.62203891908692	1.58
80.36070864973226	1.58
88.2100640949514	1.58
105.679129031964	1.58
70.38310012277385	1.58
79.20268779935888	1.58
85.14206184483695	1.58
99.74553603249903	1.58
70.38310012277385	1.58
71.24036203700162	1.58
95.49022979058752	1.58
126.8364171994975	1.58
70.38310012277385	1.58
71.24036203700162	1.58
119.65532825472434	1.58
108.33561175583418	1.58
70.38310012277385	1.58
71.24036203700162	1.58
118.50722643729524	1.58
108.33561175583418	1.58
83.65441512574914	1.58
71.24036203700162	1.58
101.21567918980311	1.58
106.35781848013849	1.58
81.87006793194871	1.58
71.24036203700162	1.58
113.6521195546564	1.58
106.35781848013849	1.58
74.03151321784728	1.58
71.24036203700162	1.58
110.5273548934359	1.58
100.8866025394653	1.58
74.03151321784728	1.58
71.24036203700162	1.58
96.54082534053984	1.58
88.59959025533587	1.58
75.63984498108374	1.58
70.13496001808196	1.58
100.36932397261464	1.58
88.59959025533587	1.58
74.03177868618144	1.58
70.13496001808196	1.58
102.7754941841269	1.58
81.58442570422375	1.58
74.03177868618144	1.58
70.13496001808196	1.58
88.68415197636747	1.58
81.72867707188739	1.58
74.03177868618144	1.58
75.06989500242389	1.58
92.3944565353719	1.58
82.9880122665441	1.58
68.95272497428134	1.58
75.9961487038039	1.58
88.11534055025999	1.58
80.66182683358088	1.58
68.95272497428134	1.58
74.24073646350655	1.58
89.88532079254058	1.58
88.57573094901521	1.58
68.95272497428134	1.58
76.7795540489097	1.58
83.56627155831907	1.58
97.30023570584012	1.58
72.52547644852152	1.58
76.7795540489097	1.58
83.56627155831907	1.58
111.6805963543483	1.58
84.15623381546709	1.58
76.7795540489097	1.58
81.48405558025918	1.58
119.52479143777796	1.58
78.42701198385325	1.58
76.8040830704888	1.58
82.25475859807926	1.58
120.42786311942604	1.58
78.42701198385325	1.58
71.82143817781227	1.58
81.45818193253659	1.58
113.49109457569534	1.58
76.57943458991903	1.58
81.01321781546852	1.58
84.67093478094081	1.58
113.88170924537069	1.58
76.57943458991903	1.58
81.41778038699208	1.58
86.86843324513109	1.58
146.50587242954623	1.58
76.57943458991903	1.58
81.41778038699208	1.58
90.60100332680777	1.58
112.80726949785497	1.58
71.3862508956021	1.58
81.41778038699208	1.58
86.92732633465995	1.58
106.54242202127557	1.58
87.12971669030779	1.58
76.88055598323751	1.58
86.8657296282672	1.58
119.99217609011603	1.58
87.29142536000514	1.58
76.12397461655728	1.58
86.89997345829234	1.58
147.3159563151799	1.58
87.29142536000514	1.58
76.12397461655728	1.58
96.89615872956597	1.58
120.58940813426842	1.58
87.99195906882011	1.58
79.8463822806637	1.58
95.8673145989448	1.58
106.23219828176356	1.58
82.28319370932077	1.58
82.41165177720995	1.58
96.09207247507265	1.58
106.23219828176356	1.58
82.28319370932077	1.58
86.99172015484933	1.58
101.92976435095632	1.58
105.45462912510575	1.58
80.3178962872678	1.58
76.17310173582389	1.58
117.11149119572588	1.58
103.32602006330922	1.58
81.58998775154257	1.58
76.17310173582389	1.58
109.46341342384522	1.58
106.2722921873179	1.58
83.23550026705227	1.58
76.17310173582389	1.58
109.46341342384522	1.58
97.50830851403214	1.58
79.86148662092563	1.58
76.17310173582389	1.58
136.45104085798647	1.58
114.66701259696904	1.58
82.65457676856656	1.58
105.58806819868836	1.58
127.87705866151367	1.58
113.36951744282759	1.58
97.5463314519925	1.58
100.21937408103759	1.58
137.34213059217063	1.58
117.07928163480716	1.58
76.9125845730057	1.58
100.21937408103759	1.58
137.34213059217063	1.58
106.21099698865757	1.58
76.9125845730057	1.58
96.99700848463779	1.58
151.95524064533788	1.58
106.21099698865757	1.58
79.84560074033192	1.58
99.95216444414952	1.58
151.95524064533788	1.58
106.21099698865757	1.58
91.9925955064802	1.58
95.85026537838039	1.58
151.95524064533788	1.58
106.26779848305218	1.58
87.76302758868712	1.58
95.85026537838039	1.58
145.95666409529048	1.58
108.37683211465392	1.58
72.80886410764	1.58
94.29921432559345	1.58
125.28857564947086	1.58
108.37683211465392	1.58
88.21629034927099	1.58
91.78740218487047	1.58
149.5334322535683	1.58
102.11612400816502	1.58
76.21807208243935	1.58
83.41137563175084	1.58
149.5334322535683	1.58
107.3330552153015	1.58
75.90706148391295	1.58
70.20691388396952	1.58
149.5334322535683	1.58
119.44992436568678	1.58
75.90706148391295	1.58
70.20691388396952	1.58
149.5334322535683	1.58
109.76206733132773	1.58
75.90706148391295	1.58
70.20691388396952	1.58
149.5334322535683	1.58
126.83021373243577	1.58
75.90706148391295	1.58
70.20691388396952	1.58
138.88335086685086	1.58
140.13615466657347	1.58
75.90706148391295	1.58
70.20691388396952	1.58
143.10321426556288	1.58
122.33543805176076	1.58
75.90706148391295	1.58
89.5950332068904	1.58
131.08649606028627	1.58
108.9463558834395	1.58
66.91848314548776	1.58
93.77281321621953	1.58
155.14776431711437	1.58
108.9463558834395	1.58
85.51818841880139	1.58
88.99140422654109	1.58
129.76608921702646	1.58
108.27649205515296	1.58
68.87509551453402	1.58
90.11682413966142	1.58
139.4635626292106	1.58
108.27649205515296	1.58
68.87509551453402	1.58
78.21927547941176	1.58
118.1977641859478	1.58
146.3910829272109	1.58
90.49145839748203	1.58
78.21927547941176	1.58
134.00513771591653	1.58
146.3910829272109	1.58
110.25372816353665	1.58
78.21927547941176	1.58
122.98866810790187	1.58
146.3910829272109	1.58
110.25372816353665	1.58
78.21927547941176	1.58
127.05908219748854	1.58
153.4974263952502	1.58
107.24210383379872	1.58
78.21927547941176	1.58
135.34973829254488	1.58
150.50166938291315	1.58
92.64610055991493	1.58
109.63939875842078	1.58
141.15130966643835	1.58
150.50166938291315	1.58
80.74396388803439	1.58
79.95281905776136	1.58
144.72370017186338	1.58
150.50166938291315	1.58
80.74396388803439	1.58
79.95281905776136	1.58
133.69221605114373	1.58
142.53330257417218	1.58
80.74396388803439	1.58
80.73719738256732	1.58
111.28117939000997	1.58
142.53330257417218	1.58
106.54274010587457	1.58
80.73719738256732	1.58
111.28117939000997	1.58
142.53330257417218	1.58
80.03429152382301	1.58
80.73719738256732	1.58
110.75781806090058	1.58
142.53330257417218	1.58
80.03429152382301	1.58
80.73719738256732	1.58
112.36095360671956	1.58
143.22816839732812	1.58
80.03429152382301	1.58
80.73719738256732	1.58
141.8098180036384	1.58
130.82700593196415	1.58
76.75193814871223	1.58
80.73719738256732	1.58
141.8098180036384	1.58
144.9437537651358	1.58
85.48776852542494	1.58
80.73719738256732	1.58
152.608708216184	1.58
144.9437537651358	1.58
85.48776852542494	1.58
94.93477826082528	1.58
152.608708216184	1.58
144.9437537651358	1.58
79.71793978582244	1.58
76.4935428265169	1.58
152.608708216184	1.58
144.9437537651358	1.58
79.71793978582244	1.58
76.4935428265169	1.58
155.97035865372806	1.58
145.94783017450823	1.58
85.14471030840842	1.58
86.09167036750756	1.58
155.97035865372806	1.58
150.10852009618	1.58
85.14471030840842	1.58
106.18854387514156	1.58
155.97035865372806	1.58
150.10852009618	1.58
79.3994734993748	1.58
106.18854387514156	1.58
141.87196616439866	1.58
140.3075663105161	1.58
90.25672253217877	1.58
86.74019434343438	1.58
141.87196616439866	1.58
138.3734574253167	1.58
78.82329334750695	1.58
86.74019434343438	1.58
155.5545113577555	1.58
138.42626703625058	1.58
78.82329334750695	1.58
86.74019434343438	1.58
155.5545113577555	1.58
125.19275432648408	1.58
78.82329334750695	1.58
86.74019434343438	1.58
155.5545113577555	1.58
132.97917715096796	1.58
78.82329334750695	1.58
103.86652020704568	1.58
155.5545113577555	1.58
151.79318004934862	1.58
78.82329334750695	1.58
82.41790715506002	1.58
129.72970182149197	1.58
151.79318004934862	1.58
83.9178622437219	1.58
70.99954431633208	1.58
129.72970182149197	1.58
145.11693888878483	1.58
89.63632881696238	1.58
70.99954431633208	1.58
129.72970182149197	1.58
145.11693888878483	1.58
89.63632881696238	1.58
79.4982244793115	1.58
129.72970182149197	1.58
147.9886901034132	1.58
117.50611145663586	1.58
74.58665232960873	1.58
111.4180905377909	1.58
147.9886901034132	1.58
117.50611145663586	1.58
103.87696570580286	1.58
115.89040022770527	1.58
147.9886901034132	1.58
117.50611145663586	1.58
97.870661562988	1.58
109.98041953263225	1.58
152.37103440719238	1.58
127.6200922828969	1.58
91.86545639122647	1.58
110.43964015535914	1.58
139.61864367101592	1.58
115.7295815102924	1.58
90.33145136615899	1.58
109.75622428816867	1.58
139.61864367101592	1.58
114.5934572425761	1.58
90.33145136615899	1.58
108.63277071453075	1.58
153.98454493206862	1.58
117.35891866883507	1.58
90.33145136615899	1.58
108.47854140890573	1.58
153.98454493206862	1.58
87.67280943079986	1.58
105.69632508089369	1.58
107.18366201217808	1.58
153.98454493206862	1.58
78.14300995207074	1.58
80.674885172933	1.58
107.18366201217808	1.58
133.2785640602815	1.58
78.14300995207074	1.58
80.674885172933	1.58
106.26832727906378	1.58
118.53776245934812	1.58
62.39170085232974	1.58
76.52859810075805	1.58
133.09887983901854	1.58
123.85480753643895	1.58
80.72174155053216	1.58
76.52859810075805	1.58
148.436151825083	1.58
119.41248443290772	1.58
80.72174155053216	1.58
88.71943677816458	1.58
121.835972279237	1.58
129.10101222829894	1.58
80.72174155053216	1.58
94.37642372207361	1.58
129.5656001836026	1.58
146.49320125143709	1.58
80.72174155053216	1.58
94.37642372207361	1.58
136.09630663064684	1.58
146.49320125143709	1.58
80.72174155053216	1.58
72.94704424080861	1.58
157.89004020506667	1.58
146.49320125143709	1.58
80.72174155053216	1.58
92.1341686266059	1.58
153.5345340624001	1.58
146.49320125143709	1.58
80.72174155053216	1.58
92.1341686266059	1.58
153.5345340624001	1.58
146.49320125143709	1.58
80.72174155053216	1.58
75.75343504615508	1.58
131.02557500578465	1.58
113.68865688799423	1.58
89.2888328932139	1.58
86.68469938886757	1.58
124.50856460234272	1.58
111.11996979376751	1.58
69.18684478869392	1.58
86.68469938886757	1.58
131.12479223465712	1.58
111.11996979376751	1.58
69.18684478869392	1.58
86.68469938886757	1.58
142.2126991656294	1.58
111.11996979376751	1.58
68.8943198386427	1.58
85.21720030020137	1.58
142.2126991656294	1.58
111.11996979376751	1.58
68.8943198386427	1.58
75.1348538869616	1.58
142.2126991656294	1.58
102.70143862080442	1.58
75.77220488244424	1.58
67.60776215236382	1.58
124.5134616066955	1.58
109.19648820430947	1.58
75.77220488244424	1.58
73.69218427603087	1.58
103.25354800656805	1.58
109.88478022706644	1.58
75.77220488244424	1.58
73.69218427603087	1.58
103.25354800656805	1.58
140.40020157030276	1.58
88.48320513919992	1.58
73.69218427603087	1.58
107.06400255061789	1.58
140.40020157030276	1.58
97.11425935507289	1.58
73.69218427603087	1.58
123.4947985442771	1.58
120.2390730755543	1.58
71.00937874790544	1.58
73.69218427603087	1.58
110.86375078663701	1.58
155.79293871716723	1.58
71.00937874790544	1.58
73.76144939551705	1.58
111.53471429650203	1.58
155.79293871716723	1.58
76.28549755554312	1.58
73.76144939551705	1.58
139.219196995784	1.58
155.79293871716723	1.58
76.28549755554312	1.58
88.43488653960132	1.58
146.64884374969841	1.58
155.79293871716723	1.58
76.28549755554312	1.58
88.43488653960132	1.58
111.5996843940917	1.58
155.79293871716723	1.58
76.28549755554312	1.58
85.27266974635427	1.58
103.37335980879124	1.58
155.79293871716723	1.58
76.28549755554312	1.58
82.05587451565655	1.58
105.76883714742829	1.58
155.79293871716723	1.58
81.86952281340103	1.58
75.8968744370778	1.58
105.93857780719068	1.58
155.79293871716723	1.58
81.86952281340103	1.58
75.8968744370778	1.58
105.93857780719068	1.58
120.08273898488626	1.58
81.86952281340103	1.58
75.8968744370778	1.58
105.93857780719068	1.58
149.36998789868423	1.58
81.86952281340103	1.58
75.8968744370778	1.58
105.93857780719068	1.58
149.36998789868423	1.58
81.86952281340103	1.58
108.41525181078228	1.58
105.93857780719068	1.58
149.36998789868423	1.58
81.86952281340103	1.58
109.98613342460044	1.58
105.19774975321405	1.58
151.1009307029975	1.58
78.81717294428354	1.58
104.20994745072181	1.58
129.51631184037342	1.58
151.1009307029975	1.58
78.81717294428354	1.58
82.57750716836551	1.58
116.61839657298165	1.58
118.29514737046125	1.58
78.81717294428354	1.58
82.57750716836551	1.58
126.77821467318665	1.58
101.4609973977426	1.58
78.81717294428354	1.58
82.57750716836551	1.58
119.33124207811488	1.58
118.63766611276154	1.58
78.81717294428354	1.58
92.304608883398	1.58
125.99664619202014	1.58
136.99707174191656	1.58
85.52449746656094	1.58
76.33018005824323	1.58
147.45951221376367	1.58
122.47681369381692	1.58
88.81301362149775	1.58
72.74621408538124	1.58
137.68400583079554	1.58
126.93613647175178	1.58
76.84195267542793	1.58
72.74621408538124	1.58
139.4187729760925	1.58
155.4417408681962	1.58
77.32757543237983	1.58
85.24835871245901	1.58
139.4187729760925	1.58
155.4417408681962	1.58
106.38594604040554	1.58
99.87370355246341	1.58
154.38019997336056	1.58
155.4417408681962	1.58
79.29929360414509	1.58
99.87370355246341	1.58
133.0757177388654	1.58
155.4417408681962	1.58
79.29929360414509	1.58
99.87370355246341	1.58
130.67629500119105	1.58
155.4417408681962	1.58
79.15012392019759	1.58
72.47964912315965	1.58
130.67629500119105	1.58
157.5077209378203	1.58
79.15012392019759	1.58
72.47964912315965	1.58
105.4204325720478	1.58
157.5077209378203	1.58
80.00065635252066	1.58
73.50873401931689	1.58
100.41467046292335	1.58
149.63636927705033	1.58
80.00065635252066	1.58
81.19846232996538	1.58
109.86127407854087	1.58
149.63636927705033	1.58
80.00065635252066	1.58
85.11227069181984	1.58
109.86127407854087	1.58
148.09812345942694	1.58
85.43397419633601	1.58
69.65850190995849	1.58
108.46042944505336	1.58
121.08357697943275	1.58
85.43397419633601	1.58
69.65850190995849	1.58
108.46042944505336	1.58
121.08357697943275	1.58
85.43397419633601	1.58
69.65850190995849	1.58
108.46042944505336	1.58
121.3737506519931	1.58
85.43397419633601	1.58
78.19925632036974	1.58
115.91968790795089	1.58
124.68899511329208	1.58
103.44941463269694	1.58
78.19925632036974	1.58
127.7698633317992	1.58
119.80944600651694	1.58
104.53375243626729	1.58
78.19925632036974	1.58
114.85389717993459	1.58
113.26952910796768	1.58
105.56723529858515	1.58
78.19925632036974	1.58
144.6117335623407	1.58
112.31639024609443	1.58
108.74141698704918	1.58
78.19925632036974	1.58
144.6117335623407	1.58
104.3270535206453	1.58
105.2265005701984	1.58
80.45201847780763	1.58
155.41007573265912	1.58
104.3270535206453	1.58
89.43644553783788	1.58
83.38958760814052	1.58
155.41007573265912	1.58
104.3270535206453	1.58
95.32341614549819	1.58
83.38958760814052	1.58
155.41007573265912	1.58
109.17410653640076	1.58
95.32341614549819	1.58
83.38958760814052	1.58
155.41007573265912	1.58
111.91873505996519	1.58
90.48797366840166	1.58
118.8673642132183	1.58
143.18385351076944	1.58
122.84387813555827	1.58
90.48797366840166	1.58
120.2289578669553	1.58
143.18385351076944	1.58
122.30402469889334	1.58
90.48797366840166	1.58
120.31045069632704	1.58
128.67526230615852	1.58
151.4256716758145	1.58
90.48797366840166	1.58
114.66043098415288	1.58
138.55610420113132	1.58
151.4256716758145	1.58
94.83427161271172	1.58
112.09292921218838	1.58
138.55610420113132	1.58
151.4256716758145	1.58
94.83427161271172	1.58
112.09292921218838	1.58
152.90267463432738	1.58
142.01069292866018	1.58
106.28873465501135	1.58
122.93376725206788	1.58
133.07531514287376	1.58
143.21776443060145	1.58
101.04392321432272	1.58
123.39985331609637	1.58
133.07531514287376	1.58
150.63099605260825	1.58
101.04392321432272	1.58
119.60481699476378	1.58
142.11008351327914	1.58
126.37101921753343	1.58
97.2303287054466	1.58
122.35640295241978	1.58
134.14149363471907	1.58
127.73572400479826	1.58
73.69699928510548	1.58
117.04828873190013	1.58
138.02111991963707	1.58
129.2198540792207	1.58
73.69699928510548	1.58
117.04828873190013	1.58
127.99761615730833	1.58
140.86262348459576	1.58
94.78902599683425	1.58
93.74384080224621	1.58
113.79672877701931	1.58
140.86262348459576	1.58
103.0282947395715	1.58
93.74384080224621	1.58
131.39044045048405	1.58
140.86262348459576	1.58
95.42722998576457	1.58
90.712539967364	1.58
152.37618461672417	1.58
140.86262348459576	1.58
77.15173306742183	1.58
90.712539967364	1.58
152.37618461672417	1.58
140.86262348459576	1.58
79.96807081315677	1.58
90.712539967364	1.58
116.615671318235	1.58
157.07303740658816	1.58
78.33754641698752	1.58
122.28678337919747	1.58
105.62829273715299	1.58
157.07303740658816	1.58
78.33754641698752	1.58
117.18943170892112	1.58
111.93802114921041	1.58
146.19080210864286	1.58
78.86684649914466	1.58
91.81551175300427	1.58
97.76348161927037	1.58
127.68937176919118	1.58
87.31123714184473	1.58
88.00308767936622	1.58
99.11933380626012	1.58
120.1924343210404	1.58
77.77960842068286	1.58
100.57853486356396	1.58
100.5504736393107	1.58
123.2919478113308	1.58
86.01044082186095	1.58
100.57853486356396	1.58
100.53547450423112	1.58
140.0911300117609	1.58
86.01044082186095	1.58
105.90281956461129	1.58
100.16602100114378	1.58
140.0911300117609	1.58
89.19992518073278	1.58
110.89185529558533	1.58
103.78306169429646	1.58
150.56831426840375	1.58
81.76954909295439	1.58
110.89185529558533	1.58
104.26762483775948	1.58
150.56831426840375	1.58
78.62694895633302	1.58
94.52459141130024	1.58
107.87385790626934	1.58
150.26360986050918	1.58
78.32762908461409	1.58
93.24938965819356	1.58
107.87385790626934	1.58
150.26360986050918	1.58
82.5649361922567	1.58
106.1007845297101	1.58
107.87385790626934	1.58
150.26360986050918	1.58
87.8965707184812	1.58
70.00312354786034	1.58
107.87385790626934	1.58
151.30166443135957	1.58
87.8965707184812	1.58
70.00312354786034	1.58
107.87385790626934	1.58
151.30166443135957	1.58
70.74398214086138	1.58
70.00312354786034	1.58
108.85994792482002	1.58
115.26954176648078	1.58
70.74398214086138	1.58
70.00312354786034	1.58
95.80729914271842	1.58
144.62318885232074	1.58
70.74398214086138	1.58
84.87384278336847	1.58
95.80729914271842	1.58
121.1313070367762	1.58
70.74398214086138	1.58
86.7316228906091	1.58
95.80729914271842	1.58
99.3893079745725	1.58
70.74398214086138	1.58
82.13403488143673	1.58
97.17133758311961	1.58
95.78375032689043	1.58
67.33250178466048	1.58
82.39948680088598	1.58
92.64782325645736	1.58
100.64425297546462	1.58
56.610536797625535	1.58
90.14174906929155	1.58
92.64782325645736	1.58
103.03312760810263	1.58
47.73714846631396	1.58
89.52692217964744	1.58
71.37542692147423	1.58
108.35649435874694	1.58
55.37256972144946	1.58
86.69202005874727	1.58
76.76386767042595	1.58
95.73955434392465	1.58
55.37256972144946	1.58
84.10929740837321	1.58
78.72672328727045	1.58
90.8714896960534	1.58
55.37256972144946	1.58
83.36782210371207	1.58
83.57822950348199	1.58
88.95432747113136	1.58
55.37256972144946	1.58
81.16298706290254	1.58
77.62083081750227	1.58
101.95704567734812	1.58
55.37256972144946	1.58
80.24925520384686	1.58
76.28190047029253	1.58
101.95704567734812	1.58
61.57301652507189	1.58
81.53155351895433	1.58
84.96702988331796	1.58
98.40966267619262	1.58
66.42095886512969	1.58
86.62805716084918	1.58
84.96702988331796	1.58
107.00063922399923	1.58
65.84809625674771	1.58
87.27616630940001	1.58
78.10373935845135	1.58
107.00063922399923	1.58
68.9653160210864	1.58
67.90459852315266	1.58
76.39829773725295	1.58
107.00063922399923	1.58
70.80472107545255	1.58
61.14400294229147	1.58
80.81618257681774	1.58
94.8602606757141	1.58
70.80472107545255	1.58
70.21653721737721	1.58
91.07429363027049	1.58
95.90434906535585	1.58
70.80472107545255	1.58
70.21653721737721	1.58
103.64891831162944	1.58
107.6962111164831	1.58
80.32856933615821	1.58
70.21653721737721	1.58
102.9081082776377	1.58
107.6962111164831	1.58
80.32856933615821	1.58
75.6595237251761	1.58
94.15033080460246	1.58
107.6962111164831	1.58
71.358633344809	1.58
75.6595237251761	1.58
102.30751863345904	1.58
107.6962111164831	1.58
71.358633344809	1.58
78.6408717369217	1.58
95.15903544916858	1.58
108.75712653916858	1.58
71.358633344809	1.58
85.59139177957088	1.58
101.11879931219543	1.58
108.75712653916858	1.58
71.358633344809	1.58
85.59139177957088	1.58
94.71414271635987	1.58
145.69893459716894	1.58
71.358633344809	1.58
106.6012033095791	1.58
84.64195506159106	1.58
148.9896237425142	1.58
69.72702371160076	1.58
106.6012033095791	1.58
98.78711867667002	1.58
123.44942633326815	1.58
74.55972819650775	1.58
93.04832725834574	1.58
121.50009388096709	1.58
115.15927031135527	1.58
92.41512242241559	1.58
87.20645499379411	1.58
109.15183152622694	1.58
135.70715626024116	1.58
85.493654113692	1.58
87.20645499379411	1.58
116.5887770332159	1.58
123.39234899948502	1.58
81.60740377736403	1.58
87.20645499379411	1.58
124.90399958305228	1.58
109.67962762554113	1.58
81.60740377736403	1.58
80.29078919373615	1.58
140.11203451767992	1.58
109.67962762554113	1.58
74.69710953445613	1.58
72.1557967739258	1.58
140.11203451767992	1.58
122.78948692568599	1.58
96.21329368055108	1.58
72.1557967739258	1.58
140.11203451767992	1.58
113.97354706709513	1.58
97.71952575792105	1.58
84.88957857844329	1.58
140.11203451767992	1.58
109.94504138440837	1.58
97.71952575792105	1.58
95.59705799024282	1.58
137.26784529855786	1.58
109.94504138440837	1.58
97.71952575792105	1.58
95.6667758462059	1.58
137.26784529855786	1.58
113.1226023823771	1.58
73.21098786279624	1.58
72.46519735043546	1.58
129.6159366893654	1.58
153.1595578687144	1.58
73.21098786279624	1.58
72.46519735043546	1.58
146.25102440440645	1.58
153.1595578687144	1.58
88.72441303970432	1.58
81.77800449046502	1.58
153.56263212900993	1.58
153.1595578687144	1.58
88.72441303970432	1.58
92.35217934071773	1.58
153.56263212900993	1.58
153.1595578687144	1.58
107.1819171318415	1.58
92.35217934071773	1.58
153.56263212900993	1.58
153.1595578687144	1.58
95.22102723720052	1.58
92.35217934071773	1.58
140.36065164388	1.58
153.1595578687144	1.58
101.18319263388834	1.58
63.538336708486895	1.58
140.36065164388	1.58
122.09283530637168	1.58
71.42560996884025	1.58
81.14932520788395	1.58
147.01973292203377	1.58
122.09283530637168	1.58
71.42560996884025	1.58
81.14932520788395	1.58
147.01973292203377	1.58
132.50314046028183	1.58
90.88956020426511	1.58
50.75820124555656	1.58
126.4785451995657	1.58
132.50314046028183	1.58
90.21304941621364	1.58
61.96065633653723	1.58
126.4785451995657	1.58
149.389388244999	1.58
99.2937030048615	1.58
74.74153334480741	1.58
125.68093815193905	1.58
149.389388244999	1.58
99.2937030048615	1.58
74.74153334480741	1.58
125.68093815193905	1.58
149.389388244999	1.58
84.80548227676071	1.58
74.74153334480741	1.58
116.73847658426853	1.58
149.389388244999	1.58
96.27017656180846	1.58
111.98734076416362	1.58
116.0569792140245	1.58
149.389388244999	1.58
91.06246156904805	1.58
108.29967853706493	1.58
115.8500329791109	1.58
138.91209927454827	1.58
72.37870684265813	1.58
108.29967853706493	1.58
118.53874271953781	1.58
140.35012772346363	1.58
72.37870684265813	1.58
89.94106864767241	1.58
110.67475437176876	1.58
134.01078738724732	1.58
70.68555018141637	1.58
89.94106864767241	1.58
110.67475437176876	1.58
122.9178200370653	1.58
69.61739627726789	1.58
73.774925266427	1.58
110.67475437176876	1.58
106.0497252082826	1.58
69.61739627726789	1.58
73.774925266427	1.58
110.67475437176876	1.58
106.0497252082826	1.58
69.61739627726789	1.58
73.774925266427	1.58
129.43340092753107	1.58
106.0497252082826	1.58
92.95059865475847	1.58
73.774925266427	1.58
130.3492935524404	1.58
106.0497252082826	1.58
83.8377076335767	1.58
73.774925266427	1.58
132.96751032075696	1.58
110.91049168103325	1.58
83.8377076335767	1.58
80.02175663106772	1.58
112.62315686150362	1.58
110.14053367296736	1.58
84.90948382575375	1.58
86.36890191321474	1.58
114.75754748860501	1.58
110.14053367296736	1.58
79.132097858362	1.58
83.14766573598718	1.58
141.63801531344225	1.58
122.00597205766634	1.58
97.49820468949883	1.58
83.14766573598718	1.58
114.1811013307457	1.58
130.85589440343256	1.58
82.56809015252773	1.58
71.82455913258462	1.58
133.1728602132475	1.58
130.85589440343256	1.58
70.03079192022054	1.58
89.50138915429035	1.58
144.6667864554765	1.58
109.3942611425645	1.58
71.82748480886073	1.58
82.3817516800677	1.58
144.6667864554765	1.58
116.0568862674971	1.58
71.82748480886073	1.58
75.00735518836777	1.58
144.6667864554765	1.58
109.60632588565844	1.58
71.82748480886073	1.58
83.32966537039354	1.58
144.6667864554765	1.58
109.60632588565844	1.58
71.82748480886073	1.58
93.86309841632487	1.58
123.3319862426616	1.58
95.45436282610883	1.58
69.5798629945941	1.58
103.98565508557883	1.58
130.2429904558283	1.58
95.45436282610883	1.58
69.5798629945941	1.58
92.43049433553813	1.58
153.53111627568964	1.58
103.0656310889531	1.58
69.58688269286424	1.58
82.057465094813	1.58
121.2096138828934	1.58
129.860727960899	1.58
69.58688269286424	1.58
82.057465094813	1.58
142.91927241506633	1.58
129.860727960899	1.58
69.58688269286424	1.58
82.057465094813	1.58
142.91927241506633	1.58
140.70090392087388	1.58
69.58688269286424	1.58
95.1561457909462	1.58
142.91927241506633	1.58
138.90936933454196	1.58
69.58688269286424	1.58
86.0883472375154	1.58
142.91927241506633	1.58
138.90936933454196	1.58
106.16141768599437	1.58
86.0883472375154	1.58
142.91927241506633	1.58
125.82151082612243	1.58
88.79192826997772	1.58
94.39886845881946	1.58
127.2331076147788	1.58
146.12763337349526	1.58
88.79192826997772	1.58
110.1574419542012	1.58
132.56447860193526	1.58
146.12763337349526	1.58
96.30076934616605	1.58
107.19110937404132	1.58
138.05608832209523	1.58
143.56631640195926	1.58
109.2871805837737	1.58
107.19110937404132	1.58
148.593435355716	1.58
150.29172480270287	1.58
103.57625508635584	1.58
107.19110937404132	1.58
148.593435355716	1.58
150.29172480270287	1.58
113.24931117198625	1.58
106.84175821708176	1.58
148.593435355716	1.58
144.31202734196683	1.58
113.24931117198625	1.58
76.80575386738964	1.58
148.593435355716	1.58
141.78486286075622	1.58
96.76021553090268	1.58
109.22279090902114	1.58
148.593435355716	1.58
127.50373207726963	1.58
86.27022723920356	1.58
104.88242491077871	1.58
135.9139655663565	1.58
108.31265340515323	1.58
86.71921959740962	1.58
106.25090461253379	1.58
135.9139655663565	1.58
104.64054274565873	1.58
80.961731921465	1.58
84.16781968276479	1.58
135.9139655663565	1.58
95.27636177366097	1.58
80.961731921465	1.58
81.56721002732117	1.58
135.9139655663565	1.58
94.40379644769725	1.58
98.04253171801965	1.58
87.54378070521769	1.58
140.9702983207859	1.58
93.26414765372303	1.58
96.03307346212561	1.58
87.54378070521769	1.58
121.502900085676	1.58
92.90162815797163	1.58
80.89081707869073	1.58
89.22336145734826	1.58
108.73207201228072	1.58
96.55127922888147	1.58
83.7085354853185	1.58
82.52140349393078	1.58
108.73207201228072	1.58
92.1631738737103	1.58
83.7085354853185	1.58
75.86398603226397	1.58
108.73207201228072	1.58
100.2065824136217	1.58
94.11856355293685	1.58
86.17202569842138	1.58
105.55595382495339	1.58
101.58078241822221	1.58
84.75095627821824	1.58
86.17202569842138	1.58
105.55595382495339	1.58
115.25140719213212	1.58
74.0083437121917	1.58
89.61235005233988	1.58
105.55595382495339	1.58
103.42373968341984	1.58
77.81157272019821	1.58
83.80874801327684	1.58
105.22929854995209	1.58
107.87403821456134	1.58
79.7333962086274	1.58
86.08614782262411	1.58
104.85982393735836	1.58
107.87403821456134	1.58
85.81064507286855	1.58
73.21910456304488	1.58
104.85982393735836	1.58
107.87403821456134	1.58
93.62050037947009	1.58
73.21910456304488	1.58
104.85982393735836	1.58
94.84555413955039	1.58
91.99871825802956	1.58
73.21910456304488	1.58
104.85982393735836	1.58
94.8755278526749	1.58
83.72162842581822	1.58
80.95115702697683	1.58
104.85982393735836	1.58
98.10385021139163	1.58
93.34925901470054	1.58
79.18722673095812	1.58
105.94262055340073	1.58
98.10385021139163	1.58
89.84490909560019	1.58
88.79786606645713	1.58
106.45266465278023	1.58
98.52930968437984	1.58
81.57061768177284	1.58
84.32700341750302	1.58
102.30601793715758	1.58
109.0311636130759	1.58
70.22544084264408	1.58
84.32700341750302	1.58
97.5575399014952	1.58
109.0311636130759	1.58
70.22544084264408	1.58
80.32811769911274	1.58
113.59234438953425	1.58
109.0311636130759	1.58
70.22544084264408	1.58
80.32811769911274	1.58
94.68951138717414	1.58
109.0311636130759	1.58
75.62921686639584	1.58
79.1280418700153	1.58
88.18819639913553	1.58
130.14007371065273	1.58
69.7539597543259	1.58
79.1280418700153	1.58
92.01839556132362	1.58
157.61521095495502	1.58
69.7539597543259	1.58
71.74591164069685	1.58
86.92774921367342	1.58
157.61521095495502	1.58
88.13203943934357	1.58
76.77387362866227	1.58
86.46705046678322	1.58
157.61521095495502	1.58
89.45239186709377	1.58
87.49327532924487	1.58
86.64692530287552	1.58
157.61521095495502	1.58
90.26471281013802	1.58
88.0698318823443	1.58
87.67262808730003	1.58
157.61521095495502	1.58
104.61988606937973	1.58
88.0698318823443	1.58
87.40087787769866	1.58
146.46760689548398	1.58
104.61988606937973	1.58
88.0698318823443	1.58
87.5242055937538	1.58
136.67721262245732	1.58
108.66042427254266	1.58
77.24607158671222	1.58
94.79954684450965	1.58
136.67721262245732	1.58
108.66042427254266	1.58
77.24607158671222	1.58
104.06969260525221	1.58
143.37820263268227	1.58
108.66042427254266	1.58
78.66862790094748	1.58
106.12412220021098	1.58
154.53843837035078	1.58
78.43826848730562	1.58
78.66862790094748	1.58
97.08693181782805	1.58
154.53843837035078	1.58
76.77032112369652	1.58
78.66862790094748	1.58
93.4481123814287	1.58
154.53843837035078	1.58
76.77032112369652	1.58
78.66862790094748	1.58
97.40953933936561	1.58
122.50859759905214	1.58
76.77032112369652	1.58
78.66862790094748	1.58
92.1564497793299	1.58
155.3948612163275	1.58
76.77032112369652	1.58
110.2998764373391	1.58
91.40814677295455	1.58
154.98617788879366	1.58
90.39798483231843	1.58
121.12677836995582	1.58
91.09861220555216	1.58
154.98617788879366	1.58
101.28904000681125	1.58
131.03242399167598	1.58
62.28593187641887	1.58
146.50231853417023	1.58
101.28904000681125	1.58
131.03242399167598	1.58
62.28593187641887	1.58
129.75696735275687	1.58
101.28904000681125	1.58
101.95115344021355	1.58
61.16113805520014	1.58
123.29525452697358	1.58
141.20849986005123	1.58
117.86021476317467	1.58
61.16113805520014	1.58
127.27128088720688	1.58
140.1585311450592	1.58
146.22368018567118	1.58
61.16113805520014	1.58
130.28307258720181	1.58
140.1585311450592	1.58
139.88897403114524	1.58
91.44774368104419	1.58
125.27822213165618	1.58
140.94402500999078	1.58
142.37991397844317	1.58
91.44774368104419	1.58
116.58333669745875	1.58
147.1758384915371	1.58
142.37991397844317	1.58
91.44774368104419	1.58
97.6771398486622	1.58
127.24646982410545	1.58
135.1270472807663	1.58
79.46766174043188	1.58
82.44256531647673	1.58
118.75816764767947	1.58
146.06586251570792	1.58
79.46766174043188	1.58
73.97166665218307	1.58
105.16802506760915	1.58
114.78367853930159	1.58
79.46766174043188	1.58
76.06581159561011	1.58
110.69535640702784	1.58
136.39504915548608	1.58
100.31005472843069	1.58
100.85206383177865	1.58
110.47974442651017	1.58
148.07506157236898	1.58
100.31005472843069	1.58
100.85206383177865	1.58
106.74746676148459	1.58
142.74294242105302	1.58
99.92682870696369	1.58
98.24121666842868	1.58
113.8658863172783	1.58
145.73243550331944	1.58
97.6943290927862	1.58
98.24121666842868	1.58
110.14686362082455	1.58
151.30135703318618	1.58
97.6943290927862	1.58
98.98706819090417	1.58
105.07933330315049	1.58
151.30135703318618	1.58
97.58553598031139	1.58
88.51103002795355	1.58
105.07933330315049	1.58
151.30135703318618	1.58
98.93666687129614	1.58
88.51103002795355	1.58
100.38819281973768	1.58
151.30135703318618	1.58
98.33861952084452	1.58
93.87896954982537	1.58
100.80535961107604	1.58
148.49556979495432	1.58
98.33861952084452	1.58
91.02890267819055	1.58
102.7240040125479	1.58
152.32007309636515	1.58
94.92195759244443	1.58
91.69036930614995	1.58
97.62934772663377	1.58
149.7369294236345	1.58
93.479490101857	1.58
92.54389313356856	1.58
97.05938937386287	1.58
149.14640552018898	1.58
91.79798391926946	1.58
92.54389313356856	1.58
99.11885564406512	1.58
121.03139986519054	1.58
84.77023761700133	1.58
92.54389313356856	1.58
97.24631051223355	1.58
146.53479580601908	1.58
79.95315454347858	1.58
92.54389313356856	1.58
100.1378726452594	1.58
146.53479580601908	1.58
79.95315454347858	1.58
85.26569784690312	1.58
103.57414560081509	1.58
146.53479580601908	1.58
71.7464191373481	1.58
89.40983618805322	1.58
106.91205277909651	1.58
146.53479580601908	1.58
81.74843500160455	1.58
91.42963364187464	1.58
106.91205277909651	1.58
149.57939112059714	1.58
70.54490754185444	1.58
91.42963364187464	1.58
105.15709961954758	1.58
149.57939112059714	1.58
72.18653405192774	1.58
94.5706827127705	1.58
110.81157594479325	1.58
126.38190715748891	1.58
84.06292975107019	1.58
74.40735018433992	1.58
132.25917391753097	1.58
135.04466664586607	1.58
84.06292975107019	1.58
74.40735018433992	1.58
131.06984361056956	1.58
135.04466664586607	1.58
81.3050909902323	1.58
72.64967376005978	1.58
111.15876675099565	1.58
127.92774848926905	1.58
81.3050909902323	1.58
69.82726303159797	1.58
111.15876675099565	1.58
101.20764683525172	1.58
70.9445759105955	1.58
86.80781060114352	1.58
111.15876675099565	1.58
94.7623446313191	1.58
70.9445759105955	1.58
72.58860037974578	1.58
101.24461456106347	1.58
116.10305244706075	1.58
70.9445759105955	1.58
72.58860037974578	1.58
93.36842252059303	1.58
107.65296023114007	1.58
70.9445759105955	1.58
72.58860037974578	1.58
89.73574768723746	1.58
92.46405719244429	1.58
72.77567913204396	1.58
75.32801355780695	1.58
86.81002989336949	1.58
105.56136658272752	1.58
69.72768634189293	1.58
82.84890335287263	1.58
87.51730576949176	1.58
107.05121708891735	1.58
69.72768634189293	1.58
82.84890335287263	1.58
85.96405359402911	1.58
107.05121708891735	1.58
69.72768634189293	1.58
82.2179936367232	1.58
91.9814128156032	1.58
103.25763500004857	1.58
69.72768634189293	1.58
80.22716088958529	1.58
98.6257985703526	1.58
107.46061373123149	1.58
69.72768634189293	1.58
78.53839328766944	1.58
104.38301057628354	1.58
107.46061373123149	1.58
69.72768634189293	1.58
78.53839328766944	1.58
93.15642911021203	1.58
106.0335596551303	1.58
69.72768634189293	1.58
78.45052586398792	1.58
114.19701653190545	1.58
98.60569387641814	1.58
69.72768634189293	1.58
79.53635389636722	1.58
102.4819063918261	1.58
104.5748800268655	1.58
69.72768634189293	1.58
86.58381656650434	1.58
101.52771125965593	1.58
104.63079796494587	1.58
72.19463420164489	1.58
88.96028273422412	1.58
108.46306621643745	1.58
103.10439989796862	1.58
72.19463420164489	1.58
85.900031359555	1.58
108.46306621643745	1.58
92.8086956645059	1.58
77.4846134656275	1.58
80.8149996268345	1.58
108.46306621643745	1.58
99.94386807418755	1.58
77.4846134656275	1.58
88.38567960530308	1.58
126.30666778731901	1.58
101.52774892510082	1.58
78.55323992250861	1.58
85.6474841966982	1.58
138.6259573200922	1.58
101.79080228721871	1.58
78.55323992250861	1.58
88.67512115987446	1.58
138.6259573200922	1.58
96.91810186544028	1.58
72.36367348907227	1.58
90.15434289924488	1.58
137.1728739525062	1.58
96.91810186544028	1.58
79.64552551454702	1.58
86.70251578676755	1.58
146.42037357998595	1.58
96.91810186544028	1.58
79.64552551454702	1.58
79.88456199503159	1.58
146.42037357998595	1.58
96.91810186544028	1.58
103.32578206140361	1.58
79.88456199503159	1.58
146.42037357998595	1.58
93.98092968011092	1.58
96.6302152949736	1.58
99.56605016644437	1.58
151.3330596393297	1.58
94.79331685922638	1.58
100.26251302100515	1.58
100.35153924329056	1.58
151.3330596393297	1.58
90.63592441640833	1.58
104.59490663633703	1.58
96.90345452282793	1.58
133.49480640504646	1.58
90.63592441640833	1.58
99.98473713198992	1.58
75.92956907901299	1.58
112.31375953907371	1.58
81.43880539538083	1.58
88.82746135485567	1.58
74.70433839780937	1.58
139.74773590702068	1.58
86.09864133685201	1.58
88.82746135485567	1.58
74.70433839780937	1.58
139.74773590702068	1.58
86.09864133685201	1.58
93.55734536923725	1.58
70.76943001278946	1.58
137.06697809550298	1.58
86.09864133685201	1.58
105.9126797417946	1.58
70.76943001278946	1.58
137.9247305864299	1.58
78.47588775757384	1.58
77.85635301767783	1.58
70.76943001278946	1.58
107.04270252798383	1.58
80.15488359750809	1.58
78.630587558048	1.58
73.2078018564847	1.58
126.98969545969624	1.58
82.33998695997795	1.58
80.19584671408428	1.58
73.2078018564847	1.58
116.38776997998764	1.58
81.38199374027056	1.58
80.09389530291071	1.58
65.63599064268404	1.58
112.2016367794177	1.58
80.98923295221954	1.58
80.09389530291071	1.58
70.48083859767186	1.58
106.7706595683351	1.58
85.73519448575384	1.58
80.09389530291071	1.58
70.48083859767186	1.58
100.86204563214622	1.58
82.61628353640394	1.58
79.43014545147554	1.58
70.48083859767186	1.58
105.55058384625491	1.58
79.53728689083536	1.58
79.4814919874844	1.58
79.63707971053566	1.58
105.55058384625491	1.58
79.47682473534329	1.58
79.48052983684408	1.58
79.7766957165248	1.58
105.55058384625491	1.58
79.44155291816271	1.58
74.97560976211045	1.58
76.88736578038066	1.58
100.3302862577444	1.58
82.68616325502907	1.58
72.99067988172663	1.58
79.76134980795737	1.58
118.92384397757262	1.58
82.68616325502907	1.58
72.66087114235413	1.58
78.00537329034755	1.58
143.34150901162627	1.58
87.6405401253333	1.58
72.66087114235413	1.58
101.72806589201082	1.58
143.34150901162627	1.58
101.93746569462117	1.58
72.66087114235413	1.58
101.72806589201082	1.58
143.34150901162627	1.58
100.26799377880604	1.58
72.66087114235413	1.58
101.72806589201082	1.58
143.34150901162627	1.58
100.01190405030604	1.58
72.66087114235413	1.58
101.71379825952239	1.58
143.34150901162627	1.58
88.8876491257495	1.58
72.66087114235413	1.58
72.53432447194983	1.58
132.85959556895682	1.58
90.77932687127017	1.58
72.66087114235413	1.58
75.81713941017689	1.58
106.46997079530406	1.58
94.98268862364517	1.58
72.66087114235413	1.58
74.09094863304963	1.58
106.46997079530406	1.58
108.843001513766	1.58
85.0055580065987	1.58
83.67489949447602	1.58
110.18810781745199	1.58
103.60470326584303	1.58
73.69030608021082	1.58
83.67489949447602	1.58
110.18810781745199	1.58
103.60470326584303	1.58
75.90356977219545	1.58
83.67489949447602	1.58
98.42679569378382	1.58
104.44445480666407	1.58
77.28030976986707	1.58
83.67489949447602	1.58
94.09328073802143	1.58
94.32670248639296	1.58
82.14079292046358	1.58
77.14482913933688	1.58
101.04764691345983	1.58
88.09514736694753	1.58
78.40813102810851	1.58
77.14482913933688	1.58
122.9270953398799	1.58
83.21958124144179	1.58
78.40813102810851	1.58
77.14482913933688	1.58
130.22264525395485	1.58
87.27469709030615	1.58
78.04625705450195	1.58
81.58121857985525	1.58
130.22264525395485	1.58
87.48564328563623	1.58
79.35503600157506	1.58
81.58121857985525	1.58
114.96808664207059	1.58
87.54912840007196	1.58
73.39642526508098	1.58
77.39955680009454	1.58
114.96808664207059	1.58
96.88064909513675	1.58
76.98072730794522	1.58
77.39955680009454	1.58
132.3798994659007	1.58
98.14519438721916	1.58
76.98072730794522	1.58
75.53732044153281	1.58
131.55246894641002	1.58
106.37702285293986	1.58
76.98072730794522	1.58
75.53732044153281	1.58
120.0922555868048	1.58
110.6685434682455	1.58
75.82168517237977	1.58
85.09333022866358	1.58
151.42646320605488	1.58
109.72539859174998	1.58
85.77852199831032	1.58
89.28564826214225	1.58
151.32874135904558	1.58
109.72539859174998	1.58
70.7240299541223	1.58
102.9908640147171	1.58
151.32874135904558	1.58
109.72539859174998	1.58
70.7240299541223	1.58
102.9908640147171	1.58
151.32874135904558	1.58
111.5565939050727	1.58
68.8120615915048	1.58
96.10987093780807	1.58
153.19519787769264	1.58
119.49131446576226	1.58
68.8120615915048	1.58
110.2864905499967	1.58
153.19519787769264	1.58
137.8384609781518	1.58
97.66156075977327	1.58
118.47239050693823	1.58
153.19519787769264	1.58
143.0472478047226	1.58
97.66156075977327	1.58
97.82401036745262	1.58
153.19519787769264	1.58
156.90973865672683	1.58
97.66156075977327	1.58
97.82401036745262	1.58
132.77945276741423	1.58
156.90973865672683	1.58
80.17697458433891	1.58
73.10254936157972	1.58
112.8384676733827	1.58
144.28612718805152	1.58
80.17697458433891	1.58
74.44305162877377	1.58
117.61132838975325	1.58
144.28612718805152	1.58
82.9726300284418	1.58
74.44305162877377	1.58
102.04607734736621	1.58
125.10792625439527	1.58
82.9726300284418	1.58
78.9919610475546	1.58
95.41691798402537	1.58
125.10792625439527	1.58
82.9726300284418	1.58
78.9919610475546	1.58
95.41691798402537	1.58
153.74398879165102	1.58
77.33295415955507	1.58
105.65234278466963	1.58
89.84294160232051	1.58
153.74398879165102	1.58
77.33295415955507	1.58
105.65234278466963	1.58
95.57261914611979	1.58
153.74398879165102	1.58
77.33295415955507	1.58
105.65234278466963	1.58
87.33265132402238	1.58
127.13786256027089	1.58
69.537699904289	1.58
111.74078909563855	1.58
85.27767812813948	1.58
127.13786256027089	1.58
69.537699904289	1.58
112.02707951108798	1.58
85.27767812813948	1.58
123.8900736156265	1.58
69.537699904289	1.58
103.99353349696474	1.58
94.16782998330791	1.58
123.10855392739695	1.58
69.537699904289	1.58
100.06061109258103	1.58
94.21634641194257	1.58
121.69359487351566	1.58
86.67264062360871	1.58
103.5438360105411	1.58
100.75387269230941	1.58
147.4588026425939	1.58
79.54680244701424	1.58
103.2890108347308	1.58
95.8009865817437	1.58
147.4588026425939	1.58
79.54680244701424	1.58
101.55291588334111	1.58
92.37939445239658	1.58
149.01465073767494	1.58
79.54680244701424	1.58
101.55291588334111	1.58
91.91418690494369	1.58
149.01465073767494	1.58
74.11703982415611	1.58
100.71756938280937	1.58
108.24948690975944	1.58
149.01465073767494	1.58
74.11703982415611	1.58
91.02448050242617	1.58
111.8742496511199	1.58
149.01465073767494	1.58
74.11703982415611	1.58
91.02448050242617	1.58
111.8742496511199	1.58
149.01465073767494	1.58
74.11703982415611	1.58
88.22563342630002	1.58
109.79782558771055	1.58
149.01465073767494	1.58
74.11703982415611	1.58
77.69319781514952	1.58
109.79782558771055	1.58
149.01465073767494	1.58
103.73265681532231	1.58
68.89835620763404	1.58
106.84304848518453	1.58
117.1968885509965	1.58
104.93385284498028	1.58
85.76711942628435	1.58
111.89098019120866	1.58
106.50901509401588	1.58
104.93385284498028	1.58
98.76281222611473	1.58
108.54196837521846	1.58
106.50901509401588	1.58
105.70974439129171	1.58
100.90377467930226	1.58
108.54196837521846	1.58
106.82173014957674	1.58
105.54193879077721	1.58
100.90377467930226	1.58
113.64771594226278	1.58
108.26255910692659	1.58
102.17100394630914	1.58
98.76753983752327	1.58
117.27419639338554	1.58
106.69979975894977	1.58
104.2830415547096	1.58
102.6581796476127	1.58
112.6942343434151	1.58
106.76207576549844	1.58
104.2830415547096	1.58
102.6581796476127	1.58
109.31416332123715	1.58
107.71281090494135	1.58
105.13325747638399	1.58
101.6074384250116	1.58
106.15612611102213	1.58
107.71281090494135	1.58
105.24064040203194	1.58
97.33607530079387	1.58
112.23677655293997	1.58
115.19985189144546	1.58
101.8819478669982	1.58
94.59947720889595	1.58
105.70197633287175	1.58
113.56993114673591	1.58
102.453132287776	1.58
92.65032250459916	1.58
107.28744901164691	1.58
110.57153961284112	1.58
100.12988372399627	1.58
85.57082905805396	1.58
109.02462668689606	1.58
106.79194724527173	1.58
99.67023070930756	1.58
91.67375345073383	1.58
109.02462668689606	1.58
106.79194724527173	1.58
93.86377740052897	1.58
83.55094939913604	1.58
109.02462668689606	1.58
106.79194724527173	1.58
93.86377740052897	1.58
92.9725802774472	1.58
109.02462668689606	1.58
107.33995016316923	1.58
86.52884234750763	1.58
90.64407436202994	1.58
105.30745149141171	1.58
120.93738800453534	1.58
74.33959750387291	1.58
90.64407436202994	1.58
120.79832368780355	1.58
125.10901924483846	1.58
74.33959750387291	1.58
81.36194241508497	1.58
137.17360421331549	1.58
157.31552526824254	1.58
92.3818408124588	1.58
81.36194241508497	1.58
137.17360421331549	1.58
157.31552526824254	1.58
92.3818408124588	1.58
81.36194241508497	1.58
137.17360421331549	1.58
157.31552526824254	1.58
92.3818408124588	1.58
81.36194241508497	1.58
137.17360421331549	1.58
157.31552526824254	1.58
92.3818408124588	1.58
78.61775969513663	1.58
155.79226063572617	1.58
157.31552526824254	1.58
88.87110172465827	1.58
78.61775969513663	1.58
155.79226063572617	1.58
148.36053642810427	1.58
103.30438723234298	1.58
78.61775969513663	1.58
155.79226063572617	1.58
119.7629124650766	1.58
103.30438723234298	1.58
78.61775969513663	1.58
141.65691549140155	1.58
120.51853333477158	1.58
111.61726816765791	1.58
81.56305369169789	1.58
114.04025282016435	1.58
135.3917075541229	1.58
111.61726816765791	1.58
81.56305369169789	1.58
113.30554872329243	1.58
151.33642769023206	1.58
110.47707615093226	1.58
97.75700531264624	1.58
114.61532195335971	1.58
151.33642769023206	1.58
104.64157711672968	1.58
90.03642894187843	1.58
116.43393658157363	1.58
158.24024706373623	1.58
104.64157711672968	1.58
122.03215092747058	1.58
116.54982618547868	1.58
132.85169001369874	1.58
99.13129992193544	1.58
122.03215092747058	1.58
118.55594976223925	1.58
132.85169001369874	1.58
99.32250260122262	1.58
123.64630419146516	1.58
119.19237012490811	1.58
133.2565627649791	1.58
99.32250260122262	1.58
128.15748642813486	1.58
117.24420877528206	1.58
133.85394488006378	1.58
107.79642265569672	1.58
135.92403383875268	1.58
122.47873869482126	1.58
133.85394488006378	1.58
96.28601691612963	1.58
129.21685057520548	1.58
145.57778104917543	1.58
155.14084752127687	1.58
96.28601691612963	1.58
119.95494064094018	1.58
145.57778104917543	1.58
155.14084752127687	1.58
69.67445405652344	1.58
97.98664702209584	1.58
145.57778104917543	1.58
155.14084752127687	1.58
69.67445405652344	1.58
97.98664702209584	1.58
153.56660319465448	1.58
155.14084752127687	1.58
69.67445405652344	1.58
97.98664702209584	1.58
114.63298328150825	1.58
155.14084752127687	1.58
69.67445405652344	1.58
97.23443249039563	1.58
124.80279805187268	1.58
155.14084752127687	1.58
69.67445405652344	1.58
97.23443249039563	1.58
119.22291386580214	1.58
155.14084752127687	1.58
88.97591564801962	1.58
104.55084787925061	1.58
121.06651734306607	1.58
155.14084752127687	1.58
88.97591564801962	1.58
102.76540037153241	1.58
106.28754043278066	1.58
155.14084752127687	1.58
88.97591564801962	1.58
103.45237220486379	1.58
122.30745537652277	1.58
155.14084752127687	1.58
88.97591564801962	1.58
103.45237220486379	1.58
107.35711438527247	1.58
155.14084752127687	1.58
88.97591564801962	1.58
102.7632026711541	1.58
101.47144364340994	1.58
155.59985163558233	1.58
82.37238564864099	1.58
103.79387423453116	1.58
101.47144364340994	1.58
151.92276509711567	1.58
82.37238564864099	1.58
103.79387423453116	1.58
101.47144364340994	1.58
129.76544680072482	1.58
82.37238564864099	1.58
104.21853983155427	1.58
98.95478420229085	1.58
129.76544680072482	1.58
79.88545781985405	1.58
111.66920299234968	1.58
98.95478420229085	1.58
123.03520581931728	1.58
94.4456367452242	1.58
118.77821536055879	1.58
103.18070637410207	1.58
121.01519891699765	1.58
92.08653550386713	1.58
117.53229019777356	1.58
105.19850859275833	1.58
127.03239600630774	1.58
103.8525485882754	1.58
117.53229019777356	1.58
105.48793616118019	1.58
124.55796571891601	1.58
83.38337143445327	1.58
125.00556730281909	1.58
87.50903834619623	1.58
124.48400427780534	1.58
84.21894083904917	1.58
106.38952791404148	1.58
89.9865766957899	1.58
124.48400427780534	1.58
84.21894083904917	1.58
106.38952791404148	1.58
90.51471407788941	1.58
147.55616814002593	1.58
88.80767818610434	1.58
74.62613210330908	1.58
87.92730484470106	1.58
147.55616814002593	1.58
93.04624572124185	1.58
74.62613210330908	1.58
84.5105656585508	1.58
140.89619818655268	1.58
93.04624572124185	1.58
75.3456895051623	1.58
77.49455882387878	1.58
132.89424452819887	1.58
93.04624572124185	1.58
101.58646311876242	1.58
77.49455882387878	1.58
131.74703185449013	1.58
109.880549701392	1.58
102.09893155079637	1.58
77.49455882387878	1.58
138.35022603184413	1.58
109.880549701392	1.58
108.05147479534583	1.58
77.93730157234398	1.58
143.38224669572293	1.58
109.880549701392	1.58
108.05147479534583	1.58
85.24646619578888	1.58
134.28608717958298	1.58
107.57500304393281	1.58
108.05147479534583	1.58
82.9868698945618	1.58
131.27143154590738	1.58
107.57500304393281	1.58
95.14003452430961	1.58
91.41033277140819	1.58
130.06316378945886	1.58
108.68335773837731	1.58
98.2532332337191	1.58
76.34377758166596	1.58
130.06316378945886	1.58
108.68335773837731	1.58
107.8446801193621	1.58
71.18306386044628	1.58
148.13150879098248	1.58
108.68335773837731	1.58
89.33569068567772	1.58
79.45859990440847	1.58
148.13150879098248	1.58
110.2396789998193	1.58
95.2114781763474	1.58
79.94662100897617	1.58
149.44019301492943	1.58
73.2256835058195	1.58
95.98357487104009	1.58
83.24229252037759	1.58
138.65264036682697	1.58
73.2256835058195	1.58
98.71961301910746	1.58
82.47379936099533	1.58
138.65264036682697	1.58
73.2256835058195	1.58
86.72762976061043	1.58
79.97100264824861	1.58
138.65264036682697	1.58
74.05327939191694	1.58
84.04425051930733	1.58
80.32082998780899	1.58
138.5467754302281	1.58
74.05327939191694	1.58
84.04425051930733	1.58
77.2760661447446	1.58
150.50495372664977	1.58
74.05327939191694	1.58
81.87151096959094	1.58
77.67681453916859	1.58
150.50495372664977	1.58
90.82495519630803	1.58
81.87151096959094	1.58
82.74517451192018	1.58
138.52089318537057	1.58
94.2233472394357	1.58
81.87151096959094	1.58
82.50757937692417	1.58
149.32292179710768	1.58
94.2233472394357	1.58
102.75823420530364	1.58
82.50757937692417	1.58
149.32292179710768	1.58
86.85474293919594	1.58
94.11501595694197	1.58
80.30620798114074	1.58
140.31571387425092	1.58
88.72246263687883	1.58
92.01114605458848	1.58
79.51266697268423	1.58
140.31571387425092	1.58
88.72246263687883	1.58
89.18793231208069	1.58
73.05277506905047	1.58
128.701277770561	1.58
88.72246263687883	1.58
94.06195865466302	1.58
73.05277506905047	1.58
127.74244288658221	1.58
87.55842141023257	1.58
100.25266436903378	1.58
73.05277506905047	1.58
127.74244288658221	1.58
87.55842141023257	1.58
82.26054683530586	1.58
74.30997661140822	1.58
141.6022414180688	1.58
82.32206589313061	1.58
94.21009118313955	1.58
74.30997661140822	1.58
115.75642539132643	1.58
82.32206589313061	1.58
97.73143789180088	1.58
74.30997661140822	1.58
99.32328415497375	1.58
81.7088995095043	1.58
97.73143789180088	1.58
84.02687849075251	1.58
99.81879752504568	1.58
73.70240640740028	1.58
97.73143789180088	1.58
84.02687849075251	1.58
101.76337939595793	1.58
75.02951898484446	1.58
98.08146489488449	1.58
84.02687849075251	1.58
105.21914102201595	1.58
78.55212905926456	1.58
91.09363687550561	1.58
79.81888832809284	1.58
105.21914102201595	1.58
77.95262225104774	1.58
86.38709387701934	1.58
81.03883394299372	1.58
105.21914102201595	1.58
75.05472482240722	1.58
76.11493611342866	1.58
81.30911298242059	1.58
123.37528772788808	1.58
75.05472482240722	1.58
76.03691943522199	1.58
80.08226384283813	1.58
127.99821489878678	1.58
71.38584192348152	1.58
95.27949946481564	1.58
70.09213402400673	1.58
115.96182013296132	1.58
71.1520085400167	1.58
102.57677102366222	1.58
70.32302040219051	1.58
107.36859544020194	1.58
71.1520085400167	1.58
99.8931626585	1.58
72.53979914718734	1.58
107.36859544020194	1.58
71.1520085400167	1.58
107.41081865072786	1.58
83.46369822138318	1.58
107.38438607452488	1.58
71.1520085400167	1.58
108.75562912976017	1.58
76.98394845300407	1.58
106.09418751174242	1.58
84.84250640856375	1.58
110.5440503123584	1.58
71.95344745092338	1.58
102.69140345470849	1.58
89.63266042654189	1.58
125.82867184999958	1.58
64.08074630270843	1.58
102.69140345470849	1.58
89.63266042654189	1.58
123.08020169776839	1.58
64.08074630270843	1.58
92.05338594996789	1.58
89.21692247904957	1.58
123.08020169776839	1.58
64.08074630270843	1.58
75.25082201455817	1.58
82.39283046386461	1.58
138.56114130407735	1.58
83.1979843020685	1.58
71.72138456436761	1.58
82.52168080332915	1.58
138.56114130407735	1.58
83.48830312110466	1.58
71.72138456436761	1.58
81.95876404416344	1.58
115.76251364345427	1.58
83.48830312110466	1.58
89.7053346468325	1.58
80.45722882393949	1.58
112.73516302821787	1.58
83.31556844041917	1.58
75.71590385943037	1.58
78.199522442919	1.58
111.98589594583379	1.58
83.31556844041917	1.58
69.50713476111173	1.58
84.10790105804452	1.58
110.88034962902026	1.58
83.31556844041917	1.58
74.46929768801458	1.58
84.34398907017706	1.58
110.88034962902026	1.58
83.22186755149926	1.58
66.8394809903784	1.58
84.36584856106073	1.58
94.18333656746734	1.58
74.4883552060713	1.58
66.70606094915262	1.58
87.65653719461902	1.58
86.94757707035535	1.58
80.04203995218646	1.58
66.70606094915262	1.58
87.65653719461902	1.58
87.51032359599822	1.58
80.04203995218646	1.58
66.93628229039723	1.58
78.17090827754471	1.58
93.9110784932784	1.58
69.54220493999343	1.58
66.72677897401695	1.58
74.31857170439268	1.58
93.9110784932784	1.58
71.2163353902688	1.58
74.86005140688815	1.58
74.230470392766	1.58
111.25433850425847	1.58
68.55147785788775	1.58
74.86005140688815	1.58
74.20677283949678	1.58
94.22628980237154	1.58
70.55273340886889	1.58
84.31358173243895	1.58
75.60985288609172	1.58
87.26651664040213	1.58
70.55273340886889	1.58
87.60797426781669	1.58
78.20543829111787	1.58
87.26651664040213	1.58
71.87364014978837	1.58
87.83675018467648	1.58
78.20543829111787	1.58
87.43973469695588	1.58
71.87364014978837	1.58
88.06716392130394	1.58
83.54332270969016	1.58
83.08358978694363	1.58
70.97346222466165	1.58
90.68898620179002	1.58
86.74230696859463	1.58
85.67517888261244	1.58
76.64062873728774	1.58
91.62630027371088	1.58
89.1058896336833	1.58
85.05833969022775	1.58
71.33085959814179	1.58
88.59651170105123	1.58
97.58565525357662	1.58
89.38606742129843	1.58
79.93943026316201	1.58
88.96704581248572	1.58
101.94971204667786	1.58
94.47055345690212	1.58
86.54366908923244	1.58
90.90160925808934	1.58
100.6449737079315	1.58
92.88422091219267	1.58
80.94181991648438	1.58
92.7272019324484	1.58
101.91545754218205	1.58
92.88422091219267	1.58
80.94181991648438	1.58
95.52863070395291	1.58
107.18598373677547	1.58
92.26991135847268	1.58
75.91265547962809	1.58
98.20962419069545	1.58
123.66556329751867	1.58
89.14414945832931	1.58
75.89414892365689	1.58
87.34626328787746	1.58
143.64604028785666	1.58
89.75698918759146	1.58
75.89414892365689	1.58
86.92617910109564	1.58
120.60560910602472	1.58
92.21407806775044	1.58
83.34036455403545	1.58
88.0248695697072	1.58
136.94874542969268	1.58
95.10344606418155	1.58
88.44583060150117	1.58
95.70897088967385	1.58
154.51565796335703	1.58
95.400604939388	1.58
88.44583060150117	1.58
105.32874919322228	1.58
154.51565796335703	1.58
92.79330971719267	1.58
99.3374472705608	1.58
108.03804876868656	1.58
154.45162056009482	1.58
92.73478792495978	1.58
99.18939987183181	1.58
113.68015223046677	1.58
154.45162056009482	1.58
96.2479084810055	1.58
99.2576929964374	1.58
114.65404692509694	1.58
154.45162056009482	1.58
100.0356970485386	1.58
98.94758510916783	1.58
117.12948923058651	1.58
154.45162056009482	1.58
103.58949534366198	1.58
93.35058185153008	1.58
117.12948923058651	1.58
154.45162056009482	1.58
103.58949534366198	1.58
90.45005042262922	1.58
115.64741582205781	1.58
146.08087477247307	1.58
103.58949534366198	1.58
92.78338637226008	1.58
108.97775518329826	1.58
146.08087477247307	1.58
101.73736919118134	1.58
112.09999793987498	1.58
108.97775518329826	1.58
147.70756348343792	1.58
104.66125716296179	1.58
123.91037530683279	1.58
126.76483735233374	1.58
147.70756348343792	1.58
86.34950029280697	1.58
116.37224100332799	1.58
112.9712439492057	1.58
142.85663990019452	1.58
86.34950029280697	1.58
114.52503722120764	1.58
111.04209786408711	1.58
142.85663990019452	1.58
86.34950029280697	1.58
99.51918420926916	1.58
91.33569900661611	1.58
142.85663990019452	1.58
81.06467203861936	1.58
99.51918420926916	1.58
98.33062576528198	1.58
141.08789192809695	1.58
77.16942344383065	1.58
88.60639752635748	1.58
108.44351115739754	1.58
133.30716775056436	1.58
74.44313184458636	1.58
72.56536361244146	1.58
112.56914537193286	1.58
133.30716775056436	1.58
69.6160305392026	1.58
72.56536361244146	1.58
127.13157312218146	1.58
133.22988178301281	1.58
69.6160305392026	1.58
72.7066580743161	1.58
127.13157312218146	1.58
114.79433252453349	1.58
69.46799023267381	1.58
75.26750715187414	1.58
128.350737118304	1.58
137.66591227869088	1.58
69.46799023267381	1.58
75.26750715187414	1.58
103.3134216853592	1.58
137.66591227869088	1.58
71.41366751750756	1.58
75.26750715187414	1.58
103.3134216853592	1.58
149.24248190902358	1.58
70.42460071240123	1.58
75.26750715187414	1.58
103.3134216853592	1.58
150.46081950851936	1.58
70.19149603561553	1.58
76.2946808693548	1.58
91.31945736881637	1.58
150.46081950851936	1.58
70.19149603561553	1.58
76.03367539381999	1.58
98.36986440478901	1.58
151.14456313275903	1.58
70.01021723755491	1.58
76.03367539381999	1.58
111.82731064126426	1.58
151.14456313275903	1.58
70.01021723755491	1.58
100.18248466125262	1.58
110.70748291438608	1.58
151.14456313275903	1.58
70.01021723755491	1.58
100.18248466125262	1.58
79.06623665815475	1.58
142.34924508524776	1.58
70.01021723755491	1.58
86.22904176410938	1.58
83.10657043766076	1.58
137.97071609339116	1.58
70.42196117250343	1.58
86.22904176410938	1.58
83.10657043766076	1.58
147.87128807554961	1.58
70.42196117250343	1.58
98.61336671718627	1.58
83.10657043766076	1.58
150.61454871194283	1.58
70.42196117250343	1.58
80.58577913098014	1.58
91.81914653684804	1.58
150.61454871194283	1.58
72.69277936229663	1.58
80.58577913098014	1.58
94.59630289064205	1.58
150.1995723084165	1.58
72.69277936229663	1.58
80.58577913098014	1.58
94.59630289064205	1.58
134.1586107751718	1.58
72.69277936229663	1.58
79.56390991580537	1.58
109.34705190758869	1.58
149.06144724658992	1.58
74.92305990975278	1.58
79.56390991580537	1.58
109.34705190758869	1.58
117.15829830979055	1.58
74.92305990975278	1.58
79.73136798720061	1.58
130.6469850720138	1.58
109.59094079047328	1.58
76.7865324921024	1.58
79.99952619300531	1.58
132.6417308828969	1.58
109.59094079047328	1.58
73.96032982831157	1.58
69.68099930986692	1.58
128.34293958219655	1.58
109.59094079047328	1.58
74.07067643414119	1.58
85.46630700207275	1.58
138.09629752600424	1.58
110.96312595403968	1.58
68.96961879495046	1.58
82.98396886495442	1.58
138.09629752600424	1.58
110.96312595403968	1.58
69.66318039881129	1.58
89.82119074648195	1.58
138.09629752600424	1.58
90.72969346338125	1.58
79.629980230714	1.58
89.96723146546081	1.58
118.34275611177836	1.58
90.57036299217512	1.58
77.26419646339721	1.58
90.18795375361685	1.58
135.09051323770376	1.58
90.57036299217512	1.58
68.85730702686183	1.58
97.43950722352074	1.58
135.09051323770376	1.58
93.69496358031114	1.58
93.05418166535739	1.58
97.15765970713086	1.58
134.46389521197926	1.58
92.87660335140366	1.58
93.05418166535739	1.58
98.12964235387612	1.58
140.81830683725917	1.58
76.1447581746061	1.58
91.13784857695684	1.58
95.25711132737224	1.58
130.43010925124287	1.58
81.39318442290566	1.58
91.13784857695684	1.58
99.46474094856413	1.58
150.31730796292203	1.58
94.62042553302888	1.58
86.11290240927644	1.58
103.95865870361423	1.58
150.31730796292203	1.58
94.31697771831186	1.58
86.11290240927644	1.58
108.7986372348873	1.58
150.31730796292203	1.58
94.31697771831186	1.58
86.11290240927644	1.58
108.7986372348873	1.58
129.04437779304058	1.58
85.51944993033436	1.58
75.9402587169515	1.58
108.7986372348873	1.58
153.57310376159882	1.58
93.81905240772437	1.58
88.78830170086182	1.58
123.41952698601574	1.58
153.57310376159882	1.58
93.81905240772437	1.58
101.29286539320007	1.58
116.12210241087455	1.58
153.57310376159882	1.58
95.55499982249927	1.58
99.45537623284578	1.58
108.67719816779444	1.58
148.3631484589753	1.58
95.55499982249927	1.58
103.56694674844499	1.58
108.67719816779444	1.58
143.64773859038348	1.58
97.04198123934928	1.58
104.89791669734592	1.58
110.30387686796598	1.58
143.64773859038348	1.58
97.04198123934928	1.58
103.03869204249385	1.58
110.30387686796598	1.58
143.64773859038348	1.58
88.8231000268197	1.58
103.03869204249385	1.58
110.13141391595185	1.58
143.64773859038348	1.58
88.8231000268197	1.58
105.6829057495383	1.58
111.28608119541623	1.58
143.64773859038348	1.58
91.19187240322131	1.58
102.81773262724386	1.58
111.28608119541623	1.58
140.251606279925	1.58
97.05722981422667	1.58
100.35107898042934	1.58
109.74158253408751	1.58
124.44970326514904	1.58
98.75023164222752	1.58
88.68711535913218	1.58
116.80446107174738	1.58
126.5958583419378	1.58
107.41454139181987	1.58
100.56133735651231	1.58
119.5325838042132	1.58
134.65277284095407	1.58
89.28949609829743	1.58
88.04630271466874	1.58
133.77009859345196	1.58
134.65277284095407	1.58
89.28949609829743	1.58
80.00332374240128	1.58
120.90833251155094	1.58
134.65277284095407	1.58
89.28949609829743	1.58
80.00332374240128	1.58
141.78778292943815	1.58
134.65277284095407	1.58
107.19781370714543	1.58
66.13590090198882	1.58
141.78778292943815	1.58
120.7007746474589	1.58
93.79392592375001	1.58
73.97021948349885	1.58
157.12858315494208	1.58
113.58320100650887	1.58
77.4637980672969	1.58
73.97021948349885	1.58
157.12858315494208	1.58
118.58574746201211	1.58
88.14003799179275	1.58
73.97021948349885	1.58
142.21994225489547	1.58
117.05673097830787	1.58
88.14003799179275	1.58
73.97021948349885	1.58
119.85244787357925	1.58
147.42664099268703	1.58
92.82844728038587	1.58
73.97021948349885	1.58
109.82005240144525	1.58
147.42664099268703	1.58
78.7181986423023	1.58
81.93609107357778	1.58
127.82087885214376	1.58
147.42664099268703	1.58
69.43073350373388	1.58
97.38806724286519	1.58
122.33902666177553	1.58
140.372805449145	1.58
69.43073350373388	1.58
76.44660080190434	1.58
122.33902666177553	1.58
140.372805449145	1.58
69.43073350373388	1.58
79.85567723848396	1.58
125.90287835075986	1.58
151.08755838301877	1.58
96.21392271765836	1.58
79.85567723848396	1.58
144.15314840018175	1.58
151.08755838301877	1.58
96.21392271765836	1.58
86.27023712282883	1.58
115.74212553508957	1.58
151.08755838301877	1.58
71.7187849859802	1.58
75.83619179756309	1.58
121.04501228034022	1.58
151.08755838301877	1.58
71.7187849859802	1.58
75.83619179756309	1.58
98.31346872260283	1.58
137.1914502097137	1.58
77.47321472260946	1.58
81.79181319422916	1.58
98.31346872260283	1.58
137.1914502097137	1.58
87.27311532705576	1.58
102.13164121299317	1.58
96.92926171870748	1.58
147.19125631212188	1.58
77.90014492154879	1.58
83.60752566538993	1.58
96.92926171870748	1.58
147.19125631212188	1.58
77.90014492154879	1.58
86.08499940017904	1.58
97.22471429297431	1.58
156.7038483550043	1.58
77.90014492154879	1.58
86.08499940017904	1.58
97.22471429297431	1.58
150.83120576163952	1.58
77.90014492154879	1.58
100.66481420302196	1.58
102.93247424169067	1.58
115.10251513062519	1.58
77.90014492154879	1.58
100.41995154457726	1.58
102.93247424169067	1.58
100.71585655393781	1.58
81.57430622795995	1.58
100.41995154457726	1.58
100.34456520252327	1.58
99.83773775744554	1.58
74.39022666296957	1.58
100.47285495454045	1.58
112.56941276747777	1.58
94.77255259730555	1.58
74.39022666296957	1.58
98.17701134499104	1.58
121.21065980504699	1.58
94.7737861062859	1.58
81.68287101026762	1.58
104.93595316599638	1.58
127.23660198670281	1.58
94.3878779569521	1.58
80.69947189880021	1.58
107.64015083327219	1.58
124.43120578045188	1.58
90.46310179785652	1.58
85.02563599148968	1.58
107.64015083327219	1.58
124.43120578045188	1.58
85.72906620857978	1.58
85.19863812534929	1.58
107.64015083327219	1.58
124.1022439875859	1.58
73.5730457712543	1.58
85.19863812534929	1.58
107.65387131431734	1.58
121.39334400708654	1.58
73.5730457712543	1.58
81.3513063539518	1.58
107.65387131431734	1.58
117.4962752211688	1.58
74.08862073780354	1.58
79.39516509028206	1.58
106.4250977305384	1.58
102.1202521442188	1.58
71.19198087612654	1.58
85.55979043451197	1.58
131.28324386848777	1.58
110.1937895167304	1.58
80.5787662021128	1.58
85.55979043451197	1.58
134.38177696321387	1.58
115.3022690106568	1.58
99.00596582734758	1.58
88.3117242677645	1.58
147.7363879666328	1.58
101.77683690688818	1.58
80.78399445573889	1.58
90.70166976112282	1.58
147.7363879666328	1.58
109.647271210047	1.58
71.28147601593663	1.58
86.72279540647021	1.58
142.26885820166248	1.58
109.647271210047	1.58
71.28147601593663	1.58
96.5812098161376	1.58
148.13096164854227	1.58
118.16872994930867	1.58
80.18940886316062	1.58
79.49041511272122	1.58
155.76885619218015	1.58
151.37302836697404	1.58
80.18940886316062	1.58
79.13705462495456	1.58
155.76885619218015	1.58
151.37302836697404	1.58
80.18940886316062	1.58
73.02122365861574	1.58
155.76885619218015	1.58
150.3294145644648	1.58
80.18940886316062	1.58
73.02122365861574	1.58
140.98982852224302	1.58
149.8971540891599	1.58
76.8101511795334	1.58
70.64074644002858	1.58
132.65563330827104	1.58
149.8971540891599	1.58
76.8101511795334	1.58
73.55137628078549	1.58
115.8367610173054	1.58
127.19156945491426	1.58
77.62918865876021	1.58
73.55137628078549	1.58
115.8367610173054	1.58
109.45349921400998	1.58
89.14821165407447	1.58
79.75116407211118	1.58
118.97393898844784	1.58
108.85760647496447	1.58
90.35800489619015	1.58
79.75116407211118	1.58
127.26897114502793	1.58
106.75385615499279	1.58
90.35800489619015	1.58
83.59639718388684	1.58
133.6141564274162	1.58
84.22793667504561	1.58
94.85939733658353	1.58
78.1752553114361	1.58
117.79249525710371	1.58
84.24328126854914	1.58
92.39291638734687	1.58
78.26949499309917	1.58
124.7354597216783	1.58
84.5629179315307	1.58
86.69579232074406	1.58
77.17687179703086	1.58
137.3699666080637	1.58
84.5629179315307	1.58
92.7914976167534	1.58
74.33683795350008	1.58
133.2059222650524	1.58
87.23257258266763	1.58
102.81165523844831	1.58
76.42666855479388	1.58
129.70425457530402	1.58
87.96754181717921	1.58
123.10265309233584	1.58
85.84107440576301	1.58
132.89681782608469	1.58
87.74210056025635	1.58
109.97354323100132	1.58
84.28064372302042	1.58
124.03290052038057	1.58
87.26356743651853	1.58
99.69715550563703	1.58
72.99120002582623	1.58
121.86725984939824	1.58
81.28864982072967	1.58
94.21511624013928	1.58
72.50076313805954	1.58
121.86725984939824	1.58
81.28864982072967	1.58
110.94931954489121	1.58
69.85233187896196	1.58
131.99631500823963	1.58
81.28864982072967	1.58
91.62400103706773	1.58
69.85233187896196	1.58
144.0992863455657	1.58
85.63641026015212	1.58
100.89828738925286	1.58
70.65061379207555	1.58
144.0992863455657	1.58
81.94669872316969	1.58
100.89828738925286	1.58
70.65061379207555	1.58
123.71420305471462	1.58
78.1343258195851	1.58
100.89828738925286	1.58
70.65061379207555	1.58
132.41968732040021	1.58
74.57382795661982	1.58
98.72075319945358	1.58
70.65061379207555	1.58
133.19660427617714	1.58
76.29518814369467	1.58
98.72075319945358	1.58
67.63895344552955	1.58
132.42466806844615	1.58
70.71150674603723	1.58
72.33211783930041	1.58
65.68493525792799	1.58
150.25554238752434	1.58
72.86611277686863	1.58
74.0528526716635	1.58
69.3646223461663	1.58
150.25554238752434	1.58
72.86611277686863	1.58
72.85878132621774	1.58
69.3646223461663	1.58
150.25554238752434	1.58
72.86611277686863	1.58
74.15902170992318	1.58
69.3646223461663	1.58
150.1101974334582	1.58
71.13643795959098	1.58
76.20025973609765	1.58
69.3646223461663	1.58
113.7181662103512	1.58
71.48783651883465	1.58
76.20025973609765	1.58
69.65980273173668	1.58
125.58797317784446	1.58
79.26049095590999	1.58
76.20025973609765	1.58
70.10360839939898	1.58
112.5165573985276	1.58
85.30941758263153	1.58
76.20025973609765	1.58
70.10360839939898	1.58
96.75556828933712	1.58
95.09707839004862	1.58
70.71564965345934	1.58
81.50591035930655	1.58
98.33500573195072	1.58
106.5554213114411	1.58
70.71564965345934	1.58
81.50591035930655	1.58
98.33500573195072	1.58
106.5554213114411	1.58
78.28030957488699	1.58
81.50591035930655	1.58
101.72799729115508	1.58
110.76777174449772	1.58
75.34009627546534	1.58
81.50591035930655	1.58
99.15586328386581	1.58
121.6406071410619	1.58
83.60174769066862	1.58
81.79374145668464	1.58
113.29985258910081	1.58
130.4397597245205	1.58
94.61751232898143	1.58
81.79374145668464	1.58
101.7018581890885	1.58
109.77423862204567	1.58
94.61751232898143	1.58
81.79374145668464	1.58
106.52336568630949	1.58
108.91911912306533	1.58
105.3387877875483	1.58
83.11524766460735	1.58
106.08748240119999	1.58
108.91911912306533	1.58
105.4115642519605	1.58
79.46272213049707	1.58
106.19925072941157	1.58
107.58923171786532	1.58
105.4115642519605	1.58
69.02089735401887	1.58
106.47273254091722	1.58
107.58923171786532	1.58
104.47704356932914	1.58
79.59826904348613	1.58
105.94375581799179	1.58
107.8754377220521	1.58
104.97173373578073	1.58
79.59826904348613	1.58
105.72344554678821	1.58
107.8754377220521	1.58
104.97173373578073	1.58
79.59826904348613	1.58
104.28803769959602	1.58
106.74235800173625	1.58
104.79507273525195	1.58
79.59826904348613	1.58
104.02836388621884	1.58
126.34326237924634	1.58
104.72442676447835	1.58
79.59826904348613	1.58
103.46121424337015	1.58
128.4277598176847	1.58
112.94579852089734	1.58
78.64640848200773	1.58
95.40402940874688	1.58
112.96795236686555	1.58
109.05576062176915	1.58
79.71025272055957	1.58
96.03137188194484	1.58
145.72288827776822	1.58
103.5635827493261	1.58
74.98933523862202	1.58
96.2247694011935	1.58
145.72288827776822	1.58
102.62255591461081	1.58
80.45915920205563	1.58
89.11757660507767	1.58
142.91744909513307	1.58
102.93395469065129	1.58
80.45915920205563	1.58
76.34347699436972	1.58
142.91744909513307	1.58
98.05969576071203	1.58
80.45915920205563	1.58
86.73523012586725	1.58
142.91744909513307	1.58
107.7052215288996	1.58
71.83720248164039	1.58
82.98163247638247	1.58
142.91744909513307	1.58
107.7052215288996	1.58
88.34680539863832	1.58
82.98163247638247	1.58
145.9364422889634	1.58
99.11043095038535	1.58
80.92474950048783	1.58
93.60371807066007	1.58
145.9364422889634	1.58
101.6825222670675	1.58
80.92474950048783	1.58
93.60371807066007	1.58
123.32041262960817	1.58
106.83421543527037	1.58
80.92474950048783	1.58
89.22129149095215	1.58
130.12610096873553	1.58
107.55018705662764	1.58
72.86733813212147	1.58
88.10728694566694	1.58
146.53135316464133	1.58
107.55018705662764	1.58
74.8038771672306	1.58
103.12171540965173	1.58
146.53135316464133	1.58
107.55018705662764	1.58
74.8038771672306	1.58
104.44070197065444	1.58
146.53135316464133	1.58
109.52804242369061	1.58
69.51205281024974	1.58
104.44070197065444	1.58
156.61827088053408	1.58
109.52804242369061	1.58
69.51205281024974	1.58
78.27576622557845	1.58
156.61827088053408	1.58
109.52804242369061	1.58
81.87322165396914	1.58
78.27576622557845	1.58
138.4750878277156	1.58
132.31003415415532	1.58
81.87322165396914	1.58
102.69665555380874	1.58
138.4750878277156	1.58
124.90099862949756	1.58
81.87322165396914	1.58
82.79437348082993	1.58
112.79333126902586	1.58
124.90099862949756	1.58
81.87322165396914	1.58
73.05895197308	1.58
131.3135598187183	1.58
114.49695157487373	1.58
81.87322165396914	1.58
73.05895197308	1.58
131.3135598187183	1.58
107.21164612290507	1.58
105.97306199154377	1.58
99.55761856879155	1.58
152.4324936598743	1.58
104.67636987625878	1.58
87.6954793520465	1.58
99.55761856879155	1.58
132.13993791886907	1.58
104.34581017104668	1.58
107.55154857580526	1.58
101.235394642933	1.58
126.76924069198475	1.58
107.23566544003032	1.58
107.71304023543011	1.58
106.161932193171	1.58
130.83207883730134	1.58
107.53897093173785	1.58
107.8577318808405	1.58
106.36678587263305	1.58
125.13993195767911	1.58
107.73153287564472	1.58
102.72778464236889	1.58
95.05204164739614	1.58
138.53507641593154	1.58
102.73539862769714	1.58
102.72778464236889	1.58
91.60280403492615	1.58
126.77512155960217	1.58
102.73754868397347	1.58
102.73105297443729	1.58
97.20541572563691	1.58
136.05509926775326	1.58
102.73827957930565	1.58
102.72592434132287	1.58
105.74218253736228	1.58
136.05509926775326	1.58
102.7419770816336	1.58
102.7161299410833	1.58
95.72323852513527	1.58
142.1909363949069	1.58
106.36786902510771	1.58
102.84183164605626	1.58
93.2671724064914	1.58
142.1909363949069	1.58
109.30806708768058	1.58
103.2940091187919	1.58
93.2671724064914	1.58
136.28687733979964	1.58
106.1443085633938	1.58
103.85100818048909	1.58
92.33858656090442	1.58
132.53366609336186	1.58
106.1443085633938	1.58
102.89000244689149	1.58
92.05296123662212	1.58
132.53366609336186	1.58
107.65581090847942	1.58
96.01086638315789	1.58
92.05296123662212	1.58
144.18857710469248	1.58
107.65581090847942	1.58
96.01086638315789	1.58
92.05296123662212	1.58
144.18857710469248	1.58
108.921389656829	1.58
96.86476601322556	1.58
92.05296123662212	1.58
138.04040270063598	1.58
101.92717587515783	1.58
96.86476601322556	1.58
90.15830035651838	1.58
138.04040270063598	1.58
104.90038880642884	1.58
95.28500077747537	1.58
90.15830035651838	1.58
138.04040270063598	1.58
104.90038880642884	1.58
89.19562949712493	1.58
90.15830035651838	1.58
121.96692446246063	1.58
117.26378201471563	1.58
90.99971232412503	1.58
87.76169665599778	1.58
153.33197932031806	1.58
111.13136618712096	1.58
74.72757306531233	1.58
104.64558966969054	1.58
157.99216648765668	1.58
117.21534009435385	1.58
71.52898657644015	1.58
104.64558966969054	1.58
157.99216648765668	1.58
119.09386269130871	1.58
71.52898657644015	1.58
104.64558966969054	1.58
157.99216648765668	1.58
125.77587743412954	1.58
85.07357446656731	1.58
84.56316998121727	1.58
157.99216648765668	1.58
110.16443690833907	1.58
70.20902760041257	1.58
69.42133399870997	1.58
120.66033042852925	1.58
98.50478514131434	1.58
70.20902760041257	1.58
77.50117085707322	1.58
118.46347685725635	1.58
98.50478514131434	1.58
91.07010479793901	1.58
65.5532544945845	1.58
108.80354162982937	1.58
113.84625554725679	1.58
69.46119498437733	1.58
68.34960110212867	1.58
121.10784892578025	1.58
109.14468942272791	1.58
92.73855753173078	1.58
86.76982323157497	1.58
138.278696068118	1.58
112.56623877629987	1.58
101.9447897038377	1.58
103.38149384602389	1.58
123.98119244193627	1.58
108.55916626722313	1.58
97.94950016897398	1.58
98.32207316507065	1.58
128.60482432073712	1.58
108.35175384763497	1.58
92.1146219576229	1.58
98.32207316507065	1.58
146.69163436137734	1.58
104.24727380567309	1.58
87.4414510744838	1.58
73.07367866162696	1.58
146.69163436137734	1.58
101.57268812187127	1.58
76.00784876693592	1.58
73.07367866162696	1.58
138.61306997715067	1.58
126.30870549616722	1.58
76.00784876693592	1.58
80.83414241270037	1.58
124.03376690302369	1.58
106.01197063015589	1.58
88.08125910006517	1.58
82.25166165813131	1.58
141.3883161792893	1.58
97.39722600150738	1.58
87.98250407890671	1.58
89.75441643164982	1.58
141.3883161792893	1.58
104.40212726961546	1.58
87.98250407890671	1.58
97.83857585565212	1.58
141.3883161792893	1.58
99.72430677203477	1.58
87.98250407890671	1.58
97.45283177556526	1.58
148.04946620348693	1.58
99.72430677203477	1.58
87.98250407890671	1.58
97.09162570507121	1.58
156.69722510561405	1.58
100.29044630237757	1.58
87.98250407890671	1.58
97.09162570507121	1.58
156.69722510561405	1.58
105.96368987547432	1.58
76.13765282656985	1.58
90.78547028462319	1.58
156.69722510561405	1.58
110.4740711646571	1.58
82.05147054444632	1.58
76.12209913144274	1.58
129.12013023526976	1.58
110.4740711646571	1.58
82.05147054444632	1.58
76.12209913144274	1.58
126.89267728506785	1.58
101.03164457437622	1.58
82.05147054444632	1.58
76.12209913144274	1.58
109.58963101299771	1.58
101.03164457437622	1.58
75.8484276707069	1.58
87.58755558983633	1.58
109.58963101299771	1.58
99.1640776735108	1.58
75.8484276707069	1.58
85.17072409397993	1.58
107.874836847348	1.58
89.32225707975499	1.58
73.70992687829292	1.58
87.83030196382322	1.58
112.84804660951488	1.58
94.85440328522459	1.58
73.70992687829292	1.58
89.29093852532287	1.58
124.54937471176825	1.58
92.52178074310825	1.58
71.12052452927816	1.58
87.14286378116422	1.58
104.88445672799207	1.58
96.6914163788762	1.58
71.12052452927816	1.58
85.58241441159667	1.58
88.09528848153423	1.58
97.3303080359561	1.58
82.74753192502351	1.58
83.60158603445065	1.58
89.01928924263738	1.58
109.48562001031796	1.58
82.74753192502351	1.58
79.09045036676174	1.58
89.01928924263738	1.58
98.48279023205039	1.58
82.74753192502351	1.58
79.09045036676174	1.58
89.01928924263738	1.58
97.52947714477503	1.58
82.74753192502351	1.58
79.09045036676174	1.58
86.60195259784133	1.58
96.70588048586733	1.58
82.62420788159878	1.58
81.14757896850263	1.58
89.0250873358322	1.58
107.32775620044335	1.58
76.28978787622486	1.58
81.14757896850263	1.58
89.0250873358322	1.58
131.63786727663972	1.58
73.21706998328828	1.58
80.480335672617	1.58
81.21250094574975	1.58
146.10931812751627	1.58
73.21706998328828	1.58
79.39730624084646	1.58
82.99151416384578	1.58
115.23249815917245	1.58
73.21706998328828	1.58
78.80363768734131	1.58
81.05888948863304	1.58
141.98911981315518	1.58
73.21706998328828	1.58
78.80363768734131	1.58
81.16537130127459	1.58
112.5988235317487	1.58
70.14001952977155	1.58
78.80363768734131	1.58
89.58447815863252	1.58
100.95766191791756	1.58
72.6396957043387	1.58
80.56316991797068	1.58
86.25048970143968	1.58
118.51017972857109	1.58
72.6396957043387	1.58
86.31508435809032	1.58
93.73595654058138	1.58
147.75916378775554	1.58
72.6396957043387	1.58
86.31508435809032	1.58
96.9659937411433	1.58
132.1223672700666	1.58
72.6396957043387	1.58
107.99004647134176	1.58
94.30949149108217	1.58
144.8903018163346	1.58
72.6396957043387	1.58
107.99004647134176	1.58
114.40397061045896	1.58
132.02536697215618	1.58
85.25523784660362	1.58
109.34574981047554	1.58
124.62541991926915	1.58
137.22580116167885	1.58
85.25523784660362	1.58
111.12859329255767	1.58
156.37811592738677	1.58
149.78213627089832	1.58
85.25523784660362	1.58
111.12859329255767	1.58
127.09205670625576	1.58
149.78213627089832	1.58
96.23199749503034	1.58
109.06175730110039	1.58
137.0963011896427	1.58
149.78213627089832	1.58
89.53019573312491	1.58
109.06175730110039	1.58
137.0963011896427	1.58
151.80372462758373	1.58
89.53019573312491	1.58
109.06175730110039	1.58
128.52980584412447	1.58
151.80372462758373	1.58
78.17935976753108	1.58
99.86162384117455	1.58
128.52980584412447	1.58
151.80372462758373	1.58
78.17935976753108	1.58
108.69857232217382	1.58
128.52980584412447	1.58
151.80372462758373	1.58
93.21652857467755	1.58
108.69857232217382	1.58
130.70868252447727	1.58
151.80372462758373	1.58
87.42651686950892	1.58
109.35318840326973	1.58
151.2685368322951	1.58
151.80372462758373	1.58
109.32447152536476	1.58
93.92518762807447	1.58
151.2685368322951	1.58
144.38403659047552	1.58
110.4999382692726	1.58
96.4214261916298	1.58
125.72707819423393	1.58
135.83866390017138	1.58
106.65306084059846	1.58
71.2748447374004	1.58
125.72707819423393	1.58
135.83866390017138	1.58
106.65306084059846	1.58
71.2748447374004	1.58
127.66054147078911	1.58
125.21525543580121	1.58
106.65306084059846	1.58
94.25056603876101	1.58
121.44480259690377	1.58
123.21772710761641	1.58
92.85980357745605	1.58
74.05048864169099	1.58
130.07758288183066	1.58
156.62628532783663	1.58
81.25474538981373	1.58
74.05048864169099	1.58
125.69450235553364	1.58
156.62628532783663	1.58
81.25474538981373	1.58
103.88010516937157	1.58
154.2099394165192	1.58
156.62628532783663	1.58
81.25474538981373	1.58
103.88010516937157	1.58
154.2099394165192	1.58
156.62628532783663	1.58
81.25474538981373	1.58
93.16682783889766	1.58
154.2099394165192	1.58
156.62628532783663	1.58
81.25474538981373	1.58
93.16682783889766	1.58
133.9463327278636	1.58
156.62628532783663	1.58
81.25474538981373	1.58
87.70499668776583	1.58
135.61508138194608	1.58
149.9036565746633	1.58
81.25474538981373	1.58
87.70499668776583	1.58
113.13269604438239	1.58
149.9036565746633	1.58
81.25474538981373	1.58
87.70499668776583	1.58
105.44379859138093	1.58
149.9036565746633	1.58
85.9196371364188	1.58
78.03564824967977	1.58
105.44379859138093	1.58
149.9036565746633	1.58
81.79440023606021	1.58
103.45663701898411	1.58
110.44606361075004	1.58
149.9036565746633	1.58
81.79440023606021	1.58
103.45663701898411	1.58
117.17011958159836	1.58
143.11691040095388	1.58
101.57966218642768	1.58
104.7510368650658	1.58
123.3338485955405	1.58
143.11691040095388	1.58
94.69829044983251	1.58
106.82927059674375	1.58
109.07878844649481	1.58
148.3729000439326	1.58
89.38699751680309	1.58
115.3398691361786	1.58
107.4422962563146	1.58
148.3729000439326	1.58
107.91588081181752	1.58
108.42624053111064	1.58
106.46689452278306	1.58
148.3729000439326	1.58
107.91588081181752	1.58
108.09887745405804	1.58
106.757994693793	1.58
148.3729000439326	1.58
107.86058830712503	1.58
108.0421060238143	1.58
106.42345601001753	1.58
148.3729000439326	1.58
108.72741986937403	1.58
109.11432195460496	1.58
106.07470346803206	1.58
152.01946595794774	1.58
126.91948489647976	1.58
109.59135449914379	1.58
105.43694939548331	1.58
152.01946595794774	1.58
136.74943611976425	1.58
110.53749431429242	1.58
84.20121259279746	1.58
153.04965377222138	1.58
127.55155502147699	1.58
110.53749431429242	1.58
95.6532437021547	1.58
153.04965377222138	1.58
127.31809130639076	1.58
94.14969392740872	1.58
96.01222506705432	1.58
153.04965377222138	1.58
127.31809130639076	1.58
93.65749383472664	1.58
94.06739860452666	1.58
153.04965377222138	1.58
114.93705778311514	1.58
93.65749383472664	1.58
94.14077179030353	1.58
153.04965377222138	1.58
126.77880972331423	1.58
81.23568243245106	1.58
87.96817854775185	1.58
153.04965377222138	1.58
139.73931384874723	1.58
81.23568243245106	1.58
86.92294577075174	1.58
153.04965377222138	1.58
146.00755282438425	1.58
81.23568243245106	1.58
86.92294577075174	1.58
154.62642846720297	1.58
140.55729261942892	1.58
81.23568243245106	1.58
84.13019490943778	1.58
155.06641582049645	1.58
147.26898917844844	1.58
80.90910330259872	1.58
84.13019490943778	1.58
155.06641582049645	1.58
147.1363686277934	1.58
80.90910330259872	1.58
84.77510834772147	1.58
155.06641582049645	1.58
150.26504108910453	1.58
80.90910330259872	1.58
113.60619112335047	1.58
123.80096713197256	1.58
150.26504108910453	1.58
80.90910330259872	1.58
113.60619112335047	1.58
123.80096713197256	1.58
150.26504108910453	1.58
80.90910330259872	1.58
89.91652136731571	1.58
109.08295209133291	1.58
149.1404644958145	1.58
76.53848409460578	1.58
87.27665601057895	1.58
126.77414475670656	1.58
149.1404644958145	1.58
76.53848409460578	1.58
84.34024402007526	1.58
131.94952543361674	1.58
149.1404644958145	1.58
76.87468156866359	1.58
84.34024402007526	1.58
130.4703243721342	1.58
140.8609364214961	1.58
72.45802378503318	1.58
84.34024402007526	1.58
135.52688698988823	1.58
139.2036726211227	1.58
72.45802378503318	1.58
88.4501279132104	1.58
132.3532676289049	1.58
143.30437261878438	1.58
72.45802378503318	1.58
99.96633696874133	1.58
132.3532676289049	1.58
144.56297663461172	1.58
72.45802378503318	1.58
99.96633696874133	1.58
121.7261966604411	1.58
144.56297663461172	1.58
72.45802378503318	1.58
99.96633696874133	1.58
113.45797187372875	1.58
127.44202921362894	1.58
72.45802378503318	1.58
94.72675698904888	1.58
108.97543307972929	1.58
137.81691196899985	1.58
72.45802378503318	1.58
90.32282446872699	1.58
98.82212887621617	1.58
145.98980935484056	1.58
72.45802378503318	1.58
99.69938506119357	1.58
87.25796273864009	1.58
145.98980935484056	1.58
74.80858288543352	1.58
99.69938506119357	1.58
81.30742192111782	1.58
145.98980935484056	1.58
72.17254524882881	1.58
99.69938506119357	1.58
81.30742192111782	1.58
141.17273207646514	1.58
76.75379125326307	1.58
102.9261541851169	1.58
104.74362533065201	1.58
141.17273207646514	1.58
76.75379125326307	1.58
102.9261541851169	1.58
89.52685841025098	1.58
141.17273207646514	1.58
78.88999101809131	1.58
102.9261541851169	1.58
89.52685841025098	1.58
141.17273207646514	1.58
84.25220181987865	1.58
105.3754293076448	1.58
89.52685841025098	1.58
141.17273207646514	1.58
83.12373960144835	1.58
87.13388514419225	1.58
85.27775623033999	1.58
141.17273207646514	1.58
79.242217395163	1.58
87.13388514419225	1.58
85.27775623033999	1.58
141.17273207646514	1.58
81.16444030267927	1.58
90.2041092940905	1.58
85.46740187085953	1.58
141.04502224026658	1.58
81.16444030267927	1.58
86.21566314038226	1.58
107.42333399167748	1.58
149.6731111114697	1.58
83.22911958420562	1.58
95.52879267624758	1.58
119.87050934330179	1.58
149.6731111114697	1.58
78.22056671868208	1.58
95.52879267624758	1.58
152.24343585566803	1.58
149.6731111114697	1.58
78.22056671868208	1.58
96.79302432032455	1.58
152.06833107790285	1.58
150.42291550335483	1.58
77.55809611830284	1.58
88.78499209204958	1.58
153.0742278497177	1.58
132.9553049923918	1.58
77.55809611830284	1.58
88.78499209204958	1.58
158.01055174203296	1.58
132.9553049923918	1.58
108.4988005759178	1.58
86.46860214322723	1.58
158.01055174203296	1.58
132.9553049923918	1.58
71.13795037982779	1.58
96.3981895178404	1.58
158.01055174203296	1.58
123.43732713007097	1.58
71.13795037982779	1.58
77.01811681298108	1.58
131.3719341817399	1.58
136.77933753973747	1.58
71.13795037982779	1.58
77.01811681298108	1.58
131.3719341817399	1.58
137.16826143292354	1.58
71.13795037982779	1.58
77.01811681298108	1.58
116.06821467126437	1.58
137.16826143292354	1.58
70.11752445202771	1.58
75.99166288761248	1.58
142.63078636385774	1.58
136.7392064365356	1.58
70.11752445202771	1.58
73.9221520028593	1.58
131.9314044416675	1.58
154.69160485247244	1.58
70.11752445202771	1.58
73.9221520028593	1.58
131.9314044416675	1.58
154.69160485247244	1.58
71.88244465649382	1.58
86.15358790765342	1.58
143.624283632506	1.58
154.69160485247244	1.58
103.8529839537972	1.58
86.15358790765342	1.58
143.624283632506	1.58
154.69160485247244	1.58
106.17845585164982	1.58
86.692529772012	1.58
143.624283632506	1.58
154.69160485247244	1.58
106.17845585164982	1.58
80.29284280270508	1.58
143.624283632506	1.58
154.69160485247244	1.58
100.26198401982867	1.58
80.29284280270508	1.58
143.624283632506	1.58
154.69160485247244	1.58
107.8817576459935	1.58
80.29284280270508	1.58
135.835026736949	1.58
154.69160485247244	1.58
118.9165978061754	1.58
81.5398033218851	1.58
127.8861737818765	1.58
123.4196872813221	1.58
145.50580741344322	1.58
95.35685280618378	1.58
129.43057709588945	1.58
148.55524522644646	1.58
136.75294682106318	1.58
86.23524132399606	1.58
132.36771242271982	1.58
138.855943533959	1.58
135.79392502223374	1.58
104.21436299005327	1.58
133.64697586739436	1.58
138.855943533959	1.58
135.79392502223374	1.58
104.21436299005327	1.58
133.64697586739436	1.58
137.90033457685573	1.58
134.74422644025006	1.58
108.05153994822537	1.58
132.64469419701197	1.58
142.96914737197386	1.58
135.78882762781748	1.58
77.20950867761863	1.58
131.4440329767186	1.58
142.96914737197386	1.58
135.78882762781748	1.58
77.20950867761863	1.58
129.01679687369284	1.58
152.71433076939172	1.58
134.33857985654893	1.58
89.7972468239737	1.58
126.9191552855373	1.58
150.86293564839667	1.58
134.33857985654893	1.58
72.92652801575593	1.58
130.17041420202563	1.58
150.86293564839667	1.58
134.33857985654893	1.58
88.55710243183087	1.58
112.57843987944707	1.58
151.8020195564261	1.58
140.12374929178262	1.58
90.79312922129603	1.58
88.9906562419745	1.58
151.8020195564261	1.58
140.12374929178262	1.58
84.35524249812738	1.58
88.9906562419745	1.58
121.70581172957917	1.58
114.68146260182493	1.58
88.04511680736147	1.58
98.82092204012802	1.58
106.83076908669034	1.58
135.66868078226332	1.58
96.95537065526153	1.58
99.17544114718432	1.58
113.93095521140276	1.58
155.04069291546298	1.58
89.01032422294463	1.58
87.00102850465942	1.58
126.26415565569269	1.58
156.76545358026993	1.58
97.88430385256682	1.58
91.6730362693648	1.58
126.26415565569269	1.58
131.88326474131765	1.58
95.44471923568857	1.58
105.50348336794917	1.58
140.95268540097288	1.58
130.43045165598517	1.58
77.28380407958126	1.58
78.88506498631787	1.58
140.95268540097288	1.58
115.6630245170764	1.58
77.28380407958126	1.58
78.88506498631787	1.58
140.95268540097288	1.58
137.6358918217565	1.58
77.28380407958126	1.58
78.88506498631787	1.58
140.95268540097288	1.58
148.5488607828828	1.58
77.28380407958126	1.58
78.88506498631787	1.58
158.08621728843855	1.58
148.5488607828828	1.58
77.28380407958126	1.58
81.40507144206161	1.58
158.08621728843855	1.58
148.5488607828828	1.58
77.28380407958126	1.58
81.40507144206161	1.58
158.08621728843855	1.58
148.5488607828828	1.58
73.41837841677078	1.58
107.34167000357058	1.58
139.69227726485124	1.58
148.5488607828828	1.58
73.41837841677078	1.58
107.34167000357058	1.58
156.6551571369016	1.58
148.5488607828828	1.58
105.05565865958246	1.58
80.47868793385625	1.58
154.7818589440645	1.58
148.5488607828828	1.58
105.05565865958246	1.58
80.47868793385625	1.58
129.13140352119325	1.58
148.5488607828828	1.58
82.6642948726034	1.58
80.47868793385625	1.58
135.23388763246	1.58
148.5488607828828	1.58
82.6642948726034	1.58
80.47868793385625	1.58
135.23388763246	1.58
148.5488607828828	1.58
94.65530950077914	1.58
80.47868793385625	1.58
135.23388763246	1.58
148.5488607828828	1.58
94.65530950077914	1.58
80.47868793385625	1.58
157.85877644833084	1.58
148.5488607828828	1.58
88.18357854315997	1.58
97.38667621727065	1.58
123.48857642248329	1.58
137.87710767334346	1.58
75.72463217384221	1.58
97.38667621727065	1.58
102.21486077901594	1.58
137.87710767334346	1.58
79.56322665405855	1.58
97.6220618487529	1.58
102.21486077901594	1.58
150.8211823568391	1.58
79.56322665405855	1.58
96.85140386577672	1.58
100.89911221575016	1.58
150.8211823568391	1.58
72.41296801878985	1.58
97.5882050413235	1.58
100.89911221575016	1.58
139.44139967030202	1.58
72.41296801878985	1.58
80.9953704473032	1.58
110.77366060497604	1.58
139.44139967030202	1.58
72.41296801878985	1.58
80.9953704473032	1.58
108.50698867057702	1.58
152.35880923553574	1.58
70.70359802175963	1.58
80.9953704473032	1.58
108.50698867057702	1.58
152.35880923553574	1.58
80.98158871161993	1.58
87.120383409124	1.58
108.50698867057702	1.58
152.35880923553574	1.58
78.24267085454662	1.58
106.10340692072629	1.58
108.37504235173581	1.58
154.16748595948815	1.58
78.24267085454662	1.58
105.77953581424157	1.58
110.71708030613321	1.58
141.57804048023672	1.58
78.24267085454662	1.58
104.91914199780948	1.58
110.71708030613321	1.58
151.0151456665733	1.58
78.24267085454662	1.58
75.13747297561115	1.58
117.28588525617596	1.58
151.0151456665733	1.58
78.24267085454662	1.58
75.13747297561115	1.58
130.416978652677	1.58
123.00216779798886	1.58
71.99275911443665	1.58
75.13747297561115	1.58
105.97975196012973	1.58
102.00225076042048	1.58
81.85853976365354	1.58
76.1231065461178	1.58
105.97975196012973	1.58
102.41382587582879	1.58
83.19721722626194	1.58
81.26559184899631	1.58
105.97975196012973	1.58
94.23808035208947	1.58
78.15555113787988	1.58
81.26559184899631	1.58
105.97975196012973	1.58
94.23808035208947	1.58
78.15555113787988	1.58
79.13722014620558	1.58
105.97975196012973	1.58
103.39859781808	1.58
78.15555113787988	1.58
72.54529666630289	1.58
105.97975196012973	1.58
101.35014869966142	1.58
78.15555113787988	1.58
72.54529666630289	1.58
94.28267455506543	1.58
123.18036166275041	1.58
74.66578538465322	1.58
78.08581798275694	1.58
96.05426013821464	1.58
105.0394362947527	1.58
74.66578538465322	1.58
78.08581798275694	1.58
96.39113403694897	1.58
105.0394362947527	1.58
70.24302664029625	1.58
68.09548517015442	1.58
119.02316873791258	1.58
105.0394362947527	1.58
70.24302664029625	1.58
68.09548517015442	1.58
135.10093087996194	1.58
131.79078940036595	1.58
70.24302664029625	1.58
68.09548517015442	1.58
147.8726054073194	1.58
131.79078940036595	1.58
70.24302664029625	1.58
79.16821686114501	1.58
147.8726054073194	1.58
110.72686641616603	1.58
101.01090428317127	1.58
79.16821686114501	1.58
147.8726054073194	1.58
110.72686641616603	1.58
98.67924341911967	1.58
79.16821686114501	1.58
118.04710995654435	1.58
110.72686641616603	1.58
98.67924341911967	1.58
75.47204475396185	1.58
120.87451790320895	1.58
110.72686641616603	1.58
86.75516583931258	1.58
92.69906816095391	1.58
111.36711088761015	1.58
106.15490744494394	1.58
70.38050723423105	1.58
88.89650744541154	1.58
102.42659631255941	1.58
133.39197665622393	1.58
70.38050723423105	1.58
88.89650744541154	1.58
102.42659631255941	1.58
155.25785710436537	1.58
89.53049586267764	1.58
79.20107177462016	1.58
104.61255936769315	1.58
147.80269524305916	1.58
85.98318393576454	1.58
79.20107177462016	1.58
104.61255936769315	1.58
146.79401469000555	1.58
85.98318393576454	1.58
71.23576043653114	1.58
104.61255936769315	1.58
146.79401469000555	1.58
79.88107455559631	1.58
71.23576043653114	1.58
104.61255936769315	1.58
146.79401469000555	1.58
107.613223357727	1.58
71.23576043653114	1.58
104.73615054830012	1.58
126.39831290144721	1.58
108.0863341790531	1.58
71.23576043653114	1.58
106.36485132185842	1.58
100.58865394848765	1.58
114.6439547055511	1.58
71.23576043653114	1.58
105.64080541780429	1.58
106.45489588823304	1.58
115.15849670172832	1.58
71.23576043653114	1.58
127.59444758451455	1.58
109.72691223300076	1.58
108.56497317073027	1.58
73.17145754727139	1.58
145.59551792443563	1.58
109.7032678932497	1.58
108.24170287180975	1.58
82.85662227918682	1.58
145.59551792443563	1.58
109.7032678932497	1.58
108.19689463345723	1.58
95.76872959816653	1.58
145.59551792443563	1.58
109.7032678932497	1.58
108.19689463345723	1.58
88.64714894412845	1.58
131.941160013	1.58
109.7032678932497	1.58
108.14072452877218	1.58
69.12734105438872	1.58
131.941160013	1.58
109.7032678932497	1.58
108.35431917055824	1.58
69.12734105438872	1.58
151.94144042501333	1.58
106.4302657770702	1.58
108.35431917055824	1.58
69.12734105438872	1.58
151.94144042501333	1.58
105.37819245422428	1.58
110.09407037239997	1.58
69.12734105438872	1.58
151.94144042501333	1.58
105.37819245422428	1.58
80.44106687932174	1.58
69.12734105438872	1.58
151.94144042501333	1.58
105.37819245422428	1.58
80.44106687932174	1.58
94.85048711301056	1.58
151.94144042501333	1.58
105.37819245422428	1.58
85.2657044314497	1.58
94.85048711301056	1.58
144.6050185871174	1.58
105.37819245422428	1.58
73.70496812832229	1.58
94.85048711301056	1.58
144.6050185871174	1.58
105.81174272046269	1.58
73.70496812832229	1.58
93.9415101222682	1.58
133.11818692371	1.58
105.81174272046269	1.58
76.82577926568261	1.58
93.9415101222682	1.58
141.89592753840765	1.58
102.72279316838132	1.58
76.82577926568261	1.58
93.9415101222682	1.58
141.89592753840765	1.58
102.72279316838132	1.58
106.61851233068155	1.58
88.95720400580612	1.58
134.17170442599755	1.58
111.68454825284041	1.58
102.85339561794324	1.58
82.17271397279123	1.58
134.17170442599755	1.58
105.92104022081939	1.58
102.85339561794324	1.58
82.17271397279123	1.58
134.17170442599755	1.58
105.92104022081939	1.58
100.84853067430248	1.58
82.17271397279123	1.58
134.17170442599755	1.58
110.91354292741381	1.58
97.44918079658626	1.58
82.17271397279123	1.58
139.4919963010817	1.58
113.73625175880416	1.58
104.44447299111923	1.58
94.49990360190048	1.58
139.4919963010817	1.58
116.77520809534309	1.58
108.41260729449056	1.58
77.07416815506053	1.58
154.2299792380487	1.58
118.51155006739042	1.58
74.71416574470095	1.58
77.07416815506053	1.58
155.03455119774736	1.58
104.09583615873473	1.58
95.2364209318584	1.58
77.07416815506053	1.58
155.03455119774736	1.58
112.09600148457854	1.58
102.1723556175812	1.58
77.07416815506053	1.58
155.03455119774736	1.58
141.90549497598582	1.58
97.57462820968317	1.58
77.07416815506053	1.58
155.03455119774736	1.58
141.90549497598582	1.58
97.57462820968317	1.58
63.69920069577854	1.58
110.73709242223984	1.58
110.16208558609196	1.58
103.01764945094448	1.58
83.20349689630636	1.58
97.27558552676102	1.58
115.16855196811021	1.58
105.51862031419397	1.58
68.67694152751432	1.58
115.40638673450871	1.58
123.39575964622772	1.58
110.82968649501181	1.58
68.67694152751432	1.58
115.7881887250733	1.58
123.39575964622772	1.58
106.02947201332759	1.58
68.67694152751432	1.58
111.20670232093153	1.58
131.61568922947797	1.58
92.32177716030307	1.58
59.43176456379015	1.58
104.64557080465212	1.58
131.61568922947797	1.58
88.59555877032348	1.58
59.43176456379015	1.58
103.49364217143453	1.58
152.52965208361914	1.58
88.31497732191801	1.58
59.43176456379015	1.58
97.83841717874756	1.58
152.52965208361914	1.58
108.5410669002281	1.58
59.43176456379015	1.58
92.15374249865975	1.58
146.47625901175056	1.58
84.24650481113326	1.58
72.11934076922591	1.58
92.15374249865975	1.58
129.74744143970128	1.58
76.94274128470292	1.58
72.11934076922591	1.58
102.98804858380112	1.58
150.2341360057759	1.58
76.94274128470292	1.58
72.11934076922591	1.58
106.22958389393506	1.58
150.2341360057759	1.58
69.55092070697495	1.58
72.11934076922591	1.58
99.10673406520812	1.58
150.2341360057759	1.58
69.55092070697495	1.58
72.11934076922591	1.58
99.10673406520812	1.58
150.2341360057759	1.58
69.55092070697495	1.58
84.38580270853507	1.58
92.73092363967646	1.58
150.2341360057759	1.58
69.55092070697495	1.58
73.91291237015122	1.58
92.53600373762923	1.58
150.2341360057759	1.58
69.55092070697495	1.58
73.91291237015122	1.58
91.0959534100779	1.58
127.96003608282558	1.58
86.09363341427152	1.58
73.91291237015122	1.58
94.2218750760352	1.58
109.51005487396543	1.58
85.89610900463617	1.58
73.91291237015122	1.58
91.98850815815395	1.58
112.07847757313253	1.58
82.05082849341595	1.58
73.91291237015122	1.58
89.19658009663371	1.58
115.99240276731496	1.58
82.26858076581694	1.58
78.25913884336983	1.58
89.15884877873908	1.58
122.66701646431986	1.58
76.1583385824363	1.58
97.7982926720352	1.58
82.69889847284148	1.58
140.3838995823192	1.58
76.1583385824363	1.58
97.7982926720352	1.58
82.55962513277349	1.58
140.3838995823192	1.58
100.0835146714231	1.58
93.76752443566893	1.58
74.55620129873049	1.58
142.37539928309764	1.58
98.58752924782564	1.58
102.45822823599934	1.58
82.41131190904578	1.58
148.16080240090554	1.58
76.69357794679783	1.58
102.45822823599934	1.58
73.1513864035441	1.58
154.91420293635701	1.58
76.7900887525229	1.58
99.51964228568124	1.58
73.1513864035441	1.58
154.91420293635701	1.58
77.50322677866514	1.58
85.50517639512773	1.58
77.62136748210025	1.58
154.91420293635701	1.58
97.2854727621919	1.58
85.23186482684274	1.58
75.8425377448633	1.58
154.91420293635701	1.58
97.42730083465725	1.58
90.46018364799616	1.58
75.8425377448633	1.58
154.91420293635701	1.58
98.09084544037188	1.58
87.14895737252792	1.58
75.8425377448633	1.58
139.3757360997952	1.58
96.94787598640096	1.58
89.79086751580655	1.58
85.9851406274072	1.58
140.52785316631125	1.58
96.84129125433732	1.58
91.6273401914639	1.58
77.92903342620565	1.58
129.15202826047877	1.58
93.66666543886707	1.58
94.03261921042896	1.58
79.45270974656961	1.58
124.65891754908236	1.58
101.25853568585993	1.58
83.77572886532371	1.58
75.21495219165848	1.58
143.29092695495146	1.58
120.72858510058937	1.58
88.91623077884819	1.58
71.9466561765917	1.58
143.93261858963902	1.58
140.3833060022813	1.58
85.13089260420311	1.58
71.9466561765917	1.58
143.93261858963902	1.58
137.28072171846875	1.58
94.52335020547667	1.58
84.90103903775875	1.58
146.22916098108794	1.58
129.41738362952933	1.58
94.51711437956811	1.58
81.78577770349114	1.58
146.22916098108794	1.58
138.11573570819908	1.58
94.51711437956811	1.58
97.80086940920428	1.58
133.5150832526028	1.58
138.11573570819908	1.58
94.51711437956811	1.58
97.64682912177896	1.58
130.81915472822996	1.58
138.11573570819908	1.58
98.97729419070252	1.58
97.64682912177896	1.58
132.5826143607808	1.58
138.11573570819908	1.58
104.42366032720874	1.58
97.64682912177896	1.58
131.3515117268232	1.58
136.35292684046897	1.58
110.39703781019838	1.58
84.529691067687	1.58
131.6813492318619	1.58
118.544695301482	1.58
106.1752061303793	1.58
92.56366155910408	1.58
147.05579858486624	1.58
127.48025057664539	1.58
106.1752061303793	1.58
92.56366155910408	1.58
127.23394598673897	1.58
127.68491269532197	1.58
106.1752061303793	1.58
81.12828381694965	1.58
118.21508748186564	1.58
124.99628329551604	1.58
97.76782570479003	1.58
81.12828381694965	1.58
111.16758759996655	1.58
134.98925993002632	1.58
88.30367113631156	1.58
82.2876665927002	1.58
111.31232136000648	1.58
134.98925993002632	1.58
90.89806683338641	1.58
86.26235257854265	1.58
97.08204135264273	1.58
112.9054079022666	1.58
92.41290619201318	1.58
67.81148191132382	1.58
97.11718429882791	1.58
129.3553592480264	1.58
113.3503693956029	1.58
67.81148191132382	1.58
97.11718429882791	1.58
133.76879461328224	1.58
126.45114394812319	1.58
68.97457514093085	1.58
109.98198743281372	1.58
145.50785558248384	1.58
138.7471921417278	1.58
76.71844111539146	1.58
94.28708802754502	1.58
145.50785558248384	1.58
138.7471921417278	1.58
76.71844111539146	1.58
89.32943200136742	1.58
145.50785558248384	1.58
140.54963367275315	1.58
76.71844111539146	1.58
89.32943200136742	1.58
145.50785558248384	1.58
154.5104141848771	1.58
72.10097471613106	1.58
89.32943200136742	1.58
145.50785558248384	1.58
154.5104141848771	1.58
72.10097471613106	1.58
112.3177578639693	1.58
130.10552104721205	1.58
154.5104141848771	1.58
72.10097471613106	1.58
112.3177578639693	1.58
130.10552104721205	1.58
137.91841329788863	1.58
72.10097471613106	1.58
99.60429920067988	1.58
132.38670245760045	1.58
122.02705503832901	1.58
74.91393409318738	1.58
78.5653715990236	1.58
135.75203796355868	1.58
113.22174202736878	1.58
74.91393409318738	1.58
85.55388496807333	1.58
115.83173150446996	1.58
101.36592025749842	1.58
74.99264570346747	1.58
74.45051231102107	1.58
135.65867238820883	1.58
97.37654346583454	1.58
74.99264570346747	1.58
74.45051231102107	1.58
135.65867238820883	1.58
97.37654346583454	1.58
74.99264570346747	1.58
76.70299298027493	1.58
151.23285940546202	1.58
89.75372532257228	1.58
103.9759003340586	1.58
76.70299298027493	1.58
151.23285940546202	1.58
85.50700127541307	1.58
99.8228345215618	1.58
76.70299298027493	1.58
142.7390452090806	1.58
84.53790071175598	1.58
105.01610920064587	1.58
107.0451545338706	1.58
150.08438415736794	1.58
76.78917928694511	1.58
105.01610920064587	1.58
112.82739727626071	1.58
151.04796435687263	1.58
83.97688871000214	1.58
108.949351831936	1.58
75.48487315774929	1.58
147.8171667205061	1.58
83.97688871000214	1.58
115.02560036485619	1.58
76.8330884096025	1.58
147.9389560792544	1.58
87.12729757076798	1.58
99.17489269064745	1.58
76.8330884096025	1.58
140.8824469161513	1.58
91.54670897170452	1.58
104.984825597581	1.58
76.8330884096025	1.58
150.82797419756798	1.58
94.84187015370829	1.58
103.06033581355325	1.58
84.60828357506453	1.58
149.92332674717025	1.58
98.65566360865218	1.58
103.06033581355325	1.58
78.78510351947388	1.58
153.74931267424708	1.58
97.12379760998355	1.58
103.06033581355325	1.58
78.78510351947388	1.58
116.46204541586816	1.58
90.32940885814429	1.58
94.10581109873891	1.58
78.78510351947388	1.58
109.62555968030931	1.58
93.01058738058741	1.58
94.9427165461131	1.58
78.78510351947388	1.58
113.39655126179315	1.58
91.55923680322383	1.58
94.97542140971142	1.58
73.00890623796475	1.58
107.73676891044784	1.58
87.31221670831248	1.58
92.68844109180512	1.58
64.02575984216435	1.58
108.25542674720516	1.58
83.63463515562914	1.58
91.73892054996742	1.58
64.02575984216435	1.58
112.976282887284	1.58
83.31352922876951	1.58
97.11603685729175	1.58
64.02575984216435	1.58
89.30937604266481	1.58
75.0351141061597	1.58
86.356937026852	1.58
68.15373529424791	1.58
108.96041168886833	1.58
78.40093201763744	1.58
93.0880917493383	1.58
68.15373529424791	1.58
101.4994107496329	1.58
77.02308285690916	1.58
92.08242349287633	1.58
71.79888234164198	1.58
104.49903694376037	1.58
78.26164894981804	1.58
80.73022564128553	1.58
72.93190767410759	1.58
95.29003568509918	1.58
78.26164894981804	1.58
80.3634338386253	1.58
75.54717071125557	1.58
87.94283320551088	1.58
79.98370223662339	1.58
78.99216579307716	1.58
72.29506143825142	1.58
90.50021021555001	1.58
80.88099734770265	1.58
78.99216579307716	1.58
71.18290168262246	1.58
89.26860822924328	1.58
82.07715656224765	1.58
78.80001540873221	1.58
72.83854904098139	1.58
95.70117694782665	1.58
88.69083074464727	1.58
79.82734541046909	1.58
72.83854904098139	1.58
91.25254806955421	1.58
81.53361145075962	1.58
77.81662670298486	1.58
72.83854904098139	1.58
91.12322050841782	1.58
81.67086901103438	1.58
77.81662670298486	1.58
72.83854904098139	1.58
86.86254164134324	1.58
86.63607264491276	1.58
79.23793869629316	1.58
72.83854904098139	1.58
86.34081303624794	1.58
85.42498033921618	1.58
78.62303076981797	1.58
72.64741414313272	1.58
85.75035708486425	1.58
80.85535033148304	1.58
73.33405376791691	1.58
73.67129021711396	1.58
89.09408206804349	1.58
80.85535033148304	1.58
73.33405376791691	1.58
73.67129021711396	1.58
88.80866577217607	1.58
80.35566525584902	1.58
75.96785625022554	1.58
71.08443888802027	1.58
87.98433746917	1.58
80.35566525584902	1.58
73.2247244716077	1.58
71.08443888802027	1.58
82.46171083881387	1.58
79.54891017769836	1.58
69.33494438956144	1.58
72.04801781609868	1.58
82.85341314767248	1.58
79.54891017769836	1.58
73.03703113205276	1.58
70.68338232489384	1.58
78.9581549404744	1.58
82.84279845707538	1.58
71.1198803443464	1.58
70.68338232489384	1.58
86.59833052972365	1.58
86.52139859335364	1.58
71.1198803443464	1.58
72.01240218720523	1.58
79.17606129923264	1.58
86.52139859335364	1.58
73.40723230538346	1.58
71.73770951656883	1.58
79.17606129923264	1.58
88.6174360691006	1.58
73.40723230538346	1.58
79.973666202311	1.58
80.96544816723616	1.58
101.1649341397092	1.58
73.40723230538346	1.58
79.35159994301033	1.58
80.95672379295215	1.58
95.91345545284824	1.58
73.40723230538346	1.58
86.00001370658948	1.58
79.19445215187494	1.58
95.91345545284824	1.58
79.51354965306996	1.58
86.39815861330877	1.58
79.18169884655397	1.58
99.36399165167391	1.58
79.51354965306996	1.58
85.22579794107848	1.58
75.74822157582183	1.58
117.20694332243899	1.58
92.23251137545891	1.58
87.19782039785065	1.58
75.74822157582183	1.58
115.55444774902075	1.58
101.87606551033484	1.58
92.59148329715832	1.58
83.83117516363522	1.58
123.415868778777	1.58
107.28749262515382	1.58
75.7493973071859	1.58
88.9364919483767	1.58
116.67738901980475	1.58
100.30233947426754	1.58
75.7493973071859	1.58
87.91215990443612	1.58
112.10646595779342	1.58
103.73382646715663	1.58
76.85232516055585	1.58
98.77660538095442	1.58
97.12725719010606	1.58
102.14517238900214	1.58
78.75776862145126	1.58
95.68763956703097	1.58
96.24725670735336	1.58
100.12306722267093	1.58
78.75776862145126	1.58
94.17143397171789	1.58
96.4046010452347	1.58
99.68080882222571	1.58
84.26988463817649	1.58
101.4933575725127	1.58
95.74813908515101	1.58
98.52233812493226	1.58
90.74839525734441	1.58
101.06842211261913	1.58
95.51403645576573	1.58
98.52233812493226	1.58
89.16973776730663	1.58
101.77856126700496	1.58
99.3047306686249	1.58
98.50445980826608	1.58
90.09584240657918	1.58
100.57366832922287	1.58
99.79843068008641	1.58
98.4001828939466	1.58
85.17865543605954	1.58
105.61149234792512	1.58
103.15563947048447	1.58
99.26951043840171	1.58
76.72864534034125	1.58
105.61149234792512	1.58
103.09049996670417	1.58
98.55079721504003	1.58
76.72864534034125	1.58
105.61149234792512	1.58
100.83886268320865	1.58
94.94050476446581	1.58
76.72864534034125	1.58
98.29384167743052	1.58
100.83886268320865	1.58
95.74685786362916	1.58
76.72864534034125	1.58
98.70711057221314	1.58
93.4086004139118	1.58
95.74685786362916	1.58
76.72864534034125	1.58
105.84633211511593	1.58
92.87289855925447	1.58
95.74685786362916	1.58
76.92007679560669	1.58
114.05465926751825	1.58
96.023293671015	1.58
95.52485695091211	1.58
72.45189679217003	1.58
125.3651297852314	1.58
96.023293671015	1.58
95.29134222940617	1.58
73.23415883386869	1.58
142.02874531227053	1.58
96.25401142861668	1.58
95.07204309419788	1.58
73.23415883386869	1.58
123.38691712655061	1.58
97.09622285890731	1.58
94.65513341757043	1.58
73.23415883386869	1.58
148.982733371253	1.58
98.19647824260076	1.58
95.95544297952377	1.58
73.23415883386869	1.58
148.982733371253	1.58
97.28573305354284	1.58
95.01191250514657	1.58
75.65797084251986	1.58
125.9704225353729	1.58
96.87877618997756	1.58
95.33524641363773	1.58
75.65797084251986	1.58
147.85246804967113	1.58
96.60127222737671	1.58
99.4657809970482	1.58
69.88114161989583	1.58
143.57744340102633	1.58
96.60127222737671	1.58
99.4657809970482	1.58
72.04459637042706	1.58
156.71606047760417	1.58
97.70607643725168	1.58
100.16660473884974	1.58
72.04459637042706	1.58
156.71606047760417	1.58
89.68346081258866	1.58
118.95656843140503	1.58
72.04459637042706	1.58
156.71606047760417	1.58
70.38701488609098	1.58
104.98378103965302	1.58
72.89870605210407	1.58
156.71606047760417	1.58
68.38523584136446	1.58
104.98378103965302	1.58
74.39124532346584	1.58
131.0632257711633	1.58
68.38523584136446	1.58
104.98378103965302	1.58
77.03028412103191	1.58
133.53777682702383	1.58
68.38523584136446	1.58
91.56849419790129	1.58
77.03028412103191	1.58
133.53777682702383	1.58
71.73516436294834	1.58
91.56849419790129	1.58
80.53958812530732	1.58
133.53777682702383	1.58
76.60586968363425	1.58
89.52742517291031	1.58
81.02887074861465	1.58
141.004030252333	1.58
76.8757799837244	1.58
89.52742517291031	1.58
81.02887074861465	1.58
128.23781148278158	1.58
75.75568711616754	1.58
72.89505011595249	1.58
81.02887074861465	1.58
120.41261424120505	1.58
75.15704908599906	1.58
71.73725808314526	1.58
81.02887074861465	1.58
126.20792721284195	1.58
78.36151378465549	1.58
71.73725808314526	1.58
81.02887074861465	1.58
156.88756037871372	1.58
82.65332379341585	1.58
71.73725808314526	1.58
79.4650122515599	1.58
118.08749518924589	1.58
82.65332379341585	1.58
71.73725808314526	1.58
77.20920493506395	1.58
106.46576012348314	1.58
84.33652875519384	1.58
71.73725808314526	1.58
77.20920493506395	1.58
89.68709295261044	1.58
83.85818936977711	1.58
73.99385803541698	1.58
76.23659413731112	1.58
89.2849260928977	1.58
84.72802438724545	1.58
77.90781841935109	1.58
80.30506457547308	1.58
93.80185780530928	1.58
88.38910188938297	1.58
70.64458514366798	1.58
73.3027044402148	1.58
93.80185780530928	1.58
81.09941902476378	1.58
70.64458514366798	1.58
70.25340904063849	1.58
102.44129374979121	1.58
81.09941902476378	1.58
75.93905762209839	1.58
70.84433921980673	1.58
88.57904132343683	1.58
85.51107459306967	1.58
74.93768074084927	1.58
74.4862486922867	1.58
95.5671169752937	1.58
91.40208410768682	1.58
72.44597969274685	1.58
74.4862486922867	1.58
95.5671169752937	1.58
93.88823185908865	1.58
72.44597969274685	1.58
71.8900737083856	1.58
95.5671169752937	1.58
101.1278752495352	1.58
75.02642742241335	1.58
70.28762509601049	1.58
90.19127684685785	1.58
104.50435656213327	1.58
82.54911681655005	1.58
70.28762509601049	1.58
86.95608718052232	1.58
125.78200652308377	1.58
81.72843029273494	1.58
70.28762509601049	1.58
88.12679999745153	1.58
110.62117243435875	1.58
79.14913239942325	1.58
70.28762509601049	1.58
92.28662951605278	1.58
110.62117243435875	1.58
70.733368211857	1.58
73.77224635606305	1.58
91.37724922225867	1.58
96.67723500196604	1.58
70.733368211857	1.58
67.9913539877592	1.58
91.37724922225867	1.58
108.79132847509885	1.58
70.733368211857	1.58
71.20437857783281	1.58
107.26597293202943	1.58
137.8057346783727	1.58
70.733368211857	1.58
71.20437857783281	1.58
107.26597293202943	1.58
124.11993021896056	1.58
70.733368211857	1.58
71.20437857783281	1.58
107.26597293202943	1.58
125.108957997538	1.58
70.733368211857	1.58
71.20437857783281	1.58
107.26597293202943	1.58
99.7410079607439	1.58
70.733368211857	1.58
71.20437857783281	1.58
107.26597293202943	1.58
109.42162340404059	1.58
70.733368211857	1.58
71.20437857783281	1.58
107.26597293202943	1.58
94.44365209846465	1.58
70.733368211857	1.58
79.52297874122462	1.58
107.26597293202943	1.58
96.47810509457324	1.58
80.75796685732745	1.58
74.11844429800922	1.58
107.26597293202943	1.58
88.28905466510516	1.58
77.00110409892719	1.58
74.11844429800922	1.58
107.26597293202943	1.58
88.78830614565662	1.58
80.3719099074477	1.58
74.11844429800922	1.58
107.26597293202943	1.58
98.78277293240787	1.58
74.72286042428152	1.58
74.11844429800922	1.58
99.42210595691341	1.58
117.585188465957	1.58
74.72286042428152	1.58
95.3667514374671	1.58
100.69439901152371	1.58
131.13222024371535	1.58
74.72286042428152	1.58
102.53153622540289	1.58
100.3255952485103	1.58
131.13222024371535	1.58
100.25391872536034	1.58
103.48436546213	1.58
98.20904722928424	1.58
151.6366550554339	1.58
100.25391872536034	1.58
103.48436546213	1.58
97.51800120663385	1.58
151.6366550554339	1.58
100.25391872536034	1.58
80.96349146107768	1.58
97.51800120663385	1.58
124.93786620543219	1.58
112.06021893208816	1.58
71.78610259117846	1.58
112.18487723197278	1.58
135.95103505293076	1.58
111.3154940881931	1.58
71.78610259117846	1.58
112.45343097180329	1.58
135.95103505293076	1.58
111.10681568600931	1.58
71.78610259117846	1.58
112.75053665326249	1.58
132.422101034023	1.58
101.95173121501283	1.58
71.78610259117846	1.58
107.19184695895544	1.58
112.50743285939103	1.58
99.58720698197484	1.58
71.78610259117846	1.58
107.19184695895544	1.58
102.34226335463693	1.58
99.58720698197484	1.58
71.78610259117846	1.58
105.81055572895384	1.58
101.12067065896758	1.58
95.49289998929189	1.58
79.80247837361033	1.58
107.66228479028025	1.58
100.4279943722562	1.58
98.64039606209853	1.58
87.37245033529499	1.58
115.93356329626498	1.58
100.87344745492683	1.58
96.87137464007881	1.58
76.52061525639256	1.58
133.4993093723292	1.58
102.17808703549676	1.58
97.90872035443786	1.58
76.52061525639256	1.58
133.4993093723292	1.58
104.68589900332115	1.58
113.4208800631194	1.58
89.41321578761452	1.58
139.59279292876636	1.58
104.68589900332115	1.58
118.17197764625557	1.58
89.41321578761452	1.58
139.59279292876636	1.58
110.39753187020911	1.58
111.37459741592575	1.58
89.41321578761452	1.58
132.62425078889552	1.58
109.81123723660158	1.58
110.8647183869131	1.58
90.6577308928729	1.58
115.38822597735431	1.58
105.72563038314539	1.58
108.5888311362723	1.58
90.6577308928729	1.58
113.24211878081525	1.58
105.40618143742903	1.58
109.23119817543258	1.58
70.2764982603965	1.58
100.77811824668022	1.58
103.16130606351318	1.58
109.71630179147263	1.58
70.2764982603965	1.58
116.84574838059956	1.58
103.16130606351318	1.58
112.24400255405268	1.58
70.2764982603965	1.58
116.84574838059956	1.58
103.16130606351318	1.58
108.64912266946094	1.58
77.41321797910997	1.58
120.07521940756459	1.58
100.34575430989781	1.58
108.64912266946094	1.58
77.41321797910997	1.58
125.510865253531	1.58
102.39591433634511	1.58
111.68679499669291	1.58
77.41321797910997	1.58
105.1222591420122	1.58
97.62438845199063	1.58
109.63479381336907	1.58
77.41321797910997	1.58
106.5470847845181	1.58
90.7377287789127	1.58
109.63479381336907	1.58
83.0405194116891	1.58
103.75919425801327	1.58
87.46124134445228	1.58
109.63479381336907	1.58
76.45975088575193	1.58
103.118340357456	1.58
88.88301291115927	1.58
109.63479381336907	1.58
73.45745394309503	1.58
98.2119991497733	1.58
93.32256776198614	1.58
103.3001843552381	1.58
74.85932390407882	1.58
100.35166779571331	1.58
93.32256776198614	1.58
104.86519436877046	1.58
74.85932390407882	1.58
89.91406761530872	1.58
93.32256776198614	1.58
107.04849763563023	1.58
73.25168896848919	1.58
97.97524921501858	1.58
86.79572637613933	1.58
107.04849763563023	1.58
73.25168896848919	1.58
102.05945275916366	1.58
95.28805901038479	1.58
107.04849763563023	1.58
71.1200723855295	1.58
101.79667223598014	1.58
99.89442402455462	1.58
106.62015893739068	1.58
71.1200723855295	1.58
102.12303823476742	1.58
99.89442402455462	1.58
106.62015893739068	1.58
74.47781172082864	1.58
119.05200148125707	1.58
92.93669503555533	1.58
112.95456000184699	1.58
74.47781172082864	1.58
101.61741196200427	1.58
89.10010517051704	1.58
107.33701342521715	1.58
74.47781172082864	1.58
101.61741196200427	1.58
89.11966609624959	1.58
107.33701342521715	1.58
86.90709240686459	1.58
99.15174647645445	1.58
89.11966609624959	1.58
107.33701342521715	1.58
84.8949616334825	1.58
99.15174647645445	1.58
76.40264322151208	1.58
108.22812685834928	1.58
84.8949616334825	1.58
103.10267097937793	1.58
79.0751862343322	1.58
133.95966495490427	1.58
85.72844401499654	1.58
114.96047051872735	1.58
76.71693516263196	1.58
133.95966495490427	1.58
93.20654419654923	1.58
108.74638484364964	1.58
76.71693516263196	1.58
133.09618339946076	1.58
94.03219593332426	1.58
108.74638484364964	1.58
76.71693516263196	1.58
137.83044444154595	1.58
85.37840725763209	1.58
109.23346707867213	1.58
71.58856953481278	1.58
143.120302520658	1.58
96.21283428282841	1.58
109.8697990392116	1.58
71.58856953481278	1.58
135.86102084936294	1.58
112.20495100820983	1.58
106.71587322781379	1.58
71.58856953481278	1.58
140.2673565214646	1.58
129.50390299342683	1.58
104.30732765491807	1.58
71.58856953481278	1.58
118.20915238719735	1.58
106.19617984959757	1.58
91.39613703243404	1.58
71.58856953481278	1.58
129.49719648576317	1.58
113.5320895624551	1.58
70.24783855003537	1.58
71.58856953481278	1.58
140.38818705887587	1.58
95.90092970238724	1.58
70.24783855003537	1.58
71.58856953481278	1.58
127.6500353008216	1.58
95.90092970238724	1.58
69.77780729642437	1.58
71.58856953481278	1.58
127.6500353008216	1.58
95.90092970238724	1.58
69.77780729642437	1.58
79.89780272559801	1.58
114.94112765353508	1.58
108.57216709309417	1.58
69.77780729642437	1.58
81.43803990493092	1.58
131.09709884072635	1.58
101.6268562309145	1.58
84.76975729527905	1.58
89.1646460700398	1.58
145.96597541965872	1.58
100.6227320716872	1.58
111.35155845733973	1.58
94.628920076305	1.58
145.96597541965872	1.58
104.976987845422	1.58
111.67064846517503	1.58
95.92671401876848	1.58
142.77147004653077	1.58
105.76414303185595	1.58
106.63655381330935	1.58
95.92671401876848	1.58
136.2168368007463	1.58
106.09177140309733	1.58
106.63655381330935	1.58
95.13122360027518	1.58
128.25702066847663	1.58
107.94047106083093	1.58
107.75540964202571	1.58
84.16367453256508	1.58
137.4810986260388	1.58
107.94362347511776	1.58
109.77481624939645	1.58
81.93819925264219	1.58
137.4810986260388	1.58
106.17135867761993	1.58
109.77481624939645	1.58
81.93819925264219	1.58
138.1548700268987	1.58
105.57192643429508	1.58
109.77481624939645	1.58
81.93819925264219	1.58
138.1548700268987	1.58
102.2886386194199	1.58
103.95293194631788	1.58
81.93819925264219	1.58
138.1548700268987	1.58
102.2886386194199	1.58
105.09677040492457	1.58
73.24019873623223	1.58
114.17949768392936	1.58
101.10958981971022	1.58
106.50468274387568	1.58
84.4136692350666	1.58
119.22277676363656	1.58
101.7653448488003	1.58
106.86777636443507	1.58
80.21328427146973	1.58
121.73700544389523	1.58
101.7653448488003	1.58
111.1393931279853	1.58
70.93094493522824	1.58
123.02811410568418	1.58
106.13287555824539	1.58
110.84206622205147	1.58
72.51497781594074	1.58
125.79158676615842	1.58
103.47702455595855	1.58
111.9956041860702	1.58
85.97064800054248	1.58
125.79158676615842	1.58
100.35465075287729	1.58
109.12471307061136	1.58
85.54803452294951	1.58
112.31658814746619	1.58
104.47374831989673	1.58
109.12471307061136	1.58
85.54803452294951	1.58
123.71857537840992	1.58
111.58377692978478	1.58
115.84323909496737	1.58
85.54803452294951	1.58
112.00830607061444	1.58
110.8782241076875	1.58
116.36293267633377	1.58
78.22239715350037	1.58
97.74853470619311	1.58
110.8782241076875	1.58
117.03173970821067	1.58
66.5960151287432	1.58
95.9328786228142	1.58
112.21827890831364	1.58
116.91671188716607	1.58
76.28178380326793	1.58
104.52557161208705	1.58
110.09579611917333	1.58
114.63298757993174	1.58
76.28178380326793	1.58
113.62094798450465	1.58
106.96470039068562	1.58
112.12747376968068	1.58
76.28178380326793	1.58
113.31138884515823	1.58
106.96470039068562	1.58
111.96943286208722	1.58
76.28178380326793	1.58
112.92707998893296	1.58
106.96470039068562	1.58
111.41445172087943	1.58
76.28178380326793	1.58
112.92707998893296	1.58
102.27199925702787	1.58
111.41445172087943	1.58
80.13605909587524	1.58
135.8274278176413	1.58
102.86880690154395	1.58
115.98553852219982	1.58
68.22209635975888	1.58
154.2742096439843	1.58
107.475063928426	1.58
88.27246174481536	1.58
71.56240474875165	1.58
154.2742096439843	1.58
139.69422167054233	1.58
88.27246174481536	1.58
71.56240474875165	1.58
154.2742096439843	1.58
126.82141729514632	1.58
72.64522076543085	1.58
71.56240474875165	1.58
122.19841225920261	1.58
126.82141729514632	1.58
84.91967083386822	1.58
81.61803603710548	1.58
112.74382442197168	1.58
126.82141729514632	1.58
70.68273150045663	1.58
81.61803603710548	1.58
105.9074420491889	1.58
107.69640110170775	1.58
73.23839565845736	1.58
92.58052322539675	1.58
102.84772764932703	1.58
107.69640110170775	1.58
73.23839565845736	1.58
95.11087258605833	1.58
97.40651879158848	1.58
110.11344870482492	1.58
84.61294156189457	1.58
84.06012397774847	1.58
102.09989933192885	1.58
116.19152908302365	1.58
84.61294156189457	1.58
84.06012397774847	1.58
97.51856037152174	1.58
114.71201319771754	1.58
80.47082064357068	1.58
83.27384980328162	1.58
110.06538992571146	1.58
99.2086836692078	1.58
75.22937499547129	1.58
82.16778014504733	1.58
142.35585994027164	1.58
105.97793726087029	1.58
75.22937499547129	1.58
82.16778014504733	1.58
123.28367429516791	1.58
95.71518558608096	1.58
82.09256587561029	1.58
78.0391133606408	1.58
111.99826684847022	1.58
96.3619404410852	1.58
78.52710566808409	1.58
78.0391133606408	1.58
144.16475296331492	1.58
96.3619404410852	1.58
66.46597155475018	1.58
78.0391133606408	1.58
145.89178115882157	1.58
92.03020273072683	1.58
66.46597155475018	1.58
78.0391133606408	1.58
145.7895806909582	1.58
86.37048226728353	1.58
66.46597155475018	1.58
78.0391133606408	1.58
145.7895806909582	1.58
91.62202597843584	1.58
74.65605107049745	1.58
104.1605727599773	1.58
145.7895806909582	1.58
85.74677214763344	1.58
73.72197265124598	1.58
99.09549004380636	1.58
145.7895806909582	1.58
77.32527022866562	1.58
70.60770411867416	1.58
108.64193842488251	1.58
130.898233153291	1.58
79.65345542103553	1.58
94.77236459535087	1.58
106.11297572549188	1.58
118.27914100178546	1.58
79.65345542103553	1.58
84.08201178846946	1.58
105.53688121381381	1.58
126.37512445976236	1.58
74.0814080565223	1.58
105.14037840995289	1.58
105.53688121381381	1.58
121.08240460392116	1.58
74.0814080565223	1.58
105.14037840995289	1.58
121.54639835691717	1.58
120.77489543529082	1.58
74.09628698916913	1.58
100.44821702707857	1.58
121.72448991074558	1.58
136.15367805294164	1.58
74.09628698916913	1.58
93.49219575212913	1.58
128.3018014620375	1.58
147.99733941177038	1.58
70.71281184639496	1.58
93.49219575212913	1.58
112.80515319632669	1.58
147.99733941177038	1.58
70.71281184639496	1.58
83.47072806527945	1.58
112.80515319632669	1.58
147.99733941177038	1.58
74.65898687863445	1.58
108.56587319290671	1.58
85.1436810148661	1.58
147.99733941177038	1.58
74.65898687863445	1.58
108.56587319290671	1.58
87.44440950201478	1.58
118.34931361641549	1.58
69.60772031210652	1.58
90.09382861366585	1.58
86.82110595954268	1.58
119.54586571080866	1.58
69.60772031210652	1.58
90.63549313787229	1.58
97.00921726368227	1.58
139.50341847180783	1.58
69.60772031210652	1.58
88.9232790534508	1.58
79.62641678589287	1.58
139.50341847180783	1.58
70.1076159788084	1.58
85.29802216102003	1.58
79.62641678589287	1.58
139.50341847180783	1.58
70.1076159788084	1.58
85.29802216102003	1.58
79.62641678589287	1.58
138.65574510243212	1.58
75.41012920892322	1.58
85.3178300672142	1.58
72.63453452809199	1.58
138.65574510243212	1.58
77.10335971567277	1.58
92.86829924638249	1.58
72.09344290362282	1.58
147.20779111378502	1.58
71.53015090434477	1.58
107.17481726268713	1.58
72.09344290362282	1.58
147.20779111378502	1.58
71.53015090434477	1.58
105.40183686128483	1.58
72.09344290362282	1.58
154.72581307887287	1.58
83.4213116127003	1.58
105.40183686128483	1.58
73.00017295920222	1.58
154.72581307887287	1.58
83.4213116127003	1.58
117.03498941957942	1.58
73.00017295920222	1.58
147.0422220453702	1.58
85.63341817440836	1.58
121.20606050399215	1.58
69.6466037815517	1.58
147.0422220453702	1.58
88.08332037979127	1.58
127.0894259939158	1.58
71.58045584424087	1.58
147.0422220453702	1.58
82.00884206064005	1.58
134.84462052561767	1.58
86.62293832613065	1.58
145.90660916995972	1.58
82.00884206064005	1.58
126.19555031727636	1.58
85.15814547929988	1.58
145.90660916995972	1.58
80.09961143007304	1.58
105.01289796911703	1.58
86.06986066516325	1.58
145.90660916995972	1.58
80.54563045896313	1.58
99.42623430470147	1.58
107.95985956156508	1.58
143.04297241700786	1.58
80.54563045896313	1.58
99.42623430470147	1.58
115.64270555657271	1.58
143.04297241700786	1.58
80.54563045896313	1.58
103.3211093047371	1.58
136.69585808353577	1.58
143.04297241700786	1.58
80.54563045896313	1.58
103.3211093047371	1.58
132.11538163956027	1.58
148.21013380634423	1.58
89.49024597138394	1.58
110.52324544820488	1.58
132.11538163956027	1.58
151.05863579449726	1.58
77.91581477323325	1.58
140.51576850985936	1.58
124.36039530591569	1.58
151.05863579449726	1.58
77.91581477323325	1.58
138.20115553791467	1.58
121.27944155478401	1.58
151.05863579449726	1.58
77.91581477323325	1.58
132.04460270359948	1.58
118.64944087944812	1.58
151.05863579449726	1.58
77.91581477323325	1.58
112.46101200106843	1.58
158.1076974618369	1.58
145.5978038628228	1.58
87.85760762506276	1.58
118.95035654487266	1.58
158.1076974618369	1.58
153.65713021906078	1.58
87.85760762506276	1.58
135.76618509348603	1.58
128.5496521295338	1.58
153.65713021906078	1.58
95.21124905587858	1.58
135.5534033711512	1.58
124.0631346440837	1.58
152.643241703486	1.58
94.10947357346498	1.58
132.5020674760049	1.58
148.48245594766715	1.58
151.29792241243277	1.58
94.10947357346498	1.58
114.26954420263313	1.58
136.46041884707026	1.58
151.29792241243277	1.58
80.5671474905433	1.58
106.28911233700008	1.58
115.40670418158223	1.58
151.29792241243277	1.58
80.5671474905433	1.58
116.76478722000766	1.58
86.57904485755095	1.58
157.29961485971177	1.58
80.5671474905433	1.58
108.69954138282357	1.58
86.56522213207283	1.58
153.92873688986086	1.58
88.31432151149039	1.58
103.13711495537343	1.58
87.13134502565336	1.58
153.92873688986086	1.58
77.85466289201501	1.58
69.69286478514812	1.58
93.42114044646938	1.58
153.92873688986086	1.58
78.20867469434918	1.58
69.69286478514812	1.58
93.42114044646938	1.58
153.92873688986086	1.58
77.72827746622369	1.58
72.48559063147488	1.58
93.42114044646938	1.58
141.67200307377232	1.58
76.70354166014745	1.58
73.42865443522724	1.58
93.42114044646938	1.58
141.67200307377232	1.58
76.70354166014745	1.58
74.20400169708068	1.58
108.31937310830422	1.58
141.67200307377232	1.58
83.6480003702116	1.58
73.0568541285429	1.58
75.26830648639387	1.58
141.67200307377232	1.58
85.07158094189668	1.58
73.0568541285429	1.58
75.26830648639387	1.58
157.82950085582195	1.58
93.97695395267279	1.58
74.99138763954626	1.58
75.26830648639387	1.58
157.82950085582195	1.58
93.97695395267279	1.58
77.6516411959644	1.58
81.54640976461785	1.58
157.82950085582195	1.58
102.63326334588307	1.58
105.63580280986204	1.58
90.71125698563081	1.58
143.53533072628738	1.58
102.63326334588307	1.58
81.83010825873318	1.58
96.2803579110539	1.58
148.74905913068892	1.58
102.86398779412718	1.58
81.83010825873318	1.58
78.6910390109668	1.58
138.12262467493494	1.58
107.66931060104743	1.58
107.91675355368065	1.58
83.8284173385762	1.58
138.12262467493494	1.58
107.60241458564856	1.58
114.70129284581066	1.58
85.2173633229924	1.58
157.93963247695402	1.58
112.29121714681116	1.58
101.729528246845	1.58
85.2173633229924	1.58
157.93963247695402	1.58
137.21819996316628	1.58
102.48695342499374	1.58
85.2173633229924	1.58
151.92100421449354	1.58
134.244137153594	1.58
81.32507760530007	1.58
89.66168382449723	1.58
151.92100421449354	1.58
134.244137153594	1.58
106.85016560504368	1.58
76.4394156743946	1.58
151.92100421449354	1.58
132.3601094048649	1.58
106.85016560504368	1.58
73.18929068555201	1.58
151.92100421449354	1.58
121.55619004823859	1.58
97.46494808984411	1.58
73.18929068555201	1.58
151.92100421449354	1.58
133.80220774921716	1.58
97.46494808984411	1.58
73.18929068555201	1.58
113.24304614824092	1.58
133.80220774921716	1.58
95.37501747545237	1.58
91.7088467804902	1.58
112.06752109685584	1.58
153.81503822838016	1.58
88.32483854478583	1.58
94.38837287744356	1.58
112.06752109685584	1.58
153.81503822838016	1.58
98.048436289042	1.58
92.64455654160983	1.58
119.90942233638185	1.58
153.81503822838016	1.58
77.6698197787893	1.58
92.64455654160983	1.58
111.71867257265222	1.58
153.81503822838016	1.58
107.31044589842664	1.58
92.64455654160983	1.58
104.29787230735914	1.58
153.81503822838016	1.58
107.31044589842664	1.58
92.64455654160983	1.58
105.02190418437331	1.58
153.81503822838016	1.58
108.85252299046176	1.58
92.64455654160983	1.58
106.12109893552602	1.58
153.81503822838016	1.58
99.36450926970798	1.58
92.64455654160983	1.58
106.12109893552602	1.58
153.81503822838016	1.58
95.25852967313874	1.58
98.38183996759834	1.58
112.64961244557816	1.58
153.81503822838016	1.58
84.79955512722985	1.58
95.59233045252205	1.58
105.41837638521123	1.58
153.81503822838016	1.58
82.0151355359705	1.58
95.59233045252205	1.58
101.44811715759866	1.58
153.81503822838016	1.58
72.65796003585818	1.58
93.68042979382672	1.58
106.99226660083707	1.58
153.81503822838016	1.58
72.65796003585818	1.58
93.68042979382672	1.58
106.99226660083707	1.58
153.81503822838016	1.58
72.65796003585818	1.58
81.7103560908656	1.58
102.3315847869996	1.58
153.81503822838016	1.58
72.65796003585818	1.58
80.36529182348261	1.58
102.3315847869996	1.58
154.48470720179233	1.58
109.30712178764556	1.58
77.5101075688962	1.58
94.74534694221812	1.58
154.48470720179233	1.58
109.40208197150925	1.58
78.14313946514243	1.58
97.91824400285022	1.58
143.70173590126763	1.58
109.40208197150925	1.58
78.14313946514243	1.58
92.02930113650926	1.58
143.70173590126763	1.58
104.50514433269294	1.58
78.14313946514243	1.58
90.66730328216632	1.58
127.03644357056055	1.58
106.46060752898948	1.58
70.76975446931093	1.58
90.66730328216632	1.58
112.93311070097756	1.58
105.16037749075431	1.58
70.76975446931093	1.58
82.31972817519464	1.58
109.28875356813786	1.58
105.16037749075431	1.58
70.76975446931093	1.58
75.46103437810208	1.58
106.13901884048906	1.58
98.62726475243925	1.58
82.83713406284541	1.58
72.23479721742984	1.58
107.88059391450106	1.58
90.19357568391455	1.58
82.22256676775433	1.58
72.23479721742984	1.58
107.88059391450106	1.58
90.19357568391455	1.58
82.22256676775433	1.58
72.23479721742984	1.58
103.11587749860007	1.58
90.19357568391455	1.58
82.22256676775433	1.58
72.23479721742984	1.58
101.22507231670264	1.58
98.35075843682272	1.58
82.22256676775433	1.58
68.62323504056612	1.58
98.50616408727026	1.58
98.30160083464038	1.58
78.29925130514985	1.58
71.49806994322421	1.58
90.59436081033043	1.58
98.30160083464038	1.58
80.35916040961277	1.58
72.69055194805115	1.58
89.88600699930988	1.58
98.30160083464038	1.58
75.80253632205054	1.58
72.69055194805115	1.58
89.88600699930988	1.58
96.55109596239402	1.58
76.19304152555605	1.58
72.69055194805115	1.58
84.70311691165233	1.58
112.38265372368917	1.58
80.18697883150227	1.58
72.69055194805115	1.58
85.26395270395047	1.58
123.87789683708684	1.58
87.06231158486771	1.58
72.69055194805115	1.58
84.50276758113634	1.58
151.7690266428708	1.58
94.92580193244547	1.58
75.1625484068382	1.58
84.7152253052532	1.58
118.98220670188118	1.58
94.92580193244547	1.58
82.90656082272612	1.58
85.14052963686423	1.58
139.58601121868645	1.58
94.92580193244547	1.58
82.90656082272612	1.58
85.14052963686423	1.58
156.3074879693796	1.58
91.53822434358902	1.58
82.90656082272612	1.58
85.14052963686423	1.58
156.3074879693796	1.58
94.31897598873229	1.58
82.90656082272612	1.58
85.14052963686423	1.58
120.83919704348841	1.58
100.94982707186496	1.58
82.90656082272612	1.58
81.7473077050747	1.58
119.08675597743445	1.58
100.94982707186496	1.58
83.0887523600905	1.58
81.7473077050747	1.58
141.47249830956883	1.58
117.92082423055214	1.58
98.49491082396108	1.58
87.83373690525195	1.58
152.6583953370669	1.58
106.7303463531757	1.58
124.10038156526859	1.58
97.56232668263874	1.58
152.6583953370669	1.58
106.30350665975324	1.58
124.10038156526859	1.58
97.56232668263874	1.58
152.6583953370669	1.58
102.0979698778954	1.58
134.10875367090938	1.58
99.38041875196953	1.58
148.37881877919418	1.58
102.0979698778954	1.58
129.84063857090553	1.58
99.38041875196953	1.58
148.37881877919418	1.58
102.63562350432574	1.58
127.95219832706084	1.58
99.38041875196953	1.58
148.37881877919418	1.58
110.69804448020139	1.58
122.25383598830403	1.58
106.8883062533005	1.58
148.37881877919418	1.58
111.02198225525035	1.58
98.45092627740166	1.58
105.50434245638625	1.58
148.37881877919418	1.58
112.45098689739068	1.58
110.31527806440306	1.58
99.6217491063205	1.58
148.37881877919418	1.58
123.38963926174473	1.58
105.47482580057755	1.58
107.41933149972648	1.58
148.37881877919418	1.58
125.47542043536563	1.58
105.47482580057755	1.58
90.1924306226249	1.58
148.37881877919418	1.58
125.50240506956476	1.58
105.47482580057755	1.58
90.1924306226249	1.58
148.37881877919418	1.58
112.9920942540073	1.58
108.63891023515481	1.58
88.3566889843587	1.58
148.37881877919418	1.58
103.74830666172944	1.58
111.41970722723325	1.58
91.28828723081676	1.58
148.37881877919418	1.58
98.69489231053569	1.58
90.67071535080902	1.58
97.00179933915524	1.58
148.37881877919418	1.58
100.31946160432943	1.58
84.60212794502456	1.58
104.80269260136703	1.58
154.93122132452072	1.58
107.86915669407874	1.58
107.68164850200374	1.58
72.87152933413674	1.58
154.93122132452072	1.58
107.81000371460446	1.58
107.64636105557322	1.58
72.87152933413674	1.58
154.93122132452072	1.58
107.81000371460446	1.58
107.67735240165062	1.58
72.87152933413674	1.58
154.93122132452072	1.58
107.76401889497691	1.58
106.36760322840496	1.58
72.87152933413674	1.58
144.326851914347	1.58
107.63768544789534	1.58
105.15262368625534	1.58
72.01543113096814	1.58
143.34327655964634	1.58
107.63768544789534	1.58
88.18493838231072	1.58
68.39436622230275	1.58
143.34327655964634	1.58
107.63768544789534	1.58
95.08953300772319	1.58
68.39436622230275	1.58
143.34327655964634	1.58
106.81784953319944	1.58
105.0252570746569	1.58
68.39436622230275	1.58
143.34327655964634	1.58
106.73941397237898	1.58
105.5891572334161	1.58
68.39436622230275	1.58
148.73283403123256	1.58
106.73941397237898	1.58
69.54450422587519	1.58
68.39436622230275	1.58
145.37103431102003	1.58
106.73941397237898	1.58
67.7653817131445	1.58
76.69554107632524	1.58
145.37103431102003	1.58
122.62226147197346	1.58
67.7653817131445	1.58
76.69554107632524	1.58
136.8701236148123	1.58
151.9514447318934	1.58
101.37470963936647	1.58
76.69554107632524	1.58
138.24073654402173	1.58
151.9514447318934	1.58
101.37470963936647	1.58
76.69554107632524	1.58
138.24073654402173	1.58
145.5068179434711	1.58
69.59855827799392	1.58
71.103668824583	1.58
107.77069225604329	1.58
115.94653378633944	1.58
69.59855827799392	1.58
71.103668824583	1.58
124.41335075359055	1.58
128.92189799391753	1.58
69.59855827799392	1.58
83.9945955005071	1.58
97.68329668112054	1.58
142.05641011838551	1.58
69.59855827799392	1.58
82.48509433123377	1.58
87.43925673474392	1.58
142.05641011838551	1.58
69.59855827799392	1.58
83.18887762528742	1.58
91.65995741998653	1.58
142.05641011838551	1.58
69.59855827799392	1.58
83.18887762528742	1.58
100.06956933682604	1.58
142.05641011838551	1.58
69.59855827799392	1.58
81.25704713818209	1.58
116.11143290585973	1.58
120.36653186787218	1.58
72.75975574425709	1.58
92.5375020272005	1.58
97.53005553143244	1.58
120.36653186787218	1.58
72.75975574425709	1.58
91.56297025392367	1.58
97.53005553143244	1.58
136.2942416687659	1.58
82.04136736803909	1.58
91.56297025392367	1.58
96.74620028589301	1.58
142.32646541591532	1.58
86.35588669952887	1.58
87.73058766453477	1.58
94.30730086808542	1.58
148.9328689767164	1.58
90.3008365535466	1.58
87.03167195343573	1.58
98.23044550295764	1.58
134.42131618713833	1.58
90.3008365535466	1.58
87.03167195343573	1.58
96.42516581155274	1.58
135.42981204904328	1.58
90.3008365535466	1.58
80.61384211135353	1.58
104.93643535972788	1.58
135.42981204904328	1.58
77.7508177891723	1.58
83.99496294823797	1.58
107.3307582316987	1.58
127.06804711163036	1.58
77.7508177891723	1.58
83.99496294823797	1.58
107.3307582316987	1.58
113.33268086157506	1.58
77.7508177891723	1.58
83.99496294823797	1.58
125.59545618627453	1.58
141.24981982656337	1.58
77.7508177891723	1.58
103.00223073850434	1.58
128.05207248542294	1.58
141.24981982656337	1.58
79.89278102596103	1.58
103.00223073850434	1.58
111.83319350043413	1.58
133.868347257173	1.58
79.89278102596103	1.58
103.00223073850434	1.58
111.83319350043413	1.58
139.81380955704256	1.58
79.89278102596103	1.58
100.57263019435754	1.58
109.74198277878158	1.58
141.54333031916656	1.58
79.89278102596103	1.58
92.5295340000174	1.58
109.74198277878158	1.58
141.54333031916656	1.58
79.89278102596103	1.58
87.7855007970788	1.58
109.74198277878158	1.58
118.16604834513052	1.58
86.4201726895137	1.58
88.29374394870457	1.58
112.42026385825822	1.58
139.7002062553109	1.58
86.13708141479421	1.58
108.80104004495202	1.58
112.07001337543116	1.58
139.7002062553109	1.58
88.02469599048416	1.58
109.74111781588147	1.58
106.4955663283651	1.58
139.7002062553109	1.58
89.74600957738232	1.58
123.74986685401817	1.58
101.92730794074367	1.58
139.7002062553109	1.58
107.71017702058641	1.58
107.86347252277471	1.58
101.71002402916159	1.58
130.61258457580175	1.58
109.7653281875492	1.58
107.40391578913739	1.58
101.13220250186454	1.58
131.77202361909124	1.58
112.36273766553944	1.58
104.75299696055619	1.58
102.40574217363347	1.58
157.31016058782703	1.58
116.32602542071335	1.58
105.08686741835717	1.58
103.41672538938911	1.58
157.31016058782703	1.58
122.77241719097606	1.58
105.08686741835717	1.58
102.54067911806757	1.58
157.31016058782703	1.58
122.77241719097606	1.58
105.08686741835717	1.58
102.54067911806757	1.58
155.1356982670417	1.58
121.86404908516329	1.58
104.52869509614541	1.58
103.48327489380988	1.58
156.17430447927393	1.58
128.16204169597725	1.58
99.90524838535694	1.58
90.79426001834017	1.58
145.1476745671691	1.58
128.16204169597725	1.58
107.52007246728076	1.58
90.79426001834017	1.58
151.34463721482223	1.58
148.05297508173084	1.58
112.19236202542125	1.58
90.79426001834017	1.58
151.1617949856206	1.58
149.59409029994094	1.58
121.08599928953294	1.58
82.99476856484019	1.58
152.0190923203032	1.58
149.59409029994094	1.58
120.35777792790148	1.58
82.99476856484019	1.58
152.0190923203032	1.58
149.59409029994094	1.58
104.854348380449	1.58
87.0068100309978	1.58
152.0190923203032	1.58
148.75189666075664	1.58
104.854348380449	1.58
81.29447944110271	1.58
153.41890024822723	1.58
116.89581949314424	1.58
104.854348380449	1.58
74.98942716759294	1.58
153.41890024822723	1.58
100.36005383333827	1.58
104.854348380449	1.58
74.98942716759294	1.58
153.41890024822723	1.58
91.70884327441621	1.58
86.83494113500109	1.58
80.04499660741534	1.58
144.6523057044922	1.58
77.2638125838996	1.58
87.03264216766871	1.58
75.81272951726382	1.58
140.0736518268296	1.58
77.46093475014995	1.58
86.16494246786067	1.58
75.57108088433888	1.58
140.0736518268296	1.58
77.46093475014995	1.58
86.16494246786067	1.58
75.57108088433888	1.58
145.2666057495832	1.58
78.53722182470094	1.58
86.16494246786067	1.58
73.81973982615439	1.58
145.2666057495832	1.58
78.53722182470094	1.58
90.16969992301199	1.58
72.50856379698705	1.58
150.6715543232229	1.58
96.8991246527973	1.58
82.33788804928002	1.58
72.50856379698705	1.58
150.6715543232229	1.58
96.8991246527973	1.58
86.69544519036572	1.58
72.50856379698705	1.58
150.6715543232229	1.58
120.99435835956257	1.58
86.69544519036572	1.58
72.50856379698705	1.58
140.15983150687873	1.58
101.21541602917259	1.58
87.36600318314213	1.58
85.09400281321751	1.58
140.15983150687873	1.58
93.25831768286444	1.58
87.36600318314213	1.58
86.55806813312304	1.58
156.3245030261286	1.58
94.19886860841349	1.58
87.36600318314213	1.58
86.88190054115346	1.58
146.80698794596628	1.58
94.19886860841349	1.58
103.73650781593224	1.58
86.88190054115346	1.58
142.1219612075235	1.58
93.67397822795859	1.58
116.90668648081275	1.58
80.61874364368911	1.58
147.94726558342057	1.58
93.67397822795859	1.58
125.00142583135171	1.58
72.18502918738784	1.58
147.94726558342057	1.58
93.67397822795859	1.58
131.74733627400067	1.58
74.19042914117401	1.58
151.35684952398043	1.58
95.97199155147945	1.58
109.7175736073051	1.58
74.19042914117401	1.58
151.35684952398043	1.58
97.63085528231238	1.58
109.7175736073051	1.58
74.19042914117401	1.58
151.35684952398043	1.58
99.56130493843804	1.58
102.46877714923869	1.58
74.19042914117401	1.58
151.35684952398043	1.58
72.66345085792517	1.58
103.70977148335419	1.58
74.19042914117401	1.58
129.0031327879726	1.58
72.09909190136476	1.58
118.80669424188042	1.58
73.65242486477172	1.58
120.39503313155228	1.58
78.91727783492183	1.58
118.46356052764044	1.58
82.44740575530872	1.58
120.39503313155228	1.58
78.91727783492183	1.58
118.78128436202864	1.58
81.04623741809542	1.58
120.22981150079936	1.58
78.57993727756234	1.58
119.10753408162167	1.58
81.04623741809542	1.58
111.01895805276351	1.58
78.57993727756234	1.58
136.56288113584128	1.58
80.37418129502406	1.58
111.01895805276351	1.58
78.57993727756234	1.58
142.22632389662778	1.58
81.42836762887238	1.58
111.01895805276351	1.58
78.57993727756234	1.58
142.22632389662778	1.58
83.387420665934	1.58
108.39225232217933	1.58
78.57993727756234	1.58
130.36518003784715	1.58
102.3842798153436	1.58
108.39225232217933	1.58
78.57993727756234	1.58
125.13651207713022	1.58
87.87609268940383	1.58
126.1411564997255	1.58
71.59846231042935	1.58
125.55091896726096	1.58
87.87609268940383	1.58
126.24043119292904	1.58
71.59846231042935	1.58
151.14918998139936	1.58
97.51759854443077	1.58
117.85741421067854	1.58
71.59846231042935	1.58
151.14918998139936	1.58
89.67133190841926	1.58
129.4317820708633	1.58
71.20310843325863	1.58
151.14918998139936	1.58
89.67133190841926	1.58
100.45920333133512	1.58
82.53710599151626	1.58
151.14918998139936	1.58
89.67133190841926	1.58
100.52904138517968	1.58
76.49918547026199	1.58
151.14918998139936	1.58
83.73540592707954	1.58
118.34812640335795	1.58
77.76493537944728	1.58
151.14918998139936	1.58
83.73540592707954	1.58
101.97605193470562	1.58
77.76493537944728	1.58
151.14918998139936	1.58
83.73540592707954	1.58
116.29915205372413	1.58
81.83762988752477	1.58
127.00634400548961	1.58
82.79834437203408	1.58
138.0424136280086	1.58
81.83762988752477	1.58
131.37801868286235	1.58
83.17120605777961	1.58
138.0424136280086	1.58
81.83762988752477	1.58
140.17051393875587	1.58
83.87124201800447	1.58
138.0424136280086	1.58
81.25547391644338	1.58
140.17051393875587	1.58
85.85038169459888	1.58
146.36452860121676	1.58
93.29338847590304	1.58
140.3114282857656	1.58
78.87913002974844	1.58
146.36452860121676	1.58
105.41982744601208	1.58
140.3114282857656	1.58
81.82372939418542	1.58
146.36452860121676	1.58
105.41982744601208	1.58
139.38375557639017	1.58
66.1468021373764	1.58
151.1766941049321	1.58
105.41982744601208	1.58
144.15788599828522	1.58
66.1468021373764	1.58
157.33811280359723	1.58
105.41982744601208	1.58
144.15788599828522	1.58
93.66792760193982	1.58
157.33811280359723	1.58
105.41982744601208	1.58
144.15788599828522	1.58
114.48026234818627	1.58
157.33811280359723	1.58
76.97770801406452	1.58
144.35670593131496	1.58
105.05058876816213	1.58
157.33811280359723	1.58
87.63475186283335	1.58
149.96341892270615	1.58
101.19544457844361	1.58
157.33811280359723	1.58
87.39883701672834	1.58
150.04011919440268	1.58
76.87569092208872	1.58
158.13545946791234	1.58
87.39883701672834	1.58
150.04011919440268	1.58
113.24247214302812	1.58
158.13545946791234	1.58
80.10783218217966	1.58
146.8516745723477	1.58
113.17950509661553	1.58
126.62496531592666	1.58
80.10783218217966	1.58
145.63394132014113	1.58
136.48607914246307	1.58
143.0996116742209	1.58
89.30614433537261	1.58
141.56024669988318	1.58
137.72114598357044	1.58
144.52320349269246	1.58
91.4012008765889	1.58
141.56024669988318	1.58
137.46463611719003	1.58
144.52320349269246	1.58
91.4012008765889	1.58
141.56024669988318	1.58
136.52677360627013	1.58
144.52320349269246	1.58
91.4012008765889	1.58
143.28422646534972	1.58
128.57387236594212	1.58
144.52320349269246	1.58
90.62117679445103	1.58
139.3678043255376	1.58
118.11105771026581	1.58
146.3413610024236	1.58
90.62117679445103	1.58
139.6080984563011	1.58
127.52274903168421	1.58
143.73940849344154	1.58
90.62117679445103	1.58
140.80167422239947	1.58
126.76290187299875	1.58
143.73940849344154	1.58
108.22037436267291	1.58
142.54555921361663	1.58
126.76290187299875	1.58
135.2548420839397	1.58
110.1522774102125	1.58
139.65655666261875	1.58
120.80841637155852	1.58
132.77882406812398	1.58
89.41654879207448	1.58
143.73879438772272	1.58
119.76066320064244	1.58
125.65682857175781	1.58
89.41654879207448	1.58
143.73879438772272	1.58
114.20907129783647	1.58
107.98723065791648	1.58
89.41654879207448	1.58
152.25090352440117	1.58
92.92151777720511	1.58
102.86510321799997	1.58
87.69596749661919	1.58
130.9910856622319	1.58
92.92151777720511	1.58
100.92718191461945	1.58
87.69596749661919	1.58
147.1785680724284	1.58
100.6442782479758	1.58
99.99046122009788	1.58
86.38940636810264	1.58
147.1785680724284	1.58
94.89981259571806	1.58
75.21230437329905	1.58
86.38940636810264	1.58
147.1785680724284	1.58
102.83251387027954	1.58
71.18646709927096	1.58
92.21623783436078	1.58
153.40378158975884	1.58
105.16794453333591	1.58
71.18646709927096	1.58
89.25332680465594	1.58
154.4592578937403	1.58
105.16794453333591	1.58
91.70711207903214	1.58
76.172098074888	1.58
154.4592578937403	1.58
105.16794453333591	1.58
103.88809703429249	1.58
82.146240707646	1.58
138.2079223989071	1.58
105.16794453333591	1.58
115.32288422975668	1.58
95.56049630746426	1.58
155.40140367777047	1.58
107.89534384180583	1.58
115.22513709810553	1.58
94.44534711255896	1.58
142.18052552110618	1.58
107.89534384180583	1.58
128.41234255782376	1.58
87.2944290150239	1.58
150.2873559276468	1.58
107.89534384180583	1.58
118.95872064356652	1.58
94.65899420808121	1.58
151.61179550484076	1.58
112.13593833858337	1.58
116.44225735854701	1.58
94.65899420808121	1.58
157.8427369735152	1.58
91.64599227333085	1.58
137.22984941834096	1.58
97.26200920860414	1.58
151.55721140845742	1.58
90.39116940960882	1.58
136.46303635972248	1.58
94.8750256635289	1.58
148.16914462187424	1.58
86.78388697025308	1.58
136.46303635972248	1.58
94.8750256635289	1.58
148.16914462187424	1.58
88.26025317966098	1.58
136.86404254163648	1.58
95.69833589699834	1.58
148.16914462187424	1.58
103.82549462845307	1.58
136.86404254163648	1.58
94.65368441569377	1.58
152.02154796350555	1.58
103.82549462845307	1.58
136.36001429937366	1.58
98.79697937301951	1.58
129.7122073078809	1.58
103.82549462845307	1.58
135.02622237365614	1.58
89.62680932502111	1.58
126.67111761443016	1.58
103.82549462845307	1.58
140.37462049950082	1.58
77.02597921128398	1.58
125.16088523987443	1.58
99.6443724978909	1.58
140.37462049950082	1.58
77.02597921128398	1.58
122.29530189221546	1.58
103.42115436656898	1.58
150.93000249211735	1.58
87.738673663238	1.58
123.77464988939201	1.58
97.86738221931006	1.58
150.93000249211735	1.58
90.49162388454702	1.58
109.51547880901762	1.58
97.00474982306405	1.58
150.93000249211735	1.58
94.12552336692656	1.58
101.4499067796602	1.58
97.00474982306405	1.58
150.93000249211735	1.58
93.21064601621384	1.58
103.87475079981986	1.58
90.94604166760566	1.58
150.93000249211735	1.58
110.27677070832317	1.58
95.46586132524405	1.58
88.55037687191246	1.58
150.93000249211735	1.58
103.8769238504458	1.58
95.46586132524405	1.58
88.55037687191246	1.58
150.93000249211735	1.58
110.74290191649828	1.58
94.37572107188808	1.58
93.93291138993732	1.58
150.93000249211735	1.58
113.71322725978955	1.58
94.71284044573504	1.58
93.84331053339584	1.58
150.93000249211735	1.58
92.64886721526523	1.58
94.64633023493656	1.58
93.9401982897761	1.58
150.93000249211735	1.58
105.5136916575888	1.58
94.64633023493656	1.58
93.9401982897761	1.58
145.18108468222218	1.58
104.15416080520254	1.58
89.99210054350104	1.58
97.48946778006001	1.58
138.34309674854694	1.58
104.15416080520254	1.58
84.52233410270176	1.58
99.26867883907978	1.58
128.2809863020588	1.58
104.26292448136662	1.58
78.5094564763814	1.58
100.59727813446302	1.58
145.9969440608767	1.58
106.61575689734141	1.58
78.5094564763814	1.58
112.75440849763987	1.58
142.05663763290045	1.58
109.92955030280324	1.58
78.5094564763814	1.58
114.46730823108543	1.58
142.05663763290045	1.58
107.5792391936008	1.58
94.64747680074603	1.58
121.0969097254119	1.58
142.05663763290045	1.58
73.24173124767051	1.58
102.42002184416363	1.58
117.06524138250404	1.58
123.9433543734367	1.58
73.24173124767051	1.58
102.42002184416363	1.58
111.47875888231206	1.58
141.30172431174407	1.58
74.43564241295879	1.58
81.85288872951452	1.58
120.00853362291781	1.58
107.89879660136023	1.58
86.92708267089269	1.58
87.06544156588808	1.58
138.97570622711777	1.58
101.8582251960973	1.58
80.09038973079603	1.58
88.49799606770304	1.58
138.97570622711777	1.58
112.887630695292	1.58
80.09038973079603	1.58
76.92398107284424	1.58
138.97570622711777	1.58
99.8581597726706	1.58
80.09038973079603	1.58
76.92398107284424	1.58
138.97570622711777	1.58
106.25572012733973	1.58
70.70020613220382	1.58
81.55871956867676	1.58
138.97570622711777	1.58
106.25572012733973	1.58
70.70020613220382	1.58
81.55871956867676	1.58
122.49412052670922	1.58
106.25572012733973	1.58
70.70020613220382	1.58
76.4308917551851	1.58
117.09144197052481	1.58
106.25572012733973	1.58
69.91107779509188	1.58
71.04334184394948	1.58
101.59224491187622	1.58
127.11808341768699	1.58
69.91107779509188	1.58
71.04334184394948	1.58
101.59224491187622	1.58
117.23377123695869	1.58
69.91107779509188	1.58
71.04334184394948	1.58
