56.78801322653886	1.58
52.41180074562208	1.58
40.56911554559785	1.58
51.01242695059839	1.58
56.78801322653886	1.58
54.6393397450161	1.58
40.56911554559785	1.58
51.71551706239197	1.58
54.353040518840245	1.58
57.56701475402204	1.58
41.4737982387754	1.58
50.40262417187953	1.58
54.353040518840245	1.58
57.56701475402204	1.58
41.4737982387754	1.58
49.79006554468764	1.58
54.353040518840245	1.58
60.81394579867449	1.58
41.4737982387754	1.58
50.84457599518199	1.58
53.61725683553246	1.58
65.90864156521445	1.58
41.4737982387754	1.58
49.55057337897005	1.58
62.24950549177551	1.58
66.03009037086456	1.58
41.4737982387754	1.58
54.154337609311305	1.58
64.06237960685057	1.58
55.741784625838676	1.58
41.4737982387754	1.58
56.546584238859545	1.58
64.06237960685057	1.58
58.76210133447722	1.58
41.4737982387754	1.58
56.02298115270962	1.58
65.30099155478189	1.58
62.713368708194	1.58
41.4737982387754	1.58
52.49090674873418	1.58
55.22874232242753	1.58
68.95207100775872	1.58
32.412758211808196	1.58
52.003274372906326	1.58
53.81359144732236	1.58
68.95207100775872	1.58
49.71455347497253	1.58
55.96495796647162	1.58
54.61598283369376	1.58
64.19799725390749	1.58
52.45042017920055	1.58
54.308780859556364	1.58
54.70885899605831	1.58
64.19799725390749	1.58
53.1045416679283	1.58
54.457678570360905	1.58
54.67144412389021	1.58
64.19799725390749	1.58
51.875113149637606	1.58
58.471333631663626	1.58
51.92147403011981	1.58
64.19799725390749	1.58
51.87318076229661	1.58
57.899263737659425	1.58
48.70908558795886	1.58
65.47379752271942	1.58
57.41331603241527	1.58
59.672206855424484	1.58
53.730146771178944	1.58
64.65529596539812	1.58
60.60221247321812	1.58
55.062974162642284	1.58
51.68527935189494	1.58
65.97593677851174	1.58
60.60221247321812	1.58
54.58744555436937	1.58
51.412872848630194	1.58
65.60523058182918	1.58
60.571918461363175	1.58
54.58744555436937	1.58
50.61183050127433	1.58
64.96709629996028	1.58
56.753315709128415	1.58
54.58744555436937	1.58
48.36564274970295	1.58
64.96709629996028	1.58
53.01671988321509	1.58
54.58744555436937	1.58
46.7081052684418	1.58
68.2912396674378	1.58
56.20076233737089	1.58
53.192576435158074	1.58
50.895452553914865	1.58
68.2912396674378	1.58
57.538220042088746	1.58
53.192576435158074	1.58
48.92356523019177	1.58
68.2912396674378	1.58
56.793211521327805	1.58
53.192576435158074	1.58
48.975502043790875	1.58
68.2912396674378	1.58
56.793211521327805	1.58
53.192576435158074	1.58
48.975502043790875	1.58
68.2912396674378	1.58
58.97644994642678	1.58
58.65029891336532	1.58
48.975502043790875	1.58
64.12135720353683	1.58
58.97644994642678	1.58
60.166414281149635	1.58
52.909968662287525	1.58
64.79607495763295	1.58
53.185878420961416	1.58
55.941987022220964	1.58
52.76300338166675	1.58
62.26815389340075	1.58
53.39514411734922	1.58
55.83690454593629	1.58
52.54065637756603	1.58
61.19082954945763	1.58
50.838667695391344	1.58
55.83690454593629	1.58
53.40897405029208	1.58
64.25782007329342	1.58
52.95545595292431	1.58
57.96158133472466	1.58
52.73037080435615	1.58
64.25782007329342	1.58
52.95545595292431	1.58
56.84767753675704	1.58
50.22153211863777	1.58
64.43563184162778	1.58
57.566908369857835	1.58
56.84767753675704	1.58
50.22153211863777	1.58
67.71645463173398	1.58
57.162284682881655	1.58
61.195275231725915	1.58
53.256010912132744	1.58
67.71645463173398	1.58
57.41822835919953	1.58
60.61273577129358	1.58
53.3825791762329	1.58
67.71645463173398	1.58
57.41822835919953	1.58
55.48124472130686	1.58
49.78132987217674	1.58
61.883304230514796	1.58
59.47566535107885	1.58
49.1615526489004	1.58
50.295002037941764	1.58
61.883304230514796	1.58
55.0935848578473	1.58
49.1615526489004	1.58
51.36629695097802	1.58
66.7938081228759	1.58
55.0935848578473	1.58
49.1615526489004	1.58
52.90266433884755	1.58
66.7938081228759	1.58
55.0935848578473	1.58
48.31566112923504	1.58
53.36116835396255	1.58
63.10828095505911	1.58
54.63295438493365	1.58
43.73256015593302	1.58
53.00450836786119	1.58
63.10828095505911	1.58
55.52634327766354	1.58
43.73256015593302	1.58
53.88011024772132	1.58
68.13074775895353	1.58
55.52634327766354	1.58
42.8230136042917	1.58
52.556555156840496	1.58
68.13074775895353	1.58
59.26311058892832	1.58
42.8230136042917	1.58
57.77185960572643	1.58
68.13074775895353	1.58
57.12558916516864	1.58
35.00896257503537	1.58
65.93316845883909	1.58
55.1985736233073	1.58
58.32271462907317	1.58
42.06353458226059	1.58
58.30626333614436	1.58
53.18445605462958	1.58
58.32271462907317	1.58
38.90965138968559	1.58
58.30626333614436	1.58
53.18445605462958	1.58
60.404467609132695	1.58
38.90965138968559	1.58
58.3503218764788	1.58
60.5489812124337	1.58
60.38058817043103	1.58
38.90965138968559	1.58
58.3503218764788	1.58
60.5489812124337	1.58
60.52166350171339	1.58
38.90965138968559	1.58
57.41875267091861	1.58
49.88638568161279	1.58
60.033099890894945	1.58
38.16459168389779	1.58
54.85903909246905	1.58
54.48190739202796	1.58
63.12036716488061	1.58
38.16459168389779	1.58
54.85903909246905	1.58
59.09219268003569	1.58
66.66098703439921	1.58
38.16459168389779	1.58
52.35309832752329	1.58
62.407186061177086	1.58
67.07577370556346	1.58
37.35236970813131	1.58
47.9433638196023	1.58
64.10233251128427	1.58
62.80316170530238	1.58
35.971297045218954	1.58
53.81379858501414	1.58
64.1444043129601	1.58
62.840417244219054	1.58
35.971297045218954	1.58
55.985031752542945	1.58
64.46301785415616	1.58
63.62168262801484	1.58
37.04494289352946	1.58
55.985031752542945	1.58
64.46301785415616	1.58
64.23691795180798	1.58
37.04494289352946	1.58
56.972434149896465	1.58
64.38104817299677	1.58
64.2514602304291	1.58
37.04494289352946	1.58
56.972434149896465	1.58
64.40637857313904	1.58
64.11561838960617	1.58
37.04494289352946	1.58
56.972434149896465	1.58
64.67702855480293	1.58
63.81183994131122	1.58
44.883006895863524	1.58
58.14804122717352	1.58
59.05206421966834	1.58
63.99603955264266	1.58
44.883006895863524	1.58
67.7769822698852	1.58
67.26929130910364	1.58
64.04127333507672	1.58
54.041913104558986	1.58
67.67561597927596	1.58
67.26929130910364	1.58
65.28036273431826	1.58
54.750281034113115	1.58
68.1155405429205	1.58
67.26929130910364	1.58
64.84067278118414	1.58
48.73903210691298	1.58
67.41252014607628	1.58
68.37609031676857	1.58
62.71833636055868	1.58
48.73903210691298	1.58
61.039130243426435	1.58
68.37609031676857	1.58
62.36478315006585	1.58
41.51958911582459	1.58
60.83165834834078	1.58
68.37609031676857	1.58
62.193147287581404	1.58
26.924582546916007	1.58
60.85421510558246	1.58
67.76410135854331	1.58
61.618922840547725	1.58
32.88742744326065	1.58
60.73384714320034	1.58
55.74518933133544	1.58
62.22913942554035	1.58
32.88742744326065	1.58
60.80524089667002	1.58
55.72435857575398	1.58
62.40832614061438	1.58
32.88742744326065	1.58
62.852709467462745	1.58
58.95516749930515	1.58
65.09756298723457	1.58
32.88742744326065	1.58
91.49610156741812	1.58
55.17985442179091	1.58
44.32134230142471	1.58
56.5808058998283	1.58
91.49610156741812	1.58
55.17985442179091	1.58
44.32134230142471	1.58
56.539107633696275	1.58
91.23876694690695	1.58
64.91234227706042	1.58
44.32134230142471	1.58
60.46397222173967	1.58
91.23876694690695	1.58
64.91234227706042	1.58
42.02470470261726	1.58
52.77498107412067	1.58
91.23876694690695	1.58
64.91234227706042	1.58
42.02470470261726	1.58
52.77498107412067	1.58
98.65124862312928	1.58
66.13735583612187	1.58
47.22404962931371	1.58
49.67741351116925	1.58
98.65124862312928	1.58
61.915528451576094	1.58
68.98542404833893	1.58
49.67741351116925	1.58
98.65124862312928	1.58
61.915528451576094	1.58
68.98542404833893	1.58
61.66092055081283	1.58
80.7448908073204	1.58
61.59681318449304	1.58
68.98542404833893	1.58
61.67399960364265	1.58
92.955444916539	1.58
61.57493863158659	1.58
68.98542404833893	1.58
61.73439171590093	1.58
99.26398540256217	1.58
61.57493863158659	1.58
68.98542404833893	1.58
61.73439171590093	1.58
99.26398540256217	1.58
62.78428944839966	1.58
68.98542404833893	1.58
60.819774833611	1.58
99.26398540256217	1.58
62.775987297215245	1.58
60.80214542926711	1.58
61.11648634677823	1.58
99.26398540256217	1.58
63.21399198060295	1.58
59.15323847124219	1.58
61.14122131620135	1.58
99.26398540256217	1.58
66.53796128899253	1.58
57.83697551220285	1.58
62.05244225895875	1.58
99.26398540256217	1.58
65.8219989594742	1.58
57.83697551220285	1.58
63.16136499983014	1.58
88.47741157976256	1.58
66.22240811972782	1.58
67.76984737944595	1.58
63.16136499983014	1.58
90.16304884387944	1.58
65.39900207359516	1.58
67.58525036468923	1.58
61.66716461585699	1.58
94.75262923852408	1.58
64.34776109911121	1.58
67.58525036468923	1.58
61.710964269281945	1.58
92.46511264685992	1.58
61.905174493920654	1.58
68.6916986186147	1.58
61.710964269281945	1.58
92.46511264685992	1.58
62.65624807226638	1.58
66.60425156146434	1.58
61.710964269281945	1.58
92.46511264685992	1.58
62.74091314012141	1.58
60.50666165622971	1.58
69.28956932069187	1.58
85.44181365593181	1.58
57.977719004154	1.58
52.94130151202318	1.58
69.28956932069187	1.58
87.2245512609017	1.58
59.402972563858555	1.58
52.94130151202318	1.58
69.28956932069187	1.58
95.53425685967696	1.58
57.63567171532221	1.58
52.94130151202318	1.58
70.51959978741003	1.58
95.53425685967696	1.58
61.3538638351921	1.58
52.94130151202318	1.58
66.04593841767297	1.58
95.53425685967696	1.58
63.42633248617444	1.58
57.38576842307287	1.58
66.4842436038575	1.58
89.73475648870917	1.58
62.39986659644394	1.58
59.47064570190968	1.58
64.74565815522409	1.58
92.74595221864834	1.58
63.421905830680465	1.58
54.89990698914641	1.58
64.61791454833129	1.58
89.18410250984107	1.58
63.421905830680465	1.58
46.69494116699522	1.58
64.72688798651056	1.58
98.64259909477276	1.58
63.151892154838734	1.58
46.69494116699522	1.58
63.94241268661514	1.58
98.64259909477276	1.58
63.151892154838734	1.58
46.69494116699522	1.58
64.38742805164686	1.58
98.64259909477276	1.58
63.151892154838734	1.58
46.69494116699522	1.58
58.02944970631041	1.58
98.89724169238815	1.58
55.63682736227113	1.58
46.69494116699522	1.58
58.02944970631041	1.58
98.89724169238815	1.58
61.60551611077163	1.58
52.937143432616416	1.58
58.02944970631041	1.58
98.89724169238815	1.58
58.82646646138568	1.58
52.937143432616416	1.58
58.02944970631041	1.58
98.89724169238815	1.58
58.56432861449349	1.58
52.937143432616416	1.58
55.738931031179895	1.58
98.89724169238815	1.58
60.92029258539896	1.58
46.423296628920625	1.58
55.738931031179895	1.58
98.27271244409565	1.58
59.25144749686256	1.58
50.33414187592162	1.58
55.738931031179895	1.58
98.27271244409565	1.58
60.50597728011854	1.58
54.944893024409055	1.58
54.87780308448945	1.58
81.17369369214526	1.58
61.331393432313575	1.58
49.31627308098788	1.58
54.87780308448945	1.58
91.14389561720404	1.58
63.44178443366307	1.58
66.67448921311109	1.58
49.19253685293789	1.58
91.14389561720404	1.58
63.44178443366307	1.58
68.28441044411211	1.58
54.372493110891554	1.58
91.14389561720404	1.58
63.44178443366307	1.58
68.48002952636875	1.58
64.87513822057214	1.58
97.21069039867666	1.58
60.17185636028833	1.58
64.79789835868168	1.58
56.57418565564319	1.58
81.37337969008246	1.58
59.78105362829011	1.58
65.33214187662134	1.58
61.96246248627946	1.58
93.53893126208331	1.58
60.73561465719047	1.58
67.08002836857351	1.58
61.96246248627946	1.58
88.84716250299266	1.58
60.31649452009642	1.58
67.08002836857351	1.58
58.89497332002779	1.58
81.92064265363993	1.58
60.89907439661266	1.58
66.73897659556835	1.58
59.857625495213206	1.58
85.44185196925973	1.58
55.75010404772808	1.58
65.93919885055791	1.58
66.01306573146343	1.58
85.44185196925973	1.58
49.02520675952468	1.58
65.93919885055791	1.58
52.36044346873802	1.58
85.44185196925973	1.58
49.86962315709936	1.58
65.93919885055791	1.58
52.88377621132249	1.58
99.49309769500383	1.58
48.173254420887275	1.58
65.93919885055791	1.58
52.88377621132249	1.58
99.49309769500383	1.58
50.435406543363804	1.58
62.63605332843682	1.58
54.664595357364526	1.58
96.30060207240395	1.58
50.595497493090484	1.58
63.86410430540897	1.58
63.340063511402235	1.58
90.73836849316618	1.58
50.595497493090484	1.58
67.53499002193246	1.58
64.25940634923573	1.58
83.89580239922299	1.58
51.59986627345323	1.58
51.52520240773451	1.58
58.889343305751396	1.58
75.55709852498157	1.58
51.583224177916534	1.58
51.47488150033788	1.58
55.49680909415059	1.58
67.82691894327496	1.58
51.835655165796176	1.58
51.25245384359615	1.58
60.62898916840686	1.58
74.93278931089878	1.58
52.19588556013069	1.58
50.745757771916345	1.58
66.11645377126274	1.58
92.11383992059369	1.58
52.966490988904056	1.58
49.38287096518637	1.58
63.15997075111116	1.58
94.33267282487616	1.58
56.20502508744411	1.58
45.33306577656879	1.58
57.695584243862264	1.58
94.33267282487616	1.58
54.873763049852975	1.58
59.3044731547659	1.58
59.22550370766796	1.58
94.33267282487616	1.58
53.63575204964627	1.58
59.58104084659118	1.58
62.06899940271489	1.58
94.33267282487616	1.58
48.953344483050756	1.58
64.25077446643301	1.58
63.876304596053984	1.58
97.52126225307249	1.58
42.465868855192426	1.58
64.25077446643301	1.58
63.876304596053984	1.58
97.52126225307249	1.58
42.465868855192426	1.58
68.51074460226417	1.58
54.213531685113075	1.58
97.52126225307249	1.58
44.277126575367426	1.58
68.51074460226417	1.58
54.213531685113075	1.58
78.57209947500495	1.58
44.277126575367426	1.58
71.8598763580021	1.58
52.33632660157095	1.58
88.57378396530424	1.58
44.277126575367426	1.58
94.80817424963459	1.58
50.07232388237504	1.58
100.98583421746821	1.58
39.41542456716898	1.58
90.03628715748403	1.58
50.07232388237504	1.58
78.40462903948365	1.58
39.41542456716898	1.58
91.96397870358643	1.58
61.528922967965535	1.58
77.58792550803805	1.58
39.41542456716898	1.58
98.61696291035179	1.58
61.528922967965535	1.58
69.58561326889986	1.58
39.41542456716898	1.58
98.61696291035179	1.58
53.35252840244362	1.58
69.58561326889986	1.58
38.5335164166558	1.58
98.42597650849052	1.58
61.4737411413346	1.58
66.04666701382897	1.58
48.93837869040348	1.58
98.42597650849052	1.58
59.64004838631907	1.58
66.95469101614508	1.58
48.93837869040348	1.58
92.62517776136539	1.58
57.716668568948535	1.58
51.4922616869039	1.58
48.93837869040348	1.58
92.62517776136539	1.58
59.222284807493224	1.58
58.10989256312422	1.58
49.68029272338194	1.58
94.01451851520908	1.58
59.167104209802005	1.58
57.2254617108745	1.58
49.68029272338194	1.58
76.1985245776663	1.58
60.98995437417456	1.58
64.83253846272106	1.58
53.16239202310186	1.58
76.95034362722228	1.58
59.029957526518075	1.58
66.11128180012254	1.58
54.072061268039086	1.58
78.6732786852269	1.58
56.54846537575336	1.58
65.94694237945366	1.58
64.1443931484287	1.58
87.70286493989599	1.58
57.211975440090335	1.58
65.94694237945366	1.58
68.53894380827549	1.58
87.70286493989599	1.58
55.70876457206216	1.58
55.818113692779086	1.58
68.53894380827549	1.58
87.70286493989599	1.58
55.73394386191469	1.58
57.70748391605832	1.58
64.05606628804732	1.58
96.9127223372295	1.58
49.71372879888309	1.58
57.70748391605832	1.58
64.05606628804732	1.58
81.85998268858083	1.58
49.71372879888309	1.58
65.07513973699928	1.58
64.05606628804732	1.58
97.59595613411419	1.58
49.71372879888309	1.58
65.75395428352107	1.58
46.37526986448847	1.58
99.58940728365722	1.58
49.79267773763278	1.58
65.75395428352107	1.58
46.37526986448847	1.58
99.58940728365722	1.58
49.747317740060886	1.58
65.75395428352107	1.58
46.37526986448847	1.58
102.02991670423484	1.58
49.99813030903579	1.58
57.9196501582455	1.58
43.52758482672185	1.58
102.02991670423484	1.58
52.003636453683086	1.58
61.79690407255217	1.58
40.84518017061252	1.58
102.0407009234143	1.58
51.477143400317814	1.58
58.953161258436616	1.58
39.932981086434964	1.58
102.68267897282917	1.58
53.129313661779975	1.58
58.953161258436616	1.58
39.932981086434964	1.58
102.68267897282917	1.58
61.34156253531707	1.58
59.6194635301941	1.58
40.17742628885749	1.58
82.9329597673686	1.58
59.631361029653505	1.58
59.608736780415974	1.58
56.712075204889544	1.58
76.746292378629	1.58
59.629609928116786	1.58
59.608736780415974	1.58
56.712075204889544	1.58
85.93325130751315	1.58
59.63247634887275	1.58
59.58511721196539	1.58
55.362344968169374	1.58
102.1971054556605	1.58
62.2701937305134	1.58
59.58511721196539	1.58
55.362344968169374	1.58
93.46478205034413	1.58
62.2701937305134	1.58
60.679929027636135	1.58
55.362344968169374	1.58
87.70875978259912	1.58
60.18462142502614	1.58
53.259754855386745	1.58
55.362344968169374	1.58
87.70875978259912	1.58
61.10362574656358	1.58
57.20527408182893	1.58
55.362344968169374	1.58
87.70875978259912	1.58
62.48997329325287	1.58
59.94877519460307	1.58
55.362344968169374	1.58
87.70875978259912	1.58
63.45532226245184	1.58
60.66478072028326	1.58
56.855697174270034	1.58
87.70875978259912	1.58
63.20418770995655	1.58
61.39349136765591	1.58
52.44308026797162	1.58
87.70875978259912	1.58
72.19329591981773	1.58
53.68240059809768	1.58
52.44308026797162	1.58
96.13761016024853	1.58
63.02925209809139	1.58
53.68240059809768	1.58
44.57992390743403	1.58
96.13761016024853	1.58
63.02925209809139	1.58
49.34911343710908	1.58
44.57992390743403	1.58
96.13761016024853	1.58
62.954711392876554	1.58
43.248415698796705	1.58
44.57992390743403	1.58
82.18470891933288	1.58
62.954711392876554	1.58
43.248415698796705	1.58
58.75502156327774	1.58
73.70738161937099	1.58
62.954711392876554	1.58
51.21720216479053	1.58
51.69206195913728	1.58
63.18985780186318	1.58
62.954711392876554	1.58
44.975650694968905	1.58
51.69206195913728	1.58
63.18985780186318	1.58
62.27077624498589	1.58
44.975650694968905	1.58
50.90385331833376	1.58
68.70842039778289	1.58
59.392980130144	1.58
44.975650694968905	1.58
49.91566107719092	1.58
68.70842039778289	1.58
56.817403538599834	1.58
50.135618953464125	1.58
48.223263484393414	1.58
62.36678013490567	1.58
57.04508229279882	1.58
51.50486547077996	1.58
50.92280397452984	1.58
56.9950045543897	1.58
57.91171708413317	1.58
52.81749575134815	1.58
50.92280397452984	1.58
56.9950045543897	1.58
57.050524562677055	1.58
53.128820700416455	1.58
50.790984848458535	1.58
56.9950045543897	1.58
56.47773698836841	1.58
52.402483291977646	1.58
52.07647094485242	1.58
55.221261601940896	1.58
56.24656415714124	1.58
51.415178698170934	1.58
50.46897307490846	1.58
58.91132927230505	1.58
56.476207837342216	1.58
54.06393602717488	1.58
50.21996650114881	1.58
59.41476124230815	1.58
56.37245146018466	1.58
53.074532431600915	1.58
44.505155128739844	1.58
61.169916072983135	1.58
66.386303184394	1.58
51.02543678263112	1.58
49.84787326047188	1.58
61.169916072983135	1.58
65.93384895633228	1.58
48.98137160614088	1.58
49.84787326047188	1.58
61.169916072983135	1.58
63.39930191518512	1.58
55.50546844532633	1.58
49.43330059603848	1.58
61.169916072983135	1.58
63.39930191518512	1.58
53.53191433620668	1.58
49.43330059603848	1.58
62.647155039079834	1.58
64.7219263013642	1.58
53.53191433620668	1.58
45.541736996099615	1.58
66.92156103428186	1.58
64.7219263013642	1.58
53.53191433620668	1.58
54.87106755949142	1.58
62.692495606952136	1.58
64.7219263013642	1.58
56.02424386212204	1.58
46.23235469615889	1.58
78.2965187906752	1.58
64.7219263013642	1.58
55.96606134032747	1.58
46.23235469615889	1.58
87.68711946876132	1.58
63.03748370412456	1.58
55.96606134032747	1.58
46.23235469615889	1.58
95.44891827447108	1.58
60.653294974088844	1.58
55.27079180288237	1.58
64.99363685523461	1.58
95.44891827447108	1.58
62.31940461621488	1.58
58.341517489542106	1.58
64.09664445658971	1.58
95.44891827447108	1.58
61.8945344493079	1.58
58.341517489542106	1.58
65.89546717767244	1.58
102.68867501273641	1.58
61.35886750533358	1.58
55.481601954646905	1.58
65.89546717767244	1.58
102.68867501273641	1.58
63.44437266247736	1.58
58.28968480785112	1.58
65.89546717767244	1.58
102.68867501273641	1.58
68.27103071566573	1.58
58.28968480785112	1.58
65.68957924901468	1.58
102.68867501273641	1.58
67.18317253979585	1.58
58.28968480785112	1.58
65.35666104113007	1.58
102.68867501273641	1.58
67.18317253979585	1.58
57.66676767145926	1.58
65.35666104113007	1.58
102.68867501273641	1.58
68.81525147650665	1.58
46.85253930254382	1.58
63.37794999626193	1.58
98.12724551164163	1.58
68.81525147650665	1.58
46.962997856062195	1.58
61.748572517641314	1.58
98.12724551164163	1.58
63.57599578916266	1.58
47.66151674310575	1.58
61.748572517641314	1.58
98.12724551164163	1.58
63.57599578916266	1.58
47.66151674310575	1.58
61.51211014152518	1.58
98.12724551164163	1.58
63.44094511467394	1.58
47.66151674310575	1.58
61.51211014152518	1.58
95.87706835243822	1.58
59.12443900374325	1.58
47.66151674310575	1.58
61.51211014152518	1.58
95.87706835243822	1.58
59.584752269313945	1.58
65.06507275982963	1.58
61.51211014152518	1.58
82.6312133738675	1.58
59.79425161017993	1.58
71.95568504939824	1.58
61.51211014152518	1.58
78.04408213195028	1.58
60.2561765790642	1.58
68.96570110903367	1.58
62.48812310907676	1.58
78.04408213195028	1.58
57.60134767094665	1.58
68.96570110903367	1.58
65.86775465412109	1.58
85.18874388058146	1.58
59.483545818789295	1.58
68.83090336317963	1.58
65.86775465412109	1.58
99.1212307967711	1.58
57.91867058834824	1.58
59.01710414791774	1.58
65.86775465412109	1.58
94.91622518901485	1.58
55.07330033048222	1.58
61.64263734757887	1.58
65.86775465412109	1.58
93.89613366149027	1.58
58.121180275661196	1.58
60.91268440804359	1.58
68.59310116060726	1.58
93.89613366149027	1.58
52.922035378078604	1.58
61.679685908864855	1.58
61.23647342877669	1.58
104.3123016515175	1.58
46.450426469910255	1.58
63.73648993080099	1.58
58.554481402240185	1.58
102.18151811145685	1.58
46.450426469910255	1.58
67.40423002455083	1.58
58.554481402240185	1.58
102.18151811145685	1.58
45.135814040597275	1.58
67.40423002455083	1.58
67.80190045733941	1.58
102.18151811145685	1.58
46.43977589021559	1.58
67.40423002455083	1.58
61.52361829471018	1.58
102.18151811145685	1.58
47.41433960922734	1.58
67.40423002455083	1.58
63.11014527967436	1.58
101.8888809897956	1.58
50.760869962899385	1.58
50.70973725611722	1.58
53.49210553956476	1.58
88.61985279660223	1.58
50.79067622283642	1.58
50.70973725611722	1.58
53.98639241272768	1.58
94.83703354335171	1.58
47.81763352385182	1.58
50.70973725611722	1.58
58.31986033401502	1.58
94.83703354335171	1.58
47.81763352385182	1.58
50.70973725611722	1.58
58.42714922063645	1.58
94.83703354335171	1.58
45.84369961100303	1.58
53.306783685988314	1.58
58.42714922063645	1.58
94.83703354335171	1.58
45.84369961100303	1.58
57.46859622244011	1.58
65.42764666544751	1.58
81.74829567490107	1.58
45.282355397553346	1.58
63.41442750432764	1.58
65.42764666544751	1.58
80.74738100414204	1.58
47.35276318095866	1.58
60.26142809058175	1.58
64.32836696135215	1.58
80.74738100414204	1.58
47.35276318095866	1.58
60.26142809058175	1.58
64.32836696135215	1.58
81.34699754572435	1.58
47.62611274631743	1.58
56.01135958726825	1.58
63.612892302324255	1.58
81.34699754572435	1.58
55.28475247343033	1.58
56.01135958726825	1.58
54.23965650859557	1.58
81.34699754572435	1.58
55.589051814723334	1.58
56.4915985364593	1.58
54.23965650859557	1.58
101.4311413307558	1.58
55.589051814723334	1.58
67.57379687759826	1.58
54.901643281504214	1.58
101.4311413307558	1.58
54.66066109503326	1.58
60.41574263108966	1.58
67.67607245485323	1.58
87.16011216030958	1.58
54.66066109503326	1.58
60.41574263108966	1.58
49.92154490460816	1.58
87.47749828114294	1.58
54.66066109503326	1.58
60.41574263108966	1.58
62.91664209092458	1.58
100.58155681465973	1.58
58.66820851627985	1.58
60.78323143360117	1.58
62.34130956912201	1.58
100.58155681465973	1.58
58.10140518034164	1.58
53.49295679710755	1.58
64.69846525224077	1.58
95.37403632066733	1.58
59.8659713973911	1.58
59.610817840217486	1.58
66.79704594489128	1.58
94.58148645114572	1.58
59.86740385928705	1.58
59.610817840217486	1.58
64.46930934172907	1.58
94.58148645114572	1.58
59.8854390103395	1.58
59.44118408907556	1.58
50.40184021792404	1.58
90.63742093562445	1.58
55.15338261989029	1.58
52.73017004479503	1.58
51.29124316610744	1.58
83.18553382450156	1.58
55.09361545342562	1.58
52.75264467620091	1.58
51.29124316610744	1.58
83.18553382450156	1.58
55.55582342689872	1.58
53.002121742909225	1.58
51.10404254292788	1.58
95.81514916078211	1.58
54.76263509752252	1.58
51.70805666421193	1.58
51.10404254292788	1.58
96.68450745677936	1.58
57.705642733060365	1.58
52.688656137519	1.58
46.003638895672275	1.58
96.68450745677936	1.58
59.572539664583914	1.58
54.39193400044921	1.58
45.13612463905935	1.58
80.68455811500047	1.58
59.572539664583914	1.58
51.13158437944084	1.58
58.36741635273146	1.58
87.70447216184064	1.58
59.572539664583914	1.58
53.42626478550223	1.58
58.38050484890556	1.58
70.81276425515203	1.58
59.936108668698814	1.58
56.471295334091934	1.58
56.66054586509849	1.58
80.26488526127163	1.58
59.936108668698814	1.58
55.06663459775465	1.58
56.57817249349049	1.58
83.92406842283535	1.58
60.502415477850754	1.58
55.06663459775465	1.58
56.57817249349049	1.58
83.92406842283535	1.58
59.88358206423175	1.58
54.611854158338346	1.58
41.22975801857878	1.58
76.81795420486299	1.58
59.88358206423175	1.58
64.28126482182377	1.58
41.5194783026047	1.58
74.56732672585423	1.58
58.27324767195935	1.58
64.70066767617186	1.58
41.5194783026047	1.58
77.33193634499952	1.58
58.27324767195935	1.58
64.70066767617186	1.58
45.55125188093807	1.58
63.51761219783316	1.58
58.27324767195935	1.58
64.23260597199038	1.58
45.55125188093807	1.58
66.68951076659383	1.58
55.346003435989985	1.58
61.83120604112514	1.58
45.0357083683342	1.58
65.9406691978036	1.58
58.13253527782001	1.58
60.61675651712735	1.58
40.203977201192856	1.58
65.9406691978036	1.58
58.13253527782001	1.58
61.47528570587706	1.58
40.203977201192856	1.58
68.65442143264268	1.58
58.13253527782001	1.58
64.1429711577657	1.58
32.28695796272562	1.58
69.04009700433477	1.58
56.69396422607271	1.58
67.73626113479179	1.58
32.28695796272562	1.58
68.90916273729667	1.58
56.69396422607271	1.58
65.48530236910513	1.58
32.28695796272562	1.58
68.90916273729667	1.58
50.05878902270167	1.58
63.70788308780018	1.58
26.994883857737335	1.58
68.90916273729667	1.58
50.57057861995849	1.58
62.8290560572103	1.58
26.24254627253385	1.58
68.90916273729667	1.58
50.43749777776577	1.58
58.14890123442201	1.58
27.392442312334943	1.58
68.90916273729667	1.58
48.721659968372435	1.58
62.91240756898469	1.58
27.392442312334943	1.58
67.51321899051791	1.58
48.721659968372435	1.58
61.2816244175325	1.58
36.33317123229847	1.58
67.51321899051791	1.58
48.08745306013857	1.58
64.67369414498434	1.58
36.33317123229847	1.58
67.51321899051791	1.58
47.27483418402497	1.58
64.67369414498434	1.58
36.33317123229847	1.58
67.51321899051791	1.58
47.27483418402497	1.58
64.67369414498434	1.58
36.33317123229847	1.58
67.51321899051791	1.58
47.27483418402497	1.58
64.67369414498434	1.58
36.33317123229847	1.58
67.31842176899369	1.58
48.68243522185465	1.58
59.68990943181137	1.58
36.33317123229847	1.58
52.30591167665589	1.58
47.81583934179034	1.58
64.13789418877897	1.58
36.33317123229847	1.58
54.47275555229104	1.58
47.81583934179034	1.58
67.24510168197843	1.58
39.28403693031365	1.58
57.96494509575791	1.58
47.81583934179034	1.58
65.85439264874994	1.58
33.650487337797045	1.58
57.698966872641336	1.58
46.271976693024115	1.58
65.85439264874994	1.58
30.74250190006343	1.58
57.698966872641336	1.58
46.824129477991406	1.58
62.96157319201387	1.58
33.53922138221134	1.58
60.155266251250765	1.58
57.59368928679048	1.58
60.41371641554947	1.58
39.28816535995805	1.58
60.0360429873345	1.58
57.59368928679048	1.58
60.54278462461989	1.58
39.28816535995805	1.58
66.4982519090373	1.58
58.861616236834585	1.58
61.26243962538011	1.58
39.28816535995805	1.58
64.3531420678773	1.58
58.861616236834585	1.58
58.77608033604914	1.58
39.28816535995805	1.58
64.3531420678773	1.58
65.52222938487455	1.58
58.22805231868583	1.58
39.28816535995805	1.58
64.3531420678773	1.58
61.93429564811136	1.58
57.82111309294112	1.58
39.28816535995805	1.58
65.81614471437561	1.58
66.49098506241629	1.58
57.391151258356686	1.58
51.4104231209931	1.58
64.30401988166204	1.58
66.49098506241629	1.58
54.75416020134775	1.58
51.4104231209931	1.58
64.30401988166204	1.58
66.49098506241629	1.58
53.271926717079594	1.58
48.10191207360779	1.58
64.15557797497681	1.58
66.49098506241629	1.58
53.271926717079594	1.58
48.10191207360779	1.58
63.86748285353062	1.58
61.5740436812422	1.58
53.45050284135949	1.58
48.10191207360779	1.58
63.86748285353062	1.58
63.707155468503174	1.58
53.45050284135949	1.58
45.811328085672145	1.58
63.86748285353062	1.58
63.097227432854986	1.58
47.35784629521169	1.58
44.593450032316504	1.58
58.47308864039641	1.58
63.10175930788241	1.58
40.291878159780055	1.58
41.8621372929439	1.58
58.47308864039641	1.58
64.1382840294094	1.58
40.291878159780055	1.58
45.148496014903756	1.58
58.47308864039641	1.58
64.1382840294094	1.58
40.291878159780055	1.58
50.93494892864291	1.58
58.61279208616969	1.58
64.1382840294094	1.58
45.521929690712575	1.58
54.02886933886744	1.58
58.61279208616969	1.58
68.85428317609363	1.58
45.521929690712575	1.58
55.54407547274684	1.58
57.983002229577	1.58
68.85428317609363	1.58
45.521929690712575	1.58
55.64346223563192	1.58
57.260433741369624	1.58
68.85428317609363	1.58
43.154972312730095	1.58
55.553536338368914	1.58
65.1453010817045	1.58
79.56895744542868	1.58
50.1684350657473	1.58
57.30047388160327	1.58
63.31095499199981	1.58
85.16204281778528	1.58
44.751145789163495	1.58
60.23035297925695	1.58
65.89175619889741	1.58
102.85088602154049	1.58
44.751145789163495	1.58
60.23035297925695	1.58
66.47159697063223	1.58
102.85088602154049	1.58
44.751145789163495	1.58
60.23035297925695	1.58
66.47159697063223	1.58
102.85088602154049	1.58
44.751145789163495	1.58
60.23035297925695	1.58
66.47159697063223	1.58
102.85088602154049	1.58
53.19068855981182	1.58
60.23035297925695	1.58
66.47159697063223	1.58
102.85088602154049	1.58
53.452551057983925	1.58
60.23035297925695	1.58
60.354476106300766	1.58
102.85088602154049	1.58
63.86015885383872	1.58
60.15536199040133	1.58
60.46130835824199	1.58
102.85088602154049	1.58
65.51221942274955	1.58
60.248640459945	1.58
60.744532896629664	1.58
102.85088602154049	1.58
65.51221942274955	1.58
60.248640459945	1.58
59.53647447944436	1.58
102.85088602154049	1.58
68.92185701204336	1.58
60.248640459945	1.58
60.02399782363654	1.58
101.5485552442978	1.58
68.92185701204336	1.58
60.271367964164455	1.58
51.17852838355002	1.58
95.3811822811563	1.58
68.93772715973951	1.58
63.45460766104212	1.58
51.17852838355002	1.58
87.26822297929411	1.58
60.70102994632668	1.58
63.45460766104212	1.58
43.187029543779616	1.58
79.47839761311714	1.58
60.70102994632668	1.58
66.86072907768178	1.58
43.187029543779616	1.58
79.27185182239865	1.58
59.917758561197054	1.58
66.86072907768178	1.58
50.87763629292155	1.58
70.52642342527172	1.58
60.73084066485971	1.58
65.78654568023589	1.58
48.427974863030386	1.58
79.11778928544351	1.58
62.44559783936692	1.58
56.842262941595244	1.58
52.25704681732708	1.58
72.14033948841252	1.58
53.75004724744143	1.58
57.62732441827783	1.58
51.45716984150136	1.58
86.095382090946	1.58
54.89867948484702	1.58
62.25298013821944	1.58
50.13167183602536	1.58
95.71631287958233	1.58
54.89867948484702	1.58
62.25298013821944	1.58
52.69066265666437	1.58
95.71631287958233	1.58
55.25872834780711	1.58
62.25298013821944	1.58
54.40367310371197	1.58
95.15957806113828	1.58
55.07090937047153	1.58
52.699298561818765	1.58
54.2882637575547	1.58
95.15957806113828	1.58
55.07090937047153	1.58
52.699298561818765	1.58
54.62431009443467	1.58
95.15957806113828	1.58
55.07090937047153	1.58
52.810551248116134	1.58
54.71472890997139	1.58
97.39432216813488	1.58
55.122275371422454	1.58
52.340207015185	1.58
54.61276409208793	1.58
100.89713769537303	1.58
54.91662247891067	1.58
52.340207015185	1.58
54.61276409208793	1.58
100.89713769537303	1.58
55.109150417033305	1.58
51.65232492850173	1.58
55.64990286763843	1.58
100.89713769537303	1.58
55.19786222899278	1.58
51.65232492850173	1.58
56.480985322967584	1.58
96.00917733963499	1.58
59.65328058098171	1.58
49.32458291372492	1.58
62.67645983625316	1.58
94.48464248278681	1.58
46.406346071697996	1.58
49.32458291372492	1.58
62.67645983625316	1.58
96.09870299617866	1.58
46.406346071697996	1.58
64.523904544815	1.58
62.67645983625316	1.58
98.15460867045627	1.58
46.406346071697996	1.58
64.523904544815	1.58
63.98704587522715	1.58
94.25834568214563	1.58
46.406346071697996	1.58
64.523904544815	1.58
63.81477156882145	1.58
94.25834568214563	1.58
46.406346071697996	1.58
64.20823664892494	1.58
63.88753133357309	1.58
94.25834568214563	1.58
46.406346071697996	1.58
64.22021219265417	1.58
63.78087322022918	1.58
99.50232944826064	1.58
40.46009379150049	1.58
64.22021219265417	1.58
63.78087322022918	1.58
99.50232944826064	1.58
57.93296877205508	1.58
64.65515080088753	1.58
66.66177501361547	1.58
99.50232944826064	1.58
57.19391429994668	1.58
63.044006980802386	1.58
66.66177501361547	1.58
84.93661020317171	1.58
51.789566736679234	1.58
56.99008051160578	1.58
66.66177501361547	1.58
98.13348766525598	1.58
64.50191750561498	1.58
49.750804793020755	1.58
66.66177501361547	1.58
101.0596290047288	1.58
62.39891325855863	1.58
49.750804793020755	1.58
59.83948863841556	1.58
101.0596290047288	1.58
62.39891325855863	1.58
42.9543670536049	1.58
57.447605780073246	1.58
93.90395147487662	1.58
62.39891325855863	1.58
61.63593788634198	1.58
52.992125503707065	1.58
93.90395147487662	1.58
58.56362848374971	1.58
61.63593788634198	1.58
48.13664913559568	1.58
93.90395147487662	1.58
65.14471561313886	1.58
65.3258030315522	1.58
51.8594782593029	1.58
93.90395147487662	1.58
61.56894937284278	1.58
65.3258030315522	1.58
51.8594782593029	1.58
93.90395147487662	1.58
61.56894937284278	1.58
65.3258030315522	1.58
51.8594782593029	1.58
93.90395147487662	1.58
61.818893041704385	1.58
65.3258030315522	1.58
49.62763902505503	1.58
92.08786954034922	1.58
61.818893041704385	1.58
59.93208183456713	1.58
49.62763902505503	1.58
82.56136374125758	1.58
61.818893041704385	1.58
64.99352351850511	1.58
41.16404005784523	1.58
97.90319977072113	1.58
63.829337426556265	1.58
64.60338199681519	1.58
41.16404005784523	1.58
97.90319977072113	1.58
61.26195998347396	1.58
64.60338199681519	1.58
41.16404005784523	1.58
95.44100069707625	1.58
67.623833418445	1.58
64.60338199681519	1.58
49.88462871214146	1.58
95.44100069707625	1.58
64.16163763884173	1.58
64.60338199681519	1.58
55.99200473642194	1.58
91.55548050583515	1.58
57.235031950615564	1.58
50.62085802325272	1.58
56.589974184007716	1.58
88.52840006818833	1.58
57.58622838244695	1.58
50.62085802325272	1.58
55.75929170257679	1.58
101.95571170074109	1.58
58.20239687641481	1.58
50.62085802325272	1.58
54.00751384221467	1.58
100.14335285670697	1.58
57.38393061036579	1.58
54.76778069137042	1.58
54.047598329316564	1.58
100.14335285670697	1.58
59.12748704524032	1.58
54.76778069137042	1.58
54.263578373406816	1.58
100.14335285670697	1.58
59.12748704524032	1.58
54.76778069137042	1.58
52.86971964105953	1.58
84.90853480421652	1.58
62.29958691034845	1.58
54.76778069137042	1.58
56.75198214555762	1.58
88.64157211803828	1.58
62.29958691034845	1.58
55.111050999082416	1.58
57.34579549517883	1.58
87.61187214720482	1.58
62.29958691034845	1.58
55.111050999082416	1.58
58.88211540815382	1.58
87.61187214720482	1.58
62.29958691034845	1.58
55.81773699265717	1.58
58.437094423562826	1.58
90.77206731679199	1.58
60.24707267843125	1.58
56.81913498700506	1.58
58.2699918866516	1.58
90.77206731679199	1.58
60.24707267843125	1.58
57.05209868773793	1.58
56.91449916543591	1.58
90.77206731679199	1.58
52.12131742561331	1.58
60.53071550394685	1.58
60.818243204956076	1.58
90.77206731679199	1.58
52.12131742561331	1.58
60.509983350244575	1.58
59.42540634719895	1.58
74.17213557377168	1.58
52.12131742561331	1.58
60.509983350244575	1.58
58.6061137288631	1.58
73.28902566090775	1.58
48.71774458464657	1.58
55.65576638231012	1.58
60.99985073731608	1.58
68.67259136144683	1.58
48.39408070706605	1.58
54.93343934054739	1.58
65.32705342674186	1.58
68.67259136144683	1.58
48.39408070706605	1.58
58.15789926481619	1.58
65.32705342674186	1.58
68.67259136144683	1.58
58.27305310574084	1.58
61.39518974008152	1.58
67.08962285633847	1.58
65.09396313990602	1.58
54.197453412295005	1.58
58.46968121657926	1.58
67.08962285633847	1.58
61.58067357235687	1.58
48.02607206426124	1.58
62.706418544392676	1.58
67.38577323624807	1.58
61.632245183604134	1.58
48.826919690167934	1.58
60.319224281666976	1.58
67.38577323624807	1.58
61.632245183604134	1.58
48.826919690167934	1.58
54.644551110992715	1.58
67.9188337750355	1.58
64.67656841587386	1.58
40.47785401395224	1.58
46.93938778760935	1.58
67.9188337750355	1.58
56.33654789474586	1.58
47.29123494272548	1.58
46.93938778760935	1.58
68.4560565766829	1.58
57.59303612360215	1.58
47.29123494272548	1.58
49.59466926210966	1.58
59.75010352197729	1.58
59.11239930044954	1.58
53.13416138173415	1.58
49.59466926210966	1.58
65.16531552920917	1.58
59.37882621570526	1.58
51.76742011117285	1.58
50.466532601245774	1.58
65.16531552920917	1.58
56.457695115615905	1.58
49.16779023353912	1.58
46.59666669291685	1.58
63.51318620846225	1.58
56.842229394647426	1.58
52.82663642272566	1.58
43.43924160162468	1.58
63.51318620846225	1.58
54.71038513979354	1.58
46.782553152353216	1.58
43.43924160162468	1.58
63.51318620846225	1.58
60.43062964031742	1.58
46.782553152353216	1.58
47.0795282132595	1.58
63.51318620846225	1.58
60.43062964031742	1.58
50.718495550506404	1.58
47.0795282132595	1.58
67.4254832350675	1.58
57.115099413297074	1.58
52.26424818434911	1.58
47.0795282132595	1.58
67.4254832350675	1.58
55.81776093159391	1.58
51.301922610080766	1.58
51.843335738400455	1.58
67.4254832350675	1.58
58.14931775694277	1.58
56.470986435500905	1.58
51.843335738400455	1.58
63.20426950467798	1.58
56.440853429561365	1.58
56.47058059973046	1.58
52.11258590649716	1.58
66.59505249593299	1.58
57.36858462166465	1.58
55.714599105231905	1.58
53.18614443665788	1.58
66.59505249593299	1.58
56.71033673094442	1.58
61.12955256162917	1.58
50.75422734387345	1.58
66.59505249593299	1.58
56.7629540026525	1.58
59.43526466131381	1.58
50.75422734387345	1.58
66.59505249593299	1.58
55.731354841299684	1.58
59.63164582894966	1.58
52.796419735112586	1.58
66.59505249593299	1.58
57.429558804372476	1.58
60.50682437594981	1.58
52.796419735112586	1.58
65.94417217172688	1.58
57.95959954749765	1.58
60.994042550224485	1.58
52.796419735112586	1.58
65.94417217172688	1.58
57.95959954749765	1.58
62.17473129264885	1.58
52.796419735112586	1.58
65.94417217172688	1.58
57.609240271262884	1.58
62.17473129264885	1.58
47.48058587103931	1.58
68.40497969382099	1.58
59.190450654530004	1.58
61.58762909930639	1.58
51.68852643607467	1.58
68.40497969382099	1.58
61.27881226789434	1.58
61.184057727426186	1.58
51.68852643607467	1.58
63.44402307406496	1.58
61.27881226789434	1.58
60.98346833653396	1.58
52.699797199218835	1.58
63.44402307406496	1.58
61.19680548527158	1.58
61.302596043951255	1.58
52.699797199218835	1.58
65.46620379259122	1.58
61.23541396605966	1.58
61.34595937501894	1.58
52.699797199218835	1.58
66.81415379730502	1.58
67.81340563366209	1.58
61.04158933272172	1.58
52.699797199218835	1.58
66.81415379730502	1.58
67.81340563366209	1.58
62.5193729326846	1.58
58.59382167656631	1.58
66.81415379730502	1.58
67.81340563366209	1.58
63.014099574250935	1.58
59.99838265822208	1.58
67.76124613667486	1.58
67.81340563366209	1.58
58.76960667012725	1.58
59.28219388059124	1.58
67.76124613667486	1.58
64.19953385437458	1.58
56.75310214335482	1.58
57.48058138341309	1.58
67.76124613667486	1.58
63.70964918225311	1.58
54.31514116085006	1.58
56.88931929028709	1.58
67.76124613667486	1.58
64.93405235800527	1.58
54.31514116085006	1.58
53.20120385468694	1.58
67.76124613667486	1.58
64.93405235800527	1.58
58.33125895113022	1.58
52.227219117847326	1.58
67.76124613667486	1.58
61.63843934638518	1.58
55.052475481752985	1.58
44.691249663718295	1.58
67.76124613667486	1.58
65.47749489540789	1.58
50.54474968447272	1.58
53.82212112197638	1.58
61.383888849488194	1.58
65.47749489540789	1.58
49.02086185123728	1.58
56.77990517243935	1.58
61.383888849488194	1.58
65.47749489540789	1.58
49.02086185123728	1.58
53.82985400165541	1.58
67.95679554867851	1.58
65.91645377333116	1.58
56.77117244036554	1.58
53.82985400165541	1.58
67.95679554867851	1.58
65.91645377333116	1.58
61.5529052129551	1.58
55.4207722182916	1.58
66.0881607026611	1.58
65.91645377333116	1.58
60.61011909920839	1.58
55.4207722182916	1.58
66.0881607026611	1.58
65.91645377333116	1.58
61.541178393440106	1.58
47.88285910800538	1.58
65.95509988334571	1.58
65.91645377333116	1.58
60.352636413885406	1.58
54.74176390102294	1.58
64.88888015946615	1.58
65.91645377333116	1.58
62.025934812455716	1.58
54.74176390102294	1.58
63.80754100864839	1.58
69.19798598321721	1.58
62.025934812455716	1.58
49.71157144866466	1.58
56.916527210770056	1.58
69.19798598321721	1.58
62.025934812455716	1.58
49.71157144866466	1.58
55.81538038307328	1.58
69.19798598321721	1.58
64.66496108372678	1.58
54.032840132200576	1.58
52.134470659391496	1.58
77.8037342426704	1.58
64.66496108372678	1.58
64.80785144525296	1.58
53.20506216123704	1.58
80.69564591015634	1.58
64.66496108372678	1.58
65.55839894284307	1.58
58.74147317066584	1.58
89.45188310543031	1.58
67.75318163407226	1.58
69.23476603985908	1.58
58.74147317066584	1.58
101.61508210597918	1.58
67.75318163407226	1.58
69.23476603985908	1.58
57.96497807674369	1.58
101.61508210597918	1.58
67.75318163407226	1.58
65.60032060717245	1.58
60.97471515571318	1.58
105.6131420889372	1.58
67.9653539252299	1.58
56.17954473855749	1.58
63.63181123993787	1.58
105.6131420889372	1.58
68.80741112407779	1.58
54.05673282161434	1.58
63.63181123993787	1.58
105.6131420889372	1.58
66.50925764908828	1.58
54.05673282161434	1.58
62.43065218879135	1.58
105.6131420889372	1.58
68.05305127380518	1.58
47.14024010625059	1.58
65.06400361509958	1.58
105.6131420889372	1.58
67.63876243597451	1.58
57.98645632115812	1.58
62.70279120959685	1.58
105.6131420889372	1.58
55.095376821596155	1.58
61.42285447981081	1.58
62.316782911689266	1.58
105.6131420889372	1.58
55.71634822865452	1.58
61.06200146517683	1.58
65.02545921923752	1.58
105.6131420889372	1.58
55.71634822865452	1.58
60.291095571096825	1.58
65.02545921923752	1.58
96.1997776436307	1.58
55.254201160165195	1.58
61.82671816687503	1.58
65.02545921923752	1.58
96.1997776436307	1.58
55.254201160165195	1.58
61.82671816687503	1.58
65.02545921923752	1.58
96.1997776436307	1.58
55.254201160165195	1.58
61.845089699351405	1.58
65.55062606355789	1.58
96.1997776436307	1.58
57.87342705253779	1.58
61.845089699351405	1.58
65.92066248434803	1.58
96.1997776436307	1.58
56.95663621772563	1.58
61.845089699351405	1.58
63.09601582503966	1.58
96.1997776436307	1.58
56.95663621772563	1.58
62.27439209630597	1.58
62.38759044829041	1.58
96.1997776436307	1.58
51.76739422001519	1.58
62.27439209630597	1.58
62.34993048609325	1.58
86.02254584040016	1.58
51.76739422001519	1.58
65.45720595104805	1.58
67.87202995079537	1.58
69.1934966401117	1.58
51.76739422001519	1.58
65.9081846496083	1.58
67.40366551946123	1.58
70.77433428518141	1.58
51.76739422001519	1.58
66.02522996830183	1.58
67.8042281658962	1.58
88.01002587868565	1.58
53.83038116777341	1.58
59.99628611427232	1.58
67.8042281658962	1.58
98.95456334156009	1.58
53.83038116777341	1.58
58.22783566641549	1.58
67.8042281658962	1.58
87.91411457467125	1.58
42.446939279811545	1.58
59.69212948800495	1.58
65.59724697720961	1.58
87.91411457467125	1.58
41.577625083469115	1.58
59.57261389313299	1.58
65.59724697720961	1.58
87.91411457467125	1.58
41.577625083469115	1.58
59.57261389313299	1.58
65.59724697720961	1.58
97.09148377032705	1.58
57.92083291904986	1.58
53.91425018269447	1.58
65.59724697720961	1.58
102.20118641488449	1.58
60.77858815575517	1.58
53.91425018269447	1.58
63.18703209207353	1.58
102.20118641488449	1.58
59.74007078204149	1.58
51.85719680113598	1.58
62.72726037913443	1.58
102.20118641488449	1.58
60.10507136771111	1.58
51.85719680113598	1.58
63.618087402256386	1.58
93.91913406337275	1.58
57.54292608381505	1.58
52.79243837962698	1.58
63.618087402256386	1.58
95.50996735038618	1.58
60.14066240109581	1.58
52.79243837962698	1.58
67.69175704973905	1.58
95.50996735038618	1.58
60.14066240109581	1.58
52.79243837962698	1.58
69.56884726493557	1.58
95.50996735038618	1.58
51.93797488508389	1.58
52.79243837962698	1.58
69.56884726493557	1.58
95.50996735038618	1.58
51.93797488508389	1.58
54.22139433348182	1.58
69.56884726493557	1.58
96.32937371784428	1.58
49.27540308844486	1.58
54.341968523583844	1.58
69.56884726493557	1.58
75.95946624768247	1.58
49.27540308844486	1.58
54.341968523583844	1.58
78.17670647968507	1.58
91.97085459712785	1.58
63.640328791875525	1.58
54.341968523583844	1.58
88.53111511925849	1.58
91.97085459712785	1.58
61.88502632027073	1.58
54.341968523583844	1.58
82.53460980979479	1.58
91.97085459712785	1.58
56.950671661878	1.58
54.341968523583844	1.58
68.50673421038616	1.58
83.79524635728069	1.58
63.521122016630855	1.58
59.80950254622324	1.58
65.78411609198737	1.58
87.24837394130887	1.58
63.72374903253939	1.58
59.80950254622324	1.58
67.67195143938699	1.58
96.06557669395879	1.58
63.72374903253939	1.58
57.0049288721198	1.58
67.67195143938699	1.58
96.06557669395879	1.58
52.13959098870703	1.58
51.9300390240479	1.58
67.67195143938699	1.58
82.62845289470397	1.58
56.24421215276615	1.58
46.81845912713186	1.58
67.67195143938699	1.58
82.62845289470397	1.58
56.24421215276615	1.58
57.14994911062925	1.58
67.67195143938699	1.58
82.59455311908428	1.58
59.05247728338023	1.58
61.45598567658461	1.58
67.67195143938699	1.58
79.74786727558032	1.58
59.05247728338023	1.58
61.45598567658461	1.58
66.33943343511592	1.58
79.74786727558032	1.58
59.05247728338023	1.58
52.13665335499006	1.58
66.33943343511592	1.58
99.6536898736402	1.58
57.03525398816692	1.58
52.13665335499006	1.58
66.33943343511592	1.58
99.6536898736402	1.58
58.47132122196111	1.58
50.44033047461332	1.58
66.33943343511592	1.58
99.6536898736402	1.58
56.79822214845122	1.58
50.44033047461332	1.58
66.33943343511592	1.58
99.6536898736402	1.58
48.183553881457854	1.58
48.584555477860036	1.58
66.33943343511592	1.58
99.6536898736402	1.58
48.183553881457854	1.58
48.584555477860036	1.58
57.47958985069371	1.58
88.25369166739492	1.58
48.183553881457854	1.58
52.05596564726113	1.58
61.4206400914723	1.58
88.25369166739492	1.58
53.17664496959291	1.58
52.05596564726113	1.58
64.88138803132651	1.58
101.76487367584096	1.58
53.17664496959291	1.58
52.05596564726113	1.58
62.2708398662425	1.58
97.79763799024377	1.58
56.10262909574931	1.58
52.05596564726113	1.58
67.0808905186106	1.58
97.79763799024377	1.58
55.048445139291104	1.58
52.05596564726113	1.58
67.0808905186106	1.58
83.56618527226465	1.58
54.21334316318108	1.58
52.69988722770826	1.58
67.0808905186106	1.58
73.60366736912997	1.58
51.07580204682982	1.58
50.6231182465947	1.58
67.0808905186106	1.58
86.7725731299027	1.58
51.07580204682982	1.58
58.381454129193926	1.58
67.0808905186106	1.58
73.97683151909169	1.58
59.8842614127842	1.58
51.841814709763746	1.58
67.0808905186106	1.58
82.57300480848552	1.58
55.787275974659835	1.58
51.841814709763746	1.58
67.0808905186106	1.58
82.57300480848552	1.58
59.45643727631426	1.58
56.35880120181682	1.58
67.0808905186106	1.58
100.76683641904896	1.58
59.45643727631426	1.58
61.45288392069991	1.58
67.0808905186106	1.58
100.76683641904896	1.58
54.96642937473455	1.58
61.45288392069991	1.58
68.34927617980297	1.58
85.82963517313958	1.58
54.96642937473455	1.58
61.84436192857855	1.58
64.0112561195963	1.58
85.82963517313958	1.58
55.53254621478265	1.58
61.84436192857855	1.58
64.0112561195963	1.58
85.82963517313958	1.58
55.21921513648121	1.58
62.05344082775916	1.58
64.0112561195963	1.58
94.28173225788208	1.58
59.52693225140989	1.58
60.78739073688507	1.58
67.47057631900348	1.58
85.21287784144087	1.58
59.52693225140989	1.58
61.05867658610058	1.58
67.47057631900348	1.58
85.21287784144087	1.58
63.336175146750335	1.58
59.12240014214843	1.58
66.02096425837271	1.58
86.01612374699488	1.58
63.078212825981545	1.58
62.40808096911617	1.58
66.05426958976834	1.58
86.01612374699488	1.58
62.90079315336639	1.58
62.40808096911617	1.58
68.72209262030955	1.58
79.91615455334438	1.58
62.90079315336639	1.58
65.89451733065104	1.58
68.72209262030955	1.58
86.41871741082181	1.58
62.90079315336639	1.58
63.58444556947397	1.58
67.39972715391598	1.58
100.1734984909255	1.58
64.56534872564413	1.58
63.58444556947397	1.58
67.44151631649596	1.58
94.17107990187783	1.58
66.8894837885216	1.58
57.928984817509715	1.58
63.16745800659107	1.58
94.17107990187783	1.58
66.8894837885216	1.58
54.12705936164293	1.58
62.78820060664839	1.58
94.17107990187783	1.58
66.8894837885216	1.58
48.7168446251726	1.58
60.840294654966	1.58
94.17107990187783	1.58
42.52616159862132	1.58
53.78493068696479	1.58
60.840294654966	1.58
94.17107990187783	1.58
42.52616159862132	1.58
53.78493068696479	1.58
66.34175173997235	1.58
94.17107990187783	1.58
50.28996645897807	1.58
52.98489703364295	1.58
66.34175173997235	1.58
94.17107990187783	1.58
60.60611981148991	1.58
52.98489703364295	1.58
66.34175173997235	1.58
86.41174941429918	1.58
60.60611981148991	1.58
60.582845551643906	1.58
67.17413522910707	1.58
86.41174941429918	1.58
52.62014860046923	1.58
61.83854629704726	1.58
63.61918581855821	1.58
90.39652890968871	1.58
68.02681657954142	1.58
61.83854629704726	1.58
61.69444070526963	1.58
90.39652890968871	1.58
68.02681657954142	1.58
61.83854629704726	1.58
61.75530913280678	1.58
90.39652890968871	1.58
50.41112280213966	1.58
62.2390078705201	1.58
61.75530913280678	1.58
90.39652890968871	1.58
54.155357216427525	1.58
57.083091624321646	1.58
61.70385100302258	1.58
97.8689725174221	1.58
62.618310606460895	1.58
57.083091624321646	1.58
61.06825557395722	1.58
97.16684268828291	1.58
62.618310606460895	1.58
55.22714601957145	1.58
61.247623969537315	1.58
97.16684268828291	1.58
63.632468643804415	1.58
41.60798236579786	1.58
61.247623969537315	1.58
97.16684268828291	1.58
63.632468643804415	1.58
41.60798236579786	1.58
59.13875877283211	1.58
100.95124973305008	1.58
67.85955914340005	1.58
41.60798236579786	1.58
57.57002343859615	1.58
100.95124973305008	1.58
67.85955914340005	1.58
41.60798236579786	1.58
65.46560031151772	1.58
99.6083927706711	1.58
60.066258992147304	1.58
45.6330427266229	1.58
65.87093889983099	1.58
99.6083927706711	1.58
59.44245754161286	1.58
45.6330427266229	1.58
65.87093889983099	1.58
99.6083927706711	1.58
58.52816711803395	1.58
48.685637230121685	1.58
66.02879665787306	1.58
99.6083927706711	1.58
59.108022278573095	1.58
53.32983142974392	1.58
66.02879665787306	1.58
99.6083927706711	1.58
59.108022278573095	1.58
67.5002249224328	1.58
65.09637534305146	1.58
89.32274087984409	1.58
56.931596335605406	1.58
68.47622533608602	1.58
65.18852370043787	1.58
89.32274087984409	1.58
56.988727029378815	1.58
68.47622533608602	1.58
63.03086832558843	1.58
88.16668361070639	1.58
51.73194267308289	1.58
68.06239230638934	1.58
64.16064827377433	1.58
102.09373939779348	1.58
51.73194267308289	1.58
66.40189027491637	1.58
64.16064827377433	1.58
93.92289517742768	1.58
51.73194267308289	1.58
66.40189027491637	1.58
62.703466874907775	1.58
93.92289517742768	1.58
51.73194267308289	1.58
66.40189027491637	1.58
61.010216676563836	1.58
93.74094021599637	1.58
54.88611051957355	1.58
65.84461247733853	1.58
58.956445369437176	1.58
93.74094021599637	1.58
53.640322495887375	1.58
65.84461247733853	1.58
59.37553720176166	1.58
99.66196748396584	1.58
53.76677438471177	1.58
66.70465445356703	1.58
57.07285340052816	1.58
99.66196748396584	1.58
53.76677438471177	1.58
64.98893469420712	1.58
59.07971337201486	1.58
99.66196748396584	1.58
53.76677438471177	1.58
60.049531501794426	1.58
60.564690372039806	1.58
99.66196748396584	1.58
63.75364169857126	1.58
60.049531501794426	1.58
60.574974372875694	1.58
99.66196748396584	1.58
63.75364169857126	1.58
60.03456217251837	1.58
60.574974372875694	1.58
99.66196748396584	1.58
66.90231368637586	1.58
60.21723221559585	1.58
57.45286868495055	1.58
99.66196748396584	1.58
66.90231368637586	1.58
60.21723221559585	1.58
55.46426130493768	1.58
99.66196748396584	1.58
63.53322818428009	1.58
59.261772877333286	1.58
56.470672320291364	1.58
89.65624111012168	1.58
64.93883070785594	1.58
60.13064293718043	1.58
53.77945254941443	1.58
89.65624111012168	1.58
64.93883070785594	1.58
67.50116315569576	1.58
58.36704067652857	1.58
82.72913863953647	1.58
64.37986493126786	1.58
67.50116315569576	1.58
55.9472938801886	1.58
92.70590001819559	1.58
64.37986493126786	1.58
67.50116315569576	1.58
51.03563794941153	1.58
102.13265436050102	1.58
67.85973077284271	1.58
67.50116315569576	1.58
58.47344413881642	1.58
97.10648883530271	1.58
66.18876271311785	1.58
67.50116315569576	1.58
59.05704180270763	1.58
97.10648883530271	1.58
66.18876271311785	1.58
67.10592351372071	1.58
53.49752734723189	1.58
97.10648883530271	1.58
61.11237951122657	1.58
64.11302595606386	1.58
53.49752734723189	1.58
93.20869841961833	1.58
58.092485369405104	1.58
65.96894979596539	1.58
59.14914783891896	1.58
93.20869841961833	1.58
65.08922829577804	1.58
65.96894979596539	1.58
59.14914783891896	1.58
91.48784452438542	1.58
66.03191632550562	1.58
62.27290301939195	1.58
59.14914783891896	1.58
83.97146625219133	1.58
66.03191632550562	1.58
63.454550602447995	1.58
54.05847049648527	1.58
93.78986318424722	1.58
62.82439993383005	1.58
63.454550602447995	1.58
57.58190387567853	1.58
91.76503149561977	1.58
61.896412993435185	1.58
63.454550602447995	1.58
57.58190387567853	1.58
84.80865067126118	1.58
61.896412993435185	1.58
63.454550602447995	1.58
58.32459286913347	1.58
85.00088234160184	1.58
53.918965186028245	1.58
61.90297869401336	1.58
56.344034430633506	1.58
85.00088234160184	1.58
54.297229017683115	1.58
63.88531748985314	1.58
58.105269703599134	1.58
101.95659892378482	1.58
54.88465102588866	1.58
63.88531748985314	1.58
58.343752879374094	1.58
93.42467855407625	1.58
56.478614936796795	1.58
58.03602969045735	1.58
58.55661946012435	1.58
96.68698299775602	1.58
56.029801871848655	1.58
55.79784209604121	1.58
58.2219212239488	1.58
96.68698299775602	1.58
55.88201167433263	1.58
55.79784209604121	1.58
59.298992569547025	1.58
96.68698299775602	1.58
65.87226007948345	1.58
57.012121235508154	1.58
59.697947736691376	1.58
92.69290067783972	1.58
61.904613438301375	1.58
54.63228293668202	1.58
59.834104801941315	1.58
93.4975009850528	1.58
62.791392796109584	1.58
54.63228293668202	1.58
59.834104801941315	1.58
81.11840319034928	1.58
61.93111200123895	1.58
55.19555209402759	1.58
59.19723949140992	1.58
97.05304845352984	1.58
61.93111200123895	1.58
63.21621161875529	1.58
59.19723949140992	1.58
97.05304845352984	1.58
61.93111200123895	1.58
63.21621161875529	1.58
59.517287384282426	1.58
97.05304845352984	1.58
60.50086931533928	1.58
63.21621161875529	1.58
55.948807961825075	1.58
97.05304845352984	1.58
60.50086931533928	1.58
63.21621161875529	1.58
54.59582398963049	1.58
87.62259751727913	1.58
60.50086931533928	1.58
63.21621161875529	1.58
47.5195854362428	1.58
97.53585401410587	1.58
60.50086931533928	1.58
63.21621161875529	1.58
52.96217375830203	1.58
97.53585401410587	1.58
60.50086931533928	1.58
63.21621161875529	1.58
54.498928145754626	1.58
97.53585401410587	1.58
60.50086931533928	1.58
44.732925451541455	1.58
54.498928145754626	1.58
97.53585401410587	1.58
61.57809926430012	1.58
44.732925451541455	1.58
56.52620813879568	1.58
88.82773959660719	1.58
61.125726048664475	1.58
47.859651431413035	1.58
54.30784426145755	1.58
100.43935303091061	1.58
67.7896561604815	1.58
47.859651431413035	1.58
54.30784426145755	1.58
95.98439880150502	1.58
67.7896561604815	1.58
50.71561107042675	1.58
54.30784426145755	1.58
95.98439880150502	1.58
67.7873488074714	1.58
50.71561107042675	1.58
54.30784426145755	1.58
95.98439880150502	1.58
68.64386205252612	1.58
50.262315931423494	1.58
54.30784426145755	1.58
95.98439880150502	1.58
65.1728693086835	1.58
50.262315931423494	1.58
59.29600246205611	1.58
95.98439880150502	1.58
65.1728693086835	1.58
50.262315931423494	1.58
59.1600138800934	1.58
91.8517503637367	1.58
65.1728693086835	1.58
54.21526153398248	1.58
57.49414677321328	1.58
96.34170387595958	1.58
67.28001880414581	1.58
54.21526153398248	1.58
60.19238016545027	1.58
96.34170387595958	1.58
67.28001880414581	1.58
62.29578661699713	1.58
60.73580602904874	1.58
98.33901723783826	1.58
66.57269948220393	1.58
62.29578661699713	1.58
61.4185228982032	1.58
86.18765657049858	1.58
66.57269948220393	1.58
62.551406424800945	1.58
60.88406795497556	1.58
98.78946999312456	1.58
49.77015620620345	1.58
62.551406424800945	1.58
60.481116790756516	1.58
88.98298198983238	1.58
49.77015620620345	1.58
60.82435939192351	1.58
65.14151807602524	1.58
88.98298198983238	1.58
49.77015620620345	1.58
60.82435939192351	1.58
64.17511966324471	1.58
98.46969475512014	1.58
61.607885798646684	1.58
61.29651188290287	1.58
64.7929627543066	1.58
94.2697363197608	1.58
62.04643778056608	1.58
61.29651188290287	1.58
67.00705643450331	1.58
94.2697363197608	1.58
59.52095053764528	1.58
59.87833179874324	1.58
68.47821174215098	1.58
94.2697363197608	1.58
59.52095053764528	1.58
55.17104635220509	1.58
68.47821174215098	1.58
81.92204922540384	1.58
63.65506378656789	1.58
55.17104635220509	1.58
68.47821174215098	1.58
79.87516252708257	1.58
60.46462974269201	1.58
55.17104635220509	1.58
68.47821174215098	1.58
75.41231076326963	1.58
61.51662300297811	1.58
58.82915066201937	1.58
68.47821174215098	1.58
83.71829350716877	1.58
61.51662300297811	1.58
58.82915066201937	1.58
65.53100787296927	1.58
71.45105232075767	1.58
59.847741138928455	1.58
53.44102369912787	1.58
65.53100787296927	1.58
68.65977879597334	1.58
57.99278080961232	1.58
53.44102369912787	1.58
68.20327120813599	1.58
68.65977879597334	1.58
55.236810504629545	1.58
50.65898777553673	1.58
68.20327120813599	1.58
68.65977879597334	1.58
55.236810504629545	1.58
52.336888481865984	1.58
68.20327120813599	1.58
68.6893904237455	1.58
55.236810504629545	1.58
52.336888481865984	1.58
61.15181084824304	1.58
68.6893904237455	1.58
55.236810504629545	1.58
55.977852500958875	1.58
62.400877387172166	1.58
68.6893904237455	1.58
50.987089872544004	1.58
55.977852500958875	1.58
59.88499207213297	1.58
62.60890367104515	1.58
45.49568410755322	1.58
56.757541609888364	1.58
58.83540560441298	1.58
66.96892654220683	1.58
38.51396943584005	1.58
56.757541609888364	1.58
65.94477920334904	1.58
66.96892654220683	1.58
37.858897170368635	1.58
49.54213945686327	1.58
66.03002006702236	1.58
62.98300942930523	1.58
37.858897170368635	1.58
45.936174343661406	1.58
60.59617211359359	1.58
62.98300942930523	1.58
39.055721705445244	1.58
45.936174343661406	1.58
59.75471922849117	1.58
62.98300942930523	1.58
40.47227867927589	1.58
46.9904437584072	1.58
61.088820121632736	1.58
62.98300942930523	1.58
49.91889329437784	1.58
52.5812751404917	1.58
63.147167062268835	1.58
62.98300942930523	1.58
49.91889329437784	1.58
56.7530850888929	1.58
63.662203317424385	1.58
62.98300942930523	1.58
49.91889329437784	1.58
56.7530850888929	1.58
60.88939827934875	1.58
64.42169613996585	1.58
49.91889329437784	1.58
55.630177339394685	1.58
67.08338040915581	1.58
64.42169613996585	1.58
51.56454109373067	1.58
49.43157733327321	1.58
67.08338040915581	1.58
65.35909940781386	1.58
52.64063018396971	1.58
49.43157733327321	1.58
67.08338040915581	1.58
67.96027823302266	1.58
56.769684825845665	1.58
49.43157733327321	1.58
63.93110336338885	1.58
66.60514384721526	1.58
55.386825363886615	1.58
51.60313163548912	1.58
68.20841610880184	1.58
66.60514384721526	1.58
59.20423774162164	1.58
49.71309941132779	1.58
68.20841610880184	1.58
66.60514384721526	1.58
58.73333391645449	1.58
51.036718339112156	1.58
68.20841610880184	1.58
64.9449387740898	1.58
53.565520556425206	1.58
51.729141886948064	1.58
68.20841610880184	1.58
58.81789637195899	1.58
58.8296300009771	1.58
49.52992725149433	1.58
68.20841610880184	1.58
62.89654287299483	1.58
62.02730834108244	1.58
49.52992725149433	1.58
68.20841610880184	1.58
62.83675904553371	1.58
62.02730834108244	1.58
52.20934510484699	1.58
68.20841610880184	1.58
63.28437811962863	1.58
63.40441840230254	1.58
49.84037637742638	1.58
68.18101501390116	1.58
63.277397202531205	1.58
59.87219784874513	1.58
50.711468241424576	1.58
62.757633199841855	1.58
63.277397202531205	1.58
59.74053344618817	1.58
51.90083759587743	1.58
64.42607339722113	1.58
63.277397202531205	1.58
57.510555321792	1.58
56.99629516766214	1.58
64.42607339722113	1.58
67.85426475620915	1.58
57.510555321792	1.58
52.50340578712737	1.58
67.70961090412708	1.58
65.45326089948067	1.58
57.510555321792	1.58
58.0830936963616	1.58
64.08928699882998	1.58
65.45326089948067	1.58
57.14231457499322	1.58
52.510276011834115	1.58
64.08928699882998	1.58
65.45326089948067	1.58
57.14231457499322	1.58
56.11906805134892	1.58
67.5505779061609	1.58
65.45326089948067	1.58
57.14231457499322	1.58
55.441966540271196	1.58
67.5505779061609	1.58
64.78131523543222	1.58
58.830172293488715	1.58
55.441966540271196	1.58
67.5505779061609	1.58
61.37686103675815	1.58
59.922974550392674	1.58
55.16317356494786	1.58
67.47326370850163	1.58
65.69162633904821	1.58
56.87478240170027	1.58
55.16317356494786	1.58
63.87031132297997	1.58
60.71116498270169	1.58
49.892173511185845	1.58
56.51675916793418	1.58
63.87031132297997	1.58
60.300358652800256	1.58
49.892173511185845	1.58
56.88491517935894	1.58
64.82954435468635	1.58
55.436195139966834	1.58
49.10435539102677	1.58
58.17429396355996	1.58
61.930392392153	1.58
54.15175158211848	1.58
49.10435539102677	1.58
58.125545266111274	1.58
61.36844603857082	1.58
54.15175158211848	1.58
49.00711556596721	1.58
57.26243917246842	1.58
65.18403923649245	1.58
53.28423195856982	1.58
51.099083803846895	1.58
57.55447043620964	1.58
65.18403923649245	1.58
53.078576138234645	1.58
51.099083803846895	1.58
56.84416158498687	1.58
65.18403923649245	1.58
52.51517618703373	1.58
50.737320300548376	1.58
49.28532715263427	1.58
65.23251069724114	1.58
54.72934179695343	1.58
51.910867727789366	1.58
49.28532715263427	1.58
65.23251069724114	1.58
53.749958361864834	1.58
51.45785319887317	1.58
45.25273205690506	1.58
65.23251069724114	1.58
56.03871219159367	1.58
53.24980652434446	1.58
50.576329907362705	1.58
65.23251069724114	1.58
53.618251277178175	1.58
58.73530697331983	1.58
57.711776809241286	1.58
62.92299038485591	1.58
50.304788103821615	1.58
58.94263976484076	1.58
59.88847104612495	1.58
62.3827970669801	1.58
51.16352072048679	1.58
63.10560900549705	1.58
58.04193526907715	1.58
62.36905654999785	1.58
51.91578384512154	1.58
63.6542048646748	1.58
58.665508491517556	1.58
61.62682389946643	1.58
55.63597547316492	1.58
63.6542048646748	1.58
58.616347136412884	1.58
61.22106252085864	1.58
52.70824958664589	1.58
63.03953066890598	1.58
59.260501938149204	1.58
61.22106252085864	1.58
53.461217032795126	1.58
62.9463597533525	1.58
62.05340936035667	1.58
60.884703110603425	1.58
53.299287347888146	1.58
62.18336687690993	1.58
64.72452697582862	1.58
60.402966622153585	1.58
54.25895857223774	1.58
61.3014404390795	1.58
68.02015914820792	1.58
64.1858301640697	1.58
54.25895857223774	1.58
61.34406665816319	1.58
67.02949754477955	1.58
62.84415057465337	1.58
54.25895857223774	1.58
61.34406665816319	1.58
67.02949754477955	1.58
62.84415057465337	1.58
59.87746342602295	1.58
60.88057976927864	1.58
64.87883024855842	1.58
60.90902837063917	1.58
55.820798049193826	1.58
60.880056098030465	1.58
63.72739182682723	1.58
59.32922446919216	1.58
56.554831152778	1.58
62.14602591560864	1.58
64.47552004478146	1.58
59.660266472935305	1.58
60.08560181791303	1.58
62.044683744649134	1.58
66.60431244628734	1.58
59.51260001616348	1.58
54.32856431843592	1.58
62.044683744649134	1.58
66.60431244628734	1.58
58.175705254952824	1.58
55.4322736969715	1.58
60.96507755562818	1.58
66.60431244628734	1.58
60.221716335683695	1.58
58.95333271732622	1.58
61.95647092259935	1.58
66.60431244628734	1.58
56.8499212429751	1.58
58.45756861912791	1.58
60.52814165676288	1.58
66.60431244628734	1.58
53.66330086942848	1.58
60.925924190633964	1.58
64.12584173668067	1.58
67.92697639429561	1.58
54.79586117195451	1.58
61.49371049487206	1.58
62.89337169148324	1.58
68.71493477931176	1.58
58.24815836033706	1.58
62.57531986277957	1.58
65.55914593600049	1.58
68.71493477931176	1.58
53.85623398938314	1.58
61.90417557000766	1.58
66.74909389075968	1.58
68.71493477931176	1.58
59.85033473814838	1.58
61.90417557000766	1.58
66.74909389075968	1.58
67.76235048087237	1.58
59.85033473814838	1.58
62.82906779698762	1.58
66.74909389075968	1.58
67.76235048087237	1.58
53.48012755150654	1.58
62.58718321829138	1.58
66.74909389075968	1.58
67.76235048087237	1.58
51.63021383543209	1.58
60.8961788684427	1.58
66.74909389075968	1.58
59.72711773071722	1.58
51.63021383543209	1.58
61.46019450456116	1.58
66.74909389075968	1.58
58.8987493417414	1.58
55.6110520561362	1.58
61.90885983854529	1.58
66.69321740561803	1.58
58.91767489309616	1.58
55.2402121662504	1.58
61.714280479887215	1.58
66.69321740561803	1.58
59.496369297024586	1.58
58.67139747492912	1.58
57.98026821147839	1.58
62.710449389096404	1.58
60.12973668459733	1.58
58.67139747492912	1.58
55.780686175429224	1.58
62.79924793938658	1.58
60.6036896099704	1.58
58.51496463500872	1.58
56.854630445971445	1.58
62.407763060155276	1.58
58.950588550666275	1.58
59.23127615678772	1.58
56.854630445971445	1.58
62.96252401152619	1.58
58.76683518148399	1.58
57.490723607401044	1.58
56.34835871979759	1.58
62.08487114325873	1.58
60.900330520432995	1.58
55.250832408684836	1.58
54.74078373748967	1.58
68.20374849044767	1.58
60.980833171562516	1.58
54.1417769599674	1.58
47.028327535388954	1.58
68.20374849044767	1.58
60.980833171562516	1.58
52.7639040284807	1.58
47.028327535388954	1.58
68.20374849044767	1.58
60.980833171562516	1.58
52.7639040284807	1.58
47.028327535388954	1.58
63.949647019730016	1.58
63.94972116838775	1.58
52.7639040284807	1.58
44.23893845874888	1.58
61.12633443710497	1.58
63.94972116838775	1.58
53.32864571807933	1.58
51.436149656558214	1.58
63.888946487092284	1.58
64.63638839178039	1.58
48.256491988158416	1.58
54.33916823025122	1.58
60.22503228580455	1.58
64.63638839178039	1.58
48.256491988158416	1.58
54.95716390046567	1.58
59.47906044177346	1.58
59.234943522777755	1.58
48.256491988158416	1.58
54.026015078465505	1.58
64.07500415912813	1.58
58.08115694931184	1.58
49.60729343561543	1.58
54.026015078465505	1.58
64.07500415912813	1.58
54.318490760714965	1.58
45.978734290250685	1.58
54.026015078465505	1.58
65.65388636255135	1.58
54.245473737114665	1.58
46.758742127555806	1.58
49.96783457566071	1.58
65.65388636255135	1.58
57.57875798259892	1.58
46.45691068264304	1.58
46.449435134399906	1.58
67.67324861993039	1.58
57.57875798259892	1.58
46.45691068264304	1.58
56.48962118820617	1.58
61.50520926099413	1.58
57.22357080421915	1.58
46.45691068264304	1.58
56.47802373466455	1.58
62.53690125400074	1.58
55.36892828268712	1.58
46.45691068264304	1.58
56.55060765870859	1.58
63.206619432185704	1.58
54.30928791094158	1.58
46.31397559360254	1.58
52.91133625641307	1.58
61.82269815810628	1.58
54.991825458567	1.58
45.94726279479235	1.58
50.31071463471044	1.58
61.82269815810628	1.58
56.13073559416339	1.58
40.25292470016075	1.58
49.36009325089613	1.58
61.82269815810628	1.58
57.08163307812752	1.58
46.09671058408639	1.58
46.754556471699374	1.58
61.82269815810628	1.58
61.517958979926206	1.58
46.09671058408639	1.58
53.30476267030631	1.58
63.7462503677684	1.58
61.65302461933861	1.58
53.92380712453216	1.58
54.902686738831264	1.58
63.7462503677684	1.58
62.848716649588894	1.58
55.069615890665574	1.58
58.72508507866378	1.58
63.88576118212432	1.58
66.22728562050582	1.58
58.84383187440453	1.58
58.72508507866378	1.58
68.04460256519059	1.58
67.54335245461088	1.58
58.84383187440453	1.58
56.57150920596085	1.58
68.04460256519059	1.58
64.61549975223494	1.58
56.82532725567195	1.58
49.15173107471903	1.58
66.39633470711402	1.58
61.06177564714229	1.58
53.24691831573556	1.58
52.598818306588996	1.58
67.52597887591487	1.58
66.91167242370335	1.58
56.59220314281534	1.58
59.08088386752237	1.58
67.52597887591487	1.58
67.32669874106149	1.58
54.8434313585706	1.58
59.08088386752237	1.58
67.52597887591487	1.58
67.32669874106149	1.58
59.999171057432356	1.58
59.08088386752237	1.58
67.52597887591487	1.58
67.32669874106149	1.58
56.58378729614624	1.58
56.814217587615104	1.58
65.41284006314277	1.58
62.55173984026838	1.58
57.69704130748599	1.58
56.42712169535173	1.58
66.51278361361297	1.58
65.7181869844213	1.58
58.612303627319854	1.58
54.44177786512853	1.58
66.51278361361297	1.58
67.77198661905155	1.58
58.55270382990304	1.58
54.44177786512853	1.58
66.95014617233737	1.58
64.73740088483137	1.58
50.985208938555516	1.58
49.7457751879533	1.58
66.95014617233737	1.58
64.73740088483137	1.58
51.409233070165826	1.58
53.40149657088639	1.58
66.95014617233737	1.58
64.73740088483137	1.58
50.85524919649072	1.58
57.62400003903205	1.58
66.95014617233737	1.58
67.18489482455819	1.58
47.79979796345839	1.58
52.48531061809052	1.58
66.95014617233737	1.58
64.6455161120505	1.58
47.79979796345839	1.58
52.48531061809052	1.58
66.95014617233737	1.58
66.56964122051016	1.58
55.13302571780516	1.58
59.43874782428646	1.58
67.93385103739844	1.58
67.98225171203525	1.58
53.10009130071215	1.58
57.29596765236237	1.58
67.93385103739844	1.58
63.56360052951503	1.58
53.10009130071215	1.58
52.35818124179001	1.58
67.93385103739844	1.58
63.56360052951503	1.58
57.03580121096832	1.58
57.1762015422316	1.58
67.93385103739844	1.58
63.56360052951503	1.58
51.63719594339342	1.58
56.26301626786258	1.58
67.93385103739844	1.58
63.56360052951503	1.58
48.07158648545871	1.58
56.26301626786258	1.58
62.35233512795352	1.58
64.14594602117796	1.58
48.07158648545871	1.58
51.20893588572802	1.58
62.35233512795352	1.58
64.14594602117796	1.58
46.378870077706694	1.58
50.61376180760927	1.58
62.35233512795352	1.58
64.14594602117796	1.58
46.378870077706694	1.58
50.61376180760927	1.58
65.99220343044172	1.58
66.96092252313346	1.58
46.378870077706694	1.58
55.52158132755608	1.58
65.49229298931903	1.58
66.96092252313346	1.58
46.378870077706694	1.58
54.48115837848515	1.58
65.49229298931903	1.58
66.96092252313346	1.58
55.597413724764465	1.58
53.33993958399864	1.58
61.964938394839116	1.58
67.55842849119526	1.58
52.98709451436902	1.58
55.33144513919939	1.58
61.604575269213946	1.58
67.55842849119526	1.58
52.98709451436902	1.58
44.9508822505554	1.58
60.68364752768464	1.58
67.55842849119526	1.58
52.98709451436902	1.58
44.9508822505554	1.58
60.68364752768464	1.58
67.23500423807948	1.58
54.23485585757764	1.58
35.84489221619771	1.58
60.68364752768464	1.58
67.23500423807948	1.58
54.23485585757764	1.58
33.12478620079442	1.58
60.68364752768464	1.58
64.0170171244667	1.58
52.776630767162146	1.58
37.18091429834831	1.58
63.03166356832931	1.58
58.567185879199045	1.58
52.776630767162146	1.58
46.4882947971381	1.58
62.8930234779239	1.58
67.32043312317882	1.58
47.51129073532144	1.58
46.4882947971381	1.58
62.8930234779239	1.58
67.32043312317882	1.58
47.51129073532144	1.58
54.64611107757637	1.58
65.92586194046436	1.58
64.30698997261223	1.58
47.51129073532144	1.58
47.90975050659495	1.58
61.372195104529595	1.58
62.82692341399211	1.58
54.696715503110894	1.58
47.90975050659495	1.58
61.372195104529595	1.58
66.4856622678624	1.58
56.09540424434242	1.58
42.515299738856164	1.58
61.372195104529595	1.58
66.4856622678624	1.58
56.09540424434242	1.58
42.515299738856164	1.58
61.372195104529595	1.58
66.4856622678624	1.58
55.51452972345391	1.58
47.5505507166733	1.58
65.04992189040149	1.58
65.53847889575823	1.58
55.669635466532206	1.58
47.5505507166733	1.58
66.29979700458028	1.58
60.822345058771035	1.58
58.24786850688738	1.58
43.65587397262517	1.58
62.44199063283201	1.58
60.822345058771035	1.58
59.876472327393536	1.58
43.65587397262517	1.58
62.69509586279994	1.58
60.96349974396436	1.58
61.1452672997561	1.58
43.65587397262517	1.58
62.69509586279994	1.58
60.96349974396436	1.58
60.13566076627792	1.58
43.65587397262517	1.58
64.94776288368794	1.58
61.03540247578822	1.58
60.76178424835971	1.58
43.65587397262517	1.58
64.58065650776882	1.58
58.77164640586555	1.58
60.39666204414692	1.58
48.827690274252916	1.58
67.913813073108	1.58
55.85228360357138	1.58
58.51665856892115	1.58
50.777396988700744	1.58
67.913813073108	1.58
56.612091075788676	1.58
60.2048953959936	1.58
51.271553858743445	1.58
67.913813073108	1.58
55.213790650372516	1.58
63.97794807915447	1.58
50.724412890636714	1.58
62.04327956033695	1.58
52.74373874221749	1.58
61.702129338361644	1.58
50.724412890636714	1.58
67.24745123048017	1.58
51.1378661490172	1.58
61.702129338361644	1.58
51.41990194141175	1.58
67.24745123048017	1.58
51.1378661490172	1.58
64.20171528418217	1.58
51.55080184774327	1.58
63.364391826558624	1.58
51.30682450472785	1.58
66.6479154036771	1.58
51.55080184774327	1.58
61.52952027726772	1.58
52.06552138184754	1.58
66.6479154036771	1.58
48.304867865375286	1.58
61.31203736245912	1.58
58.8769370930464	1.58
66.14561319744082	1.58
52.80360118271837	1.58
61.31203736245912	1.58
53.674540672291435	1.58
66.14561319744082	1.58
46.89446296817132	1.58
56.65663965915786	1.58
58.902330221058335	1.58
64.77454965307469	1.58
46.89446296817132	1.58
60.66177785843027	1.58
53.31109465589415	1.58
64.77454965307469	1.58
46.89446296817132	1.58
62.140694170756724	1.58
57.09485794235254	1.58
65.96767074783638	1.58
37.95359378893451	1.58
62.140694170756724	1.58
52.498694396871976	1.58
67.56239039557938	1.58
46.021294325716426	1.58
58.1772853427642	1.58
55.56788747106083	1.58
61.76413596167748	1.58
46.021294325716426	1.58
58.1772853427642	1.58
56.34594460960287	1.58
65.25719078504035	1.58
47.75144896368863	1.58
64.16062483080769	1.58
62.064208609251736	1.58
66.14902986585547	1.58
47.75144896368863	1.58
64.16062483080769	1.58
62.25450784515587	1.58
65.547988096198	1.58
47.75144896368863	1.58
64.16062483080769	1.58
62.25450784515587	1.58
66.15152323363505	1.58
47.75144896368863	1.58
64.16062483080769	1.58
60.49166139301504	1.58
67.72429945350041	1.58
47.75144896368863	1.58
64.27514020523971	1.58
55.77643485194655	1.58
66.39855904346393	1.58
46.903850509031514	1.58
64.93467187297611	1.58
53.78722961878891	1.58
67.8468768260475	1.58
53.431760212491284	1.58
66.64660565446167	1.58
53.7332063153282	1.58
67.8468768260475	1.58
53.3729719271666	1.58
66.64660565446167	1.58
60.47120982248862	1.58
67.56195861812498	1.58
51.57625836428124	1.58
59.5003430578399	1.58
56.48071493440621	1.58
67.56195861812498	1.58
51.58253087719322	1.58
64.59152501687416	1.58
51.02567400165049	1.58
66.4207970328597	1.58
56.30630886747983	1.58
64.59152501687416	1.58
51.02567400165049	1.58
65.70832028991093	1.58
55.20402266512195	1.58
62.49228015562278	1.58
53.00103862338675	1.58
68.86654205479486	1.58
54.18634498771583	1.58
63.95739327926714	1.58
52.23403601026515	1.58
72.58077663614995	1.58
54.89616446002731	1.58
59.559124813320864	1.58
56.89568383451355	1.58
70.18160820120623	1.58
50.98570435714016	1.58
49.86865310297874	1.58
56.89568383451355	1.58
68.38031428391972	1.58
50.833069687724745	1.58
49.86865310297874	1.58
60.319581385510396	1.58
68.38031428391972	1.58
51.83027982749769	1.58
49.86865310297874	1.58
59.87181650325108	1.58
66.39819687539723	1.58
51.34064220897071	1.58
49.86865310297874	1.58
53.5743612242012	1.58
64.80978706828884	1.58
51.97501158483579	1.58
49.86865310297874	1.58
53.88226843508649	1.58
64.80978706828884	1.58
50.73314998252027	1.58
49.7316765621279	1.58
50.42329229759555	1.58
60.09006871603198	1.58
50.984312989185355	1.58
50.40139527558692	1.58
50.646462872961706	1.58
63.64224454923098	1.58
50.984312989185355	1.58
52.67208624410703	1.58
50.47455818787073	1.58
64.82803902527257	1.58
50.047179937186115	1.58
52.67208624410703	1.58
50.68582371854372	1.58
64.82803902527257	1.58
49.32529659597428	1.58
49.50915364893352	1.58
51.1378638918752	1.58
67.1723451352485	1.58
49.14254182720518	1.58
49.45833005097951	1.58
54.60996228656632	1.58
67.1723451352485	1.58
48.386660863506705	1.58
49.532836654096265	1.58
57.25341453670066	1.58
63.72370836524946	1.58
47.85545929933522	1.58
50.457729032878824	1.58
60.16140265512054	1.58
64.08878346768176	1.58
44.37321982254522	1.58
52.99071723300858	1.58
60.16140265512054	1.58
64.08878346768176	1.58
48.42211319615924	1.58
50.99285674378286	1.58
69.74517611870573	1.58
64.57752565347184	1.58
49.58537185305738	1.58
50.99285674378286	1.58
73.01079441223335	1.58
58.74707229943107	1.58
49.58537185305738	1.58
48.44932576328539	1.58
68.73734303544751	1.58
65.48810440128993	1.58
49.58537185305738	1.58
48.44932576328539	1.58
68.73734303544751	1.58
63.96383867992296	1.58
49.58537185305738	1.58
48.44932576328539	1.58
61.25588387791949	1.58
63.96383867992296	1.58
49.53340042602103	1.58
54.43478720095149	1.58
60.12546539877145	1.58
62.41568294473579	1.58
49.53340042602103	1.58
54.43478720095149	1.58
60.12546539877145	1.58
61.683806213428866	1.58
51.932956395597884	1.58
56.135042799101434	1.58
60.12546539877145	1.58
62.3085898555235	1.58
52.069456105025864	1.58
51.23618829533617	1.58
66.45919225113055	1.58
59.347257683470495	1.58
52.422182547521324	1.58
53.24269273295818	1.58
66.45919225113055	1.58
59.347257683470495	1.58
52.90450222968159	1.58
53.54930384589712	1.58
67.44587946125884	1.58
57.916119175704374	1.58
52.37157444373053	1.58
53.10966115919014	1.58
67.44587946125884	1.58
58.96383145577734	1.58
51.678467068333646	1.58
52.471533642775896	1.58
64.9142496428013	1.58
58.96383145577734	1.58
54.21017099444558	1.58
52.84060820539463	1.58
64.9142496428013	1.58
64.23635993618507	1.58
55.21472052864431	1.58
47.67189054475868	1.58
64.9142496428013	1.58
64.23635993618507	1.58
52.71855263663201	1.58
47.67189054475868	1.58
64.9142496428013	1.58
65.04430225971248	1.58
52.71855263663201	1.58
47.67189054475868	1.58
64.9142496428013	1.58
65.03226215580659	1.58
46.42236453988388	1.58
48.753912662327636	1.58
64.9142496428013	1.58
65.09768829361943	1.58
50.20996935496018	1.58
48.753912662327636	1.58
64.92059051516291	1.58
65.09768829361943	1.58
55.44781200856029	1.58
50.837925403148944	1.58
64.83030611361359	1.58
65.09768829361943	1.58
53.16259908633843	1.58
50.61432696849511	1.58
65.88650442437333	1.58
65.4044315371758	1.58
53.922590458953984	1.58
48.704715293049645	1.58
66.29613027702747	1.58
65.4044315371758	1.58
55.994245043055166	1.58
48.704715293049645	1.58
66.68833067801937	1.58
65.4044315371758	1.58
58.12419500037036	1.58
48.68261648531453	1.58
65.29054938243455	1.58
65.38560042935075	1.58
56.75257176333872	1.58
48.68261648531453	1.58
64.29782288084833	1.58
65.51542431383173	1.58
55.12905494028144	1.58
46.105810854545055	1.58
64.67657292871982	1.58
62.274781584233196	1.58
51.5167802437645	1.58
43.773376073716776	1.58
64.67657292871982	1.58
60.379969119561004	1.58
50.6266576377073	1.58
43.773376073716776	1.58
58.94583625752355	1.58
61.4439855391093	1.58
50.6266576377073	1.58
38.76477264703188	1.58
58.83911011316994	1.58
63.952088083967425	1.58
57.418468586716585	1.58
38.76477264703188	1.58
53.85709103193973	1.58
67.78711818490595	1.58
57.619729509793615	1.58
38.76477264703188	1.58
53.703493140612736	1.58
67.78711818490595	1.58
57.619729509793615	1.58
38.76477264703188	1.58
54.54391329891368	1.58
67.78711818490595	1.58
62.4036076806996	1.58
38.76477264703188	1.58
54.54391329891368	1.58
66.60425997251872	1.58
62.92145131758986	1.58
47.523484323087445	1.58
56.66118460320925	1.58
66.60425997251872	1.58
59.82278851225498	1.58
54.11923385909271	1.58
56.37830716896424	1.58
67.44994329802881	1.58
57.67753535181256	1.58
54.56982723075543	1.58
55.261517680469815	1.58
63.26855241999907	1.58
58.93083916071467	1.58
58.52190733050304	1.58
57.90342819734197	1.58
63.93244168839082	1.58
59.14482217723408	1.58
58.65725710282879	1.58
58.318788981765366	1.58
64.92220547223646	1.58
59.32952100174188	1.58
58.472373835173556	1.58
54.48739627782764	1.58
66.76936454200026	1.58
58.53639062830962	1.58
60.67651129521057	1.58
55.00797155381455	1.58
65.73199365908677	1.58
61.51200202570869	1.58
60.97574907485377	1.58
55.93946089305494	1.58
65.73199365908677	1.58
59.18870887736817	1.58
60.92219735612509	1.58
55.23656274007084	1.58
63.89581007472876	1.58
59.18870887736817	1.58
60.990958572618375	1.58
54.28186415896323	1.58
66.65950799453132	1.58
59.75545322261683	1.58
60.67792666373497	1.58
57.71310533653675	1.58
66.65950799453132	1.58
59.02482989961033	1.58
59.683569380434136	1.58
57.59352633962393	1.58
67.78537445050787	1.58
59.05098208097382	1.58
52.72851381702083	1.58
53.7756261640074	1.58
64.08359128212201	1.58
64.78741611504685	1.58
52.72851381702083	1.58
55.70605592613297	1.58
67.60754795149232	1.58
64.78741611504685	1.58
47.91499816410466	1.58
59.88936116975162	1.58
67.60754795149232	1.58
64.78741611504685	1.58
42.65277229699849	1.58
60.10662393016548	1.58
67.03542027837133	1.58
67.03016163135071	1.58
40.80006519994237	1.58
63.20003680817884	1.58
67.68536398188988	1.58
65.43390490154236	1.58
40.80006519994237	1.58
61.148900032366186	1.58
65.19766766683307	1.58
65.43390490154236	1.58
51.25334178331039	1.58
62.07131687020675	1.58
67.27483747460857	1.58
68.58364084842763	1.58
56.317513298449434	1.58
59.66254289664681	1.58
67.27483747460857	1.58
67.61119116224734	1.58
59.77907435350871	1.58
62.07556934009994	1.58
65.52285624043441	1.58
69.39698875479195	1.58
59.47528257726764	1.58
60.33003121888914	1.58
64.57427016764507	1.58
68.1753265582497	1.58
61.50940358539512	1.58
59.19839560045845	1.58
65.7660761071466	1.58
68.1753265582497	1.58
60.94392696395708	1.58
58.04419972250046	1.58
66.56279121601284	1.58
68.1753265582497	1.58
59.67169989203241	1.58
57.60131894449629	1.58
66.56279121601284	1.58
68.1753265582497	1.58
61.62860264196284	1.58
56.06455412150126	1.58
66.38630915736357	1.58
68.1753265582497	1.58
55.70250208363863	1.58
56.06455412150126	1.58
66.38630915736357	1.58
68.1753265582497	1.58
55.39476394974377	1.58
58.277101988959195	1.58
66.38630915736357	1.58
68.1753265582497	1.58
57.69351464301087	1.58
60.15874984176601	1.58
67.27904740598734	1.58
63.73668696885247	1.58
51.99998400302027	1.58
60.15874984176601	1.58
64.1540583195623	1.58
64.15030127032067	1.58
51.99998400302027	1.58
60.14398676287601	1.58
66.62642473595511	1.58
64.54403504665494	1.58
55.15745704477298	1.58
60.14398676287601	1.58
66.62642473595511	1.58
64.54403504665494	1.58
59.53849160413888	1.58
58.82477124462718	1.58
66.62642473595511	1.58
62.07365903144633	1.58
59.53849160413888	1.58
58.55835952161115	1.58
65.61566683954668	1.58
62.07365903144633	1.58
61.54902745771658	1.58
57.62990707819955	1.58
64.54531187147819	1.58
62.290619260352265	1.58
61.19991698484978	1.58
57.19416909337741	1.58
63.3920459854711	1.58
61.34824466357618	1.58
59.54726484525604	1.58
57.19416909337741	1.58
66.02140926986922	1.58
61.72069187872633	1.58
58.18266548981167	1.58
56.16860057123104	1.58
65.61021918989925	1.58
63.96467174110005	1.58
52.400889708384305	1.58
56.16860057123104	1.58
61.9350302264672	1.58
63.96467174110005	1.58
52.40607673618587	1.58
56.16860057123104	1.58
61.9350302264672	1.58
60.92919110170415	1.58
56.693672539846204	1.58
57.11385900829041	1.58
61.83189699279865	1.58
63.268629099816984	1.58
54.19515564405425	1.58
51.96466466624681	1.58
61.83189699279865	1.58
67.58457029483115	1.58
54.19515564405425	1.58
56.3797522693539	1.58
67.13754720482805	1.58
67.58457029483115	1.58
59.933509804695845	1.58
55.11032158775805	1.58
68.53387433113362	1.58
66.19638346874245	1.58
51.34435120690047	1.58
59.3183821831835	1.58
68.53387433113362	1.58
65.41972660066146	1.58
51.34435120690047	1.58
57.60485518982469	1.58
68.53387433113362	1.58
69.67010271509469	1.58
51.34435120690047	1.58
61.82990454432013	1.58
64.52770103182267	1.58
69.67010271509469	1.58
59.78376304395684	1.58
62.67845456423928	1.58
63.852940287012814	1.58
69.67010271509469	1.58
52.18991842552835	1.58
62.67845456423928	1.58
63.364657596404825	1.58
70.2194882143054	1.58
52.349784002659234	1.58
56.23736599619883	1.58
60.14574292667408	1.58
87.6835314797903	1.58
51.09079904704738	1.58
56.23736599619883	1.58
63.51279995058534	1.58
90.13192473355684	1.58
51.888680908920215	1.58
51.318644151995755	1.58
63.51279995058534	1.58
77.97320643735443	1.58
51.888680908920215	1.58
58.174566691821994	1.58
61.299526852580975	1.58
77.97320643735443	1.58
52.785271397208334	1.58
58.174566691821994	1.58
63.09312804887029	1.58
86.52206519799243	1.58
52.785271397208334	1.58
41.65968831769959	1.58
63.09312804887029	1.58
86.52206519799243	1.58
55.0801159277687	1.58
44.343121930726326	1.58
63.09312804887029	1.58
86.52206519799243	1.58
55.0801159277687	1.58
41.76899384860653	1.58
61.805251404180254	1.58
92.69744438597938	1.58
61.91385782690753	1.58
36.60482205826359	1.58
61.805251404180254	1.58
92.69744438597938	1.58
61.92682008735959	1.58
52.56613051298848	1.58
61.805251404180254	1.58
92.69744438597938	1.58
64.7289806221933	1.58
47.50010181490224	1.58
61.337420030319734	1.58
92.69744438597938	1.58
64.61096880921022	1.58
47.50010181490224	1.58
60.757875789444746	1.58
92.69744438597938	1.58
57.08353294850148	1.58
47.50010181490224	1.58
57.578003821643165	1.58
92.69744438597938	1.58
57.01071831070096	1.58
47.50010181490224	1.58
64.01966036895185	1.58
86.07139104023183	1.58
57.54861984558707	1.58
49.208824052211675	1.58
65.55508565807949	1.58
96.7160056643539	1.58
57.54861984558707	1.58
66.20272209137981	1.58
65.81139658455494	1.58
86.81063625164832	1.58
56.134445165185625	1.58
50.69742895546761	1.58
65.67656279714373	1.58
86.81063625164832	1.58
56.134445165185625	1.58
50.69742895546761	1.58
65.67656279714373	1.58
79.25601501442554	1.58
53.550975134452315	1.58
50.69742895546761	1.58
65.67656279714373	1.58
65.99555022445315	1.58
59.029405925673125	1.58
50.69742895546761	1.58
65.67656279714373	1.58
66.39222013653803	1.58
57.76015382703066	1.58
55.94491526083902	1.58
67.20230821051136	1.58
66.21876206559666	1.58
57.74420230310197	1.58
48.6494997483409	1.58
67.20230821051136	1.58
66.21876206559666	1.58
52.29909869744175	1.58
48.6494997483409	1.58
60.89120246785778	1.58
66.21876206559666	1.58
51.09591810261013	1.58
44.544421488304906	1.58
76.7552461804554	1.58
66.21876206559666	1.58
52.71331772589396	1.58
44.544421488304906	1.58
81.71908819231086	1.58
66.21876206559666	1.58
52.71331772589396	1.58
44.544421488304906	1.58
81.71908819231086	1.58
55.84781674521118	1.58
51.75789946564048	1.58
60.28070979035998	1.58
81.71908819231086	1.58
55.5783650730511	1.58
61.82786977851465	1.58
60.28070979035998	1.58
76.31750921807966	1.58
57.65076767081468	1.58
51.42885363254143	1.58
60.28070979035998	1.58
89.80791911476494	1.58
55.98852478917017	1.58
51.42885363254143	1.58
58.77690428780718	1.58
89.80791911476494	1.58
54.11692178919341	1.58
49.7409425521733	1.58
58.77690428780718	1.58
89.80791911476494	1.58
54.25909090242533	1.58
61.145187330432364	1.58
35.43886901745301	1.58
94.49932209291467	1.58
55.89172293691851	1.58
60.99655185508938	1.58
41.64767085864029	1.58
84.54932096184785	1.58
57.23968381305314	1.58
60.99655185508938	1.58
41.64767085864029	1.58
97.58195925337023	1.58
64.43606182382734	1.58
61.293016691713845	1.58
61.18234622386156	1.58
97.58195925337023	1.58
63.606451005018194	1.58
61.293016691713845	1.58
61.18234622386156	1.58
101.39284219707561	1.58
64.99856507960176	1.58
61.293016691713845	1.58
64.48855436431387	1.58
101.39284219707561	1.58
63.7135245290036	1.58
61.293016691713845	1.58
56.78836082036723	1.58
101.39284219707561	1.58
69.37343553586784	1.58
61.293016691713845	1.58
50.49149481466485	1.58
101.39284219707561	1.58
83.33037933438644	1.58
68.11427281767925	1.58
51.376638852767414	1.58
101.39284219707561	1.58
86.33611521154504	1.58
50.65887468671374	1.58
51.376638852767414	1.58
101.39284219707561	1.58
80.43363765465384	1.58
50.65887468671374	1.58
51.376638852767414	1.58
101.39284219707561	1.58
101.1575455035669	1.58
50.65887468671374	1.58
51.376638852767414	1.58
82.37802973696986	1.58
101.1575455035669	1.58
60.07940128090154	1.58
51.376638852767414	1.58
77.35652654286103	1.58
101.1575455035669	1.58
60.07940128090154	1.58
51.376638852767414	1.58
74.88930300793818	1.58
101.1575455035669	1.58
61.609295861730814	1.58
51.376638852767414	1.58
83.13028469696638	1.58
80.71036920923791	1.58
61.609295861730814	1.58
51.376638852767414	1.58
88.62323436817306	1.58
88.29706506055152	1.58
52.128022042400815	1.58
63.85125822075918	1.58
88.62323436817306	1.58
99.88191003137013	1.58
62.255657358164825	1.58
63.85125822075918	1.58
88.62323436817306	1.58
99.88191003137013	1.58
62.255657358164825	1.58
63.85125822075918	1.58
89.33026366291006	1.58
97.72232995614286	1.58
62.255657358164825	1.58
63.85125822075918	1.58
91.98096735541156	1.58
97.72232995614286	1.58
62.255657358164825	1.58
56.238883561942274	1.58
85.50645181007769	1.58
97.72232995614286	1.58
62.255657358164825	1.58
55.93318067795275	1.58
75.79633326370555	1.58
101.0156905476204	1.58
62.255657358164825	1.58
55.93318067795275	1.58
69.87559831586479	1.58
101.0156905476204	1.58
59.3256080358171	1.58
55.93318067795275	1.58
72.12218680324554	1.58
101.0156905476204	1.58
59.3256080358171	1.58
55.93318067795275	1.58
69.46246219014205	1.58
101.0156905476204	1.58
59.3256080358171	1.58
47.330158686267595	1.58
69.6071418857047	1.58
101.0156905476204	1.58
59.3256080358171	1.58
47.330158686267595	1.58
73.74766290454954	1.58
89.93933446192743	1.58
64.13407769159613	1.58
47.330158686267595	1.58
80.42786224614636	1.58
89.93933446192743	1.58
64.13407769159613	1.58
47.330158686267595	1.58
70.81724960434708	1.58
89.93933446192743	1.58
64.13407769159613	1.58
55.709932465540994	1.58
73.48897278389357	1.58
102.49959095977349	1.58
58.49982165426524	1.58
53.9033000226725	1.58
69.85568193675007	1.58
80.30103398204574	1.58
61.76167432047716	1.58
50.979142773887325	1.58
69.85568193675007	1.58
94.9383459808124	1.58
56.548219297938445	1.58
53.35135628154222	1.58
67.07449013898656	1.58
94.9383459808124	1.58
55.82035038086485	1.58
64.23552569236317	1.58
65.92661761427345	1.58
94.9383459808124	1.58
61.88253178728916	1.58
63.76289180631613	1.58
67.34024618314075	1.58
94.9383459808124	1.58
61.88253178728916	1.58
41.545614047131316	1.58
67.34024618314075	1.58
94.9383459808124	1.58
63.85360949155674	1.58
41.545614047131316	1.58
64.0829741962973	1.58
94.9383459808124	1.58
63.875336710491304	1.58
41.545614047131316	1.58
59.139740405830324	1.58
94.9383459808124	1.58
63.875336710491304	1.58
41.545614047131316	1.58
63.11452876566749	1.58
94.9383459808124	1.58
64.24705435420643	1.58
49.17366689553579	1.58
65.09203084758201	1.58
79.8273818612401	1.58
63.87432501441456	1.58
49.17366689553579	1.58
65.70557993312102	1.58
77.30909324586925	1.58
64.10566871763622	1.58
49.17366689553579	1.58
62.35923634849418	1.58
76.29385369051153	1.58
64.10566871763622	1.58
49.17366689553579	1.58
58.47216050104706	1.58
76.29385369051153	1.58
63.50855359814312	1.58
50.5592991628721	1.58
57.14003688053021	1.58
66.01688118310791	1.58
62.344633099840735	1.58
52.135391476224704	1.58
57.55385389720924	1.58
68.78009887165273	1.58
62.344633099840735	1.58
53.6171785465572	1.58
58.88192500992942	1.58
66.79648341694792	1.58
64.41472830181014	1.58
53.676813820249265	1.58
58.32188283478158	1.58
66.85367796231755	1.58
64.41472830181014	1.58
54.630700218516395	1.58
58.32188283478158	1.58
67.03861768456838	1.58
68.1630286995081	1.58
55.58845055308628	1.58
52.12354376531347	1.58
67.03861768456838	1.58
67.71673398967035	1.58
58.5911494298125	1.58
46.0107974231278	1.58
67.35124391241432	1.58
68.88482855194636	1.58
61.75819301149237	1.58
45.413499036915844	1.58
67.35124391241432	1.58
68.5473625443307	1.58
61.75819301149237	1.58
56.21662992942501	1.58
67.35124391241432	1.58
69.20616416728457	1.58
66.14343538507129	1.58
49.06175715876233	1.58
67.35124391241432	1.58
68.32317279302318	1.58
66.14343538507129	1.58
49.06175715876233	1.58
66.4574948753116	1.58
68.32317279302318	1.58
65.94823097712072	1.58
52.766857374707854	1.58
66.96093635348115	1.58
67.94757066536097	1.58
65.42893063036705	1.58
52.766857374707854	1.58
67.11598036932949	1.58
67.66631173276245	1.58
60.10204676370854	1.58
52.43059778269449	1.58
65.4772636897452	1.58
67.269110800172	1.58
59.876330650418964	1.58
52.43059778269449	1.58
65.4772636897452	1.58
67.269110800172	1.58
56.73015102339259	1.58
53.52544430030521	1.58
65.1399035540377	1.58
67.269110800172	1.58
57.79360187238983	1.58
53.52544430030521	1.58
65.1399035540377	1.58
67.269110800172	1.58
59.89859178990598	1.58
53.128956858580345	1.58
64.15952393089724	1.58
67.269110800172	1.58
56.241804096244095	1.58
53.128956858580345	1.58
62.97747203665353	1.58
67.269110800172	1.58
54.322989691161084	1.58
51.59052186156968	1.58
68.4294607638493	1.58
67.269110800172	1.58
54.51394951871173	1.58
52.63473755026517	1.58
68.4294607638493	1.58
67.36834172328487	1.58
53.837148973130276	1.58
55.366795470181756	1.58
68.32338873633955	1.58
67.83018223692208	1.58
53.837148973130276	1.58
56.61026918688073	1.58
66.25742542917921	1.58
68.48854629030225	1.58
53.837148973130276	1.58
56.61026918688073	1.58
64.39952411867766	1.58
68.48854629030225	1.58
52.84440784937175	1.58
56.61026918688073	1.58
65.14223096159377	1.58
68.48854629030225	1.58
53.48063429973055	1.58
59.55286459265558	1.58
66.14524932996282	1.58
68.48854629030225	1.58
53.48063429973055	1.58
57.52866891226714	1.58
65.45823123278066	1.58
68.48854629030225	1.58
53.48063429973055	1.58
60.62718081725498	1.58
65.45823123278066	1.58
68.48854629030225	1.58
50.727983830157456	1.58
58.089326373681736	1.58
65.45823123278066	1.58
68.60463079088616	1.58
46.03814261422845	1.58
53.676198251199	1.58
63.30617231026526	1.58
64.74680131193811	1.58
52.194072616731674	1.58
54.27316593874947	1.58
63.30617231026526	1.58
65.27128420383303	1.58
50.864824977932805	1.58
57.63358320544156	1.58
63.30617231026526	1.58
63.70550246738654	1.58
52.86421190942169	1.58
58.41160846044798	1.58
63.29438671402974	1.58
67.0503461767091	1.58
52.86421190942169	1.58
60.89037565109178	1.58
61.70228451573984	1.58
68.02255468469467	1.58
54.0037070600345	1.58
60.89037565109178	1.58
61.67814018141271	1.58
68.02255468469467	1.58
56.78095096795315	1.58
54.974943835146185	1.58
65.08244013051048	1.58
69.12381899847952	1.58
59.885645195545436	1.58
52.26254472979436	1.58
65.08244013051048	1.58
69.12381899847952	1.58
60.39481271389899	1.58
50.34929977378366	1.58
62.49669342044213	1.58
75.40514657394047	1.58
58.73563407029082	1.58
50.34929977378366	1.58
54.84820937380489	1.58
81.14404385770284	1.58
54.8472016015625	1.58
50.97808360044554	1.58
54.84820937380489	1.58
73.23632125167141	1.58
54.480865759455575	1.58
48.87667634812311	1.58
55.12894610473283	1.58
67.22169753863213	1.58
54.2685033878388	1.58
48.87667634812311	1.58
60.44584387387522	1.58
67.22169753863213	1.58
48.92867902313942	1.58
48.87401131867298	1.58
60.34496188870497	1.58
66.09777118957051	1.58
48.92867902313942	1.58
48.87401131867298	1.58
58.634710425237685	1.58
60.18914646189248	1.58
48.935726583756	1.58
48.87244222772668	1.58
58.634710425237685	1.58
61.477621554162305	1.58
48.90738636096677	1.58
48.88004821988149	1.58
56.99772804056498	1.58
61.31527148858358	1.58
52.040284371110324	1.58
49.43280258561087	1.58
57.85388024478112	1.58
62.1624949735565	1.58
52.040284371110324	1.58
53.31025179059364	1.58
57.14586949710123	1.58
62.34225067868228	1.58
52.040284371110324	1.58
56.32853683209284	1.58
57.34777794316364	1.58
61.347418299096894	1.58
53.49730950641144	1.58
53.88435353796762	1.58
57.34777794316364	1.58
62.72054845588737	1.58
52.435856994013776	1.58
53.88435353796762	1.58
58.57080597378348	1.58
64.71717839717793	1.58
53.33382158652059	1.58
54.3372007138337	1.58
56.655490636293926	1.58
64.71717839717793	1.58
52.36773340725896	1.58
55.82025588032378	1.58
56.57761344436467	1.58
67.41290591209793	1.58
48.18217095974016	1.58
58.21397219098291	1.58
56.63922726970327	1.58
66.627481218469	1.58
48.18217095974016	1.58
58.82479816001767	1.58
64.33083623563627	1.58
66.627481218469	1.58
48.18217095974016	1.58
62.06341632034962	1.58
63.398772798450565	1.58
66.627481218469	1.58
53.29797335687466	1.58
60.40934161097983	1.58
64.17888255964172	1.58
66.627481218469	1.58
53.78556086876034	1.58
62.169450960561306	1.58
64.71625480603878	1.58
66.46365449903803	1.58
54.42898469221925	1.58
58.78862990028428	1.58
64.71625480603878	1.58
66.55686804079029	1.58
58.34374523434922	1.58
54.19974201436881	1.58
65.36712575233517	1.58
66.55686804079029	1.58
59.91488500077094	1.58
55.968503734101006	1.58
65.36712575233517	1.58
66.73437394380943	1.58
58.475672436042	1.58
57.83918419730526	1.58
64.71846627750713	1.58
66.73437394380943	1.58
54.482609333155565	1.58
57.83918419730526	1.58
64.98931408932776	1.58
66.41145838534425	1.58
53.888466458895536	1.58
60.553359421126615	1.58
63.98248731209975	1.58
66.41145838534425	1.58
55.80712244679247	1.58
61.44517600295294	1.58
68.33292083052902	1.58
66.41145838534425	1.58
55.80712244679247	1.58
61.44517600295294	1.58
68.5267084910412	1.58
66.99401644614187	1.58
45.143374824763555	1.58
61.871878821903536	1.58
68.84644795431917	1.58
65.60910026835639	1.58
50.99161042962758	1.58
62.03018135841505	1.58
68.84644795431917	1.58
65.22073867957293	1.58
49.75135967574475	1.58
63.37311414340399	1.58
68.86393900445532	1.58
61.82022749948833	1.58
49.685167122809375	1.58
63.157356736284335	1.58
65.74731859210502	1.58
62.301515680467595	1.58
49.685167122809375	1.58
61.48512350055849	1.58
65.74731859210502	1.58
60.81511990903094	1.58
51.081708869964274	1.58
59.02668830813562	1.58
60.48524562467775	1.58
60.69355809442323	1.58
49.97707362107596	1.58
59.25577428979575	1.58
60.410179515444995	1.58
61.74715136900604	1.58
49.97707362107596	1.58
59.263463129997035	1.58
60.410179515444995	1.58
61.68348265239248	1.58
43.73203294305627	1.58
59.69835635350988	1.58
60.410179515444995	1.58
60.97152443806538	1.58
43.73203294305627	1.58
59.46452602940023	1.58
60.410179515444995	1.58
61.94088398452219	1.58
43.73203294305627	1.58
57.59432219348101	1.58
56.639122316285665	1.58
61.020963068168555	1.58
47.74672615062945	1.58
57.374010962396554	1.58
56.84824668309916	1.58
61.020963068168555	1.58
49.01764139404058	1.58
55.810654283843185	1.58
53.36717378485659	1.58
63.01851692641138	1.58
51.859079861821265	1.58
57.14354488071551	1.58
53.36717378485659	1.58
64.25483592318975	1.58
52.354815220462584	1.58
60.19651824228085	1.58
54.14523907951709	1.58
67.78024696528811	1.58
51.867822925675355	1.58
59.550955056798294	1.58
54.255209321262505	1.58
65.93762306441094	1.58
50.58748148808575	1.58
59.550955056798294	1.58
54.56812552953484	1.58
65.93762306441094	1.58
49.76472305845315	1.58
66.54731222782517	1.58
57.02950930371372	1.58
65.73700280283285	1.58
50.56152204785337	1.58
60.665199438196254	1.58
57.02950930371372	1.58
67.05522861065822	1.58
50.56152204785337	1.58
59.7484438444269	1.58
55.06825824722618	1.58
67.05522861065822	1.58
54.273550803851975	1.58
63.039388218415965	1.58
55.486987193101726	1.58
69.05505610118546	1.58
54.19065792937678	1.58
63.039388218415965	1.58
50.002616838747905	1.58
69.05505610118546	1.58
57.26105137187073	1.58
60.58962276360141	1.58
51.032108501245794	1.58
66.11884457521718	1.58
57.26105137187073	1.58
57.42290775826337	1.58
46.85790761035584	1.58
66.11884457521718	1.58
57.26105137187073	1.58
57.42290775826337	1.58
47.46517827843175	1.58
65.67932793339428	1.58
53.293203352989785	1.58
51.90848259021826	1.58
45.9840781041825	1.58
63.10022253490995	1.58
54.06844087684604	1.58
53.74116225998285	1.58
45.9840781041825	1.58
61.712761374734974	1.58
60.42195453911744	1.58
54.91598459402353	1.58
41.93342685052725	1.58
61.712761374734974	1.58
60.209639705991336	1.58
50.25236895452339	1.58
41.93342685052725	1.58
61.712761374734974	1.58
62.5036725974455	1.58
48.519211987182906	1.58
41.93342685052725	1.58
61.712761374734974	1.58
63.5004422594826	1.58
50.97527003890639	1.58
50.754167393183835	1.58
57.65160993986838	1.58
63.5004422594826	1.58
50.97527003890639	1.58
53.371919847399965	1.58
55.733414383799364	1.58
63.5004422594826	1.58
56.55568720198265	1.58
50.689719139246115	1.58
57.01312960710009	1.58
61.059464022296574	1.58
58.681155934078156	1.58
53.434712632337174	1.58
55.89155561642687	1.58
59.911949216791804	1.58
57.58829828326485	1.58
53.42920615543899	1.58
57.09420851116003	1.58
65.93683023770186	1.58
57.83940415509744	1.58
53.37987840996891	1.58
56.4680525599787	1.58
65.15868156802567	1.58
53.173397722754245	1.58
53.37987840996891	1.58
59.61205597165791	1.58
68.04242802950085	1.58
47.509924403251816	1.58
53.37987840996891	1.58
59.61205597165791	1.58
68.04242802950085	1.58
47.509924403251816	1.58
48.69752009942092	1.58
61.509322193354805	1.58
64.26823021758389	1.58
48.47041469186298	1.58
55.94735930897753	1.58
61.43124487323025	1.58
57.607250558666365	1.58
48.47041469186298	1.58
55.26276065410876	1.58
67.24895256192043	1.58
57.607250558666365	1.58
48.47041469186298	1.58
55.26276065410876	1.58
67.24895256192043	1.58
56.79787001138827	1.58
46.82257071598684	1.58
55.26276065410876	1.58
67.24895256192043	1.58
55.757079805551484	1.58
46.82257071598684	1.58
56.18733964734345	1.58
67.24895256192043	1.58
55.75326251246775	1.58
45.42888799234405	1.58
56.05351990978632	1.58
78.2536258943997	1.58
65.26607967468905	1.58
45.42888799234405	1.58
53.90478652784776	1.58
88.93170504137517	1.58
65.26607967468905	1.58
45.42888799234405	1.58
48.70502141656907	1.58
92.4094950025066	1.58
65.26607967468905	1.58
35.06228969997443	1.58
48.70502141656907	1.58
89.58130387340908	1.58
59.14841996055936	1.58
48.695561927387345	1.58
48.70502141656907	1.58
91.48152267585928	1.58
56.641832071766345	1.58
54.18462842285968	1.58
52.454898843171485	1.58
91.48152267585928	1.58
56.380560497521834	1.58
54.18462842285968	1.58
49.63243598024236	1.58
91.48152267585928	1.58
56.380560497521834	1.58
55.076673223258624	1.58
59.73806483342756	1.58
91.48152267585928	1.58
54.142090387408814	1.58
55.076673223258624	1.58
63.148738528822236	1.58
84.88690332279833	1.58
53.72602207797928	1.58
56.0885062746939	1.58
63.148738528822236	1.58
85.16255501045825	1.58
53.72602207797928	1.58
56.0885062746939	1.58
63.148738528822236	1.58
79.87130326746576	1.58
53.38642666971032	1.58
56.0885062746939	1.58
64.28507717455098	1.58
80.93139734150428	1.58
54.218774925001334	1.58
56.0885062746939	1.58
64.28507717455098	1.58
85.48926088949075	1.58
54.218774925001334	1.58
56.148686138741205	1.58
64.28507717455098	1.58
85.48926088949075	1.58
53.70093284990248	1.58
56.148686138741205	1.58
64.28507717455098	1.58
84.06534792743108	1.58
53.08696487199758	1.58
56.148686138741205	1.58
55.82027459221693	1.58
76.60034929204384	1.58
53.86252868714459	1.58
63.12073819104031	1.58
55.7137748858958	1.58
87.70021934554896	1.58
53.964512805919426	1.58
60.63867834268127	1.58
56.959983319395555	1.58
97.26790855154094	1.58
54.92498663001102	1.58
60.63867834268127	1.58
56.959983319395555	1.58
97.26790855154094	1.58
55.40337261726011	1.58
49.94757665353409	1.58
57.63019130549795	1.58
79.89462155598463	1.58
53.17966486547829	1.58
47.31684132894922	1.58
62.61708023735076	1.58
85.19363018404073	1.58
51.186359198203405	1.58
47.31684132894922	1.58
62.61708023735076	1.58
80.62188037900387	1.58
56.18085422468296	1.58
47.31684132894922	1.58
62.61708023735076	1.58
79.03694993906632	1.58
58.03201277978559	1.58
47.31684132894922	1.58
63.85454221264631	1.58
76.93578894395472	1.58
60.5128140427996	1.58
47.31684132894922	1.58
57.721016065598164	1.58
86.521009196349	1.58
63.19222230346095	1.58
55.20168555769099	1.58
57.721016065598164	1.58
101.98805054378077	1.58
67.49978503914913	1.58
57.12216061704178	1.58
59.47821510011611	1.58
101.98805054378077	1.58
67.49978503914913	1.58
57.12216061704178	1.58
53.07164018424173	1.58
101.57374869413306	1.58
63.852802423299345	1.58
57.43694762843928	1.58
53.07164018424173	1.58
101.57374869413306	1.58
61.19939514648583	1.58
56.571850310671465	1.58
54.01188052433379	1.58
98.89032759201012	1.58
61.19939514648583	1.58
55.26244465741941	1.58
56.29137026665282	1.58
98.89032759201012	1.58
63.0875663893206	1.58
51.38797578189863	1.58
56.67471526515605	1.58
98.89032759201012	1.58
63.0875663893206	1.58
53.10456791060723	1.58
44.76798311148116	1.58
72.83116139241038	1.58
63.26167194665887	1.58
53.10456791060723	1.58
41.66027644134138	1.58
63.64654743215999	1.58
66.43745662039244	1.58
55.36893569940581	1.58
41.66027644134138	1.58
63.64654743215999	1.58
65.75332555793197	1.58
57.62746200899486	1.58
41.66027644134138	1.58
63.64654743215999	1.58
64.78758996935235	1.58
59.36072444871344	1.58
44.79586261287481	1.58
67.7662929838103	1.58
63.03350588412609	1.58
60.97441145839026	1.58
44.79586261287481	1.58
67.7662929838103	1.58
63.62690468571847	1.58
61.21799873890712	1.58
53.8758953757778	1.58
67.7662929838103	1.58
63.62690468571847	1.58
61.61877297662079	1.58
56.79729189016075	1.58
67.7662929838103	1.58
63.53596264097317	1.58
59.60483386478383	1.58
49.00641973579752	1.58
67.52408973391931	1.58
63.53596264097317	1.58
54.50121454031824	1.58
49.00641973579752	1.58
62.28633932226065	1.58
63.53596264097317	1.58
51.427898036834335	1.58
49.00641973579752	1.58
62.28633932226065	1.58
68.58535747470245	1.58
46.43095725224103	1.58
49.49688063485946	1.58
67.85318422902077	1.58
68.58535747470245	1.58
51.39907820763118	1.58
51.41586747451705	1.58
67.85318422902077	1.58
68.58535747470245	1.58
49.58107476780102	1.58
51.41586747451705	1.58
67.85318422902077	1.58
68.58535747470245	1.58
50.285942196583655	1.58
51.41586747451705	1.58
59.67997281245018	1.58
68.58535747470245	1.58
43.9370566117831	1.58
51.41586747451705	1.58
59.67997281245018	1.58
63.7288388606875	1.58
43.9370566117831	1.58
50.92947273578435	1.58
66.44798353073301	1.58
63.7288388606875	1.58
46.18503243181053	1.58
50.60328764924059	1.58
66.44798353073301	1.58
65.39194827432323	1.58
42.78348396505243	1.58
50.60328764924059	1.58
66.44798353073301	1.58
65.39194827432323	1.58
51.546136942756554	1.58
52.985061937209814	1.58
66.44798353073301	1.58
65.39194827432323	1.58
51.546136942756554	1.58
51.78025623268702	1.58
63.15478498032417	1.58
65.39194827432323	1.58
41.72501064417137	1.58
40.45352166975658	1.58
63.15478498032417	1.58
65.39194827432323	1.58
41.72501064417137	1.58
40.21791843192717	1.58
60.10236153493207	1.58
65.39194827432323	1.58
39.436464789594424	1.58
40.21791843192717	1.58
60.10236153493207	1.58
65.39194827432323	1.58
50.06583554127906	1.58
45.18659432088049	1.58
58.46911858654575	1.58
65.39194827432323	1.58
53.16800592864578	1.58
44.758809263397744	1.58
59.241607549292326	1.58
61.787053290519836	1.58
52.084510942918456	1.58
42.705596720885524	1.58
61.25164086919906	1.58
61.787053290519836	1.58
49.628392369640366	1.58
51.693213677891656	1.58
65.17328247720488	1.58
65.05681820535158	1.58
47.40019512285318	1.58
51.693213677891656	1.58
61.605719128319976	1.58
64.48268746085563	1.58
51.10970991749921	1.58
51.70222089790584	1.58
61.605719128319976	1.58
65.65414176908975	1.58
47.43452621005015	1.58
58.414533898732344	1.58
57.257671094376605	1.58
59.07639635200262	1.58
50.228777601565795	1.58
57.836975145301274	1.58
57.16871974204453	1.58
59.890048646404416	1.58
51.56451412181561	1.58
56.916883546455594	1.58
55.19338241128343	1.58
61.54263112421852	1.58
54.27814153536945	1.58
56.14216815476386	1.58
54.88580349602021	1.58
60.296222641164114	1.58
48.33338652316136	1.58
55.1234456969548	1.58
56.532389631598875	1.58
62.17376547833038	1.58
48.33338652316136	1.58
55.66011134186693	1.58
56.111523276315026	1.58
62.17376547833038	1.58
44.934662594114954	1.58
55.28739350759223	1.58
61.98353014638907	1.58
66.23849312473087	1.58
47.06187584905919	1.58
57.52120471340881	1.58
60.15176230434569	1.58
67.34865383527156	1.58
47.06187584905919	1.58
49.118359118090865	1.58
60.15176230434569	1.58
67.34865383527156	1.58
47.06187584905919	1.58
49.118359118090865	1.58
62.92879190436379	1.58
61.50445911006651	1.58
49.05214619487496	1.58
52.62199394938073	1.58
62.92879190436379	1.58
61.50445911006651	1.58
49.05214619487496	1.58
52.76837750614496	1.58
62.92879190436379	1.58
67.72041790801535	1.58
49.05214619487496	1.58
49.24397787359078	1.58
66.72795918745643	1.58
64.06110521711719	1.58
48.82107274506831	1.58
49.24397787359078	1.58
65.85648186884161	1.58
57.623146015072415	1.58
49.68175495918045	1.58
53.4006163182436	1.58
65.85648186884161	1.58
61.15910645619729	1.58
49.68175495918045	1.58
53.4006163182436	1.58
68.17624901783881	1.58
61.561788148366816	1.58
56.796332582737975	1.58
54.85287142810787	1.58
68.78667191171581	1.58
64.93607790793165	1.58
56.796332582737975	1.58
51.04890088649165	1.58
66.61273888911451	1.58
64.93607790793165	1.58
54.29550661067899	1.58
57.00924057101252	1.58
66.61273888911451	1.58
64.93607790793165	1.58
52.80682830040284	1.58
58.50912236497258	1.58
66.61273888911451	1.58
65.02437562278286	1.58
46.91642517694549	1.58
58.67964726665239	1.58
65.01546296665612	1.58
56.601240068495784	1.58
46.91642517694549	1.58
56.9578837111174	1.58
68.59113101982341	1.58
56.601240068495784	1.58
50.64716764228615	1.58
56.92218927266084	1.58
62.60506468062319	1.58
57.204276381006615	1.58
48.5681068521998	1.58
52.89551777969951	1.58
63.59570139866507	1.58
56.11408423344588	1.58
51.332079284415556	1.58
53.80234621488457	1.58
67.50520750331245	1.58
55.494964305329574	1.58
48.28996869047448	1.58
51.111827875123005	1.58
62.58895721205125	1.58
55.494964305329574	1.58
55.28578545915231	1.58
48.324195364379804	1.58
68.27958045352105	1.58
55.41978979760671	1.58
53.19627875330961	1.58
55.85190542160568	1.58
68.27958045352105	1.58
54.773225679165826	1.58
53.19627875330961	1.58
55.85190542160568	1.58
62.82581790513567	1.58
54.350528921190204	1.58
52.353717343385064	1.58
57.28751670542035	1.58
65.29291896429893	1.58
53.29097351259542	1.58
52.161330836176425	1.58
58.38282536182497	1.58
60.75236049251879	1.58
53.29097351259542	1.58
51.56297667125901	1.58
58.488239605019146	1.58
61.785164963288935	1.58
54.297924878961936	1.58
54.17107681017484	1.58
59.56088764330295	1.58
61.785164963288935	1.58
54.29464760935348	1.58
54.21364202348793	1.58
60.50598049565508	1.58
66.10033677022888	1.58
55.39833761053785	1.58
53.95913058870996	1.58
60.88634328648867	1.58
66.10033677022888	1.58
56.44569174340786	1.58
48.73417198821696	1.58
60.88634328648867	1.58
67.56168802526453	1.58
57.95038743383	1.58
50.802849049414846	1.58
57.21142549387989	1.58
62.6535443668632	1.58
57.58830331881359	1.58
50.802849049414846	1.58
58.82779774670293	1.58
62.58656513917889	1.58
64.33497191277435	1.58
46.60385576960474	1.58
58.00144739598825	1.58
62.75632984836213	1.58
64.33497191277435	1.58
46.60385576960474	1.58
61.12050618597376	1.58
62.75632984836213	1.58
65.58591775275605	1.58
46.60385576960474	1.58
61.12050618597376	1.58
62.75632984836213	1.58
60.53362742582732	1.58
46.60385576960474	1.58
61.121620999585424	1.58
62.69773139717755	1.58
60.49416236844294	1.58
46.60385576960474	1.58
61.121620999585424	1.58
62.63101247006903	1.58
60.496574243054006	1.58
48.13034693584534	1.58
61.42997183695381	1.58
62.63101247006903	1.58
60.02150274157275	1.58
53.845654784229964	1.58
60.64623401460225	1.58
62.63101247006903	1.58
60.31575749602373	1.58
53.845654784229964	1.58
60.743383511250116	1.58
61.749681325975516	1.58
60.1011868753989	1.58
53.845654784229964	1.58
60.98651729777817	1.58
61.778840948012224	1.58
60.329302215755945	1.58
48.081730406268825	1.58
60.26177793632933	1.58
56.35088060107354	1.58
66.06518538519899	1.58
56.82684888242097	1.58
61.655803008450235	1.58
56.29107008293598	1.58
66.06518538519899	1.58
57.06973636729075	1.58
59.05285583065473	1.58
55.8823569015605	1.58
66.06518538519899	1.58
57.548763833588616	1.58
59.863144092913956	1.58
56.538472437371816	1.58
65.72164489116606	1.58
58.15249404831662	1.58
60.163209129489914	1.58
56.44557753483574	1.58
65.72164489116606	1.58
51.11017667305142	1.58
58.95629825618208	1.58
55.75347876657827	1.58
67.87511619459653	1.58
56.98386683229422	1.58
58.95629825618208	1.58
56.46482299056701	1.58
67.87511619459653	1.58
56.92737785505588	1.58
62.670304897641046	1.58
56.10257611074603	1.58
67.87511619459653	1.58
57.180041727626055	1.58
63.27838876662663	1.58
55.06760091098745	1.58
67.87511619459653	1.58
57.180041727626055	1.58
63.27838876662663	1.58
55.33896297924322	1.58
67.87511619459653	1.58
58.545413996714544	1.58
60.0147255644658	1.58
55.05656748106863	1.58
69.00008709838582	1.58
61.070674405689616	1.58
51.0475320177838	1.58
49.32253726730487	1.58
66.0079853549054	1.58
62.75696997368244	1.58
51.0475320177838	1.58
48.64155854022345	1.58
66.0079853549054	1.58
61.55428100224415	1.58
52.95766578517634	1.58
51.81106862999789	1.58
67.32297270318259	1.58
63.3323348392123	1.58
52.95766578517634	1.58
51.35234185471884	1.58
64.87294073354089	1.58
63.3323348392123	1.58
52.6160834961533	1.58
50.59478778193207	1.58
64.87294073354089	1.58
62.09674165560076	1.58
52.6160834961533	1.58
43.477885016199835	1.58
63.898803003079436	1.58
61.58458853661807	1.58
57.62217588351882	1.58
43.477885016199835	1.58
63.898803003079436	1.58
58.72472002012427	1.58
58.170127208410314	1.58
35.99577813889516	1.58
68.94405165856834	1.58
54.8311185853373	1.58
62.500919591943486	1.58
35.99577813889516	1.58
68.94405165856834	1.58
49.049365356858395	1.58
62.500919591943486	1.58
34.73964141590557	1.58
68.87306611572191	1.58
49.049365356858395	1.58
62.500919591943486	1.58
40.13550065771704	1.58
66.71480715509547	1.58
53.26397765104125	1.58
62.500919591943486	1.58
40.13550065771704	1.58
65.72535805259496	1.58
53.74553130337264	1.58
56.23564919296206	1.58
36.82167646937749	1.58
65.72535805259496	1.58
52.326194660042766	1.58
56.23564919296206	1.58
36.661297409590134	1.58
65.72535805259496	1.58
57.52227630568758	1.58
58.89642076336803	1.58
36.661297409590134	1.58
65.72535805259496	1.58
57.52227630568758	1.58
52.118862826106024	1.58
36.661297409590134	1.58
65.15861240562766	1.58
58.22104812475408	1.58
67.367473312812	1.58
36.661297409590134	1.58
63.98873615109209	1.58
57.17902282007155	1.58
67.367473312812	1.58
40.81290575970489	1.58
62.77348027423684	1.58
54.7690388226131	1.58
60.185036697638935	1.58
48.53790595317462	1.58
62.84481229593024	1.58
54.62696038737653	1.58
66.4928786831205	1.58
49.507847089479355	1.58
59.45723700822221	1.58
54.604062523576545	1.58
65.17861324748398	1.58
45.23521848695504	1.58
57.62070987133779	1.58
54.66112017615073	1.58
67.26828403375059	1.58
46.326831257497474	1.58
59.68333329633968	1.58
54.16679531919962	1.58
68.66569309435005	1.58
46.92650498418878	1.58
60.17310943519314	1.58
54.16679531919962	1.58
67.62279026921529	1.58
46.150754946092405	1.58
59.938028919355006	1.58
52.58419884788232	1.58
67.62279026921529	1.58
55.69478617263425	1.58
66.75663959077514	1.58
52.58419884788232	1.58
61.80392905007956	1.58
55.69478617263425	1.58
66.75663959077514	1.58
52.040617340781495	1.58
59.08066557473124	1.58
55.976253936835576	1.58
65.76507376644653	1.58
53.01642721931766	1.58
57.90587339894629	1.58
56.28918876331994	1.58
65.53698251023268	1.58
53.01642721931766	1.58
58.726176481318944	1.58
56.62644942339533	1.58
65.53698251023268	1.58
53.01642721931766	1.58
53.33961284948376	1.58
56.4977671559495	1.58
65.53698251023268	1.58
46.191872159910815	1.58
51.767478383342535	1.58
52.65785003606847	1.58
65.53698251023268	1.58
46.191872159910815	1.58
52.01983139507867	1.58
51.541016685707	1.58
60.79337778271325	1.58
46.191872159910815	1.58
53.233272982572124	1.58
50.12959164691782	1.58
63.25406309822258	1.58
50.67140266285723	1.58
53.11698536444152	1.58
50.204441692024744	1.58
63.59902174052422	1.58
50.910333491789835	1.58
53.11698536444152	1.58
49.95135852336835	1.58
63.407464505300844	1.58
51.485753385123	1.58
53.11698536444152	1.58
47.51018946838177	1.58
63.407464505300844	1.58
57.37194981986058	1.58
52.716305122031656	1.58
42.87448406222276	1.58
64.17125424750617	1.58
58.25138270731981	1.58
52.716305122031656	1.58
42.713397621314265	1.58
66.41999948532268	1.58
52.8470009695702	1.58
55.00509449031208	1.58
46.29275972487747	1.58
66.41999948532268	1.58
58.36578160303202	1.58
52.380788510121846	1.58
46.29275972487747	1.58
66.41999948532268	1.58
55.1564162969017	1.58
52.380788510121846	1.58
47.668255185643254	1.58
66.41999948532268	1.58
46.25339558478727	1.58
56.00199836233017	1.58
47.668255185643254	1.58
66.41999948532268	1.58
46.29135908528881	1.58
55.000982056781275	1.58
47.79301973472684	1.58
66.41999948532268	1.58
46.29135908528881	1.58
61.135148444600674	1.58
54.3177982573183	1.58
66.41999948532268	1.58
51.26946243347113	1.58
58.55623362234075	1.58
52.92330290805148	1.58
66.41999948532268	1.58
51.54019201856559	1.58
60.89492912079369	1.58
53.2901689086734	1.58
66.41999948532268	1.58
58.411450108193584	1.58
62.76248966114939	1.58
51.23478759417026	1.58
66.41999948532268	1.58
62.30578083852693	1.58
59.63122248128995	1.58
45.14199162775574	1.58
64.72009070959773	1.58
62.30578083852693	1.58
57.09187323081235	1.58
51.0540894652139	1.58
61.22193610551017	1.58
62.30297533353262	1.58
56.5533594999675	1.58
51.0540894652139	1.58
62.00661088426099	1.58
62.48196922668131	1.58
53.93292010140301	1.58
50.24193020943955	1.58
65.71114507708558	1.58
66.903614351394	1.58
53.93292010140301	1.58
50.24193020943955	1.58
61.736401358971804	1.58
64.4966591559077	1.58
53.93292010140301	1.58
50.48134525344576	1.58
64.67494217074966	1.58
64.41792340332371	1.58
57.083842549539334	1.58
52.573492032036285	1.58
64.57244385308957	1.58
63.102788096730464	1.58
57.34770861848612	1.58
52.50016591012328	1.58
64.57244385308957	1.58
63.102788096730464	1.58
57.34770861848612	1.58
51.87389090596819	1.58
65.58994589698466	1.58
60.96800687465594	1.58
61.707123012370374	1.58
55.13492573601539	1.58
67.09869621081644	1.58
65.73698466698282	1.58
62.836198207162944	1.58
57.689339811656716	1.58
67.79384000701604	1.58
65.42289459161954	1.58
65.1607087310408	1.58
51.230076614936905	1.58
67.9135784986833	1.58
59.88630027279891	1.58
65.1607087310408	1.58
54.3028242357701	1.58
67.9135784986833	1.58
57.68286784677728	1.58
65.75060080293458	1.58
55.663706786035114	1.58
67.09307894725995	1.58
56.89835829426158	1.58
65.75060080293458	1.58
55.665216893897544	1.58
68.71476349462338	1.58
50.34653400263488	1.58
65.75060080293458	1.58
56.20469405071309	1.58
68.21829225482676	1.58
48.81153753345416	1.58
65.75060080293458	1.58
60.58506817158726	1.58
69.13161169629852	1.58
48.81153753345416	1.58
65.75060080293458	1.58
59.96128306791882	1.58
68.40939110035872	1.58
48.81153753345416	1.58
65.75060080293458	1.58
61.316413352874164	1.58
68.40939110035872	1.58
47.76709232318623	1.58
65.39765117499425	1.58
61.316413352874164	1.58
62.89694149999272	1.58
52.391028977582664	1.58
67.21710899619336	1.58
56.98381019118939	1.58
62.7733409695164	1.58
51.24599115938948	1.58
67.21710899619336	1.58
51.02227937215741	1.58
62.7733409695164	1.58
48.92456776044372	1.58
67.21710899619336	1.58
49.04485690021323	1.58
62.7733409695164	1.58
48.8446026833432	1.58
68.35703190602602	1.58
49.04485690021323	1.58
62.7733409695164	1.58
55.32893915185832	1.58
68.35703190602602	1.58
49.04485690021323	1.58
62.7733409695164	1.58
55.32893915185832	1.58
68.35703190602602	1.58
43.469955827872894	1.58
61.517204639941895	1.58
65.06161353717098	1.58
56.84038941948543	1.58
43.469955827872894	1.58
60.19080752588794	1.58
65.06161353717098	1.58
57.497356162333865	1.58
49.482601553388605	1.58
61.36558959263222	1.58
66.14636021632309	1.58
58.290832230486494	1.58
52.634193296670155	1.58
56.95612827197232	1.58
66.14636021632309	1.58
58.0373229150908	1.58
54.13171953863381	1.58
56.95612827197232	1.58
66.14636021632309	1.58
58.72674379008117	1.58
54.720863089549795	1.58
56.87500329893654	1.58
66.14636021632309	1.58
59.55066618306008	1.58
52.50250043456533	1.58
55.70135662391093	1.58
66.14636021632309	1.58
58.00675380470816	1.58
52.50250043456533	1.58
55.70135662391093	1.58
64.24061004814959	1.58
55.9995234409679	1.58
49.70218646224051	1.58
55.77241212828032	1.58
68.11971639055707	1.58
55.9995234409679	1.58
51.4334028475048	1.58
55.661253467075234	1.58
70.91194301385518	1.58
56.115454669877394	1.58
51.4334028475048	1.58
55.661253467075234	1.58
70.75977113702018	1.58
57.44139968909719	1.58
46.98827930310656	1.58
55.661253467075234	1.58
75.02475979852105	1.58
66.91621194996229	1.58
46.98827930310656	1.58
56.40040457100519	1.58
66.19018417612389	1.58
66.91621194996229	1.58
50.46444802823321	1.58
56.767828125943446	1.58
66.19018417612389	1.58
63.16503578039209	1.58
52.90590290654577	1.58
56.15795459009871	1.58
66.19018417612389	1.58
63.16503578039209	1.58
52.90590290654577	1.58
54.27516917724218	1.58
66.19018417612389	1.58
61.85576250064854	1.58
54.0323835461878	1.58
52.40311058114685	1.58
66.72025484801321	1.58
57.22265663614451	1.58
51.08933619470572	1.58
52.61748218928887	1.58
67.65780126588515	1.58
57.34680612145173	1.58
52.047393950464965	1.58
52.29955433455406	1.58
73.57172483119484	1.58
57.34680612145173	1.58
53.979775994368154	1.58
52.29955433455406	1.58
72.03906470870362	1.58
55.69287393278767	1.58
53.979775994368154	1.58
52.40738700457943	1.58
78.69122063293912	1.58
56.533499274093224	1.58
53.05946848652358	1.58
52.381078806665954	1.58
66.1224016803471	1.58
56.533499274093224	1.58
54.59494551987845	1.58
48.71146974009775	1.58
66.1224016803471	1.58
57.84670427584429	1.58
53.586913774657894	1.58
54.23655245870162	1.58
66.1224016803471	1.58
60.83394058747656	1.58
53.42205350654813	1.58
54.23655245870162	1.58
66.1224016803471	1.58
66.37173998552765	1.58
55.04832106623745	1.58
54.392718299791014	1.58
63.29258462194083	1.58
64.41141782261005	1.58
55.19925764429974	1.58
54.392718299791014	1.58
63.29258462194083	1.58
64.41141782261005	1.58
50.33890885541628	1.58
47.1673897965655	1.58
63.29258462194083	1.58
64.41141782261005	1.58
50.33890885541628	1.58
49.33080878832588	1.58
67.25612888937326	1.58
65.74500735713949	1.58
53.82666487868848	1.58
49.33080878832588	1.58
67.21447210057003	1.58
62.83696404497441	1.58
53.82666487868848	1.58
41.29151524698369	1.58
68.52720725379177	1.58
62.83696404497441	1.58
55.40986941898227	1.58
41.29151524698369	1.58
68.52720725379177	1.58
62.83696404497441	1.58
59.3558930887712	1.58
41.29151524698369	1.58
56.53320034298861	1.58
63.84455000152775	1.58
61.56480383076286	1.58
39.10324311855845	1.58
58.60829427773815	1.58
65.58796894410527	1.58
64.32116237016433	1.58
39.10324311855845	1.58
58.60829427773815	1.58
65.4443923943954	1.58
64.61207985943277	1.58
39.10324311855845	1.58
58.60829427773815	1.58
65.4443923943954	1.58
63.119381484648095	1.58
36.582138633651326	1.58
60.605289383554364	1.58
65.4443923943954	1.58
64.973646625414	1.58
44.10876261613555	1.58
54.59201980988879	1.58
65.4443923943954	1.58
61.89876662713717	1.58
44.10876261613555	1.58
49.45678260022955	1.58
64.50939415313118	1.58
61.89876662713717	1.58
53.72320428812895	1.58
50.398196713253476	1.58
64.50939415313118	1.58
63.18279062569401	1.58
55.666128187966805	1.58
50.48995341547003	1.58
64.5946744273987	1.58
63.497887460067965	1.58
55.666128187966805	1.58
56.92057647848735	1.58
64.4900505034124	1.58
63.61487224752289	1.58
55.666128187966805	1.58
57.711620115568216	1.58
65.20631053687576	1.58
62.40113258904383	1.58
55.983745057485976	1.58
59.09870200990868	1.58
65.14924358950076	1.58
63.33302456128617	1.58
54.65353699816693	1.58
59.549557956742795	1.58
64.8946055206465	1.58
64.60300116030996	1.58
54.60305461401483	1.58
62.19131331531429	1.58
65.08055109953622	1.58
66.04928773009539	1.58
54.60305461401483	1.58
58.70797407494407	1.58
63.438650566260264	1.58
65.64196293588839	1.58
54.60305461401483	1.58
58.70797407494407	1.58
65.32425934091225	1.58
65.69308428345693	1.58
55.50877656221177	1.58
59.114681429746426	1.58
65.15999981849188	1.58
66.00263449006822	1.58
46.457096276668594	1.58
59.114681429746426	1.58
65.26183853819721	1.58
66.00263449006822	1.58
43.820739173244114	1.58
56.94305097711161	1.58
65.61730490069426	1.58
66.00263449006822	1.58
46.24589263560872	1.58
55.70834893689044	1.58
56.34241502930632	1.58
67.05289710115166	1.58
48.76590746632974	1.58
52.94690938761707	1.58
58.822969126483	1.58
62.598653281914835	1.58
52.15723704198028	1.58
52.56113403146426	1.58
64.19641757943414	1.58
62.598653281914835	1.58
51.92946796421805	1.58
52.56113403146426	1.58
64.19641757943414	1.58
62.598653281914835	1.58
54.17127625199039	1.58
52.01354516001926	1.58
64.19641757943414	1.58
62.598653281914835	1.58
45.96251927344953	1.58
50.0752526853654	1.58
64.19641757943414	1.58
61.03040445866067	1.58
39.4983972699126	1.58
56.40666645076324	1.58
64.19641757943414	1.58
57.88932337140264	1.58
39.4983972699126	1.58
59.33010631759265	1.58
64.19641757943414	1.58
56.09679038010582	1.58
47.39891886404227	1.58
59.33010631759265	1.58
64.19641757943414	1.58
50.66136440152583	1.58
47.39891886404227	1.58
59.028217181729914	1.58
64.19641757943414	1.58
47.08432413932499	1.58
47.39891886404227	1.58
66.57651931045116	1.58
68.4015480424327	1.58
47.08432413932499	1.58
47.39891886404227	1.58
62.65128465151875	1.58
60.74662862872604	1.58
45.09318066369768	1.58
39.35428584652193	1.58
62.65128465151875	1.58
60.74662862872604	1.58
49.9902713329483	1.58
39.35428584652193	1.58
58.04812017605932	1.58
60.33400960704686	1.58
46.74079751475518	1.58
39.93061576938857	1.58
59.50795128477471	1.58
60.33400960704686	1.58
48.515533333749715	1.58
39.93061576938857	1.58
59.50795128477471	1.58
66.99455520455479	1.58
48.515533333749715	1.58
39.93061576938857	1.58
55.95795290543273	1.58
62.56265270282658	1.58
49.75475658738855	1.58
45.734437849001395	1.58
55.82550539199197	1.58
62.56265270282658	1.58
48.14684486898875	1.58
50.507343089328344	1.58
54.90620478719107	1.58
64.84803651023748	1.58
46.33601080220281	1.58
48.95760361597895	1.58
58.32353121822184	1.58
64.84803651023748	1.58
51.49752262324885	1.58
48.95760361597895	1.58
64.18738204455876	1.58
68.21492133161249	1.58
49.727555568365986	1.58
51.17366560614114	1.58
64.18738204455876	1.58
64.27216322852925	1.58
49.727555568365986	1.58
51.17366560614114	1.58
64.18738204455876	1.58
59.557992294625386	1.58
49.727555568365986	1.58
46.1714293824543	1.58
64.18738204455876	1.58
59.557992294625386	1.58
54.7827082712071	1.58
44.87608836513261	1.58
63.19111419658002	1.58
59.557992294625386	1.58
54.7827082712071	1.58
49.03788601299598	1.58
61.26455471139463	1.58
59.557992294625386	1.58
51.28475204283547	1.58
49.36133676911453	1.58
66.93204048963214	1.58
62.11115092277045	1.58
46.91059045643087	1.58
51.21637984285772	1.58
64.79410328566232	1.58
62.11115092277045	1.58
51.59668266698615	1.58
52.138810940257514	1.58
64.79410328566232	1.58
62.11115092277045	1.58
51.59668266698615	1.58
52.138810940257514	1.58
61.973396811967106	1.58
61.2398143840996	1.58
51.59668266698615	1.58
54.21767487266886	1.58
65.00454926295625	1.58
57.73843386579827	1.58
51.06432794343168	1.58
54.21767487266886	1.58
60.52797607347779	1.58
61.15432713096103	1.58
50.57929389363861	1.58
53.03574210529099	1.58
67.67324614140504	1.58
63.396204816965174	1.58
50.57929389363861	1.58
46.686201148684404	1.58
67.67324614140504	1.58
63.396204816965174	1.58
50.57929389363861	1.58
46.686201148684404	1.58
67.67324614140504	1.58
64.78980665913521	1.58
50.230318619000926	1.58
52.82003995546399	1.58
65.32482794397342	1.58
64.78980665913521	1.58
50.230318619000926	1.58
48.1000082558362	1.58
65.32482794397342	1.58
64.78980665913521	1.58
55.4396664101747	1.58
48.1000082558362	1.58
65.32482794397342	1.58
61.39269091997692	1.58
50.906533929972106	1.58
39.852697411720726	1.58
74.18106235729084	1.58
57.79381676869879	1.58
57.54687950543398	1.58
43.54319321110104	1.58
64.97094520477464	1.58
57.89858211393628	1.58
57.21678598913682	1.58
43.54319321110104	1.58
64.67064840295748	1.58
64.49182868664742	1.58
52.207399696000856	1.58
43.54319321110104	1.58
66.13573651372675	1.58
64.49182868664742	1.58
55.99317712270754	1.58
39.475064192342536	1.58
64.34836388769617	1.58
64.49182868664742	1.58
58.755025938818875	1.58
39.475064192342536	1.58
65.26402887928342	1.58
62.607424834059096	1.58
58.755025938818875	1.58
39.475064192342536	1.58
65.26402887928342	1.58
62.607424834059096	1.58
56.215354102284174	1.58
50.53404506971434	1.58
68.29057763214325	1.58
62.607424834059096	1.58
56.215354102284174	1.58
50.53404506971434	1.58
63.96314928116908	1.58
66.9571054999447	1.58
54.10068507749754	1.58
50.53404506971434	1.58
67.59299154211891	1.58
66.9571054999447	1.58
48.01704515144469	1.58
50.53404506971434	1.58
65.55096998996478	1.58
60.61750909043437	1.58
38.50172993162428	1.58
53.568068695602804	1.58
87.56859470330178	1.58
61.02592419435719	1.58
39.56805717727964	1.58
55.49267742033298	1.58
86.66071436525249	1.58
61.40004583718863	1.58
39.56805717727964	1.58
55.49267742033298	1.58
100.23923271863944	1.58
61.40004583718863	1.58
39.56805717727964	1.58
57.41188085106246	1.58
100.23923271863944	1.58
64.81199302905537	1.58
39.56805717727964	1.58
66.75157385174828	1.58
102.78827036551982	1.58
64.81199302905537	1.58
50.90043694020873	1.58
48.66597509423014	1.58
85.6826024103984	1.58
68.2469617700155	1.58
65.72797312580515	1.58
58.06238204727211	1.58
85.6826024103984	1.58
67.23215277169837	1.58
65.96276806234087	1.58
61.38502487038948	1.58
95.72001215584562	1.58
67.00610897970517	1.58
66.45415749942761	1.58
57.21647396473347	1.58
89.95602054444802	1.58
64.99198271384545	1.58
67.67544728972601	1.58
60.61338846832918	1.58
89.95602054444802	1.58
63.33244223382421	1.58
66.82650946343784	1.58
58.63100679401509	1.58
90.85582480920772	1.58
64.5455368297971	1.58
67.79249198901341	1.58
58.63100679401509	1.58
100.87771541857563	1.58
63.351786808069164	1.58
68.74929133205723	1.58
56.77968556658454	1.58
100.87771541857563	1.58
64.2102083127344	1.58
68.74929133205723	1.58
58.93633552247009	1.58
100.87771541857563	1.58
65.85307907222904	1.58
68.74929133205723	1.58
58.85172129369358	1.58
100.87771541857563	1.58
69.31186971116799	1.58
68.54927667695624	1.58
58.85172129369358	1.58
100.87771541857563	1.58
66.48536077518636	1.58
68.54927667695624	1.58
57.891810361676626	1.58
100.87771541857563	1.58
64.58193728169925	1.58
68.54927667695624	1.58
57.891810361676626	1.58
99.52919214085446	1.58
69.01452875888363	1.58
68.27266731310075	1.58
57.891810361676626	1.58
90.89403565826336	1.58
67.61007053402464	1.58
54.26629475799561	1.58
52.84216140596826	1.58
77.94670917184555	1.58
67.87811361646702	1.58
45.56018340754967	1.58
52.84216140596826	1.58
76.42617523720007	1.58
67.87811361646702	1.58
56.273804409012925	1.58
58.610004955770066	1.58
73.44081184873394	1.58
67.87811361646702	1.58
51.381351481449094	1.58
59.31852546652421	1.58
80.45377903725128	1.58
61.774405429767455	1.58
51.381351481449094	1.58
59.31852546652421	1.58
93.97911813090056	1.58
62.03649545366938	1.58
53.88497954151871	1.58
58.34610099027427	1.58
93.97911813090056	1.58
59.269477639601696	1.58
53.88497954151871	1.58
57.55018090510116	1.58
97.37977572092959	1.58
59.269477639601696	1.58
53.72765385175523	1.58
56.20533807706258	1.58
97.37977572092959	1.58
61.79888711031174	1.58
53.72765385175523	1.58
56.20533807706258	1.58
97.37977572092959	1.58
66.5313304506753	1.58
58.214596194191245	1.58
53.17173764627399	1.58
97.37977572092959	1.58
64.00898942603544	1.58
58.214596194191245	1.58
53.17173764627399	1.58
97.37977572092959	1.58
64.00898942603544	1.58
58.214596194191245	1.58
53.17173764627399	1.58
82.2740213828248	1.58
67.25851342194815	1.58
59.82157486318239	1.58
53.17173764627399	1.58
82.2740213828248	1.58
67.25851342194815	1.58
63.59905138635972	1.58
67.29707113271087	1.58
91.27783240373441	1.58
67.96986167030721	1.58
60.289420835203344	1.58
53.01395136374632	1.58
91.27783240373441	1.58
67.49688181327281	1.58
53.4465701964621	1.58
65.72510471952127	1.58
96.02116647916012	1.58
67.49688181327281	1.58
59.921147213901364	1.58
65.72510471952127	1.58
85.22051730396329	1.58
67.27560815381769	1.58
56.44956254383389	1.58
65.72510471952127	1.58
75.90317378727879	1.58
63.18109943033529	1.58
49.88101832550881	1.58
65.72510471952127	1.58
68.77392836549194	1.58
68.81578939005672	1.58
49.88101832550881	1.58
64.71029166655342	1.58
68.77392836549194	1.58
68.82865032761303	1.58
49.88101832550881	1.58
65.14396240407092	1.58
68.72894108485134	1.58
68.82865032761303	1.58
50.78847101430233	1.58
64.85613260517634	1.58
66.83184136548152	1.58
68.82865032761303	1.58
49.5134645800545	1.58
65.05761216108282	1.58
67.62222210225646	1.58
71.274336744254	1.58
49.5134645800545	1.58
64.66183719117242	1.58
68.43297232492563	1.58
77.60807892689036	1.58
49.5134645800545	1.58
62.77455204962253	1.58
66.85753113435227	1.58
71.81833165141974	1.58
50.96492074977545	1.58
62.77455204962253	1.58
66.02387484315214	1.58
79.90894184356682	1.58
54.573347320159975	1.58
61.80528385170388	1.58
64.2689680595889	1.58
92.72020030703462	1.58
64.29915066300937	1.58
61.80528385170388	1.58
64.2561790193237	1.58
102.77876830933192	1.58
55.77712363117743	1.58
59.70585753053735	1.58
67.71499037652394	1.58
102.77876830933192	1.58
57.72577110369239	1.58
58.27774792068446	1.58
67.71499037652394	1.58
102.77876830933192	1.58
60.92058405874572	1.58
58.27774792068446	1.58
65.97958544239951	1.58
102.77876830933192	1.58
60.92058405874572	1.58
58.27774792068446	1.58
66.84046368033172	1.58
102.77876830933192	1.58
60.92058405874572	1.58
60.76180225591211	1.58
66.84046368033172	1.58
101.12388014087243	1.58
61.225680400576785	1.58
58.364436326058915	1.58
64.63666720343824	1.58
85.0287454594808	1.58
61.225680400576785	1.58
58.364436326058915	1.58
66.96828037361259	1.58
77.68613852131605	1.58
53.080352111817156	1.58
58.333247777223264	1.58
66.96828037361259	1.58
96.02929434470613	1.58
53.080352111817156	1.58
50.5099196754592	1.58
66.96828037361259	1.58
96.02929434470613	1.58
50.68043844936882	1.58
42.34661769837217	1.58
64.7787783522491	1.58
96.02929434470613	1.58
46.45896386556809	1.58
42.34661769837217	1.58
64.7787783522491	1.58
83.02229832543311	1.58
46.45896386556809	1.58
49.731082068362284	1.58
65.25460186908775	1.58
102.76977534801499	1.58
54.174225854513026	1.58
49.731082068362284	1.58
60.424145032540615	1.58
102.76977534801499	1.58
65.02049904456295	1.58
54.94224131996895	1.58
59.57864988912888	1.58
91.5864405598241	1.58
50.42399876979117	1.58
55.03531731183503	1.58
59.06524232553484	1.58
77.35967013933794	1.58
63.47098096301297	1.58
52.417756320484486	1.58
57.91975585802364	1.58
98.01901762400436	1.58
66.93621147283194	1.58
52.417756320484486	1.58
53.34959981006205	1.58
96.5281918615539	1.58
64.45181693833493	1.58
51.92250639763969	1.58
53.186121024871674	1.58
96.5281918615539	1.58
64.45181693833493	1.58
51.92250639763969	1.58
53.79777197325115	1.58
96.5281918615539	1.58
59.56655127050685	1.58
62.949672596377475	1.58
53.79777197325115	1.58
96.5281918615539	1.58
59.56655127050685	1.58
68.79787061974821	1.58
53.79777197325115	1.58
100.07122876148321	1.58
62.75231294893351	1.58
68.79787061974821	1.58
60.320098116937615	1.58
100.07122876148321	1.58
62.75231294893351	1.58
68.79787061974821	1.58
55.30739146028455	1.58
100.07122876148321	1.58
63.31183913160449	1.58
53.07206457793113	1.58
56.1683939814137	1.58
92.07929916693791	1.58
66.55030027365594	1.58
53.07206457793113	1.58
56.96615450267767	1.58
92.07929916693791	1.58
66.55030027365594	1.58
53.07206457793113	1.58
59.72328072918895	1.58
92.07929916693791	1.58
63.77978153476887	1.58
58.058049034767855	1.58
57.74650610458562	1.58
92.07929916693791	1.58
49.490701423947954	1.58
58.058049034767855	1.58
59.011782695782315	1.58
92.07929916693791	1.58
53.85667426157492	1.58
59.4779750734641	1.58
59.079787154130166	1.58
92.07929916693791	1.58
53.20494101560166	1.58
59.4779750734641	1.58
59.19981782905362	1.58
96.82825979759282	1.58
53.65989838283183	1.58
59.4779750734641	1.58
57.88634903261617	1.58
96.82825979759282	1.58
53.3384774046127	1.58
60.398928284379686	1.58
61.05035846270123	1.58
102.43697289631822	1.58
54.499274194130805	1.58
56.08133355204101	1.58
61.64944543657558	1.58
102.43697289631822	1.58
54.499274194130805	1.58
56.08133355204101	1.58
58.251313207604234	1.58
102.43697289631822	1.58
52.83511549229999	1.58
56.08133355204101	1.58
58.251313207604234	1.58
94.98566491399734	1.58
52.83511549229999	1.58
56.08133355204101	1.58
56.27387558861152	1.58
94.98566491399734	1.58
53.689410673684854	1.58
55.928863755854564	1.58
55.80306846008414	1.58
94.98566491399734	1.58
54.14789531175024	1.58
55.928863755854564	1.58
56.59978517484355	1.58
94.98566491399734	1.58
54.14789531175024	1.58
55.928863755854564	1.58
56.980193955050844	1.58
99.2068275897693	1.58
54.14789531175024	1.58
64.0325603125804	1.58
50.57523019583422	1.58
92.20323780493233	1.58
58.168141142966704	1.58
65.84467353639117	1.58
50.57523019583422	1.58
92.20323780493233	1.58
50.76434272618265	1.58
65.84467353639117	1.58
50.57523019583422	1.58
80.27430526046824	1.58
50.76434272618265	1.58
57.596511341741504	1.58
50.57523019583422	1.58
81.1379396700513	1.58
50.76326905792717	1.58
65.93933695140001	1.58
50.57523019583422	1.58
87.45064590490918	1.58
50.79939648059756	1.58
62.4911309126381	1.58
50.40659707861246	1.58
81.21528417755405	1.58
50.6768561375884	1.58
62.4911309126381	1.58
55.94902809627192	1.58
81.21528417755405	1.58
50.6768561375884	1.58
68.02440937591071	1.58
56.856850078068625	1.58
80.07368100427064	1.58
50.6768561375884	1.58
68.02440937591071	1.58
60.642740157478755	1.58
66.30713124536753	1.58
50.6768561375884	1.58
68.02440937591071	1.58
65.29004589497751	1.58
66.30713124536753	1.58
56.12644976684445	1.58
68.02440937591071	1.58
64.99632953828419	1.58
65.47070401647127	1.58
58.628406008408675	1.58
67.52911013619408	1.58
62.58148963585739	1.58
64.29531864459027	1.58
59.26237165545505	1.58
67.52911013619408	1.58
64.24082259923372	1.58
64.29531864459027	1.58
57.03509211432466	1.58
67.52911013619408	1.58
61.02379501106812	1.58
64.29531864459027	1.58
55.74859030005402	1.58
67.52911013619408	1.58
63.09876379928666	1.58
64.38048400163143	1.58
54.12280603681551	1.58
65.41177335506877	1.58
63.456673573823316	1.58
63.44385736191894	1.58
55.69579000394088	1.58
66.78622954619144	1.58
68.53801217433517	1.58
62.67725864660295	1.58
55.69579000394088	1.58
66.61949926785593	1.58
64.55970408536008	1.58
63.9833342153857	1.58
59.58055606571253	1.58
67.19874844720067	1.58
64.00270348293795	1.58
67.53111584139353	1.58
59.403467427550645	1.58
69.43932226396882	1.58
63.21342913966277	1.58
67.53111584139353	1.58
58.77478634713449	1.58
67.79119451678699	1.58
65.16864845960664	1.58
67.3407481988944	1.58
54.300807984881125	1.58
68.07985096625747	1.58
64.05249644558874	1.58
61.70510227009046	1.58
51.04851977689393	1.58
67.63161938634434	1.58
61.720670654944286	1.58
57.979859672959634	1.58
47.42711767323267	1.58
68.75467100598046	1.58
65.03590215658589	1.58
58.16193163056459	1.58
47.42711767323267	1.58
68.74176491622694	1.58
65.03590215658589	1.58
58.16193163056459	1.58
46.46949225211102	1.58
71.20045278414938	1.58
59.199196116809404	1.58
58.16193163056459	1.58
46.46949225211102	1.58
72.21560706650867	1.58
53.13498667765044	1.58
57.4335636232482	1.58
44.33528722782103	1.58
63.64454572461268	1.58
55.08846912634234	1.58
68.0383813874974	1.58
44.33528722782103	1.58
60.282634847323756	1.58
55.08846912634234	1.58
69.7500212962384	1.58
48.34308106011902	1.58
56.85013318388409	1.58
61.018849458636204	1.58
65.3260234932583	1.58
48.34308106011902	1.58
55.60016282019643	1.58
61.018849458636204	1.58
63.202294551590306	1.58
48.34308106011902	1.58
57.92315561374072	1.58
62.058512856675236	1.58
68.2931870786765	1.58
49.5633903402585	1.58
57.92315561374072	1.58
66.81435560743435	1.58
60.45547612575676	1.58
55.513948052359865	1.58
57.0230019147926	1.58
68.05052087621786	1.58
63.333947590313244	1.58
48.18429058839817	1.58
54.61052114272927	1.58
65.65961831863928	1.58
61.04479613270733	1.58
48.18429058839817	1.58
51.481712688222125	1.58
66.76623599559278	1.58
61.04479613270733	1.58
48.18429058839817	1.58
48.38897282715485	1.58
66.76623599559278	1.58
63.68395010041348	1.58
48.18429058839817	1.58
48.38897282715485	1.58
66.76623599559278	1.58
63.68395010041348	1.58
53.87281484115993	1.58
56.788655870089904	1.58
65.77515830511427	1.58
64.08406725481157	1.58
53.87281484115993	1.58
52.57848130311586	1.58
65.77515830511427	1.58
65.76294418349114	1.58
53.87281484115993	1.58
51.10049658682623	1.58
64.26275091361566	1.58
63.21444181228175	1.58
53.478493038602636	1.58
51.10049658682623	1.58
64.26275091361566	1.58
57.27881608418059	1.58
54.209698775583306	1.58
52.160126470120005	1.58
64.26275091361566	1.58
56.43085747325679	1.58
55.15104449553308	1.58
57.11571293999131	1.58
64.26275091361566	1.58
57.08500656518123	1.58
53.43543609722474	1.58
54.5724293980349	1.58
64.26275091361566	1.58
57.08500656518123	1.58
54.398028340989036	1.58
47.75264758641178	1.58
60.89523750098403	1.58
57.33608969267571	1.58
56.102176172030624	1.58
49.942068766880055	1.58
62.72428897157306	1.58
57.25135809822031	1.58
55.29640167960155	1.58
52.40325774653182	1.58
65.81679752202359	1.58
61.25149953964845	1.58
54.719973454745684	1.58
58.973336285546736	1.58
65.81679752202359	1.58
59.938537695875425	1.58
59.17011013166128	1.58
58.973336285546736	1.58
65.3558413250848	1.58
60.067552369974614	1.58
58.30555644512313	1.58
58.95919929746911	1.58
67.75417132174853	1.58
59.890550379094044	1.58
52.42458949369376	1.58
58.35145740236082	1.58
67.75417132174853	1.58
66.86845377412979	1.58
59.976468539631924	1.58
57.86041175417887	1.58
67.75417132174853	1.58
64.8275916886919	1.58
58.304361878979755	1.58
60.2041795838505	1.58
65.3268679879182	1.58
67.48526739043415	1.58
52.80122983389259	1.58
58.91151509997197	1.58
65.3268679879182	1.58
63.629198269686086	1.58
52.80122983389259	1.58
59.27647611956324	1.58
65.35339914844235	1.58
61.506277984560136	1.58
52.80122983389259	1.58
59.045198929342675	1.58
65.35339914844235	1.58
61.506277984560136	1.58
58.700543901315655	1.58
60.33799672860412	1.58
65.46503808268763	1.58
62.590036599938706	1.58
57.87023606827443	1.58
60.33799672860412	1.58
67.04027665548651	1.58
67.14234122838731	1.58
50.50839144452519	1.58
61.55035979628421	1.58
66.9072874904509	1.58
66.12366911928893	1.58
56.41664403502268	1.58
62.605263304204485	1.58
66.9072874904509	1.58
67.84471539173904	1.58
49.126910336657915	1.58
58.027165107140554	1.58
66.9072874904509	1.58
65.55121714132126	1.58
51.90094655537935	1.58
51.162143580634584	1.58
66.9072874904509	1.58
68.79155218552046	1.58
49.217039214496936	1.58
51.162143580634584	1.58
66.9072874904509	1.58
68.79155218552046	1.58
49.217039214496936	1.58
51.162143580634584	1.58
66.9072874904509	1.58
68.79155218552046	1.58
57.68430064928585	1.58
58.228494638299104	1.58
66.19420848088365	1.58
67.70723610941475	1.58
55.37036512535941	1.58
58.228494638299104	1.58
67.14620661255239	1.58
67.70723610941475	1.58
55.37036512535941	1.58
54.720059444022105	1.58
67.14620661255239	1.58
67.70723610941475	1.58
55.37036512535941	1.58
50.33382186347647	1.58
61.85696021197755	1.58
67.70723610941475	1.58
57.862778610295265	1.58
50.33382186347647	1.58
67.41883829937642	1.58
67.70723610941475	1.58
58.73344229050066	1.58
55.6813880882963	1.58
67.41883829937642	1.58
66.57081051742642	1.58
60.133242750429936	1.58
55.6813880882963	1.58
67.41883829937642	1.58
66.57081051742642	1.58
55.53338531221962	1.58
59.80326000147379	1.58
67.41883829937642	1.58
64.6560675000666	1.58
47.047164439596216	1.58
59.80326000147379	1.58
65.51643213471583	1.58
64.4781434502163	1.58
50.32921247235392	1.58
55.53530620691515	1.58
63.52979634198226	1.58
66.44753113695587	1.58
52.23759692946887	1.58
53.05907743385588	1.58
58.06724335009794	1.58
75.26687712410765	1.58
56.91564403357212	1.58
53.05907743385588	1.58
62.72148284206661	1.58
66.98530665056987	1.58
52.05883064526655	1.58
51.88882188161171	1.58
62.72148284206661	1.58
66.98530665056987	1.58
47.22531492834487	1.58
56.542351152812905	1.58
61.47319174310339	1.58
62.725078391337874	1.58
54.75531373010652	1.58
58.24353567607649	1.58
61.47319174310339	1.58
62.725078391337874	1.58
49.84505954520342	1.58
58.66802431560642	1.58
61.47319174310339	1.58
63.740169800508674	1.58
56.33325150481876	1.58
54.15282761527836	1.58
60.77536259707894	1.58
65.74856743763061	1.58
55.02407698133336	1.58
49.91276074188596	1.58
60.24029935907973	1.58
64.61709102258732	1.58
54.997426782296266	1.58
49.91276074188596	1.58
60.081081029937195	1.58
64.61709102258732	1.58
53.874890244428315	1.58
48.247255946511956	1.58
65.48908933784821	1.58
63.28057098201348	1.58
56.09006239566895	1.58
48.247255946511956	1.58
65.48908933784821	1.58
62.10706883206589	1.58
56.83991534418765	1.58
46.17566170675423	1.58
65.48908933784821	1.58
60.99625273030138	1.58
48.49403462620825	1.58
45.32004850938434	1.58
65.48908933784821	1.58
60.99625273030138	1.58
48.49403462620825	1.58
45.2523423908233	1.58
65.48908933784821	1.58
59.092845658226466	1.58
48.49403462620825	1.58
45.2523423908233	1.58
64.31427595924332	1.58
59.49285832026211	1.58
48.397592559122074	1.58
45.2523423908233	1.58
64.31427595924332	1.58
56.901509232102086	1.58
48.397592559122074	1.58
39.825064362471736	1.58
64.31427595924332	1.58
62.43269749274977	1.58
48.397592559122074	1.58
49.65136464111739	1.58
64.31427595924332	1.58
63.22366953689126	1.58
48.397592559122074	1.58
53.50794723105124	1.58
64.91280571144127	1.58
68.18822937736479	1.58
48.397592559122074	1.58
53.50794723105124	1.58
67.67881432591405	1.58
59.682638720576215	1.58
48.397592559122074	1.58
53.50794723105124	1.58
61.8957784312784	1.58
62.15650801160653	1.58
44.91932783031994	1.58
53.50794723105124	1.58
64.64301916088743	1.58
60.45093922390298	1.58
44.91932783031994	1.58
53.50794723105124	1.58
64.64301916088743	1.58
60.45093922390298	1.58
49.21902214601086	1.58
53.50794723105124	1.58
64.64301916088743	1.58
63.13416898414829	1.58
47.69015849561892	1.58
53.73446970261839	1.58
64.64301916088743	1.58
65.92468095904255	1.58
47.69015849561892	1.58
54.32655908326305	1.58
67.7603250345776	1.58
65.92468095904255	1.58
47.69015849561892	1.58
48.41946222324959	1.58
68.35788115320113	1.58
65.92468095904255	1.58
54.44974399974811	1.58
45.80690393460431	1.58
68.35788115320113	1.58
65.92468095904255	1.58
60.8121514892645	1.58
45.80690393460431	1.58
63.118518355704474	1.58
57.202902744077825	1.58
59.950813357919436	1.58
45.80690393460431	1.58
65.76478987647153	1.58
58.25375110018317	1.58
59.37318042090996	1.58
45.80690393460431	1.58
65.76945006079283	1.58
52.943454658772346	1.58
60.834010167492195	1.58
45.80690393460431	1.58
65.76945006079283	1.58
53.3187764268365	1.58
58.70498708792467	1.58
41.49777166880651	1.58
65.76945006079283	1.58
59.64076459213449	1.58
58.93809755375455	1.58
41.49777166880651	1.58
65.76945006079283	1.58
59.64076459213449	1.58
58.61032784874746	1.58
47.686641163509854	1.58
65.76945006079283	1.58
59.64076459213449	1.58
58.61032784874746	1.58
47.686641163509854	1.58
65.76945006079283	1.58
55.31428109025103	1.58
58.61032784874746	1.58
51.88216815431727	1.58
62.929221350131414	1.58
56.807846749700424	1.58
59.411605470501875	1.58
55.22064077090939	1.58
64.84322392841358	1.58
58.39035368501889	1.58
60.16096191730536	1.58
52.3715594061345	1.58
64.45749126918993	1.58
63.32635861338011	1.58
59.835061686232464	1.58
58.0706137852677	1.58
67.94928736773844	1.58
63.32635861338011	1.58
55.52287735462416	1.58
56.472496925332784	1.58
64.73968218934861	1.58
62.88279277922753	1.58
51.40617026546763	1.58
57.89779291561576	1.58
62.722573292919776	1.58
62.88279277922753	1.58
51.40617026546763	1.58
55.34634096894853	1.58
62.89922297837867	1.58
62.88279277922753	1.58
51.40617026546763	1.58
58.594363671766644	1.58
62.89922297837867	1.58
64.55489335084391	1.58
47.12922560817091	1.58
55.891781094484905	1.58
62.89922297837867	1.58
64.55489335084391	1.58
53.50441797144933	1.58
54.568929197995416	1.58
62.31260936731754	1.58
64.55489335084391	1.58
53.0625281035628	1.58
54.568929197995416	1.58
62.31260936731754	1.58
64.55489335084391	1.58
53.0625281035628	1.58
54.568929197995416	1.58
62.31260936731754	1.58
64.55489335084391	1.58
56.86882906542426	1.58
59.42394755584325	1.58
60.394713561978655	1.58
64.55489335084391	1.58
58.30258819477212	1.58
56.50680266218625	1.58
61.35513693926304	1.58
64.55489335084391	1.58
55.84514004390855	1.58
51.857330243502574	1.58
59.58121670205694	1.58
64.55489335084391	1.58
57.85480436319132	1.58
53.8077784922275	1.58
59.58121670205694	1.58
64.95179524606763	1.58
57.05762004272693	1.58
56.57808560169432	1.58
60.32169309710193	1.58
63.867105782599914	1.58
52.96997767821053	1.58
53.508372992593145	1.58
67.40041012231762	1.58
63.867105782599914	1.58
54.327082661977784	1.58
45.627775433335344	1.58
67.40041012231762	1.58
65.8378983667369	1.58
53.60756877390753	1.58
51.514601813533545	1.58
67.66268947501821	1.58
65.8378983667369	1.58
54.20516201377041	1.58
51.514601813533545	1.58
67.66268947501821	1.58
68.78077152322321	1.58
54.20516201377041	1.58
47.43312110649242	1.58
67.66268947501821	1.58
73.27958129555329	1.58
51.99131011242311	1.58
53.99927977984218	1.58
67.66268947501821	1.58
67.81354817020008	1.58
57.618275094502415	1.58
57.50129812150896	1.58
67.66268947501821	1.58
64.57436862943959	1.58
60.605373160614874	1.58
58.17337628316147	1.58
67.95576598788074	1.58
64.42115690928127	1.58
63.585954075217614	1.58
58.94683292531344	1.58
67.96555892883443	1.58
64.33261617192211	1.58
61.64278331088382	1.58
60.78455689831387	1.58
67.98699009459004	1.58
64.0706254238142	1.58
60.63226235535939	1.58
61.41798984266587	1.58
67.98699009459004	1.58
64.29207458513895	1.58
60.63226235535939	1.58
55.759802378098286	1.58
64.87178519901235	1.58
64.58660754638235	1.58
59.125106761941964	1.58
58.9374356408955	1.58
64.87178519901235	1.58
67.00769473779877	1.58
54.77397694382431	1.58
59.33527242335799	1.58
63.30417120288199	1.58
64.83792970257119	1.58
48.3382185117583	1.58
57.069045600092856	1.58
63.30417120288199	1.58
64.83792970257119	1.58
51.92525425868676	1.58
57.069045600092856	1.58
63.30417120288199	1.58
64.54152050113197	1.58
51.92525425868676	1.58
57.069045600092856	1.58
58.5355740328078	1.58
62.36936611897631	1.58
51.92525425868676	1.58
58.674007904471374	1.58
62.434820276385054	1.58
62.36936611897631	1.58
44.83079278604431	1.58
57.55752576614989	1.58
56.173360395372995	1.58
67.1237227596565	1.58
50.02691388399384	1.58
61.751926271254	1.58
56.173360395372995	1.58
67.1237227596565	1.58
57.287879625995515	1.58
63.95630746746954	1.58
51.59232848429127	1.58
67.1237227596565	1.58
57.3704245290897	1.58
63.95630746746954	1.58
54.372712861474305	1.58
67.1237227596565	1.58
59.21220270646489	1.58
61.746322422369644	1.58
51.85389583235748	1.58
67.1237227596565	1.58
55.99735536932025	1.58
60.489176617222824	1.58
48.626344927760734	1.58
67.1237227596565	1.58
50.16146406796942	1.58
60.489176617222824	1.58
48.626344927760734	1.58
67.1237227596565	1.58
51.109254251682266	1.58
55.920949519015934	1.58
52.24938120788925	1.58
67.1237227596565	1.58
56.580418564051826	1.58
53.575377219700336	1.58
52.04227981550559	1.58
67.1237227596565	1.58
53.656884871077075	1.58
53.575377219700336	1.58
52.40683266970506	1.58
62.29389370486373	1.58
50.98863563191877	1.58
53.575377219700336	1.58
52.183000978828964	1.58
67.96307566675365	1.58
50.98863563191877	1.58
52.44611365916385	1.58
52.02349790621695	1.58
62.381666887453854	1.58
50.64029639170968	1.58
53.29605818280704	1.58
52.99572848161536	1.58
62.381666887453854	1.58
54.61328050515311	1.58
53.29605818280704	1.58
52.69905824669722	1.58
67.58841218869377	1.58
51.696586200120116	1.58
53.831826423621	1.58
52.324310880973755	1.58
67.58841218869377	1.58
59.51260410113343	1.58
53.831826423621	1.58
51.855206459446	1.58
67.58841218869377	1.58
57.390709537074684	1.58
55.535564449607385	1.58
51.459974844905574	1.58
67.58841218869377	1.58
59.67364540955952	1.58
49.200412524321834	1.58
53.98533732253501	1.58
66.63837086901098	1.58
54.048032545838836	1.58
50.10188683591432	1.58
56.911262149666015	1.58
66.63837086901098	1.58
50.637772099585916	1.58
50.10188683591432	1.58
56.911262149666015	1.58
61.49974385967929	1.58
51.80054958936355	1.58
47.54005478734511	1.58
56.911262149666015	1.58
57.49157932316095	1.58
49.70495260238555	1.58
45.74282854423393	1.58
63.065072282293585	1.58
64.32726375609239	1.58
48.672280990940294	1.58
44.47842677265899	1.58
63.065072282293585	1.58
64.32726375609239	1.58
56.45008068794573	1.58
45.009879895978564	1.58
67.15488549307327	1.58
60.8317348312716	1.58
52.014217025009536	1.58
45.009879895978564	1.58
64.45692237382062	1.58
60.75717922217737	1.58
52.014217025009536	1.58
47.31705354439799	1.58
59.876829468904205	1.58
65.87163356338246	1.58
52.014217025009536	1.58
47.31705354439799	1.58
58.75786657630955	1.58
68.60269047875393	1.58
52.014217025009536	1.58
45.312827938938504	1.58
63.122007321788026	1.58
68.60269047875393	1.58
52.014217025009536	1.58
52.07635987572917	1.58
63.35855554725126	1.58
68.60269047875393	1.58
52.30021700515941	1.58
59.41417748790339	1.58
61.55835176379004	1.58
68.60269047875393	1.58
52.338477033036554	1.58
51.487977098469884	1.58
58.12774822381396	1.58
68.60269047875393	1.58
51.3959292563553	1.58
51.487977098469884	1.58
59.749442479778615	1.58
60.442423389931164	1.58
52.15434792998941	1.58
51.487977098469884	1.58
61.282815153788256	1.58
60.442423389931164	1.58
51.45257962232305	1.58
51.487977098469884	1.58
61.282815153788256	1.58
63.0358807278899	1.58
51.45257962232305	1.58
52.29460306675483	1.58
61.282815153788256	1.58
60.97464206330796	1.58
51.45257962232305	1.58
52.594068026806994	1.58
61.282815153788256	1.58
60.75332632663058	1.58
52.65709402392657	1.58
55.82621482790276	1.58
65.1746734768673	1.58
59.111000686319656	1.58
54.07648353876651	1.58
56.389316324753345	1.58
67.60233557173211	1.58
56.980124838595955	1.58
55.070444800403585	1.58
56.50996699621792	1.58
67.60233557173211	1.58
56.23214768309734	1.58
54.58847154506538	1.58
56.47344187729043	1.58
63.66924256518966	1.58
56.23214768309734	1.58
53.36585191821384	1.58
53.17701299450841	1.58
63.66924256518966	1.58
57.240167826980226	1.58
52.72138018798515	1.58
49.82030972610705	1.58
62.577900699704266	1.58
60.609080273278124	1.58
49.23267446428886	1.58
52.6847876630438	1.58
64.4283200747265	1.58
60.609080273278124	1.58
49.23267446428886	1.58
55.39577309454168	1.58
61.53128418137131	1.58
59.74996615200561	1.58
54.089176570031164	1.58
53.308742387518585	1.58
58.350711014302156	1.58
62.40379892770386	1.58
54.089176570031164	1.58
53.308742387518585	1.58
57.55709217009897	1.58
64.56254688510387	1.58
54.24451092232788	1.58
50.147526170753686	1.58
59.38280966699159	1.58
61.67041522379383	1.58
53.993402233802925	1.58
54.659297487290864	1.58
61.21550409172449	1.58
65.86091027007576	1.58
53.993402233802925	1.58
58.36641343383353	1.58
61.21550409172449	1.58
65.86091027007576	1.58
47.046268581044295	1.58
55.631117077124145	1.58
61.21550409172449	1.58
65.93032661202687	1.58
47.046268581044295	1.58
52.97408938286239	1.58
68.20036232084749	1.58
65.93032661202687	1.58
53.61540591058341	1.58
52.97408938286239	1.58
67.00437741890227	1.58
65.93032661202687	1.58
53.61540591058341	1.58
51.29083170210388	1.58
63.15012725133202	1.58
65.93032661202687	1.58
46.35063526194701	1.58
54.95570917262617	1.58
62.35807921757561	1.58
62.45755539556071	1.58
46.35063526194701	1.58
54.273628551479675	1.58
62.35807921757561	1.58
56.72811332143674	1.58
47.78836023189682	1.58
55.09966862632422	1.58
59.49218737920875	1.58
57.74047385097519	1.58
47.78836023189682	1.58
56.156424688445945	1.58
59.88076358413299	1.58
55.741914421859455	1.58
47.78836023189682	1.58
53.037258427595745	1.58
65.64668489441883	1.58
55.741914421859455	1.58
53.18289237330047	1.58
53.037258427595745	1.58
65.59445198989268	1.58
56.48213869332653	1.58
53.05732723982464	1.58
43.509750788334	1.58
73.07863499784193	1.58
56.6052897862251	1.58
57.07156146261085	1.58
43.509750788334	1.58
72.25219901921804	1.58
56.68736277370545	1.58
57.01677823556745	1.58
53.045085533967004	1.58
70.48138589912065	1.58
56.819410349211175	1.58
51.45978611626492	1.58
52.83405376060933	1.58
66.3223355957922	1.58
60.175529854678345	1.58
50.975042183416576	1.58
56.495286037140175	1.58
59.518425947729625	1.58
63.793938373534196	1.58
54.11110342876301	1.58
53.651140700689695	1.58
60.00947359879802	1.58
63.793938373534196	1.58
47.852173013463954	1.58
53.651140700689695	1.58
65.58119633477686	1.58
65.06343639050712	1.58
47.852173013463954	1.58
48.47222079030081	1.58
65.58119633477686	1.58
60.91648599860798	1.58
47.852173013463954	1.58
48.47222079030081	1.58
64.28874695988453	1.58
60.91648599860798	1.58
45.68897405360198	1.58
51.472197503231875	1.58
64.28874695988453	1.58
60.29790412554021	1.58
45.68897405360198	1.58
51.472197503231875	1.58
69.35966213902827	1.58
60.29790412554021	1.58
54.36352844325526	1.58
55.51730201016948	1.58
69.35966213902827	1.58
61.84351532776979	1.58
54.36352844325526	1.58
53.73079993526454	1.58
69.35966213902827	1.58
61.84351532776979	1.58
54.36352844325526	1.58
60.124687720310284	1.58
69.35966213902827	1.58
62.020960960929465	1.58
50.07846262185326	1.58
57.61425238291769	1.58
67.26033265908328	1.58
61.307596728167994	1.58
48.83304283255437	1.58
58.298811159344204	1.58
67.26033265908328	1.58
60.782798326810465	1.58
48.83304283255437	1.58
57.42349340913897	1.58
63.02366219840749	1.58
60.782798326810465	1.58
48.83304283255437	1.58
59.14588084964873	1.58
66.24551114221526	1.58
60.542662705256944	1.58
48.83304283255437	1.58
59.14588084964873	1.58
66.24551114221526	1.58
63.20481503775132	1.58
43.017059128800554	1.58
59.14588084964873	1.58
64.09017784506922	1.58
62.89791812057072	1.58
43.017059128800554	1.58
58.71235648289537	1.58
61.63806310491791	1.58
62.89791812057072	1.58
49.98506391580296	1.58
55.97896479748694	1.58
61.63806310491791	1.58
62.924450321945564	1.58
49.98506391580296	1.58
56.11523178912932	1.58
66.9546227533941	1.58
63.72617925139976	1.58
45.382800884218305	1.58
50.48001260856877	1.58
64.67837677319248	1.58
63.72617925139976	1.58
46.036520463517036	1.58
53.89816110970344	1.58
64.67837677319248	1.58
64.16244577303726	1.58
48.91456555988195	1.58
53.89816110970344	1.58
60.804482167549054	1.58
64.16244577303726	1.58
45.42454173796945	1.58
55.8739640778294	1.58
60.804482167549054	1.58
64.16244577303726	1.58
46.305329147599544	1.58
50.74540713439665	1.58
59.25532047488915	1.58
67.99802655946709	1.58
46.305329147599544	1.58
50.74540713439665	1.58
57.632377892596566	1.58
67.99802655946709	1.58
46.305329147599544	1.58
50.74540713439665	1.58
58.21687786343802	1.58
67.99802655946709	1.58
51.19995730748004	1.58
50.74540713439665	1.58
63.313922007576245	1.58
67.99802655946709	1.58
50.56976029803049	1.58
53.65671932519545	1.58
63.313922007576245	1.58
62.65723050244086	1.58
50.56976029803049	1.58
55.36172151462124	1.58
68.12070868049373	1.58
67.36532761162559	1.58
50.56976029803049	1.58
56.340268005369246	1.58
62.00472386397746	1.58
67.36532761162559	1.58
55.72526771911279	1.58
58.23311394589632	1.58
65.978092228131	1.58
63.80479111507166	1.58
55.72526771911279	1.58
53.92698399230911	1.58
66.64458985388447	1.58
62.32970335202915	1.58
55.192535938165555	1.58
48.44638123228553	1.58
66.64458985388447	1.58
62.32970335202915	1.58
55.192535938165555	1.58
52.08037179481238	1.58
66.64458985388447	1.58
61.94817733798318	1.58
52.59893882805025	1.58
52.08037179481238	1.58
66.64458985388447	1.58
59.636407590883216	1.58
50.445692447184506	1.58
50.270491421796436	1.58
66.64458985388447	1.58
56.79312509705979	1.58
50.445692447184506	1.58
50.84696327508412	1.58
66.64458985388447	1.58
58.88830452492208	1.58
49.316033278842255	1.58
50.72849420192229	1.58
66.64458985388447	1.58
61.59784214176033	1.58
49.316033278842255	1.58
50.72849420192229	1.58
66.64458985388447	1.58
63.4313691337221	1.58
49.316033278842255	1.58
55.879530211982726	1.58
68.33922291438914	1.58
63.4313691337221	1.58
53.796652836932395	1.58
51.697783465718345	1.58
68.33922291438914	1.58
66.070250821493	1.58
55.65746853242071	1.58
53.254205700771344	1.58
68.33922291438914	1.58
62.66111546847707	1.58
46.8915112175489	1.58
54.06330976027973	1.58
64.35041152592211	1.58
62.66111546847707	1.58
46.8915112175489	1.58
52.02901873375667	1.58
67.90091476009479	1.58
58.98249947008233	1.58
46.8915112175489	1.58
52.02901873375667	1.58
58.670897706321895	1.58
61.55741172701474	1.58
46.8915112175489	1.58
52.02901873375667	1.58
62.821440118401185	1.58
61.55741172701474	1.58
50.61679744062275	1.58
52.02901873375667	1.58
63.56374474669392	1.58
62.72332185155945	1.58
55.13608534927032	1.58
52.97733276317681	1.58
62.15496244383913	1.58
62.72332185155945	1.58
53.72937828460938	1.58
52.97733276317681	1.58
62.15496244383913	1.58
63.000442623040556	1.58
50.3269857379459	1.58
55.588271550425056	1.58
63.31494949237618	1.58
64.70799882497607	1.58
56.050734939714474	1.58
51.427559730497435	1.58
65.35458171108779	1.58
61.80484260096627	1.58
54.17193264304592	1.58
52.36398941823542	1.58
60.88437292238495	1.58
61.92384784164773	1.58
52.782082150265246	1.58
52.36398941823542	1.58
65.53718672411964	1.58
60.13907537462919	1.58
54.33764637822493	1.58
53.569208226192714	1.58
60.27094329575796	1.58
65.07469145850465	1.58
57.69418568226935	1.58
53.569208226192714	1.58
61.07787480835499	1.58
67.20357439922189	1.58
56.891275793839064	1.58
48.29971372850362	1.58
63.57547860727773	1.58
67.20357439922189	1.58
58.35192754613474	1.58
46.86788449697971	1.58
65.64949583692011	1.58
67.20357439922189	1.58
58.35192754613474	1.58
46.86788449697971	1.58
65.64949583692011	1.58
67.20357439922189	1.58
58.02870642333771	1.58
51.09591022339778	1.58
65.64949583692011	1.58
64.85093599455391	1.58
52.2448343804748	1.58
50.83347087355769	1.58
60.13148743131109	1.58
65.92300166371274	1.58
56.06956161991331	1.58
50.83347087355769	1.58
60.9468545314575	1.58
77.73277182793697	1.58
56.42534143429692	1.58
54.59099293019811	1.58
60.9468545314575	1.58
85.56618139877443	1.58
56.72638310659172	1.58
52.42163850876238	1.58
58.16440173446769	1.58
85.56618139877443	1.58
56.72638310659172	1.58
64.94690848979683	1.58
58.16440173446769	1.58
85.56618139877443	1.58
55.83706974102817	1.58
65.61839967301435	1.58
57.50921160843606	1.58
88.51578687816048	1.58
55.66765591519555	1.58
64.63796620808918	1.58
57.172069352042115	1.58
88.51578687816048	1.58
55.1755850246559	1.58
64.63796620808918	1.58
50.662115541663795	1.58
88.51578687816048	1.58
59.41271007883534	1.58
65.90634655713505	1.58
50.662115541663795	1.58
98.55884378303213	1.58
59.41271007883534	1.58
65.90634655713505	1.58
46.347182992649564	1.58
90.88033119247592	1.58
59.41271007883534	1.58
65.90634655713505	1.58
45.553338299169965	1.58
90.88033119247592	1.58
59.41271007883534	1.58
65.90634655713505	1.58
45.553338299169965	1.58
83.86208949039835	1.58
59.41271007883534	1.58
65.90634655713505	1.58
54.51836593358331	1.58
101.33918627572339	1.58
67.30571590020563	1.58
65.90634655713505	1.58
55.30408272193067	1.58
101.33918627572339	1.58
67.30571590020563	1.58
64.51956703212107	1.58
52.834625318213185	1.58
101.33918627572339	1.58
47.925702853037976	1.58
62.03214904838799	1.58
47.46615217645695	1.58
101.33918627572339	1.58
47.75441178416068	1.58
65.48038917461582	1.58
47.181140833219125	1.58
101.33918627572339	1.58
47.86707058626126	1.58
65.48038917461582	1.58
47.30206054047939	1.58
101.33918627572339	1.58
50.22583132300901	1.58
65.48038917461582	1.58
52.52991941155075	1.58
101.33918627572339	1.58
62.632513502911884	1.58
64.71876163045515	1.58
44.42805642847566	1.58
93.83000461262364	1.58
62.632513502911884	1.58
64.71876163045515	1.58
44.42805642847566	1.58
93.83000461262364	1.58
62.632513502911884	1.58
60.17124358422404	1.58
44.42805642847566	1.58
88.17207442927949	1.58
62.632513502911884	1.58
58.013676565660305	1.58
44.42805642847566	1.58
88.17207442927949	1.58
64.80581480869171	1.58
63.93533903405499	1.58
53.64694468048009	1.58
94.87893444597692	1.58
61.575855660798986	1.58
60.51357948535829	1.58
53.64694468048009	1.58
94.87893444597692	1.58
52.2913675083864	1.58
60.51357948535829	1.58
48.70585326658892	1.58
77.50990498530061	1.58
58.15517016682007	1.58
60.51357948535829	1.58
48.70585326658892	1.58
82.4201225434925	1.58
60.36699828051759	1.58
60.51357948535829	1.58
49.194586490132835	1.58
77.32891057319713	1.58
68.11692797923766	1.58
65.40013941670453	1.58
49.194586490132835	1.58
87.43476509920949	1.58
65.36745101179054	1.58
65.40013941670453	1.58
49.194586490132835	1.58
91.41256673668217	1.58
64.72759870747633	1.58
58.52301655928322	1.58
54.87053935976466	1.58
91.41256673668217	1.58
63.55214614136624	1.58
58.593998119858234	1.58
51.50911909934585	1.58
79.61617558994463	1.58
64.04943465968935	1.58
50.06721155112265	1.58
51.79346037268303	1.58
92.07515095466152	1.58
63.578098864791045	1.58
62.780051060526944	1.58
51.79346037268303	1.58
92.07515095466152	1.58
67.52907000858615	1.58
62.780051060526944	1.58
53.87416297281163	1.58
101.31854524085404	1.58
67.52907000858615	1.58
62.780051060526944	1.58
54.0033613045091	1.58
101.31854524085404	1.58
68.59933551130395	1.58
62.69373907479445	1.58
54.54231778750764	1.58
101.31854524085404	1.58
68.59933551130395	1.58
58.17172792396333	1.58
54.54231778750764	1.58
93.85977813597303	1.58
68.59933551130395	1.58
58.17172792396333	1.58
55.75097507712913	1.58
89.78794970867483	1.58
58.99584665420226	1.58
58.17172792396333	1.58
55.75097507712913	1.58
85.96596089686118	1.58
58.99584665420226	1.58
58.17172792396333	1.58
54.64504301904462	1.58
84.4418692608529	1.58
58.980343735396964	1.58
60.38697545005725	1.58
54.42131367150301	1.58
84.60035673449988	1.58
49.95528759379194	1.58
67.52973753992217	1.58
58.52262587077119	1.58
92.70159065926768	1.58
49.95528759379194	1.58
67.52973753992217	1.58
58.52262587077119	1.58
92.70159065926768	1.58
46.37764676323629	1.58
67.52973753992217	1.58
62.05285951748505	1.58
87.61236044693318	1.58
46.17852630096941	1.58
67.52973753992217	1.58
62.05285951748505	1.58
87.61236044693318	1.58
46.17852630096941	1.58
67.52973753992217	1.58
62.05285951748505	1.58
89.11651997750252	1.58
59.96759616808344	1.58
67.52973753992217	1.58
62.05285951748505	1.58
88.77872903031928	1.58
59.96759616808344	1.58
67.52973753992217	1.58
64.63631171226844	1.58
88.77872903031928	1.58
59.96759616808344	1.58
67.52973753992217	1.58
67.42142238880417	1.58
81.59975480883345	1.58
56.29018979112022	1.58
67.52973753992217	1.58
67.40557774515698	1.58
81.59975480883345	1.58
56.29018979112022	1.58
67.52973753992217	1.58
67.45714666648249	1.58
95.55509313955486	1.58
48.11415716872808	1.58
67.52973753992217	1.58
60.84789247042209	1.58
95.55509313955486	1.58
48.83162358758258	1.58
53.28328150596452	1.58
63.12939519751569	1.58
97.30863403265244	1.58
48.83162358758258	1.58
46.060619675120115	1.58
62.46640961760505	1.58
97.30863403265244	1.58
44.99490393508381	1.58
46.060619675120115	1.58
62.46640961760505	1.58
89.9735377393342	1.58
44.99490393508381	1.58
46.060619675120115	1.58
62.46640961760505	1.58
76.53421226588151	1.58
44.99490393508381	1.58
55.419741425491694	1.58
60.16577043279479	1.58
72.63468397064828	1.58
44.99490393508381	1.58
56.093664807160295	1.58
61.950299930928644	1.58
75.14415752542965	1.58
44.99490393508381	1.58
56.093664807160295	1.58
67.58799143831487	1.58
98.74567447519766	1.58
66.96053541516665	1.58
50.29150674469533	1.58
67.58799143831487	1.58
98.74567447519766	1.58
67.06488604313874	1.58
57.078675565779804	1.58
68.07413524799135	1.58
98.74567447519766	1.58
66.94119795132472	1.58
57.078675565779804	1.58
63.777316193775654	1.58
96.55243131708735	1.58
55.15663046951077	1.58
57.078675565779804	1.58
63.777316193775654	1.58
96.55243131708735	1.58
55.15663046951077	1.58
56.53072921259449	1.58
63.777316193775654	1.58
92.70545758747033	1.58
66.3493199781623	1.58
49.96244107934974	1.58
65.3351972721602	1.58
92.70545758747033	1.58
66.89207021815166	1.58
54.53747295539534	1.58
68.61130653398327	1.58
82.19219404409343	1.58
65.6142916221302	1.58
63.91703782284702	1.58
68.61130653398327	1.58
81.55664969637361	1.58
65.6142916221302	1.58
63.91703782284702	1.58
68.97768594860143	1.58
89.11213873770298	1.58
66.39647562959155	1.58
62.8598506155813	1.58
69.16140138546884	1.58
89.11213873770298	1.58
64.6196790415368	1.58
63.922872638512004	1.58
69.16140138546884	1.58
89.11213873770298	1.58
64.6196790415368	1.58
59.54579386779375	1.58
69.16140138546884	1.58
102.09527851606421	1.58
67.47806011481717	1.58
49.971581999833816	1.58
69.0993070178645	1.58
90.81267298430352	1.58
67.83805753947578	1.58
54.04792740874443	1.58
69.0993070178645	1.58
90.81267298430352	1.58
65.88881924360753	1.58
46.95957125154178	1.58
68.96130372279988	1.58
90.29919733577562	1.58
59.408583437912384	1.58
50.59374595616791	1.58
66.40271419393811	1.58
92.32795399477388	1.58
57.059135616347376	1.58
50.59374595616791	1.58
66.40271419393811	1.58
92.32795399477388	1.58
51.90408118301543	1.58
57.607249349266205	1.58
66.40271419393811	1.58
103.15250636772052	1.58
51.90408118301543	1.58
54.80447062286906	1.58
61.249156708392036	1.58
103.15250636772052	1.58
51.90408118301543	1.58
54.80447062286906	1.58
59.36958364718392	1.58
84.21927737002028	1.58
51.90408118301543	1.58
54.80447062286906	1.58
63.44802817355809	1.58
96.88724609426765	1.58
54.26786769612319	1.58
46.57422574004529	1.58
61.53266115952387	1.58
78.50659242291974	1.58
48.100207012071316	1.58
52.90086173756748	1.58
61.53266115952387	1.58
75.82418166135801	1.58
48.100207012071316	1.58
52.90086173756748	1.58
61.735835409777344	1.58
66.5957573503849	1.58
48.100207012071316	1.58
44.9166748112664	1.58
66.09521640756968	1.58
60.28306889327742	1.58
54.54179263976927	1.58
44.9166748112664	1.58
66.09521640756968	1.58
60.28306889327742	1.58
50.11855255691245	1.58
46.014366248622125	1.58
66.09521640756968	1.58
60.28306889327742	1.58
49.04062832809266	1.58
46.014366248622125	1.58
66.09521640756968	1.58
57.53222862742116	1.58
52.63742706020127	1.58
47.33227365984412	1.58
66.09521640756968	1.58
61.155584573381184	1.58
48.901802209885034	1.58
47.33227365984412	1.58
66.09521640756968	1.58
57.83244775849815	1.58
48.901802209885034	1.58
40.77249340860578	1.58
66.09521640756968	1.58
65.45524236749745	1.58
53.85141143854199	1.58
40.77249340860578	1.58
66.09521640756968	1.58
65.45524236749745	1.58
53.85141143854199	1.58
44.84357790789172	1.58
66.09521640756968	1.58
65.45524236749745	1.58
53.85141143854199	1.58
44.84357790789172	1.58
60.36658497648109	1.58
65.45524236749745	1.58
53.780826808274306	1.58
44.84357790789172	1.58
58.747111785998875	1.58
65.45524236749745	1.58
55.327079210303104	1.58
30.94872080199287	1.58
58.747111785998875	1.58
65.45524236749745	1.58
55.437010679257874	1.58
30.94872080199287	1.58
58.747111785998875	1.58
65.45524236749745	1.58
54.98398712071406	1.58
30.94872080199287	1.58
58.747111785998875	1.58
65.45524236749745	1.58
56.538420400776445	1.58
30.94872080199287	1.58
51.07605571648699	1.58
65.45524236749745	1.58
60.9790033036197	1.58
30.94872080199287	1.58
59.5892486501518	1.58
65.72003486002855	1.58
62.27042796091947	1.58
30.94872080199287	1.58
58.13042383445011	1.58
65.72003486002855	1.58
65.12508374265067	1.58
30.94872080199287	1.58
57.999910402050276	1.58
65.75836140430434	1.58
65.12508374265067	1.58
30.94872080199287	1.58
51.122255172442124	1.58
58.70060918081782	1.58
65.12508374265067	1.58
25.778312217938243	1.58
51.60040321387355	1.58
58.70060918081782	1.58
65.12508374265067	1.58
25.778312217938243	1.58
59.252244913716886	1.58
58.70060918081782	1.58
66.93113197942881	1.58
25.778312217938243	1.58
61.26817112229966	1.58
61.147818949999404	1.58
64.23465901459979	1.58
34.74599891645626	1.58
61.26817112229966	1.58
61.147818949999404	1.58
66.56617116681576	1.58
41.07498416449961	1.58
63.300866198231304	1.58
59.72862592087075	1.58
65.49471452930337	1.58
45.12275511157972	1.58
64.13859644417201	1.58
57.44075739768279	1.58
64.89049021378058	1.58
51.2096354053938	1.58
64.15963448328377	1.58
50.13154425912306	1.58
64.89049021378058	1.58
51.2096354053938	1.58
64.15963448328377	1.58
49.57608871277817	1.58
64.89049021378058	1.58
52.193217708306626	1.58
64.15963448328377	1.58
50.66824289410036	1.58
64.89049021378058	1.58
52.11454034828067	1.58
64.15963448328377	1.58
41.692918266046306	1.58
65.56545177140761	1.58
47.38382918027315	1.58
64.53252237094122	1.58
42.86852355307573	1.58
65.96976574730041	1.58
47.38382918027315	1.58
64.53252237094122	1.58
45.059090810904074	1.58
65.3908743803852	1.58
49.42272229968501	1.58
64.53252237094122	1.58
45.059090810904074	1.58
64.18786325657791	1.58
49.868269186802344	1.58
64.50854757244788	1.58
45.059090810904074	1.58
64.04713143367053	1.58
49.868269186802344	1.58
61.57988236234612	1.58
45.059090810904074	1.58
64.51038592054581	1.58
46.32775375532135	1.58
59.06800237376616	1.58
54.37521320531758	1.58
63.11662103954585	1.58
39.4477191374451	1.58
59.06800237376616	1.58
58.04254977426848	1.58
64.71695216997527	1.58
39.4477191374451	1.58
59.06800237376616	1.58
53.944797202118615	1.58
63.670675207534885	1.58
39.4477191374451	1.58
58.065448453951674	1.58
63.33560450522913	1.58
63.68111157706318	1.58
35.491832994538264	1.58
55.50263396121672	1.58
63.41093904800568	1.58
63.68111157706318	1.58
35.491832994538264	1.58
55.50263396121672	1.58
63.5230622835138	1.58
63.68111157706318	1.58
35.491832994538264	1.58
53.12691407473605	1.58
63.5230622835138	1.58
63.7140863402136	1.58
35.491832994538264	1.58
49.03331448035782	1.58
63.4689844997588	1.58
63.7140863402136	1.58
48.654282709834106	1.58
55.981264197547546	1.58
63.4721695132977	1.58
63.798774280182684	1.58
51.05567054938443	1.58
60.44057572502774	1.58
63.59151740507361	1.58
64.3011127894593	1.58
51.05567054938443	1.58
55.97245123041138	1.58
63.37770838135248	1.58
65.10047229143342	1.58
48.63875461125281	1.58
57.42770498489564	1.58
63.39143107150788	1.58
64.50156187455704	1.58
50.01000584867266	1.58
59.924132798507	1.58
63.798482635682475	1.58
64.43478365212333	1.58
53.88209045961608	1.58
56.90496487732435	1.58
63.89030697132337	1.58
64.37639584507895	1.58
54.09225013979582	1.58
56.486556760177024	1.58
63.43292585237406	1.58
65.0621960361573	1.58
49.18369287210044	1.58
60.48337160626609	1.58
63.942286970087636	1.58
65.92309472303087	1.58
54.640684183476544	1.58
58.634462180943174	1.58
63.942286970087636	1.58
63.171971436873875	1.58
47.25819727042066	1.58
57.24574113988977	1.58
64.03102944890146	1.58
63.171971436873875	1.58
47.25819727042066	1.58
58.96303407309782	1.58
64.24135331831398	1.58
62.51463628216047	1.58
49.98176608052214	1.58
64.09189234238502	1.58
64.24135331831398	1.58
63.25548696885459	1.58
55.47866983765917	1.58
64.92124772138995	1.58
60.704681282097006	1.58
64.80258112896749	1.58
60.10166239532926	1.58
64.89588258799499	1.58
62.55091995569415	1.58
64.78819676954238	1.58
58.447294567356046	1.58
63.10365790295867	1.58
62.70247557290217	1.58
64.27391206080782	1.58
54.215899896806	1.58
66.31550937613807	1.58
61.30793146840543	1.58
64.68854492172191	1.58
52.692378017359324	1.58
66.87359387982154	1.58
60.050997513319395	1.58
65.29176134853114	1.58
46.33968396783787	1.58
58.160077907493076	1.58
60.050997513319395	1.58
64.11330127698656	1.58
46.33968396783787	1.58
67.86415060592302	1.58
56.713459131366186	1.58
64.12614534397146	1.58
50.1465429095874	1.58
67.86415060592302	1.58
54.7142224075158	1.58
65.21599735104505	1.58
48.602403264179046	1.58
67.86415060592302	1.58
52.717850650011634	1.58
66.23591785248378	1.58
48.8718304913596	1.58
68.01590533765088	1.58
54.54408355055395	1.58
66.23591785248378	1.58
44.65771006380602	1.58
68.92074915717757	1.58
57.059508665398255	1.58
68.23471367394313	1.58
44.65771006380602	1.58
68.92074915717757	1.58
59.108123991989416	1.58
68.23471367394313	1.58
44.65771006380602	1.58
68.97982098401837	1.58
63.80249249992099	1.58
66.97491509897574	1.58
44.142621583905665	1.58
60.75697685589435	1.58
63.80249249992099	1.58
66.97491509897574	1.58
44.142621583905665	1.58
60.75697685589435	1.58
61.15586325256948	1.58
65.14301989718138	1.58
51.75706268014831	1.58
59.66711607771708	1.58
56.73445755994582	1.58
65.14301989718138	1.58
46.86273662118913	1.58
59.84473963612828	1.58
56.31653211305729	1.58
65.35438019437758	1.58
47.723037001694784	1.58
63.39306937494462	1.58
58.56356318076952	1.58
66.66736468582546	1.58
52.046402127165024	1.58
63.39306937494462	1.58
61.338141541710776	1.58
67.71385856466821	1.58
49.61997076977728	1.58
64.6160154762004	1.58
63.70738180749545	1.58
67.71385856466821	1.58
50.668843365132986	1.58
64.6160154762004	1.58
61.41222913024282	1.58
67.71385856466821	1.58
50.668843365132986	1.58
65.47482655040835	1.58
58.58331654007677	1.58
67.71385856466821	1.58
49.38359472064568	1.58
65.06447641199485	1.58
57.24447011677495	1.58
68.41239993819268	1.58
51.702208970666064	1.58
65.06447641199485	1.58
51.91171471929053	1.58
67.76000908659513	1.58
51.58329599679181	1.58
62.42433561159196	1.58
52.16284004091771	1.58
63.1294540764075	1.58
51.62207002333679	1.58
62.13880073451529	1.58
52.54150383261557	1.58
63.1294540764075	1.58
51.12290653125669	1.58
62.13880073451529	1.58
53.35216923285123	1.58
62.76195842614475	1.58
56.478921458164535	1.58
62.19341910305942	1.58
51.71120460724518	1.58
62.7302526702331	1.58
58.02476636548616	1.58
60.78678205390661	1.58
51.71120460724518	1.58
63.90779794407092	1.58
56.74024179933251	1.58
59.99176365839194	1.58
51.907025682359524	1.58
66.50847329628913	1.58
56.05832980704583	1.58
55.23075533527411	1.58
48.93678917908422	1.58
66.1271783916017	1.58
56.13488211542819	1.58
50.61841910424087	1.58
48.93678917908422	1.58
66.1271783916017	1.58
57.44154466694574	1.58
49.30727032554789	1.58
48.93678917908422	1.58
66.1271783916017	1.58
65.05221586345414	1.58
41.52265394349619	1.58
48.93678917908422	1.58
66.1271783916017	1.58
65.05221586345414	1.58
50.19139764735645	1.58
48.93678917908422	1.58
59.701339048444865	1.58
65.05221586345414	1.58
54.10233321543192	1.58
48.93678917908422	1.58
65.14855093379974	1.58
65.05221586345414	1.58
54.38910412094384	1.58
50.16944819301574	1.58
65.14855093379974	1.58
65.05221586345414	1.58
55.81703708553597	1.58
50.16944819301574	1.58
64.57111769177733	1.58
67.83875426754693	1.58
60.41983924494909	1.58
54.080056955306496	1.58
64.57111769177733	1.58
67.83875426754693	1.58
57.49571133240878	1.58
60.20367667355073	1.58
64.78021101865787	1.58
64.25142770627518	1.58
59.007245366436514	1.58
58.85916473419808	1.58
64.78021101865787	1.58
65.05234466656003	1.58
55.29804583331229	1.58
59.1515907549232	1.58
66.48257447911696	1.58
62.576105378340635	1.58
56.380762384998235	1.58
57.212588018024604	1.58
66.48257447911696	1.58
64.11671959321527	1.58
52.784920199008866	1.58
60.94929641297554	1.58
66.48257447911696	1.58
65.21330536329417	1.58
52.784920199008866	1.58
59.504273925281126	1.58
66.48257447911696	1.58
65.21330536329417	1.58
57.7859821285696	1.58
59.504273925281126	1.58
66.48257447911696	1.58
64.6857044117121	1.58
52.207779766637614	1.58
57.10674451738725	1.58
64.6885606103933	1.58
64.6857044117121	1.58
51.0392110618565	1.58
59.42203636589944	1.58
64.05979865492321	1.58
64.96580713510917	1.58
51.0392110618565	1.58
58.918183109945474	1.58
64.05979865492321	1.58
64.96580713510917	1.58
57.47248892231781	1.58
59.46565370648185	1.58
63.417772697702596	1.58
63.48797780896845	1.58
59.9582014108223	1.58
55.57267293387564	1.58
66.22407070625317	1.58
62.32947367269858	1.58
59.110366426546626	1.58
53.26768891118026	1.58
65.46441989050655	1.58
57.94173069708342	1.58
56.10448848548762	1.58
44.77705593141062	1.58
65.46441989050655	1.58
68.40229313849966	1.58
50.90816916095568	1.58
45.49258669850895	1.58
65.46441989050655	1.58
60.88917308266795	1.58
47.46116020804691	1.58
45.49258669850895	1.58
65.46441989050655	1.58
60.88917308266795	1.58
47.46116020804691	1.58
45.49258669850895	1.58
66.47683841287764	1.58
60.508192302500795	1.58
47.46116020804691	1.58
45.49258669850895	1.58
65.01494427185253	1.58
60.508192302500795	1.58
52.704149845923084	1.58
42.01990859222708	1.58
65.5385734157793	1.58
62.41631206303366	1.58
52.704149845923084	1.58
42.01990859222708	1.58
65.76408244902728	1.58
60.37599771210805	1.58
52.704149845923084	1.58
42.01990859222708	1.58
65.76408244902728	1.58
57.89491105381249	1.58
58.28352924744585	1.58
42.01990859222708	1.58
56.721921541683635	1.58
57.89491105381249	1.58
58.12918493288736	1.58
43.524113373995405	1.58
56.721921541683635	1.58
57.89280112248577	1.58
59.48224570714801	1.58
43.524113373995405	1.58
54.09712246165531	1.58
57.77205441432545	1.58
58.663682894048684	1.58
41.368152638777055	1.58
55.32192217459002	1.58
53.31925362052708	1.58
61.53824265352262	1.58
37.83568746366258	1.58
51.33746535168701	1.58
55.066669613126386	1.58
65.28295651583956	1.58
37.83568746366258	1.58
51.33746535168701	1.58
55.066669613126386	1.58
65.28295651583956	1.58
41.683513501358284	1.58
51.33746535168701	1.58
52.35806878915895	1.58
65.28295651583956	1.58
46.086583129401745	1.58
50.198544175820075	1.58
55.7316786562651	1.58
65.0492426441514	1.58
43.64718535037546	1.58
51.141102244685584	1.58
64.649882454337	1.58
65.0492426441514	1.58
47.35930678460801	1.58
55.37635606142145	1.58
64.649882454337	1.58
65.0492426441514	1.58
47.35930678460801	1.58
55.8744212303376	1.58
64.76122413820393	1.58
65.0492426441514	1.58
49.237435673911364	1.58
59.8081326320346	1.58
64.87979682746061	1.58
65.08649263141456	1.58
47.54763577169942	1.58
56.1454370282013	1.58
64.87979682746061	1.58
65.08649263141456	1.58
47.54763577169942	1.58
56.1454370282013	1.58
64.85921603497971	1.58
65.08649263141456	1.58
47.54763577169942	1.58
56.1454370282013	1.58
66.06813714008655	1.58
64.27963588275786	1.58
51.486407698981296	1.58
59.35128564154114	1.58
65.77618441215476	1.58
65.67270767809843	1.58
51.486407698981296	1.58
60.03873879227274	1.58
65.8800971325215	1.58
65.67270767809843	1.58
56.48870224418445	1.58
56.681027425030464	1.58
65.98052824907708	1.58
65.83558649521784	1.58
54.454218293665036	1.58
56.50887841379582	1.58
64.76494272010615	1.58
65.83558649521784	1.58
54.454218293665036	1.58
60.452116209830535	1.58
63.921203137450284	1.58
63.676219817625004	1.58
51.24610967993533	1.58
60.452116209830535	1.58
63.279537431175626	1.58
63.785100195747	1.58
54.9648750665384	1.58
60.452116209830535	1.58
65.34756637383418	1.58
63.20123523260281	1.58
53.114810770722364	1.58
65.10861893756527	1.58
65.34756637383418	1.58
63.81498521260847	1.58
55.93313372588416	1.58
65.10861893756527	1.58
65.34756637383418	1.58
63.59796673133394	1.58
55.00802852414118	1.58
65.08977125596036	1.58
63.8246322826279	1.58
63.5734599856263	1.58
57.74687344675663	1.58
66.82673728861712	1.58
60.88924288176558	1.58
61.47203908266677	1.58
56.915517205840516	1.58
64.74118477563903	1.58
60.68107382237051	1.58
61.144387003019695	1.58
55.85427684720347	1.58
61.88661985577743	1.58
64.3099941716349	1.58
59.4949961801546	1.58
50.678148209655646	1.58
63.80158658451688	1.58
64.3099941716349	1.58
58.206228829922246	1.58
53.90091402819056	1.58
65.90250937419852	1.58
64.3099941716349	1.58
56.2736265582993	1.58
53.10700334842534	1.58
64.75629034642972	1.58
64.3099941716349	1.58
51.57203903315685	1.58
53.02467691710902	1.58
60.44348800791737	1.58
61.7396338137652	1.58
51.57203903315685	1.58
53.309662385129364	1.58
67.08152414087861	1.58
60.52851865477676	1.58
52.33352290825407	1.58
60.01721159316628	1.58
68.67017377632628	1.58
57.4116521175911	1.58
53.32247663991406	1.58
62.96040288337468	1.58
66.17713682689057	1.58
55.73034257816858	1.58
54.53986556345697	1.58
64.93524431253286	1.58
66.17713682689057	1.58
54.63386127359059	1.58
54.53986556345697	1.58
64.93524431253286	1.58
65.81571534216897	1.58
46.86676405502043	1.58
51.1440147940695	1.58
64.93524431253286	1.58
62.88467227029355	1.58
46.86676405502043	1.58
52.18028067129218	1.58
66.1340556841731	1.58
63.760646134570216	1.58
44.305553812045694	1.58
52.18028067129218	1.58
67.50396459418847	1.58
68.0398824995307	1.58
45.617890599096356	1.58
52.042041207881866	1.58
58.87302763760414	1.58
68.76988115283623	1.58
47.5544461555024	1.58
55.64946148337795	1.58
54.271009647373425	1.58
68.76988115283623	1.58
49.22148856359605	1.58
53.694328307216914	1.58
54.271009647373425	1.58
65.88671708393649	1.58
50.60502194589188	1.58
53.694328307216914	1.58
45.97955220379205	1.58
65.88671708393649	1.58
50.785596778331204	1.58
53.84810292800937	1.58
48.37467342889243	1.58
65.88671708393649	1.58
50.09151464976031	1.58
53.84810292800937	1.58
48.37467342889243	1.58
65.88671708393649	1.58
48.997373441647945	1.58
54.56446686410152	1.58
48.37467342889243	1.58
65.88671708393649	1.58
47.55343302254816	1.58
55.31434277646813	1.58
48.762647106425675	1.58
65.88671708393649	1.58
46.50261947275187	1.58
47.208242735411424	1.58
48.762647106425675	1.58
65.88671708393649	1.58
45.20780276085145	1.58
48.03994668798425	1.58
49.22856188486783	1.58
65.88671708393649	1.58
46.66670037967247	1.58
48.03994668798425	1.58
50.6982522272584	1.58
68.07783648632004	1.58
45.71757188360967	1.58
50.31513945853804	1.58
53.44355907361262	1.58
68.07783648632004	1.58
47.45370583421698	1.58
50.76820139602406	1.58
56.985380380975776	1.58
68.07783648632004	1.58
47.45370583421698	1.58
50.76820139602406	1.58
62.20415395544593	1.58
68.07783648632004	1.58
46.44221436213404	1.58
50.76820139602406	1.58
67.42494778918048	1.58
68.07783648632004	1.58
46.44221436213404	1.58
49.09716964448712	1.58
67.42494778918048	1.58
67.7922392189887	1.58
47.29616646338895	1.58
49.57389748945502	1.58
67.42494778918048	1.58
67.7922392189887	1.58
55.242535791212276	1.58
51.126615435400055	1.58
66.68911694918555	1.58
66.51990392628534	1.58
47.45817194066948	1.58
51.287989986488185	1.58
66.68911694918555	1.58
66.53012040274521	1.58
47.45817194066948	1.58
53.58832045192909	1.58
66.68911694918555	1.58
65.93341455621628	1.58
44.92320895681291	1.58
62.03175418705524	1.58
65.58355275998048	1.58
66.15212150909049	1.58
44.92320895681291	1.58
64.69493206466385	1.58
61.7025524128399	1.58
67.05141337885918	1.58
48.307091050227854	1.58
64.69493206466385	1.58
64.42946873910158	1.58
67.05141337885918	1.58
45.6191608815715	1.58
64.69493206466385	1.58
64.42946873910158	1.58
67.4791154189685	1.58
45.6191608815715	1.58
64.69493206466385	1.58
65.65966022539094	1.58
66.66877019085017	1.58
45.6191608815715	1.58
64.81179158185297	1.58
56.565361057797766	1.58
67.69127451721107	1.58
48.0352686930051	1.58
64.81179158185297	1.58
59.35637986033563	1.58
67.69127451721107	1.58
49.029971412280325	1.58
61.18678475393473	1.58
60.17820173215565	1.58
67.69127451721107	1.58
39.30691564832404	1.58
67.46226390625773	1.58
60.17820173215565	1.58
67.69127451721107	1.58
39.30691564832404	1.58
67.44831356681807	1.58
60.17820173215565	1.58
67.59088732123593	1.58
39.30691564832404	1.58
64.19573059547845	1.58
61.52998334470968	1.58
67.59088732123593	1.58
44.01467820133715	1.58
63.55662136959754	1.58
61.52998334470968	1.58
66.88494558457938	1.58
53.4605276036281	1.58
63.55662136959754	1.58
61.52998334470968	1.58
67.87692071045544	1.58
51.57880292998728	1.58
62.60834653859056	1.58
60.030545231214006	1.58
68.19661797699074	1.58
51.57880292998728	1.58
64.01100393831531	1.58
62.342151302092205	1.58
67.1767352193865	1.58
51.57880292998728	1.58
61.40658907626324	1.58
61.39624214936083	1.58
67.1767352193865	1.58
48.41414504060448	1.58
62.19921244792367	1.58
66.62557943019735	1.58
67.1767352193865	1.58
57.327650715245596	1.58
67.04920855872629	1.58
66.62557943019735	1.58
67.20247691158221	1.58
57.327650715245596	1.58
67.04920855872629	1.58
66.81159537740783	1.58
67.20168029413841	1.58
54.67388512977268	1.58
67.04920855872629	1.58
62.89451443278003	1.58
68.3126403883693	1.58
53.48355354486754	1.58
67.04920855872629	1.58
62.89451443278003	1.58
67.95324468956021	1.58
53.48355354486754	1.58
66.96273049716596	1.58
64.4865788601725	1.58
67.95324468956021	1.58
53.48355354486754	1.58
66.14458507374526	1.58
62.06817330170509	1.58
67.77941242541178	1.58
42.83919248205608	1.58
66.14458507374526	1.58
63.018989194820136	1.58
67.77941242541178	1.58
45.3043912510938	1.58
66.14458507374526	1.58
61.525674259668115	1.58
67.77941242541178	1.58
50.58493237681912	1.58
66.14458507374526	1.58
61.525674259668115	1.58
68.01023649818985	1.58
52.60861293682275	1.58
64.4140691242721	1.58
60.458914798833845	1.58
68.01023649818985	1.58
55.10639555737389	1.58
62.80942456654405	1.58
60.081649600060985	1.58
66.72511062382253	1.58
57.32472241906705	1.58
62.62965487646203	1.58
54.59379590446777	1.58
66.72511062382253	1.58
58.4697015719544	1.58
60.82577102105055	1.58
53.83494342131076	1.58
66.72511062382253	1.58
57.66180531987042	1.58
60.82577102105055	1.58
53.83494342131076	1.58
68.18691309944117	1.58
57.65551451647024	1.58
60.82577102105055	1.58
58.60275437184243	1.58
68.18691309944117	1.58
56.971977354402945	1.58
63.6197523430993	1.58
58.54126961269641	1.58
68.18691309944117	1.58
56.79062835169043	1.58
68.95811817463147	1.58
55.722464737668474	1.58
68.33122362277442	1.58
59.178359997175306	1.58
68.95811817463147	1.58
53.931804889403296	1.58
68.5088275735019	1.58
58.364423663104255	1.58
68.95811817463147	1.58
53.931804889403296	1.58
68.44290291372522	1.58
57.343000331288536	1.58
68.72891475065828	1.58
55.03209609854659	1.58
68.57374231909208	1.58
62.63638681555789	1.58
68.78205900550422	1.58
53.50261369553315	1.58
65.792106076299	1.58
62.63638681555789	1.58
68.78205900550422	1.58
53.21617677950674	1.58
60.775681083469856	1.58
67.20479241714946	1.58
68.78205900550422	1.58
53.21617677950674	1.58
62.16304671511256	1.58
67.20479241714946	1.58
69.01983734207731	1.58
51.718388763664535	1.58
57.936690449542425	1.58
66.08202090371447	1.58
67.74606686472222	1.58
50.9101793292309	1.58
51.505214505805704	1.58
66.44134689186889	1.58
67.74606686472222	1.58
57.31500394952326	1.58
54.27570325469738	1.58
65.62185802927846	1.58
67.74606686472222	1.58
52.35657542698104	1.58
60.054882765725985	1.58
62.0117456440903	1.58
67.74606686472222	1.58
56.264671875969796	1.58
56.762359680899856	1.58
57.96113820740152	1.58
67.74606686472222	1.58
55.84023781781352	1.58
56.762359680899856	1.58
58.84683332520611	1.58
67.74606686472222	1.58
55.538193835092144	1.58
56.94776397712614	1.58
62.96579968978478	1.58
66.24628837770491	1.58
58.11588896096868	1.58
56.83385929594251	1.58
60.06136322239898	1.58
66.24628837770491	1.58
58.0332618208145	1.58
56.33854223632206	1.58
57.508167890547355	1.58
66.24628837770491	1.58
57.504248513681105	1.58
60.95532101462278	1.58
58.24621306737747	1.58
64.53743716218993	1.58
56.56368745901619	1.58
62.25697565493205	1.58
55.499179442500555	1.58
64.26829930663398	1.58
56.88954363629171	1.58
60.25691217566103	1.58
55.40727155290437	1.58
65.24293393028293	1.58
53.87340779794282	1.58
65.70510364680257	1.58
55.13521709751456	1.58
64.9647682761909	1.58
52.728878098555754	1.58
66.39210913432203	1.58
56.61855388314694	1.58
64.19879054015503	1.58
52.728878098555754	1.58
66.39210913432203	1.58
55.508158860779076	1.58
64.19879054015503	1.58
52.29689729933711	1.58
66.39210913432203	1.58
58.703998912806235	1.58
64.45014584092851	1.58
52.1619534186505	1.58
68.0193489975015	1.58
56.87653467335436	1.58
64.51050365283798	1.58
52.1619534186505	1.58
68.0193489975015	1.58
55.80516123494545	1.58
62.140382153101484	1.58
50.806264668915375	1.58
66.30730781599124	1.58
50.621730803992456	1.58
62.140382153101484	1.58
50.84019866003818	1.58
66.30730781599124	1.58
49.37016004113682	1.58
67.33901985987978	1.58
55.63026700669374	1.58
65.63713129830262	1.58
51.81138827304417	1.58
63.82526501335772	1.58
54.20334037862548	1.58
65.63713129830262	1.58
51.81138827304417	1.58
62.217855964481735	1.58
55.75026906635761	1.58
65.31835024880449	1.58
52.277750890665075	1.58
62.217855964481735	1.58
54.064882430747375	1.58
65.71379723873324	1.58
47.14203552766637	1.58
59.96445902094771	1.58
51.599193901087915	1.58
62.65045733551349	1.58
47.14203552766637	1.58
59.96445902094771	1.58
43.71905778639557	1.58
56.381436108773464	1.58
49.14405211116595	1.58
58.283205315621245	1.58
43.71905778639557	1.58
55.55513106751336	1.58
49.14405211116595	1.58
57.27712739246328	1.58
41.361022701741	1.58
56.06658195609957	1.58
49.14405211116595	1.58
57.6023605544201	1.58
41.361022701741	1.58
56.06658195609957	1.58
49.14405211116595	1.58
59.08000429661226	1.58
44.124464677260306	1.58
56.06658195609957	1.58
53.24031590981183	1.58
58.30301605501826	1.58
41.922821617222105	1.58
56.2303453720873	1.58
50.11382436132019	1.58
58.29727098098482	1.58
45.09913748498019	1.58
54.910562221243964	1.58
50.11382436132019	1.58
57.7763714854703	1.58
45.09913748498019	1.58
63.42781924868727	1.58
48.026190806254846	1.58
56.487147553989985	1.58
45.09913748498019	1.58
57.29038031417604	1.58
48.014081983946895	1.58
60.23559694177053	1.58
45.09913748498019	1.58
55.65432712976539	1.58
44.96832510510951	1.58
60.23559694177053	1.58
45.13006458783833	1.58
65.6644203353949	1.58
38.917698026129685	1.58
56.415228534177395	1.58
45.13006458783833	1.58
62.21493577743413	1.58
38.73796592120105	1.58
52.88570452185023	1.58
43.82276675245665	1.58
62.12296394941284	1.58
38.73796592120105	1.58
51.35756656496542	1.58
43.82276675245665	1.58
62.12296394941284	1.58
37.396942092070724	1.58
64.20618534740468	1.58
47.99048028290449	1.58
61.32745442901938	1.58
37.396942092070724	1.58
64.40514518727619	1.58
51.85074278986602	1.58
58.66101083421686	1.58
41.06056464670972	1.58
64.40514518727619	1.58
62.55223006605267	1.58
58.66101083421686	1.58
41.11363825530496	1.58
67.14129241392104	1.58
65.54191885937198	1.58
53.5893749620607	1.58
41.11363825530496	1.58
67.14129241392104	1.58
65.54191885937198	1.58
59.18287146141143	1.58
45.89690089738603	1.58
64.62622236258528	1.58
65.54191885937198	1.58
61.141370954432716	1.58
46.89683933318318	1.58
64.62622236258528	1.58
65.02378896265549	1.58
61.60911347474958	1.58
49.54035860773594	1.58
59.08536735493116	1.58
65.02378896265549	1.58
58.6607114362624	1.58
52.040799524702265	1.58
62.96932301801325	1.58
62.648830610376926	1.58
57.081756604632844	1.58
57.257220548058044	1.58
68.76406548695029	1.58
67.83380415223037	1.58
51.781280388542775	1.58
58.15854022661413	1.58
68.76406548695029	1.58
67.83380415223037	1.58
51.781280388542775	1.58
52.39655705698809	1.58
68.76406548695029	1.58
67.48094838988341	1.58
51.781280388542775	1.58
52.39655705698809	1.58
63.26099342666799	1.58
67.48094838988341	1.58
48.41473600362147	1.58
48.45618537944215	1.58
64.4726753413816	1.58
67.48094838988341	1.58
48.55547685155631	1.58
52.658494776380046	1.58
61.310485102338745	1.58
62.347955615833996	1.58
48.55547685155631	1.58
47.18829279972729	1.58
61.310485102338745	1.58
59.67978303399571	1.58
52.206945781260515	1.58
52.17928799352946	1.58
60.65419349351883	1.58
61.389963460253526	1.58
52.206945781260515	1.58
56.33314068677683	1.58
63.35079793615685	1.58
61.389963460253526	1.58
52.44270845982841	1.58
59.77875587874068	1.58
63.83410545234472	1.58
57.76267972800165	1.58
53.37546823966465	1.58
56.688105145874665	1.58
63.83410545234472	1.58
57.88187272383189	1.58
51.209441127765295	1.58
56.59054990874044	1.58
63.83410545234472	1.58
57.83821868067089	1.58
51.11184071184213	1.58
56.91535181509353	1.58
63.83410545234472	1.58
58.53596556390022	1.58
51.11184071184213	1.58
56.427100806941695	1.58
67.84224757772698	1.58
60.06929246717322	1.58
51.69445842097853	1.58
56.427100806941695	1.58
64.524789773004	1.58
59.84564928551343	1.58
51.69445842097853	1.58
56.427100806941695	1.58
65.42547940311533	1.58
62.77622817994639	1.58
51.69445842097853	1.58
53.41311840414484	1.58
60.723949587670816	1.58
67.95595492600742	1.58
51.69445842097853	1.58
49.839493662780704	1.58
58.94188232991481	1.58
61.95779304160004	1.58
53.41000499898049	1.58
49.839493662780704	1.58
63.54789852368343	1.58
61.95779304160004	1.58
49.233788316756105	1.58
49.839493662780704	1.58
61.63848173962605	1.58
64.07830807306388	1.58
55.739914996693344	1.58
51.890188702479776	1.58
66.1333743349861	1.58
64.07830807306388	1.58
52.73602400720745	1.58
45.56899812453637	1.58
65.86530320237507	1.58
64.07830807306388	1.58
52.73602400720745	1.58
45.56899812453637	1.58
58.582698858043024	1.58
60.76322051185204	1.58
52.90204002224949	1.58
46.84854834641202	1.58
61.41858164411272	1.58
54.102507816202504	1.58
52.374279968374665	1.58
43.41523259195421	1.58
59.0182277651807	1.58
50.42589382052031	1.58
52.986051744459495	1.58
43.41523259195421	1.58
58.64743608333754	1.58
49.75161772345797	1.58
50.12739611951268	1.58
43.41523259195421	1.58
60.24824960335633	1.58
49.65093073261411	1.58
49.99865995449094	1.58
43.41523259195421	1.58
61.28324674470885	1.58
54.482245303434006	1.58
53.30664929135868	1.58
45.26592005333238	1.58
59.479883708021475	1.58
59.04103322359511	1.58
48.20225722889225	1.58
46.567008149548336	1.58
57.45218553592646	1.58
63.22455036302813	1.58
48.20225722889225	1.58
49.31078359948987	1.58
60.437928491696226	1.58
64.81174162945773	1.58
50.122173199384946	1.58
51.387190280527676	1.58
59.29718398476026	1.58
64.81174162945773	1.58
47.74013958381555	1.58
50.370637810558776	1.58
65.64058480724279	1.58
64.81174162945773	1.58
47.74013958381555	1.58
54.192761336694915	1.58
60.25834655087322	1.58
64.81174162945773	1.58
47.74013958381555	1.58
55.327435869935115	1.58
63.088126990798784	1.58
64.81174162945773	1.58
47.74013958381555	1.58
54.003720699123896	1.58
63.088126990798784	1.58
64.81174162945773	1.58
47.74013958381555	1.58
55.748556270748516	1.58
63.088126990798784	1.58
64.81174162945773	1.58
53.0864151283585	1.58
55.54764323729937	1.58
59.277643820635966	1.58
64.81649467651867	1.58
53.0864151283585	1.58
56.29189738414311	1.58
59.277643820635966	1.58
61.9898946156127	1.58
57.134344145355925	1.58
57.07230668613769	1.58
60.889854956945086	1.58
66.67105152495645	1.58
59.09443856485224	1.58
49.90668327876361	1.58
60.889854956945086	1.58
66.67105152495645	1.58
53.91618417261839	1.58
48.06748754353454	1.58
61.2817267442381	1.58
62.85893583422707	1.58
56.258234944482226	1.58
53.11058100446783	1.58
62.59416057346654	1.58
63.24381426695574	1.58
57.378903665909824	1.58
51.118653091147415	1.58
61.88304831414299	1.58
65.45253546209365	1.58
55.65501807857534	1.58
56.448854276342615	1.58
65.04568649022647	1.58
65.45253546209365	1.58
55.65501807857534	1.58
54.17036033523647	1.58
62.006712081921535	1.58
65.45253546209365	1.58
52.298164234121984	1.58
55.44635543937413	1.58
61.34305068165442	1.58
60.08449987164224	1.58
56.12513027980315	1.58
54.71176020112183	1.58
65.12994169512992	1.58
62.04836132103431	1.58
54.07835121954091	1.58
54.71176020112183	1.58
65.73987531680461	1.58
61.67180098377647	1.58
55.028077766391604	1.58
54.71176020112183	1.58
65.73987531680461	1.58
65.13566217101574	1.58
50.59478936135606	1.58
51.79168426782672	1.58
59.66144254983719	1.58
65.13566217101574	1.58
50.59478936135606	1.58
52.05730478864142	1.58
62.06152066489828	1.58
65.13566217101574	1.58
55.79195303235555	1.58
55.244587942845655	1.58
60.220600483543514	1.58
62.50749059649092	1.58
54.91406613541048	1.58
55.244587942845655	1.58
63.83896894813401	1.58
63.83535563041456	1.58
54.66212389164973	1.58
53.033616880178926	1.58
63.83896894813401	1.58
64.43739193151234	1.58
57.797002376079774	1.58
53.033616880178926	1.58
61.37801730246622	1.58
68.14655293704368	1.58
55.0884271826112	1.58
57.34299411970714	1.58
61.37801730246622	1.58
64.19223924066023	1.58
51.65512555044896	1.58
51.46549091919762	1.58
62.0819122762194	1.58
64.4954411908954	1.58
51.65512555044896	1.58
51.46549091919762	1.58
64.85963248508794	1.58
63.3726851434885	1.58
51.65512555044896	1.58
50.488196779156546	1.58
60.61979579471921	1.58
63.3726851434885	1.58
51.5642207806468	1.58
50.27765010972914	1.58
60.61979579471921	1.58
65.18493175751236	1.58
51.5642207806468	1.58
50.154455683296966	1.58
68.06860567939584	1.58
65.18493175751236	1.58
50.47672620823715	1.58
46.26307535837707	1.58
68.02830436343376	1.58
65.18493175751236	1.58
55.79947964029339	1.58
46.26307535837707	1.58
68.02830436343376	1.58
65.18493175751236	1.58
53.630557552023504	1.58
48.06876616084963	1.58
68.02830436343376	1.58
61.43889688054922	1.58
53.630557552023504	1.58
48.743991965931514	1.58
67.31161056801824	1.58
65.40095933651772	1.58
55.4643606669901	1.58
48.743991965931514	1.58
67.31161056801824	1.58
60.726982046858026	1.58
56.84790554821512	1.58
48.85354379951993	1.58
59.66431326698307	1.58
63.884775080160495	1.58
53.915359072570794	1.58
47.63784181392272	1.58
59.66431326698307	1.58
63.884775080160495	1.58
50.30304994115747	1.58
50.28584766682829	1.58
57.29878621889005	1.58
65.05925086631056	1.58
50.30304994115747	1.58
50.187176118100524	1.58
59.16723567994836	1.58
61.079146797908884	1.58
53.646290191039995	1.58
53.35206373335974	1.58
58.919430858174636	1.58
67.96012918489077	1.58
55.16932048869323	1.58
53.35206373335974	1.58
60.726357874494944	1.58
67.59440123891821	1.58
49.970080268008346	1.58
51.97514630894994	1.58
62.40010653815009	1.58
67.59440123891821	1.58
50.43793754065538	1.58
48.24255580638895	1.58
62.40010653815009	1.58
65.27517896690568	1.58
49.189621475153835	1.58
53.45124325186849	1.58
62.40010653815009	1.58
67.9341563876846	1.58
49.189621475153835	1.58
56.96350576113894	1.58
62.40010653815009	1.58
67.9341563876846	1.58
51.34879539784744	1.58
57.89569396134905	1.58
66.4398827488495	1.58
67.9341563876846	1.58
51.34879539784744	1.58
53.01706625730154	1.58
63.75141718681586	1.58
61.7910353666105	1.58
51.98040825978773	1.58
54.24434929701175	1.58
64.76553014991293	1.58
63.49991903263548	1.58
51.98040825978773	1.58
57.61633478964695	1.58
64.76553014991293	1.58
65.33000631593413	1.58
51.98040825978773	1.58
56.91449334866771	1.58
64.76553014991293	1.58
65.33000631593413	1.58
55.00680455074162	1.58
54.18353027897639	1.58
65.23076273244928	1.58
65.33000631593413	1.58
55.83883120171761	1.58
54.18353027897639	1.58
63.779253971109064	1.58
65.33000631593413	1.58
51.34997354745673	1.58
45.367221675360554	1.58
59.711479625997484	1.58
65.33000631593413	1.58
55.39383038719518	1.58
47.96130702520902	1.58
65.81786460855642	1.58
65.33000631593413	1.58
53.30964283389247	1.58
49.721624002605736	1.58
65.81786460855642	1.58
65.33000631593413	1.58
52.599769869486266	1.58
49.721624002605736	1.58
65.81786460855642	1.58
65.33000631593413	1.58
55.507522771692166	1.58
49.721624002605736	1.58
65.81786460855642	1.58
65.33000631593413	1.58
56.119154234044416	1.58
48.0950517070285	1.58
64.53924511604991	1.58
66.61752007745797	1.58
47.718350137556754	1.58
46.283279557333394	1.58
64.53924511604991	1.58
66.61752007745797	1.58
47.718350137556754	1.58
44.47018772294028	1.58
64.53924511604991	1.58
63.23524059584172	1.58
51.83572793997446	1.58
44.47018772294028	1.58
64.53924511604991	1.58
59.634745364632195	1.58
51.25824716486797	1.58
44.47018772294028	1.58
64.53924511604991	1.58
62.5676149014785	1.58
55.88082689415911	1.58
44.47018772294028	1.58
64.53924511604991	1.58
56.49403088622305	1.58
55.75876178619374	1.58
45.457507194737886	1.58
64.53924511604991	1.58
63.78999072467924	1.58
57.59254152770865	1.58
45.457507194737886	1.58
64.53924511604991	1.58
63.78999072467924	1.58
53.8860421840192	1.58
45.457507194737886	1.58
64.53924511604991	1.58
63.78999072467924	1.58
57.6580682245657	1.58
45.457507194737886	1.58
64.53924511604991	1.58
64.59598790033688	1.58
60.42504537233036	1.58
45.20130373972083	1.58
65.80878778091022	1.58
62.87345973391075	1.58
58.685382549291084	1.58
50.95353899019947	1.58
66.78003307756559	1.58
63.62118611879312	1.58
55.94866563969533	1.58
50.95353899019947	1.58
66.78003307756559	1.58
60.32344540855192	1.58
57.44581391618349	1.58
50.95353899019947	1.58
66.78003307756559	1.58
61.58702805467817	1.58
57.44581391618349	1.58
50.12645630919786	1.58
66.78003307756559	1.58
64.10932276785148	1.58
55.5859266263314	1.58
48.26433694749298	1.58
63.4241239971154	1.58
66.58409139050269	1.58
52.34792996121464	1.58
55.540194217798174	1.58
60.79690489568761	1.58
66.58409139050269	1.58
52.34792996121464	1.58
53.481077421141265	1.58
59.24795756737689	1.58
65.29754839516903	1.58
50.99694744790666	1.58
48.94316591225672	1.58
59.24795756737689	1.58
65.29754839516903	1.58
52.249837410519305	1.58
54.95125255150148	1.58
58.41650940279301	1.58
65.29754839516903	1.58
42.777271602553455	1.58
56.145577672298245	1.58
53.842889723067415	1.58
65.29754839516903	1.58
42.777271602553455	1.58
58.43560650531078	1.58
54.03570936290764	1.58
65.29754839516903	1.58
39.29796455448786	1.58
59.58733072826751	1.58
50.05549846987349	1.58
56.89863295954784	1.58
41.75313373132214	1.58
59.9212785951785	1.58
53.74170432505821	1.58
55.463739987715265	1.58
36.02906040718493	1.58
65.15906819949213	1.58
49.54640630716603	1.58
55.32754390018486	1.58
36.02906040718493	1.58
65.15906819949213	1.58
49.54640630716603	1.58
60.71824915488831	1.58
39.850506798230214	1.58
65.38523619423903	1.58
49.54640630716603	1.58
60.71824915488831	1.58
39.850506798230214	1.58
64.57481332746882	1.58
58.13013516528556	1.58
64.46736882116909	1.58
39.850506798230214	1.58
64.57481332746882	1.58
57.91428475946989	1.58
64.47279774687826	1.58
39.850506798230214	1.58
64.57481332746882	1.58
58.16522084072639	1.58
64.44766761756004	1.58
51.4821383332727	1.58
64.66736692966175	1.58
58.159938355612724	1.58
68.39214782880345	1.58
51.4821383332727	1.58
64.66736692966175	1.58
56.142886733799216	1.58
68.39214782880345	1.58
52.80164579294694	1.58
63.351578542340086	1.58
54.145303075780355	1.58
67.1882891341091	1.58
53.46310250963921	1.58
64.11975333235813	1.58
54.44337357986197	1.58
67.1882891341091	1.58
53.46310250963921	1.58
63.7777251944635	1.58
54.2096749288838	1.58
67.95430959671413	1.58
53.46310250963921	1.58
63.7777251944635	1.58
54.79351117481083	1.58
68.72891306352646	1.58
53.46310250963921	1.58
65.79147978970406	1.58
55.32045800877263	1.58
63.453058529851106	1.58
53.0095419294182	1.58
64.40082844481124	1.58
55.215688080291976	1.58
63.764016044041355	1.58
51.52782620252329	1.58
64.7698407808832	1.58
58.09504981772335	1.58
63.06981573202151	1.58
56.16444015291416	1.58
67.12201318309499	1.58
59.60474490976089	1.58
62.18489712224975	1.58
56.16444015291416	1.58
67.12201318309499	1.58
59.35874922604592	1.58
67.69087788400805	1.58
61.253527083604915	1.58
67.06272901272166	1.58
59.35874922604592	1.58
67.52928116510847	1.58
63.511784663080064	1.58
66.99491907864372	1.58
57.48053296501153	1.58
67.78915368354899	1.58
63.511784663080064	1.58
66.30059874569963	1.58
51.08592564792119	1.58
68.74666207653837	1.58
63.89112769306783	1.58
64.15272219891666	1.58
51.08592564792119	1.58
67.70405553350633	1.58
63.89112769306783	1.58
61.968104892716866	1.58
49.386453821121435	1.58
67.70405553350633	1.58
65.71921244959046	1.58
61.50972483744844	1.58
53.43144612908979	1.58
68.43152356409378	1.58
65.71921244959046	1.58
68.78685585507026	1.58
41.466337469419756	1.58
68.55080025971661	1.58
65.41451459310363	1.58
68.88520556075741	1.58
41.466337469419756	1.58
68.32458254820178	1.58
65.41451459310363	1.58
68.88520556075741	1.58
51.84585455867071	1.58
68.50388192003497	1.58
62.35597863992708	1.58
65.58605270137903	1.58
49.86294335302148	1.58
68.50388192003497	1.58
62.35597863992708	1.58
65.41168932642908	1.58
49.86294335302148	1.58
67.51017691621344	1.58
62.35597863992708	1.58
65.41168932642908	1.58
56.109129082012174	1.58
66.49829009762341	1.58
61.97170324696374	1.58
65.28192064514923	1.58
53.52538664123465	1.58
64.41298860220228	1.58
64.548343984854	1.58
65.20763435329678	1.58
52.85802016532724	1.58
64.34512761529935	1.58
64.64648791122868	1.58
65.559752101548	1.58
57.9788038553305	1.58
64.34512761529935	1.58
64.56429881777552	1.58
65.42929216451053	1.58
60.1141705134351	1.58
64.44384432856006	1.58
64.50728454597424	1.58
67.43970115506347	1.58
56.00161666582954	1.58
62.58197150928935	1.58
61.29250892928341	1.58
67.43970115506347	1.58
59.54497406137285	1.58
63.92437903153327	1.58
62.41839293368868	1.58
67.02931122797835	1.58
54.19123429428788	1.58
65.29086821787878	1.58
62.59434869162255	1.58
66.22799400701331	1.58
56.08148025436688	1.58
65.29086821787878	1.58
60.081185864902565	1.58
66.74266227657264	1.58
56.89505221856703	1.58
65.22474530151155	1.58
59.578012934761546	1.58
66.74266227657264	1.58
56.89505221856703	1.58
64.70202728598238	1.58
54.690652770231296	1.58
66.36113914408018	1.58
49.64691819280479	1.58
64.82249599739363	1.58
55.01240787036403	1.58
66.36113914408018	1.58
48.93676700370151	1.58
63.488545526208746	1.58
56.10455689635936	1.58
66.36113914408018	1.58
48.93676700370151	1.58
63.63232445762581	1.58
54.08923155829018	1.58
67.01869047180215	1.58
47.555479963728764	1.58
62.76319798922375	1.58
54.08923155829018	1.58
68.10314624384274	1.58
47.555479963728764	1.58
64.4228533968602	1.58
49.019127744036474	1.58
68.10314624384274	1.58
46.844950065692224	1.58
64.06604801815725	1.58
49.019127744036474	1.58
66.62833243596059	1.58
46.844950065692224	1.58
63.311025587082874	1.58
49.019127744036474	1.58
68.81792301295835	1.58
57.430572062136015	1.58
59.22358566997055	1.58
49.019127744036474	1.58
68.81792301295835	1.58
54.12869335275701	1.58
51.23417762050922	1.58
45.15333359832145	1.58
63.8442863519393	1.58
54.12869335275701	1.58
42.816071123138876	1.58
46.26579457725956	1.58
63.8442863519393	1.58
57.787366159955184	1.58
42.816071123138876	1.58
46.26579457725956	1.58
63.8442863519393	1.58
60.42671113191173	1.58
48.969319823672	1.58
48.75844918377948	1.58
63.8442863519393	1.58
60.42671113191173	1.58
56.37157701918892	1.58
48.75844918377948	1.58
63.8442863519393	1.58
57.046796599493675	1.58
53.39978529177735	1.58
49.055002485396294	1.58
63.8442863519393	1.58
62.763663516451686	1.58
55.41349794177021	1.58
46.93782218235252	1.58
59.87987443961591	1.58
61.51669962774542	1.58
55.159407788064684	1.58
48.91955744601821	1.58
59.912031344223024	1.58
61.51669962774542	1.58
58.66865396682009	1.58
50.36100454318348	1.58
60.264727786924986	1.58
62.36174448427148	1.58
58.16743735342375	1.58
54.00172090980217	1.58
59.74498279745071	1.58
61.91645430526862	1.58
61.1496749008428	1.58
48.50620980792189	1.58
59.75926715394624	1.58
62.165092055034975	1.58
61.1496749008428	1.58
48.001643787964476	1.58
59.40272459747893	1.58
61.389151864287854	1.58
61.1496749008428	1.58
46.026754946773956	1.58
58.725848389097514	1.58
61.389151864287854	1.58
60.08272619662949	1.58
46.026754946773956	1.58
59.16129318888529	1.58
61.389151864287854	1.58
60.03045966210579	1.58
45.361380003095874	1.58
59.008671131968974	1.58
61.389151864287854	1.58
59.90070106312997	1.58
45.361380003095874	1.58
58.605323164816646	1.58
61.389151864287854	1.58
60.82373560529557	1.58
50.94649712553994	1.58
56.07685740344371	1.58
62.854530350217445	1.58
62.90527789822705	1.58
56.393848877602295	1.58
55.31972130921823	1.58
64.25974566112929	1.58
66.79936452663729	1.58
57.38965014894125	1.58
53.10847787406483	1.58
60.32669897391596	1.58
66.79936452663729	1.58
54.62082628751824	1.58
49.52383225752134	1.58
66.12976312463695	1.58
59.56372515433903	1.58
49.766706090837204	1.58
49.52383225752134	1.58
60.07870222361026	1.58
59.56372515433903	1.58
47.124345207694404	1.58
52.319190439922735	1.58
62.39405228762158	1.58
56.42014013544733	1.58
47.124345207694404	1.58
50.273247031633204	1.58
64.67950930036886	1.58
59.557117131077185	1.58
47.124345207694404	1.58
54.28076254855728	1.58
62.46168727134803	1.58
58.36662394779519	1.58
50.05513566492787	1.58
55.375197266036864	1.58
67.19369492041145	1.58
58.72344304880758	1.58
50.05513566492787	1.58
54.89093837686275	1.58
67.19369492041145	1.58
62.077144039488445	1.58
48.05596123736916	1.58
54.89093837686275	1.58
67.19369492041145	1.58
65.11373474334833	1.58
48.05596123736916	1.58
45.3625205565675	1.58
67.19369492041145	1.58
65.11373474334833	1.58
48.05596123736916	1.58
45.3625205565675	1.58
60.92390977455227	1.58
65.11373474334833	1.58
50.616237748748595	1.58
41.15604769849949	1.58
51.39254036013992	1.58
60.19355735775396	1.58
50.02745954491447	1.58
41.15604769849949	1.58
52.17153741487071	1.58
54.51652876840019	1.58
48.74456572010898	1.58
46.241085333620234	1.58
52.45141210400141	1.58
57.57898003077661	1.58
52.7159726351076	1.58
46.241085333620234	1.58
52.37631400310698	1.58
62.26621558208791	1.58
43.61755944023767	1.58
47.24593648854314	1.58
54.704133395283286	1.58
58.504683028149095	1.58
51.0268964168349	1.58
46.828134743106524	1.58
53.09169390475756	1.58
58.504683028149095	1.58
51.0268964168349	1.58
51.850732153114905	1.58
52.92059730307596	1.58
63.14702571632157	1.58
55.21258975603796	1.58
55.06111359593644	1.58
51.17533235848806	1.58
63.14702571632157	1.58
57.60654496149889	1.58
52.93019261161372	1.58
47.268575787723805	1.58
63.14702571632157	1.58
57.23869258617038	1.58
52.93019261161372	1.58
52.031903924760385	1.58
63.04694893082705	1.58
59.61490390826819	1.58
52.97081541082499	1.58
51.688532683760336	1.58
64.42342761982206	1.58
60.48502721228238	1.58
52.49778686332268	1.58
51.056009171268315	1.58
64.42342761982206	1.58
56.710120203821006	1.58
51.845909157966766	1.58
51.2256228853158	1.58
62.03560496491103	1.58
56.710120203821006	1.58
51.82093237269402	1.58
51.878248214876756	1.58
67.35102369054613	1.58
56.710120203821006	1.58
55.249485098066856	1.58
51.76705904170875	1.58
63.366192969520604	1.58
58.42029799512342	1.58
54.33914154399692	1.58
51.76705904170875	1.58
61.76308028020132	1.58
56.499660365260205	1.58
55.24647872426467	1.58
50.08964331301409	1.58
61.70665285632083	1.58
59.42977995622941	1.58
57.62053566894071	1.58
52.91406836100595	1.58
59.726413274519764	1.58
59.41025813773959	1.58
60.97230464563662	1.58
52.02293261142864	1.58
59.348770117224795	1.58
65.92205751432262	1.58
62.45188823820682	1.58
52.02293261142864	1.58
61.14828476837373	1.58
63.03385424264156	1.58
63.367735283813175	1.58
50.312297365427185	1.58
60.26915891980872	1.58
62.09255843437566	1.58
64.57650956624697	1.58
50.312297365427185	1.58
60.94147405971607	1.58
62.09255843437566	1.58
66.34489148183148	1.58
50.63520942680487	1.58
60.71782184912167	1.58
62.78385582373822	1.58
67.23617893575259	1.58
56.617374770248134	1.58
63.41854082023163	1.58
65.3263559409457	1.58
63.98973083837683	1.58
58.47548614942299	1.58
63.41854082023163	1.58
66.99957355955837	1.58
63.957165130037396	1.58
53.065377208521504	1.58
63.09183432216195	1.58
68.28737863858534	1.58
64.66987879135657	1.58
57.841532079688704	1.58
63.284502379990705	1.58
64.96640462101901	1.58
63.71275770886817	1.58
57.61554620377751	1.58
63.998535368634236	1.58
64.76274513962778	1.58
63.69182136054391	1.58
57.0557240237841	1.58
63.958049596296874	1.58
64.76931913574204	1.58
66.4500014369776	1.58
57.0557240237841	1.58
63.44873643796749	1.58
64.76931913574204	1.58
66.56937770432097	1.58
57.0557240237841	1.58
62.44669380146431	1.58
66.93299332326464	1.58
67.73952501122527	1.58
61.48497749421029	1.58
58.87771205031361	1.58
66.93299332326464	1.58
67.90966758805473	1.58
56.19335204886782	1.58
58.25413968148524	1.58
66.93299332326464	1.58
67.90966758805473	1.58
56.19335204886782	1.58
57.00071462740625	1.58
62.34783517627008	1.58
67.90966758805473	1.58
56.19335204886782	1.58
59.03691792205163	1.58
65.7062491860532	1.58
67.74220807303622	1.58
55.80574131532279	1.58
50.89641082152647	1.58
62.36892406374518	1.58
62.74248372762965	1.58
56.59462878511047	1.58
52.48293850102372	1.58
61.15200829660727	1.58
66.80821826200165	1.58
52.180682728625406	1.58
55.54228753918286	1.58
61.15200829660727	1.58
66.80821826200165	1.58
54.28513325297513	1.58
51.13499844746039	1.58
61.15200829660727	1.58
66.80821826200165	1.58
51.56989333220151	1.58
46.52731286108216	1.58
61.15200829660727	1.58
66.80821826200165	1.58
50.84788200068048	1.58
46.52731286108216	1.58
61.15200829660727	1.58
66.80821826200165	1.58
45.6628431196245	1.58
43.84208006489364	1.58
63.278077912845234	1.58
61.93370239357853	1.58
47.70847870822528	1.58
43.84208006489364	1.58
66.38316718845223	1.58
67.82305242933964	1.58
42.683977506559415	1.58
43.84208006489364	1.58
57.48922533512129	1.58
67.82305242933964	1.58
44.9051630465356	1.58
34.61955893861304	1.58
52.27639252687634	1.58
62.5587985645263	1.58
46.45406755613806	1.58
34.61955893861304	1.58
55.62533077821067	1.58
62.5587985645263	1.58
46.45406755613806	1.58
34.61955893861304	1.58
55.62533077821067	1.58
62.5587985645263	1.58
43.77072244661473	1.58
34.61955893861304	1.58
50.215518162556194	1.58
54.41424666850195	1.58
48.01280668634149	1.58
34.61955893861304	1.58
51.149802960915835	1.58
60.06983819740864	1.58
48.01280668634149	1.58
35.39742728404907	1.58
51.16244177298762	1.58
60.06983819740864	1.58
48.01280668634149	1.58
38.54721747083837	1.58
48.11914245025384	1.58
60.06983819740864	1.58
51.816415843133626	1.58
38.54721747083837	1.58
55.77667183366256	1.58
66.65456057172219	1.58
52.22893018534647	1.58
45.024610108773764	1.58
58.311085529307434	1.58
66.65456057172219	1.58
41.557508795576126	1.58
45.024610108773764	1.58
58.311085529307434	1.58
60.98373235197161	1.58
41.557508795576126	1.58
50.445069695930286	1.58
58.311085529307434	1.58
60.98373235197161	1.58
41.557508795576126	1.58
49.05488460323283	1.58
57.560841773598206	1.58
58.16218607760047	1.58
44.83171076307888	1.58
49.55407741992933	1.58
58.32152385972197	1.58
58.16218607760047	1.58
44.83171076307888	1.58
49.55407741992933	1.58
65.01107624418688	1.58
66.3103878367125	1.58
44.83171076307888	1.58
48.85401271609131	1.58
65.01107624418688	1.58
59.19272536938139	1.58
49.50814861810445	1.58
48.85401271609131	1.58
63.50786469048047	1.58
59.67149638269851	1.58
50.257259641471784	1.58
48.85401271609131	1.58
60.58558580281417	1.58
65.00523058933993	1.58
53.08308136041308	1.58
50.79116966045993	1.58
57.61766936701335	1.58
65.47556983943129	1.58
56.23732175263213	1.58
53.465889632637655	1.58
60.553833149878386	1.58
65.47556983943129	1.58
55.54472652946732	1.58
51.034887530765786	1.58
60.553833149878386	1.58
62.94647805982954	1.58
56.26490220798179	1.58
51.24831436325041	1.58
58.39741036500378	1.58
62.94647805982954	1.58
55.49905895402106	1.58
53.2750553320379	1.58
59.95391063924633	1.58
63.81655492589164	1.58
55.49905895402106	1.58
51.88019531733991	1.58
57.96292224762088	1.58
59.870598899617136	1.58
57.0833223832514	1.58
51.82439139917455	1.58
57.96292224762088	1.58
62.33746782625315	1.58
55.77368998448769	1.58
49.56731120827885	1.58
65.67105095135203	1.58
67.31049365223376	1.58
54.93865736831985	1.58
50.72558285026025	1.58
58.31490825005449	1.58
61.9121124649609	1.58
54.93865736831985	1.58
49.77513352815574	1.58
56.02635481780263	1.58
58.47776723506678	1.58
55.05150324017185	1.58
52.737123381825384	1.58
55.28320802481328	1.58
59.32754508791929	1.58
54.64331658954048	1.58
50.94138105307823	1.58
55.13566937057715	1.58
56.26507874610359	1.58
53.43268631350333	1.58
50.261299607252525	1.58
55.13566937057715	1.58
58.69240477276447	1.58
55.34370156423816	1.58
51.701003250004554	1.58
55.18381046909228	1.58
57.70345489422853	1.58
53.37831951211216	1.58
49.5812576072436	1.58
56.63021037583015	1.58
57.70345489422853	1.58
50.83810230873906	1.58
53.05984944469179	1.58
58.09548894861749	1.58
59.711948274824685	1.58
49.74283599966169	1.58
49.79809534545138	1.58
65.2273140655287	1.58
60.996990756720095	1.58
49.17539901575387	1.58
49.79809534545138	1.58
64.47703471299346	1.58
63.417728083955225	1.58
56.065414025076485	1.58
44.931386357351016	1.58
64.47703471299346	1.58
63.417728083955225	1.58
55.88217083745694	1.58
42.824343421327555	1.58
64.47703471299346	1.58
63.417728083955225	1.58
55.88217083745694	1.58
42.824343421327555	1.58
64.47703471299346	1.58
64.27531985015011	1.58
55.88217083745694	1.58
48.139366364084616	1.58
64.47703471299346	1.58
64.27531985015011	1.58
57.25604541948873	1.58
43.84953904005232	1.58
63.40140022585889	1.58
65.22298721760632	1.58
57.916214196477	1.58
51.733583811464264	1.58
63.40140022585889	1.58
66.89237656035208	1.58
57.19978016448764	1.58
55.19849788398052	1.58
66.44148195538911	1.58
65.32810669182516	1.58
55.760545272042165	1.58
55.426924917234864	1.58
68.52417997627985	1.58
61.3101395064697	1.58
50.594883256885225	1.58
50.381362428027515	1.58
61.15610859477369	1.58
59.391384708702724	1.58
54.8739098437088	1.58
53.54215084046623	1.58
65.2720935888423	1.58
59.95323049451707	1.58
52.23233238632363	1.58
58.50066671556666	1.58
62.13662335176415	1.58
59.95323049451707	1.58
46.50027184494335	1.58
57.8050068334867	1.58
65.03678884332577	1.58
61.8294012113889	1.58
46.50027184494335	1.58
57.314294592213685	1.58
62.63019321759965	1.58
61.8294012113889	1.58
50.48034046646159	1.58
52.889053848791995	1.58
63.3717233231629	1.58
65.5475973199241	1.58
53.406367810977585	1.58
51.80239297954398	1.58
62.754341720765105	1.58
67.92862988871963	1.58
50.12876326266518	1.58
50.779765738412436	1.58
62.754341720765105	1.58
60.6552409865933	1.58
48.88231435777952	1.58
50.779765738412436	1.58
62.754341720765105	1.58
62.09932217552918	1.58
48.88231435777952	1.58
52.38800341422982	1.58
62.754341720765105	1.58
66.85847597841546	1.58
48.88231435777952	1.58
52.38800341422982	1.58
62.754341720765105	1.58
62.52935280045368	1.58
44.45115041177194	1.58
51.506254419337324	1.58
62.754341720765105	1.58
65.95412716752905	1.58
43.87733413249158	1.58
52.4034446225822	1.58
62.754341720765105	1.58
65.95412716752905	1.58
43.87733413249158	1.58
54.403659384052865	1.58
59.799460735900254	1.58
65.95412716752905	1.58
47.6667530936724	1.58
55.96498514623843	1.58
59.12029909053097	1.58
65.95412716752905	1.58
47.6667530936724	1.58
55.011359302855425	1.58
59.64234847217854	1.58
65.95412716752905	1.58
47.6667530936724	1.58
53.196523506050944	1.58
65.35503240341966	1.58
65.95412716752905	1.58
47.6667530936724	1.58
56.65121604412899	1.58
66.16883900111571	1.58
65.95412716752905	1.58
52.34954488487413	1.58
51.046587037394275	1.58
59.37585084577586	1.58
67.57843369879568	1.58
59.5850235618861	1.58
48.806387995211566	1.58
59.34357432705657	1.58
61.365780865710526	1.58
60.29160529847428	1.58
49.43987020145509	1.58
60.104508623163184	1.58
61.88084443020807	1.58
60.69465001947872	1.58
42.7849992312785	1.58
65.53743393414494	1.58
61.88084443020807	1.58
61.75804263724132	1.58
39.9363346250086	1.58
66.78216888076376	1.58
61.88084443020807	1.58
61.63749574144784	1.58
39.9363346250086	1.58
66.78216888076376	1.58
61.88084443020807	1.58
61.62939497825083	1.58
50.41305102950972	1.58
66.78216888076376	1.58
61.88084443020807	1.58
61.724623378945275	1.58
50.83877899284258	1.58
65.05071344623195	1.58
66.85195546658876	1.58
59.6235460627076	1.58
53.66457641643684	1.58
67.81322978952636	1.58
66.85195546658876	1.58
58.500290201816156	1.58
53.66457641643684	1.58
67.81322978952636	1.58
66.85195546658876	1.58
52.12562009327569	1.58
51.251428489327125	1.58
63.166370925571165	1.58
62.65238919857758	1.58
47.97584270137474	1.58
51.251428489327125	1.58
63.166370925571165	1.58
62.65238919857758	1.58
47.97584270137474	1.58
51.251428489327125	1.58
60.55451273862256	1.58
60.932369093496824	1.58
48.51961361758505	1.58
51.08353271751644	1.58
55.220297367825665	1.58
56.66230451872908	1.58
47.11460613179098	1.58
51.08353271751644	1.58
55.296390343529744	1.58
57.832786510697005	1.58
48.87455252992355	1.58
47.272792727328635	1.58
52.66881560849002	1.58
62.96541236732877	1.58
49.72587037092933	1.58
43.99949123492233	1.58
52.78983478335024	1.58
66.56458373075021	1.58
49.72587037092933	1.58
41.20287760264071	1.58
51.37504084239456	1.58
58.997348340238254	1.58
41.83473193411355	1.58
39.508503425916075	1.58
56.24501426431782	1.58
51.283148820974716	1.58
41.039839606314004	1.58
39.508503425916075	1.58
68.24433193837207	1.58
61.106988613041594	1.58
41.039839606314004	1.58
49.905575157789855	1.58
68.24433193837207	1.58
64.87726120787393	1.58
40.257209957277	1.58
49.905575157789855	1.58
68.24433193837207	1.58
64.87726120787393	1.58
40.257209957277	1.58
41.28715619796143	1.58
68.24433193837207	1.58
64.87726120787393	1.58
37.03934628712909	1.58
50.37434463590239	1.58
68.24433193837207	1.58
67.62665623875863	1.58
37.03934628712909	1.58
50.37434463590239	1.58
67.30577229583096	1.58
68.35255469136477	1.58
35.853986868108144	1.58
50.91423934839442	1.58
56.0642244488006	1.58
55.14994193975671	1.58
35.853986868108144	1.58
51.61630649723744	1.58
60.51435089563617	1.58
57.97512219176705	1.58
35.853986868108144	1.58
51.89454895597388	1.58
49.30563200093994	1.58
67.22250342314567	1.58
42.5700186900186	1.58
51.22010546827228	1.58
54.616834279189995	1.58
61.733729939775706	1.58
44.172926053589265	1.58
53.04561213901458	1.58
53.88426500511914	1.58
58.730930950894454	1.58
47.195089284316296	1.58
52.85384947844813	1.58
56.30479709858149	1.58
54.543270848588975	1.58
47.195089284316296	1.58
51.58435531469863	1.58
57.48593950879883	1.58
58.33738165783181	1.58
41.458441076168135	1.58
51.4971445344186	1.58
62.19803180908855	1.58
54.20901163888929	1.58
51.2332648968028	1.58
51.4971445344186	1.58
57.43864454289815	1.58
54.20901163888929	1.58
51.2332648968028	1.58
51.4971445344186	1.58
55.27340171900869	1.58
53.424329952882914	1.58
51.045916734985965	1.58
51.08560684230315	1.58
55.796503307378785	1.58
53.424329952882914	1.58
51.55800732678969	1.58
50.54227210007769	1.58
55.533841341669266	1.58
54.26403172458605	1.58
49.525906856673565	1.58
46.220068417330836	1.58
51.4866125345303	1.58
50.29258184988373	1.58
49.7742449012226	1.58
47.82074995630063	1.58
50.93178022480387	1.58
51.42516506268274	1.58
48.927803435837006	1.58
45.83178946771092	1.58
50.505729653550546	1.58
50.54991128475837	1.58
48.60789127131265	1.58
45.83178946771092	1.58
50.4356420386261	1.58
50.56755388937016	1.58
48.7372907038875	1.58
44.619001783501815	1.58
53.08481134084298	1.58
53.348459570554475	1.58
49.575377871273034	1.58
45.289152251633716	1.58
52.601149298329545	1.58
56.020161515434935	1.58
44.29234062369156	1.58
42.9597596348912	1.58
50.962925216081175	1.58
59.93035691454538	1.58
46.95224984150881	1.58
42.9597596348912	1.58
56.78944477397167	1.58
61.241091683900414	1.58
49.835672728161335	1.58
42.9597596348912	1.58
54.22666728419391	1.58
62.713492545301534	1.58
49.835672728161335	1.58
39.56246012719655	1.58
54.22666728419391	1.58
57.28517573325384	1.58
51.51066844801124	1.58
39.1086199380644	1.58
61.25810755761458	1.58
59.69138275887577	1.58
49.5578141049074	1.58
49.03319227742667	1.58
63.35728000995327	1.58
60.74189974027629	1.58
49.5578141049074	1.58
53.96742754376396	1.58
62.575166687060374	1.58
58.58557098599487	1.58
47.46374966355834	1.58
51.27184168463386	1.58
62.575166687060374	1.58
56.7491771958891	1.58
50.31055879591658	1.58
49.889061404807855	1.58
68.22961866658535	1.58
60.542884662531776	1.58
50.85317896362685	1.58
45.328326909071855	1.58
68.28414188854181	1.58
63.030252732378564	1.58
52.699116421106304	1.58
50.927135320677145	1.58
68.28414188854181	1.58
64.97724214660002	1.58
52.699116421106304	1.58
48.933302539649944	1.58
68.45245109364306	1.58
64.97724214660002	1.58
50.644742646679916	1.58
52.594260530444984	1.58
68.45245109364306	1.58
64.97724214660002	1.58
52.58451543698913	1.58
52.594260530444984	1.58
68.45245109364306	1.58
66.9507128399157	1.58
56.36427459908441	1.58
52.594260530444984	1.58
68.45245109364306	1.58
66.9507128399157	1.58
61.65327793814072	1.58
52.594260530444984	1.58
68.45245109364306	1.58
66.9507128399157	1.58
57.130910982714546	1.58
52.594260530444984	1.58
68.45245109364306	1.58
66.9507128399157	1.58
60.48843085085188	1.58
50.860254159460254	1.58
68.45245109364306	1.58
66.9507128399157	1.58
58.623725654433144	1.58
50.860254159460254	1.58
59.89063460602187	1.58
66.9507128399157	1.58
53.48502193801834	1.58
49.66423956908058	1.58
56.92087728215726	1.58
66.9507128399157	1.58
53.08943864700423	1.58
49.66423956908058	1.58
61.80788483167689	1.58
63.903138320020695	1.58
53.08943864700423	1.58
54.28057607600972	1.58
59.99578605685385	1.58
65.01577308755088	1.58
55.159098689304614	1.58
53.098732123206936	1.58
57.643286648852964	1.58
65.01577308755088	1.58
55.06409707556328	1.58
53.098732123206936	1.58
58.90543373585715	1.58
65.01577308755088	1.58
56.710643058028744	1.58
57.6460518581093	1.58
58.54433826701972	1.58
66.63004151385368	1.58
54.13720221339682	1.58
57.216996770079966	1.58
58.115617356044694	1.58
66.63004151385368	1.58
53.32517609479797	1.58
57.216996770079966	1.58
62.193319873797506	1.58
66.63004151385368	1.58
55.09236147047366	1.58
58.74960136339331	1.58
65.14625842842942	1.58
68.18996135734312	1.58
55.09236147047366	1.58
53.35485529600372	1.58
65.14625842842942	1.58
67.70485824453172	1.58
59.478286101662846	1.58
49.019333658539985	1.58
66.82409233000064	1.58
60.45040837770259	1.58
59.19469086962792	1.58
49.019333658539985	1.58
66.82409233000064	1.58
60.78617691212185	1.58
58.77906183017236	1.58
44.37452659646395	1.58
66.82409233000064	1.58
63.247554742567424	1.58
60.69479835331402	1.58
53.699690723383824	1.58
67.88995636832699	1.58
63.17150062620206	1.58
59.071516988966124	1.58
53.699690723383824	1.58
67.88995636832699	1.58
66.78171860011675	1.58
58.36998030004927	1.58
56.94226169448418	1.58
68.94792205026002	1.58
65.64668573793159	1.58
54.475835971019386	1.58
56.59183114712992	1.58
68.94792205026002	1.58
65.64668573793159	1.58
49.044194839103	1.58
56.170006775814535	1.58
68.94792205026002	1.58
65.87816221980192	1.58
49.044194839103	1.58
52.04754687514284	1.58
68.94792205026002	1.58
59.22599157037571	1.58
49.044194839103	1.58
53.844061682433214	1.58
68.94792205026002	1.58
66.44142200304142	1.58
49.044194839103	1.58
60.87976170769656	1.58
68.94792205026002	1.58
61.9163823450299	1.58
51.82804483160758	1.58
61.09996365902048	1.58
62.123016725955225	1.58
61.9163823450299	1.58
43.921422804803505	1.58
61.49175721044687	1.58
62.460684116169254	1.58
61.9163823450299	1.58
44.74341606865116	1.58
61.14423559005727	1.58
62.460684116169254	1.58
61.9163823450299	1.58
49.210989851288986	1.58
61.15100292557612	1.58
63.57651045671365	1.58
61.81278564383666	1.58
51.433352986482966	1.58
62.09630737516554	1.58
60.91761728182313	1.58
61.57159368579208	1.58
51.433352986482966	1.58
63.11744085689703	1.58
67.21851013563804	1.58
61.57159368579208	1.58
51.433352986482966	1.58
63.11744085689703	1.58
67.21851013563804	1.58
61.60365406981371	1.58
51.433352986482966	1.58
61.065162352619325	1.58
68.33881018165155	1.58
61.49442068195043	1.58
51.433352986482966	1.58
61.065162352619325	1.58
68.33881018165155	1.58
61.49442068195043	1.58
59.34405260800572	1.58
61.05777582587186	1.58
68.931696077649	1.58
61.49442068195043	1.58
58.93182150307494	1.58
60.94689692360346	1.58
66.51331657853714	1.58
61.81986968964488	1.58
61.03233205829164	1.58
60.94689692360346	1.58
67.61061084081116	1.58
61.88436342021658	1.58
63.15388152036222	1.58
59.963508370948496	1.58
67.61061084081116	1.58
61.001286252110546	1.58
62.726824859114586	1.58
59.963508370948496	1.58
67.61061084081116	1.58
61.944742445551846	1.58
62.58865503555882	1.58
53.432029526689824	1.58
67.61061084081116	1.58
62.00005930024983	1.58
62.58865503555882	1.58
45.75840665237672	1.58
66.84890248661256	1.58
62.00005930024983	1.58
62.70959531769835	1.58
45.75840665237672	1.58
74.1697823351075	1.58
64.89152537034138	1.58
52.750065568504624	1.58
45.75840665237672	1.58
91.12588550387534	1.58
62.12707067839154	1.58
52.750065568504624	1.58
45.75840665237672	1.58
99.03783634602439	1.58
65.03324924891442	1.58
48.07158299165347	1.58
45.832539925131925	1.58
99.03783634602439	1.58
67.03876958051453	1.58
48.07158299165347	1.58
45.832539925131925	1.58
99.03783634602439	1.58
63.19929756723192	1.58
48.07158299165347	1.58
60.599827691488564	1.58
99.03783634602439	1.58
65.55520130833648	1.58
50.48827444551275	1.58
60.599827691488564	1.58
99.03783634602439	1.58
63.30100274670522	1.58
48.59160842694421	1.58
61.79819790515771	1.58
99.03783634602439	1.58
64.43836875973396	1.58
52.571470717550184	1.58
63.291413341729964	1.58
90.23179017777895	1.58
64.93355605753409	1.58
52.571470717550184	1.58
62.31475063579534	1.58
76.75927257352012	1.58
65.80786056586432	1.58
43.32183149675023	1.58
63.15920867559013	1.58
82.92948084647308	1.58
65.80786056586432	1.58
43.32183149675023	1.58
46.72596356130744	1.58
82.92948084647308	1.58
65.80786056586432	1.58
43.32183149675023	1.58
46.977446790581716	1.58
82.81632978625129	1.58
65.80786056586432	1.58
52.39905573754476	1.58
61.792521458087236	1.58
87.11985292136016	1.58
64.68150228125748	1.58
52.39905573754476	1.58
62.38078795258877	1.58
83.7818535678441	1.58
66.73179769969231	1.58
44.93180860536881	1.58
62.38078795258877	1.58
98.65561980084186	1.58
56.71814983921355	1.58
44.93180860536881	1.58
60.02205465445356	1.58
93.48653266307318	1.58
55.513200251145754	1.58
48.62140805479267	1.58
60.02205465445356	1.58
88.0070731653032	1.58
56.684669153670086	1.58
41.54655756658189	1.58
62.62296813717527	1.58
92.82993348980564	1.58
55.484873031003964	1.58
58.964267435161936	1.58
62.62296813717527	1.58
83.84325468542653	1.58
58.659619520398515	1.58
58.964267435161936	1.58
52.61142603315166	1.58
83.84325468542653	1.58
58.659619520398515	1.58
59.16801391454443	1.58
48.230191731883025	1.58
83.84325468542653	1.58
59.10428326552532	1.58
59.2229586408518	1.58
48.230191731883025	1.58
96.79032878172377	1.58
59.10542957451176	1.58
59.28857710121045	1.58
61.38632090510026	1.58
96.79032878172377	1.58
59.18796143818678	1.58
59.26635448466652	1.58
60.53060306744565	1.58
96.79032878172377	1.58
58.97484248189587	1.58
60.473908387767175	1.58
61.63107156326581	1.58
96.79032878172377	1.58
58.83318172948088	1.58
60.31643078288689	1.58
61.90403246914485	1.58
96.79032878172377	1.58
59.40813951488005	1.58
60.31643078288689	1.58
55.60011027548456	1.58
84.16364564290537	1.58
61.15710645618162	1.58
60.31643078288689	1.58
57.316524642304984	1.58
74.00400151771831	1.58
61.15710645618162	1.58
59.89218325940071	1.58
61.49735022782315	1.58
78.40727938193567	1.58
61.320909954323845	1.58
61.615997123963794	1.58
65.44424686257533	1.58
78.47602886469956	1.58
61.05091400493166	1.58
61.615997123963794	1.58
56.876433514120016	1.58
84.76651858521134	1.58
64.74707344074348	1.58
61.615997123963794	1.58
50.45810483196462	1.58
77.23646103173905	1.58
66.26052660346397	1.58
53.10433969319931	1.58
52.15846845868238	1.58
76.094562796513	1.58
66.26052660346397	1.58
55.12345239419535	1.58
54.064208008859424	1.58
80.9167266605038	1.58
66.26052660346397	1.58
55.12345239419535	1.58
48.45944018527837	1.58
76.9706257657561	1.58
67.92870919602183	1.58
59.86201240874856	1.58
48.45944018527837	1.58
67.8433864021172	1.58
67.92870919602183	1.58
60.25619214392469	1.58
48.45944018527837	1.58
60.98298342144247	1.58
67.92870919602183	1.58
60.33418208447753	1.58
52.38351369889126	1.58
61.22385617114907	1.58
63.46943960625008	1.58
59.83878151080003	1.58
51.2466809629602	1.58
61.07538177350051	1.58
63.684396464309536	1.58
60.337078921024776	1.58
51.2466809629602	1.58
63.49637611197969	1.58
68.54966842239659	1.58
61.67594193461549	1.58
57.95083739078522	1.58
64.01527634041577	1.58
72.42572769854945	1.58
63.575648937156004	1.58
52.931437067555756	1.58
67.42071450975152	1.58
63.214497315213876	1.58
63.64327542009888	1.58
52.931437067555756	1.58
66.78718106543427	1.58
63.22581999121647	1.58
63.64327542009888	1.58
46.707699278993985	1.58
65.92100268191055	1.58
63.071816968171134	1.58
62.96131293182187	1.58
46.707699278993985	1.58
65.92100268191055	1.58
63.161049240511545	1.58
63.45132001686024	1.58
46.707699278993985	1.58
65.92100268191055	1.58
65.28782935131989	1.58
63.45132001686024	1.58
46.39851796051957	1.58
66.04649471281706	1.58
65.28782935131989	1.58
63.03817390569914	1.58
51.349429201250466	1.58
66.04649471281706	1.58
61.09445546106552	1.58
62.27732976042404	1.58
51.349429201250466	1.58
65.23054095328581	1.58
60.81059706998121	1.58
62.425255327475945	1.58
46.842280153365095	1.58
65.77813069442867	1.58
60.81059706998121	1.58
61.63419629075835	1.58
49.356956909899765	1.58
65.42502214196396	1.58
60.3157731922495	1.58
61.665890260070846	1.58
46.184351995251944	1.58
57.77800622843973	1.58
60.868485201112804	1.58
61.80510292221705	1.58
47.134605120830734	1.58
57.77800622843973	1.58
60.868485201112804	1.58
63.838449237969506	1.58
47.134605120830734	1.58
58.415630782837326	1.58
59.56281432589388	1.58
65.6123129136069	1.58
49.66237992655954	1.58
60.713587283635285	1.58
57.525132731356535	1.58
65.6123129136069	1.58
49.66237992655954	1.58
60.713587283635285	1.58
55.31524722947694	1.58
65.6123129136069	1.58
49.66237992655954	1.58
67.97268614710552	1.58
53.18765700548978	1.58
64.79057196203358	1.58
57.445636336133276	1.58
67.31607187272594	1.58
53.18765700548978	1.58
64.79057196203358	1.58
57.49409389538463	1.58
67.31607187272594	1.58
54.75837130345633	1.58
62.05130766257546	1.58
57.68293794503085	1.58
67.31607187272594	1.58
55.976234272052245	1.58
63.84559629641005	1.58
58.86246621454342	1.58
65.66160182123869	1.58
50.71798721143755	1.58
63.84559629641005	1.58
54.32721778456217	1.58
65.66160182123869	1.58
50.71798721143755	1.58
63.84559629641005	1.58
53.62547547975445	1.58
61.72195616505024	1.58
50.90313239042857	1.58
63.89056836541896	1.58
54.368725415032	1.58
62.58028282125933	1.58
50.59210818851043	1.58
63.89056836541896	1.58
51.535192308681786	1.58
62.52811721762154	1.58
39.09555852910968	1.58
63.40741440711908	1.58
51.535192308681786	1.58
59.68553829906455	1.58
45.03532929596369	1.58
64.19917058294729	1.58
56.39530786145043	1.58
61.35267746736294	1.58
45.03532929596369	1.58
64.19917058294729	1.58
65.802060426432	1.58
62.585075935090956	1.58
45.03532929596369	1.58
64.14526736256336	1.58
65.57000119703562	1.58
62.86573868377475	1.58
52.02166506878824	1.58
64.14526736256336	1.58
65.57000119703562	1.58
61.802242848403786	1.58
53.29522970060396	1.58
63.89341724189755	1.58
68.2794222260333	1.58
59.919219073887035	1.58
53.29522970060396	1.58
62.7497858789792	1.58
63.16257847462725	1.58
57.2505314290953	1.58
57.18657919347799	1.58
64.03086225511142	1.58
67.04706860258794	1.58
58.471267107991416	1.58
58.8215868491302	1.58
64.03086225511142	1.58
64.361695660003	1.58
59.645052310376485	1.58
58.34657140896762	1.58
66.83947050671901	1.58
67.87642534031917	1.58
53.702120996930105	1.58
58.34657140896762	1.58
66.83947050671901	1.58
63.8337839334481	1.58
59.087856191669864	1.58
58.19469889610313	1.58
66.49531920444974	1.58
67.32365651236219	1.58
59.087856191669864	1.58
61.308272010069956	1.58
67.07742056719115	1.58
68.8224504931159	1.58
51.875437072035666	1.58
59.93188266190504	1.58
65.52441962586508	1.58
62.21755850392644	1.58
51.875437072035666	1.58
56.43559903690807	1.58
78.08482415711782	1.58
62.21755850392644	1.58
49.32782491556271	1.58
58.65271352439484	1.58
81.1640020065859	1.58
62.21755850392644	1.58
54.133130196565595	1.58
65.63610162952942	1.58
79.31251209766641	1.58
62.75792419499341	1.58
54.265700112611924	1.58
65.63610162952942	1.58
79.5603110874874	1.58
60.69351605497392	1.58
63.2304679508556	1.58
68.55987769002917	1.58
72.19285511881318	1.58
54.591940310819865	1.58
63.2304679508556	1.58
63.594331930974576	1.58
71.06920853132864	1.58
49.081134570802135	1.58
63.2304679508556	1.58
63.70513499704782	1.58
67.88030388867426	1.58
50.30383217291854	1.58
63.2304679508556	1.58
63.856953330230695	1.58
67.88030388867426	1.58
50.30383217291854	1.58
63.2304679508556	1.58
65.39765239361708	1.58
66.18043890800726	1.58
50.30383217291854	1.58
63.2304679508556	1.58
65.00443427985671	1.58
65.66147628921274	1.58
41.74226445103889	1.58
61.95587165310702	1.58
65.00443427985671	1.58
65.00548669417944	1.58
44.461347068084066	1.58
65.11101103842037	1.58
65.00431142001965	1.58
65.00517550576262	1.58
44.461347068084066	1.58
65.05939087506458	1.58
65.00431142001965	1.58
65.00543938786112	1.58
47.754430321227645	1.58
65.09770552812918	1.58
65.00431142001965	1.58
65.03316849264259	1.58
48.04859927502177	1.58
67.43973101402634	1.58
64.97972205564288	1.58
65.03130458183553	1.58
47.077360049797804	1.58
65.04958642864285	1.58
64.97972205564288	1.58
65.05139442376263	1.58
55.38605867692057	1.58
65.05024633304318	1.58
65.77202238315395	1.58
64.96684795290776	1.58
52.944412166491844	1.58
65.07318675732897	1.58
59.93366763298682	1.58
64.96684795290776	1.58
52.944412166491844	1.58
64.05655769335603	1.58
57.193199149140426	1.58
67.85461734000538	1.58
52.944412166491844	1.58
65.0476604156738	1.58
57.783774354691396	1.58
67.85461734000538	1.58
50.95377672524895	1.58
66.40006421874249	1.58
58.183000462459276	1.58
67.85461734000538	1.58
51.68312056942342	1.58
61.95894599929477	1.58
55.710492075995695	1.58
67.77932073338374	1.58
55.88480091081957	1.58
63.16762496164576	1.58
49.864207268496614	1.58
65.64258838603219	1.58
53.90217268680703	1.58
63.769241919697265	1.58
49.41268218300432	1.58
65.70784176014645	1.58
53.90217268680703	1.58
62.13189150176696	1.58
49.41268218300432	1.58
67.50339344575237	1.58
52.720594848501015	1.58
59.35446641378307	1.58
54.23184240394956	1.58
67.50339344575237	1.58
52.720594848501015	1.58
59.518390938573	1.58
54.31395869101104	1.58
67.50339344575237	1.58
52.07347790900508	1.58
59.518390938573	1.58
54.31395869101104	1.58
67.80717198524859	1.58
53.93014062596181	1.58
63.094314541748346	1.58
54.351366207407544	1.58
65.93460608053508	1.58
53.72798046684544	1.58
62.975651931731505	1.58
54.8945989489484	1.58
65.93460608053508	1.58
53.72798046684544	1.58
64.56794145812879	1.58
54.8945989489484	1.58
61.77269417897812	1.58
53.80539358839047	1.58
66.06650225250657	1.58
57.47840264374603	1.58
62.03996410094871	1.58
48.460993248066714	1.58
65.99626300142025	1.58
55.031261450252494	1.58
62.03996410094871	1.58
55.03234659233806	1.58
64.87423109346831	1.58
55.03096090539831	1.58
67.28441284553074	1.58
55.03234659233806	1.58
63.500302729123725	1.58
55.03096090539831	1.58
67.28441284553074	1.58
57.38501628598103	1.58
61.80596484331706	1.58
54.45294329728826	1.58
62.58207470599013	1.58
53.31632911441309	1.58
62.18513847262491	1.58
54.75642075405699	1.58
62.78777154027826	1.58
52.80223571551537	1.58
60.68188761797653	1.58
54.40633691477337	1.58
64.08657439377292	1.58
46.5981719881625	1.58
60.68188761797653	1.58
50.57025739983084	1.58
64.08657439377292	1.58
48.63333815561045	1.58
61.61977136631086	1.58
50.57025739983084	1.58
64.08657439377292	1.58
48.10817291612896	1.58
61.61977136631086	1.58
51.19172556081704	1.58
64.08657439377292	1.58
48.10817291612896	1.58
61.61977136631086	1.58
55.10032333559659	1.58
66.42349600640257	1.58
48.10817291612896	1.58
62.533572778682455	1.58
47.27563817925831	1.58
63.935370501479056	1.58
48.10817291612896	1.58
61.95161169039725	1.58
48.51469237684202	1.58
64.6377994058143	1.58
48.661776110321284	1.58
61.95161169039725	1.58
50.44038915654084	1.58
65.41919583491115	1.58
51.82184669631344	1.58
61.95161169039725	1.58
56.49831027533594	1.58
65.41919583491115	1.58
52.38672384292468	1.58
58.16435820171017	1.58
55.596628807984956	1.58
67.16129774161195	1.58
50.770628338527274	1.58
61.040625386104715	1.58
55.75810470679193	1.58
67.16129774161195	1.58
55.56455597643836	1.58
60.883999958476636	1.58
48.71859260202465	1.58
67.41138867577496	1.58
60.61894010511985	1.58
58.863575697028054	1.58
48.71859260202465	1.58
67.41138867577496	1.58
59.98544735312259	1.58
58.16084750875393	1.58
48.71859260202465	1.58
65.91432597876687	1.58
59.98544735312259	1.58
56.66336762680891	1.58
49.339939119318686	1.58
63.834451236478536	1.58
59.36780550495178	1.58
54.29488457430708	1.58
47.24472694190716	1.58
63.696277754002644	1.58
63.98277442756583	1.58
49.154606535567666	1.58
44.686955354600286	1.58
63.696277754002644	1.58
64.69249069516958	1.58
56.765829267405394	1.58
44.686955354600286	1.58
63.56987752583469	1.58
62.493873582363015	1.58
56.443413123135905	1.58
42.94494961585084	1.58
60.087600169326635	1.58
61.9369091073156	1.58
53.05041671800089	1.58
45.18172931522936	1.58
55.70328507021965	1.58
64.25950532676922	1.58
52.510162734175644	1.58
46.84265562587929	1.58
55.70328507021965	1.58
64.25950532676922	1.58
57.41365047419973	1.58
40.96078795101797	1.58
55.70328507021965	1.58
64.25950532676922	1.58
57.99126001980738	1.58
50.78734620915162	1.58
56.06787145387208	1.58
58.0306734708887	1.58
57.96513884458359	1.58
50.53968521738376	1.58
55.15782155939803	1.58
58.0263265138461	1.58
57.93629433654546	1.58
48.98373197316447	1.58
56.17866460517802	1.58
58.02570201022664	1.58
57.21667367664183	1.58
48.52136643308517	1.58
60.280566915443785	1.58
57.650444456760546	1.58
56.0960478357732	1.58
47.87271757295027	1.58
60.280566915443785	1.58
61.91316785728413	1.58
56.86403090791525	1.58
47.87271757295027	1.58
60.280566915443785	1.58
59.80325216649297	1.58
54.100313833796875	1.58
52.11330445820653	1.58
60.280566915443785	1.58
56.683872586889926	1.58
52.983768807306234	1.58
49.532578966541514	1.58
61.24844772280954	1.58
55.53672668545732	1.58
52.99155188946128	1.58
49.532578966541514	1.58
63.17775508697394	1.58
53.47388194857982	1.58
52.99155188946128	1.58
49.37157134523238	1.58
62.6585984369057	1.58
52.13850096446157	1.58
52.684480939471044	1.58
50.4416447888792	1.58
62.6585984369057	1.58
52.21866572850653	1.58
49.19192933861631	1.58
51.059016907460816	1.58
67.24113855945389	1.58
54.02442022562529	1.58
49.19192933861631	1.58
51.13662324212445	1.58
61.63640094193944	1.58
54.02442022562529	1.58
49.19192933861631	1.58
48.81002822398091	1.58
68.46192384321026	1.58
55.69931403452646	1.58
49.19192933861631	1.58
48.81002822398091	1.58
69.14006013503845	1.58
58.58972560529221	1.58
49.19192933861631	1.58
40.161411521889676	1.58
69.14006013503845	1.58
59.74289463244627	1.58
47.77897190186864	1.58
43.48589733153382	1.58
69.14006013503845	1.58
67.00374902829411	1.58
47.77897190186864	1.58
43.48589733153382	1.58
69.14006013503845	1.58
61.21713492934285	1.58
47.77897190186864	1.58
43.48589733153382	1.58
57.88557921779729	1.58
61.21713492934285	1.58
47.77897190186864	1.58
43.48589733153382	1.58
53.87478989288506	1.58
57.42596532926246	1.58
47.77897190186864	1.58
46.9751116004824	1.58
53.49094489653595	1.58
55.311239312107276	1.58
49.61541008507657	1.58
47.03043198469421	1.58
53.49094489653595	1.58
60.681862951462335	1.58
50.41743230117786	1.58
49.06973202428429	1.58
52.20097288722231	1.58
62.24976505378523	1.58
48.952368081631576	1.58
48.349078233780304	1.58
51.9349586622225	1.58
62.24976505378523	1.58
50.10911875683086	1.58
48.297120674782846	1.58
52.5034974404988	1.58
56.170212831702074	1.58
51.745722598417714	1.58
48.59352070361458	1.58
52.94731672286598	1.58
58.906864352557484	1.58
52.27595471440695	1.58
48.59352070361458	1.58
52.87162322198509	1.58
57.35437758065762	1.58
49.45305353707208	1.58
46.29790503467641	1.58
52.70605071358749	1.58
53.85329210226132	1.58
47.90978003039619	1.58
43.62948201438315	1.58
56.10274787039322	1.58
51.174982767228165	1.58
49.241800547875954	1.58
43.62948201438315	1.58
59.725721227577225	1.58
52.43951366280687	1.58
46.24056364129384	1.58
49.180999215597964	1.58
61.311305312100174	1.58
58.598080002965276	1.58
43.31669122097306	1.58
50.973117932031016	1.58
61.311305312100174	1.58
66.24114775758346	1.58
43.31669122097306	1.58
50.973117932031016	1.58
61.311305312100174	1.58
65.02955010854217	1.58
52.96546168858438	1.58
50.973117932031016	1.58
62.488627519976426	1.58
65.02955010854217	1.58
51.49014958068425	1.58
56.341729095475564	1.58
59.8345290605253	1.58
61.336424551569344	1.58
45.955530175518284	1.58
52.192968445945084	1.58
55.36293756521634	1.58
64.58457265789926	1.58
38.58363207046888	1.58
51.73788714366979	1.58
55.36293756521634	1.58
64.58457265789926	1.58
38.58363207046888	1.58
50.88838454130652	1.58
58.72025376897905	1.58
64.58457265789926	1.58
38.58363207046888	1.58
50.88838454130652	1.58
59.55717259946531	1.58
64.58457265789926	1.58
38.58363207046888	1.58
43.3075289220035	1.58
59.55717259946531	1.58
63.93660393886569	1.58
40.69791384325714	1.58
48.45076286517427	1.58
66.02828140617389	1.58
63.93660393886569	1.58
45.992244364330446	1.58
48.45076286517427	1.58
66.02828140617389	1.58
63.93660393886569	1.58
50.58280938025802	1.58
48.45076286517427	1.58
58.66488078164804	1.58
63.71803729867246	1.58
50.58280938025802	1.58
48.45076286517427	1.58
58.66488078164804	1.58
65.20913485677053	1.58
50.58280938025802	1.58
38.546264662021294	1.58
58.66488078164804	1.58
55.63924839114168	1.58
50.58280938025802	1.58
46.99900570996853	1.58
65.22487256769132	1.58
56.405940945180305	1.58
52.364967704598534	1.58
49.267450085968264	1.58
65.22487256769132	1.58
58.01920918605815	1.58
48.68828197042927	1.58
49.267450085968264	1.58
65.22487256769132	1.58
65.34608274140594	1.58
48.68828197042927	1.58
49.67633857817322	1.58
65.22487256769132	1.58
66.27550374844542	1.58
48.68828197042927	1.58
52.67637177149687	1.58
66.59644425049426	1.58
61.24965017524161	1.58
43.365844746810254	1.58
52.67637177149687	1.58
64.47124773501648	1.58
62.11052033216145	1.58
43.365844746810254	1.58
55.64526773123904	1.58
64.47124773501648	1.58
64.21564772242532	1.58
52.5293148185284	1.58
55.87526307447933	1.58
64.47124773501648	1.58
61.16252987722035	1.58
56.4131115731924	1.58
55.74851216339846	1.58
64.47124773501648	1.58
59.51071695961778	1.58
57.74449783175879	1.58
55.74851216339846	1.58
61.48236886997335	1.58
58.757756523869205	1.58
59.18737282329923	1.58
52.92890344839684	1.58
63.35952667199017	1.58
62.78722001375933	1.58
56.834250968055514	1.58
57.43286668959772	1.58
67.01617542465613	1.58
68.1763043677999	1.58
56.834250968055514	1.58
56.0065381763608	1.58
67.01617542465613	1.58
67.20319071258739	1.58
56.834250968055514	1.58
52.21501505612735	1.58
67.01617542465613	1.58
62.185650814662985	1.58
54.49416128908125	1.58
49.81129768279293	1.58
66.32816552877146	1.58
62.185650814662985	1.58
56.233617284025954	1.58
49.81129768279293	1.58
64.01218664380592	1.58
60.98667666706506	1.58
51.98237300371789	1.58
55.333389263722765	1.58
65.88892470807947	1.58
62.46304078411817	1.58
43.2383220452507	1.58
55.067650097786114	1.58
65.88892470807947	1.58
63.45976272738146	1.58
43.5000319422566	1.58
56.23059288161115	1.58
65.88406909652534	1.58
61.354764160348374	1.58
43.5000319422566	1.58
57.23926195525193	1.58
69.1623794112268	1.58
65.46173254711486	1.58
43.5000319422566	1.58
56.72735479259125	1.58
69.1623794112268	1.58
56.93358477505676	1.58
46.427027926990085	1.58
56.5710528446663	1.58
59.19836481097594	1.58
64.57481999982826	1.58
44.764331041223485	1.58
56.67834403182134	1.58
60.0395387784225	1.58
67.35873948537409	1.58
40.082090275395004	1.58
56.67834403182134	1.58
60.09602878244398	1.58
57.13715871392921	1.58
40.082090275395004	1.58
56.34536454434079	1.58
61.24931070007345	1.58
59.90618594974997	1.58
45.247484713331545	1.58
57.920412762910175	1.58
61.24931070007345	1.58
61.828297253531964	1.58
45.8055486348019	1.58
55.628413119748416	1.58
61.606766264193666	1.58
67.73097204189463	1.58
45.8055486348019	1.58
55.26043937018147	1.58
60.46679140209217	1.58
68.47322945040239	1.58
45.44142854457351	1.58
56.967749998165885	1.58
60.066078049084325	1.58
68.47322945040239	1.58
55.57776552254637	1.58
60.84493441321781	1.58
60.407396046633885	1.58
68.47322945040239	1.58
54.7494625970157	1.58
60.911742776051916	1.58
59.96735329142086	1.58
68.47322945040239	1.58
54.87097379048476	1.58
60.911742776051916	1.58
60.37756079192945	1.58
68.47322945040239	1.58
59.61836549301103	1.58
60.91665750529763	1.58
60.37756079192945	1.58
64.78229772806732	1.58
57.367345988478554	1.58
61.37541343470831	1.58
60.37756079192945	1.58
64.94768480374265	1.58
59.92968034068084	1.58
61.60043614003984	1.58
60.357693286071125	1.58
63.62239664051249	1.58
59.966765721631866	1.58
62.163878601584535	1.58
60.274875978437265	1.58
63.62239664051249	1.58
59.91252156966187	1.58
62.50261667830021	1.58
61.38336063435746	1.58
63.52546693306293	1.58
58.57527434057856	1.58
62.127332953265864	1.58
61.74318718299912	1.58
64.47785623029408	1.58
56.85458935872126	1.58
61.77785527691183	1.58
60.70557679772348	1.58
64.47785623029408	1.58
59.32879774345192	1.58
61.9060135295962	1.58
60.96894639210803	1.58
64.46098377570311	1.58
58.28234677456716	1.58
62.33652859337913	1.58
60.81584383699782	1.58
64.99314587742965	1.58
57.067793034637106	1.58
63.029126633215974	1.58
61.19115083949913	1.58
64.33914967054159	1.58
60.1014305712617	1.58
63.508243410715025	1.58
60.92854075129119	1.58
64.43455782271037	1.58
60.13133599098013	1.58
62.935562947654724	1.58
60.92854075129119	1.58
64.43455782271037	1.58
60.13133599098013	1.58
63.09693535781207	1.58
61.08291506431782	1.58
64.46282283733024	1.58
61.15469391216301	1.58
63.07674298795172	1.58
59.768595632318885	1.58
66.41694071560637	1.58
60.5631397437768	1.58
60.83556611295534	1.58
59.768595632318885	1.58
66.41694071560637	1.58
61.00053012827196	1.58
56.8797439224691	1.58
59.36716313121105	1.58
66.41694071560637	1.58
58.17301336052566	1.58
56.8797439224691	1.58
60.43270825654856	1.58
63.689429766105214	1.58
56.078970981587055	1.58
57.27865099671584	1.58
61.550534303224126	1.58
63.689429766105214	1.58
59.024314583797356	1.58
58.383188706677544	1.58
63.05834799966001	1.58
63.689429766105214	1.58
57.371069144343515	1.58
55.678079943286114	1.58
61.95934482642445	1.58
63.067297489585684	1.58
57.371069144343515	1.58
51.753743396052236	1.58
61.95934482642445	1.58
65.50212957113168	1.58
58.63519441173351	1.58
51.753743396052236	1.58
61.95934482642445	1.58
65.50212957113168	1.58
56.18181007631888	1.58
54.5971306788599	1.58
63.72017307472733	1.58
66.98742022318189	1.58
46.59631493907381	1.58
47.39378588331964	1.58
63.72017307472733	1.58
66.98742022318189	1.58
46.59631493907381	1.58
47.39378588331964	1.58
61.574557303684315	1.58
66.98742022318189	1.58
46.59631493907381	1.58
44.732485584621315	1.58
66.06109947628923	1.58
58.44406322855634	1.58
46.652066999355	1.58
44.732485584621315	1.58
66.06109947628923	1.58
62.87034754463558	1.58
46.652066999355	1.58
44.732485584621315	1.58
63.22605334913861	1.58
62.59456761348676	1.58
44.97591991146908	1.58
44.732485584621315	1.58
63.22605334913861	1.58
62.59456761348676	1.58
44.97591991146908	1.58
49.54923292950334	1.58
63.22605334913861	1.58
62.59456761348676	1.58
44.97591991146908	1.58
49.54923292950334	1.58
66.58922351003436	1.58
62.59456761348676	1.58
44.97591991146908	1.58
49.54923292950334	1.58
66.58922351003436	1.58
60.20755015822921	1.58
47.7615711495672	1.58
49.54923292950334	1.58
58.145950543866235	1.58
57.869174609201444	1.58
51.299547742877834	1.58
52.257016526994555	1.58
61.34621646355843	1.58
57.869174609201444	1.58
48.872866532894086	1.58
52.55180924089599	1.58
60.633079111306344	1.58
57.869174609201444	1.58
51.42690619079981	1.58
50.08557291716279	1.58
60.633079111306344	1.58
58.14038811594532	1.58
51.42690619079981	1.58
48.746765714614604	1.58
62.06999740596373	1.58
58.14038811594532	1.58
52.13700956737104	1.58
52.595614744006156	1.58
62.06999740596373	1.58
56.31838699075756	1.58
54.845178408437135	1.58
48.22121195410204	1.58
62.06999740596373	1.58
56.31838699075756	1.58
57.50424765398623	1.58
48.22121195410204	1.58
62.521815344664134	1.58
62.08013664092165	1.58
55.70438914610977	1.58
48.22121195410204	1.58
59.104420677909744	1.58
57.29777926233546	1.58
54.79638698495611	1.58
46.40282669126945	1.58
59.260758556658885	1.58
58.06586040291574	1.58
54.83197544990395	1.58
46.40282669126945	1.58
59.260758556658885	1.58
58.06586040291574	1.58
54.83197544990395	1.58
43.187760611488414	1.58
61.923104600944946	1.58
58.26156117365688	1.58
53.73634256905007	1.58
43.0351269453463	1.58
64.4467058505613	1.58
61.3305649830682	1.58
51.34037993199451	1.58
40.48778321355371	1.58
64.4467058505613	1.58
60.701356582124745	1.58
46.74421206061155	1.58
40.48778321355371	1.58
64.4467058505613	1.58
60.701356582124745	1.58
46.74421206061155	1.58
51.88558789863237	1.58
59.78090915875981	1.58
62.18655138215536	1.58
46.74421206061155	1.58
56.79613556513843	1.58
61.14322619388453	1.58
63.209681038745856	1.58
46.74421206061155	1.58
54.07377171948557	1.58
63.710453869756385	1.58
59.28335304589126	1.58
46.74421206061155	1.58
54.07377171948557	1.58
63.710453869756385	1.58
59.28335304589126	1.58
48.58343990857741	1.58
58.488655544358075	1.58
60.14077237030427	1.58
59.874110016022826	1.58
48.44176976385474	1.58
57.906849949372734	1.58
61.37598799287484	1.58
66.36969973655393	1.58
56.57384409811529	1.58
57.2584466519842	1.58
64.42631499617166	1.58
67.1982390304327	1.58
57.83296474704975	1.58
61.315153174939525	1.58
65.93629943347007	1.58
67.67080456354776	1.58
62.68836362459437	1.58
63.79488713697268	1.58
65.61792042979796	1.58
66.03934071049986	1.58
61.48115156630514	1.58
62.18597492397605	1.58
65.15235171704538	1.58
66.03934071049986	1.58
61.60553579153249	1.58
60.611383522934986	1.58
63.224640300326534	1.58
67.74900057649695	1.58
62.15432041851812	1.58
62.53173240174887	1.58
64.21934466927617	1.58
67.74900057649695	1.58
63.06719443984831	1.58
62.17337733602945	1.58
64.49577622882387	1.58
68.31680776787951	1.58
62.73815094646227	1.58
62.73858488837371	1.58
66.18852330116923	1.58
68.31680776787951	1.58
62.441518723698756	1.58
64.02457361149244	1.58
66.26655322382099	1.58
67.81306282877925	1.58
62.441518723698756	1.58
63.521512650245164	1.58
66.91135926769421	1.58
67.81306282877925	1.58
60.88948152016572	1.58
62.80005585421179	1.58
65.86481864679254	1.58
67.81306282877925	1.58
61.77801405515886	1.58
62.855162497641416	1.58
66.04961836776948	1.58
65.92476369758619	1.58
57.730756447278715	1.58
63.04365933570582	1.58
67.49649269656227	1.58
65.92476369758619	1.58
51.72675067219421	1.58
63.457362755254344	1.58
67.49649269656227	1.58
66.80484215136418	1.58
42.64342062285883	1.58
63.62963144918566	1.58
67.49649269656227	1.58
66.80484215136418	1.58
47.19684819379155	1.58
63.87187975299522	1.58
67.49649269656227	1.58
65.57534729433668	1.58
53.056376687619675	1.58
63.87187975299522	1.58
67.49649269656227	1.58
65.57534729433668	1.58
59.803346167595045	1.58
64.11612084628685	1.58
67.49649269656227	1.58
62.902960795533055	1.58
59.803346167595045	1.58
63.671685556816506	1.58
66.22805465181474	1.58
63.503003131310415	1.58
60.29243776337349	1.58
63.671685556816506	1.58
68.46566015286552	1.58
64.72229575986835	1.58
59.2843463474304	1.58
62.85201858451776	1.58
68.46566015286552	1.58
66.3009783452179	1.58
59.2843463474304	1.58
61.124519905295216	1.58
68.09434053252569	1.58
69.53291745790185	1.58
59.474633924764035	1.58
62.990015184703736	1.58
68.09434053252569	1.58
69.53291745790185	1.58
54.31733789158662	1.58
58.78961969315003	1.58
63.727879434576565	1.58
67.50288933286299	1.58
46.5496585234542	1.58
62.900116422129315	1.58
64.37162739524182	1.58
66.67216958346813	1.58
54.35808218817849	1.58
62.22916691169447	1.58
65.93081498107101	1.58
67.66112959376775	1.58
50.30684130258707	1.58
62.22916691169447	1.58
58.33830308171791	1.58
64.66493134192189	1.58
50.30684130258707	1.58
62.22916691169447	1.58
57.48310435050996	1.58
64.57798873872981	1.58
52.78162589960209	1.58
62.58491890552601	1.58
59.50860444720092	1.58
64.01595439730973	1.58
58.27520452436636	1.58
62.08309565361776	1.58
59.43969933307183	1.58
65.68692801230318	1.58
57.63588510860224	1.58
61.5142635038486	1.58
58.64851981657347	1.58
61.82523819779449	1.58
58.795938825351634	1.58
61.25550568802424	1.58
58.64851981657347	1.58
63.42156051153107	1.58
55.79149885795535	1.58
61.25550568802424	1.58
57.98171428277006	1.58
62.60804294233415	1.58
56.78023425060918	1.58
61.62177007784875	1.58
55.66331356909984	1.58
60.98975523300621	1.58
57.145250889710816	1.58
61.51654392495946	1.58
54.776478075990234	1.58
64.59952724547972	1.58
59.349952503045095	1.58
59.863414966412535	1.58
52.79634047916667	1.58
64.59952724547972	1.58
57.173873571316115	1.58
59.12895554244269	1.58
55.169974981520205	1.58
65.60992527335236	1.58
51.11188756975014	1.58
57.62616674127774	1.58
55.257857868953764	1.58
62.21026180572038	1.58
51.11188756975014	1.58
57.81910201410169	1.58
55.257857868953764	1.58
61.64923640089564	1.58
49.38000027978426	1.58
57.81910201410169	1.58
52.86335976933177	1.58
60.615948554961996	1.58
46.388288588278094	1.58
57.81910201410169	1.58
54.43732119675894	1.58
68.37284071144371	1.58
46.388288588278094	1.58
56.231807042634024	1.58
57.42134156523841	1.58
68.37284071144371	1.58
46.388288588278094	1.58
55.85388199030727	1.58
59.493303601879774	1.58
64.7938922962339	1.58
52.21841216214378	1.58
56.92642661399246	1.58
59.455726258447946	1.58
61.24508038030584	1.58
51.203916543885875	1.58
54.53561832026763	1.58
59.82492878716775	1.58
67.85627964318824	1.58
49.6063917098593	1.58
54.53561832026763	1.58
60.06514044575662	1.58
67.85627964318824	1.58
49.6063917098593	1.58
50.97461403955036	1.58
60.06514044575662	1.58
67.85627964318824	1.58
42.97699751608508	1.58
51.5238791360585	1.58
62.61096930611892	1.58
65.24310667221968	1.58
42.97699751608508	1.58
51.22378519026479	1.58
64.89772368724654	1.58
65.24310667221968	1.58
49.70254799985452	1.58
45.8840631107151	1.58
67.37054064246684	1.58
65.24310667221968	1.58
49.70254799985452	1.58
45.8840631107151	1.58
57.60697741266442	1.58
61.31816299823893	1.58
49.461135867105725	1.58
47.82305052950621	1.58
55.16809982616065	1.58
61.31816299823893	1.58
49.461135867105725	1.58
47.82305052950621	1.58
55.44528127376878	1.58
61.31816299823893	1.58
49.461135867105725	1.58
51.54093113045139	1.58
56.581740425070244	1.58
57.508620326794585	1.58
45.92515185015175	1.58
53.96603075073355	1.58
57.388723582960196	1.58
59.664005601231985	1.58
45.92515185015175	1.58
53.03408281868479	1.58
66.00339585875821	1.58
67.11116256164382	1.58
45.92515185015175	1.58
50.07809888296932	1.58
62.63975982171579	1.58
60.732852524815	1.58
51.72582342256514	1.58
48.36018315227944	1.58
62.63975982171579	1.58
60.732852524815	1.58
53.277009529120015	1.58
48.36018315227944	1.58
60.56765139906537	1.58
60.732852524815	1.58
53.65276276190916	1.58
53.23425504099531	1.58
62.277057951580986	1.58
61.41538656944154	1.58
45.16307791623251	1.58
53.23425504099531	1.58
60.27229754419637	1.58
62.952076329183214	1.58
45.16307791623251	1.58
47.39584729045225	1.58
60.27229754419637	1.58
68.81116885509893	1.58
56.62399780982989	1.58
53.04141612762891	1.58
61.517624846701324	1.58
62.91026976466121	1.58
54.06080495659309	1.58
46.02410003913771	1.58
54.14183065457884	1.58
59.42314720068592	1.58
54.036527222667196	1.58
47.1380456889693	1.58
54.12595155971382	1.58
63.40363299547768	1.58
54.036527222667196	1.58
47.920939148870296	1.58
54.19124694986059	1.58
58.10100492510329	1.58
54.025310025977426	1.58
49.612817034625714	1.58
55.74553877804773	1.58
66.32109979551937	1.58
45.027449119416445	1.58
51.602871748488504	1.58
51.301399461805666	1.58
60.38320360656745	1.58
41.472120568718054	1.58
51.731953492413474	1.58
59.14795155175412	1.58
60.38320360656745	1.58
48.19574369091513	1.58
51.731953492413474	1.58
62.781150957127025	1.58
58.756804982145354	1.58
49.02657309437093	1.58
51.731953492413474	1.58
62.781150957127025	1.58
54.34931291511215	1.58
49.02657309437093	1.58
56.28215367757314	1.58
62.781150957127025	1.58
53.49510333665532	1.58
49.02657309437093	1.58
56.28215367757314	1.58
62.781150957127025	1.58
53.49510333665532	1.58
47.79154410805808	1.58
55.10787684858941	1.58
61.63404036719858	1.58
58.570329296690886	1.58
51.99086021512065	1.58
53.54422460430843	1.58
57.894620535996395	1.58
58.5364528263443	1.58
51.33455897124949	1.58
54.851731902522104	1.58
57.894620535996395	1.58
58.33846272348938	1.58
46.16203218016347	1.58
54.851731902522104	1.58
64.98090051209458	1.58
67.33848900051916	1.58
46.16203218016347	1.58
54.851731902522104	1.58
56.05455946187324	1.58
61.2589858682893	1.58
46.86989274067531	1.58
55.20870656961261	1.58
56.030606599943575	1.58
62.22985881163127	1.58
51.517463719098615	1.58
50.535875175322374	1.58
58.535004602413565	1.58
59.57312040506693	1.58
45.118781072983076	1.58
50.519003891214034	1.58
58.11029770884749	1.58
59.57312040506693	1.58
49.235856889137885	1.58
49.45484272197353	1.58
65.52255932230909	1.58
60.184439670702524	1.58
49.235856889137885	1.58
49.45484272197353	1.58
65.8450320752523	1.58
58.885935388664194	1.58
48.326476378456846	1.58
51.33657617483682	1.58
65.8450320752523	1.58
55.58454166848209	1.58
47.779727455197126	1.58
50.15666613748115	1.58
65.85563599935472	1.58
55.66514844753247	1.58
52.10911924570638	1.58
49.9384218211282	1.58
60.92583445374059	1.58
58.01355229489772	1.58
44.09130940865384	1.58
47.39087355474248	1.58
61.09236987732463	1.58
61.94864550103969	1.58
44.09130940865384	1.58
46.55395893638526	1.58
61.09236987732463	1.58
61.94864550103969	1.58
44.754155141879785	1.58
47.512171510942075	1.58
65.17390407912131	1.58
61.94864550103969	1.58
48.62880724566243	1.58
47.512171510942075	1.58
65.17390407912131	1.58
61.94864550103969	1.58
55.82578793970805	1.58
51.58479898773255	1.58
60.756148432882824	1.58
64.40768127446908	1.58
56.636791466010294	1.58
51.83700358035631	1.58
68.48485535702612	1.58
62.839430401951034	1.58
56.636791466010294	1.58
51.83700358035631	1.58
68.48485535702612	1.58
62.839430401951034	1.58
49.700622415792324	1.58
55.89259716160809	1.58
68.66628200573355	1.58
72.53955374668655	1.58
49.08910978947729	1.58
61.1108172246721	1.58
65.87022916104888	1.58
78.06918033745265	1.58
49.08910978947729	1.58
66.54451310266037	1.58
65.87022916104888	1.58
70.3406742926415	1.58
49.08910978947729	1.58
66.48373127399806	1.58
66.0076381704426	1.58
68.55717054558161	1.58
48.17973755543184	1.58
64.65614013143977	1.58
66.0076381704426	1.58
68.55717054558161	1.58
52.67270730895773	1.58
63.90439047180979	1.58
65.69539781453602	1.58
64.1703992062552	1.58
55.41131500173239	1.58
63.79846203485561	1.58
66.57568853234282	1.58
64.33346093138749	1.58
51.54458415343453	1.58
63.31514956965055	1.58
66.9752006972245	1.58
62.69305920423943	1.58
54.036670161491074	1.58
63.73417285911085	1.58
66.9752006972245	1.58
65.87306781484983	1.58
50.48205025998051	1.58
62.68916169689867	1.58
64.70665321822757	1.58
62.690865148217945	1.58
51.58653445897684	1.58
62.68911048232832	1.58
64.70665321822757	1.58
65.44424307878087	1.58
54.58216203341611	1.58
63.68287607899486	1.58
64.98758351427153	1.58
67.98819427379993	1.58
54.58216203341611	1.58
59.95617335498076	1.58
66.18628294766395	1.58
64.77899129761558	1.58
51.727274737824644	1.58
59.8845899869905	1.58
66.18628294766395	1.58
64.77899129761558	1.58
51.727274737824644	1.58
58.415500933017654	1.58
66.18628294766395	1.58
64.77899129761558	1.58
46.531053892411364	1.58
58.415500933017654	1.58
66.18628294766395	1.58
64.77899129761558	1.58
54.28937726742565	1.58
53.46032577048018	1.58
64.39651907607075	1.58
64.77899129761558	1.58
59.42082586564444	1.58
47.196445376065014	1.58
63.67724798583809	1.58
67.830328051182	1.58
62.68371075217469	1.58
47.196445376065014	1.58
63.67724798583809	1.58
67.830328051182	1.58
61.89840773154068	1.58
57.491222461951416	1.58
64.0033522054935	1.58
67.00819023227243	1.58
61.14387445405984	1.58
56.09292688116316	1.58
64.0033522054935	1.58
67.05494709003933	1.58
59.68933844478584	1.58
57.9652987470954	1.58
65.52184509897401	1.58
67.05494709003933	1.58
55.935125319115585	1.58
56.327624347511154	1.58
66.55616495296964	1.58
66.32346545008559	1.58
57.87944139131061	1.58
60.729439439769386	1.58
66.55616495296964	1.58
66.32346545008559	1.58
59.43864459055443	1.58
57.8740874160779	1.58
65.45193704816475	1.58
66.32346545008559	1.58
60.28978181442538	1.58
52.60503753063023	1.58
65.45193704816475	1.58
66.32346545008559	1.58
61.84185950058821	1.58
42.17802773547171	1.58
65.45193704816475	1.58
64.50452914758121	1.58
60.915676557905016	1.58
42.17802773547171	1.58
61.146208100858175	1.58
64.50452914758121	1.58
62.46263719758442	1.58
37.02735393747657	1.58
61.28185722748989	1.58
66.13950438274185	1.58
63.57414128855293	1.58
37.02735393747657	1.58
61.28185722748989	1.58
66.13950438274185	1.58
64.66023273022829	1.58
37.02735393747657	1.58
61.28185722748989	1.58
65.62021132383855	1.58
64.82929404423913	1.58
37.02735393747657	1.58
68.9929035858646	1.58
65.2984429100236	1.58
64.76291791596579	1.58
35.49082498668847	1.58
68.9929035858646	1.58
60.82656994902912	1.58
63.99769246374571	1.58
35.49082498668847	1.58
68.9929035858646	1.58
60.82656994902912	1.58
64.93574760328897	1.58
43.88153991653624	1.58
68.9929035858646	1.58
62.67651821271842	1.58
65.6983039735908	1.58
49.189746394387925	1.58
68.9929035858646	1.58
62.67651821271842	1.58
64.55332562012578	1.58
49.189746394387925	1.58
68.9929035858646	1.58
64.78641931225944	1.58
63.25094232237129	1.58
46.50930585888656	1.58
61.00802592584364	1.58
65.95098683852768	1.58
62.68272026908197	1.58
48.27367276606845	1.58
59.574680306054844	1.58
65.95098683852768	1.58
62.14282184581382	1.58
45.62226627964884	1.58
57.23604507971921	1.58
65.95098683852768	1.58
62.14282184581382	1.58
45.62226627964884	1.58
59.457088269507416	1.58
66.94134086927708	1.58
62.8625999870394	1.58
50.65290197681114	1.58
59.17301666163052	1.58
65.75008593305755	1.58
64.85260986717863	1.58
43.813293547435926	1.58
59.17301666163052	1.58
65.55809598778423	1.58
67.42901321605729	1.58
50.13706572896692	1.58
67.01916907943047	1.58
64.14228507617989	1.58
67.23840208375081	1.58
51.51189173615984	1.58
66.95346114818672	1.58
64.19517701123645	1.58
67.2419984156748	1.58
51.51189173615984	1.58
66.95346114818672	1.58
64.2508759825354	1.58
67.5222604084147	1.58
56.88398052805094	1.58
66.47553108276361	1.58
63.17106055847278	1.58
67.5222604084147	1.58
51.999004120739066	1.58
65.89020406364097	1.58
60.065072657246276	1.58
67.10478820696746	1.58
51.999004120739066	1.58
68.85437916931299	1.58
59.319118636784104	1.58
67.10478820696746	1.58
51.999004120739066	1.58
69.5163200506588	1.58
58.9904300889802	1.58
68.86518965460104	1.58
51.18638012167565	1.58
69.31225509814294	1.58
51.82580566079656	1.58
68.59726754442445	1.58
56.85920148762712	1.58
69.31225509814294	1.58
53.7602311413213	1.58
68.59726754442445	1.58
58.36673654716851	1.58
69.31225509814294	1.58
59.270424554049	1.58
67.9072783341761	1.58
58.36673654716851	1.58
68.88935193978342	1.58
59.00593993737211	1.58
67.9072783341761	1.58
61.00217774017417	1.58
68.43470931055272	1.58
59.00593993737211	1.58
65.10136266740045	1.58
57.106600825325096	1.58
68.43470931055272	1.58
55.312459744068136	1.58
67.35387917466934	1.58
57.106600825325096	1.58
68.43470931055272	1.58
53.610553297666904	1.58
66.27986402138475	1.58
58.70152223839184	1.58
67.32802855316645	1.58
52.79425156210339	1.58
66.27986402138475	1.58
60.57910785880689	1.58
66.92996224098275	1.58
53.89676889334361	1.58
66.27986402138475	1.58
59.53392103522931	1.58
67.87946083100461	1.58
50.61040420236885	1.58
62.16568349479669	1.58
60.12350458184443	1.58
67.87946083100461	1.58
52.30962832974235	1.58
64.83104690439441	1.58
67.75172399343823	1.58
68.34778058759922	1.58
57.352177840289905	1.58
64.83104690439441	1.58
65.11896374798982	1.58
66.70906899472911	1.58
55.02192490571291	1.58
62.05011758973949	1.58
65.11896374798982	1.58
67.77344065713105	1.58
55.02192490571291	1.58
62.462294897350574	1.58
64.63959956672937	1.58
67.5263211496646	1.58
47.82446380152542	1.58
65.71622708617272	1.58
64.47089377790209	1.58
67.08515846601823	1.58
47.82446380152542	1.58
65.10978387581198	1.58
64.75842110091574	1.58
67.88035904533963	1.58
47.82446380152542	1.58
65.10978387581198	1.58
64.58910040279277	1.58
67.18254483376658	1.58
49.597249468581666	1.58
65.10978387581198	1.58
64.58910040279277	1.58
66.2948055488105	1.58
49.597249468581666	1.58
64.95658511618441	1.58
59.808446926201114	1.58
64.91633479373135	1.58
51.82694363686226	1.58
61.12790972190761	1.58
61.06916159526845	1.58
63.556204851787	1.58
51.82694363686226	1.58
59.47163182138384	1.58
61.06916159526845	1.58
63.97688203769689	1.58
48.49914016625938	1.58
59.53679934084346	1.58
58.17644808598879	1.58
63.97688203769689	1.58
48.49914016625938	1.58
59.56862029897302	1.58
62.56177126278289	1.58
65.46221639664368	1.58
48.49914016625938	1.58
61.014428486507015	1.58
62.56177126278289	1.58
68.79050516077231	1.58
48.49914016625938	1.58
64.00233622464744	1.58
56.63066517347165	1.58
68.89941369689042	1.58
46.09491256993886	1.58
63.48748082175809	1.58
60.38611503686394	1.58
68.89941369689042	1.58
46.09491256993886	1.58
63.48748082175809	1.58
52.430831609997185	1.58
68.89941369689042	1.58
46.09491256993886	1.58
63.53545928250686	1.58
43.139196057149086	1.58
68.89941369689042	1.58
50.19366713741291	1.58
64.92488168587803	1.58
42.014430447627994	1.58
68.89941369689042	1.58
57.04072079738825	1.58
64.92488168587803	1.58
47.30456573280391	1.58
68.89941369689042	1.58
55.541848470892205	1.58
64.92488168587803	1.58
47.30456573280391	1.58
67.20997546957324	1.58
55.541848470892205	1.58
64.92488168587803	1.58
55.27605751487957	1.58
67.7793870666353	1.58
55.72363649835405	1.58
64.92488168587803	1.58
55.27605751487957	1.58
67.7793870666353	1.58
49.11263038120147	1.58
64.37782707580445	1.58
61.05189712395678	1.58
67.7793870666353	1.58
49.36304664047153	1.58
62.65969754867346	1.58
57.17399808816754	1.58
65.87924828912043	1.58
49.36304664047153	1.58
59.70870690527625	1.58
54.713483827676654	1.58
63.93106678060793	1.58
47.53743963445176	1.58
57.74505602680005	1.58
58.83175546816702	1.58
61.624575446126784	1.58
41.06112963443852	1.58
61.58799779657778	1.58
59.768678221719604	1.58
61.60897367154584	1.58
41.06112963443852	1.58
64.67792859496588	1.58
53.75061642278546	1.58
61.60897367154584	1.58
43.82433725526414	1.58
64.8882708868445	1.58
51.68323404082127	1.58
64.91697891246139	1.58
43.82433725526414	1.58
60.95140691613894	1.58
53.613785212008715	1.58
64.49433675643043	1.58
43.82433725526414	1.58
60.95140691613894	1.58
56.01986237836593	1.58
65.6444935159914	1.58
43.82433725526414	1.58
59.23959022890044	1.58
49.492366909324815	1.58
65.52123066140254	1.58
43.82433725526414	1.58
59.23959022890044	1.58
50.79338624190788	1.58
67.76976034531906	1.58
43.82433725526414	1.58
60.18941663390823	1.58
57.132242185469664	1.58
66.87261441227179	1.58
44.1573214013048	1.58
60.18941663390823	1.58
57.149734812241036	1.58
66.86739050429944	1.58
48.736529176432754	1.58
62.71218834648916	1.58
61.85125310619521	1.58
65.78691198802453	1.58
53.89366352256834	1.58
63.09465450294769	1.58
65.00127267080573	1.58
65.98290777634696	1.58
54.88517271395287	1.58
60.30698199552226	1.58
65.22180079673369	1.58
63.94930748534658	1.58
57.14956115287332	1.58
63.066729267140275	1.58
65.2363376832656	1.58
64.62786315980023	1.58
56.109873487947894	1.58
63.066729267140275	1.58
65.2363376832656	1.58
64.31660350407729	1.58
53.24127122535182	1.58
62.30857843116953	1.58
65.2363376832656	1.58
64.10017355256878	1.58
53.24127122535182	1.58
62.30857843116953	1.58
65.2363376832656	1.58
64.33116194195104	1.58
53.24127122535182	1.58
62.716191916419746	1.58
65.2363376832656	1.58
64.25514767869612	1.58
50.23896470825522	1.58
67.47863864974565	1.58
65.2363376832656	1.58
62.28996505269208	1.58
50.23896470825522	1.58
67.47863864974565	1.58
63.50492467711147	1.58
62.549653388188716	1.58
52.39082919854085	1.58
67.88049875018737	1.58
63.50492467711147	1.58
62.79392956526105	1.58
52.39082919854085	1.58
67.88049875018737	1.58
64.51274619036914	1.58
63.56457400726955	1.58
50.30298170662333	1.58
67.75160049971443	1.58
64.853580680709	1.58
63.02759236877545	1.58
55.4041678216962	1.58
66.6167106175418	1.58
64.853580680709	1.58
62.1302717376066	1.58
58.849493807777584	1.58
63.07389185947677	1.58
65.63774481969614	1.58
61.79776481751264	1.58
58.44985469540167	1.58
62.645486311532494	1.58
65.63597498740369	1.58
59.12373396016514	1.58
61.729541574463	1.58
63.55873725686901	1.58
67.82310739613582	1.58
60.07248849480335	1.58
60.210946026707866	1.58
64.94099272066892	1.58
69.1573044755178	1.58
58.01632991668163	1.58
60.407247129100966	1.58
65.94879966046537	1.58
69.1573044755178	1.58
58.01632991668163	1.58
61.43237598368052	1.58
65.94879966046537	1.58
65.6052910681139	1.58
60.14782129356923	1.58
58.453232995601994	1.58
67.71984500538795	1.58
63.615118602965964	1.58
55.481357375710274	1.58
57.11729240698092	1.58
67.71984500538795	1.58
63.60880762498317	1.58
55.481357375710274	1.58
51.18720697588678	1.58
67.71984500538795	1.58
66.33013474408317	1.58
55.481357375710274	1.58
51.18720697588678	1.58
67.71984500538795	1.58
67.29908213394334	1.58
50.58207985564877	1.58
56.0939517825274	1.58
67.71984500538795	1.58
67.29908213394334	1.58
50.58207985564877	1.58
56.0939517825274	1.58
67.71984500538795	1.58
66.98890321601115	1.58
58.75905668517687	1.58
44.7788620928205	1.58
59.80580390831649	1.58
63.6746882669824	1.58
60.67029136550325	1.58
49.35879042111441	1.58
59.08111903432073	1.58
66.07859684537117	1.58
59.897607171224514	1.58
50.90046505197507	1.58
58.92535477926426	1.58
66.07859684537117	1.58
59.862053600575386	1.58
53.94408828340555	1.58
60.43646787000814	1.58
66.07859684537117	1.58
59.862053600575386	1.58
53.94408828340555	1.58
58.33799867428986	1.58
66.07859684537117	1.58
59.26173844875456	1.58
48.186791524829815	1.58
58.33799867428986	1.58
66.3803934086421	1.58
55.28006656222588	1.58
48.10339012287736	1.58
58.81906891484904	1.58
66.3803934086421	1.58
59.43289373506907	1.58
47.5430533617571	1.58
58.81906891484904	1.58
65.45993281699938	1.58
60.429792507375225	1.58
41.031070675619844	1.58
58.81906891484904	1.58
61.890551984097776	1.58
61.575188626846696	1.58
41.91788401585622	1.58
56.51010963972624	1.58
66.91772889614033	1.58
60.487093098369314	1.58
41.91788401585622	1.58
56.61035993925985	1.58
66.91772889614033	1.58
62.20074651194363	1.58
41.91788401585622	1.58
57.27537004862256	1.58
62.44211910402313	1.58
61.363208807599634	1.58
51.1596996876003	1.58
60.15955871911662	1.58
62.44211910402313	1.58
61.793941245057106	1.58
55.5258068169555	1.58
64.30078234968352	1.58
62.983331760447676	1.58
62.912639060349726	1.58
55.5258068169555	1.58
67.9885591272591	1.58
62.9879975879443	1.58
60.91382045462404	1.58
55.5258068169555	1.58
67.9885591272591	1.58
64.9830248901349	1.58
62.66807366608429	1.58
58.25387507872011	1.58
67.9885591272591	1.58
64.9830248901349	1.58
64.40175522354298	1.58
59.64563292762339	1.58
67.25814164530782	1.58
64.83628580685273	1.58
63.15042419644681	1.58
59.64563292762339	1.58
66.86110759276032	1.58
68.54300861777453	1.58
58.913337100566004	1.58
63.22619167078744	1.58
66.86110759276032	1.58
68.54300861777453	1.58
51.75050120266001	1.58
59.428562683527275	1.58
66.86110759276032	1.58
68.54300861777453	1.58
51.75050120266001	1.58
59.925184461108486	1.58
66.86110759276032	1.58
60.47638644501832	1.58
51.75050120266001	1.58
59.75145596543885	1.58
66.86110759276032	1.58
60.320015703388606	1.58
50.583651904999755	1.58
60.30790102435053	1.58
65.48098466144666	1.58
60.31916127195837	1.58
51.56089402960516	1.58
59.839613642094065	1.58
63.334150411768164	1.58
60.12129359686587	1.58
53.74592119670365	1.58
61.024062445111646	1.58
62.627627375106044	1.58
63.923506442726016	1.58
56.561294307175444	1.58
61.70032070027494	1.58
62.627627375106044	1.58
63.65012678111348	1.58
54.685530551229135	1.58
61.908231744127605	1.58
62.33022376937678	1.58
63.65012678111348	1.58
55.53671197557252	1.58
62.00530269220877	1.58
64.31637898847578	1.58
61.54851472790493	1.58
55.53671197557252	1.58
62.188171219806186	1.58
65.83313945264105	1.58
60.99469528761673	1.58
55.11275712664241	1.58
62.80609269074715	1.58
65.91833834658213	1.58
61.325151101847545	1.58
53.36570605812665	1.58
63.26840772193939	1.58
64.83814652804735	1.58
60.398749746119094	1.58
54.07273525426788	1.58
63.35813648541823	1.58
60.12374793885199	1.58
64.29589278750103	1.58
50.88346053010317	1.58
63.316351975099806	1.58
67.30850854343088	1.58
64.29589278750103	1.58
56.98274414109399	1.58
64.07364341287791	1.58
66.5385123070256	1.58
63.272485278792544	1.58
59.27975416277209	1.58
62.136945051412226	1.58
66.5385123070256	1.58
63.272485278792544	1.58
55.44740824692114	1.58
62.72461642853599	1.58
66.5385123070256	1.58
63.28057281690099	1.58
48.4362825716186	1.58
60.54750113209397	1.58
67.64563870366774	1.58
63.28057281690099	1.58
53.927864678489634	1.58
62.91639870066568	1.58
65.70164809529749	1.58
63.23994133216999	1.58
54.92355329867666	1.58
63.52531435600774	1.58
65.70164809529749	1.58
63.21353870489918	1.58
54.92355329867666	1.58
63.42711463893367	1.58
64.66491517182324	1.58
63.210393184671965	1.58
57.050152496737596	1.58
63.21499189658793	1.58
65.2339622859153	1.58
63.48483361184316	1.58
58.06579644845252	1.58
63.3442236233451	1.58
65.2339622859153	1.58
63.606037694003525	1.58
59.29631759788217	1.58
63.27409672643223	1.58
66.26268453163358	1.58
62.561637192807474	1.58
54.01506933478959	1.58
63.48677651922131	1.58
62.14332671437502	1.58
62.065278219870336	1.58
56.59292434931035	1.58
63.48677651922131	1.58
65.1315624703349	1.58
61.31548034937947	1.58
56.79741241928757	1.58
63.47410977010845	1.58
66.05744625292292	1.58
60.032647503058044	1.58
52.07380950379513	1.58
61.639644466159574	1.58
64.82568926756544	1.58
59.163011303787165	1.58
52.07380950379513	1.58
61.30548984648482	1.58
63.713371695445204	1.58
57.11268848360687	1.58
56.23225241658985	1.58
61.21046597663662	1.58
63.233520779142125	1.58
57.521904434214846	1.58
58.83914806085307	1.58
61.49595667678115	1.58
63.473032208542186	1.58
54.99943329618427	1.58
56.96074619970926	1.58
64.10102584206018	1.58
61.065912430421406	1.58
47.54674610510878	1.58
57.54598058388042	1.58
66.99494620414374	1.58
62.59152323587875	1.58
47.54674610510878	1.58
57.05745139444148	1.58
62.456659553447125	1.58
62.52559170624116	1.58
44.91503084898669	1.58
58.55136503199955	1.58
65.57289967245521	1.58
60.00251927368836	1.58
50.791701105660024	1.58
64.35717476408033	1.58
65.57289967245521	1.58
60.311421471847716	1.58
54.394724658628775	1.58
66.14903619953957	1.58
61.50948972638122	1.58
58.693049818270076	1.58
51.04880051758728	1.58
66.14903619953957	1.58
63.25140459243783	1.58
59.57892546246118	1.58
51.04880051758728	1.58
64.56112988595396	1.58
63.25140459243783	1.58
58.82384405734576	1.58
53.89939280617767	1.58
64.56112988595396	1.58
63.25140459243783	1.58
56.57671304617347	1.58
55.24308002082876	1.58
67.3812112665859	1.58
61.72576701632519	1.58
55.71111384481556	1.58
55.24308002082876	1.58
63.21865151957145	1.58
67.60092272981221	1.58
56.53475269611529	1.58
55.24308002082876	1.58
63.21865151957145	1.58
67.60092272981221	1.58
53.65637439089882	1.58
50.183652827544535	1.58
65.34462638752862	1.58
67.60092272981221	1.58
53.65637439089882	1.58
50.183652827544535	1.58
59.385096419837595	1.58
66.48098373052156	1.58
53.65637439089882	1.58
50.183652827544535	1.58
63.41764509981274	1.58
66.22715328268198	1.58
54.441138718644446	1.58
50.183652827544535	1.58
63.41764509981274	1.58
68.59538456581708	1.58
54.441138718644446	1.58
56.19770301308254	1.58
62.715437283731475	1.58
68.59538456581708	1.58
53.34283200643708	1.58
55.31543676933963	1.58
62.375682424511865	1.58
67.65883137882456	1.58
53.34283200643708	1.58
58.313197501382895	1.58
62.375682424511865	1.58
67.65883137882456	1.58
54.84886721304873	1.58
58.313197501382895	1.58
65.9590985633218	1.58
67.65883137882456	1.58
54.84886721304873	1.58
56.416843317569004	1.58
65.9590985633218	1.58
67.65883137882456	1.58
51.539319602414764	1.58
45.94673944610284	1.58
60.546405742329775	1.58
62.55391455791944	1.58
54.2820019096666	1.58
51.058278544202786	1.58
58.743520847860566	1.58
63.55379014609437	1.58
58.88998027238662	1.58
51.058278544202786	1.58
58.75312312398118	1.58
58.25535621533755	1.58
59.414835516684384	1.58
49.92724574487799	1.58
59.03505109855321	1.58
58.57883903807031	1.58
59.24167473549743	1.58
53.722468990309515	1.58
58.87880828821259	1.58
58.4102130599065	1.58
59.41040794709897	1.58
53.21226915280895	1.58
58.35221893414578	1.58
60.64174440508937	1.58
59.75206106562364	1.58
51.259831785787725	1.58
57.002267766129926	1.58
63.30128790083727	1.58
60.52869745735315	1.58
51.259831785787725	1.58
55.22654301186814	1.58
62.93049689045414	1.58
60.701132363401825	1.58
56.79271043821622	1.58
55.649457866033316	1.58
62.93049689045414	1.58
59.43969223780503	1.58
56.76912656539266	1.58
55.09461792800184	1.58
64.38281203879804	1.58
61.18252999987081	1.58
60.24089391657927	1.58
55.09461792800184	1.58
65.60470599231932	1.58
59.29064322415056	1.58
59.43477429316214	1.58
52.32137184756049	1.58
68.42153433036896	1.58
57.24045480387093	1.58
57.7520890687296	1.58
53.75498799706599	1.58
67.29562677267258	1.58
56.745815960678485	1.58
55.07501343839695	1.58
53.18108640825498	1.58
64.43908286687402	1.58
54.892579012625355	1.58
55.07501343839695	1.58
52.214568884681384	1.58
62.12079894630882	1.58
55.685894044207835	1.58
57.19082481108459	1.58
48.06268336965536	1.58
62.12079894630882	1.58
56.675656547478255	1.58
55.50377668876501	1.58
47.53367811717987	1.58
60.54387802544439	1.58
57.44288852763735	1.58
57.15056994477211	1.58
42.60904395007818	1.58
62.49525007311303	1.58
66.16232566449992	1.58
57.15056994477211	1.58
45.045501949336845	1.58
66.35232365122862	1.58
66.16232566449992	1.58
49.33982339137428	1.58
45.48472949656017	1.58
66.38354311630319	1.58
66.16232566449992	1.58
49.33982339137428	1.58
49.33152367452543	1.58
66.38354311630319	1.58
66.16232566449992	1.58
57.19444996175755	1.58
51.41182559323394	1.58
66.38354311630319	1.58
66.16232566449992	1.58
55.49546735566886	1.58
51.41182559323394	1.58
63.34489558018031	1.58
66.16232566449992	1.58
58.487960066009386	1.58
56.76854075778697	1.58
63.05370386566244	1.58
64.65122160695459	1.58
55.62605259389051	1.58
56.76854075778697	1.58
62.11688889429268	1.58
64.26951891228236	1.58
55.62605259389051	1.58
59.221781900476685	1.58
67.81656933857606	1.58
67.29721183080498	1.58
56.99778972714288	1.58
60.10783915353412	1.58
67.72383306436761	1.58
66.98673572239666	1.58
54.23950799506542	1.58
61.564621742737884	1.58
67.72383306436761	1.58
66.98673572239666	1.58
54.23950799506542	1.58
57.55941368130677	1.58
68.28510005676321	1.58
66.37639478383021	1.58
55.7879722653253	1.58
58.20743680051788	1.58
68.28510005676321	1.58
66.37639478383021	1.58
61.487338456451596	1.58
62.02732829293402	1.58
68.28510005676321	1.58
65.44492863403615	1.58
60.3684004471522	1.58
61.99705375151425	1.58
68.72844588544737	1.58
65.44492863403615	1.58
63.30037917902957	1.58
59.64154409051228	1.58
67.74904712993276	1.58
67.06725719100389	1.58
63.799578201451894	1.58
57.671136281485225	1.58
66.84277718031437	1.58
66.99557956765346	1.58
63.799578201451894	1.58
54.09914916061847	1.58
66.69070133292468	1.58
66.99557956765346	1.58
62.408367591454294	1.58
54.09914916061847	1.58
66.69070133292468	1.58
66.99557956765346	1.58
64.42449754097437	1.58
49.71973332278709	1.58
66.51653810080009	1.58
66.99557956765346	1.58
63.907722417300725	1.58
50.98023210157336	1.58
68.38299965676448	1.58
66.79189751067254	1.58
63.35157772740215	1.58
56.18141794414887	1.58
68.27369416081594	1.58
67.40836297207116	1.58
63.35157772740215	1.58
56.18141794414887	1.58
66.96273552311303	1.58
67.78610072418513	1.58
63.67103593800764	1.58
56.18141794414887	1.58
66.19184199109732	1.58
69.19716374118033	1.58
64.11623328077643	1.58
54.340712523478985	1.58
67.74250180891184	1.58
69.19716374118033	1.58
64.11623328077643	1.58
53.15520098434233	1.58
66.57200870942798	1.58
68.75767236707726	1.58
63.22353043163697	1.58
51.51354813799102	1.58
66.57200870942798	1.58
68.75767236707726	1.58
63.283451882843465	1.58
51.51354813799102	1.58
66.66778945143382	1.58
68.75767236707726	1.58
58.45983514834013	1.58
49.39528747363309	1.58
67.07394852762626	1.58
68.7125195100219	1.58
63.92434010170829	1.58
49.39528747363309	1.58
67.25951695377098	1.58
68.7125195100219	1.58
63.93480192102231	1.58
46.789315334672416	1.58
67.85769484394478	1.58
90.31214507606305	1.58
63.97256229139996	1.58
46.789315334672416	1.58
67.85769484394478	1.58
90.31214507606305	1.58
63.97256229139996	1.58
46.789315334672416	1.58
51.59241524945285	1.58
90.31214507606305	1.58
59.41622648055055	1.58
56.23150575978249	1.58
52.603370779192886	1.58
78.47812770216379	1.58
59.55250949699291	1.58
57.686148191576656	1.58
52.603370779192886	1.58
88.868564268866	1.58
62.84582484270738	1.58
54.92484264297983	1.58
62.70074845773043	1.58
93.7588195709071	1.58
63.49337545532569	1.58
54.92484264297983	1.58
62.333516884289494	1.58
84.87094186271759	1.58
64.50542083869847	1.58
61.178131772963	1.58
60.69415837936107	1.58
99.14742324930586	1.58
64.79360685670767	1.58
60.12697819113643	1.58
60.69415837936107	1.58
99.14742324930586	1.58
67.37771655219063	1.58
60.12697819113643	1.58
61.84225770918373	1.58
99.14742324930586	1.58
63.828532968344305	1.58
60.12697819113643	1.58
61.05717786478746	1.58
99.14742324930586	1.58
66.06181697734034	1.58
61.01349180869882	1.58
59.90512661380763	1.58
80.82763088194757	1.58
67.40609773299697	1.58
55.4645233021696	1.58
57.71050000438969	1.58
89.5310705762993	1.58
67.40609773299697	1.58
56.86577036854904	1.58
57.6215065665848	1.58
89.5310705762993	1.58
67.40609773299697	1.58
56.485032007695715	1.58
57.6215065665848	1.58
89.5310705762993	1.58
67.40609773299697	1.58
56.86261636711517	1.58
49.034975450835674	1.58
89.5310705762993	1.58
65.02615908786942	1.58
54.72919840624061	1.58
49.034975450835674	1.58
82.01641870086439	1.58
65.02615908786942	1.58
54.72919840624061	1.58
54.408353343007484	1.58
80.25696007432173	1.58
65.02615908786942	1.58
62.30636344347594	1.58
53.46472528514361	1.58
79.50749944754078	1.58
65.02615908786942	1.58
62.30636344347594	1.58
64.27562140473178	1.58
77.76518398471822	1.58
63.91056469772337	1.58
61.88839875310477	1.58
64.46038398062315	1.58
72.92066637895688	1.58
63.663659677132564	1.58
56.498014422188476	1.58
61.003246361030435	1.58
70.56520634391902	1.58
64.35915813022737	1.58
50.819205495169925	1.58
60.93206714079012	1.58
76.62834696339547	1.58
62.811744399418586	1.58
50.54718383720814	1.58
60.93206714079012	1.58
69.24156306273794	1.58
62.811744399418586	1.58
56.109746684444104	1.58
53.04385738203537	1.58
69.24156306273794	1.58
59.489757711673384	1.58
62.11838387946081	1.58
53.04385738203537	1.58
69.24156306273794	1.58
60.70890845770131	1.58
62.43991459022402	1.58
53.04385738203537	1.58
69.24156306273794	1.58
60.70890845770131	1.58
62.237383236588585	1.58
54.61529703688295	1.58
66.69017175676956	1.58
58.62619530851523	1.58
60.64934775009083	1.58
53.29866442038711	1.58
64.76014353900996	1.58
56.78088188648377	1.58
64.06015203350307	1.58
56.76865834010639	1.58
64.76014353900996	1.58
56.77992310905258	1.58
63.6789469235589	1.58
56.76280006408971	1.58
64.30185212159928	1.58
56.77981158868394	1.58
64.99813440990296	1.58
56.76666197104345	1.58
64.0892065557791	1.58
56.78874870609817	1.58
64.62958431629387	1.58
56.77120426801177	1.58
64.1364605723021	1.58
56.758032002969365	1.58
65.61953799692257	1.58
50.28238957702768	1.58
64.1364605723021	1.58
57.39040658187706	1.58
66.29949828955664	1.58
49.87202340741189	1.58
57.75921335692249	1.58
53.77565652798502	1.58
66.29949828955664	1.58
48.301469687664	1.58
50.402523456900475	1.58
57.70870450117856	1.58
66.29949828955664	1.58
48.931128268073266	1.58
51.36294957929141	1.58
57.91145116118027	1.58
62.037121758971196	1.58
47.558350157785114	1.58
52.9716836560939	1.58
62.966130770221454	1.58
61.96555889140499	1.58
47.558350157785114	1.58
54.71132676579382	1.58
63.745630338053736	1.58
62.108580396414446	1.58
46.11716990814013	1.58
50.64109195491781	1.58
65.34882438280512	1.58
62.108580396414446	1.58
46.18105795148366	1.58
50.0913647055825	1.58
63.97992203189735	1.58
62.828536136471236	1.58
46.18105795148366	1.58
37.49782608402842	1.58
63.97992203189735	1.58
62.39959386686683	1.58
46.18105795148366	1.58
37.49782608402842	1.58
63.61801593686403	1.58
62.39959386686683	1.58
43.19061153483195	1.58
36.576268825626485	1.58
65.71816293037207	1.58
62.39959386686683	1.58
48.628822104929675	1.58
35.85097371931929	1.58
64.69940430939941	1.58
58.201510279341136	1.58
48.628822104929675	1.58
32.5100381705571	1.58
64.69940430939941	1.58
54.28017620477474	1.58
48.628822104929675	1.58
32.5100381705571	1.58
64.69940430939941	1.58
55.733118438458575	1.58
48.628822104929675	1.58
33.32498870385296	1.58
65.4176745079335	1.58
55.733118438458575	1.58
62.82980999425089	1.58
33.46364513425418	1.58
60.810337351035415	1.58
55.733118438458575	1.58
57.84102607633413	1.58
33.46364513425418	1.58
59.86359716455168	1.58
53.515467908057474	1.58
65.52932528212199	1.58
33.46364513425418	1.58
57.078148949988105	1.58
53.392202847742304	1.58
55.73809422859072	1.58
33.46364513425418	1.58
57.67703981273032	1.58
63.52027788884357	1.58
56.31038538406885	1.58
33.46364513425418	1.58
58.31882027661321	1.58
54.430828674462276	1.58
57.0517252201403	1.58
40.71357937841021	1.58
60.332199579328005	1.58
57.10611075525449	1.58
54.54308597039619	1.58
46.09858157574906	1.58
60.805030682528404	1.58
54.786231861450624	1.58
50.171231021061395	1.58
42.323525436225104	1.58
59.83304770582464	1.58
61.256826768167045	1.58
50.171231021061395	1.58
42.323525436225104	1.58
64.12204048970663	1.58
60.508192492382946	1.58
48.18357435370639	1.58
37.88688604084754	1.58
66.66941405762336	1.58
60.508192492382946	1.58
45.806802948983375	1.58
41.83186339161706	1.58
66.66941405762336	1.58
60.97356666308455	1.58
43.70911610648254	1.58
41.83186339161706	1.58
64.0336950428508	1.58
64.94799649525287	1.58
43.70911610648254	1.58
53.11089497711989	1.58
63.86773732611118	1.58
64.94799649525287	1.58
43.70911610648254	1.58
60.312494420636355	1.58
63.48362156717995	1.58
64.57560379773128	1.58
43.70911610648254	1.58
57.47181524361738	1.58
63.48362156717995	1.58
64.57560379773128	1.58
44.50061469889133	1.58
68.35727923142275	1.58
63.604107657157414	1.58
64.57560379773128	1.58
52.080437448766865	1.58
67.87884179536492	1.58
62.8988603610018	1.58
65.42209582614487	1.58
51.31626065819826	1.58
64.64443587628541	1.58
61.296368036030294	1.58
65.05697988449276	1.58
47.79162525720168	1.58
64.40232457668428	1.58
60.078208945088434	1.58
64.73148097291856	1.58
47.79162525720168	1.58
64.40232457668428	1.58
57.701679163666974	1.58
64.79310338931755	1.58
48.832974655033425	1.58
57.60614376500257	1.58
55.604675363334366	1.58
63.07043795718896	1.58
48.832974655033425	1.58
56.59573081365491	1.58
54.72227957878745	1.58
63.67775997755081	1.58
44.9689568509238	1.58
62.212242619286755	1.58
58.35207927937691	1.58
62.988746387268414	1.58
43.58969943825589	1.58
62.212242619286755	1.58
65.48575592980905	1.58
63.71351197613949	1.58
43.58969943825589	1.58
68.18899942656944	1.58
66.01349467673371	1.58
64.26994697332051	1.58
43.58969943825589	1.58
68.23160311308945	1.58
65.19623575879874	1.58
64.34639542240596	1.58
43.58969943825589	1.58
69.47078630427737	1.58
65.19623575879874	1.58
65.22894094248588	1.58
43.58969943825589	1.58
68.32589570972947	1.58
65.19197819320496	1.58
65.21944225628836	1.58
46.20107104944364	1.58
68.32589570972947	1.58
65.19931716568534	1.58
63.48543047985084	1.58
54.728275114177755	1.58
68.32589570972947	1.58
65.97228106317073	1.58
61.544594349916444	1.58
54.728275114177755	1.58
63.70556879553566	1.58
68.49687879975833	1.58
59.83810476059823	1.58
50.33245772125551	1.58
62.8409615088539	1.58
68.49687879975833	1.58
53.531965538186455	1.58
50.33245772125551	1.58
62.8409615088539	1.58
67.12545427789568	1.58
57.155700006527574	1.58
53.830187414926755	1.58
58.466978499125744	1.58
67.12545427789568	1.58
58.69566442172777	1.58
53.390468725165896	1.58
57.022137676185075	1.58
66.65362536717436	1.58
59.527104689045366	1.58
53.390468725165896	1.58
55.22383914039895	1.58
67.03287363685716	1.58
59.58643981618715	1.58
53.776585550745295	1.58
54.91667107482168	1.58
67.03287363685716	1.58
59.41982636150835	1.58
53.776585550745295	1.58
50.751112878910355	1.58
66.6606383222982	1.58
66.21262409713512	1.58
53.776585550745295	1.58
49.91646897934663	1.58
68.54635578842729	1.58
66.06809779685946	1.58
56.21264387983199	1.58
49.91646897934663	1.58
67.50066739010454	1.58
66.59482353119078	1.58
56.21264387983199	1.58
50.52846531196329	1.58
64.03537419219835	1.58
59.91744239635631	1.58
56.672490547816814	1.58
50.52846531196329	1.58
64.03537419219835	1.58
60.56931700752613	1.58
55.62922737617946	1.58
47.032471168797294	1.58
64.03537419219835	1.58
60.56931700752613	1.58
55.25530816555502	1.58
47.032471168797294	1.58
64.687153576691	1.58
60.56931700752613	1.58
59.99023415078147	1.58
51.25807105026357	1.58
68.43317768158083	1.58
56.046855769240146	1.58
57.99831760412657	1.58
48.938329812596756	1.58
64.95095641584909	1.58
58.841507630116425	1.58
55.4962207077574	1.58
50.5497310583119	1.58
64.20379178265067	1.58
58.841507630116425	1.58
53.69605268719976	1.58
48.08753780034589	1.58
63.96951521960222	1.58
58.841507630116425	1.58
57.03688557788042	1.58
50.51810723850095	1.58
63.96951521960222	1.58
55.00094422996509	1.58
55.28588856195272	1.58
50.17949388260847	1.58
63.96951521960222	1.58
56.058131330755025	1.58
58.00570329464056	1.58
42.88695502209586	1.58
63.96951521960222	1.58
66.72966201711975	1.58
53.703438961216335	1.58
50.753631399790585	1.58
63.96951521960222	1.58
65.94272900344751	1.58
53.755449916317566	1.58
53.37798865210044	1.58
63.96951521960222	1.58
63.40811673543161	1.58
57.91889383336249	1.58
58.29622749205194	1.58
63.96951521960222	1.58
65.18729223997113	1.58
53.85146608839815	1.58
61.512914183813784	1.58
64.10170580333991	1.58
64.68685998083728	1.58
53.85146608839815	1.58
61.6276405408057	1.58
65.35970318640584	1.58
64.64832076813238	1.58
46.49043823375716	1.58
61.53143520254974	1.58
65.35970318640584	1.58
64.4214806199504	1.58
54.09279271184021	1.58
59.72267154014981	1.58
65.35970318640584	1.58
67.18650681924944	1.58
54.30910405994417	1.58
59.72267154014981	1.58
63.67428001393198	1.58
66.11911368475492	1.58
54.30910405994417	1.58
59.72267154014981	1.58
63.79556180267339	1.58
66.97944110656287	1.58
53.79979538907849	1.58
59.10006657802657	1.58
60.76316040559612	1.58
65.88536061337962	1.58
50.85212467981454	1.58
56.370962618480156	1.58
60.14532722871998	1.58
65.88536061337962	1.58
54.259586730196546	1.58
57.13640844975522	1.58
57.07986198415752	1.58
65.88536061337962	1.58
53.42589553336573	1.58
58.95709544417085	1.58
58.14604249437563	1.58
62.72014682503552	1.58
54.705554758359455	1.58
58.55444933019391	1.58
53.58499777246256	1.58
61.25154630719819	1.58
51.12340977258341	1.58
59.69392108163724	1.58
49.94647534670396	1.58
61.25154630719819	1.58
51.04261515962882	1.58
59.69392108163724	1.58
49.76537856018436	1.58
61.25154630719819	1.58
50.93386532774259	1.58
60.116357909221136	1.58
49.713090780379495	1.58
60.8612742992169	1.58
53.21212993904877	1.58
59.46417958043564	1.58
47.959297953508404	1.58
61.247425376414434	1.58
55.1004740444752	1.58
59.222961708420506	1.58
45.659958725116724	1.58
63.13873301994287	1.58
56.01138441987886	1.58
59.222961708420506	1.58
46.71714864627946	1.58
63.88176715212174	1.58
63.354431159425225	1.58
60.62820059173549	1.58
46.71714864627946	1.58
63.88176715212174	1.58
61.59070590102159	1.58
60.62820059173549	1.58
49.14346682654275	1.58
63.88176715212174	1.58
61.842042386781586	1.58
60.32658884139	1.58
42.155855886222184	1.58
64.65496292107873	1.58
61.842042386781586	1.58
58.941344888574974	1.58
42.155855886222184	1.58
64.65496292107873	1.58
58.6278313214859	1.58
61.502427363912055	1.58
42.155855886222184	1.58
66.53690094501502	1.58
57.470139866366054	1.58
60.78348584703338	1.58
32.361438135634806	1.58
65.05837759300125	1.58
55.63485630074839	1.58
60.78348584703338	1.58
32.361438135634806	1.58
65.05837759300125	1.58
66.93294539507687	1.58
58.237390236056335	1.58
32.361438135634806	1.58
65.3999251907856	1.58
65.6243396379358	1.58
58.410445121408934	1.58
31.378078669123788	1.58
65.27314354914942	1.58
64.18429536094631	1.58
57.08697147646091	1.58
32.97029286624771	1.58
62.505123165421566	1.58
64.18429536094631	1.58
51.281698165199	1.58
38.58788167805086	1.58
64.71168894003128	1.58
59.5764140513605	1.58
50.36618295170935	1.58
40.79654031297583	1.58
64.71168894003128	1.58
61.69009948512173	1.58
52.7858015088289	1.58
40.79654031297583	1.58
64.71168894003128	1.58
64.85471836693092	1.58
53.10368514416786	1.58
40.79654031297583	1.58
64.46104586981038	1.58
61.30516299241572	1.58
53.71226281429987	1.58
40.09229064175933	1.58
64.46104586981038	1.58
61.30516299241572	1.58
53.71226281429987	1.58
44.674379155470504	1.58
64.46104586981038	1.58
67.51076208900433	1.58
55.01675133620892	1.58
41.52403425541493	1.58
64.46104586981038	1.58
67.51076208900433	1.58
51.34471295596313	1.58
41.52403425541493	1.58
64.46104586981038	1.58
67.51076208900433	1.58
51.34471295596313	1.58
41.52403425541493	1.58
60.563472036903576	1.58
67.51076208900433	1.58
47.13424709529551	1.58
41.52403425541493	1.58
64.47833476969586	1.58
67.51076208900433	1.58
47.96520853522797	1.58
42.290908920340186	1.58
64.47833476969586	1.58
62.68669479694055	1.58
52.0326716215407	1.58
42.198088608310414	1.58
60.01417351139171	1.58
62.68669479694055	1.58
46.226767128995476	1.58
42.198088608310414	1.58
54.835225922074535	1.58
62.68669479694055	1.58
53.25553682847978	1.58
44.90475906442861	1.58
54.835225922074535	1.58
65.29204319568908	1.58
53.13824123700764	1.58
44.90475906442861	1.58
55.51120988846742	1.58
65.29204319568908	1.58
53.13824123700764	1.58
48.59034630584329	1.58
55.51120988846742	1.58
65.29204319568908	1.58
52.27522040957506	1.58
50.5738886350499	1.58
60.20893355559203	1.58
65.29204319568908	1.58
49.728907659145165	1.58
49.34446105189182	1.58
65.9069748899286	1.58
67.54871847574111	1.58
36.82230849028173	1.58
49.34446105189182	1.58
65.9069748899286	1.58
64.40133714468399	1.58
36.82230849028173	1.58
49.34446105189182	1.58
65.9069748899286	1.58
65.7643832807025	1.58
36.82230849028173	1.58
49.34446105189182	1.58
65.9069748899286	1.58
65.7643832807025	1.58
39.8823277711679	1.58
49.34446105189182	1.58
65.9069748899286	1.58
61.181665770951575	1.58
47.40225251406653	1.58
49.61105013280566	1.58
59.87734831396206	1.58
61.181665770951575	1.58
43.514571203310865	1.58
49.61105013280566	1.58
60.09898584295075	1.58
61.181665770951575	1.58
49.234669713050366	1.58
49.61105013280566	1.58
63.16040361785632	1.58
55.628928130745344	1.58
49.234669713050366	1.58
49.61105013280566	1.58
58.371090400184926	1.58
55.15340555525778	1.58
53.54027268496505	1.58
50.41306054562004	1.58
63.33484686466246	1.58
55.31544007473582	1.58
47.910602954147365	1.58
54.78664950205723	1.58
63.33484686466246	1.58
55.5753562066702	1.58
47.910602954147365	1.58
54.13004697012792	1.58
63.33484686466246	1.58
57.30730714646888	1.58
44.24246399058357	1.58
54.0217487634085	1.58
67.30649327870805	1.58
52.55207233830993	1.58
44.24246399058357	1.58
54.0217487634085	1.58
65.95940035443765	1.58
52.6395607169507	1.58
52.21485741456498	1.58
54.49205867913988	1.58
65.95940035443765	1.58
51.96751143599005	1.58
52.36020908042175	1.58
58.74768274630766	1.58
59.82839468707382	1.58
50.96726243274893	1.58
48.58179085848531	1.58
58.803640298309375	1.58
59.82839468707382	1.58
54.36708960555363	1.58
51.31536827798625	1.58
60.94748699604521	1.58
58.82012504918687	1.58
50.637990800085504	1.58
51.2402416043483	1.58
60.74767177970115	1.58
57.87000869717212	1.58
50.637990800085504	1.58
51.06817725788057	1.58
58.897941842192964	1.58
61.436777026703325	1.58
50.69584266719919	1.58
51.06562118723502	1.58
57.79885493227633	1.58
62.045830694640934	1.58
50.4015255410501	1.58
51.276465683026565	1.58
57.873428556925816	1.58
63.636662553520274	1.58
49.81149476153105	1.58
51.50095046352051	1.58
55.5228554320275	1.58
63.636662553520274	1.58
49.59311433332077	1.58
51.25780863383784	1.58
55.5228554320275	1.58
65.45377335181456	1.58
51.70747877748662	1.58
55.40098788798087	1.58
58.016536340641125	1.58
65.45377335181456	1.58
54.8362868943481	1.58
55.40098788798087	1.58
58.49448859580981	1.58
65.45377335181456	1.58
54.82018620368691	1.58
49.25543214473119	1.58
60.63546232261308	1.58
58.676123533205754	1.58
55.96238488431191	1.58
49.25543214473119	1.58
63.38740157831166	1.58
60.76508048523601	1.58
62.17265411616517	1.58
49.25543214473119	1.58
64.6340401059745	1.58
62.60464779273316	1.58
61.135338896500585	1.58
53.09302733474891	1.58
64.68880183538428	1.58
62.69393415485421	1.58
60.63286734668846	1.58
53.09302733474891	1.58
66.27844387638778	1.58
62.526625353954756	1.58
58.32622972926583	1.58
48.40932757706935	1.58
64.26832664543107	1.58
62.526625353954756	1.58
59.339931236979496	1.58
48.40932757706935	1.58
63.92007406509579	1.58
64.64424973372377	1.58
59.339931236979496	1.58
47.9278125594111	1.58
63.50084772821957	1.58
58.61143191048866	1.58
66.52683679833886	1.58
47.9278125594111	1.58
63.50084772821957	1.58
61.845317478079124	1.58
65.82630865154069	1.58
49.335958081081884	1.58
64.65490154411347	1.58
62.77441146732786	1.58
65.82630865154069	1.58
49.335958081081884	1.58
63.69382829633457	1.58
62.77441146732786	1.58
67.43088507333067	1.58
49.335958081081884	1.58
63.04695016287628	1.58
62.77441146732786	1.58
67.43088507333067	1.58
46.49003824537574	1.58
62.99073951280471	1.58
62.66042004703631	1.58
67.43088507333067	1.58
46.49003824537574	1.58
59.059612366948684	1.58
62.66042004703631	1.58
67.46157069713232	1.58
50.54761246660713	1.58
61.505224237535074	1.58
62.66042004703631	1.58
68.57885667136685	1.58
39.95906194804128	1.58
64.84044646232088	1.58
62.77949608165086	1.58
58.16302611835534	1.58
32.44010515467387	1.58
65.0623513491105	1.58
62.5956353680075	1.58
59.224023428126166	1.58
32.44010515467387	1.58
63.657568525705756	1.58
55.22633058220864	1.58
57.042897587093705	1.58
32.44010515467387	1.58
66.66133618867948	1.58
58.09348556032573	1.58
56.78613143395378	1.58
32.44010515467387	1.58
66.66133618867948	1.58
67.16053207146214	1.58
56.78613143395378	1.58
32.44010515467387	1.58
65.45351790767305	1.58
67.16053207146214	1.58
52.879613583100216	1.58
32.44010515467387	1.58
65.45351790767305	1.58
67.16053207146214	1.58
52.879613583100216	1.58
41.03040759209914	1.58
65.73139572202041	1.58
67.16053207146214	1.58
52.879613583100216	1.58
45.234285930476446	1.58
65.15454974882094	1.58
67.16053207146214	1.58
52.54421323091045	1.58
45.234285930476446	1.58
66.02236088282413	1.58
66.60370946643624	1.58
51.65131509455574	1.58
42.10121395823877	1.58
68.28461862084515	1.58
65.73915071948839	1.58
51.65131509455574	1.58
45.19730071973985	1.58
68.28461862084515	1.58
65.73915071948839	1.58
51.65131509455574	1.58
45.19730071973985	1.58
67.51661303427085	1.58
64.12785128083236	1.58
52.26834170183821	1.58
54.45805696346701	1.58
67.51661303427085	1.58
63.33531405715714	1.58
52.26834170183821	1.58
55.209800054240915	1.58
67.51661303427085	1.58
62.493428659662825	1.58
50.07994887550765	1.58
54.461158757605716	1.58
67.51661303427085	1.58
64.89200060796458	1.58
52.138160060691476	1.58
56.437034601335895	1.58
67.51661303427085	1.58
64.89200060796458	1.58
51.84119871859173	1.58
56.931229908527676	1.58
67.52585141109012	1.58
65.26377550742423	1.58
51.84119871859173	1.58
55.73180822466593	1.58
67.52585141109012	1.58
66.89339910052249	1.58
52.98164364769777	1.58
52.094520642019845	1.58
67.41892522766842	1.58
66.72808077740984	1.58
52.65236580749383	1.58
45.2248724949871	1.58
66.62258524002083	1.58
66.72266988365742	1.58
57.8343410389116	1.58
45.2248724949871	1.58
67.27172072649063	1.58
66.19237268180346	1.58
65.96826271635877	1.58
50.250003234614034	1.58
67.52086070668851	1.58
66.19237268180346	1.58
65.58714609769399	1.58
50.250003234614034	1.58
67.79264633031254	1.58
65.72293990521872	1.58
65.05706628062498	1.58
47.16530202783868	1.58
68.38061765153721	1.58
65.72293990521872	1.58
65.05706628062498	1.58
47.16530202783868	1.58
68.38061765153721	1.58
58.082834907672535	1.58
62.33439420137315	1.58
47.16530202783868	1.58
68.38061765153721	1.58
61.5799240722192	1.58
62.33439420137315	1.58
51.84269315790921	1.58
66.24899938778933	1.58
64.73762206910834	1.58
63.95448842863205	1.58
55.723024234181814	1.58
66.89330732827788	1.58
64.73762206910834	1.58
64.6497708677778	1.58
59.516614887706005	1.58
66.89330732827788	1.58
64.7448734497229	1.58
65.34385345930855	1.58
55.16658168982935	1.58
66.89330732827788	1.58
64.47013809069712	1.58
65.34385345930855	1.58
55.16658168982935	1.58
66.34591270165828	1.58
64.47013809069712	1.58
68.05541252291434	1.58
55.16658168982935	1.58
66.34591270165828	1.58
64.06306842619145	1.58
68.36013361098492	1.58
55.16658168982935	1.58
67.02740119312453	1.58
63.00018047219484	1.58
68.36013361098492	1.58
48.18383915284895	1.58
67.11456737159642	1.58
59.3064954406926	1.58
65.44523032266693	1.58
49.29796593639898	1.58
67.11456737159642	1.58
58.97325432895113	1.58
65.94829958459346	1.58
48.91860354105524	1.58
67.75216715280318	1.58
58.82309231090446	1.58
66.30054704396909	1.58
50.700572149653944	1.58
65.87525355703796	1.58
55.686584933613524	1.58
65.5649225456773	1.58
49.28321240009783	1.58
65.99085989993821	1.58
52.018159858200626	1.58
65.67706451319052	1.58
47.26939135584206	1.58
65.85685491282162	1.58
49.084611451807426	1.58
65.65236363820802	1.58
48.00598370369557	1.58
65.92353391747739	1.58
49.084611451807426	1.58
63.42220526656273	1.58
48.00598370369557	1.58
65.60247042107132	1.58
49.308359744721045	1.58
63.42220526656273	1.58
48.00598370369557	1.58
65.21815397842407	1.58
49.308359744721045	1.58
62.91794757865925	1.58
48.20789873439517	1.58
65.0151173881564	1.58
49.308359744721045	1.58
63.71018925662147	1.58
47.93233319570503	1.58
65.0151173881564	1.58
49.22334623750772	1.58
63.71018925662147	1.58
46.77838943911861	1.58
64.77128077898338	1.58
49.6437970905129	1.58
63.38469302612363	1.58
54.346024989171546	1.58
64.39782608449731	1.58
49.6437970905129	1.58
63.38469302612363	1.58
51.17583173950021	1.58
64.39782608449731	1.58
50.726665810026624	1.58
63.731086889226745	1.58
51.17583173950021	1.58
64.61370296632425	1.58
50.54355138332931	1.58
63.55800288696112	1.58
51.44921226715489	1.58
66.88638138127132	1.58
50.54355138332931	1.58
62.30363725276905	1.58
51.44921226715489	1.58
66.88638138127132	1.58
50.718054674810745	1.58
62.30363725276905	1.58
51.44921226715489	1.58
66.88638138127132	1.58
50.42492810318023	1.58
62.30363725276905	1.58
52.35156878792982	1.58
66.88638138127132	1.58
49.72682388805703	1.58
62.30363725276905	1.58
51.874107337292024	1.58
68.22361746691259	1.58
51.80435136838433	1.58
59.64070812108243	1.58
51.86039142150073	1.58
68.22361746691259	1.58
51.80435136838433	1.58
62.26160340502928	1.58
51.85576239579106	1.58
62.98930263177631	1.58
51.81614467670226	1.58
64.58884823064956	1.58
51.839220752594024	1.58
63.125530092004695	1.58
56.91710586999066	1.58
64.58884823064956	1.58
51.839220752594024	1.58
67.67727634241474	1.58
55.83458994026235	1.58
66.04612914500011	1.58
53.48590056014013	1.58
67.67727634241474	1.58
52.50866842118629	1.58
66.04612914500011	1.58
51.62659247712932	1.58
67.67727634241474	1.58
51.112498459338184	1.58
62.13030616748206	1.58
53.83830234592828	1.58
67.67727634241474	1.58
55.76494132038765	1.58
56.85250467151156	1.58
54.38346439207706	1.58
67.67727634241474	1.58
56.04382624962016	1.58
58.50181274775488	1.58
52.68368301511886	1.58
67.67727634241474	1.58
57.51211112934706	1.58
61.03428197353911	1.58
44.97388283992241	1.58
67.67727634241474	1.58
57.04652349485126	1.58
59.47722158871321	1.58
37.821230888923395	1.58
63.9332042119682	1.58
66.58183802407653	1.58
60.167639575434116	1.58
37.821230888923395	1.58
65.6596212193685	1.58
66.5163457922743	1.58
60.959321511707735	1.58
46.88310435046558	1.58
65.6596212193685	1.58
66.62863268990704	1.58
57.80531869530127	1.58
47.5199773924153	1.58
65.6596212193685	1.58
66.62863268990704	1.58
61.98202001581829	1.58
47.56093883058663	1.58
65.49501273279016	1.58
66.62863268990704	1.58
63.642055139200416	1.58
47.2154556564366	1.58
66.95103241129883	1.58
66.37955972353353	1.58
67.97227418624743	1.58
47.2154556564366	1.58
67.00269768964463	1.58
66.2852498315357	1.58
67.97227418624743	1.58
48.09308871703766	1.58
67.10676544186599	1.58
66.2852498315357	1.58
67.97227418624743	1.58
50.437762911754	1.58
67.2277793821468	1.58
65.45266151454722	1.58
67.82893360388223	1.58
49.35318084315422	1.58
67.2277793821468	1.58
65.23303068163884	1.58
59.23707216734142	1.58
38.82345880480061	1.58
67.2277793821468	1.58
65.29223352028328	1.58
59.23707216734142	1.58
38.82345880480061	1.58
67.2277793821468	1.58
54.912119008792274	1.58
62.91757856218036	1.58
43.509055652541065	1.58
67.2277793821468	1.58
50.753733660559845	1.58
61.95917738511972	1.58
49.36243051015555	1.58
67.08841587733026	1.58
57.29830453021494	1.58
55.7187497588154	1.58
51.03150225618664	1.58
67.08841587733026	1.58
56.335073734100426	1.58
57.62368478637974	1.58
51.03150225618664	1.58
64.45834737777209	1.58
56.335073734100426	1.58
60.14954352240408	1.58
53.91678158601245	1.58
64.45834737777209	1.58
52.14110039566298	1.58
61.504805176685416	1.58
50.30807108744697	1.58
64.75906248012085	1.58
52.45293086178005	1.58
60.090319219664316	1.58
50.53473502499365	1.58
64.75906248012085	1.58
53.95781245129697	1.58
61.97599488034512	1.58
47.98561769900867	1.58
66.8702502853502	1.58
53.95781245129697	1.58
59.98682230417066	1.58
48.62944976933413	1.58
65.16993779553366	1.58
58.44325484088996	1.58
60.85410776134913	1.58
50.70339397385575	1.58
63.27213302880593	1.58
61.72373426193941	1.58
60.20309756479256	1.58
55.43109795985623	1.58
63.38125739307747	1.58
61.7999474637936	1.58
58.97598763042258	1.58
55.43109795985623	1.58
64.58766590916784	1.58
60.76120631275769	1.58
56.45816313134688	1.58
58.04588206222273	1.58
64.58766590916784	1.58
60.76120631275769	1.58
53.2087392565305	1.58
58.04588206222273	1.58
65.5043219774857	1.58
59.55546692949918	1.58
52.02601177939209	1.58
58.04588206222273	1.58
65.5043219774857	1.58
60.01476677949731	1.58
52.02601177939209	1.58
58.35780080094055	1.58
65.5043219774857	1.58
59.629950843344545	1.58
53.86553449855386	1.58
58.35780080094055	1.58
64.1819556868974	1.58
59.521916525573225	1.58
51.358058065560435	1.58
62.2540208514305	1.58
64.1819556868974	1.58
60.61064105138189	1.58
51.358058065560435	1.58
62.92061568909969	1.58
64.1819556868974	1.58
58.84802270049488	1.58
50.97924652434389	1.58
62.92061568909969	1.58
66.73099328472583	1.58
59.46610422446712	1.58
50.97924652434389	1.58
62.620624628520304	1.58
63.10711178471851	1.58
60.52486023293827	1.58
54.42058246712926	1.58
65.58016680408132	1.58
63.10711178471851	1.58
58.64835040753223	1.58
57.628001250539576	1.58
63.26943420580945	1.58
66.08590241383634	1.58
59.0489666103105	1.58
58.75570586856276	1.58
63.52474048393767	1.58
66.08590241383634	1.58
59.0489666103105	1.58
61.27626421771427	1.58
65.05524154393062	1.58
66.08590241383634	1.58
59.0489666103105	1.58
61.27626421771427	1.58
65.73574932164959	1.58
66.08590241383634	1.58
60.522040104233376	1.58
58.872349411684674	1.58
65.73574932164959	1.58
66.08590241383634	1.58
62.58662638897579	1.58
57.87094547746514	1.58
62.644519344948776	1.58
66.08590241383634	1.58
62.609125045372814	1.58
58.605563499307976	1.58
62.64002470553493	1.58
67.0303498893428	1.58
63.055154299199565	1.58
58.58530197661762	1.58
60.86664625564836	1.58
67.0303498893428	1.58
62.83979071795195	1.58
58.58530197661762	1.58
60.82099318738015	1.58
65.68167876369577	1.58
62.78430186430499	1.58
57.80754527804873	1.58
60.798707493380974	1.58
65.9887006343144	1.58
61.37063616910727	1.58
54.62490289839927	1.58
65.33864064866563	1.58
65.9887006343144	1.58
59.52930750649973	1.58
54.62490289839927	1.58
63.678230923246616	1.58
63.90100519056587	1.58
57.00312634953187	1.58
54.58753554041957	1.58
63.678230923246616	1.58
66.9666005642113	1.58
57.19328836476822	1.58
57.221560018243196	1.58
64.33278499516655	1.58
64.46516923125569	1.58
58.857491207782424	1.58
56.56024862501675	1.58
62.258878698850644	1.58
66.13267548475257	1.58
57.98153326214773	1.58
56.56024862501675	1.58
62.210718970230644	1.58
62.32264455659992	1.58
58.367488892367035	1.58
57.20378682783102	1.58
64.54555483212522	1.58
65.22462111150699	1.58
54.3532727457875	1.58
54.67999045033555	1.58
65.11680766049548	1.58
65.22462111150699	1.58
54.3532727457875	1.58
56.45332614649928	1.58
65.11680766049548	1.58
65.22462111150699	1.58
56.960430756316946	1.58
52.656778466041445	1.58
66.87751717758431	1.58
65.8683941804375	1.58
55.54906163479505	1.58
52.86032558870304	1.58
65.72874694489798	1.58
65.8683941804375	1.58
56.63139449555117	1.58
52.86032558870304	1.58
65.72874694489798	1.58
65.67971096579835	1.58
53.5177550909096	1.58
51.245484362073434	1.58
66.53599873106393	1.58
61.996959341881066	1.58
52.69992731699453	1.58
55.95399616951321	1.58
66.53599873106393	1.58
67.05491244849553	1.58
52.69992731699453	1.58
59.77710450891883	1.58
68.14374396399586	1.58
68.40735988133098	1.58
52.69992731699453	1.58
63.92988598965678	1.58
68.14374396399586	1.58
65.58086143764073	1.58
54.46074809636623	1.58
61.403853370914824	1.58
62.72747748660646	1.58
67.71300349614515	1.58
57.13591645676223	1.58
61.48118580969084	1.58
61.84041457870723	1.58
67.71300349614515	1.58
54.99720943718603	1.58
61.62870095044714	1.58
61.86450751639358	1.58
68.46541798916536	1.58
51.713841150156284	1.58
61.62870095044714	1.58
57.79568956643933	1.58
68.46541798916536	1.58
46.51645756766533	1.58
61.62870095044714	1.58
57.79568956643933	1.58
68.46541798916536	1.58
46.63551402596826	1.58
63.025587077588035	1.58
55.997648155332286	1.58
68.46541798916536	1.58
46.63551402596826	1.58
68.25887199005058	1.58
50.1383913308794	1.58
63.116455764003895	1.58
53.88041116197483	1.58
68.25887199005058	1.58
51.27948260813009	1.58
63.116455764003895	1.58
55.84342328021337	1.58
68.25887199005058	1.58
48.098504464265055	1.58
60.24562164343335	1.58
55.84342328021337	1.58
65.52097008818582	1.58
48.098504464265055	1.58
62.68576990111478	1.58
50.92672024296607	1.58
65.52097008818582	1.58
48.740012389662205	1.58
64.05130853423539	1.58
52.421693650337716	1.58
65.52097008818582	1.58
48.265474727660326	1.58
65.268509153855	1.58
50.95554139870703	1.58
65.40945127872466	1.58
48.265474727660326	1.58
65.2991680547372	1.58
54.27484183696068	1.58
65.48420269410127	1.58
48.265474727660326	1.58
65.2991680547372	1.58
49.05873282270361	1.58
65.48420269410127	1.58
48.21194088540421	1.58
58.82101435421178	1.58
49.30187069653496	1.58
65.48420269410127	1.58
48.21194088540421	1.58
55.929138959169364	1.58
49.561023255694934	1.58
56.922771143974096	1.58
47.5954291965791	1.58
58.38275026270793	1.58
51.52219088599047	1.58
56.66771869639629	1.58
47.5954291965791	1.58
58.50656183131283	1.58
52.211010292282026	1.58
57.12294389300243	1.58
48.61852236237104	1.58
59.721093797608304	1.58
51.92244752026002	1.58
62.58770779388543	1.58
54.666624926141004	1.58
59.721093797608304	1.58
51.92244752026002	1.58
62.58770779388543	1.58
54.666624926141004	1.58
61.0773363603959	1.58
55.366230161607255	1.58
66.51324031123774	1.58
45.74125967547085	1.58
61.0773363603959	1.58
64.05239224074651	1.58
66.51324031123774	1.58
45.74125967547085	1.58
59.9335577702018	1.58
64.05239224074651	1.58
66.51324031123774	1.58
45.74125967547085	1.58
54.59054893033464	1.58
64.05239224074651	1.58
66.3097122169311	1.58
45.74125967547085	1.58
58.38803711743063	1.58
64.78145774746272	1.58
66.3097122169311	1.58
45.74125967547085	1.58
61.07780555171651	1.58
64.78145774746272	1.58
66.3097122169311	1.58
50.778763676105534	1.58
61.07780555171651	1.58
64.78145774746272	1.58
68.21888623425394	1.58
57.49024563929382	1.58
62.86132465487806	1.58
64.83005823885856	1.58
67.20161965872433	1.58
52.36765972750065	1.58
62.427907491335674	1.58
64.49702361555914	1.58
66.28331161427424	1.58
51.807443676653165	1.58
61.23245514412988	1.58
64.49702361555914	1.58
59.12122971682298	1.58
51.86678239073627	1.58
60.29045678400533	1.58
66.3265495638132	1.58
60.52609206703793	1.58
54.00394255978787	1.58
60.083798280936655	1.58
63.61713330356761	1.58
60.49333348176381	1.58
54.00394255978787	1.58
59.92614548647915	1.58
66.23563392855975	1.58
58.18191241329848	1.58
54.954817154618716	1.58
58.23842323412006	1.58
62.345410076051294	1.58
56.87551352058415	1.58
53.87016047531396	1.58
58.02849871002882	1.58
64.39646283150132	1.58
56.87551352058415	1.58
51.52897112808252	1.58
54.5049844390616	1.58
64.39646283150132	1.58
56.80023796850925	1.58
56.655763263992796	1.58
54.5049844390616	1.58
63.539753161717364	1.58
56.07842774831787	1.58
56.405278658454165	1.58
54.5049844390616	1.58
63.62577512879763	1.58
56.21341963377511	1.58
56.405278658454165	1.58
54.5049844390616	1.58
66.6974819986427	1.58
56.21341963377511	1.58
56.31251782301169	1.58
53.81759876535287	1.58
66.6974819986427	1.58
56.58576493631632	1.58
56.43214268415078	1.58
53.81759876535287	1.58
66.6974819986427	1.58
56.550746911407	1.58
48.69584863252942	1.58
53.31142172331584	1.58
68.40379356454436	1.58
55.79924145166296	1.58
41.75679037868876	1.58
56.59917461163232	1.58
67.36769266517268	1.58
55.55942331460794	1.58
42.04641391846083	1.58
57.48070907161968	1.58
67.36769266517268	1.58
54.547134908904454	1.58
42.04641391846083	1.58
57.01335813768003	1.58
67.56440630117028	1.58
52.79347491077968	1.58
41.40169518554403	1.58
61.49793812129461	1.58
63.71202016804938	1.58
49.23294689254769	1.58
34.6818578327393	1.58
60.68840765309158	1.58
63.71202016804938	1.58
49.23294689254769	1.58
34.6818578327393	1.58
64.91702955908376	1.58
63.49051665822013	1.58
49.23294689254769	1.58
34.6818578327393	1.58
67.45328222475626	1.58
67.68397504687556	1.58
56.64698519234959	1.58
34.6818578327393	1.58
67.45328222475626	1.58
67.84145402169162	1.58
61.453868126790496	1.58
34.6818578327393	1.58
67.15854357112357	1.58
67.59184515326659	1.58
53.111941692258284	1.58
39.73388105859733	1.58
67.26455492947775	1.58
67.70711381941598	1.58
53.111941692258284	1.58
48.68137420089536	1.58
64.24737492078317	1.58
67.70711381941598	1.58
56.84801983784198	1.58
48.68137420089536	1.58
65.52659643690446	1.58
65.7984253870041	1.58
58.79420116740149	1.58
47.437074448433314	1.58
65.52659643690446	1.58
65.7984253870041	1.58
57.93729028978747	1.58
48.880099663646355	1.58
65.52659643690446	1.58
65.87923977122182	1.58
58.72215921281557	1.58
57.26675316564812	1.58
65.26877417379495	1.58
65.87923977122182	1.58
58.12846488093872	1.58
57.97934186279866	1.58
64.57039217903824	1.58
65.68963411734275	1.58
58.27268892474006	1.58
57.97934186279866	1.58
64.43201135918014	1.58
61.947847630469504	1.58
54.541463999668	1.58
58.76388206886911	1.58
60.907207620432175	1.58
61.1145652893547	1.58
54.611463435807245	1.58
58.76388206886911	1.58
59.76175411353524	1.58
61.22077324821744	1.58
53.46556957342801	1.58
60.609255255907925	1.58
58.744385323879094	1.58
61.335124770930534	1.58
53.60026030398595	1.58
60.98291236069366	1.58
59.29617359588553	1.58
60.92185108081696	1.58
51.945752586040406	1.58
60.98291236069366	1.58
57.99116349202104	1.58
60.934121303651345	1.58
55.18360057837315	1.58
63.2116914299189	1.58
57.69475320319455	1.58
59.15689985429898	1.58
54.97715871470117	1.58
68.46262028498555	1.58
59.42794105058264	1.58
59.12514975084402	1.58
59.51239235691866	1.58
64.9663967878058	1.58
59.672884401392224	1.58
58.72362458741708	1.58
58.46497057130961	1.58
61.971092149550685	1.58
60.57426455798648	1.58
57.63790918950438	1.58
57.70547660963342	1.58
64.18057338664688	1.58
60.175489693727776	1.58
57.48179332112351	1.58
60.7723185483051	1.58
66.05695795570543	1.58
60.041179978393814	1.58
58.36005065077222	1.58
55.526275589023825	1.58
66.05695795570543	1.58
62.88521661991041	1.58
52.14512667232407	1.58
50.1557362755461	1.58
66.05695795570543	1.58
58.508968353496485	1.58
56.263276937453476	1.58
56.628729470569	1.58
65.43344495723699	1.58
57.79153916449295	1.58
56.65308701004684	1.58
55.826604449569174	1.58
65.06317924797574	1.58
57.79153916449295	1.58
57.219232568288966	1.58
54.848408096631	1.58
65.06317924797574	1.58
58.15579471853073	1.58
57.219232568288966	1.58
49.6447384484825	1.58
65.06317924797574	1.58
58.204699404186655	1.58
56.95330934952528	1.58
49.6447384484825	1.58
63.571040599387175	1.58
61.78737776560947	1.58
53.80004888997123	1.58
49.6447384484825	1.58
62.68711730852793	1.58
67.98872124449422	1.58
53.80004888997123	1.58
49.6447384484825	1.58
67.83112741364701	1.58
67.98872124449422	1.58
45.5801622688209	1.58
48.3292018381758	1.58
66.10536111287311	1.58
58.279995624086055	1.58
45.5801622688209	1.58
50.03670731897867	1.58
66.10536111287311	1.58
61.15853135444399	1.58
50.56609056535748	1.58
50.4451825175246	1.58
61.07708372859027	1.58
61.15853135444399	1.58
50.56609056535748	1.58
47.41306116107589	1.58
61.07708372859027	1.58
64.08994316678807	1.58
50.86834013956148	1.58
43.71485374785004	1.58
64.87278159524615	1.58
64.08994316678807	1.58
50.86834013956148	1.58
43.71485374785004	1.58
66.85563234339814	1.58
64.08994316678807	1.58
49.557318689216	1.58
43.71485374785004	1.58
66.85563234339814	1.58
68.9006046334956	1.58
58.10437073547579	1.58
42.56242603955266	1.58
66.85563234339814	1.58
68.9006046334956	1.58
54.088011692788946	1.58
42.56242603955266	1.58
66.85563234339814	1.58
56.61900143688919	1.58
54.09144905517968	1.58
48.44643391433692	1.58
66.85563234339814	1.58
63.57350586579395	1.58
54.09144905517968	1.58
48.44643391433692	1.58
66.71867287470788	1.58
63.95067684272476	1.58
50.523192780058324	1.58
51.14239669532978	1.58
66.71867287470788	1.58
63.95067684272476	1.58
50.523192780058324	1.58
51.14239669532978	1.58
66.71867287470788	1.58
63.95067684272476	1.58
49.17202182433372	1.58
54.10394117599145	1.58
60.20755457074672	1.58
65.48426609346282	1.58
49.426758498013534	1.58
54.10394117599145	1.58
63.26307040162967	1.58
60.0972819703922	1.58
49.426758498013534	1.58
54.10394117599145	1.58
65.63282028321296	1.58
63.43810850028619	1.58
55.839107170436634	1.58
51.22984367971586	1.58
65.63282028321296	1.58
63.43810850028619	1.58
50.0814604911108	1.58
51.22984367971586	1.58
65.63282028321296	1.58
60.12941440271513	1.58
47.33576767988903	1.58
49.77624329120961	1.58
58.54085662933365	1.58
60.12941440271513	1.58
47.33576767988903	1.58
44.82552195563739	1.58
62.37641711909648	1.58
66.87061943162243	1.58
47.33576767988903	1.58
44.82552195563739	1.58
64.5440381004048	1.58
62.22151752253942	1.58
41.14802406822193	1.58
43.77056796187667	1.58
58.66868483318778	1.58
60.984861101798764	1.58
41.14802406822193	1.58
49.125197612691764	1.58
64.23082047367045	1.58
60.984861101798764	1.58
41.14802406822193	1.58
51.024031775414514	1.58
60.34392799522443	1.58
65.24325493006829	1.58
41.14802406822193	1.58
51.024031775414514	1.58
58.482817300662866	1.58
65.24325493006829	1.58
46.9410833824037	1.58
55.2237423180273	1.58
61.15401255014422	1.58
58.95577770200584	1.58
53.893202525872546	1.58
56.13737660581221	1.58
60.504426078977936	1.58
58.95577770200584	1.58
51.11840005728323	1.58
56.71128465932884	1.58
66.75721877758745	1.58
65.19048153637569	1.58
49.61139956246282	1.58
53.23672738560296	1.58
65.47580723843537	1.58
65.81875438292604	1.58
50.81608169083663	1.58
47.035674789440336	1.58
64.56792965829001	1.58
63.57243448997677	1.58
53.485585229791255	1.58
52.85128548169807	1.58
64.56792965829001	1.58
63.57243448997677	1.58
55.81362620373295	1.58
52.85128548169807	1.58
63.188526884024164	1.58
64.6787162038644	1.58
49.68698979816432	1.58
54.428132440909096	1.58
68.87162290779446	1.58
64.6787162038644	1.58
49.43226635767067	1.58
56.06109581340168	1.58
68.87162290779446	1.58
64.6787162038644	1.58
52.92562290148812	1.58
52.86025111216705	1.58
68.87162290779446	1.58
68.85238413233148	1.58
59.1162725560862	1.58
49.81619792540518	1.58
68.87162290779446	1.58
68.85238413233148	1.58
59.1162725560862	1.58
49.81619792540518	1.58
68.87162290779446	1.58
68.85238413233148	1.58
51.1666401173039	1.58
49.81619792540518	1.58
65.0908341365959	1.58
68.85238413233148	1.58
51.1666401173039	1.58
49.81619792540518	1.58
69.35040025772747	1.58
68.85238413233148	1.58
58.9642148644181	1.58
49.81619792540518	1.58
69.30196943201062	1.58
68.85238413233148	1.58
60.391777265540476	1.58
49.81619792540518	1.58
64.50626991304347	1.58
61.7196005282691	1.58
57.35857694669739	1.58
47.60910591764014	1.58
62.178432406718116	1.58
61.29679257195623	1.58
57.35857694669739	1.58
46.85722948559013	1.58
62.26658119844734	1.58
61.29679257195623	1.58
54.22064062734964	1.58
46.85722948559013	1.58
57.98324227841009	1.58
64.9553599632428	1.58
55.51408436534983	1.58
46.85722948559013	1.58
58.799526766310855	1.58
64.9553599632428	1.58
55.51408436534983	1.58
55.39324130427161	1.58
58.145885003036845	1.58
68.50432362794595	1.58
56.31382593886119	1.58
55.8072909592863	1.58
58.60742647270114	1.58
68.50432362794595	1.58
56.40329737004225	1.58
56.38824605483697	1.58
60.48526374883779	1.58
68.50432362794595	1.58
61.74817534394005	1.58
57.30063243755888	1.58
60.38153483326415	1.58
68.50432362794595	1.58
63.83763892511241	1.58
57.37238130276494	1.58
59.6563415249732	1.58
68.50432362794595	1.58
64.01405972359015	1.58
55.810057102592516	1.58
61.968345924381204	1.58
81.03898447349616	1.58
63.32571298148567	1.58
50.77073986531845	1.58
61.968345924381204	1.58
83.61006025343147	1.58
63.97038921885063	1.58
49.29457976959856	1.58
60.19906710455964	1.58
93.42402449474429	1.58
63.00680349191627	1.58
44.819397576214435	1.58
61.92350068903865	1.58
94.60997538429247	1.58
63.00680349191627	1.58
56.07803265636417	1.58
60.850111207061474	1.58
94.60997538429247	1.58
63.00680349191627	1.58
51.61291729684893	1.58
66.97616253580605	1.58
94.81142495016877	1.58
62.231848975017726	1.58
51.61291729684893	1.58
66.97616253580605	1.58
73.27185865992806	1.58
62.231848975017726	1.58
46.04029959157248	1.58
65.63469776745575	1.58
79.45386792387956	1.58
62.231848975017726	1.58
46.04029959157248	1.58
67.1081500858754	1.58
100.16443235828277	1.58
62.44177644658687	1.58
46.04029959157248	1.58
58.80508501644544	1.58
100.16443235828277	1.58
66.49436739791354	1.58
46.04029959157248	1.58
58.583624908136535	1.58
100.16443235828277	1.58
66.49436739791354	1.58
46.04029959157248	1.58
59.833506220841485	1.58
100.16443235828277	1.58
64.16074428834976	1.58
46.04029959157248	1.58
61.83333799712815	1.58
100.16443235828277	1.58
64.16074428834976	1.58
46.04029959157248	1.58
61.40088621921588	1.58
100.16443235828277	1.58
63.24314830016058	1.58
46.04029959157248	1.58
59.754783593450604	1.58
100.16443235828277	1.58
68.09807568540958	1.58
51.454095976700515	1.58
59.37004464406471	1.58
100.16443235828277	1.58
65.99948961535905	1.58
51.454095976700515	1.58
58.12038630846473	1.58
99.2511872573679	1.58
67.22744597167444	1.58
52.04143669227458	1.58
58.663408266503744	1.58
99.2511872573679	1.58
67.22744597167444	1.58
52.04143669227458	1.58
56.731095962549816	1.58
99.2511872573679	1.58
67.22744597167444	1.58
52.04143669227458	1.58
57.74640942117331	1.58
96.17358358893736	1.58
53.632346014798884	1.58
52.04143669227458	1.58
56.922120806658484	1.58
96.17358358893736	1.58
53.632346014798884	1.58
52.04143669227458	1.58
58.73954762549117	1.58
96.17358358893736	1.58
59.078696131764076	1.58
52.04143669227458	1.58
56.30124307553323	1.58
96.17358358893736	1.58
58.79599041335568	1.58
52.04143669227458	1.58
56.30124307553323	1.58
91.90705970174969	1.58
57.768979212879486	1.58
52.6242958996166	1.58
55.77812030982898	1.58
91.90705970174969	1.58
57.768979212879486	1.58
53.2779063110824	1.58
56.145547712466126	1.58
91.90705970174969	1.58
57.44150322709611	1.58
54.46671597571058	1.58
56.145547712466126	1.58
90.38293096146151	1.58
57.44150322709611	1.58
54.46671597571058	1.58
55.041431751533004	1.58
90.38293096146151	1.58
52.30793124446106	1.58
45.67766651435477	1.58
55.99279275763512	1.58
94.40815200864515	1.58
53.61276904587831	1.58
45.67766651435477	1.58
53.4534501962304	1.58
88.95403074742325	1.58
53.55013869964715	1.58
43.62987272566926	1.58
51.587323860848684	1.58
90.01261412465124	1.58
53.24970708490528	1.58
43.85847033677244	1.58
52.36402288300469	1.58
90.01261412465124	1.58
53.05418857179087	1.58
41.61491710374939	1.58
52.39409467778253	1.58
75.64055586554429	1.58
57.91002019510065	1.58
48.90981097006703	1.58
52.30747793298577	1.58
80.90879437776871	1.58
59.77398803552978	1.58
49.88423859560768	1.58
50.581643423021	1.58
98.8170308641406	1.58
59.77398803552978	1.58
49.88423859560768	1.58
48.924120016890285	1.58
98.8170308641406	1.58
68.10635966191198	1.58
49.88423859560768	1.58
48.924120016890285	1.58
98.8170308641406	1.58
67.70429985439523	1.58
54.682724435777075	1.58
48.114202748950404	1.58
95.61377191937223	1.58
67.70429985439523	1.58
66.59097271997949	1.58
48.114202748950404	1.58
94.99552752366117	1.58
63.73388952643842	1.58
59.72063287526002	1.58
48.114202748950404	1.58
94.99552752366117	1.58
63.73388952643842	1.58
59.72063287526002	1.58
49.443927469078176	1.58
94.99552752366117	1.58
65.1269507421816	1.58
59.72063287526002	1.58
49.443927469078176	1.58
94.99552752366117	1.58
49.7237362223209	1.58
66.21451442721244	1.58
50.846791031359814	1.58
94.99552752366117	1.58
49.7237362223209	1.58
62.732782422877435	1.58
51.04134489642837	1.58
94.99552752366117	1.58
49.7237362223209	1.58
69.3041422166622	1.58
51.50862662895521	1.58
94.99552752366117	1.58
49.7237362223209	1.58
55.950904502116046	1.58
52.71172009848066	1.58
94.99552752366117	1.58
49.645730436724264	1.58
56.196946033625075	1.58
52.1842618595241	1.58
93.25517927191308	1.58
50.90868088784836	1.58
58.58109528391719	1.58
50.973414708637975	1.58
95.22256889014227	1.58
50.910326954938824	1.58
60.427109647814994	1.58
50.947609994421086	1.58
95.22256889014227	1.58
47.63374914525984	1.58
60.427109647814994	1.58
49.83154226211155	1.58
92.15324858059085	1.58
56.663172290358105	1.58
56.76942899763038	1.58
49.08891901629467	1.58
82.12290460407904	1.58
60.451165898952354	1.58
55.360865339075715	1.58
48.90465868133544	1.58
95.82727158409443	1.58
67.89548326364067	1.58
53.79582111497745	1.58
49.481911191583194	1.58
95.82727158409443	1.58
56.241367186864096	1.58
56.80621099994716	1.58
51.72816765317259	1.58
92.81683054503145	1.58
56.241367186864096	1.58
58.466535289846604	1.58
47.9178909311255	1.58
92.81683054503145	1.58
53.45298965112446	1.58
58.466535289846604	1.58
47.9178909311255	1.58
80.89395062282375	1.58
53.45298965112446	1.58
58.466535289846604	1.58
47.9178909311255	1.58
73.38012276439204	1.58
48.447535604727065	1.58
65.05398749790699	1.58
47.92394043655397	1.58
76.46925171467576	1.58
48.447535604727065	1.58
65.09546812292085	1.58
47.465953347187785	1.58
69.27134898589514	1.58
48.72031603827477	1.58
65.09546812292085	1.58
47.197026660215585	1.58
69.27134898589514	1.58
48.94075979362754	1.58
65.09546812292085	1.58
47.197026660215585	1.58
69.27134898589514	1.58
49.8477537204724	1.58
65.09546812292085	1.58
45.14808025968797	1.58
64.26741779304984	1.58
52.49881199957869	1.58
57.6095291690104	1.58
46.22667224556694	1.58
62.21303493368583	1.58
55.76848559780519	1.58
54.58454424745388	1.58
43.51831151141336	1.58
59.97021518743115	1.58
57.293509328606646	1.58
57.68020182763115	1.58
41.293603349501005	1.58
60.64673771728653	1.58
57.293509328606646	1.58
58.46225355859493	1.58
41.293603349501005	1.58
60.64673771728653	1.58
54.66190787840918	1.58
57.74848261362165	1.58
46.992061523213835	1.58
61.236509372916906	1.58
54.66190787840918	1.58
57.72596667247283	1.58
48.289054857193875	1.58
63.82149228242019	1.58
54.66190787840918	1.58
57.60726475398358	1.58
48.289054857193875	1.58
61.062149660427835	1.58
54.66190787840918	1.58
54.257508066082394	1.58
48.289054857193875	1.58
65.6987581955986	1.58
53.33544265632595	1.58
57.304019861565564	1.58
47.70640222448668	1.58
65.6987581955986	1.58
51.61839185386798	1.58
57.304019861565564	1.58
45.9253604521426	1.58
65.6987581955986	1.58
49.58933819574109	1.58
63.765971007625964	1.58
47.2714327989199	1.58
65.83711075150856	1.58
49.58933819574109	1.58
64.84284862054086	1.58
47.39168391659552	1.58
65.83711075150856	1.58
49.58933819574109	1.58
64.84284862054086	1.58
48.240733416023616	1.58
65.83711075150856	1.58
54.555117209898185	1.58
64.84284862054086	1.58
45.59856413352859	1.58
62.00060764736261	1.58
58.17574517889699	1.58
62.12264372596739	1.58
53.65691285560684	1.58
61.9114668226852	1.58
59.6282421695641	1.58
61.326125189236215	1.58
51.93765268296612	1.58
62.59024676919823	1.58
56.7245886147434	1.58
61.326125189236215	1.58
53.151860510603704	1.58
63.39668996791723	1.58
51.350185355239184	1.58
58.06665350575863	1.58
53.151860510603704	1.58
63.39668996791723	1.58
51.350185355239184	1.58
57.64392664544502	1.58
53.151860510603704	1.58
61.70875503344052	1.58
50.324226843277025	1.58
57.433602352007725	1.58
54.58715911096426	1.58
61.26143397871051	1.58
50.324226843277025	1.58
56.78642735050806	1.58
57.10458527993298	1.58
59.064397164007914	1.58
48.228432160687625	1.58
56.79178161599647	1.58
57.10458527993298	1.58
56.803654519711905	1.58
48.228432160687625	1.58
56.76885117381846	1.58
57.381288928104006	1.58
65.31564537377594	1.58
50.924378636384894	1.58
55.133395054898244	1.58
57.381288928104006	1.58
67.6581468306131	1.58
52.7207968471262	1.58
53.8162527313746	1.58
56.70771238426127	1.58
67.6581468306131	1.58
51.54357969076395	1.58
54.29543291923737	1.58
55.76779336667643	1.58
67.6581468306131	1.58
47.390783569110255	1.58
47.75946620728605	1.58
58.59345262481792	1.58
59.17089556569574	1.58
47.935714848139675	1.58
46.96479277992396	1.58
58.59345262481792	1.58
68.27856837052909	1.58
47.935714848139675	1.58
46.96479277992396	1.58
63.95651495526076	1.58
68.27856837052909	1.58
46.95196663892209	1.58
46.96479277992396	1.58
63.95651495526076	1.58
68.27856837052909	1.58
47.27351979013246	1.58
45.77804785323063	1.58
63.95651495526076	1.58
68.27856837052909	1.58
47.20883584232231	1.58
53.36180760251635	1.58
63.95651495526076	1.58
68.27856837052909	1.58
47.20883584232231	1.58
51.127931354266046	1.58
63.95651495526076	1.58
68.27856837052909	1.58
52.319141762276075	1.58
51.127931354266046	1.58
59.67303767200164	1.58
60.260579821025026	1.58
52.319141762276075	1.58
48.17592513634003	1.58
60.48268701930532	1.58
62.10992871517485	1.58
48.338146444267224	1.58
48.17592513634003	1.58
59.540305917076815	1.58
56.108513753220706	1.58
47.76540167200112	1.58
42.18379620760136	1.58
53.29797834261166	1.58
55.1681457929094	1.58
43.314632771423994	1.58
42.29416443988826	1.58
53.29797834261166	1.58
55.1681457929094	1.58
47.258422809019386	1.58
47.812583255655625	1.58
53.56407993437343	1.58
57.48281423370376	1.58
49.01827773344346	1.58
47.24343737419154	1.58
53.56407993437343	1.58
56.82594908809174	1.58
49.01827773344346	1.58
47.24343737419154	1.58
56.35575613726514	1.58
63.130326901702105	1.58
51.04123083811141	1.58
45.234964302684915	1.58
54.68605522055049	1.58
63.130326901702105	1.58
51.04123083811141	1.58
45.354608946522475	1.58
55.704822435333945	1.58
63.130326901702105	1.58
52.60851889082819	1.58
45.57626147766767	1.58
55.704822435333945	1.58
63.130326901702105	1.58
55.234219956088765	1.58
48.27983105743655	1.58
55.704822435333945	1.58
63.130326901702105	1.58
55.234219956088765	1.58
48.27983105743655	1.58
55.813361349973704	1.58
63.130326901702105	1.58
55.234219956088765	1.58
50.73686023257265	1.58
55.80948546060056	1.58
63.130326901702105	1.58
55.118855918950864	1.58
56.31846011655475	1.58
55.7332285762998	1.58
63.130326901702105	1.58
51.82650370854637	1.58
56.17033172303741	1.58
55.7332285762998	1.58
60.224802222648755	1.58
51.82650370854637	1.58
56.43341160515806	1.58
55.7332285762998	1.58
61.24098115343492	1.58
48.25184392147193	1.58
56.081570053076156	1.58
62.070408207782805	1.58
59.40021094125197	1.58
48.25184392147193	1.58
56.14536723679143	1.58
57.9347312255324	1.58
60.694333507845414	1.58
44.75202507619588	1.58
55.454135973684096	1.58
58.76766773845555	1.58
58.35430934600164	1.58
44.75202507619588	1.58
53.64856928764747	1.58
59.89813809468171	1.58
62.82056205978803	1.58
32.55607194134937	1.58
56.12578736638941	1.58
58.89204156344526	1.58
62.613426437757504	1.58
32.55607194134937	1.58
49.96476840594983	1.58
54.26875540361332	1.58
62.613426437757504	1.58
41.883231294118595	1.58
49.96476840594983	1.58
53.995231695869805	1.58
60.053881809033584	1.58
39.644905299798616	1.58
49.96476840594983	1.58
53.995231695869805	1.58
61.7264541858569	1.58
39.644905299798616	1.58
48.673939759294306	1.58
52.93189037026919	1.58
61.7264541858569	1.58
41.78195833654434	1.58
47.973982315441475	1.58
52.93189037026919	1.58
61.7264541858569	1.58
50.96607817134408	1.58
48.85457433027264	1.58
53.36277311634087	1.58
61.7264541858569	1.58
49.89319075414701	1.58
43.39278878931577	1.58
55.46332908815143	1.58
60.62863284613431	1.58
48.953450741361216	1.58
47.16938803424782	1.58
60.78083346410002	1.58
57.22079883492867	1.58
47.093849962364146	1.58
51.15776212255851	1.58
64.82433241670843	1.58
56.7318438378869	1.58
50.761910381154884	1.58
49.32044819545235	1.58
64.82433241670843	1.58
59.381435132135735	1.58
51.86168635526026	1.58
51.960306097725265	1.58
64.82433241670843	1.58
61.46850712208947	1.58
48.95098897499058	1.58
50.55349046222994	1.58
65.18595477510307	1.58
61.46850712208947	1.58
54.2032179681351	1.58
50.55349046222994	1.58
65.18595477510307	1.58
61.46850712208947	1.58
55.43725911684246	1.58
48.38843909770232	1.58
65.18595477510307	1.58
63.900210887227665	1.58
46.21601033948426	1.58
44.30705768655868	1.58
66.12178905699457	1.58
63.900210887227665	1.58
46.21601033948426	1.58
48.800189897670066	1.58
66.12178905699457	1.58
66.52365578830698	1.58
46.26695938917164	1.58
48.800189897670066	1.58
66.12178905699457	1.58
66.52365578830698	1.58
51.82794650104195	1.58
48.800189897670066	1.58
66.12178905699457	1.58
63.64312761984356	1.58
53.401553561969685	1.58
50.17444865008592	1.58
66.12178905699457	1.58
63.64312761984356	1.58
55.155305416853956	1.58
52.740304040127256	1.58
64.00845464812531	1.58
60.97151049393234	1.58
55.155305416853956	1.58
55.920083512943705	1.58
61.57202576069281	1.58
62.011839702406725	1.58
54.87586156167475	1.58
57.7121617982213	1.58
60.663775372243556	1.58
61.82827795793817	1.58
51.77656216109696	1.58
57.7121617982213	1.58
63.41622981162997	1.58
61.82827795793817	1.58
49.311283585040485	1.58
55.66862318572328	1.58
63.41622981162997	1.58
61.82827795793817	1.58
50.330411062155285	1.58
53.624963390742735	1.58
63.41622981162997	1.58
61.82827795793817	1.58
50.330411062155285	1.58
54.24769108527547	1.58
75.74863128963648	1.58
63.148334454888634	1.58
50.330411062155285	1.58
54.24769108527547	1.58
72.75379825621607	1.58
63.148334454888634	1.58
59.731646690189066	1.58
52.90789573138529	1.58
84.11651722933519	1.58
64.74030557657875	1.58
57.15215028155829	1.58
41.62669314092121	1.58
84.11651722933519	1.58
64.74030557657875	1.58
60.81286811644037	1.58
44.57404251479873	1.58
93.85124829739149	1.58
68.5553856702397	1.58
64.09157484674343	1.58
44.57404251479873	1.58
82.80007678998679	1.58
68.5553856702397	1.58
64.09157484674343	1.58
44.57404251479873	1.58
100.16362925000092	1.58
68.5553856702397	1.58
64.01455390354505	1.58
46.43496334186476	1.58
85.25511792325025	1.58
61.86964674102868	1.58
57.94871395523624	1.58
49.317553753935144	1.58
82.6309625980243	1.58
62.2736973177845	1.58
57.94871395523624	1.58
49.317553753935144	1.58
80.65159020380545	1.58
61.16288677691832	1.58
59.335612256627726	1.58
47.101610159786865	1.58
80.65159020380545	1.58
61.16288677691832	1.58
59.031999130051105	1.58
61.26632693772465	1.58
81.43622416197272	1.58
61.16400978313681	1.58
58.80488072745042	1.58
61.26632693772465	1.58
81.43622416197272	1.58
62.99477373172467	1.58
58.80488072745042	1.58
60.93984900072035	1.58
79.30791061523156	1.58
62.512928310339625	1.58
58.80488072745042	1.58
49.08158055922753	1.58
79.63891754849011	1.58
62.512928310339625	1.58
56.66983360690362	1.58
58.42108091574283	1.58
93.57053229886955	1.58
64.42582343032453	1.58
51.10153434994817	1.58
60.190580851712845	1.58
93.57053229886955	1.58
65.86354093338807	1.58
51.10153434994817	1.58
61.74598291529314	1.58
93.57053229886955	1.58
67.47093773329482	1.58
51.10153434994817	1.58
62.970123620896054	1.58
93.57053229886955	1.58
65.86814046378278	1.58
51.10153434994817	1.58
60.78153941579984	1.58
80.845019517175	1.58
65.74554127429381	1.58
46.16280467200552	1.58
53.10844138360771	1.58
80.845019517175	1.58
67.43242233724574	1.58
46.16280467200552	1.58
53.10844138360771	1.58
82.80488241437419	1.58
67.05385254283101	1.58
41.799903352787716	1.58
53.10844138360771	1.58
86.8585429153037	1.58
64.60581118105077	1.58
41.799903352787716	1.58
65.97336553013807	1.58
96.20052380939582	1.58
64.60581118105077	1.58
41.799903352787716	1.58
65.97336553013807	1.58
96.20052380939582	1.58
66.75685231757032	1.58
58.45940183764448	1.58
65.96035938230371	1.58
96.20052380939582	1.58
66.75685231757032	1.58
58.45940183764448	1.58
65.96035938230371	1.58
96.20052380939582	1.58
67.32366263021001	1.58
50.91307328081412	1.58
65.96035938230371	1.58
89.95293751720648	1.58
67.32366263021001	1.58
50.91307328081412	1.58
57.80008324576667	1.58
96.13863529185954	1.58
67.32366263021001	1.58
50.91307328081412	1.58
48.76019018036666	1.58
96.13863529185954	1.58
67.32366263021001	1.58
50.91307328081412	1.58
48.76019018036666	1.58
85.50988916752303	1.58
67.32366263021001	1.58
51.953730108418526	1.58
58.56481488648091	1.58
97.64360413423002	1.58
67.32366263021001	1.58
43.14673599538203	1.58
58.890067690657546	1.58
85.1051559578901	1.58
60.25857325644667	1.58
43.14673599538203	1.58
58.97598676684252	1.58
84.14675154902642	1.58
60.31289814847486	1.58
49.934514507535894	1.58
59.18342947751821	1.58
91.6044407114763	1.58
59.964960268459116	1.58
48.635425996592915	1.58
59.18342947751821	1.58
94.10082795412299	1.58
59.964960268459116	1.58
50.7897195319138	1.58
59.18342947751821	1.58
101.67113499932094	1.58
59.240889314673495	1.58
47.803472018347094	1.58
59.19232849461886	1.58
101.67113499932094	1.58
59.27549739440404	1.58
47.803472018347094	1.58
59.176425854593326	1.58
99.47455327220212	1.58
64.24664240189463	1.58
48.937129341419116	1.58
51.91581054488171	1.58
99.47455327220212	1.58
62.90392664703587	1.58
67.17901398037016	1.58
56.71725521630013	1.58
99.47455327220212	1.58
62.07123344761131	1.58
67.17901398037016	1.58
56.71725521630013	1.58
94.17632166644259	1.58
61.01722431121288	1.58
63.61802527176965	1.58
57.85173115135259	1.58
94.17632166644259	1.58
63.80215695035922	1.58
63.61802527176965	1.58
57.07120765468595	1.58
85.37954917750176	1.58
63.78932192971033	1.58
53.22093843094691	1.58
50.71956961917029	1.58
85.37954917750176	1.58
61.19762640081964	1.58
50.66585613087536	1.58
58.56384428167382	1.58
93.12202406237725	1.58
62.31876807059986	1.58
49.513684489909245	1.58
57.101514322272145	1.58
93.12202406237725	1.58
61.0664797022734	1.58
49.513684489909245	1.58
57.101514322272145	1.58
93.12202406237725	1.58
55.68784843179155	1.58
49.513684489909245	1.58
56.46296094311592	1.58
93.12202406237725	1.58
55.635837094114756	1.58
64.52676815361174	1.58
56.46296094311592	1.58
80.25772446732897	1.58
55.635837094114756	1.58
64.52676815361174	1.58
63.531514803268294	1.58
80.39122541884535	1.58
55.00416539668941	1.58
66.85727305359048	1.58
65.1978879304319	1.58
85.4360691692028	1.58
56.38881905267961	1.58
68.01640102336745	1.58
65.72472735085813	1.58
81.36183011340042	1.58
55.611495091804045	1.58
62.86934664849548	1.58
55.203991413566136	1.58
90.56575710517743	1.58
55.62181628256342	1.58
54.340932817599665	1.58
55.243880996525185	1.58
90.56575710517743	1.58
55.80533534915363	1.58
54.340932817599665	1.58
57.298606284395014	1.58
91.39003399572388	1.58
56.92114088779758	1.58
55.27214455432185	1.58
57.298606284395014	1.58
89.24250113259986	1.58
57.16267937771691	1.58
55.27214455432185	1.58
52.757881128085344	1.58
89.24250113259986	1.58
56.97064735393557	1.58
54.45585252828415	1.58
53.48484931889483	1.58
93.4630518386374	1.58
57.4342850163652	1.58
58.75680959516683	1.58
60.09420871578039	1.58
96.86661498771329	1.58
56.638630060212186	1.58
58.98412418682585	1.58
60.09420871578039	1.58
91.76124482922152	1.58
55.66955655731009	1.58
48.434778787713945	1.58
60.84321003305746	1.58
94.07257267442841	1.58
53.386891943981425	1.58
48.434778787713945	1.58
68.21391426375916	1.58
94.07257267442841	1.58
56.7943953446486	1.58
48.434778787713945	1.58
64.76484235053897	1.58
90.70779505186593	1.58
57.641926326502244	1.58
57.08529220371628	1.58
67.48399873495475	1.58
86.58197853330931	1.58
57.84843487810229	1.58
57.08529220371628	1.58
62.73691010108625	1.58
97.70124891563111	1.58
58.4731104223899	1.58
57.16083758389291	1.58
65.0316815339196	1.58
85.64284128327704	1.58
57.91100051395504	1.58
53.82415794045458	1.58
63.80630802316378	1.58
85.64284128327704	1.58
57.62109758353839	1.58
52.23584834346336	1.58
63.80630802316378	1.58
75.05713223242724	1.58
59.4594647239772	1.58
47.91037113304625	1.58
58.229437782493235	1.58
86.7121900474916	1.58
55.4429274742236	1.58
47.91037113304625	1.58
59.40365820674122	1.58
90.41275097030669	1.58
52.99500195417842	1.58
56.25397721870475	1.58
59.40365820674122	1.58
76.69255308218106	1.58
51.105007433841	1.58
56.25397721870475	1.58
56.636151230083144	1.58
68.40302376452163	1.58
48.732890112059934	1.58
58.079801007601034	1.58
55.52654822227872	1.58
68.40302376452163	1.58
42.36769193459275	1.58
58.39292664115422	1.58
51.99951408687722	1.58
67.22913673546948	1.58
44.6419889282229	1.58
50.151621111721745	1.58
51.99951408687722	1.58
62.890749846171246	1.58
46.83258123183254	1.58
50.151621111721745	1.58
53.53361900776023	1.58
66.59150947064933	1.58
45.20006876855639	1.58
54.25123834419793	1.58
58.10248548269496	1.58
66.59150947064933	1.58
45.20006876855639	1.58
63.23263441631258	1.58
58.10248548269496	1.58
69.01918228045268	1.58
45.20006876855639	1.58
57.42782610951927	1.58
58.10248548269496	1.58
69.01918228045268	1.58
45.20006876855639	1.58
67.82381842672206	1.58
58.89051195688828	1.58
69.01918228045268	1.58
46.74905411400358	1.58
67.82381842672206	1.58
54.30209615627668	1.58
68.40342564642633	1.58
46.74905411400358	1.58
62.25707448933137	1.58
54.30209615627668	1.58
68.40342564642633	1.58
46.74905411400358	1.58
64.406454611476	1.58
58.562557329111655	1.58
68.40342564642633	1.58
53.43792795618157	1.58
62.91725173932227	1.58
50.8108834670947	1.58
66.63594971236341	1.58
57.429371143245845	1.58
62.05833386879808	1.58
51.51854664908946	1.58
68.22401267939131	1.58
54.650691476360365	1.58
65.77099358109325	1.58
48.40062665901509	1.58
59.34676753085167	1.58
51.681022381031134	1.58
59.26618836534379	1.58
49.819156744962896	1.58
68.01637386049327	1.58
47.432179709488096	1.58
62.69472376640243	1.58
50.81002569858703	1.58
67.28971868730905	1.58
47.432179709488096	1.58
63.632466238361495	1.58
51.911930217100085	1.58
65.38207387196431	1.58
49.38481583047521	1.58
61.9405629650644	1.58
51.911930217100085	1.58
63.79057250499217	1.58
49.876339269063884	1.58
66.9178755989318	1.58
55.51348310826772	1.58
61.067483122533964	1.58
45.236351250636794	1.58
66.9178755989318	1.58
53.75379841643483	1.58
60.607569198535835	1.58
45.236351250636794	1.58
66.9178755989318	1.58
53.75379841643483	1.58
61.180836366528645	1.58
45.236351250636794	1.58
68.78247785670429	1.58
52.33184826354907	1.58
61.180836366528645	1.58
45.236351250636794	1.58
68.78247785670429	1.58
55.553871315594094	1.58
62.112221173021986	1.58
45.951154482652846	1.58
57.94644618586206	1.58
55.553871315594094	1.58
63.36133732769219	1.58
50.911722470421005	1.58
59.36185411225719	1.58
59.13231101094774	1.58
63.69873650076368	1.58
50.911722470421005	1.58
64.57032297576632	1.58
56.20616053828782	1.58
63.45459306247788	1.58
55.36249613138152	1.58
67.64071485707183	1.58
51.93079395535677	1.58
63.45459306247788	1.58
55.36249613138152	1.58
66.94616946258887	1.58
56.93433812328068	1.58
60.07461617055582	1.58
53.35161801494738	1.58
67.66481481667732	1.58
54.055530310141265	1.58
63.0339601202647	1.58
59.33198340195092	1.58
67.66481481667732	1.58
53.43398261692617	1.58
63.31935252940337	1.58
56.52702351338445	1.58
67.66481481667732	1.58
53.43398261692617	1.58
61.56224219095355	1.58
52.454778560492606	1.58
67.66481481667732	1.58
53.19865229583767	1.58
61.47177683408665	1.58
52.248654177787216	1.58
64.65139163236282	1.58
53.18579211616903	1.58
63.909622914894804	1.58
52.248654177787216	1.58
65.1226037026433	1.58
53.626390924003104	1.58
62.80395078567632	1.58
54.2676577590583	1.58
65.8149920640695	1.58
57.230116344509426	1.58
60.890731173554464	1.58
54.2676577590583	1.58
64.68026190672515	1.58
57.230116344509426	1.58
62.46599772177651	1.58
53.585736510833605	1.58
64.68026190672515	1.58
54.23604504401682	1.58
62.46599772177651	1.58
53.585736510833605	1.58
66.50709218356998	1.58
54.09587166468292	1.58
67.37301595215041	1.58
53.34907358325162	1.58
66.48256208098105	1.58
53.04689801976915	1.58
67.37301595215041	1.58
45.430661187962414	1.58
69.16403888948744	1.58
54.33366243501074	1.58
67.37301595215041	1.58
45.430661187962414	1.58
69.16403888948744	1.58
57.86365711226578	1.58
66.26330732643795	1.58
45.430661187962414	1.58
69.16403888948744	1.58
54.77323082712924	1.58
68.6379885791323	1.58
45.430661187962414	1.58
69.00481646751868	1.58
56.680588857343494	1.58
69.1204292416918	1.58
51.081609605509954	1.58
68.97780417626184	1.58
58.49191649244141	1.58
69.1204292416918	1.58
53.99581050324365	1.58
68.97780417626184	1.58
62.79513310448813	1.58
67.78330575362527	1.58
56.98387501099122	1.58
73.65750689935514	1.58
67.18988032371422	1.58
68.03548540654681	1.58
52.52388269929072	1.58
74.03130859024134	1.58
67.18988032371422	1.58
68.7015017408686	1.58
52.52388269929072	1.58
74.03130859024134	1.58
60.78247808246819	1.58
68.7015017408686	1.58
50.999894345291686	1.58
74.53176286781925	1.58
60.74628643499909	1.58
68.7015017408686	1.58
50.999894345291686	1.58
79.16606236499479	1.58
56.965186520741916	1.58
68.7015017408686	1.58
50.999894345291686	1.58
79.16606236499479	1.58
52.75354857703097	1.58
60.95634275482093	1.58
49.750621612252885	1.58
79.16606236499479	1.58
56.417389162226264	1.58
60.95634275482093	1.58
49.750621612252885	1.58
68.68633916480007	1.58
57.89648460946997	1.58
58.62956251338786	1.58
48.02279396751452	1.58
68.68633916480007	1.58
57.713424167474415	1.58
58.27081076519106	1.58
54.954568832077015	1.58
68.68633916480007	1.58
58.42973575816989	1.58
58.27081076519106	1.58
57.044373474034195	1.58
68.68633916480007	1.58
58.42973575816989	1.58
52.320784275339264	1.58
56.89570077276504	1.58
68.68633916480007	1.58
58.48062351049717	1.58
46.87544277856098	1.58
55.73153552932017	1.58
68.68633916480007	1.58
57.59771974201843	1.58
46.887965347991056	1.58
54.04190159547064	1.58
67.23409335441127	1.58
59.25543547233232	1.58
46.887965347991056	1.58
54.04190159547064	1.58
67.23409335441127	1.58
62.90629460160658	1.58
51.059880045435115	1.58
49.628367016443036	1.58
67.23409335441127	1.58
62.90629460160658	1.58
57.97722017612781	1.58
49.628367016443036	1.58
59.20047443129187	1.58
57.62566210945288	1.58
58.4707742858206	1.58
42.96533378020294	1.58
59.639572328549676	1.58
53.815483819302145	1.58
58.02718625882098	1.58
45.677599359187255	1.58
60.70526907211782	1.58
53.977034534317504	1.58
58.02718625882098	1.58
45.677599359187255	1.58
59.74488239196582	1.58
59.07817056275179	1.58
57.61857571078822	1.58
45.677599359187255	1.58
61.316737747789944	1.58
59.7863193806367	1.58
57.22784550376518	1.58
45.677599359187255	1.58
61.316737747789944	1.58
54.47007657993483	1.58
56.22713373703887	1.58
45.677599359187255	1.58
61.316737747789944	1.58
59.0184735891324	1.58
56.22713373703887	1.58
45.677599359187255	1.58
63.396218704348385	1.58
57.851267173115374	1.58
52.54431198479509	1.58
52.20533398814385	1.58
58.40517826767998	1.58
57.93140870385615	1.58
52.54431198479509	1.58
52.20533398814385	1.58
62.30394173793032	1.58
60.906143810453415	1.58
45.86810860586291	1.58
50.63465466380886	1.58
60.47685878906334	1.58
65.11567619558909	1.58
42.81298999036626	1.58
50.63465466380886	1.58
60.47685878906334	1.58
59.08369921126796	1.58
41.31731175879898	1.58
50.78000823251123	1.58
60.47685878906334	1.58
55.665095717297206	1.58
48.06805949186684	1.58
53.54531130415517	1.58
69.8224032223888	1.58
57.339719110849344	1.58
49.49874848870712	1.58
53.54531130415517	1.58
69.8224032223888	1.58
60.42474658952447	1.58
52.962381018740196	1.58
46.75782308639042	1.58
63.79847893830913	1.58
65.9604027434655	1.58
55.18702339352502	1.58
46.75782308639042	1.58
63.79847893830913	1.58
63.301280993447165	1.58
54.35649888537539	1.58
53.96022146244752	1.58
66.9953826496832	1.58
60.92789677687252	1.58
56.23815569913374	1.58
53.96022146244752	1.58
66.9953826496832	1.58
59.169798735458826	1.58
56.3112693668137	1.58
49.99492235330583	1.58
66.9953826496832	1.58
56.79352878008084	1.58
56.47481737217706	1.58
48.06598489631175	1.58
66.9953826496832	1.58
63.98585310099722	1.58
49.04708728060071	1.58
47.63123310082375	1.58
66.77649462547203	1.58
61.50138904535849	1.58
49.04708728060071	1.58
42.66878821517187	1.58
66.77649462547203	1.58
61.50138904535849	1.58
52.41700644416388	1.58
42.66878821517187	1.58
62.148018544259465	1.58
61.50138904535849	1.58
52.41700644416388	1.58
40.994979367249066	1.58
62.148018544259465	1.58
68.27330714107859	1.58
52.41700644416388	1.58
40.994979367249066	1.58
62.148018544259465	1.58
68.27330714107859	1.58
53.07555313949968	1.58
40.994979367249066	1.58
62.148018544259465	1.58
62.124597764719375	1.58
47.378366264104216	1.58
40.994979367249066	1.58
60.54004920263154	1.58
62.124597764719375	1.58
47.378366264104216	1.58
40.994979367249066	1.58
60.54004920263154	1.58
59.51852770209862	1.58
48.20682358634584	1.58
48.828188151799836	1.58
68.189611994943	1.58
59.51852770209862	1.58
48.20682358634584	1.58
48.828188151799836	1.58
65.95849785189685	1.58
55.55879003695193	1.58
53.298463852415836	1.58
49.585423555287534	1.58
65.95849785189685	1.58
56.948651041844414	1.58
56.21329537496225	1.58
49.585423555287534	1.58
65.95849785189685	1.58
53.74770051436313	1.58
59.361058447885384	1.58
46.42740968571709	1.58
56.56571539569165	1.58
55.12654500472423	1.58
59.361058447885384	1.58
46.928045085015995	1.58
56.56571539569165	1.58
55.12654500472423	1.58
60.12051772511565	1.58
50.49718945990691	1.58
56.56571539569165	1.58
51.75638205448191	1.58
60.12051772511565	1.58
48.08504258893655	1.58
54.004537083344474	1.58
43.92567722646602	1.58
62.66820663532206	1.58
47.011223815783346	1.58
58.28920054415029	1.58
42.603662047331376	1.58
62.66820663532206	1.58
43.89949955871622	1.58
59.466246444815425	1.58
42.603662047331376	1.58
62.66820663532206	1.58
43.1855915137956	1.58
56.36845914111854	1.58
42.8714149489562	1.58
60.757719671294105	1.58
43.1855915137956	1.58
58.05177694259044	1.58
42.911021612799495	1.58
60.757719671294105	1.58
43.1855915137956	1.58
59.092464645548596	1.58
42.80987425339625	1.58
60.757719671294105	1.58
43.0782970293281	1.58
58.0076903671209	1.58
42.8787654596784	1.58
63.71676899491847	1.58
43.0782970293281	1.58
52.72406380364222	1.58
42.74930542811758	1.58
63.71676899491847	1.58
41.94640004069036	1.58
52.72406380364222	1.58
42.74930542811758	1.58
63.71676899491847	1.58
42.112326821933756	1.58
55.10056898802536	1.58
42.974903133901535	1.58
63.71676899491847	1.58
41.34615962138011	1.58
52.88851809836051	1.58
43.17987888260896	1.58
64.41905376077403	1.58
46.86533852168062	1.58
55.832633986870476	1.58
43.42241915569272	1.58
65.36899244179354	1.58
48.716434676298626	1.58
47.240659226479984	1.58
43.89397378214601	1.58
65.36899244179354	1.58
48.716434676298626	1.58
47.240659226479984	1.58
43.89397378214601	1.58
65.36899244179354	1.58
47.69720987985007	1.58
52.035749334392726	1.58
43.186482705725076	1.58
57.33867814554261	1.58
49.49560683252542	1.58
53.90491905436254	1.58
43.186482705725076	1.58
59.00067924195729	1.58
48.98854536954804	1.58
58.06517001718821	1.58
43.186482705725076	1.58
59.52503745845175	1.58
48.98854536954804	1.58
60.38074000409726	1.58
41.03454260247517	1.58
59.581003775606575	1.58
52.269584797099824	1.58
63.104711971547175	1.58
44.868891535694594	1.58
59.441791711210044	1.58
49.14695964536788	1.58
56.74900364247094	1.58
50.487903791737665	1.58
61.73211021240333	1.58
49.14695964536788	1.58
53.456839095182744	1.58
40.47850941230129	1.58
69.31915988997503	1.58
49.37829591552364	1.58
53.456839095182744	1.58
40.47850941230129	1.58
69.31915988997503	1.58
50.443206254715825	1.58
55.21063125015381	1.58
38.986622297685344	1.58
68.52371570205413	1.58
61.55808748003749	1.58
50.2128959600192	1.58
38.986622297685344	1.58
64.28798575931258	1.58
58.55092930654326	1.58
55.86765698895623	1.58
38.986622297685344	1.58
53.40856117387577	1.58
59.060588714831844	1.58
56.32373970703488	1.58
38.986622297685344	1.58
53.68128303538765	1.58
52.27999051105518	1.58
58.7067713765936	1.58
44.64358816544542	1.58
53.407004461300794	1.58
53.924659372657466	1.58
60.40798855941517	1.58
38.58577785092894	1.58
64.03897969604564	1.58
53.924659372657466	1.58
62.515859660946205	1.58
38.58577785092894	1.58
64.03897969604564	1.58
67.6081882204634	1.58
61.32633562326114	1.58
36.22186713707942	1.58
64.03897969604564	1.58
65.90745712116777	1.58
61.52442982885376	1.58
44.89211951176054	1.58
64.03897969604564	1.58
69.03280894234265	1.58
59.681378343617915	1.58
52.111314938458065	1.58
64.16944372201087	1.58
64.03673110934592	1.58
57.50807834081826	1.58
47.05234042776499	1.58
62.413903900832345	1.58
66.61662906754262	1.58
57.50807834081826	1.58
51.511151839593666	1.58
63.85996952745869	1.58
62.10551138339784	1.58
53.20479715946775	1.58
47.17984211398705	1.58
62.974060271942065	1.58
61.18089403621688	1.58
52.5362937515289	1.58
47.17984211398705	1.58
63.3312954640474	1.58
66.46355267399045	1.58
53.124672316409274	1.58
47.17984211398705	1.58
67.88735180203342	1.58
68.91556960798701	1.58
53.124672316409274	1.58
47.17984211398705	1.58
66.04100671640944	1.58
62.22832187448943	1.58
51.13208833454589	1.58
55.799280318090226	1.58
66.04100671640944	1.58
61.25380669492682	1.58
51.13208833454589	1.58
59.72355196092357	1.58
66.04100671640944	1.58
58.580015179596074	1.58
51.13208833454589	1.58
59.381899181407974	1.58
66.60825509973158	1.58
60.75646781036212	1.58
51.13208833454589	1.58
61.281940942374284	1.58
66.60825509973158	1.58
60.517546009370264	1.58
51.13208833454589	1.58
60.698429082599155	1.58
66.60825509973158	1.58
60.517546009370264	1.58
51.13208833454589	1.58
60.84902248909725	1.58
66.60825509973158	1.58
60.517546009370264	1.58
46.717381735968544	1.58
60.92897158238198	1.58
66.60825509973158	1.58
60.5373004862825	1.58
51.63588185465706	1.58
60.96449536647837	1.58
60.18773066152181	1.58
60.5373004862825	1.58
51.63588185465706	1.58
60.96449536647837	1.58
59.97403090364246	1.58
60.5373004862825	1.58
51.63588185465706	1.58
61.25565402763532	1.58
59.45640222043213	1.58
61.39269667830109	1.58
51.63588185465706	1.58
61.25542197954591	1.58
64.63357093148034	1.58
61.48929645809651	1.58
54.41163408397353	1.58
61.111988169207386	1.58
64.63357093148034	1.58
61.60138086133854	1.58
54.41163408397353	1.58
59.132042345491435	1.58
63.631264718887415	1.58
62.38092238415834	1.58
52.26661710385479	1.58
57.84077757911557	1.58
61.939238144482886	1.58
67.91908341436475	1.58
52.26661710385479	1.58
60.9947292291765	1.58
61.939238144482886	1.58
67.59036341991079	1.58
52.26661710385479	1.58
61.72616976645988	1.58
61.93582241747134	1.58
66.70748886369879	1.58
52.26661710385479	1.58
61.66450195507459	1.58
62.062336660135195	1.58
66.70748886369879	1.58
53.744874029719256	1.58
61.35870680042064	1.58
62.062336660135195	1.58
66.88669578928615	1.58
57.69899553598913	1.58
57.46983876491623	1.58
65.55286369130242	1.58
67.31098032065788	1.58
57.69899553598913	1.58
56.336428452218215	1.58
64.42399788096206	1.58
67.31098032065788	1.58
52.715664917574905	1.58
54.34259891589434	1.58
64.42399788096206	1.58
67.31098032065788	1.58
52.715664917574905	1.58
50.93943976510101	1.58
64.42399788096206	1.58
67.31098032065788	1.58
52.39494090875074	1.58
50.93943976510101	1.58
64.42399788096206	1.58
67.09884815086697	1.58
55.79277706194598	1.58
48.7325830831344	1.58
64.42399788096206	1.58
60.87483985952133	1.58
50.887984137086114	1.58
48.7325830831344	1.58
64.42399788096206	1.58
57.365355634340155	1.58
51.94407217501751	1.58
52.87658826035639	1.58
64.42399788096206	1.58
57.019359296482996	1.58
49.65985860401472	1.58
53.90563084916922	1.58
69.08796866098247	1.58
57.090977441197055	1.58
56.69920797200715	1.58
53.73510232855573	1.58
66.68052370553353	1.58
59.2292687531431	1.58
52.052185976470184	1.58
56.469574222178125	1.58
66.68052370553353	1.58
58.140409022422546	1.58
52.052185976470184	1.58
56.54773199345471	1.58
62.13755045755925	1.58
57.56039748996531	1.58
54.19814282505687	1.58
56.692134182994586	1.58
64.90450374099571	1.58
60.34612281595483	1.58
51.01880591110653	1.58
49.032791347347825	1.58
63.48796310684499	1.58
67.16976265608469	1.58
51.01880591110653	1.58
49.032791347347825	1.58
66.34648457704904	1.58
67.16976265608469	1.58
51.01880591110653	1.58
53.84076354916933	1.58
66.34648457704904	1.58
67.16976265608469	1.58
44.213935358013046	1.58
52.74358621312181	1.58
62.13545914596155	1.58
69.28679649782752	1.58
49.90830407421008	1.58
49.99775355603346	1.58
62.13545914596155	1.58
68.36908700919643	1.58
48.87447269812158	1.58
54.75686632052421	1.58
62.13545914596155	1.58
68.36908700919643	1.58
44.67401079851131	1.58
53.34392942669773	1.58
67.64051346266007	1.58
68.36908700919643	1.58
53.500115889900655	1.58
60.46627928127619	1.58
68.45926182140619	1.58
62.156221419208734	1.58
53.199179350701414	1.58
60.46627928127619	1.58
65.5127296497226	1.58
61.5005955070777	1.58
54.167438477873986	1.58
60.97689599290862	1.58
65.56222273369082	1.58
61.398882150682184	1.58
58.77229525567046	1.58
60.99339813054542	1.58
66.29686964407689	1.58
61.398882150682184	1.58
52.028636553818544	1.58
61.09531266916305	1.58
66.38847734970477	1.58
61.4529149405706	1.58
52.028636553818544	1.58
58.523079511303315	1.58
66.38847734970477	1.58
61.4529149405706	1.58
51.11973075721177	1.58
54.66854040171209	1.58
66.38847734970477	1.58
63.942429575387656	1.58
57.914561741263526	1.58
60.46199484965953	1.58
68.24665213544023	1.58
63.44220857688436	1.58
57.914561741263526	1.58
60.90858663060021	1.58
68.24665213544023	1.58
63.908054106742284	1.58
57.914561741263526	1.58
61.95138970937962	1.58
68.24665213544023	1.58
63.88752319798985	1.58
57.368212005607475	1.58
61.87487960777608	1.58
68.24665213544023	1.58
64.12086900004647	1.58
59.517135303882796	1.58
60.934757145579255	1.58
69.00304735820492	1.58
64.12086900004647	1.58
56.55272293898584	1.58
55.246915546756455	1.58
69.00304735820492	1.58
62.84540883841012	1.58
53.97528235714329	1.58
55.246915546756455	1.58
66.79027869192463	1.58
62.84540883841012	1.58
58.85821360100814	1.58
49.90904953716343	1.58
64.14566677746794	1.58
62.15486321997603	1.58
58.37031778444046	1.58
49.47234879986046	1.58
66.36499928017363	1.58
60.941694545132684	1.58
58.599520491692275	1.58
49.47234879986046	1.58
67.20228380504629	1.58
60.89050690032227	1.58
62.09714211026188	1.58
53.232062635964965	1.58
64.78743818037474	1.58
60.14308441014933	1.58
63.29295954992166	1.58
53.792225728568	1.58
66.40802177356316	1.58
60.49935817879847	1.58
64.21845038077072	1.58
48.55742239690413	1.58
67.497066917649	1.58
60.49935817879847	1.58
64.47235325396603	1.58
48.55742239690413	1.58
67.39762975997398	1.58
60.49935817879847	1.58
61.67295539132866	1.58
48.55742239690413	1.58
65.74312207085414	1.58
60.16570630037034	1.58
60.9957775017497	1.58
50.95279360473436	1.58
65.74312207085414	1.58
60.205380117893476	1.58
60.64795732848331	1.58
55.34813878797124	1.58
65.67607613889953	1.58
59.967117174062786	1.58
60.80553284942583	1.58
55.748904291844795	1.58
65.67607613889953	1.58
59.967117174062786	1.58
61.15384919613689	1.58
54.05260223596933	1.58
65.67607613889953	1.58
59.81017890224892	1.58
61.811007611221314	1.58
54.05260223596933	1.58
65.94911991196689	1.58
57.70790411566354	1.58
61.56906044283407	1.58
55.70468632959249	1.58
65.94911991196689	1.58
57.647306510219714	1.58
62.29278341098256	1.58
54.65005411199396	1.58
64.18790876246547	1.58
57.1012146167338	1.58
61.97694486983097	1.58
53.6207194600292	1.58
65.41244727942414	1.58
55.8796169263169	1.58
59.91441138492647	1.58
52.39149620426296	1.58
65.53697942515984	1.58
55.24697187156999	1.58
59.91441138492647	1.58
53.8263902822981	1.58
68.7481604311239	1.58
52.44954834114793	1.58
60.577175465986556	1.58
53.730509240764384	1.58
68.7481604311239	1.58
52.65709732882401	1.58
58.67741692162349	1.58
54.15180564010357	1.58
68.7481604311239	1.58
52.65709732882401	1.58
50.962056432390895	1.58
55.39296634606977	1.58
65.38996285968997	1.58
53.05617846870487	1.58
50.88182039954601	1.58
55.39296634606977	1.58
65.38996285968997	1.58
53.05617846870487	1.58
49.09908525028729	1.58
54.32525698910773	1.58
65.78486203377228	1.58
54.45847193622643	1.58
49.581809336176875	1.58
51.47067273737126	1.58
64.6592136083307	1.58
54.46306030561174	1.58
50.03136854733792	1.58
51.47067273737126	1.58
64.6592136083307	1.58
54.48452212064502	1.58
50.89689890551932	1.58
51.79805740023761	1.58
64.6592136083307	1.58
54.65654924234397	1.58
50.9126401565416	1.58
51.79805740023761	1.58
63.843339153844376	1.58
54.65654924234397	1.58
52.07221197635438	1.58
49.53422893345227	1.58
63.843339153844376	1.58
55.742125473822604	1.58
52.35989260851964	1.58
49.53422893345227	1.58
63.843339153844376	1.58
58.58076626882801	1.58
52.35989260851964	1.58
49.53422893345227	1.58
59.50075434301976	1.58
57.81255273307901	1.58
48.184431255935536	1.58
53.93215383550893	1.58
61.966219277950856	1.58
56.901297852938	1.58
52.27316777693335	1.58
48.449078445111326	1.58
61.966219277950856	1.58
56.71083494237067	1.58
51.88338995286898	1.58
52.1835033344301	1.58
60.61128296117878	1.58
58.76706869847283	1.58
49.22797331503995	1.58
47.66511499531907	1.58
65.02468478543616	1.58
64.09709382557563	1.58
49.22797331503995	1.58
51.41162737798724	1.58
65.02468478543616	1.58
58.621004232314775	1.58
49.22797331503995	1.58
54.5978327053356	1.58
65.02468478543616	1.58
57.01894618670156	1.58
49.22797331503995	1.58
53.36332631285767	1.58
65.02468478543616	1.58
53.7747138519286	1.58
56.24430098003291	1.58
56.127367004697305	1.58
65.02468478543616	1.58
52.57200238314756	1.58
58.56162951638012	1.58
54.83528291946027	1.58
60.12891088070566	1.58
50.989781594076554	1.58
57.59342290374866	1.58
55.203490137868044	1.58
60.348066066933434	1.58
52.151271435067834	1.58
57.360354281096505	1.58
55.40585460002922	1.58
59.298088701602616	1.58
50.54845722676603	1.58
57.360354281096505	1.58
59.58232772684495	1.58
59.396319734945564	1.58
43.92075924682231	1.58
60.157815227273694	1.58
66.28531020941122	1.58
54.0723572806687	1.58
44.77969437817007	1.58
61.79296177007743	1.58
65.339145634725	1.58
56.59214885055867	1.58
49.738822331860845	1.58
61.79296177007743	1.58
60.412031517026406	1.58
56.59214885055867	1.58
54.56297083229632	1.58
62.52853650181207	1.58
60.1826128542688	1.58
53.954511269675706	1.58
54.56297083229632	1.58
67.06040676816677	1.58
60.1826128542688	1.58
52.429311338077476	1.58
54.56297083229632	1.58
67.06040676816677	1.58
63.37717336869158	1.58
56.32002994574401	1.58
56.14377315117966	1.58
64.0133701518634	1.58
64.20169822170774	1.58
55.493721556725994	1.58
51.121715582963134	1.58
61.83914747014127	1.58
64.08641602208533	1.58
54.16116828500054	1.58
54.58145169353562	1.58
63.9518879931715	1.58
59.421490468935644	1.58
54.95084933231077	1.58
51.17775658055291	1.58
67.04619361543732	1.58
59.304561557414274	1.58
60.937971493936715	1.58
51.17775658055291	1.58
65.75766126142943	1.58
57.9058922692105	1.58
59.75449224545756	1.58
51.17775658055291	1.58
67.08463740969363	1.58
57.293434703156784	1.58
57.85610766346534	1.58
50.72226287243481	1.58
67.08463740969363	1.58
57.551203788462004	1.58
57.72066843461631	1.58
55.10193400314667	1.58
62.70943786254194	1.58
57.86871412004015	1.58
57.794127104252205	1.58
53.57024138338972	1.58
66.5440122239043	1.58
57.88953834143443	1.58
57.80234564138549	1.58
50.41503853891742	1.58
63.32833393603878	1.58
57.63091376517635	1.58
58.88609666113729	1.58
51.28770262569887	1.58
61.84129211459259	1.58
58.79235738344433	1.58
59.63027989728736	1.58
49.763063331430615	1.58
63.25705795949231	1.58
60.47068166034831	1.58
59.63027989728736	1.58
54.895895217404444	1.58
66.563321128351	1.58
60.47068166034831	1.58
59.38439846176411	1.58
54.895895217404444	1.58
65.27078759400275	1.58
60.40719543100411	1.58
61.63269294412876	1.58
51.24497987440731	1.58
66.28191236433322	1.58
60.40719543100411	1.58
61.96779847716468	1.58
52.76186386996869	1.58
66.28191236433322	1.58
58.556522659889175	1.58
63.3911179839327	1.58
58.97365882032229	1.58
66.28191236433322	1.58
58.237088889627046	1.58
61.107808998509114	1.58
58.97365882032229	1.58
64.09387969822181	1.58
58.3238259687071	1.58
59.78629917787077	1.58
59.232360179605074	1.58
64.81087244648768	1.58
58.657776089557714	1.58
59.59927298685838	1.58
59.63530975188096	1.58
67.50734890568367	1.58
58.48775647442523	1.58
59.066339627328865	1.58
52.78397677280158	1.58
67.50734890568367	1.58
58.27712330553545	1.58
56.64634491244403	1.58
52.78397677280158	1.58
65.28051726688372	1.58
61.16709927595751	1.58
57.878858780326425	1.58
58.047276542643246	1.58
66.15123335094523	1.58
60.23053683646276	1.58
56.444634437440925	1.58
56.68745786325927	1.58
66.15123335094523	1.58
59.730001619337166	1.58
57.415949777924176	1.58
51.37817365806473	1.58
66.15123335094523	1.58
61.655363096516325	1.58
54.13558940841296	1.58
56.47597350818765	1.58
66.91921150866713	1.58
67.53038315134533	1.58
52.52986487500614	1.58
53.02853192384995	1.58
66.91921150866713	1.58
67.53038315134533	1.58
56.01165152705142	1.58
53.02853192384995	1.58
63.472440212430556	1.58
64.91226198986911	1.58
58.993269193189015	1.58
53.02853192384995	1.58
64.94075021064347	1.58
64.91226198986911	1.58
59.64031718077317	1.58
47.82695373555528	1.58
64.94075021064347	1.58
66.88017378766288	1.58
59.64031718077317	1.58
47.42459349159994	1.58
64.94075021064347	1.58
66.32140240882579	1.58
61.04984409395068	1.58
48.53304564503836	1.58
64.94075021064347	1.58
64.55524377881939	1.58
61.710409919424585	1.58
56.50606503772242	1.58
67.36101623801332	1.58
66.02039372919543	1.58
62.68736786051185	1.58
58.88380152738717	1.58
67.36101623801332	1.58
64.52661986562151	1.58
62.68736786051185	1.58
56.82251375879895	1.58
63.627116048712956	1.58
62.536625482338415	1.58
62.777189758673956	1.58
56.82251375879895	1.58
63.58011627038207	1.58
62.53740643305048	1.58
62.104468636038476	1.58
54.73117272513591	1.58
64.24621394622876	1.58
62.40030928553304	1.58
62.14920918586709	1.58
53.31820368035754	1.58
64.24621394622876	1.58
62.49080564078684	1.58
61.07379234299092	1.58
56.491921349485395	1.58
66.70022894369865	1.58
62.9917634405311	1.58
59.65774596339667	1.58
52.07202484707798	1.58
64.51749290098866	1.58
62.9917634405311	1.58
58.555910442212365	1.58
51.72155278279331	1.58
64.51749290098866	1.58
66.511645424868	1.58
55.64102331774786	1.58
51.72155278279331	1.58
66.76113469532268	1.58
60.712936719589976	1.58
57.80970746260086	1.58
55.3300640393264	1.58
68.2149165901275	1.58
60.120665715745886	1.58
55.65158062722969	1.58
55.18429780870779	1.58
62.301086642059495	1.58
61.27573388665928	1.58
56.5584331042502	1.58
55.26679935029023	1.58
60.23640532441278	1.58
66.0611097539207	1.58
60.421306178294884	1.58
53.5414031972797	1.58
60.23640532441278	1.58
66.0611097539207	1.58
58.306299624498806	1.58
56.2048497623526	1.58
59.72321909709428	1.58
66.0611097539207	1.58
58.94228838031164	1.58
58.338477500369166	1.58
59.50455061284829	1.58
67.44439583053703	1.58
58.86070967767075	1.58
57.28234170358707	1.58
59.64825256673438	1.58
66.75636117099565	1.58
58.840374190767335	1.58
57.0880162577821	1.58
59.36078685657307	1.58
63.2071983077737	1.58
60.66295982619604	1.58
56.56761388756687	1.58
61.88447416979102	1.58
60.94283045754863	1.58
60.50668361548942	1.58
53.96986397360425	1.58
62.585271971830835	1.58
60.85158792773366	1.58
59.96381932427775	1.58
48.205889547602084	1.58
62.585271971830835	1.58
62.13002374966106	1.58
60.39219450464476	1.58
40.3815194174185	1.58
64.44590740180158	1.58
62.13002374966106	1.58
58.67776767479044	1.58
40.3815194174185	1.58
68.43866613647363	1.58
61.22406067971145	1.58
61.998372064882076	1.58
37.20466137784338	1.58
68.43866613647363	1.58
61.22406067971145	1.58
62.43999506653715	1.58
37.20466137784338	1.58
66.63439434746795	1.58
62.57023268594055	1.58
62.339081696558495	1.58
37.20466137784338	1.58
66.63439434746795	1.58
62.57023268594055	1.58
62.38364361874997	1.58
37.20466137784338	1.58
56.359796563408814	1.58
62.57023268594055	1.58
62.38364361874997	1.58
49.15638365824619	1.58
59.990469886652	1.58
62.57023268594055	1.58
62.23449611394357	1.58
49.15638365824619	1.58
60.07933976626608	1.58
62.57023268594055	1.58
61.917445345763056	1.58
53.47058504117017	1.58
59.49830931687882	1.58
62.57023268594055	1.58
61.27640286615762	1.58
53.11755762870639	1.58
60.01373719132265	1.58
62.69131115597183	1.58
61.107116960161314	1.58
52.77250021168861	1.58
59.077075244227025	1.58
62.369361274429146	1.58
60.03449346564147	1.58
44.381652642962024	1.58
59.077075244227025	1.58
62.369361274429146	1.58
60.38444242128992	1.58
50.94757820795727	1.58
63.810616361674406	1.58
59.99458960919033	1.58
61.91414711734047	1.58
54.65488682787992	1.58
65.09225749794555	1.58
60.179639893944184	1.58
62.06100985519099	1.58
55.99035994306769	1.58
64.77512013191435	1.58
59.584182339835266	1.58
62.06100985519099	1.58
56.87082540546912	1.58
65.914296665259	1.58
59.798119435475584	1.58
61.119770180887365	1.58
56.69827624162777	1.58
65.914296665259	1.58
59.589135169297066	1.58
61.1993063560919	1.58
58.01565209128157	1.58
65.50774401908282	1.58
60.328779631754536	1.58
61.42868655484666	1.58
58.511057990933764	1.58
65.01206007439329	1.58
59.73410761045578	1.58
60.77546549908416	1.58
58.43847926924233	1.58
65.01206007439329	1.58
59.89999511725885	1.58
61.07814257205886	1.58
59.72668942469478	1.58
64.47684780553975	1.58
59.978252698554016	1.58
62.574135215058476	1.58
58.39593744686817	1.58
65.61440179659834	1.58
59.978252698554016	1.58
63.11547162273507	1.58
52.36435596034561	1.58
67.84588443962843	1.58
59.94574008366849	1.58
62.25498316463711	1.58
51.77046292204638	1.58
63.16461263743736	1.58
58.06706425766121	1.58
64.99428817034561	1.58
51.77046292204638	1.58
62.25639191815766	1.58
58.705100400549064	1.58
67.19638131779934	1.58
54.44948931392136	1.58
58.919241936600876	1.58
62.82866955666184	1.58
67.19638131779934	1.58
56.1974699764149	1.58
60.17667131735013	1.58
62.82866955666184	1.58
65.21146235829637	1.58
58.98759202316832	1.58
59.996205775761155	1.58
61.88708033290279	1.58
66.21695776189519	1.58
59.016251379646306	1.58
56.781299110757686	1.58
63.436413203540006	1.58
66.21695776189519	1.58
59.35258368372196	1.58
55.275683799725826	1.58
62.861924808722065	1.58
67.19502954060403	1.58
57.43577369074231	1.58
55.275683799725826	1.58
62.184505821869685	1.58
67.19502954060403	1.58
55.97478459570024	1.58
54.92292968285082	1.58
66.86310645300946	1.58
67.35949444293361	1.58
55.91602047101729	1.58
43.44314543058418	1.58
66.86310645300946	1.58
67.2083651326864	1.58
55.548276721790415	1.58
42.40587909156477	1.58
66.45656680663444	1.58
63.198028036859114	1.58
50.66177483164742	1.58
37.442215885275786	1.58
59.05615197435951	1.58
63.198028036859114	1.58
49.26506682678328	1.58
50.27793664353003	1.58
59.05615197435951	1.58
62.72612108793	1.58
49.26506682678328	1.58
49.987766035622606	1.58
54.40902629067016	1.58
60.76833312382606	1.58
49.09701057261661	1.58
50.010482197154225	1.58
54.589290941339286	1.58
60.76833312382606	1.58
48.48414113674921	1.58
46.1836303038298	1.58
56.20704826038015	1.58
62.93408922554384	1.58
45.85839638675728	1.58
46.05614222058203	1.58
56.20704826038015	1.58
59.953290634119604	1.58
45.85735215399139	1.58
46.05614222058203	1.58
56.84425593398932	1.58
59.953290634119604	1.58
45.69143516721218	1.58
52.482472525788324	1.58
53.9629997168519	1.58
60.8129397283374	1.58
48.90887977348455	1.58
55.11836588504861	1.58
56.4418971786331	1.58
62.39621973002081	1.58
49.63079899157358	1.58
58.484316297955274	1.58
60.8119495456158	1.58
63.83846176678971	1.58
50.70112566998804	1.58
58.484316297955274	1.58
68.34926927159917	1.58
62.604971742436355	1.58
46.01820620661378	1.58
59.72420877665501	1.58
68.34926927159917	1.58
57.713926987328065	1.58
53.66628260038641	1.58
63.88517461187277	1.58
65.65393463285085	1.58
56.741656622580145	1.58
49.98586948265636	1.58
63.88517461187277	1.58
68.46663830933139	1.58
56.76179655764902	1.58
49.98586948265636	1.58
64.29578615956251	1.58
66.26721337575037	1.58
56.76179655764902	1.58
48.598672366413176	1.58
64.29578615956251	1.58
66.26721337575037	1.58
59.864701335209304	1.58
52.45791927395177	1.58
64.22112234328887	1.58
66.26721337575037	1.58
56.10991319167025	1.58
57.26100884028172	1.58
66.56669508643125	1.58
66.26721337575037	1.58
54.38565824621332	1.58
50.543438227350336	1.58
67.49354826615392	1.58
66.26721337575037	1.58
50.94650869440867	1.58
52.2830827192257	1.58
64.38374539417028	1.58
61.84009407320467	1.58
50.94650869440867	1.58
55.979918680033066	1.58
68.9334281116184	1.58
59.24838681047624	1.58
56.15391359293912	1.58
55.979918680033066	1.58
68.9334281116184	1.58
59.28439163194663	1.58
56.15391359293912	1.58
53.19127958363276	1.58
63.894169394727726	1.58
59.39113774663145	1.58
55.30085715945313	1.58
50.15152381282033	1.58
63.788961661583166	1.58
63.109285395336705	1.58
53.79749929454313	1.58
55.236464592349805	1.58
65.65332323458189	1.58
63.109285395336705	1.58
50.61995310804495	1.58
52.15131659309053	1.58
65.65332323458189	1.58
68.11649467679806	1.58
50.61995310804495	1.58
53.05739160146635	1.58
65.65332323458189	1.58
68.11649467679806	1.58
57.59513457310848	1.58
58.87723817641705	1.58
65.65332323458189	1.58
66.44996768619258	1.58
49.95075816566947	1.58
61.26954899904472	1.58
65.15876731958372	1.58
66.44996768619258	1.58
49.95075816566947	1.58
57.767671209866975	1.58
62.418956847874064	1.58
62.33763040241455	1.58
49.95075816566947	1.58
54.66647614629589	1.58
58.388803744392774	1.58
61.357675808670265	1.58
51.850335044807004	1.58
54.536531351946316	1.58
56.93205425871851	1.58
60.435334767414766	1.58
51.850335044807004	1.58
52.561584998081095	1.58
55.32599750232879	1.58
66.40623842039639	1.58
50.697196713812446	1.58
52.561584998081095	1.58
54.717430904406335	1.58
66.40623842039639	1.58
58.294184209238125	1.58
53.05641504972476	1.58
53.75588665030916	1.58
66.40623842039639	1.58
58.280024896034746	1.58
53.227580872024724	1.58
53.38566422045905	1.58
66.40623842039639	1.58
62.43507291012761	1.58
53.25585443910894	1.58
53.412832199823896	1.58
66.40623842039639	1.58
64.18219989741425	1.58
51.24312647513566	1.58
46.39242890550307	1.58
66.40623842039639	1.58
62.14847628133639	1.58
51.24312647513566	1.58
46.56504656439171	1.58
66.40623842039639	1.58
63.147776879579524	1.58
51.985268060342655	1.58
46.56504656439171	1.58
66.40623842039639	1.58
62.512438849116975	1.58
51.985268060342655	1.58
46.56504656439171	1.58
66.40623842039639	1.58
67.57332840082685	1.58
51.985268060342655	1.58
46.56504656439171	1.58
65.89905516568201	1.58
67.57332840082685	1.58
52.927660825251266	1.58
48.91591937052313	1.58
65.89905516568201	1.58
68.0716611186688	1.58
53.07109374341509	1.58
41.25507381022175	1.58
65.89905516568201	1.58
68.0716611186688	1.58
53.07109374341509	1.58
41.25507381022175	1.58
65.89905516568201	1.58
56.65962747603882	1.58
54.62362665684605	1.58
46.15578896799593	1.58
68.88953678225839	1.58
58.647201080608646	1.58
52.14828969078756	1.58
46.15578896799593	1.58
63.57548958979764	1.58
58.647201080608646	1.58
52.44819486033478	1.58
46.15578896799593	1.58
63.57548958979764	1.58
68.44111455140134	1.58
52.80367283534763	1.58
49.96509690275906	1.58
63.57548958979764	1.58
61.46263065647611	1.58
52.961210304897754	1.58
49.96509690275906	1.58
64.91137130392664	1.58
62.19363992781974	1.58
54.98992679156069	1.58
49.96509690275906	1.58
64.91137130392664	1.58
61.866058830207166	1.58
54.98992679156069	1.58
49.96509690275906	1.58
66.01853744325804	1.58
64.88129434843091	1.58
56.654564489191216	1.58
49.96509690275906	1.58
66.59173443721522	1.58
58.14539061638043	1.58
59.93476758254199	1.58
44.82080927737798	1.58
64.00351207111292	1.58
59.15337855280483	1.58
61.95512725985378	1.58
50.204994195277045	1.58
63.9183590453846	1.58
55.132545666666005	1.58
62.19737320139857	1.58
50.78906801061032	1.58
63.289240029910786	1.58
54.05496651472673	1.58
62.19737320139857	1.58
50.78906801061032	1.58
63.289240029910786	1.58
54.59920024029657	1.58
60.954127385534136	1.58
50.78906801061032	1.58
62.221353737189844	1.58
57.458837327660625	1.58
59.58271877157138	1.58
50.78906801061032	1.58
61.77977974637888	1.58
59.648050583593445	1.58
65.03250621412153	1.58
54.0697697702534	1.58
61.23565822349536	1.58
59.07352311881132	1.58
65.98350192102559	1.58
54.060732660214036	1.58
58.963816815528645	1.58
61.291220082337524	1.58
65.81208333038047	1.58
54.060732660214036	1.58
59.14519530829262	1.58
63.265096241325914	1.58
65.81208333038047	1.58
49.80893796807466	1.58
59.14519530829262	1.58
63.265096241325914	1.58
65.80925474541131	1.58
49.80893796807466	1.58
57.002430457511075	1.58
68.51010076844139	1.58
64.97681764874645	1.58
46.79547785861374	1.58
50.92788735307093	1.58
59.7213553768958	1.58
62.11106868465865	1.58
49.41644268362465	1.58
50.92788735307093	1.58
60.73827442905047	1.58
63.73754053547196	1.58
50.33753244961193	1.58
49.82815138294282	1.58
62.008282077333035	1.58
63.95732625595532	1.58
50.33753244961193	1.58
49.82815138294282	1.58
60.59345401266407	1.58
63.40669595330644	1.58
47.37833463840643	1.58
42.0793639592747	1.58
60.59345401266407	1.58
63.40669595330644	1.58
47.86674029807177	1.58
42.0793639592747	1.58
65.81315742869131	1.58
66.1069031196911	1.58
45.87843929848516	1.58
50.04864834829927	1.58
65.81315742869131	1.58
66.1069031196911	1.58
45.87843929848516	1.58
57.57783212973432	1.58
67.19528932392427	1.58
66.1069031196911	1.58
51.14918665361355	1.58
53.3447598030922	1.58
67.19528932392427	1.58
66.1069031196911	1.58
56.021601069178914	1.58
56.68722732669389	1.58
65.84517168142175	1.58
63.63999367769256	1.58
53.685410122330985	1.58
57.80305332153193	1.58
62.02152494409509	1.58
65.47060445961165	1.58
53.18258063665761	1.58
58.47592991484273	1.58
64.55812186458682	1.58
63.451206807341094	1.58
53.56492844208795	1.58
58.47592991484273	1.58
60.86256008809545	1.58
61.312889091198016	1.58
57.36228481352257	1.58
57.790487544729345	1.58
60.83352637606794	1.58
64.11466696855616	1.58
58.08175868358106	1.58
58.54632402923315	1.58
60.83352637606794	1.58
64.11466696855616	1.58
60.39983476203995	1.58
58.49024597324152	1.58
61.20608338798095	1.58
66.26426458091808	1.58
62.072296874608746	1.58
54.35363667699355	1.58
61.98256865042589	1.58
67.48496105102264	1.58
62.15866554797521	1.58
52.92916352902695	1.58
58.96795387638708	1.58
67.55228273732043	1.58
62.75973582048456	1.58
50.76325995206229	1.58
59.82282095358502	1.58
67.46822411479478	1.58
64.099374629042	1.58
46.85030998120271	1.58
58.81454095672572	1.58
68.6508966671426	1.58
64.36003705612363	1.58
46.85030998120271	1.58
57.911758097640714	1.58
69.00567343411883	1.58
63.917020508452275	1.58
57.14141319483639	1.58
52.38632858506794	1.58
66.64744499776945	1.58
63.50646450470571	1.58
52.1711661696786	1.58
52.461375376885734	1.58
65.42137475685797	1.58
61.9798552426924	1.58
52.1711661696786	1.58
52.48147845611311	1.58
68.52265836200287	1.58
56.285575811278186	1.58
52.1711661696786	1.58
52.48147845611311	1.58
67.54179304857959	1.58
53.6693091837218	1.58
52.1711661696786	1.58
52.48147845611311	1.58
63.608296954002334	1.58
53.911946824533494	1.58
52.1711661696786	1.58
52.48147845611311	1.58
68.6333811825223	1.58
56.7582586989699	1.58
51.89936999596318	1.58
52.75335659204118	1.58
62.03095537672131	1.58
59.29737704934995	1.58
51.85616326416976	1.58
51.62298530048482	1.58
61.82819585884346	1.58
57.06720698800557	1.58
51.74426610024428	1.58
51.41469363651222	1.58
61.82819585884346	1.58
57.28652577991825	1.58
52.01103419841899	1.58
51.41469363651222	1.58
61.35253971337505	1.58
57.30949779768613	1.58
51.81820518495918	1.58
51.32937278275298	1.58
63.334545448114135	1.58
54.49578919031366	1.58
51.82341806917704	1.58
51.31576007853802	1.58
63.334545448114135	1.58
54.123692389710826	1.58
51.94121034892092	1.58
51.01554782808946	1.58
63.334545448114135	1.58
55.93807659822839	1.58
51.94121034892092	1.58
52.77714860156108	1.58
66.8843851771425	1.58
52.279907234406195	1.58
57.833460302168206	1.58
52.77714860156108	1.58
66.8843851771425	1.58
47.5870762606487	1.58
51.65222025941608	1.58
57.0496463831044	1.58
62.4286222583694	1.58
52.7171864470801	1.58
54.800049333770666	1.58
56.0737348772395	1.58
59.02266912515305	1.58
53.57905532273104	1.58
53.5510816418551	1.58
57.804935677607034	1.58
64.24048985387498	1.58
58.0656226229581	1.58
56.761016636518505	1.58
57.74133386280873	1.58
60.655176545842735	1.58
58.3806725866565	1.58
56.761016636518505	1.58
57.93782488880108	1.58
62.44251034706765	1.58
57.40584834142817	1.58
52.75892707679763	1.58
57.93782488880108	1.58
65.55577480989875	1.58
57.52282611034301	1.58
50.99718720866591	1.58
57.76459826053261	1.58
59.9344858772751	1.58
56.457617899726905	1.58
45.16612170660129	1.58
66.22977572897014	1.58
59.97758372267895	1.58
56.457617899726905	1.58
50.46723016346152	1.58
66.22977572897014	1.58
56.70492477714599	1.58
56.53328144786717	1.58
47.81654499199661	1.58
66.22977572897014	1.58
56.70492477714599	1.58
56.58559431817894	1.58
47.81654499199661	1.58
66.22977572897014	1.58
56.705710105848375	1.58
56.48809832918088	1.58
48.83399568005265	1.58
65.23015293968459	1.58
64.37765048124524	1.58
56.48809832918088	1.58
54.97484263166591	1.58
65.23015293968459	1.58
67.84858233507646	1.58
56.48809832918088	1.58
54.97484263166591	1.58
65.23015293968459	1.58
69.12571311115808	1.58
60.41100662471492	1.58
56.24815593622762	1.58
65.23015293968459	1.58
71.71947626587543	1.58
60.41100662471492	1.58
56.24815593622762	1.58
65.76438486843409	1.58
69.16980722410747	1.58
60.41100662471492	1.58
59.25841170114261	1.58
65.68864500679075	1.58
64.57646424677323	1.58
58.91805114249047	1.58
55.211667692877036	1.58
65.68864500679075	1.58
63.990987503998355	1.58
55.84447638099053	1.58
55.74047759587584	1.58
65.68864500679075	1.58
63.990987503998355	1.58
54.29483682329819	1.58
52.81019153171157	1.58
66.77295360006491	1.58
63.990987503998355	1.58
54.29483682329819	1.58
49.89697644201891	1.58
66.77295360006491	1.58
68.12271034633076	1.58
54.29483682329819	1.58
53.22461520134152	1.58
62.05690150226775	1.58
68.12271034633076	1.58
57.89157926800026	1.58
51.55468799858357	1.58
64.65070113757751	1.58
68.12271034633076	1.58
55.85008099923125	1.58
50.47220921646104	1.58
65.81159957637658	1.58
66.67294222538585	1.58
55.85008099923125	1.58
50.47220921646104	1.58
59.42456105015448	1.58
66.67294222538585	1.58
52.382267823719644	1.58
50.47220921646104	1.58
63.24743597407973	1.58
66.67294222538585	1.58
52.382267823719644	1.58
46.018837227399985	1.58
63.24743597407973	1.58
64.11255704607956	1.58
55.85867519323625	1.58
45.37461041376527	1.58
62.31913862614769	1.58
64.11255704607956	1.58
55.85867519323625	1.58
51.565923398825674	1.58
66.16031399571874	1.58
64.50814838319273	1.58
56.551911487460075	1.58
48.12078259396979	1.58
66.16031399571874	1.58
64.50814838319273	1.58
57.744510801235144	1.58
46.652107692836594	1.58
66.16031399571874	1.58
63.88081114793793	1.58
54.882287617285996	1.58
46.652107692836594	1.58
66.16031399571874	1.58
61.6401018406193	1.58
56.36837142069773	1.58
53.89477456425412	1.58
66.16031399571874	1.58
61.6401018406193	1.58
57.542400169577895	1.58
53.89477456425412	1.58
62.525884269371275	1.58
64.65476753282749	1.58
54.14486678082414	1.58
51.15893794313069	1.58
60.42397817068941	1.58
66.08509257782703	1.58
54.598495055726644	1.58
51.15893794313069	1.58
62.775758585204	1.58
65.31414104955726	1.58
55.61155868064746	1.58
51.15893794313069	1.58
59.26929384853267	1.58
62.04659246371111	1.58
54.43708699228136	1.58
56.121384599896544	1.58
59.98088081234665	1.58
62.90857444600794	1.58
48.4827739004519	1.58
56.68743269400549	1.58
62.71373751701149	1.58
64.67491610766663	1.58
48.4827739004519	1.58
55.38513798875732	1.58
62.45545083752481	1.58
64.62381027473545	1.58
49.753679749497536	1.58
53.26710449206769	1.58
62.45545083752481	1.58
64.62381027473545	1.58
52.66092759486265	1.58
53.26710449206769	1.58
68.59203606402072	1.58
63.537492505973546	1.58
52.66092759486265	1.58
50.575646552039046	1.58
68.59203606402072	1.58
65.05456412262207	1.58
47.9694971481363	1.58
54.76699055793547	1.58
66.62284336078797	1.58
62.10114801999637	1.58
53.52188481246958	1.58
53.18217331994633	1.58
66.62284336078797	1.58
62.10114801999637	1.58
48.4681007549886	1.58
53.67742488943522	1.58
66.62284336078797	1.58
62.10114801999637	1.58
55.6502858413975	1.58
54.52017130894916	1.58
66.62284336078797	1.58
60.066964432450796	1.58
60.84296574094351	1.58
57.05711574191578	1.58
65.66677110558366	1.58
60.066964432450796	1.58
60.57441721738417	1.58
54.374517051564844	1.58
65.66677110558366	1.58
59.92224969915622	1.58
60.67465774938228	1.58
54.480903978326246	1.58
67.37222148650326	1.58
59.82557796670415	1.58
60.441573968429715	1.58
54.480903978326246	1.58
67.37222148650326	1.58
63.5180769792078	1.58
61.83991946451694	1.58
54.480903978326246	1.58
67.37222148650326	1.58
63.14675897475951	1.58
59.99571261115127	1.58
54.480903978326246	1.58
65.9317151665685	1.58
63.46899716799268	1.58
61.24489888674553	1.58
46.491524376060084	1.58
61.02668398858037	1.58
63.46899716799268	1.58
61.40590587048636	1.58
46.491524376060084	1.58
65.32307563751561	1.58
63.46899716799268	1.58
61.850609468457954	1.58
50.192127457636005	1.58
59.396105507306686	1.58
64.81288720948314	1.58
58.99388900239618	1.58
50.192127457636005	1.58
59.21356898376196	1.58
64.81288720948314	1.58
58.97000061289076	1.58
47.128654020439555	1.58
59.16436469303755	1.58
57.42470370397747	1.58
59.9596191478862	1.58
51.66532029665829	1.58
62.30912808132757	1.58
58.29821629193944	1.58
59.130130949761266	1.58
55.85201842028422	1.58
63.478324584677964	1.58
60.10393585746827	1.58
59.69811077440893	1.58
55.69644464424106	1.58
63.987308245249324	1.58
59.32629066349711	1.58
60.10375318878287	1.58
51.90918967362851	1.58
63.092297044757245	1.58
59.32629066349711	1.58
59.953798554762415	1.58
46.57789740180803	1.58
63.092297044757245	1.58
58.80414036407334	1.58
59.70161401604214	1.58
50.072004623073965	1.58
63.57320112838929	1.58
58.7541860901296	1.58
56.278914626313714	1.58
50.072004623073965	1.58
63.57320112838929	1.58
58.7541860901296	1.58
58.343507262629856	1.58
51.64755991426738	1.58
65.15252743724119	1.58
58.6844648544052	1.58
58.30536141499427	1.58
50.26671666092484	1.58
65.15252743724119	1.58
62.04984447521738	1.58
57.08333786726838	1.58
50.199245017321395	1.58
65.15252743724119	1.58
65.84379146078841	1.58
56.06294635090212	1.58
55.97149365494944	1.58
64.70444254296622	1.58
68.33346824541238	1.58
61.60979347213966	1.58
54.23847036761333	1.58
64.70444254296622	1.58
67.15530624778049	1.58
59.148117141370705	1.58
58.76832481943292	1.58
64.51964506928351	1.58
67.15530624778049	1.58
54.34815171217795	1.58
53.4087682851182	1.58
64.05034734207132	1.58
64.01704393977671	1.58
51.45156233787921	1.58
48.91562630606584	1.58
64.05034734207132	1.58
61.95012200387269	1.58
53.50621714048819	1.58
48.91562630606584	1.58
64.05034734207132	1.58
58.381440830426754	1.58
48.8436636590324	1.58
48.91562630606584	1.58
65.15584230918306	1.58
65.62375867990345	1.58
48.8436636590324	1.58
48.91562630606584	1.58
65.15584230918306	1.58
65.62375867990345	1.58
56.735655566299094	1.58
49.69199418926129	1.58
65.15584230918306	1.58
64.78149933551562	1.58
48.82090103806256	1.58
49.69199418926129	1.58
65.15584230918306	1.58
64.78149933551562	1.58
53.3299827700105	1.58
56.203774674545414	1.58
65.15584230918306	1.58
67.00680924307503	1.58
53.35834262432235	1.58
50.338955557861716	1.58
65.15584230918306	1.58
63.73178399049664	1.58
55.93326017526457	1.58
50.338955557861716	1.58
63.725979135674045	1.58
65.43478301911026	1.58
52.07074056400808	1.58
51.500569694255674	1.58
63.725979135674045	1.58
65.43478301911026	1.58
52.12591713236619	1.58
52.868084275729366	1.58
60.75291540841803	1.58
65.43478301911026	1.58
52.12591713236619	1.58
52.868084275729366	1.58
67.1114781836882	1.58
65.43478301911026	1.58
52.12591713236619	1.58
43.860952993675866	1.58
67.1114781836882	1.58
65.43478301911026	1.58
53.34668254557353	1.58
49.82342628099542	1.58
64.31900409047228	1.58
65.43478301911026	1.58
50.218530726319386	1.58
49.82342628099542	1.58
64.31900409047228	1.58
65.43478301911026	1.58
50.218530726319386	1.58
49.82342628099542	1.58
60.14083192108115	1.58
73.23261971568593	1.58
48.442402241431424	1.58
49.82342628099542	1.58
56.46090493536509	1.58
94.61612959895909	1.58
50.93164932590867	1.58
50.88085731445642	1.58
56.671973630823196	1.58
94.61612959895909	1.58
49.87790736147464	1.58
50.25167076692361	1.58
55.123469900856406	1.58
89.50985783078396	1.58
64.84859151957824	1.58
45.980963144835115	1.58
53.64649060876193	1.58
97.0811370769714	1.58
53.46839316593256	1.58
46.53387433561563	1.58
53.59317392028028	1.58
97.0811370769714	1.58
53.378447923849016	1.58
46.53387433561563	1.58
53.504673993332716	1.58
81.62884448897039	1.58
53.378447923849016	1.58
46.53387433561563	1.58
53.596268837623754	1.58
81.62884448897039	1.58
53.28466756089872	1.58
54.249047887546375	1.58
53.77863211258015	1.58
68.70237778596065	1.58
52.998357892564925	1.58
54.52003014459475	1.58
54.107469512239234	1.58
68.70237778596065	1.58
52.998357892564925	1.58
54.52003014459475	1.58
53.92275203548868	1.58
68.70237778596065	1.58
52.696340705317624	1.58
54.035668051512275	1.58
53.696387976982265	1.58
68.70237778596065	1.58
52.53757119998087	1.58
60.227725766353785	1.58
53.696387976982265	1.58
68.10415730514322	1.58
55.85158759960513	1.58
60.227725766353785	1.58
53.696387976982265	1.58
68.10415730514322	1.58
55.85158759960513	1.58
65.59546542148315	1.58
51.93859677714674	1.58
67.45687307025109	1.58
50.990605052555615	1.58
68.6442325100167	1.58
50.83966123159165	1.58
67.13935749830164	1.58
50.990605052555615	1.58
62.25586902872978	1.58
50.75245112173807	1.58
59.741918919052864	1.58
50.990605052555615	1.58
63.33858055342073	1.58
52.39316263220104	1.58
67.19009797263499	1.58
51.560803773223896	1.58
61.43774038925554	1.58
52.39316263220104	1.58
67.19009797263499	1.58
57.15825473441524	1.58
61.43774038925554	1.58
52.859230111414355	1.58
67.19009797263499	1.58
53.502915287958075	1.58
59.72528147632057	1.58
52.672881198787636	1.58
67.28749869643761	1.58
55.59518986052259	1.58
63.607008780190995	1.58
51.15524814480047	1.58
62.6924726549699	1.58
56.406778391544464	1.58
63.640135768400114	1.58
51.15524814480047	1.58
62.6924726549699	1.58
58.598130500701316	1.58
63.654086590632076	1.58
57.01489575672441	1.58
62.19609671057657	1.58
58.12743727493366	1.58
63.80816853488666	1.58
57.09352559798283	1.58
62.819445261702924	1.58
60.34127689779998	1.58
67.43533428562712	1.58
54.487603956185666	1.58
64.19223186709618	1.58
58.71169488791401	1.58
67.43533428562712	1.58
54.487603956185666	1.58
63.20693145639523	1.58
57.70631850478477	1.58
65.70417199935466	1.58
54.82587633616994	1.58
61.70143718152924	1.58
58.63785116360292	1.58
65.70417199935466	1.58
55.18622286158743	1.58
59.725755878690876	1.58
57.92689699376342	1.58
68.97784004533565	1.58
53.01797155795572	1.58
60.08656617588633	1.58
58.27930620051149	1.58
68.97784004533565	1.58
48.83275435808639	1.58
60.73593785753775	1.58
63.720920601240245	1.58
68.97784004533565	1.58
55.12921740597832	1.58
60.73593785753775	1.58
62.46315690611498	1.58
68.97784004533565	1.58
60.67912101899929	1.58
59.98717338099971	1.58
61.823373319204926	1.58
68.97784004533565	1.58
62.38707041774405	1.58
58.549687737486934	1.58
63.225446683288126	1.58
68.35123873136654	1.58
57.16554247392987	1.58
57.32762249192143	1.58
68.34536075160948	1.58
63.16155478493972	1.58
58.42060855714587	1.58
51.51203906983358	1.58
68.34536075160948	1.58
63.16155478493972	1.58
54.615467100293394	1.58
51.51203906983358	1.58
67.93055317161557	1.58
64.87191831298041	1.58
54.615467100293394	1.58
51.51203906983358	1.58
67.93055317161557	1.58
66.06101287891575	1.58
54.615467100293394	1.58
57.50013629321856	1.58
63.0463128351615	1.58
65.99350680732627	1.58
54.51362895439001	1.58
59.890852456274146	1.58
64.07150859899266	1.58
68.3718221437853	1.58
54.51362895439001	1.58
56.22359556393752	1.58
62.73722485894841	1.58
68.3718221437853	1.58
53.949895472405224	1.58
56.134604025825794	1.58
66.55612850903319	1.58
68.3718221437853	1.58
50.127586768649124	1.58
60.58541999943121	1.58
65.14585970480307	1.58
64.103151751827	1.58
54.083506539950136	1.58
59.20445918363984	1.58
66.34144472986405	1.58
66.48530839290555	1.58
53.396744607487975	1.58
62.32725382586085	1.58
66.34144472986405	1.58
68.39719414559187	1.58
50.86182320744585	1.58
60.98604467044996	1.58
66.34144472986405	1.58
68.39719414559187	1.58
57.79010740522385	1.58
60.89663622267802	1.58
66.34144472986405	1.58
65.736695962811	1.58
52.17794527046382	1.58
58.729563750597904	1.58
66.34144472986405	1.58
59.51445873190487	1.58
56.58939187129217	1.58
58.729563750597904	1.58
66.8131142598279	1.58
59.28210500173866	1.58
57.78733385276418	1.58
58.729563750597904	1.58
67.9141021137535	1.58
58.745392413146966	1.58
58.131395060694786	1.58
62.81521687177115	1.58
68.34242590265153	1.58
58.7629113264688	1.58
57.5945799550241	1.58
63.504335875759	1.58
68.34242590265153	1.58
55.89778838756609	1.58
57.86645016301074	1.58
61.43565979598623	1.58
68.34242590265153	1.58
57.073005201780575	1.58
52.62772289899661	1.58
63.34241948593781	1.58
67.75255639193068	1.58
56.33184080911279	1.58
50.19969967212507	1.58
63.29338784892025	1.58
67.75255639193068	1.58
54.48866904632253	1.58
49.61852792752296	1.58
63.8541510542084	1.58
68.52997639667237	1.58
54.48866904632253	1.58
51.35021378445218	1.58
63.4304695131932	1.58
68.52997639667237	1.58
52.86645895299827	1.58
51.645865345083294	1.58
66.7367631781203	1.58
67.95562740039442	1.58
52.86645895299827	1.58
51.645865345083294	1.58
62.522482737918246	1.58
67.95562740039442	1.58
52.86645895299827	1.58
51.645865345083294	1.58
67.49265913658425	1.58
67.78857172645192	1.58
52.86645895299827	1.58
51.645865345083294	1.58
63.36727010278843	1.58
61.504046804979694	1.58
54.22272600232502	1.58
55.80584260084513	1.58
67.69838944020762	1.58
64.8115937694466	1.58
51.75717581823936	1.58
57.30625306172162	1.58
67.69838944020762	1.58
65.04550810837439	1.58
52.682690243337426	1.58
61.03417923275808	1.58
68.53322305169698	1.58
64.21562173965359	1.58
52.682690243337426	1.58
61.03964062073766	1.58
68.53322305169698	1.58
61.599389074636974	1.58
49.23433203220145	1.58
60.53532318942921	1.58
66.84687836784475	1.58
61.599389074636974	1.58
49.23433203220145	1.58
60.911533485363435	1.58
66.84687836784475	1.58
61.00857541472468	1.58
49.23433203220145	1.58
60.84620236495937	1.58
66.84687836784475	1.58
61.58891265949507	1.58
48.609280069034625	1.58
60.93695837805359	1.58
66.84687836784475	1.58
61.58891265949507	1.58
48.609280069034625	1.58
60.93695837805359	1.58
60.34212622643707	1.58
61.55016313088831	1.58
51.95634832347949	1.58
60.93695837805359	1.58
65.8095757864093	1.58
60.423568338481324	1.58
51.95634832347949	1.58
61.05915514730978	1.58
68.12612939999455	1.58
60.71396026939968	1.58
51.95634832347949	1.58
61.18813880094329	1.58
68.12612939999455	1.58
59.321212006730576	1.58
51.95634832347949	1.58
61.96117707939435	1.58
67.16677149301262	1.58
58.89984525086756	1.58
51.95634832347949	1.58
63.336685762264175	1.58
67.16677149301262	1.58
55.145439100122374	1.58
58.54172055056098	1.58
61.89852116308577	1.58
67.16677149301262	1.58
51.53224350193548	1.58
58.64031065091615	1.58
66.5010040722369	1.58
67.16677149301262	1.58
51.53224350193548	1.58
56.15947629901115	1.58
66.5010040722369	1.58
67.16677149301262	1.58
54.183279543430636	1.58
56.351359369699836	1.58
62.29159695235434	1.58
68.21992065660638	1.58
52.353420808950354	1.58
53.75761264245418	1.58
58.964290231420826	1.58
68.21992065660638	1.58
54.69121765974533	1.58
53.151204031749224	1.58
60.12167804635046	1.58
68.21992065660638	1.58
55.504759737762704	1.58
52.07299137355889	1.58
62.94823990029963	1.58
68.21992065660638	1.58
47.57891584817048	1.58
52.07299137355889	1.58
67.33969819046544	1.58
68.21992065660638	1.58
47.57891584817048	1.58
45.15586289973404	1.58
67.33969819046544	1.58
68.21992065660638	1.58
47.57891584817048	1.58
48.3373025891939	1.58
67.33969819046544	1.58
68.21992065660638	1.58
47.57891584817048	1.58
48.3373025891939	1.58
63.66017637822268	1.58
66.26519414531018	1.58
51.36592032965059	1.58
46.33494150926643	1.58
63.66017637822268	1.58
66.03321216679278	1.58
50.49504793173188	1.58
46.33494150926643	1.58
63.66017637822268	1.58
66.03321216679278	1.58
50.49504793173188	1.58
38.17825206821351	1.58
66.04291719797669	1.58
58.91081920911486	1.58
50.49504793173188	1.58
38.17825206821351	1.58
56.15947432864553	1.58
65.685329097868	1.58
50.193251097507975	1.58
50.58581824024702	1.58
56.669546715767986	1.58
77.40993137161817	1.58
48.53662668126246	1.58
63.218754454326266	1.58
55.294530916067096	1.58
79.85385152612065	1.58
48.53662668126246	1.58
62.18959117885484	1.58
49.065093739306405	1.58
84.00988978922702	1.58
48.18251004143943	1.58
67.90832225413207	1.58
49.065093739306405	1.58
99.24508823997152	1.58
48.50821973789817	1.58
67.90832225413207	1.58
49.065093739306405	1.58
99.24508823997152	1.58
48.50821973789817	1.58
59.16331271413641	1.58
50.5138018733091	1.58
84.59209601995803	1.58
56.71889702384435	1.58
59.16331271413641	1.58
53.13045907654725	1.58
71.96928919052252	1.58
56.6800057116032	1.58
59.02575696770591	1.58
53.13045907654725	1.58
79.97879936964159	1.58
56.6800057116032	1.58
61.13398104478853	1.58
53.90264470760772	1.58
79.97879936964159	1.58
58.795154751826104	1.58
59.235692505626545	1.58
48.952349652176764	1.58
97.0928961069535	1.58
66.92469644246665	1.58
56.74321564340463	1.58
52.28694247594027	1.58
97.0928961069535	1.58
64.36001991419946	1.58
61.12843763467582	1.58
44.4651418292093	1.58
97.0928961069535	1.58
64.70079777202008	1.58
64.53264745399235	1.58
46.236482493611845	1.58
97.0928961069535	1.58
64.48877522991958	1.58
64.53264745399235	1.58
52.53269637302854	1.58
97.0928961069535	1.58
64.48877522991958	1.58
64.53264745399235	1.58
45.379683734352895	1.58
85.07670467323726	1.58
62.556081418170635	1.58
65.80384036541459	1.58
44.893628487407305	1.58
96.51822379542243	1.58
62.556081418170635	1.58
64.74303630977693	1.58
51.21797911078777	1.58
93.14902868940834	1.58
62.556081418170635	1.58
65.79512610462213	1.58
41.728069771843565	1.58
85.53104500562745	1.58
68.02792389510891	1.58
65.79512610462213	1.58
41.728069771843565	1.58
77.62975770277714	1.58
68.02792389510891	1.58
60.41464963430914	1.58
54.75446835594117	1.58
79.92007409152758	1.58
61.21501557015614	1.58
58.77015593104074	1.58
48.989252913046776	1.58
93.68496087680862	1.58
67.2094090750548	1.58
58.77015593104074	1.58
48.989252913046776	1.58
101.46174737199372	1.58
67.2094090750548	1.58
58.77015593104074	1.58
49.61490908013724	1.58
101.46174737199372	1.58
59.89060644385981	1.58
56.05389029015065	1.58
44.03575540428707	1.58
101.46174737199372	1.58
58.38480296520499	1.58
56.05389029015065	1.58
46.69292479790088	1.58
101.46174737199372	1.58
65.38839320807787	1.58
56.05389029015065	1.58
53.93414998136662	1.58
101.46174737199372	1.58
61.12677347708098	1.58
56.36072623431819	1.58
54.60377745016533	1.58
101.46174737199372	1.58
59.25007728506104	1.58
55.50218816132154	1.58
50.486480215081556	1.58
90.7405335883499	1.58
59.25007728506104	1.58
55.50218816132154	1.58
48.39592236742856	1.58
90.7405335883499	1.58
64.02518823422464	1.58
56.61115391548406	1.58
50.261841408515636	1.58
93.99220923491004	1.58
64.02518823422464	1.58
52.16833147324373	1.58
49.439880694276276	1.58
93.99220923491004	1.58
64.02518823422464	1.58
52.16833147324373	1.58
49.439880694276276	1.58
93.99220923491004	1.58
50.585733941685355	1.58
63.16448723758296	1.58
49.12700708724477	1.58
72.54816910458746	1.58
50.97294326559471	1.58
63.16448723758296	1.58
49.756114495531705	1.58
72.70703905713515	1.58
50.27071476582839	1.58
54.20308670104777	1.58
51.511693824634726	1.58
64.33385931093795	1.58
49.17826282807036	1.58
54.20308670104777	1.58
51.84136378725978	1.58
64.26135917123862	1.58
50.21121416023571	1.58
55.21887340494751	1.58
50.26199631837984	1.58
64.26135917123862	1.58
54.23262892803952	1.58
59.677082260941205	1.58
50.08947677878448	1.58
67.66432170176768	1.58
55.38114776778863	1.58
66.48402195036817	1.58
52.638275748332575	1.58
63.94910887314794	1.58
53.15023281998991	1.58
66.48402195036817	1.58
52.638275748332575	1.58
63.80028217211161	1.58
53.448184067464446	1.58
66.48402195036817	1.58
56.19528539995484	1.58
64.72585413315393	1.58
53.097712019816484	1.58
66.48402195036817	1.58
59.94515451674768	1.58
65.14478466849849	1.58
53.097712019816484	1.58
66.3215339338853	1.58
59.90648794524684	1.58
65.14478466849849	1.58
48.98050352345118	1.58
67.37946328843759	1.58
59.90648794524684	1.58
60.86537580880144	1.58
48.98050352345118	1.58
67.37946328843759	1.58
58.98474819291022	1.58
60.34868850106705	1.58
46.911220049512764	1.58
67.37946328843759	1.58
65.24934494931	1.58
62.373128776674974	1.58
49.11214592581496	1.58
65.0425303073334	1.58
60.58923610503456	1.58
62.373128776674974	1.58
49.11214592581496	1.58
65.99221887366464	1.58
56.235155809870804	1.58
58.02183795361013	1.58
52.56481880737387	1.58
66.82193220964012	1.58
59.92196138086682	1.58
57.994346029020406	1.58
54.39625708367417	1.58
66.82193220964012	1.58
55.551796157096916	1.58
54.08073085578619	1.58
54.25899300027894	1.58
61.19164421401943	1.58
54.902117366996166	1.58
53.94670165339018	1.58
53.621253747328666	1.58
61.19164421401943	1.58
55.373697908749435	1.58
50.915067689758544	1.58
52.626397415593985	1.58
62.85266645315115	1.58
58.50415107811219	1.58
50.85338475090264	1.58
50.933267127534535	1.58
65.66196045213368	1.58
55.18674987730724	1.58
50.820892593194024	1.58
51.03803616950137	1.58
62.373784372493716	1.58
53.91861254349939	1.58
50.822920504894505	1.58
48.43686524744359	1.58
59.85546993750252	1.58
53.57432577446924	1.58
50.822920504894505	1.58
48.43686524744359	1.58
62.863662669854136	1.58
55.53227876509027	1.58
50.862477025436206	1.58
48.43686524744359	1.58
62.863662669854136	1.58
51.18968034600688	1.58
56.05179497750655	1.58
49.002641352671944	1.58
62.863662669854136	1.58
50.20103390166745	1.58
53.19460358608318	1.58
49.002641352671944	1.58
61.65440670517025	1.58
49.82218283035771	1.58
53.19460358608318	1.58
48.86002947437776	1.58
61.91032766195846	1.58
49.913857112906925	1.58
50.206798629088446	1.58
47.947350341070056	1.58
61.91032766195846	1.58
48.940127985454346	1.58
50.90493435861692	1.58
46.890533575226755	1.58
59.76129952985186	1.58
48.940127985454346	1.58
53.35516360790672	1.58
46.890533575226755	1.58
56.568967960095726	1.58
45.21667171944234	1.58
56.478442365728064	1.58
40.228030220336976	1.58
57.204945361139046	1.58
47.43469342844109	1.58
48.68250780871974	1.58
38.857463193758406	1.58
57.63988747084567	1.58
44.32909098950478	1.58
56.44920921928839	1.58
39.420096580248	1.58
64.89108697650252	1.58
37.32092150430147	1.58
58.53730060832813	1.58
45.544987222112276	1.58
64.89108697650252	1.58
37.32092150430147	1.58
62.287224087597195	1.58
45.06683967811972	1.58
67.13718353971475	1.58
37.32092150430147	1.58
59.64168743493705	1.58
51.81793018506378	1.58
67.13718353971475	1.58
37.32092150430147	1.58
61.63263701777657	1.58
49.1324094432752	1.58
67.13718353971475	1.58
51.66555751258275	1.58
56.84916924193862	1.58
51.54598579770212	1.58
63.6281652136441	1.58
51.703820676668926	1.58
56.305853703714504	1.58
50.78159062013487	1.58
63.6281652136441	1.58
51.826396392754155	1.58
56.305853703714504	1.58
51.02368747440732	1.58
64.88433679584294	1.58
51.826396392754155	1.58
58.234384171375545	1.58
50.66579066086961	1.58
65.882910751426	1.58
51.801676331234034	1.58
55.57580965620471	1.58
50.66579066086961	1.58
63.718502898751424	1.58
51.67804832274487	1.58
57.727488780378	1.58
50.66579066086961	1.58
61.41493169403263	1.58
50.473044757320785	1.58
56.730555191603614	1.58
50.833011595463816	1.58
61.41493169403263	1.58
50.21505211362449	1.58
56.64824956587191	1.58
50.55672935429329	1.58
61.41493169403263	1.58
51.776647445941734	1.58
56.64824956587191	1.58
47.80445714564713	1.58
63.457021983014684	1.58
54.19860601253209	1.58
60.47446487672779	1.58
52.50413925813224	1.58
62.79110517328363	1.58
55.85906904193621	1.58
61.39477037370152	1.58
52.50413925813224	1.58
61.67404858909956	1.58
58.48353211758285	1.58
61.362632548119855	1.58
51.66065981642661	1.58
63.095654702606176	1.58
61.05989445641105	1.58
61.40620665238934	1.58
54.117353435591006	1.58
63.014246120232265	1.58
62.246502896406874	1.58
60.316867136065596	1.58
52.24911029588545	1.58
63.723526375414785	1.58
62.246502896406874	1.58
60.316867136065596	1.58
54.545492403434714	1.58
63.89914128538141	1.58
64.14400705769158	1.58
59.89695220865235	1.58
54.15577480169321	1.58
63.18931204834604	1.58
64.33617409523252	1.58
61.317420755445305	1.58
51.360374407609235	1.58
62.044741850437674	1.58
64.68486883649406	1.58
61.317420755445305	1.58
51.360374407609235	1.58
62.08603328501913	1.58
65.00672359622399	1.58
58.06151078894251	1.58
51.360374407609235	1.58
60.677031111559764	1.58
63.29941420422364	1.58
60.900923125061475	1.58
51.360374407609235	1.58
60.92210390706156	1.58
64.66792130052332	1.58
60.89329256249741	1.58
51.360374407609235	1.58
57.817464351728496	1.58
61.35727735029449	1.58
62.04664504793794	1.58
51.58476012754718	1.58
58.63477722490793	1.58
58.612256858864065	1.58
62.04664504793794	1.58
51.58476012754718	1.58
58.602703836439574	1.58
58.61757536726143	1.58
61.264702082878514	1.58
54.01377982211498	1.58
56.71455014778271	1.58
59.411016816846704	1.58
61.418288395785005	1.58
56.02971025011893	1.58
55.1141251117135	1.58
59.13845346754212	1.58
63.984490750906176	1.58
57.76110755891665	1.58
55.57415563969588	1.58
59.12342117988027	1.58
68.56201660407942	1.58
58.116651304856354	1.58
55.09620351901308	1.58
60.11902920562596	1.58
68.56201660407942	1.58
59.009352497165516	1.58
48.00247239321236	1.58
60.18467021978083	1.58
68.56201660407942	1.58
59.009352497165516	1.58
48.81719444363053	1.58
60.46288598063592	1.58
82.9480760193342	1.58
58.90197038350312	1.58
48.81719444363053	1.58
60.5352022832744	1.58
97.94697201049158	1.58
58.90197038350312	1.58
51.11013335537019	1.58
68.91712445201206	1.58
85.79944731727379	1.58
58.90197038350312	1.58
51.11013335537019	1.58
68.91712445201206	1.58
85.79944731727379	1.58
58.90197038350312	1.58
51.11013335537019	1.58
68.91712445201206	1.58
85.79944731727379	1.58
59.206537280465795	1.58
54.60897073911242	1.58
68.91712445201206	1.58
72.54138226919035	1.58
53.74210843109999	1.58
55.0107815220149	1.58
68.91712445201206	1.58
89.18580823036899	1.58
53.74210843109999	1.58
55.0107815220149	1.58
68.91712445201206	1.58
100.82559221514201	1.58
53.74210843109999	1.58
55.0107815220149	1.58
64.7643052884249	1.58
85.33350739827165	1.58
53.74210843109999	1.58
52.41818648363063	1.58
64.7643052884249	1.58
91.2727716839139	1.58
55.441173859842365	1.58
55.21888165379198	1.58
66.63650632677766	1.58
99.99140272727092	1.58
55.441173859842365	1.58
61.24572206269443	1.58
66.63650632677766	1.58
99.99140272727092	1.58
60.38030506974915	1.58
61.24572206269443	1.58
66.63650632677766	1.58
95.89115864164218	1.58
60.38030506974915	1.58
61.24572206269443	1.58
64.20707920746874	1.58
95.89115864164218	1.58
59.30557190511984	1.58
61.24572206269443	1.58
63.05640279740302	1.58
95.89115864164218	1.58
59.30557190511984	1.58
61.047320243746995	1.58
61.659423732847735	1.58
95.89115864164218	1.58
57.50591665383606	1.58
61.047320243746995	1.58
61.60105106091705	1.58
89.9443408742363	1.58
56.13418847234916	1.58
61.12631973425847	1.58
61.5672686218141	1.58
93.65447907380903	1.58
56.13418847234916	1.58
53.67577451738469	1.58
58.88560079260766	1.58
93.65447907380903	1.58
54.49333447297576	1.58
52.66664323667819	1.58
62.970259697918195	1.58
86.7112846017749	1.58
52.98615439776218	1.58
60.432466342735395	1.58
62.970259697918195	1.58
86.7112846017749	1.58
61.27491458733781	1.58
60.432466342735395	1.58
63.45660440197026	1.58
86.82804680185484	1.58
61.27491458733781	1.58
60.432466342735395	1.58
63.45660440197026	1.58
101.63012352915808	1.58
61.27491458733781	1.58
60.895876382172275	1.58
65.09932200504366	1.58
101.63012352915808	1.58
62.546438607183404	1.58
56.96374063870338	1.58
65.09932200504366	1.58
101.63012352915808	1.58
62.546438607183404	1.58
56.96374063870338	1.58
65.09932200504366	1.58
97.10995068752594	1.58
62.546438607183404	1.58
56.084901330583676	1.58
66.1388941536703	1.58
86.85164181749883	1.58
57.332698580924124	1.58
53.40448722249813	1.58
64.11592001790044	1.58
86.85164181749883	1.58
54.53776890967251	1.58
57.72552794107127	1.58
65.37456092069074	1.58
73.17915446173215	1.58
54.53776890967251	1.58
56.94350607580871	1.58
63.385180201947215	1.58
81.88268219062957	1.58
54.53776890967251	1.58
62.97500462983109	1.58
63.76485078009948	1.58
74.50012895373537	1.58
40.02215800042179	1.58
65.33397924716567	1.58
62.345540587779176	1.58
70.05893300962012	1.58
40.02215800042179	1.58
66.49234253902996	1.58
60.16126335957049	1.58
71.3162646674013	1.58
54.62058904275385	1.58
65.33079897184143	1.58
59.386407121330826	1.58
74.0954489371415	1.58
51.27430310482271	1.58
63.64301697310273	1.58
59.737560809820344	1.58
74.36224596222934	1.58
51.27430310482271	1.58
64.58141143489333	1.58
63.94807884395564	1.58
63.80336528964423	1.58
51.27430310482271	1.58
65.16478866815481	1.58
63.60138546672387	1.58
63.80336528964423	1.58
51.27430310482271	1.58
66.02227290849385	1.58
63.91547790401691	1.58
61.949796573227324	1.58
49.300699663591814	1.58
66.01328832466733	1.58
63.99979852621909	1.58
61.949796573227324	1.58
49.300699663591814	1.58
67.48000399176327	1.58
60.89092876298053	1.58
61.949796573227324	1.58
49.300699663591814	1.58
67.48000399176327	1.58
60.44551809055522	1.58
58.49716701332446	1.58
42.23107607430261	1.58
67.48000399176327	1.58
60.44551809055522	1.58
58.50339444849719	1.58
45.720551837723896	1.58
65.06579952050963	1.58
58.2256225867731	1.58
57.59568096319022	1.58
41.06126132097397	1.58
65.06579952050963	1.58
53.339445702700615	1.58
57.59568096319022	1.58
46.62854272211506	1.58
66.96182708820871	1.58
50.84792980608793	1.58
59.577068150382466	1.58
44.88055279123147	1.58
65.6178502333585	1.58
50.84792980608793	1.58
62.28764364747107	1.58
44.46704446169657	1.58
68.00926980325606	1.58
47.80231576651542	1.58
60.36251873202536	1.58
44.46704446169657	1.58
68.00926980325606	1.58
53.14778085218759	1.58
58.86122296118616	1.58
44.46704446169657	1.58
68.00926980325606	1.58
53.14778085218759	1.58
61.88590336977742	1.58
50.044481898163454	1.58
68.00926980325606	1.58
48.734246113620294	1.58
67.65062847240873	1.58
50.044481898163454	1.58
68.26613344642843	1.58
42.21873872691836	1.58
67.87882234137261	1.58
47.2588598336429	1.58
68.26613344642843	1.58
41.5666692777624	1.58
63.241244482500406	1.58
51.285752865953555	1.58
67.0857009745142	1.58
44.89855227961439	1.58
60.69135163324103	1.58
51.285752865953555	1.58
62.26560425965033	1.58
44.89855227961439	1.58
57.00908254520597	1.58
52.23621788641427	1.58
55.79348714781582	1.58
41.712421466793096	1.58
57.00908254520597	1.58
51.28200530044134	1.58
55.05938202705764	1.58
47.669646141708895	1.58
54.82272293904783	1.58
53.25164419856621	1.58
55.28205293886888	1.58
45.05899956658627	1.58
55.21594212755219	1.58
52.942403452864156	1.58
55.2833969085863	1.58
44.02955551534994	1.58
55.13432122481438	1.58
48.623818006600324	1.58
61.950395282415926	1.58
51.888138727943954	1.58
53.32867296727245	1.58
48.623818006600324	1.58
66.40635836615314	1.58
51.094855609986375	1.58
54.20642519912985	1.58
48.623818006600324	1.58
66.40635836615314	1.58
51.094855609986375	1.58
54.96257632373538	1.58
47.729571471989956	1.58
66.40635836615314	1.58
51.094855609986375	1.58
58.817569660935575	1.58
43.4955224805573	1.58
66.40635836615314	1.58
51.094855609986375	1.58
58.817569660935575	1.58
43.4955224805573	1.58
66.85233585057945	1.58
57.1791669236749	1.58
57.99562940403635	1.58
43.4955224805573	1.58
66.85233585057945	1.58
50.61327608871315	1.58
59.72142832554382	1.58
48.59672459197675	1.58
66.85233585057945	1.58
50.74662938912678	1.58
59.72142832554382	1.58
47.36926657145602	1.58
66.85233585057945	1.58
49.42366966203703	1.58
59.72142832554382	1.58
47.36926657145602	1.58
66.46787338399812	1.58
48.18704230621123	1.58
54.63959461277283	1.58
47.36926657145602	1.58
66.46787338399812	1.58
48.253110541923995	1.58
48.195994116524055	1.58
46.9175978031308	1.58
60.20887550366056	1.58
48.34803904249091	1.58
46.741814051981	1.58
46.90917867982083	1.58
68.43349656120523	1.58
48.34803904249091	1.58
46.65323428207197	1.58
47.105675421977615	1.58
59.02765203342305	1.58
48.34447149135547	1.58
46.65323428207197	1.58
47.31359739097139	1.58
68.02297422585711	1.58
48.795473086946444	1.58
46.65323428207197	1.58
47.05785646766762	1.58
60.059463701942235	1.58
53.307699973449644	1.58
46.28122894089345	1.58
49.893709538015344	1.58
60.059463701942235	1.58
53.307699973449644	1.58
47.5309020653269	1.58
50.445098377664124	1.58
64.09793048882116	1.58
52.941898954672105	1.58
55.294731337809665	1.58
49.53048784529681	1.58
65.1908677798674	1.58
51.747635157477724	1.58
55.98538193092506	1.58
49.78679584477955	1.58
62.790345606283644	1.58
52.6191014946529	1.58
53.57458964741957	1.58
48.01184386248576	1.58
62.790345606283644	1.58
57.197101254072635	1.58
53.57458964741957	1.58
46.95993762687041	1.58
60.36359157023385	1.58
64.58618711803719	1.58
48.26857069563583	1.58
46.95993762687041	1.58
65.5307778796275	1.58
65.27418693082222	1.58
48.26857069563583	1.58
53.52368616658734	1.58
63.853371626855996	1.58
65.27418693082222	1.58
48.26857069563583	1.58
53.52368616658734	1.58
63.853371626855996	1.58
65.27418693082222	1.58
44.07894613590125	1.58
54.86887768592405	1.58
63.853371626855996	1.58
65.27418693082222	1.58
50.44049951943617	1.58
56.882810502372145	1.58
63.864102856629486	1.58
65.27418693082222	1.58
50.44049951943617	1.58
52.16232402294675	1.58
60.700314896427244	1.58
68.17040283732774	1.58
50.44049951943617	1.58
52.16232402294675	1.58
62.49854312902785	1.58
62.98403372937496	1.58
40.16326004821317	1.58
52.16232402294675	1.58
62.319537756103834	1.58
63.411871453667764	1.58
49.93063597828955	1.58
52.16232402294675	1.58
62.591598414930495	1.58
63.411871453667764	1.58
49.93063597828955	1.58
49.28970081948425	1.58
62.591598414930495	1.58
64.72401532307988	1.58
49.93063597828955	1.58
49.28970081948425	1.58
62.591598414930495	1.58
64.54464329993941	1.58
50.0473467667182	1.58
49.28970081948425	1.58
62.591598414930495	1.58
64.54464329993941	1.58
50.0473467667182	1.58
49.02818273730873	1.58
60.2208657525125	1.58
67.49926580047511	1.58
49.752046257826485	1.58
49.1261073801189	1.58
59.42037617716223	1.58
67.49926580047511	1.58
50.351266536129245	1.58
49.1261073801189	1.58
59.04955003416188	1.58
59.342466324249166	1.58
49.20951200507394	1.58
49.05140193446195	1.58
59.04955003416188	1.58
61.64232807469304	1.58
42.78152573002161	1.58
48.4697631264005	1.58
61.48028924722079	1.58
61.57131292033896	1.58
42.78152573002161	1.58
48.4697631264005	1.58
53.60007085839764	1.58
61.57131292033896	1.58
42.15370144600808	1.58
46.318812370504574	1.58
53.60007085839764	1.58
59.15074635763989	1.58
42.15370144600808	1.58
47.98331189181071	1.58
54.9729073030798	1.58
58.24245113492347	1.58
42.15370144600808	1.58
46.81223613072922	1.58
59.113867235235915	1.58
65.31319476214816	1.58
46.12757013262352	1.58
46.86849459358664	1.58
53.35863884703326	1.58
65.31319476214816	1.58
46.21929762236647	1.58
46.96756380787498	1.58
58.8953843597794	1.58
65.31319476214816	1.58
46.02615633546593	1.58
46.49748948216459	1.58
60.92124767829338	1.58
64.78187929060687	1.58
45.66009808216441	1.58
47.32686073256851	1.58
60.92124767829338	1.58
64.05083163512091	1.58
48.76794468121266	1.58
47.32686073256851	1.58
60.130778917796434	1.58
64.05083163512091	1.58
49.31603887776552	1.58
49.60232523859667	1.58
60.130778917796434	1.58
61.6753567325563	1.58
49.350764003904025	1.58
49.62687002631959	1.58
58.69128583475275	1.58
60.30534773829366	1.58
49.350764003904025	1.58
49.8542272803146	1.58
66.15534541543359	1.58
60.30534773829366	1.58
49.58747185371912	1.58
49.86204985383397	1.58
66.15534541543359	1.58
58.176357578714295	1.58
49.34063906148391	1.58
45.84001885808428	1.58
66.15534541543359	1.58
58.176357578714295	1.58
49.99704202662173	1.58
44.981372642127454	1.58
65.34966109369633	1.58
51.979382351118176	1.58
42.79031375151045	1.58
45.553912902578084	1.58
65.34966109369633	1.58
58.14625392708848	1.58
42.79031375151045	1.58
45.7734992720527	1.58
65.91414114300119	1.58
60.46737049884537	1.58
43.005752539562565	1.58
46.520595100454464	1.58
66.62214347173071	1.58
59.12122271623685	1.58
47.034471593200635	1.58
51.533061124319644	1.58
68.08628483615175	1.58
59.96574938753292	1.58
43.36961665626373	1.58
43.50614659193158	1.58
68.08628483615175	1.58
55.773899935050096	1.58
43.36961665626373	1.58
46.88025927078878	1.58
68.08628483615175	1.58
61.546685049551236	1.58
43.76462158062318	1.58
44.28827895268216	1.58
68.08628483615175	1.58
58.82678602748865	1.58
43.75694041161614	1.58
48.063213777533704	1.58
68.08628483615175	1.58
67.94568104305179	1.58
43.75694041161614	1.58
48.063213777533704	1.58
68.08628483615175	1.58
67.13137085315982	1.58
43.75694041161614	1.58
50.26100349763627	1.58
68.08628483615175	1.58
67.13137085315982	1.58
44.02709283727934	1.58
48.36145554242687	1.58
68.97224809856375	1.58
67.13137085315982	1.58
45.82835462967333	1.58
49.4119381815722	1.58
64.24453498986645	1.58
59.75487369677921	1.58
51.3891287974831	1.58
50.38794381120975	1.58
64.24453498986645	1.58
68.35270679663105	1.58
51.3891287974831	1.58
47.222787259909396	1.58
62.147170232551574	1.58
68.35270679663105	1.58
44.16029984115343	1.58
53.791164818530774	1.58
63.69117200411094	1.58
68.35270679663105	1.58
44.16029984115343	1.58
59.34231743316876	1.58
63.57290611500482	1.58
68.35270679663105	1.58
44.16029984115343	1.58
53.332754304885086	1.58
68.07207492298973	1.58
68.35270679663105	1.58
44.16029984115343	1.58
51.056286891914894	1.58
61.46230973620351	1.58
68.35270679663105	1.58
47.289893605843744	1.58
52.052788556934914	1.58
55.33126223702833	1.58
68.35270679663105	1.58
49.430494254253794	1.58
52.65269065617745	1.58
50.44672550395519	1.58
68.35270679663105	1.58
48.91465682669928	1.58
54.587504697692985	1.58
56.50696091284874	1.58
62.55852171200755	1.58
47.44096371342369	1.58
52.52906578864672	1.58
58.64056601148035	1.58
63.07149046532553	1.58
47.44096371342369	1.58
52.52906578864672	1.58
58.64056601148035	1.58
63.07149046532553	1.58
44.45101369158192	1.58
52.52906578864672	1.58
54.79953901865524	1.58
67.01993391743463	1.58
44.45101369158192	1.58
59.4532499975277	1.58
54.79953901865524	1.58
67.01993391743463	1.58
40.18932367132359	1.58
59.4532499975277	1.58
66.89875519908912	1.58
66.98567838328921	1.58
40.18932367132359	1.58
59.4532499975277	1.58
60.318541583778554	1.58
68.40667861593414	1.58
40.18932367132359	1.58
59.4532499975277	1.58
56.82996830240905	1.58
68.40667861593414	1.58
44.995428539514485	1.58
59.4532499975277	1.58
62.36572532063344	1.58
66.41155482552774	1.58
44.995428539514485	1.58
54.55806611785812	1.58
58.81440375166717	1.58
64.9449019060418	1.58
44.995428539514485	1.58
54.65120583494909	1.58
58.81440375166717	1.58
67.39136379441086	1.58
44.465757039406135	1.58
52.35949608459878	1.58
55.59611927779454	1.58
67.39136379441086	1.58
44.465757039406135	1.58
49.877468734750416	1.58
52.24314310495509	1.58
67.39136379441086	1.58
47.02628916388931	1.58
49.88028959949659	1.58
53.85322398826057	1.58
66.81405207722791	1.58
48.10514591484993	1.58
49.88028959949659	1.58
53.85322398826057	1.58
66.81405207722791	1.58
47.71659940186139	1.58
50.612616290634975	1.58
56.00340837761426	1.58
66.81405207722791	1.58
46.565245768066056	1.58
52.676474266940176	1.58
63.51485491450532	1.58
66.81405207722791	1.58
46.559839676215724	1.58
52.676474266940176	1.58
60.41809150716182	1.58
65.12475857634247	1.58
46.559839676215724	1.58
52.478577360163776	1.58
60.41809150716182	1.58
67.35485783960618	1.58
46.559839676215724	1.58
53.14578005266874	1.58
60.41809150716182	1.58
66.50767937592805	1.58
52.78601473203722	1.58
42.407863918081304	1.58
67.68731074417795	1.58
66.5389844216552	1.58
52.78601473203722	1.58
49.6962173173405	1.58
67.68731074417795	1.58
66.4882423943623	1.58
52.78601473203722	1.58
48.66561228042208	1.58
67.97091141443842	1.58
66.4882423943623	1.58
51.94735183277552	1.58
50.13764831945926	1.58
63.49409354460952	1.58
61.564107875138305	1.58
53.20510154332707	1.58
50.97586568756899	1.58
63.97838455421717	1.58
60.162453757556605	1.58
55.07496796082825	1.58
46.40116083441588	1.58
63.97838455421717	1.58
56.48107974503415	1.58
51.61193296475696	1.58
45.080114596056454	1.58
63.97838455421717	1.58
54.11004180341287	1.58
56.798347335168344	1.58
45.080114596056454	1.58
63.97838455421717	1.58
59.331787405725215	1.58
56.52162504237089	1.58
45.35967943722527	1.58
64.0883271530095	1.58
59.331787405725215	1.58
54.58579372910982	1.58
45.35967943722527	1.58
68.90561801071188	1.58
59.475004566893176	1.58
60.59301745360653	1.58
43.20173834469698	1.58
65.2558605917642	1.58
61.337848594448964	1.58
59.82265630717849	1.58
43.20173834469698	1.58
66.06065933436511	1.58
59.227449348878125	1.58
54.198457207229524	1.58
43.20173834469698	1.58
66.06065933436511	1.58
61.2208148189125	1.58
56.817412667210576	1.58
48.566276003884326	1.58
63.88485872093906	1.58
62.22797877848701	1.58
54.503383061595585	1.58
48.566276003884326	1.58
63.88485872093906	1.58
61.8035642969727	1.58
55.414013719159065	1.58
41.39089088761064	1.58
63.46360859112954	1.58
62.23407939024748	1.58
52.84061642051842	1.58
46.82611343019899	1.58
66.33780657622678	1.58
68.49171108800863	1.58
53.127605725991046	1.58
46.82611343019899	1.58
66.33780657622678	1.58
67.2697618641982	1.58
54.210929218851966	1.58
46.82611343019899	1.58
66.33780657622678	1.58
67.2697618641982	1.58
53.551198118676055	1.58
41.230291781088866	1.58
66.36302760533519	1.58
66.91324187393428	1.58
53.551198118676055	1.58
44.05454897131194	1.58
66.05014915518062	1.58
66.9013256642775	1.58
53.551198118676055	1.58
48.303045340313595	1.58
65.47659657080678	1.58
57.91121879969753	1.58
52.34981557960913	1.58
45.3620032680735	1.58
65.47659657080678	1.58
57.57577117968153	1.58
49.17831544736912	1.58
46.73076221394162	1.58
59.04569295314921	1.58
55.73527667970249	1.58
49.17831544736912	1.58
45.90337931477334	1.58
55.86991850550845	1.58
54.316498691893656	1.58
48.37173828641659	1.58
45.52214653606518	1.58
56.07251992628845	1.58
57.74933869094955	1.58
50.40228225367501	1.58
50.708470246800196	1.58
56.54429128858078	1.58
57.86248292803954	1.58
50.45825585379402	1.58
53.30251250397574	1.58
57.49157597562191	1.58
57.89263604126924	1.58
46.43850687019544	1.58
56.28219326114704	1.58
57.42788043686217	1.58
58.020064370457554	1.58
46.43850687019544	1.58
56.28219326114704	1.58
56.94243895990386	1.58
58.55157404552045	1.58
46.43850687019544	1.58
56.28219326114704	1.58
56.94243895990386	1.58
57.952486395867666	1.58
48.099662907466865	1.58
56.28219326114704	1.58
57.37938753276796	1.58
57.87238637202684	1.58
48.099662907466865	1.58
57.62991849438993	1.58
57.17273608204786	1.58
57.83556423111677	1.58
48.099662907466865	1.58
57.64791814123276	1.58
57.44350357766338	1.58
57.76478393198655	1.58
48.78791957824037	1.58
57.64791814123276	1.58
63.81052349949587	1.58
57.762915292391796	1.58
40.59250259749823	1.58
57.692305399952325	1.58
52.62738352787655	1.58
57.762915292391796	1.58
40.59250259749823	1.58
57.694484103771806	1.58
61.15219842574262	1.58
55.09661341866602	1.58
40.59250259749823	1.58
58.48905165989986	1.58
61.15219842574262	1.58
56.56444949895408	1.58
44.3989842728297	1.58
67.60197947975871	1.58
61.561099995123676	1.58
58.95807238560421	1.58
44.3989842728297	1.58
64.07359197239433	1.58
63.196377576944634	1.58
57.4469129677761	1.58
44.3989842728297	1.58
64.07359197239433	1.58
62.08071999173562	1.58
57.4469129677761	1.58
44.3989842728297	1.58
55.66235371878723	1.58
60.98612038015657	1.58
58.28916061439077	1.58
45.34398690444772	1.58
51.793799615681735	1.58
60.00759804927084	1.58
58.57915077374525	1.58
52.35588646307578	1.58
51.793799615681735	1.58
61.40487650520756	1.58
59.42131850056628	1.58
52.35588646307578	1.58
51.93117446936702	1.58
61.40487650520756	1.58
65.0093823622007	1.58
52.71559148997619	1.58
51.93117446936702	1.58
62.30945732395428	1.58
65.58253648604502	1.58
52.8369942444565	1.58
52.05323596137068	1.58
63.048140824390934	1.58
64.89050084421716	1.58
49.730809091042666	1.58
52.41672379099858	1.58
62.77374614787099	1.58
65.24707835584584	1.58
52.77078912843267	1.58
52.37164343263278	1.58
60.439429793813346	1.58
63.124951625258056	1.58
55.47304108238698	1.58
52.06843052054687	1.58
63.12512636529627	1.58
63.124951625258056	1.58
55.22517625504889	1.58
52.06843052054687	1.58
63.12523954346367	1.58
63.12499995682997	1.58
55.749443120643996	1.58
52.70284079164017	1.58
63.12512155371467	1.58
63.12489107633957	1.58
56.443466394712985	1.58
50.90396387413958	1.58
63.12533700677805	1.58
63.12489107633957	1.58
56.09669202934408	1.58
50.90396387413958	1.58
63.12546327603923	1.58
63.12468000885051	1.58
56.60698117604686	1.58
53.00621141575694	1.58
63.126167690936946	1.58
63.12529373901984	1.58
56.25656524273026	1.58
53.00621141575694	1.58
63.126296075278596	1.58
58.62379810433636	1.58
55.86699942272894	1.58
48.52245941157312	1.58
62.22220967381843	1.58
63.143524432378804	1.58
62.70891148307897	1.58
51.565169367948506	1.58
62.590298429582354	1.58
63.143524432378804	1.58
62.70891148307897	1.58
56.586413952496656	1.58
62.429628239829796	1.58
63.30751256357481	1.58
65.26030167714501	1.58
54.606658182087	1.58
62.429628239829796	1.58
62.89441973044351	1.58
66.504862697319	1.58
49.732119086682744	1.58
62.31275092449399	1.58
63.22233969421302	1.58
67.71873757911449	1.58
46.49050669049349	1.58
62.043767858019145	1.58
64.36631894393216	1.58
57.181911000282625	1.58
49.8584361407615	1.58
61.79436808492934	1.58
63.46350068992419	1.58
57.99712672473492	1.58
56.37808268365922	1.58
63.9786497116057	1.58
64.0319541286825	1.58
53.30937182058353	1.58
57.83537147270799	1.58
63.97608450879778	1.58
64.07766836677881	1.58
52.45934515917019	1.58
54.48568517130042	1.58
63.97608450879778	1.58
64.10021476053505	1.58
52.63511176531241	1.58
54.06381966834762	1.58
68.24359875403587	1.58
61.139752094136185	1.58
52.63511176531241	1.58
54.06381966834762	1.58
68.24359875403587	1.58
65.7479943809872	1.58
52.55258255030496	1.58
54.66770149776145	1.58
60.437675078326905	1.58
66.49441738456431	1.58
50.98115238514336	1.58
54.66770149776145	1.58
62.51482911996736	1.58
66.69460662814518	1.58
48.624001597829405	1.58
53.904201551707004	1.58
63.86728705967075	1.58
66.33444185910388	1.58
48.624001597829405	1.58
57.1928741787202	1.58
59.957716141376125	1.58
63.54407347467773	1.58
48.624001597829405	1.58
54.83532830157036	1.58
61.83709172939584	1.58
64.65664786782929	1.58
48.624001597829405	1.58
52.798064472132324	1.58
62.742075470489695	1.58
64.65664786782929	1.58
49.72293732145972	1.58
53.06465344895673	1.58
62.69040244362972	1.58
63.85378975611178	1.58
49.72293732145972	1.58
52.91552318838512	1.58
62.69040244362972	1.58
63.85378975611178	1.58
46.6066147324594	1.58
48.83470814777097	1.58
59.893542918738774	1.58
63.85378975611178	1.58
45.795505376377584	1.58
48.83470814777097	1.58
63.584677460546544	1.58
64.05330231830365	1.58
43.16391666117326	1.58
48.83470814777097	1.58
62.67822540635808	1.58
63.945849448101164	1.58
43.16391666117326	1.58
52.167584518414046	1.58
61.76436986339326	1.58
64.51073724238367	1.58
43.16391666117326	1.58
57.53569393241812	1.58
54.55662968676199	1.58
64.51073724238367	1.58
43.16391666117326	1.58
54.99195392560263	1.58
54.55662968676199	1.58
66.50507008827498	1.58
45.99999668532725	1.58
59.93790025745753	1.58
52.15975492600243	1.58
66.50507008827498	1.58
45.99999668532725	1.58
64.04669840768746	1.58
49.16249042635478	1.58
66.50507008827498	1.58
45.99999668532725	1.58
67.37126760595439	1.58
49.16249042635478	1.58
64.16224923392728	1.58
45.88160332254149	1.58
67.37126760595439	1.58
50.43494455110714	1.58
71.91075027146339	1.58
44.56509754712711	1.58
67.36354205668306	1.58
50.43494455110714	1.58
91.08422457164122	1.58
45.20502047882533	1.58
67.36354205668306	1.58
56.98356817236272	1.58
91.08422457164122	1.58
47.72101709389261	1.58
67.36354205668306	1.58
56.98356817236272	1.58
85.31237393805009	1.58
50.98440195811334	1.58
67.36354205668306	1.58
59.51265690358366	1.58
77.38618898529387	1.58
50.98440195811334	1.58
67.36354205668306	1.58
59.51265690358366	1.58
84.186037999216	1.58
43.67708256780891	1.58
67.68159705797777	1.58
59.51265690358366	1.58
96.53685661594773	1.58
41.394628298537896	1.58
67.68159705797777	1.58
60.40451538037791	1.58
101.56312981773776	1.58
46.83125379456253	1.58
67.68159705797777	1.58
49.22412253136456	1.58
79.62799822806043	1.58
52.163212897985424	1.58
68.35848518658312	1.58
53.41325109430862	1.58
89.19605223355583	1.58
51.52601345211809	1.58
66.05944486058834	1.58
53.41325109430862	1.58
74.81574363690243	1.58
52.14484937782496	1.58
67.83827164674021	1.58
53.52183362380103	1.58
74.26582885539281	1.58
52.14484937782496	1.58
67.7628022917261	1.58
53.35016587429499	1.58
80.17478325607962	1.58
51.530173798533745	1.58
63.58362866964545	1.58
53.085660136000826	1.58
72.41443753165436	1.58
51.530173798533745	1.58
63.58362866964545	1.58
52.97419703351447	1.58
71.15881433176544	1.58
55.79153452023879	1.58
62.370350704876145	1.58
53.33079680236459	1.58
85.79406039258832	1.58
55.48489094305691	1.58
66.1974185606158	1.58
53.33079680236459	1.58
104.03118899749589	1.58
48.279318256714696	1.58
64.0594827791137	1.58
56.115668577628554	1.58
93.50864026976485	1.58
51.06222267816993	1.58
50.402487845357015	1.58
65.64685198931599	1.58
91.37230571275428	1.58
50.971087723195176	1.58
50.402487845357015	1.58
67.05977503062005	1.58
86.71036274098762	1.58
57.73324330981661	1.58
53.267924533647694	1.58
67.05977503062005	1.58
82.49173763527413	1.58
58.09315705568601	1.58
54.71796946122881	1.58
63.55548582544054	1.58
98.66255990983952	1.58
59.568268511065845	1.58
56.55591836855404	1.58
61.609643871684305	1.58
87.92072742642212	1.58
57.92600905756085	1.58
56.55591836855404	1.58
67.05102225540583	1.58
87.92072742642212	1.58
57.54174270719104	1.58
56.07538567299471	1.58
67.05102225540583	1.58
87.92072742642212	1.58
54.14437823655261	1.58
54.542167893247544	1.58
63.16905880102877	1.58
87.92072742642212	1.58
54.16781753624072	1.58
54.542167893247544	1.58
63.283161496567885	1.58
95.41444482681723	1.58
54.16781753624072	1.58
54.542167893247544	1.58
63.283161496567885	1.58
95.41444482681723	1.58
54.27534153343176	1.58
54.670032322436086	1.58
51.77304167650152	1.58
95.41444482681723	1.58
56.57807292316482	1.58
54.670032322436086	1.58
51.77304167650152	1.58
95.41444482681723	1.58
56.65145201380386	1.58
54.670032322436086	1.58
51.77304167650152	1.58
95.41444482681723	1.58
58.24819250073902	1.58
54.670032322436086	1.58
51.34985282774861	1.58
95.41444482681723	1.58
60.012080399693886	1.58
55.96879936603717	1.58
45.82822423266105	1.58
95.41444482681723	1.58
58.92691059449331	1.58
55.56832922084701	1.58
46.23674349125882	1.58
93.47652902285591	1.58
58.30043532673123	1.58
55.81969956750705	1.58
46.23674349125882	1.58
96.69016965408571	1.58
63.060112383169496	1.58
45.43870871017309	1.58
46.7478393893841	1.58
81.69030663916838	1.58
63.060112383169496	1.58
45.43870871017309	1.58
51.93236783776401	1.58
93.85286702932672	1.58
63.060112383169496	1.58
47.831336784309634	1.58
67.80450241340692	1.58
83.76918620767344	1.58
64.67922778752764	1.58
47.831336784309634	1.58
67.74571544442368	1.58
87.64333087723234	1.58
64.12438635037859	1.58
47.831336784309634	1.58
66.28927353254156	1.58
87.64333087723234	1.58
64.12438635037859	1.58
47.831336784309634	1.58
66.45763855639149	1.58
86.8438809376063	1.58
64.12438635037859	1.58
47.831336784309634	1.58
65.63816879719556	1.58
86.8438809376063	1.58
64.46636190120307	1.58
47.831336784309634	1.58
65.63816879719556	1.58
90.38973686742726	1.58
64.46636190120307	1.58
47.831336784309634	1.58
65.27190691389337	1.58
90.38973686742726	1.58
63.90616029444433	1.58
42.87652463794909	1.58
65.27190691389337	1.58
80.62756429073988	1.58
63.90616029444433	1.58
53.033153868729	1.58
60.545684720265285	1.58
80.62756429073988	1.58
63.10140523191874	1.58
55.75412417091897	1.58
60.166516372066305	1.58
79.1225853530279	1.58
64.73972098438044	1.58
59.3827655893843	1.58
56.295301693880766	1.58
69.39095700256343	1.58
63.238713439193354	1.58
61.73741237562757	1.58
50.11660765830956	1.58
69.39095700256343	1.58
60.991454905443646	1.58
56.34473897927671	1.58
50.11660765830956	1.58
69.39095700256343	1.58
62.58753527718929	1.58
61.127474440637556	1.58
50.76290162763334	1.58
67.70020584596568	1.58
62.58753527718929	1.58
63.76745732250704	1.58
50.76290162763334	1.58
67.70020584596568	1.58
62.43600562126693	1.58
64.33349673638111	1.58
50.76290162763334	1.58
66.89510885535609	1.58
60.85808250746938	1.58
66.00348218719161	1.58
50.72407738943667	1.58
62.36188489949743	1.58
56.22072756928668	1.58
68.1636856945521	1.58
50.72407738943667	1.58
57.210544677704725	1.58
56.22072756928668	1.58
66.31283552913104	1.58
47.11201983974794	1.58
59.739348257833036	1.58
57.15207885997448	1.58
66.31283552913104	1.58
47.11201983974794	1.58
61.9441808087795	1.58
57.15207885997448	1.58
67.93240017515907	1.58
47.11201983974794	1.58
59.60869208843774	1.58
60.9278277001912	1.58
67.93240017515907	1.58
49.85033316942554	1.58
66.00531825170674	1.58
64.77709188260096	1.58
68.17151029495513	1.58
56.87645992646007	1.58
66.18852708119638	1.58
65.72810043996775	1.58
68.01792187027486	1.58
55.65127776716943	1.58
63.240185950757215	1.58
65.72810043996775	1.58
67.64146056914885	1.58
52.74635040383654	1.58
62.85157173798349	1.58
76.14433238451376	1.58
63.45371675047926	1.58
48.01058959095965	1.58
62.85157173798349	1.58
63.42553878742284	1.58
63.46213430635641	1.58
48.01058959095965	1.58
62.253079794578966	1.58
63.42553878742284	1.58
63.45734702760297	1.58
45.72449482428419	1.58
61.55048547934204	1.58
63.396642577356815	1.58
63.61694629483402	1.58
47.929383858198634	1.58
61.145579207386405	1.58
63.39532247703548	1.58
62.72206466451213	1.58
47.929383858198634	1.58
61.424934159179195	1.58
63.39532247703548	1.58
63.099726531257545	1.58
43.68462075942598	1.58
61.69095892598418	1.58
63.657480088197396	1.58
62.97063297236069	1.58
43.68462075942598	1.58
62.4122054713702	1.58
63.657480088197396	1.58
63.08240810927534	1.58
45.59732012252934	1.58
62.4122054713702	1.58
63.98443549769802	1.58
63.3382058472939	1.58
45.59732012252934	1.58
54.767812341203516	1.58
63.78115641308422	1.58
62.99426371686566	1.58
40.45618838330568	1.58
54.52648740745017	1.58
61.64908983702601	1.58
63.119406882508464	1.58
44.796068220132454	1.58
54.00634885367851	1.58
65.79272225630014	1.58
63.119406882508464	1.58
44.796068220132454	1.58
53.607829136449155	1.58
59.402762803369285	1.58
59.5374396139801	1.58
42.54029131046022	1.58
53.607829136449155	1.58
59.402762803369285	1.58
59.59199556491909	1.58
41.96687245241911	1.58
62.546811054475555	1.58
59.402762803369285	1.58
59.62411769286935	1.58
42.581241348346964	1.58
62.75086000222729	1.58
59.402762803369285	1.58
59.62279010734239	1.58
42.581241348346964	1.58
64.53438072394485	1.58
64.35754544874654	1.58
59.20938028472969	1.58
42.581241348346964	1.58
68.02455642450317	1.58
63.35693938887459	1.58
60.29490304545584	1.58
51.605129291205536	1.58
68.02455642450317	1.58
63.35693938887459	1.58
60.29490304545584	1.58
51.605129291205536	1.58
68.02455642450317	1.58
65.40661271852093	1.58
62.23330144647827	1.58
51.605129291205536	1.58
66.9905193763917	1.58
65.5028314747194	1.58
57.97974535631567	1.58
51.605129291205536	1.58
66.9905193763917	1.58
67.26755082567477	1.58
55.80278536438141	1.58
51.605129291205536	1.58
66.9905193763917	1.58
64.7203859165726	1.58
48.45922443934329	1.58
47.026478697106654	1.58
66.9905193763917	1.58
64.7203859165726	1.58
48.45922443934329	1.58
47.026478697106654	1.58
66.9905193763917	1.58
64.7203859165726	1.58
48.45922443934329	1.58
47.026478697106654	1.58
66.9905193763917	1.58
58.704293952263434	1.58
48.45922443934329	1.58
47.026478697106654	1.58
66.9905193763917	1.58
58.704293952263434	1.58
48.45922443934329	1.58
53.44187277218963	1.58
63.302816364085565	1.58
60.199982608839676	1.58
54.2013425439482	1.58
47.39168747034699	1.58
63.302816364085565	1.58
64.73455562904604	1.58
54.2013425439482	1.58
51.70104861308243	1.58
67.97349029462148	1.58
60.37345225941329	1.58
43.15185180875689	1.58
43.799535836191716	1.58
67.40675497250334	1.58
60.37345225941329	1.58
42.65837428227083	1.58
49.32283323654191	1.58
68.06174615755793	1.58
60.60004241973825	1.58
42.65837428227083	1.58
55.404689223174806	1.58
68.06174615755793	1.58
58.947619546358666	1.58
42.65837428227083	1.58
55.404689223174806	1.58
62.44820031864391	1.58
52.87709623009718	1.58
42.65837428227083	1.58
57.7970916708351	1.58
60.19855993398826	1.58
48.59343026213494	1.58
42.65837428227083	1.58
56.31314011889208	1.58
60.19855993398826	1.58
48.59343026213494	1.58
42.801132603775514	1.58
53.05817579793322	1.58
62.80025469873587	1.58
54.27385310823769	1.58
51.942244018050786	1.58
52.47633746987189	1.58
63.22165812878495	1.58
56.459300911381696	1.58
53.935111235740244	1.58
52.62827674306423	1.58
59.690531226063186	1.58
56.459300911381696	1.58
54.68128310380867	1.58
51.322820747241465	1.58
59.690531226063186	1.58
56.79821981330103	1.58
52.84699347774978	1.58
46.08955671240792	1.58
57.73821926493303	1.58
57.13496509534907	1.58
53.2913372427404	1.58
46.08955671240792	1.58
60.74810375623339	1.58
56.819170641401506	1.58
52.7825449207045	1.58
46.204412818170596	1.58
60.74810375623339	1.58
55.954110917811605	1.58
53.689734693305596	1.58
46.25045655423614	1.58
67.31379970655698	1.58
59.64402045391765	1.58
54.5554766902855	1.58
47.057278403181414	1.58
67.31379970655698	1.58
54.9918668201392	1.58
54.5554766902855	1.58
47.057278403181414	1.58
61.804190064906535	1.58
60.81993282824088	1.58
54.5554766902855	1.58
47.057278403181414	1.58
61.804190064906535	1.58
66.1915381527213	1.58
56.43721307561454	1.58
47.057278403181414	1.58
64.65835474706438	1.58
68.43761330424823	1.58
56.43721307561454	1.58
46.49472643993521	1.58
64.65835474706438	1.58
60.28101550850768	1.58
57.44108382454159	1.58
45.90678829335727	1.58
64.65835474706438	1.58
60.15920274244421	1.58
57.44108382454159	1.58
54.10772826951463	1.58
61.57944274339026	1.58
64.93789167972963	1.58
57.11155700859668	1.58
53.12343303328353	1.58
59.92535880422144	1.58
62.92971081839414	1.58
57.11155700859668	1.58
55.013035364735416	1.58
61.57292948338478	1.58
65.31763228185052	1.58
59.34207269405957	1.58
53.517234285579676	1.58
63.74845940230939	1.58
65.31763228185052	1.58
57.854619921135864	1.58
53.517234285579676	1.58
63.74845940230939	1.58
65.31763228185052	1.58
56.51173540424497	1.58
54.34602156047832	1.58
63.74845940230939	1.58
65.31763228185052	1.58
56.03290234032411	1.58
52.879320018420295	1.58
61.557381078982466	1.58
65.31763228185052	1.58
51.65261497400636	1.58
52.92936478942448	1.58
61.557381078982466	1.58
64.56509535786641	1.58
52.70395762587491	1.58
52.92936478942448	1.58
61.557381078982466	1.58
64.56509535786641	1.58
51.469588293001664	1.58
44.118731214865676	1.58
67.60751985293736	1.58
64.56509535786641	1.58
51.469588293001664	1.58
51.20196561037865	1.58
67.60751985293736	1.58
64.56509535786641	1.58
51.469588293001664	1.58
56.9006151569402	1.58
67.60751985293736	1.58
64.56509535786641	1.58
51.53847189031522	1.58
56.9006151569402	1.58
66.13971774472517	1.58
64.56509535786641	1.58
52.70663714388815	1.58
51.78153549832647	1.58
62.12643025506729	1.58
62.522194587334724	1.58
52.70663714388815	1.58
46.25889604990958	1.58
62.12643025506729	1.58
62.522194587334724	1.58
49.66736944550023	1.58
46.25889604990958	1.58
59.22253472152529	1.58
66.21668514450842	1.58
50.34617167200935	1.58
51.703587541566144	1.58
58.029788255257216	1.58
64.58329971931296	1.58
48.13568748923088	1.58
55.36747785468809	1.58
59.72416079193855	1.58
63.777483502542836	1.58
48.13568748923088	1.58
53.818315298983286	1.58
59.72416079193855	1.58
63.777483502542836	1.58
48.13568748923088	1.58
54.51696064647733	1.58
59.770069067689256	1.58
62.013673243611706	1.58
48.13568748923088	1.58
53.59694055890246	1.58
60.28906210278079	1.58
64.01678644653266	1.58
48.13568748923088	1.58
47.6421946015907	1.58
62.05831715728533	1.58
64.01678644653266	1.58
48.13568748923088	1.58
47.6421946015907	1.58
58.60600754389986	1.58
64.01678644653266	1.58
49.49134324390859	1.58
47.6421946015907	1.58
60.91197489508576	1.58
59.021930523987706	1.58
49.49134324390859	1.58
47.6421946015907	1.58
60.91197489508576	1.58
59.021930523987706	1.58
50.726711753333106	1.58
47.6421946015907	1.58
59.29144364709482	1.58
61.67950604482091	1.58
50.726711753333106	1.58
52.550404926059755	1.58
60.287709994854126	1.58
67.02827385011152	1.58
55.29954885164273	1.58
47.874568184912555	1.58
60.287709994854126	1.58
68.40371806188708	1.58
57.41129468051725	1.58
47.61552984713677	1.58
61.64540852014454	1.58
66.06970582616692	1.58
57.41129468051725	1.58
52.095416267907304	1.58
65.75271733670643	1.58
64.56732694881447	1.58
54.41329145681014	1.58
52.095416267907304	1.58
65.75271733670643	1.58
64.56732694881447	1.58
59.47525652146037	1.58
52.095416267907304	1.58
65.75271733670643	1.58
67.04864410892033	1.58
59.47525652146037	1.58
50.83125160856767	1.58
67.75619823845638	1.58
67.04864410892033	1.58
57.1981807632216	1.58
47.46403894820337	1.58
67.75619823845638	1.58
67.3280125047338	1.58
59.14909183361075	1.58
43.69276092757872	1.58
67.75619823845638	1.58
64.08698875919553	1.58
56.165402562920086	1.58
51.87293608604239	1.58
62.17422673734869	1.58
64.08698875919553	1.58
51.70480317753061	1.58
51.87293608604239	1.58
62.66367988483152	1.58
61.689914434668886	1.58
47.33460572560335	1.58
54.52058633672541	1.58
66.8179485458705	1.58
61.689914434668886	1.58
53.399156112949335	1.58
54.52058633672541	1.58
65.91456603244757	1.58
64.94058068515542	1.58
46.41586469146276	1.58
58.150307198649635	1.58
65.91456603244757	1.58
65.11734796842995	1.58
53.61601407413681	1.58
51.43180028159672	1.58
65.91456603244757	1.58
62.23638514329529	1.58
54.40602513445209	1.58
48.778534297034	1.58
65.91456603244757	1.58
62.23638514329529	1.58
59.77719288408327	1.58
48.778534297034	1.58
60.90451628275461	1.58
64.3074600616859	1.58
59.835459055748856	1.58
49.191167578442204	1.58
61.28896489078832	1.58
63.04301839935962	1.58
59.003806010600925	1.58
51.726537567905496	1.58
66.60764704652551	1.58
62.04278006784831	1.58
58.74754043180272	1.58
51.726537567905496	1.58
67.68546112851459	1.58
61.02756167056215	1.58
57.89712674412197	1.58
57.53795685139137	1.58
65.43728062057009	1.58
62.2273438209516	1.58
57.89712674412197	1.58
55.294360876668115	1.58
65.43728062057009	1.58
65.57588118121207	1.58
53.45552959309299	1.58
47.26816144704397	1.58
67.27178640786639	1.58
61.04603229989711	1.58
53.45552959309299	1.58
54.10343115388774	1.58
62.65312035276396	1.58
64.95717071207467	1.58
49.21144171514143	1.58
50.55282442822766	1.58
57.51569718596286	1.58
64.95717071207467	1.58
48.153221341670786	1.58
48.92882688552909	1.58
58.766642446571936	1.58
64.95717071207467	1.58
48.153221341670786	1.58
48.92882688552909	1.58
58.766642446571936	1.58
64.61812882284603	1.58
48.153221341670786	1.58
52.81308070865233	1.58
68.5440801202569	1.58
64.61812882284603	1.58
48.153221341670786	1.58
57.621065600044346	1.58
63.54925645681377	1.58
64.61812882284603	1.58
53.60273614404784	1.58
51.595599661697555	1.58
66.30919022241925	1.58
64.07449086135092	1.58
53.24421224378926	1.58
56.78532036038831	1.58
66.30919022241925	1.58
66.27168658455105	1.58
47.946052247054695	1.58
55.28258762977943	1.58
65.00262090831126	1.58
66.27168658455105	1.58
47.946052247054695	1.58
50.94818252891977	1.58
62.56918185817656	1.58
64.98477848821587	1.58
53.989186973612476	1.58
51.35258258549157	1.58
62.56918185817656	1.58
64.98477848821587	1.58
43.38817381447515	1.58
51.67306254557138	1.58
60.280011280312216	1.58
64.98477848821587	1.58
43.38817381447515	1.58
51.67306254557138	1.58
64.55460960038715	1.58
64.98477848821587	1.58
43.38817381447515	1.58
51.67306254557138	1.58
64.55460960038715	1.58
63.77998030904829	1.58
43.38817381447515	1.58
52.66159175719032	1.58
61.71322200074267	1.58
63.77998030904829	1.58
43.38817381447515	1.58
54.94960841630043	1.58
66.5692486310071	1.58
63.77998030904829	1.58
43.38817381447515	1.58
50.31480543629366	1.58
62.9357636310853	1.58
54.68432199939625	1.58
42.87278349651103	1.58
50.741734130146305	1.58
62.9357636310853	1.58
60.940750787777915	1.58
47.3277768043317	1.58
50.741734130146305	1.58
58.65754831136601	1.58
60.12725167673469	1.58
49.55922903516339	1.58
52.945736299741654	1.58
59.60491119451274	1.58
57.93575104576715	1.58
45.379810189307825	1.58
53.223829041882595	1.58
58.505910436957805	1.58
59.699502358432746	1.58
45.379810189307825	1.58
49.351000827993815	1.58
65.79710122579786	1.58
59.699502358432746	1.58
48.016009517217796	1.58
52.265146423443966	1.58
58.17486648654253	1.58
57.05407914748145	1.58
50.37607272761188	1.58
52.265146423443966	1.58
63.11540428007919	1.58
57.05407914748145	1.58
52.30113726264584	1.58
53.79719381354128	1.58
62.39504696857456	1.58
56.77505463257363	1.58
48.55463998942558	1.58
54.724648233207205	1.58
64.6778353874787	1.58
56.77505463257363	1.58
43.85314391477284	1.58
53.29057691018404	1.58
64.6778353874787	1.58
60.629000082670515	1.58
43.85314391477284	1.58
49.620878185694494	1.58
62.83415004815187	1.58
60.614236432001235	1.58
51.139381175252694	1.58
48.059396038218395	1.58
62.83415004815187	1.58
56.738119318593014	1.58
49.96291437974101	1.58
48.059396038218395	1.58
62.83415004815187	1.58
56.853178256603584	1.58
49.96291437974101	1.58
46.05701255984662	1.58
55.865449189115225	1.58
63.04203158290959	1.58
49.96291437974101	1.58
38.95401337628523	1.58
56.820446960183915	1.58
63.04203158290959	1.58
49.96291437974101	1.58
38.95401337628523	1.58
56.820446960183915	1.58
63.04203158290959	1.58
56.35966407193987	1.58
50.45638270307723	1.58
62.26036991629278	1.58
64.78067168473713	1.58
55.24622506772408	1.58
50.45638270307723	1.58
63.2769088529894	1.58
60.438809865510734	1.58
53.47016504707619	1.58
50.45638270307723	1.58
58.949227236412874	1.58
59.681869415909276	1.58
51.358361340595096	1.58
50.45638270307723	1.58
60.876064881657285	1.58
56.41063711665	1.58
51.358361340595096	1.58
50.45638270307723	1.58
62.43280407735735	1.58
60.404771093015114	1.58
56.24475239426697	1.58
50.45638270307723	1.58
62.459750110692795	1.58
60.404771093015114	1.58
50.28465342721272	1.58
52.05686560020305	1.58
65.6014909758751	1.58
63.573380926927555	1.58
50.28465342721272	1.58
52.05686560020305	1.58
65.6014909758751	1.58
63.573380926927555	1.58
53.751459910424245	1.58
56.642318245585344	1.58
61.00817993105765	1.58
63.00062298081633	1.58
54.89804285736273	1.58
58.25495961978469	1.58
61.00817993105765	1.58
63.00062298081633	1.58
48.94990948350229	1.58
56.241592544234024	1.58
62.29384246200868	1.58
62.91965190697047	1.58
51.17295304680549	1.58
53.02333419148243	1.58
67.34166850036857	1.58
66.1376668005524	1.58
51.17295304680549	1.58
58.992657134591624	1.58
67.34166850036857	1.58
66.1376668005524	1.58
55.382129420815716	1.58
53.46047036759728	1.58
66.93644790706503	1.58
66.1376668005524	1.58
55.382129420815716	1.58
53.46047036759728	1.58
66.93644790706503	1.58
66.1376668005524	1.58
60.88765968224999	1.58
54.37700555830686	1.58
66.93644790706503	1.58
66.1376668005524	1.58
60.88765968224999	1.58
51.006796274738505	1.58
66.21743607270602	1.58
63.65126792624488	1.58
58.142510249598885	1.58
51.006796274738505	1.58
66.21743607270602	1.58
63.888577471885725	1.58
58.2260475248881	1.58
51.006796274738505	1.58
66.40928547221793	1.58
63.888577471885725	1.58
57.838326994816846	1.58
47.727737560386316	1.58
66.40928547221793	1.58
63.888577471885725	1.58
58.11785335213015	1.58
47.727737560386316	1.58
66.40928547221793	1.58
67.71730098970289	1.58
56.42861303121552	1.58
51.39110404499672	1.58
65.46316385071044	1.58
61.14152957332949	1.58
59.868635048100685	1.58
50.80415639599418	1.58
65.46316385071044	1.58
61.906539085074684	1.58
59.118141526610195	1.58
55.165019669883826	1.58
65.32954055388143	1.58
62.489420561161054	1.58
53.75350491104917	1.58
57.87044031705444	1.58
65.32954055388143	1.58
61.46746690763607	1.58
53.31281913218635	1.58
58.79580385103243	1.58
65.32954055388143	1.58
64.05037329367035	1.58
53.31281913218635	1.58
55.96243673826436	1.58
65.32954055388143	1.58
64.05037329367035	1.58
54.220181492612674	1.58
48.133584404386845	1.58
65.04388548692609	1.58
64.05037329367035	1.58
50.10562799632239	1.58
48.133584404386845	1.58
65.04388548692609	1.58
62.713676122622516	1.58
50.93285305525608	1.58
52.609609018584855	1.58
66.9548730121022	1.58
59.71885838980141	1.58
50.03789852127421	1.58
47.79735566399382	1.58
60.094175359410954	1.58
63.825128110600396	1.58
45.51160484018034	1.58
47.79735566399382	1.58
59.89200518115696	1.58
63.825128110600396	1.58
36.495318597210456	1.58
47.99938521122354	1.58
56.19744070631085	1.58
64.16899318874881	1.58
46.25392930927011	1.58
52.99201357588848	1.58
56.14242676476315	1.58
61.981777938745324	1.58
46.25392930927011	1.58
55.299531640768436	1.58
56.14242676476315	1.58
66.76473080063462	1.58
46.25392930927011	1.58
55.299531640768436	1.58
56.50412842589093	1.58
67.94626276597288	1.58
47.78263447690023	1.58
55.299531640768436	1.58
53.93412690965691	1.58
67.94626276597288	1.58
56.472664874665234	1.58
55.052259722972764	1.58
54.498261336274965	1.58
68.91708356438845	1.58
58.35390791282806	1.58
59.469366407341745	1.58
55.602667257251774	1.58
68.99423753166353	1.58
58.35390791282806	1.58
63.72387558059635	1.58
55.602667257251774	1.58
68.99423753166353	1.58
58.35390791282806	1.58
63.72387558059635	1.58
55.33256455712218	1.58
66.99424737223065	1.58
58.35390791282806	1.58
61.360809462406806	1.58
56.15913490910183	1.58
67.18108739192336	1.58
54.84860095525473	1.58
60.12352765721008	1.58
53.99991061140453	1.58
67.18108739192336	1.58
60.87469473266763	1.58
61.71274454344365	1.58
53.56394403738171	1.58
67.18108739192336	1.58
65.49097811170374	1.58
62.139006391504395	1.58
57.658692634133885	1.58
65.20416628114151	1.58
65.64474019303307	1.58
63.7623429733319	1.58
57.94693367251988	1.58
65.09725361433435	1.58
65.64474019303307	1.58
62.63816161427007	1.58
60.13007565178512	1.58
64.97215465312576	1.58
65.64474019303307	1.58
64.81966972566464	1.58
62.12389196286082	1.58
64.85086744666197	1.58
65.43197001115284	1.58
66.48033170699301	1.58
61.16603952848446	1.58
64.42040523694878	1.58
65.43197001115284	1.58
64.87406111166761	1.58
60.73926319086653	1.58
64.22608859067013	1.58
66.5331964124345	1.58
68.59505161983307	1.58
53.95466011380129	1.58
62.850796306987505	1.58
66.5331964124345	1.58
68.59505161983307	1.58
53.95466011380129	1.58
61.925862814588356	1.58
66.5331964124345	1.58
68.59505161983307	1.58
53.29981341973512	1.58
60.95931550981214	1.58
61.34358503513056	1.58
68.59505161983307	1.58
58.71582339777235	1.58
61.07773864510815	1.58
61.18097558884939	1.58
65.33453856118322	1.58
61.84449734638219	1.58
61.09181535014692	1.58
61.19250237824685	1.58
67.4104439032126	1.58
61.87061287492044	1.58
60.9971075809233	1.58
61.333689753836985	1.58
67.61500768265934	1.58
58.23724374763056	1.58
61.23548828091156	1.58
61.395837406574415	1.58
64.75830430752684	1.58
60.54221714438754	1.58
60.26142059011858	1.58
62.28216796100061	1.58
64.75830430752684	1.58
59.905843840095265	1.58
59.69122181742656	1.58
63.500859175769975	1.58
64.42269705784888	1.58
59.905843840095265	1.58
59.8331295874279	1.58
64.77405887110045	1.58
68.29053708988192	1.58
58.11381089913907	1.58
62.16778913836103	1.58
64.77405887110045	1.58
68.58616705176675	1.58
55.66059502715309	1.58
62.16778913836103	1.58
64.29469746278436	1.58
68.51796362846805	1.58
53.01905532865628	1.58
61.046452794857835	1.58
64.29469746278436	1.58
68.51796362846805	1.58
48.207131452837984	1.58
58.06189088976795	1.58
64.29469746278436	1.58
68.51796362846805	1.58
48.207131452837984	1.58
59.09708741508638	1.58
59.03592569606745	1.58
64.95225655778984	1.58
52.375142286810565	1.58
59.13554856624598	1.58
57.371274164374164	1.58
64.95225655778984	1.58
52.96305117637324	1.58
59.54396712814046	1.58
57.350931598637054	1.58
63.23770826764775	1.58
54.87858959571071	1.58
58.72845169050717	1.58
57.9419151344922	1.58
63.23770826764775	1.58
55.1764612662823	1.58
56.498878610005406	1.58
59.00789163106093	1.58
60.098772147188775	1.58
52.355528984812175	1.58
55.25626444500598	1.58
59.00301050364183	1.58
63.063013162788494	1.58
51.31056488535274	1.58
54.23580690872275	1.58
63.716290031694456	1.58
63.363572355617556	1.58
55.93451110408194	1.58
56.31724047801096	1.58
63.93505741163887	1.58
59.69065896827486	1.58
57.56384185416981	1.58
54.134706534204085	1.58
67.09973048851066	1.58
61.022871895399895	1.58
55.77596100679662	1.58
54.134706534204085	1.58
62.922398723404626	1.58
60.7246858463156	1.58
51.93230539686736	1.58
54.88371844504384	1.58
64.16694250297967	1.58
60.7246858463156	1.58
51.93230539686736	1.58
51.18638302989629	1.58
64.16694250297967	1.58
57.01285309776628	1.58
51.7026171281432	1.58
44.82428519874347	1.58
63.725576559872344	1.58
62.740560628394775	1.58
51.7026171281432	1.58
44.82428519874347	1.58
63.725576559872344	1.58
59.25137330689793	1.58
51.7026171281432	1.58
46.673313584982246	1.58
58.214532685941066	1.58
60.82428123663748	1.58
51.7026171281432	1.58
48.453788386881875	1.58
60.64497609081046	1.58
62.274274412373074	1.58
42.610305978161115	1.58
48.453788386881875	1.58
66.96577343763471	1.58
56.312809374526694	1.58
42.610305978161115	1.58
50.71657547082492	1.58
66.96577343763471	1.58
58.84526441417964	1.58
49.92913095429801	1.58
52.70452155597488	1.58
66.96577343763471	1.58
61.99916336680732	1.58
53.087093847888625	1.58
47.1943547641079	1.58
66.96577343763471	1.58
57.333666570530326	1.58
52.35665911349767	1.58
45.27408920153704	1.58
66.96577343763471	1.58
61.15644197733051	1.58
55.954209107994444	1.58
45.27408920153704	1.58
60.2948778679146	1.58
63.58115086921203	1.58
52.56380901524633	1.58
45.27408920153704	1.58
68.12435111311044	1.58
63.47619541100923	1.58
52.14366357112371	1.58
52.5971407542939	1.58
64.01530935484688	1.58
63.47619541100923	1.58
52.14366357112371	1.58
52.5971407542939	1.58
63.361629932554216	1.58
63.47619541100923	1.58
52.14366357112371	1.58
52.5971407542939	1.58
63.361629932554216	1.58
59.492325250457334	1.58
54.29453865417422	1.58
55.73141774131054	1.58
64.67712356109362	1.58
60.934432728694446	1.58
55.43150637628848	1.58
52.1870512148534	1.58
64.67712356109362	1.58
66.61288427568923	1.58
55.956581825062926	1.58
52.1870512148534	1.58
64.67712356109362	1.58
66.61288427568923	1.58
55.956581825062926	1.58
52.375764281313025	1.58
63.40855307556825	1.58
65.20628415964751	1.58
55.956581825062926	1.58
55.71000521305181	1.58
62.72196222386126	1.58
66.0082820471595	1.58
57.58720728702208	1.58
52.35837717069006	1.58
66.18727707498805	1.58
61.80254001588295	1.58
51.89690061904601	1.58
52.35837717069006	1.58
66.18727707498805	1.58
62.80467928325786	1.58
43.8919316370872	1.58
51.86098035105975	1.58
66.18727707498805	1.58
62.80467928325786	1.58
46.2517234325758	1.58
52.317905683144794	1.58
66.18727707498805	1.58
59.97924032009216	1.58
54.69409722041866	1.58
52.317905683144794	1.58
66.18727707498805	1.58
63.39754103030501	1.58
53.93349340327773	1.58
51.99495357942162	1.58
64.25311522857243	1.58
64.01207438775066	1.58
45.406002241316784	1.58
55.32871161703591	1.58
67.30179175640194	1.58
66.6644009257236	1.58
45.406002241316784	1.58
55.87115041204032	1.58
62.26561007522099	1.58
66.6644009257236	1.58
41.7073685698323	1.58
50.65764348886692	1.58
62.26561007522099	1.58
64.13881067527531	1.58
41.5485007089451	1.58
50.65764348886692	1.58
62.26561007522099	1.58
65.67827917933526	1.58
41.5485007089451	1.58
55.510013246066066	1.58
68.83591387562666	1.58
63.272660265311764	1.58
47.508265404913935	1.58
54.37502224875382	1.58
68.83591387562666	1.58
64.65900689757069	1.58
47.508265404913935	1.58
53.17378208683096	1.58
68.83591387562666	1.58
64.65900689757069	1.58
47.508265404913935	1.58
47.202415905411996	1.58
68.61262162912257	1.58
66.08600911181625	1.58
54.525559116476124	1.58
51.173788424938905	1.58
68.61262162912257	1.58
64.04558309522584	1.58
51.61003210633511	1.58
59.7888838035503	1.58
68.61262162912257	1.58
66.51129864631969	1.58
53.81825938783586	1.58
59.108523530139365	1.58
65.64416865725114	1.58
66.99506013141934	1.58
52.88341815574897	1.58
59.62051193459383	1.58
63.811689686498106	1.58
66.99506013141934	1.58
49.47078288417084	1.58
61.400968838895835	1.58
62.85999376623088	1.58
66.27303093562212	1.58
55.371253481421824	1.58
61.5123699860585	1.58
62.85999376623088	1.58
68.25960180187673	1.58
45.37240097346383	1.58
56.28106908922251	1.58
62.85999376623088	1.58
62.00379879152288	1.58
41.36687362176319	1.58
54.485451545639975	1.58
62.85999376623088	1.58
52.12529961714364	1.58
41.36687362176319	1.58
54.506576550548715	1.58
62.85999376623088	1.58
53.230142392971885	1.58
41.36687362176319	1.58
54.9327469378598	1.58
59.52776491726672	1.58
59.851835819571114	1.58
41.36687362176319	1.58
56.87853171645175	1.58
52.512926015248695	1.58
68.0804320235234	1.58
41.36687362176319	1.58
60.95087396039685	1.58
55.085397450775545	1.58
65.24412595500947	1.58
41.36687362176319	1.58
62.9760873513988	1.58
55.085397450775545	1.58
65.7720367124057	1.58
41.36687362176319	1.58
62.9760873513988	1.58
47.4118592007409	1.58
65.7720367124057	1.58
49.48296624409264	1.58
65.06094748367977	1.58
47.4118592007409	1.58
65.7720367124057	1.58
49.48296624409264	1.58
64.99917829279032	1.58
51.66198834822611	1.58
61.76127814381183	1.58
50.085165892396546	1.58
64.99917829279032	1.58
51.21813734066049	1.58
59.18796963416515	1.58
50.085165892396546	1.58
62.4331780150558	1.58
51.49598141605263	1.58
59.59326061341005	1.58
50.085165892396546	1.58
62.4331780150558	1.58
51.49598141605263	1.58
65.03503124541689	1.58
49.15084912172069	1.58
63.48883038090986	1.58
51.80071677743119	1.58
65.03503124541689	1.58
49.00083707912199	1.58
63.48883038090986	1.58
46.66594108369415	1.58
65.03503124541689	1.58
49.00083707912199	1.58
62.48516934991315	1.58
46.52054447628608	1.58
65.97513451797403	1.58
47.998665364245596	1.58
63.34652199404971	1.58
46.356475222585615	1.58
65.9115492087877	1.58
48.53442311556454	1.58
63.61872680950995	1.58
52.40520446023026	1.58
66.51219181879802	1.58
48.53442311556454	1.58
64.68527717670507	1.58
52.40520446023026	1.58
66.9815275031665	1.58
50.32625541291638	1.58
64.68527717670507	1.58
48.25679557241466	1.58
67.9958644029185	1.58
50.32625541291638	1.58
64.05960911466711	1.58
47.76405641768242	1.58
68.39056222699566	1.58
49.245277679054595	1.58
62.95781072265553	1.58
49.9673914293933	1.58
68.39056222699566	1.58
49.21525298012035	1.58
62.95781072265553	1.58
49.63039037893893	1.58
67.09455691033635	1.58
49.245062776046325	1.58
61.586514802087386	1.58
49.63039037893893	1.58
61.49511988002964	1.58
49.245062776046325	1.58
65.27706386870658	1.58
49.63039037893893	1.58
59.09528885320434	1.58
49.245062776046325	1.58
67.72354409830692	1.58
52.425409853459065	1.58
64.38825287382306	1.58
50.47905223155519	1.58
67.72354409830692	1.58
52.94599609749021	1.58
64.38825287382306	1.58
51.13257209414465	1.58
67.72354409830692	1.58
52.94599609749021	1.58
61.91785668337216	1.58
51.13257209414465	1.58
67.72354409830692	1.58
52.94599609749021	1.58
66.5685282851376	1.58
51.51171889734965	1.58
67.72354409830692	1.58
48.98461759306129	1.58
63.96233773713603	1.58
53.60042986223843	1.58
66.1327129672347	1.58
42.984494700841196	1.58
64.83617264234745	1.58
53.60042986223843	1.58
66.25481015729143	1.58
35.033650595831446	1.58
64.98158838992829	1.58
53.60042986223843	1.58
66.25481015729143	1.58
49.17738543643847	1.58
60.87257444689758	1.58
52.143883904803474	1.58
66.29691815983139	1.58
49.17738543643847	1.58
55.81722594041303	1.58
51.82515199883271	1.58
66.29691815983139	1.58
48.46841424632141	1.58
55.81722594041303	1.58
53.31391464963778	1.58
66.29691815983139	1.58
54.523396066552955	1.58
57.116593271811	1.58
53.726707412478135	1.58
64.70609922553339	1.58
54.58377761302538	1.58
56.0015415450872	1.58
53.7526071074306	1.58
64.70609922553339	1.58
55.17993094107379	1.58
47.52597615555467	1.58
53.7526071074306	1.58
64.70609922553339	1.58
55.28238253977524	1.58
47.68068337441524	1.58
53.58458346801338	1.58
64.4810997865404	1.58
55.32561964591989	1.58
47.68068337441524	1.58
54.342602199580284	1.58
64.4810997865404	1.58
55.00791880901791	1.58
47.68068337441524	1.58
53.91499940597308	1.58
60.50272927343178	1.58
54.000203815442966	1.58
47.68068337441524	1.58
53.91997833380178	1.58
59.80007030948376	1.58
49.51271052557517	1.58
49.356724725695	1.58
55.67409190337813	1.58
58.73585072534035	1.58
50.027934447525226	1.58
46.26537084354284	1.58
62.78932484581365	1.58
67.04903715643955	1.58
55.02808650316184	1.58
46.26537084354284	1.58
59.834010777429754	1.58
67.71005728662774	1.58
50.26605887285484	1.58
49.48430671461411	1.58
59.834010777429754	1.58
63.876355634220786	1.58
56.86662315916759	1.58
42.21917167342791	1.58
58.389183321292855	1.58
65.69600348054144	1.58
55.35654865052211	1.58
42.21917167342791	1.58
57.655527129656946	1.58
65.69600348054144	1.58
55.881826226659626	1.58
48.814928319953786	1.58
54.99713991107124	1.58
62.26221960089603	1.58
52.89630303015468	1.58
48.83076524915806	1.58
53.44620932722824	1.58
62.688429042828076	1.58
52.89630303015468	1.58
48.98809644449207	1.58
53.61387444808805	1.58
58.344291652249396	1.58
52.198084871614334	1.58
49.647981878078	1.58
56.35787630081813	1.58
58.6353605115357	1.58
50.59447424470413	1.58
48.45072275067901	1.58
53.78947956652224	1.58
55.391914977583305	1.58
52.68044916677973	1.58
45.73323680218222	1.58
53.603275550556376	1.58
56.470338012619585	1.58
53.54515424605485	1.58
45.73323680218222	1.58
53.603275550556376	1.58
61.06843771270043	1.58
51.86344829882425	1.58
47.919110950995154	1.58
54.73233921063624	1.58
63.943127316802745	1.58
53.10552151208246	1.58
51.27868131599895	1.58
54.1205832287843	1.58
63.943127316802745	1.58
57.90957358015112	1.58
49.97640657518623	1.58
54.1205832287843	1.58
67.95449529460737	1.58
56.55266814126306	1.58
47.2892273278289	1.58
58.82244503925247	1.58
67.95449529460737	1.58
62.159777470481586	1.58
56.63609505598792	1.58
56.46865096880835	1.58
67.95449529460737	1.58
61.305719318075894	1.58
56.59058577481957	1.58
56.52101615714695	1.58
67.95449529460737	1.58
56.78980204880516	1.58
55.771483754491186	1.58
56.28764309847933	1.58
67.95449529460737	1.58
56.91639547940208	1.58
55.62691242745532	1.58
56.39078436500738	1.58
67.95449529460737	1.58
58.65529307201687	1.58
48.53786463299408	1.58
54.946287416252645	1.58
67.41247679999506	1.58
61.18916980878521	1.58
50.792014962239996	1.58
55.79001359264739	1.58
67.41247679999506	1.58
58.43530845459163	1.58
50.792014962239996	1.58
53.93902286369587	1.58
67.41247679999506	1.58
61.67565728105683	1.58
49.80730722865923	1.58
53.93902286369587	1.58
68.85581392478335	1.58
58.509152955500504	1.58
49.80730722865923	1.58
54.42154388873015	1.58
68.85581392478335	1.58
59.368335914598525	1.58
49.80730722865923	1.58
58.64694657139078	1.58
66.18755606760868	1.58
57.966812082288	1.58
44.526666637520876	1.58
58.54385174132376	1.58
66.18755606760868	1.58
52.15340843702978	1.58
44.526666637520876	1.58
60.270402610732624	1.58
64.40168115035355	1.58
52.15340843702978	1.58
51.71037650495462	1.58
65.83508640205238	1.58
59.932336565958096	1.58
52.15340843702978	1.58
52.10957138942785	1.58
65.18514653769742	1.58
59.932336565958096	1.58
52.15340843702978	1.58
53.84043101300754	1.58
65.18514653769742	1.58
61.639322082701874	1.58
56.163774073604934	1.58
47.413134904957914	1.58
65.18514653769742	1.58
61.639322082701874	1.58
56.323681810950035	1.58
47.413134904957914	1.58
67.89976705596469	1.58
61.639322082701874	1.58
56.40077153660674	1.58
47.413134904957914	1.58
61.45026716951253	1.58
61.639322082701874	1.58
55.35270697392978	1.58
47.413134904957914	1.58
62.11659576952495	1.58
61.639322082701874	1.58
55.35270697392978	1.58
47.413134904957914	1.58
64.18437002339412	1.58
61.639322082701874	1.58
53.01784866175903	1.58
52.30026319581727	1.58
62.09759221963918	1.58
57.463092675338515	1.58
53.01784866175903	1.58
53.20698047495183	1.58
59.92792379261201	1.58
60.302607345101336	1.58
52.383689700921224	1.58
53.55912343544188	1.58
64.91654979240944	1.58
57.42275017748946	1.58
51.96788077808253	1.58
50.059551203127356	1.58
62.626790322072566	1.58
59.692364948201885	1.58
51.96788077808253	1.58
46.04159821898682	1.58
62.626790322072566	1.58
60.34779318846401	1.58
49.98822579888623	1.58
46.04159821898682	1.58
62.626790322072566	1.58
57.7304839775064	1.58
49.98822579888623	1.58
46.04159821898682	1.58
68.5335246378993	1.58
61.29652491122084	1.58
49.98822579888623	1.58
40.67272727865905	1.58
62.487709448375654	1.58
61.29652491122084	1.58
53.82445878844106	1.58
40.67272727865905	1.58
64.91971647966793	1.58
57.903899558096434	1.58
52.84033270077858	1.58
40.67272727865905	1.58
64.91971647966793	1.58
58.79837463694865	1.58
51.017329998507016	1.58
43.49734386413172	1.58
64.91971647966793	1.58
56.31145817166261	1.58
47.52527933101189	1.58
43.49734386413172	1.58
64.91971647966793	1.58
56.31145817166261	1.58
47.52527933101189	1.58
45.291469246539386	1.58
64.91971647966793	1.58
61.58172312193195	1.58
53.118923668922505	1.58
45.291469246539386	1.58
64.91971647966793	1.58
61.58172312193195	1.58
52.54271358267217	1.58
41.73576201756485	1.58
64.91971647966793	1.58
65.26814052718454	1.58
51.536571919626425	1.58
41.73576201756485	1.58
63.01904340125893	1.58
65.26814052718454	1.58
51.536571919626425	1.58
47.80811062251713	1.58
61.52979420212364	1.58
60.961143389227956	1.58
51.536571919626425	1.58
49.208791817278076	1.58
61.52979420212364	1.58
65.66058911481302	1.58
58.01562019798629	1.58
49.208791817278076	1.58
61.52979420212364	1.58
66.50001912577623	1.58
52.45522056855282	1.58
49.208791817278076	1.58
59.89423182994673	1.58
66.50001912577623	1.58
52.00077264640642	1.58
49.65778333298699	1.58
58.208761614447795	1.58
66.50001912577623	1.58
51.63906289408012	1.58
49.65778333298699	1.58
59.89946591854051	1.58
61.58412808232956	1.58
51.63906289408012	1.58
49.65778333298699	1.58
62.84758812721962	1.58
56.92092167774097	1.58
51.975832275141805	1.58
53.972511709522706	1.58
62.84758812721962	1.58
56.92092167774097	1.58
51.2805016276116	1.58
55.428105758415356	1.58
62.84758812721962	1.58
57.283614925606784	1.58
53.113152971326016	1.58
57.97726907328485	1.58
62.84758812721962	1.58
55.634192267924604	1.58
45.35135223934033	1.58
58.28465256983172	1.58
62.84758812721962	1.58
55.634192267924604	1.58
45.073301378135604	1.58
60.24930007197345	1.58
61.99368233245999	1.58
55.634192267924604	1.58
45.073301378135604	1.58
63.67419403556684	1.58
61.86583473116121	1.58
57.9942229117112	1.58
51.06858487027294	1.58
64.29841868466491	1.58
62.43096840472357	1.58
57.88880090854547	1.58
51.06858487027294	1.58
64.47125380463517	1.58
62.61836514212115	1.58
57.88880090854547	1.58
49.03548112963125	1.58
63.222137853122206	1.58
62.74377766132656	1.58
54.82284861957448	1.58
47.062582702070664	1.58
63.26559644676712	1.58
62.74377766132656	1.58
52.22070228402897	1.58
47.55168074673112	1.58
63.707403877718356	1.58
55.85225334186664	1.58
52.22070228402897	1.58
45.951358786601965	1.58
63.15875154934032	1.58
55.85225334186664	1.58
54.84582224533186	1.58
43.47232260997353	1.58
60.86697157798891	1.58
50.91384501514146	1.58
53.20105730121967	1.58
44.87473690705949	1.58
64.91160610216025	1.58
53.01192118159304	1.58
54.485257667789625	1.58
44.504896360237225	1.58
64.91160610216025	1.58
53.01192118159304	1.58
52.06161358145727	1.58
45.54990201278264	1.58
66.94291798207543	1.58
56.77548837057309	1.58
49.7542218060253	1.58
49.54001705234748	1.58
66.94291798207543	1.58
57.69322039336945	1.58
49.706808199445284	1.58
47.83082794322542	1.58
67.85150242893538	1.58
57.69322039336945	1.58
50.80745433292054	1.58
52.06088922745303	1.58
66.77561562350925	1.58
60.428210204830464	1.58
50.80745433292054	1.58
52.85869616084213	1.58
66.77561562350925	1.58
64.6697923028169	1.58
50.80745433292054	1.58
53.240295786521145	1.58
67.69984693787399	1.58
62.511204416077156	1.58
50.80745433292054	1.58
53.42190779217813	1.58
67.69984693787399	1.58
64.8390002095604	1.58
48.934270911189834	1.58
53.42190779217813	1.58
67.69984693787399	1.58
63.85102919634388	1.58
51.161862210760304	1.58
53.42190779217813	1.58
67.69984693787399	1.58
63.89200735597761	1.58
49.98258082645706	1.58
53.42190779217813	1.58
67.15301341161486	1.58
64.95153984881557	1.58
50.721739048033044	1.58
54.12780089460665	1.58
66.54552383444765	1.58
