634.6869373471071	698.1101901768711	761.1006493176519	918.0800723001009	1182.2535867575048	1548.4134532132005	
556.4021546049376	623.1802655596795	695.6473573448917	861.4471250013148	1134.0420964445887	1511.2174104883493	
508.31683091204917	577.2519410637407	655.1735246562993	826.5618297273123	1104.5948512238617	1489.0586652540508	
471.621160069513	541.7253230766042	624.0690556667813	799.3989847047104	1081.6649673091956	1471.8522559111705	
443.90364727924543	515.1770201812761	600.5567883160816	778.8844367919187	1064.245237578735	1458.4995413916467	
415.45373284305964	487.1711097291225	575.5112020715322	756.6401863937709	1045.235677403003	1444.2679140176729	
393.0641117856244	464.7219003856184	555.3342132850819	738.5740757890172	1029.9034846815414	1432.5941484124182	
373.56373449570435	445.2700248913614	537.3518129962973	722.3916822744799	1016.0054416792563	1421.6922485831867	
357.87140544292856	429.64351383027577	522.6798936616192	709.2204717395862	1004.4709151549567	1412.5707106898917	
340.138919500721	411.7399186633981	506.0985583459209	694.1290150094773	990.9526387723878	1401.9392455851064	
327.83633313581737	399.17917373122265	493.79067784488666	682.5167087122417	980.8546207661454	1393.70225460302	
313.9016212593685	385.0307999108616	480.14372639612395	669.7384328743639	969.0323207784583	1384.4173290637057	
302.18686427159963	372.7078571505156	468.6004388745025	658.6464195050863	958.9555319621377	1376.5240155439367	
292.3720951207871	363.0691705599576	458.7764523228039	649.1073867348186	950.0062490105645	1369.5603213894503	
281.2326917306134	351.57939080451087	447.4811409026136	638.2789752853985	939.7784970659096	1360.9571167180104	
271.7819217946059	342.0758579662877	437.70674957120127	628.9946589770152	930.8339317120968	1353.384944433521	
263.3688431685468	332.7091896873908	428.68868534915396	620.2375465083467	922.3894317208918	1346.477590846628	
255.11207872142617	323.9259065926225	420.1541745248974	611.9701215012859	914.303469159481	1339.8294038706624	
247.89887653933133	316.6532660714187	413.15174271398325	604.9042078667582	907.3851120437814	1333.9418145572015	
240.5381666109143	308.20872276098316	405.21733405519035	596.7562429057749	899.6340989233627	1327.0908015379014	
233.77115701470953	301.04557388724055	397.7400280100354	589.2885091162588	892.8030173662313	1321.118701373051	
227.53253337547991	294.34605370821583	390.94548283082105	582.4684264856429	885.7478499154787	1314.7465831782908	
221.45315939272749	287.24449388617006	383.8922159191135	575.8142057371846	878.7351408445703	1308.4308055511235	
215.62109939261478	280.8854242984696	377.50683130726054	569.2863559465603	872.2767495105145	1302.993940778406	
209.9952566895993	274.7487596196746	371.72444191538784	562.90560984904	866.1391548241694	1297.4951013813363	
204.83248556832177	269.44354713878704	366.43304520434884	557.0984694273143	860.3034863944931	1292.007530097785	
199.27782819562103	264.006602519548	360.82465237698034	551.2153089762663	854.3215724342429	1286.5650312683083	
194.79095077764077	259.28819683677216	355.8560378913042	546.1239415578984	849.3869651768125	1281.6464997174455	
190.15729948272298	254.23276217665523	350.62250227059906	540.4332993629259	844.2754480033652	1276.8012109044537	
186.28760621726505	249.35867305764572	345.67951198207095	535.1760700624005	839.2865883716896	1271.9277518076656	
182.58596904090058	244.88662358165732	341.13576321684695	530.7066847021229	834.5170970358748	1267.454310740787	
178.50271978449857	240.39575522876157	336.5787890595466	525.5955718215934	829.2050819576084	1262.6766306089066	
174.7409053185897	236.21454294134168	332.7128416382345	521.1103900915865	824.1501759572866	1258.3215047339734	
171.25796121886216	232.0401738818881	328.5811464948886	516.9055939242743	819.6495876938176	1254.0170853698737	
168.33569332903596	228.29179576333777	324.42672020891155	512.2792321398119	814.7314920285486	1249.2281371244749	
165.1675791953394	225.10969475900023	320.7045989264295	508.5986779928902	810.5800059993531	1244.9856923847274	
161.97671511071755	221.24840337900568	316.6245654708818	504.26553632152763	806.0982881269257	1240.5460556584046	
158.4159808562131	217.77546518609967	312.5689163319749	499.8198455158439	801.2391624336625	1235.9655675130996	
155.9575184175095	214.94407961503583	309.49855890275444	496.743502511067	797.8000336662948	1232.123140803262	
152.42026798331509	211.12042598885603	305.6226924373851	492.0174261426886	793.1178178890483	1227.1539027415656	
149.84952352875425	208.36431592542172	302.51679176695956	488.3220628991456	788.9427438710503	1223.0354072505227	
146.76286889675802	204.4517003356798	298.5202435988937	484.0293994252143	784.4209264176593	1218.1225097564193	
144.49154315114978	201.7845522358076	295.62181626666563	480.67958176949924	780.4935262820848	1214.5110793737126	
141.81438763580928	198.4655866721437	291.8170362837065	476.5646274550224	776.3844986327331	1210.1277832149829	
139.8013839136111	196.02084348117685	289.5158180624252	473.7666954667239	773.162379362346	1206.8262259540372	
137.35172790752372	192.92770444040138	286.3578424106991	470.2371941053384	768.6287679145537	1202.1386907303056	
135.2587324223946	190.63864468566823	283.6210128379036	467.1717111047504	765.5104357948964	1199.068129796491	
133.06813230910197	188.0587477423666	280.4299737059867	464.0104626126786	762.3708744853171	1195.1411922352638	
131.3017087001588	186.09645212302513	278.27092844952585	461.110841494248	759.2902831477435	1191.8283668607996	
128.68766595190144	183.6311792481593	275.3150533204662	457.7511511074522	755.7143440453225	1187.619726461608	
126.759791078327	181.6261134540283	273.0063958161419	455.2286683163081	752.7894334338438	1184.4421184493667	
124.59340865472907	178.837498057754	270.303456310542	452.26586171896037	749.7347888839525	1180.7968837261044	
122.64204996084463	176.67332721340617	267.80964331714915	449.17076052513	746.5173872113257	1177.072772208212	
120.94607781283149	174.56219138579726	265.74978850126075	446.6808577465525	743.3070619353398	1173.7486787202292	
119.330831297134	172.6734604670937	263.3902958961431	444.02509308581756	740.257134983209	1170.3569765511347	
117.36039199924768	170.7498290857619	260.9175608713718	441.25184292522124	737.0019925284987	1166.7342780549095	
114.89312312792782	168.0611248177958	257.8740675198065	437.3669232449269	732.8858884825065	1162.4298586908099	
113.1017479599053	165.6596650437159	255.68361195716435	434.7960640714869	729.8430379270163	1158.9761818973634	
111.30817118372869	163.6085785415114	253.27700389277476	431.90829023035326	726.8237753603285	1155.4041899119718	
109.46836063631676	161.55081989203978	250.45462256498556	428.679907166932	722.7171065098569	1152.1533391618598	
107.668179035678	159.7190588461558	248.76631860774157	426.6046590937481	719.7969134961386	1149.0151695469337	
105.82616688011201	157.48252086606416	246.80565423242572	423.68035614761556	716.2634327735617	1144.90230811265	
104.3782425841233	155.70020214223678	244.79456804981882	421.325709784845	713.770182357164	1142.1303521870777	
102.67199626472451	153.67580422910098	242.7793489321881	418.88023429613116	711.2439087564431	1138.6935775639092	
101.25122513596925	152.21186668640655	240.99764064340508	416.6489970718706	708.5289312453044	1135.3018753948152	
99.99190527184525	150.91900984287003	239.64782406461467	414.6902472254401	705.785648147603	1132.2256804042413	
98.34143302568276	149.16081349762396	237.47927305759902	412.204293539295	702.7427975921128	1128.760735497276	
96.86195234615246	147.2772149998951	235.62937134092238	409.92566720584665	699.9193153324837	1124.9295769009568	
95.77655952619945	146.08204523557777	234.25434385848646	408.2808702077856	697.9473594686157	1122.5520049485353	
94.4497236786842	144.73940390858633	232.74871562929684	406.5422822644569	695.8079288842517	1119.8025852500007	
93.52358051520838	143.20361247224557	231.10752713132482	404.8639179807211	693.4680003950685	1117.1658466866513	
92.48001825018255	141.8149504371806	229.43079539214762	402.9209645040199	691.2625234420583	1114.3375501934865	
91.71459248195336	140.5681143017176	228.1909148849917	401.42425847217083	689.0688404834493	1111.6501051193038	
90.45013553213654	139.2138394871834	226.40590024818962	399.5523886592514	686.9930974688514	1108.5851782422485	
89.29208964309944	137.83852174665276	224.67833340821906	397.5521733422815	684.3394487285984	1105.2441825839878	
88.36154326331551	136.34259211321577	223.29380017522828	396.04954367178397	682.8085882553324	1102.7651976098991	
87.49117417307596	135.04169447681886	221.570779563784	393.7709173383356	680.4898889560714	1099.9707054572898	
86.72868388238551	133.88724191890114	220.2478270626486	391.9809911933868	678.3952755504317	1097.5311588805162	
85.94711298769317	132.82773914901605	218.7310399088946	390.0222413469563	676.6686347701071	1095.0071014523528	
85.05692942406706	131.38963479189445	216.96297030569025	387.69622590432004	674.328706280924	1092.6746019540055	
84.13885882382282	129.90448324250445	215.7053181779318	385.9655361458561	672.2954216461702	1090.2632256610284	
83.39031205144143	128.76577010890924	214.6158765056441	384.1469790807729	669.7408424588867	1087.2602734083252	
82.4942575327378	127.35880243903439	212.89450906820935	381.8693400204327	667.4646015394698	1084.730581923403	
81.70975116050673	126.17988534113708	211.20372534995107	380.1208793460232	665.0067331062754	1082.2065244952396	
80.65811633224934	124.84220535442121	209.68073879366122	378.2114931549967	663.093747214413	1079.8965612239294	
80.05854504495954	123.87884993746289	208.4557368525912	376.9033562867909	661.3010600654421	1077.8006921094727	
79.04800690224465	122.79231641711084	207.0662440975718	375.2348647341359	659.2606990340477	1075.6090440301077	
78.2378151015495	121.77797895180346	205.67675134255245	373.6660877653969	657.3571483377061	1072.8483562180543	
77.43349425593183	120.63601528492426	204.3988478331771	371.84753070031377	654.8756919157096	1070.3242987898911	
76.34883530536351	119.5304918069657	203.07052251651072	369.59259892145934	652.1088208292058	1067.726998623857	
75.22748288556079	118.1712556521559	201.57977285340695	367.32285804598365	649.7146399657776	1065.028285436156	
74.6565325042738	117.32047133524351	200.53703334688885	365.8320756527831	647.2968711135471	1062.12674620512	
73.85881648311833	116.5201558245827	199.58025888886687	364.3797969107976	645.6292003052281	1060.0815836014967	
72.56346363220618	115.09419819710132	197.85393192940344	362.10018330424117	642.2018655322614	1057.0335588947194	
71.71628481452277	114.14897733425374	196.5020488831011	360.2993971551034	639.8289138587552	1054.7461318504465	
71.0353274124711	113.21248158706321	195.25555567990705	358.86094023663105	638.0810438885086	1052.520679430526	
70.58950176127335	112.4121660764024	194.10370668875922	357.47777061221115	636.5950005939669	1050.4980530539397	
70.15255592963034	111.76325698449635	193.2651341724194	356.19234102549115	634.8400542270796	1048.6106440395768	
69.4071647956031	110.97628576836986	191.97979138000116	354.69069862810164	632.8987627486546	1046.6274560603056	
68.96155930522076	110.39118977724974	191.03789548806506	353.2403944323323	630.6343158236386	1043.8104276806591	
67.77650702282716	109.25042367526463	189.78644276284237	351.9993921354759	628.1151186195585	1040.339848716935	
67.04924246260171	108.2179516558465	188.52341781955286	350.50663519605916	626.2776142918634	1037.877765913124	
66.40600594692299	107.04570670521635	187.3252799561379	348.8726982021869	624.0273201601289	1035.207223009219	
65.71360018247019	106.38003170479283	186.4499243180858	347.73141048924657	622.2959617820437	1033.3141799380967	
65.15204332930722	105.5005058304219	185.39230624548185	346.64738461657487	620.7603837110173	1031.161970256047	
64.54227125757025	104.68855683221835	184.6926003459435	345.8496679452463	619.3238751929605	1029.1562460497387	
64.01161030550261	104.17599905754118	183.87097286320153	344.78143844230397	618.0288946077169	1026.6772610756498	
63.509496872499334	103.7813158845838	183.07455628410506	343.93238356935524	616.6324856706239	1025.0039462181398	
63.08561391590375	102.89101192616593	181.8499676365374	342.6518903481756	614.6723238011571	1022.7672256847006	
62.68558171431052	102.27238411801085	181.05933716647436	341.36349894213134	612.9881414006765	1020.9023528973746	
62.108907151822976	101.57026892866669	180.11206845900722	340.29823125851317	611.3393409833992	1018.3275889583779	
61.32476771428423	100.55661578615593	178.67422036420876	338.4757251009977	608.7776853994751	1014.9302527325242	
60.94733868973937	99.9845219281718	177.93029205991522	337.43020287954107	606.8010119378466	1011.9836410474142	
60.37323267009822	99.09250716276235	176.74289982756224	335.64817491945695	604.6804517445245	1010.4568116656458	
59.58446985543595	98.0930537182817	175.43275942500082	333.5442959261387	602.3876992329459	1007.960924521279	
58.95803894866658	96.86674726671764	174.1763471777495	331.62898609646373	600.0713587325652	1005.938298144693	
58.556979329934784	96.36359893049416	173.3625722715529	330.61999298000615	598.832989320447	1003.7522841220873	
57.983680566616805	95.51828919595481	172.1272379929232	328.23276660466894	595.5684116702158	1000.7662340396621	
57.714717437128776	95.16945565037176	171.52961558847406	327.28103532848	594.0823683756742	998.7436076630761	
57.351231930892986	94.65552923010135	171.0535014737262	326.3816295270192	592.8935337400409	996.6026660945448	
56.71232524458392	94.06085271982838	170.14301588797136	325.168270877189	590.6597512004679	993.3405472309141	
56.160969175868104	93.44992354313538	169.36230446196552	324.23431051694547	588.9213164257421	991.5770874652557	
55.777522422368804	92.93035145979275	168.6456535288294	323.35168835832206	587.5272662875292	989.5938994859846	
55.27966543179671	92.40154101869557	167.71161021343863	322.07810604889903	585.4751112617336	986.5684110062442	
55.222056685098735	92.06861797813423	167.13299931009922	321.3475239489199	584.555179698446	984.7824150135484	
54.92931618754683	91.318771273725	166.14026831736973	320.1637834923321	583.3639862639324	982.7259842964065	
54.72698839818845	90.83803450909123	165.48147847456755	319.1261594557402	581.7458502320982	980.5343362170418	
54.36629159561448	90.11350774815737	164.59868355347254	317.4665533610579	579.7432299827872	977.3398260345227	
53.95921424792824	89.38761234163026	163.9903155179614	316.4081965891963	578.2925686714489	975.5538300418269	
53.66551972017624	88.81329443455708	163.54106548086855	315.5354471616537	577.1933683932641	974.0100984897806	
53.26563429245994	88.3039871931639	162.84879886437318	314.4425358310092	575.7851654617699	972.1959322132884	
52.83778844118705	87.59366013026018	161.83622978352918	312.86980976983796	573.7117812460522	969.649338558088	
52.42762884208513	86.96288559246487	161.1356972969861	311.2121782213719	571.3860055501505	966.9449913136274	
51.88618001006259	86.29139384826999	159.90986876891128	309.75693766006214	569.9683674231353	964.9618033343563	
51.460095445312945	85.74000075488398	159.11758512483868	308.39450077091186	568.6497988490896	963.1476370578641	
50.66803021841957	84.74414000508564	157.9020889343235	306.4515472942106	566.3499699408704	959.8967863077522	
50.417340436610274	84.27794509988026	157.11352493177236	305.09799586303313	564.6539935459888	957.2882180281996	
50.31863500436979	84.04869696300865	156.72874868105163	304.3456937546763	563.2552258100154	955.4008090138365	
50.179860303725356	83.60286066100306	156.23320977169166	303.476893419566	561.7125713423483	953.3669145237318	
49.71752259137213	82.9267497379309	155.41778169148546	302.1470365429824	559.9057314000961	950.7527121874198	
49.26890823651259	82.34096942401413	154.2638662328257	300.3037976501973	557.9809515138326	949.5639262112092	
49.162937497363686	81.9442332826669	153.93653777893655	299.6324519367029	557.3275642240103	948.0427308862	
48.743090822383884	81.1723171680663	153.1508668309021	298.2305241232295	554.964047746025	945.2876771309059	
48.65612730029841	80.96103250460627	152.89049192439933	297.79908577499856	553.9804286129712	943.9411375654349	
48.15995820931109	80.27653862727537	151.8543651139194	296.1335560416678	551.6570117159498	941.1804497533814	
48.01054240258868	79.96243446362139	151.4803344942607	295.50466307182097	550.3856191195085	939.4338921580006	
47.57601833991512	79.61975982320806	150.82609087998478	294.92414648427	549.6709030588004	937.8676243789173	
47.227283608311566	79.48734336205982	150.41858348663285	294.5509572494158	548.9349578081702	936.5830594377985	
46.83459010056521	78.98590583282792	149.68126787837747	293.2872476710736	547.0667890950322	934.1604150313026	
46.446813517696256	78.39191364535156	148.75177079151294	292.0640162901626	546.3685846264856	932.8307776361096	
46.13029565208048	77.681757663147	147.93675600480913	290.4211938383177	543.7998526459206	929.8334594401657	
45.95064442670894	77.37552321165428	147.64910372714894	289.7844026836062	542.618094406928	928.3009960016382	
45.69628529797621	76.9659560178702	147.05892060574274	289.28780431024194	541.8043087932505	927.2474273876504	
45.38776660865352	76.87391460172323	146.61917631920477	288.54043856742555	540.5848097721741	925.9853986735689	
45.0607544108367	76.60463358124863	146.22778737244587	287.57093637529107	539.3016231813318	924.5149098593934	
44.69969067357039	76.12800275339464	145.64752329509693	286.53133779248293	537.350896507386	922.1204357366939	
44.24212311221764	75.66351865518085	144.91806026338688	285.45027373913547	536.103091899747	920.7626280577044	
43.97293982191421	75.3151983516953	144.54402964372818	284.93985354225816	534.9331276551554	919.2076283921397	
43.83240383474653	75.16173896455064	144.23777915846068	284.3109605724113	534.1523652258011	917.8160163725942	
43.638221995558176	75.06045919064914	143.94392747826473	283.94172042998946	533.4329315673324	916.6046941693463	
43.30710012918711	74.43721220361678	142.88217647063686	282.3561598184131	532.0577518201613	915.0384263902628	
43.21294468713169	74.12173939436956	142.38622426777454	281.5209267689776	531.2203782176815	913.4946948382166	
42.94023882378176	73.85280053529328	142.1027049251382	281.03222658047804	530.1258955372572	911.6298220508907	
42.66371683963146	73.61739349325197	141.75223203511547	280.5395772995462	529.2578575493344	910.4297679611615	
42.372297306972	73.25983483201189	141.5203743802773	279.89390068686197	528.2624444218795	909.1902754741169	
42.22706455574231	72.88499702015685	140.94093688993314	278.99745670472544	526.6466671889254	907.3535729705875	
41.94100226959107	72.46892875980475	140.07963323096214	277.04265595072724	524.0401944262769	903.8153853257517	
41.759516370757815	72.21590040575018	139.46630567342237	276.36341205236823	523.2429204047611	902.344896511576	
41.70440277996778	71.9421712870975	139.25841904172253	275.81350093116777	522.4314935899637	900.9589185487902	
41.585662713525316	71.85047203234883	138.97035347056	275.28333527212885	521.638937166208	899.7926687996165	
41.392141356783185	71.56083240867444	138.64467819068037	274.6662895795789	520.3816973630483	898.0010387501615	
41.1489370426977	71.22654072251984	138.2789134410694	273.91003837878975	519.0961519733257	895.7699522734814	
41.018528453038705	71.00362257151707	138.0305240461358	273.61484371947387	518.355489124935	894.4121445944919	
40.780754772399916	70.59627942682202	137.26221142520154	272.7657888465252	517.211471668026	892.7895362478155	
40.665390505127014	70.27909581058321	136.54638707907023	271.35497557507904	514.8455963911605	889.6513666328894	
40.22602290451452	69.57287468445926	135.34783592215283	269.6993185728291	512.281582008356	887.1949178858379	
40.08438611326981	69.15270048732738	135.1374695294387	269.08326015338724	511.01490700967526	885.696258787866	
39.809992350335094	68.7715326896035	134.30468312213233	268.1828670788184	510.46058927282246	884.5863496062852	
39.686555519830634	68.52124162673546	133.81947655033198	267.38021404194944	509.53122251401385	883.4031976868339	
39.58880411779025	68.28994052147392	133.53678379470043	266.9082974962873	508.81414765442554	882.214411710623	
39.22201619932336	68.02989785875386	133.24375870150928	266.27742998022427	507.7031533818396	880.4509519449643	
39.00567150471744	67.78148868357654	132.6775466032414	265.6050969936218	506.4978071540446	878.9973653010669	
38.90270963004577	67.62306795615629	132.31756796266382	264.9870640279638	505.21462056320235	877.1099562867037	
38.66515611022238	67.45078969210427	131.91956631986676	264.31868013379375	503.78754724066636	875.1831088750255	
38.18204989428251	67.10965477798335	131.29301337025066	263.0885378411262	501.93824891857	873.0308991929758	
37.86039494297391	66.60325590847586	130.855748844727	262.6136594761398	501.0890813216891	871.6956277410234	
37.83529661001759	66.50454234506172	130.70861635787782	262.4705048754682	500.6220391434046	870.8674213974073	
37.5519496405897	65.9365544238574	130.03040172046354	261.49014267914487	499.4685864909746	868.9236718154513	
37.27051073156198	65.4505141575497	129.35879977908743	260.93825701172824	498.77509962018854	867.4475489445166	
37.13621263416414	65.20501335425807	129.07156079492967	260.1721330798582	497.56267699575284	865.2333646381145	
37.121315085654985	64.96960631221675	128.578501646584	259.34578548839545	496.2275968295457	862.9459375938416	
36.79122063642248	64.74874112960386	128.29208924943097	259.0821835685381	495.8006542322249	861.7684197311495	
36.48343581648449	64.77440323447755	128.1755404817583	258.74453616557474	495.2581304897732	860.624706209013	
36.36043930761083	64.6265895104051	127.98790523167538	258.30026326693877	494.16600660822905	858.8950507839102	
36.230104104890316	64.34499067959113	127.29935825670147	257.21525012115904	492.70355130248964	856.8217178964903	
36.193043700963585	64.21377178333701	127.16586445543102	256.96349547859865	492.1657451577985	855.9146347582441	
35.82640255637364	63.60592205922887	126.73975885447177	256.71174083603825	491.2340196001096	853.9821532898068	
35.75279545708947	63.16966627637615	126.33349134162701	255.8863805176835	489.6772123391612	851.908820402387	
35.68652705165218	63.0933642845517	126.00202995271401	255.14987477905592	488.1817338490985	849.750976663578	
35.5285983600674	62.868735326557335	125.73669552418264	254.76088917447245	487.49768217383337	848.370632757551	
35.148380631860725	62.54436632095389	125.08534496442341	253.49619232302214	485.72622421478445	846.291665813372	
34.98377372887529	62.113927281872535	124.43730075268326	252.52965195021193	484.6270239365997	843.9648003717841	
34.76141130531493	61.69221335844823	123.8987793190752	251.78820984604394	484.2071577359197	842.3928985359414	
34.58322781871278	61.4544111866187	123.45407551050862	251.22941326687072	483.5867936304205	841.1083335948227	
34.25122530908009	61.22978222862434	122.88455706422168	250.32112200743722	482.38852379926635	839.1927542966631	
34.18018675264232	61.201553913263275	122.7407309253916	250.06936736487685	482.0464979616337	838.3870841800843	
34.04933784135252	60.97076605009922	122.37537946928299	249.64977629394286	481.04164963865793	836.6067222441476	
33.828443156561534	60.82175476113266	121.91290404011384	249.17687247517262	480.05803050560417	834.972845783953	
33.7256280557668	60.748703302592226	121.70708387592596	248.9419014754496	479.6381643049242	833.9981539645952	
33.591696893061304	60.60328470830799	121.58350911871275	248.79973414788614	479.03667059046677	833.0572664857933	
33.579881595967834	60.429124556565206	121.22890329366618	248.17972663601196	478.12853302158027	832.5163970369011	
33.64504919732809	60.36565361717761	121.16484280079645	248.10765569912212	477.8667063458753	832.0375022123612	
33.34585064919094	60.096201516003866	120.50605295799427	247.21812262874218	476.40189224125555	830.3641873548513	
33.26527179075224	60.12819360674639	120.41926132249336	247.030540738207	476.038637213701	829.6599302599398	
33.143302699017156	59.98722311064027	120.14235467589522	246.5527005538963	475.51734266117126	828.5387529648405	
32.57235231773017	59.41923518943592	119.36246983689414	245.41733647960447	474.8285733881457	827.1415068885358	
32.250770753360044	59.27843577402895	118.94421681248022	244.71637257286773	474.32379042777757	825.9639890258437	
31.858811114998375	58.979215631201726	118.62680740264831	243.99368865775327	473.2835601215983	824.8878841848186	
31.808834609901144	58.8784490993977	118.67970897095363	243.85250860329782	473.12080299886287	824.5554748360204	
31.60041570464985	58.32397655342683	117.56629627552763	241.84933146700376	470.4317722754065	821.1975770074819	
31.44167975674192	58.01072779326866	117.34807730626818	241.61830955971308	469.76894979006323	820.25668952868	
31.320004212760704	57.72125925029343	116.8612175604583	241.22142577026497	469.1509444834444	819.310167993119	
31.058306390181095	57.44992526142896	116.17680352050823	239.92513617935612	467.13888903861255	817.253737275977	
30.61218719122948	56.80546426770102	115.57628806154239	238.69499388668856	464.86972451583625	814.3803683287376	
30.48177860157048	56.54319755589191	115.37253436486645	238.4629847062898	464.4805227005991	813.4789192472508	
30.42336259854935	56.45663072211799	115.39774526851194	238.36524466858987	464.26587200249867	813.1127055578968	
30.21751223614446	56.40256922118409	115.32789866660882	238.1835864167032	463.83892940517796	812.3070354413178	
30.167755891862637	56.205655336453304	114.8534377258705	237.51125343010082	462.2349461666251	809.4674708346342	
29.949649910733473	55.7192729087473	114.57901084028666	236.68194401931368	460.69936809559874	806.9377793497118	
29.85732914213977	55.479759929926196	114.15414511983457	235.82301641528417	459.5647858342105	806.3912758440605	
29.618234496608533	55.175749527522555	113.85533391761	235.1793143488161	458.3547220086552	804.841910235255	
29.536481447154333	55.03580551561136	113.69910897370836	234.93545789112036	457.9655201934181	803.9629973808053	
29.314119023593975	54.57269006299084	112.99113720412234	233.54735190116006	456.2270854186924	800.9487770145836	
29.16015322668651	54.47517406447081	112.6212395194875	232.6380733686185	454.45798625852376	798.3514768485496	
29.099388841634376	54.408110430400896	112.57536394072272	232.4781351251096	454.0947312309691	797.6810240941936	
28.983070544161382	54.221803549017906	112.49394512075283	232.32017142781677	453.9791500858381	797.1964952128947	
28.817509610975847	53.94242876729301	112.03518933310514	231.90255490309897	453.1724408688011	795.4893760148288	
28.675138950346444	53.771690229533384	111.86697887763432	231.48592565148928	452.5544355621823	794.4414414576003	
28.636243872958	53.70240254637442	111.73059202184716	231.37140197095204	452.19825693126825	793.782256816763	
28.58722139806087	53.2921510297937	111.1755388481437	230.42263251408724	450.7381604244091	791.4666594886937	
28.52836507340892	53.38504784943646	111.06394960249968	230.26170699747024	450.3678290002137	790.7285980532265	
28.364565426746637	53.140231368941464	110.71802294100318	229.96157597261396	450.1248727155506	790.0525112421113	
28.173612612850913	52.8199683001178	110.37664250803293	229.68217768302736	449.499791012291	789.3031816931253	
28.179923889559227	52.77634272183253	110.19933959550963	229.25666297344492	448.82989213030714	788.1538341142297	
27.779524753273652	52.255230912197476	109.39631032037498	228.62579545738186	448.15291685168256	786.7791242649621	
27.777836853688868	52.00220255814289	109.06567551846675	227.95741156321182	447.3462076346457	785.657946969863	
27.802421478075907	51.92059706464455	108.91606327060327	227.63852234930195	446.5347808198484	784.1198494745761	
27.830088353878626	51.880222019643284	108.85489583225025	227.47068592092842	446.13142621132994	783.3986902093866	
27.6497032591224	51.79587923495841	108.63461039547887	227.1912876313418	445.4827565192681	782.0296144168783	
27.65043712850709	51.58698970128658	108.3527442268521	226.82007294270377	444.5982069391838	780.8859008947419	
27.619908162104085	51.58887158897731	108.2684323523655	226.64927469500594	444.1759819396235	780.1478394592746	
27.582407436546546	51.46432483999034	108.15147029119046	226.42516369947182	443.60515261060914	779.077368675009	
27.095998808375576	50.890349094315475	107.3434814940272	225.228588692479	441.8360534504404	777.2406661714795	
27.02730863396882	50.71755758816596	107.02152585566905	224.62141573100988	441.2699417191865	775.8546882086935	
26.907541150387793	50.67991983435121	106.79834736438099	224.5167647815534	440.8429991218658	775.0490180921146	
26.907541150387793	50.67991983435121	106.79834736438099	224.5167647815534	440.8429991218658	775.0490180921146	
26.676665841965065	50.60652621441246	106.29206282395899	223.90465545454387	439.73436364816007	772.4742541531178	
26.582583786848105	50.52560504371076	106.19493885089844	223.645989900227	439.1588167213852	771.42068553913	
26.64276107639249	50.49395511436654	106.18997932886982	223.58477896752603	438.9984183975299	771.1164464741281	
26.40748255166163	50.11774865691825	105.47787462425994	222.85222232133074	437.6373914436402	769.0374795299491	
26.37034876079644	50.144266165287725	105.35388657354436	222.6685895232279	437.1774256619964	768.130396391703	
26.202512832518376	49.72648709794405	105.0401968052339	221.81064919230647	435.559289630162	765.9049439717824	
26.04238253277953	49.23634089485657	104.0057231687635	220.43142866031883	434.49311253630043	763.5386401328793	
26.081277610167977	49.219746067038265	103.8511513988714	220.21817766897362	434.0095587658543	762.6033867108367	
26.205521696995593	49.13061302277698	103.69162010695067	219.85288661898406	433.38919466035514	761.3526261102738	
26.021907576946745	48.93540994503777	103.18781532754299	218.8053898513113	431.8111582094848	759.3694381310025	
26.000038269283056	48.929079959168924	103.16177783689271	218.73134436820536	431.6531186845097	759.0933693497974	
25.774666981245478	48.45792371368798	102.92454736652356	218.6632225237478	430.76149270778467	757.4538588328433	
25.84541198992937	48.45484426110314	102.8443684270608	218.51019519199545	430.4312608645532	756.8284785325617	
25.80020563583261	48.4842701413583	102.8245303389463	218.42726425091672	430.2661449429375	756.5355075810784	
25.70803164111584	48.440302401674714	102.57862070502705	218.18439506632907	429.79202636801233	755.5946201022764	
25.711847761916218	48.42097028266986	102.41206342356578	217.9020349574182	429.1126922905075	754.3438595017135	
25.472606342508048	47.88052635402995	101.15358470880254	215.47136856532555	425.5343943892064	751.0141319569715	
25.403475846470467	47.7392136965255	100.71508030277172	214.3903045119781	423.7251956480739	748.1914695205659	
25.384542016345527	47.670781416862326	100.57621368597026	213.99539526874614	422.8642340567918	746.619567684723	
25.39569683099278	47.648027683874325	100.49024863747412	213.83644429834527	422.5033378281175	745.9040424762928	
25.336253410833088	47.497647749314496	100.40882981750423	213.51558053821933	421.81692735397206	744.484260172951	
25.13693448595192	47.43400572922775	100.08150136361506	213.11672220255505	420.47477079112406	742.4672678531243	
25.175095693955676	47.23726292519613	100.0352124913479	212.80178208107756	419.7836427192182	741.4362354661737	
24.801923111842008	46.941806557750375	99.51115633032335	211.36036334328094	418.0027495646484	739.6220691896814	
24.515934212629237	46.5057218555968	98.59860427705661	209.90709732818738	417.43663783339446	739.5826307923663	
24.08427224055597	45.6992474397663	97.4426223508849	207.8446838054085	413.8630575298538	735.7233019122507	
23.903079889476587	45.73722735497936	97.39385371760343	207.53961641501178	413.29930459748	734.6810014117816	
23.77391887777156	45.69120664690588	97.2880505809928	207.18419809610307	412.4855189838024	733.1034655191796	
23.69326663239439	45.660241040358294	97.19753930397042	206.9067743527326	411.9123308559078	732.0048244511174	
23.400379360965555	45.49600356916668	96.87682354611944	206.0399485638385	410.64093825946657	730.6301146018501	
23.383133430425392	45.56477801022817	96.7458095058633	205.84545576154673	410.27768323191196	729.9709299610128	
23.193721742237514	45.42705804740603	96.36764595118075	205.12770821197267	408.777487144089	728.0609847196125	
23.159303268095663	45.37539167626034	96.22588627986258	204.89866085089815	408.4614080941388	727.2327783759965	
23.108446119736808	45.26076760782452	96.12834901329965	204.58075891009642	407.9188843516871	726.1792097620088	
23.098098561412712	45.259056800832944	96.09321906559691	204.50177706145	407.71366884910753	725.8017279591362	
23.098098561412712	45.259056800832944	96.09321906559691	204.50177706145	407.71366884910753	725.8017279591362	
23.045259965715204	45.063169400297106	95.75721144815765	203.74453858755277	406.5201166157138	723.818539979865	
22.642585834337094	44.52187006816141	94.96906073910887	202.4215926227257	404.4679615899181	721.9142287952242	
22.581821449284956	44.551467029115734	94.85209867793384	202.2804125682703	404.02922499819624	721.2156057570719	
22.581821449284956	44.551467029115734	94.85209867793384	202.2804125682703	404.02922499819624	721.2156057570719	
22.47122733301253	44.42863108712034	94.45079068711772	201.5833977539659	403.0880642449866	720.0155516673424	
22.487519233352597	44.39732331917443	94.38135737871698	201.38989222478224	402.64696885438457	719.1591750399299	
22.464255573857997	44.247285546012925	94.1333812772858	200.842942922906	401.4109582411467	717.0238675281579	
22.429396778085334	44.16345600342554	93.94615932070526	200.68695377182937	400.9863744427063	716.2238314683383	
22.326141355659786	43.972872104563606	93.7680298211772	200.12519537333193	400.10654246038234	715.1927990813878	
22.075451573850486	43.561080861690456	93.188592330833	200.2841463437328	399.505048745925	714.3420565107346	
21.912018861880547	43.158870137970155	92.34092735744075	198.94342946296032	398.9884717911558	714.1674007511965	
21.790636865653212	43.16930606061879	92.19503475109875	198.53963476175562	398.05910503234713	712.3814047585007	
21.59029052363348	43.01687315766907	92.06195424333067	198.3253964973023	397.3514653682797	711.0066949092333	
21.430820706340857	42.87179672478314	91.56889509498501	197.39044886395067	396.54003855348236	709.9531262952454	
21.413061067231418	42.869230514295765	91.51516693967491	197.29270882625076	396.31123506210054	709.4911336409835	
21.348113626686562	42.71371815876121	91.51971316820116	197.22063788936092	396.05176718527576	709.096749667833	
21.23363000267529	42.473007615045994	91.15973452762356	196.58088491532516	395.20495838727504	707.3220217886557	
21.196569598748564	42.36231840269082	91.09732720876337	196.36763392397992	394.7497102033917	706.4374748774468	
20.897664598365285	42.05317557931242	90.63402519258945	195.4504572065737	392.65273799887177	703.3669139436322	
20.574248360533442	41.38904030518133	89.1759257161741	193.00596899096794	390.4755666324242	701.2541426588974	
20.431657539088633	41.23883145132067	88.78164371489854	192.3533814665271	389.46600071168797	700.7189072667646	
20.313651342030862	41.188362645069084	88.62004595546587	192.06805953829203	389.0508521087684	699.6146321419432	
20.313651342030862	41.188362645069084	88.62004595546587	192.06805953829203	389.0508521087684	699.6146321419432	
20.28877316988995	41.14593463167791	88.52002892788863	191.882452193973	388.8763009916318	699.0399583524954	
20.28877316988995	41.14593463167791	88.52002892788863	191.882452193973	388.8763009916318	699.0399583524954	
20.255382112886664	41.15055381055518	88.46010137004276	191.77582669830036	388.62155071256745	698.5835997549926	
20.223752342406623	41.103848779685066	88.36876350601561	191.54085569857736	388.09317976339713	697.473690573412	
20.15711700227699	40.924556206967544	88.13690585117747	191.39868837101386	387.52235043438264	696.4088538459056	
20.11704773387304	40.914804607115535	88.11128165402957	191.2792283249362	387.24165336763593	695.8679843970134	
19.922278799176944	40.6790554036759	87.98068090727583	190.84581543048915	386.8265047647164	694.7524411586735	
19.922278799176944	40.6790554036759	87.98068090727583	190.84581543048915	386.8265047647164	694.7524411586735	
19.878686957726497	40.59744991017757	87.80585775576684	190.49533347712077	386.0433835364817	693.3213907418133	
19.878686957726497	40.59744991017757	87.80585775576684	190.49533347712077	386.0433835364817	693.3213907418133	
19.736976779543312	40.34014453864405	87.48183564989675	190.0767296792949	384.95597725269806	691.1804491732819	
19.654196312950546	40.191646491774954	87.09747269267844	189.7005786251165	383.83790658347147	688.9662648668799	
19.57501180634275	40.06384920950398	86.89165252849055	189.2928348314795	383.35907041078576	687.7831129474283	
19.524301431860835	40.00636609458692	86.65814169964285	188.79426191189916	382.2056177583558	685.5407583572297	
19.20213277198296	39.691235446738006	86.56887030312762	188.40132721488337	381.02857711712363	683.3434762211056	
19.258860875419316	39.57490057131061	86.31221503814636	187.92546157678885	379.8633304702926	681.1123897444256	
19.26399796111213	39.526142572050595	86.27212556841498	187.79909061895464	379.5614042136238	680.503911614422	
19.26399796111213	39.526142572050595	86.27212556841498	187.79909061895464	379.5614042136238	680.503911614422	
19.27221729822063	39.54581685245376	86.10474169994892	187.39233409842572	378.6650606391383	678.7629880758004	
19.238092371832657	39.51040314772807	85.90346776428729	186.8789520822242	377.47386720462475	676.481195088287	
18.988796941854265	39.40433311425014	85.5265440901119	186.24216092751266	375.95244192687977	673.5402174599361	
18.923189018863187	39.16430689333157	85.3070852403453	185.95980081860182	375.4004829889071	672.2838228026137	
18.75909582444703	38.960036538537	85.1665654495343	185.5767388526668	374.84144765429386	671.0330622020508	
18.71110076668846	38.95199574567657	85.11159741371708	185.43259697888715	374.52536860434367	670.3851456747321	
18.705816907118706	38.85499298925402	84.96363833986312	185.21144780267724	373.8790577111621	669.2076278120398	
18.71631123931974	38.761754008212954	84.92933497916515	185.0663186557895	373.58892544889443	668.6216859090734	
18.59338811738456	38.65397316774345	84.62143131988809	184.69609124025956	372.6501234945649	666.8694942569334	
18.612835656078786	38.605044087784286	84.56315693605177	184.55096209337185	372.3434796401357	666.2891864107263	
18.190420438252577	37.71508229076472	82.97156365836597	182.90715236841882	371.27022614963334	662.8524117875577	
18.167523713450326	37.70738365930261	82.90750316549624	182.76794686017956	370.9494295019228	662.2721039413506	
18.062947326132335	37.5573458861411	82.76987642920194	182.5645685999151	370.32198899978295	661.0213433407876	
18.062947326132335	37.5573458861411	82.76987642920194	182.5645685999151	370.32198899978295	661.0213433407876	
18.052746541685174	37.46684419628655	82.61282489829551	182.13214297857613	369.35252266001055	659.2297132913324	
17.77211488898062	37.23485876822839	82.41816365867204	181.38675178197585	368.19435240982017	656.7958007713179	
17.77211488898062	37.23485876822839	82.41816365867204	181.38675178197585	368.19435240982017	656.7958007713179	
17.795598709290626	37.21552664922355	82.35947598133332	181.2248389922507	367.88299095763045	656.260565379185	
17.830237344247884	37.17498052352312	82.28673632491352	181.08069711847105	367.5598355110397	655.6689894194594	
17.659245777615663	36.969341523135284	82.09868778132822	180.9799952614469	366.85219584697217	654.3844244783406	
17.575511280822802	36.868403910632104	81.94907553346472	180.62062785010582	366.5313991992616	653.7308738942627	
17.571034677576208	36.837609384783676	81.90154678069042	180.46068960659687	366.18465576386853	653.1167617074997	
17.507408201923788	36.65215790689648	81.7221774006552	179.85746573756006	364.7552236424523	650.4800231441507	
17.51313238312435	36.63179930369668	81.65315738575686	179.69752749405112	364.38960981601747	649.7306935951647	
17.51313238312435	36.63179930369668	81.65315738575686	179.69752749405112	364.38960981601747	649.7306935951647	
17.51878317738645	36.62461391433205	81.56016634772017	179.54450016229873	364.0169195929419	648.9531937623823	
17.40217133215958	36.31889270493682	80.93567986561598	178.56808705840777	362.86582573939216	647.3700238130211	
17.37032140086414	36.31666865584777	80.8501281106222	178.4130851804392	362.4978531140771	646.6657667181095	
17.33759082630707	36.292546277266496	80.78276126973341	178.250185117606	362.11808649436085	645.8600966015306	
17.278220793085836	36.302811119215974	80.7129146678303	178.0843232354486	361.75483146680625	645.0431583714332	
17.28482561754803	36.2730430775625	80.60669823771727	177.7328540089722	361.0118098195354	643.6346441816099	
17.291944150579496	36.25388203925681	80.51329390617818	177.56699212681474	360.650913590861	642.981093597532	
17.303465899919093	36.05679707382687	80.13884999301712	177.24020472804034	359.41962057538365	640.8683223127971	
17.279248210224402	36.00153800799886	79.92145761076245	176.7850718252155	358.867661637411	640.3781593747387	
17.229051544311766	35.945594619374205	79.76853901487988	176.44248805671177	358.0821816102961	638.7442829145438	
17.229051544311766	35.945594619374205	79.76853901487988	176.44248805671177	358.0821816102961	638.7442829145438	
17.235876529589362	35.88041287299503	79.69331959744575	176.26082980482508	357.7071325883404	638.0062214790764	
17.106348583191995	35.4816237632579	79.46394170362191	175.69709686011146	356.1975013049965	634.9581967722991	
17.133281589610025	35.455448416286735	79.4023609717665	175.51543860822477	355.81537588640003	634.2933780747024	
16.851108811197633	34.91979474722324	78.27902923228326	173.53101966098419	354.24205703329005	634.2201353368316	
16.90482805015677	34.869839183069125	77.98104461706345	173.04133219937657	353.03435200661494	631.9101720655216	
16.840394318181193	34.779337493214584	77.91409106967703	172.8932412331646	352.65694418577897	631.2059149706099	
16.840394318181193	34.779337493214584	77.91409106967703	172.8932412331646	352.65694418577897	631.2059149706099	
16.60790449711215	34.45394200341619	77.1838014509622	171.5001988776639	351.48462114230716	628.8734154722628	
16.55668041406095	34.371994348519536	76.94574439358827	171.09146781091883	350.95860899201705	628.41705687476	
16.55668041406095	34.371994348519536	76.94574439358827	171.09146781091883	350.95860899201705	628.41705687476	
16.609298848943055	34.32511823695027	76.89408270579011	170.9019113741675	350.5434603890975	627.6902635528113	
16.609298848943055	34.32511823695027	76.89408270579011	170.9019113741675	350.5434603890975	627.6902635528113	
16.592713400849114	34.29740316368668	76.81721011434644	170.71729130295657	350.1235941884175	626.8733253227139	
16.46098384629768	34.2558305537913	76.48988166045729	169.96400192149162	348.45828217897866	623.8027643888993	
16.44278388555743	34.23940680667214	76.39193110039196	169.77247093852412	348.05256877158	623.1210435210248	
16.38620255599801	33.99219519638893	76.01046119769033	169.62043087987982	347.76479530819256	622.3886161423168	
16.345472805147846	33.91144510638638	75.75545910671859	169.03793974611267	346.47924991847003	619.8307543735978	
16.345472805147846	33.91144510638638	75.75545910671859	169.03793974611267	346.47924991847003	619.8307543735978	
16.345472805147846	33.91144510638638	75.75545910671859	169.03793974611267	346.47924991847003	619.8307543735978	
16.440729051280304	33.737284954643606	75.51492228833035	168.41497041491428	345.1866281321068	617.2672585481196	
16.42238231666311	33.551662396057246	75.04748733713258	167.51753915966967	343.81852478157634	616.0277660610752	
16.309953526928965	33.48151930940249	74.80612393173956	166.81558797982484	342.5164677996923	613.3572231571704	
16.263426207939766	33.55337320304883	74.67634977199059	166.62899336239778	342.04942562140775	612.4557740756835	
16.263426207939766	33.55337320304883	74.67634977199059	166.62899336239778	342.04942562140775	612.4557740756835	
16.17000463526903	33.214462338016965	74.13989480589446	165.96653310687617	341.9527148673185	611.486716313085	
16.17000463526903	33.214462338016965	74.13989480589446	165.96653310687617	341.9527148673185	611.486716313085	
16.17000463526903	33.214462338016965	74.13989480589446	165.96653310687617	341.9527148673185	611.486716313085	
16.10703864206283	33.135423055006	73.96920458940933	165.57162386364425	341.0021189185879	609.6612819230743	
16.072766941797916	33.09111315392409	73.87662684487502	165.35541105297472	340.5515883324649	608.8105393524211	
16.067483082228165	33.13251468312031	73.76751736024531	165.1619055237911	340.0585993664979	607.8921881006563	
16.0920677066152	33.047829737037134	73.58442833868861	164.7334289948844	339.0962094233662	606.0160471998119	
15.964080885925679	32.58539860721324	73.08103685278331	164.04628691166084	338.107872692552	604.2582214909125	
15.964080885925679	32.58539860721324	73.08103685278331	164.04628691166084	338.107872692552	604.2582214909125	
15.91513179796701	32.50037149973175	72.98639264073708	163.89227230680035	337.6337541176268	603.4469173175744	
15.835506969728405	32.225444816184954	72.58219159540425	163.1054156396607	335.6901038403215	599.7566101402376	
15.872273825901253	32.16659305567462	72.48300115483178	162.89117737520735	335.1876796788336	598.8438929452321	
15.872273825901253	32.16659305567462	72.48300115483178	162.89117737520735	335.1876796788336	598.8438929452321	
15.872273825901253	32.16659305567462	72.48300115483178	162.89117737520735	335.1876796788336	598.8438929452321	
15.872273825901253	32.16659305567462	72.48300115483178	162.89117737520735	335.1876796788336	598.8438929452321	
15.787071590339018	31.97138997793542	72.32553633042299	162.48343358157035	334.2205721379414	597.0297266687398	
15.787071590339018	31.97138997793542	72.32553633042299	162.48343358157035	334.2205721379414	597.0297266687398	
15.80784009392568	31.93375222412067	72.24039786893161	162.24352621630695	333.71578917757336	596.1395457007716	
15.780686926692237	31.904839585962982	72.139967547852	162.02336431320515	333.2086474183249	595.2549987895626	
15.780686926692237	31.904839585962982	72.139967547852	162.02336431320515	333.2086474183249	595.2549987895626	
15.780686926692237	31.904839585962982	72.139967547852	162.02336431320515	333.2086474183249	595.2549987895626	
15.532418913852407	31.727257820237046	72.02465866068648	161.30956585606341	331.53154141448505	591.9759777556542	
15.508641545788528	31.748471826932633	71.90149719697568	161.08940395296156	331.00552926419493	591.0801627309266	
15.512384279650435	31.765066654750953	71.79238771234594	160.83567476418503	330.4795171139048	590.0716665710132	
15.507981063342307	31.709978669622096	71.64442863849202	160.33907639082085	329.4274928133245	588.1166488755385	
15.507981063342307	31.709978669622096	71.64442863849202	160.33907639082085	329.4274928133245	588.1166488755385	
15.486845625063305	31.674393884197244	71.548957839441	160.08139810961202	328.8991218641541	587.1081527156251	
15.499101243787589	31.645994488137028	71.41794379918487	159.85728711407788	328.35188052394193	586.0602181583968	
15.48479079078618	31.587655969724175	71.36297576336763	159.611456110166	327.7763335971671	585.0517219984833	
15.48479079078618	31.587655969724175	71.36297576336763	159.611456110166	327.7763335971671	585.0517219984833	
15.48479079078618	31.587655969724175	71.36297576336763	159.611456110166	327.7763335971671	585.0517219984833	
15.48479079078618	31.587655969724175	71.36297576336763	159.611456110166	327.7763335971671	585.0517219984833	
15.473856136954335	31.544030391438902	71.26543849680468	159.36463783314602	327.167763486069	583.7446208303274	
15.473856136954335	31.544030391438902	71.26543849680468	159.36463783314602	327.167763486069	583.7446208303274	
15.473856136954335	31.544030391438902	71.26543849680468	159.36463783314602	327.167763486069	583.7446208303274	
15.369206362697875	31.376029144865814	70.92116500931773	158.91641584207775	326.0355400235611	581.581143034759	
15.369206362697875	31.376029144865814	70.92116500931773	158.91641584207775	326.0355400235611	581.581143034759	
15.386378906299568	31.32316520882601	70.77651228348287	158.67453393059822	325.45999309678626	580.4825019666969	
15.386378906299568	31.32316520882601	70.77651228348287	158.67453393059822	325.45999309678626	580.4825019666969	
15.31798227964668	31.251482395878835	70.73848928126343	158.39711018722775	324.8985989632927	579.4120311824312	
15.303084731137517	31.215726529754825	70.62896650313132	158.13350826737044	324.3183344387574	578.3528285116843	
15.303084731137517	31.215726529754825	70.62896650313132	158.13350826737044	324.3183344387574	578.3528285116843	
15.303084731137517	31.215726529754825	70.62896650313132	158.13350826737044	324.3183344387574	578.3528285116843	
15.331485476324932	31.152255590367236	70.51159114845389	157.86694452818884	323.7050467298989	577.1302381949176	
15.331485476324932	31.152255590367236	70.51159114845389	157.86694452818884	323.7050467298989	577.1302381949176	
15.209736545405248	31.05354202695311	70.09623117855666	157.27951702888134	322.6766104181209	574.9780285128678	
15.11961738496561	30.957394674026347	69.89495724289503	157.1047696887512	321.9925587428557	573.9075577286021	
15.11961738496561	30.957394674026347	69.89495724289503	157.1047696887512	321.9925587428557	573.9075577286021	
15.077273121469133	30.95499954423814	69.73749241848624	156.84215504200193	321.376912235117	572.8201847740587	
15.0190772792634	30.93241689194929	69.60978472624916	156.5528840213345	320.7589069284981	571.6257647410886	
14.965651588058144	30.787682620461677	69.53539189581981	156.2892821014772	320.11731363307695	570.2848592323769	
14.881036448003657	30.66279371007639	69.3279185576224	155.71567642568277	318.8459210366358	567.8284104853252	
14.859387301155373	30.603770868866903	69.22790153004514	155.4264054050154	318.2279157300168	566.7297694172631	
14.859387301155373	30.603770868866903	69.22790153004514	155.4264054050154	318.2279157300168	566.7297694172631	
14.859387301155373	30.603770868866903	69.22790153004514	155.4264054050154	318.2279157300168	566.7297694172631	
14.859387301155373	30.603770868866903	69.22790153004514	155.4264054050154	318.2279157300168	566.7297694172631	
14.775359256608638	30.556894757297627	69.11424581688921	155.12035074151063	317.60755162451767	565.6367624059603	
14.775359256608638	30.556894757297627	69.11424581688921	155.12035074151063	317.60755162451767	565.6367624059603	
14.72296098254194	30.512242694817406	69.0096825607857	154.81627062422203	316.9777523234976	564.4705126567867	
14.72296098254194	30.512242694817406	69.0096825607857	154.81627062422203	316.9777523234976	564.4705126567867	
14.742628682051565	30.43234800831065	68.91255858772516	154.51120323382534	316.32200623479514	563.2913045770667	
14.742628682051565	30.43234800831065	68.91255858772516	154.51120323382534	316.32200623479514	563.2913045770667	
14.742628682051565	30.43234800831065	68.91255858772516	154.51120323382534	316.32200623479514	563.2913045770667	
14.742628682051565	30.43234800831065	68.91255858772516	154.51120323382534	316.32200623479514	563.2913045770667	
14.593139488390694	30.316184213582417	68.95719428598278	154.16763219221355	315.61436657072767	562.1120964973468	
14.593139488390694	30.316184213582417	68.95719428598278	154.16763219221355	315.61436657072767	562.1120964973468	
14.591231427990506	30.249120579512507	68.8323796482624	153.87145025978958	314.94446768874377	560.8624627081356	
14.591231427990506	30.249120579512507	68.8323796482624	153.87145025978958	314.94446768874377	560.8624627081356	
14.566500029726532	30.206008243324703	68.66871542131784	153.5713192349333	314.2415456224368	559.5193035767203	
14.514395303413712	30.029795123192038	68.61457397250535	153.27809912183355	313.51267676844736	558.2183998709995	
14.514395303413712	30.029795123192038	68.61457397250535	153.27809912183355	313.51267676844736	558.2183998709995	
14.514395303413712	30.029795123192038	68.61457397250535	153.27809912183355	313.51267676844736	558.2183998709995	
14.328359414395395	29.73964225742018	67.84130182954247	151.6925385102573	311.85444115564917	557.9744452133222	
14.228920112770219	29.64281058169679	67.81195799087311	151.31934927540308	311.191618670306	556.6943875176107	
14.18430085418121	29.614411185636566	67.64829376392852	150.97577823379132	310.4415206263945	555.0892447468883	
14.189291165997085	29.528870836057607	67.50198786408413	150.65886356609766	309.6796285880819	553.4987505237399	
14.189291165997085	29.528870836057607	67.50198786408413	150.65886356609766	309.6796285880819	553.4987505237399	
14.189291165997085	29.528870836057607	67.50198786408413	150.65886356609766	309.6796285880819	553.4987505237399	
14.189291165997085	29.528870836057607	67.50198786408413	150.65886356609766	309.6796285880819	553.4987505237399	
13.905870809630718	28.810160818895127	65.83228211444752	147.25474588943823	304.4407362751025	551.1972383375688	
13.927079634848191	28.732490181477427	65.66861788750295	146.93783122174457	303.72130261663386	549.9002784715797	
13.850390284148334	28.75558607586375	65.47684970239615	146.62782746580748	302.9712045727224	548.4934544987842	
13.833511288300516	28.690917571582048	65.35038189066626	146.28623097041185	302.2305417243318	547.1232518949241	
13.581206993844905	28.126522345060028	64.08694365387439	144.52394847248928	302.0654258027161	545.8724912943612	
13.565795736766464	28.070407875736223	63.9179066113988	144.17642833844516	301.320045356565	544.4746818123806	
13.565795736766464	28.070407875736223	63.9179066113988	144.17642833844516	301.320045356565	544.4746818123806	
13.517066809623204	28.003002080268	63.81499652930486	143.82397183886067	300.52277133504896	542.9946151017143	
13.517066809623204	28.003002080268	63.81499652930486	143.82397183886067	300.52277133504896	542.9946151017143	
13.324426096142698	27.469572460293563	62.67843939774528	141.65295827419297	298.37626435404434	542.5951604774806	
13.157250650310855	27.316797395945528	62.661081070645096	141.2560744847449	297.59786072357014	541.0288926983972	
13.11475961293744	27.191566324161922	62.37218891247777	140.52746693098192	296.0080302782986	538.0169259548792	
12.928063241472906	27.027328852970307	62.39202700059226	140.04271583491473	295.22726784894417	536.6810910972508	
12.928063241472906	27.027328852970307	62.39202700059226	140.04271583491473	295.22726784894417	536.6810910972508	
12.928063241472906	27.027328852970307	62.39202700059226	140.04271583491473	295.22726784894417	536.6810910972508	
12.669667831124386	26.684654212556968	61.39474977933653	138.3515170007739	293.1232192477836	532.3338529017806	
12.669667831124386	26.684654212556968	61.39474977933653	138.3515170007739	293.1232192477836	532.3338529017806	
12.545130196542893	26.51682404668303	61.13644134034572	137.54392759836452	291.4461132439437	529.048070999761	
12.565898700129553	26.467210643927235	60.96657771086536	137.17666200215882	290.6582744179486	527.6592760085954	
12.524361692956232	26.393988104687637	60.78968809184445	136.79557458244	289.8185420165886	525.909337979159	
12.524361692956232	26.393988104687637	60.78968809184445	136.79557458244	289.8185420165886	525.909337979159	
12.524361692956232	26.393988104687637	60.78968809184445	136.79557458244	289.8185420165886	525.909337979159	
12.508583501185448	26.30177560784151	60.629743506421335	136.40757625096458	288.9764508163483	524.260249565714	
12.505060928138947	26.224276051122963	60.484677487084106	136.02550155813768	288.1249244205871	522.6320071622785	
12.505060928138947	26.224276051122963	60.484677487084106	136.02550155813768	288.1249244205871	522.6320071622785	
12.505060928138947	26.224276051122963	60.484677487084106	136.02550155813768	288.1249244205871	522.6320071622785	
12.34933384470823	25.95927204812733	59.95731497804045	135.08956665167796	286.6459575226861	519.041986195257	
12.296862183703062	25.93241237835953	59.79365075109587	134.68675922358136	285.76848433924243	517.2097909371349	
12.296862183703062	25.93241237835953	59.79365075109587	134.68675922358136	285.76848433924243	517.2097909371349	
12.296862183703062	25.93241237835953	59.79365075109587	134.68675922358136	285.76848433924243	517.2097909371349	
12.298550083287846	25.73087931475149	59.58948376091754	134.4063736608867	284.8367587815536	515.4232315387632	
12.298550083287846	25.73087931475149	59.58948376091754	134.4063736608867	284.8367587815536	515.4232315387632	
12.195734982493107	25.697689659114847	59.37457113967718	134.0173880563032	283.9640031958704	513.8085108715499	
12.195734982493107	25.697689659114847	59.37457113967718	134.0173880563032	283.9640031958704	513.8085108715499	
12.195734982493107	25.697689659114847	59.37457113967718	134.0173880563032	283.9640031958704	513.8085108715499	
12.195734982493107	25.697689659114847	59.37457113967718	134.0173880563032	283.9640031958704	513.8085108715499	
12.195734982493107	25.697689659114847	59.37457113967718	134.0173880563032	283.9640031958704	513.8085108715499	
12.130787541948251	25.549020531546603	59.015832379606735	133.2127604732181	282.1430104603368	510.39652609812214	
12.137832688041252	25.452873178619846	58.83728958657628	132.79514394850034	281.24902568473163	508.76603007198287	
12.137832688041252	25.452873178619846	58.83728958657628	132.79514394850034	281.24902568473163	508.76603007198287	
12.125577069316968	25.355357180099823	58.676518414148404	132.37357833135022	280.32437652368344	507.02848696741694	
12.14502460801119	25.271014395414966	58.53186568831355	131.93819089068697	279.3714217760726	505.09994933871104	
12.14502460801119	25.271014395414966	58.53186568831355	131.93819089068697	279.3714217760726	505.09994933871104	
12.14502460801119	25.271014395414966	58.53186568831355	131.93819089068697	279.3714217760726	505.09994933871104	
12.098644062898932	25.18906674051831	58.34671019924493	131.51366345421263	278.4467726150245	503.34043341278385	
12.098644062898932	25.18906674051831	58.34671019924493	131.51366345421263	278.4467726150245	503.34043341278385	
12.069949769957644	25.10660584352419	58.16940728672164	131.0891360177383	277.4843826718927	501.50091388087475	
12.069949769957644	25.10660584352419	58.16940728672164	131.0891360177383	277.4843826718927	501.50091388087475	
12.069949769957644	25.10660584352419	58.16940728672164	131.0891360177383	277.4843826718927	501.50091388087475	
12.069949769957644	25.10660584352419	58.16940728672164	131.0891360177383	277.4843826718927	501.50091388087475	
11.998617665766007	24.868290429597188	57.648244180213766	130.11469746006344	276.45358756123443	500.1836714105521	
11.93844037622162	24.81029407258265	57.4535829405903	129.66548819588712	275.4911976181027	498.3610540489209	
11.93844037622162	24.81029407258265	57.4535829405903	129.66548819588712	275.4911976181027	498.3610540489209	
11.93844037622162	24.81029407258265	57.4535829405903	129.66548819588712	275.4911976181027	498.3610540489209	
11.977262066671594	24.718423737134838	57.28123955009563	129.20640620062997	274.4792728984863	496.40998019317783	
11.977262066671594	24.718423737134838	57.28123955009563	129.20640620062997	274.4792728984863	496.40998019317783	
11.987683011934159	24.62535583679292	57.08823148448169	128.72659147010313	273.4414013911873	494.2673484076187	
11.922588797512367	24.57163649725733	56.89357024485822	128.28922948322375	272.4648586547742	492.5557219641456	
11.922588797512367	24.57163649725733	56.89357024485822	128.28922948322375	272.4648586547742	492.5557219641456	
11.922588797512367	24.57163649725733	56.89357024485822	128.28922948322375	272.4648586547742	492.5557219641456	
11.922588797512367	24.57163649725733	56.89357024485822	128.28922948322375	272.4648586547742	492.5557219641456	
11.871584875276575	24.50559934738237	56.72701296339694	127.84100749215547	271.43642234299614	490.78155749064433	
11.871584875276575	24.50559934738237	56.72701296339694	127.84100749215547	271.43642234299614	490.78155749064433	
11.852944592905509	24.40021363670108	56.543510648337865	127.35526912298018	270.43629161778085	488.9978151206522	
11.852944592905509	24.40021363670108	56.543510648337865	127.35526912298018	270.43629161778085	488.9978151206522	
11.852944592905509	24.40021363670108	56.543510648337865	127.35526912298018	270.43629161778085	488.9978151206522	
11.852944592905509	24.40021363670108	56.543510648337865	127.35526912298018	270.43629161778085	488.9978151206522	
11.852944592905509	24.40021363670108	56.543510648337865	127.35526912298018	270.43629161778085	488.9978151206522	
11.743010959079301	24.395594457823815	56.291814905385216	126.90803440501998	269.40313770824235	487.16956370226166	
11.521675952657509	23.99372589550183	55.39000848318048	125.22572102885188	267.5184574029427	486.0635983604124	
11.521675952657509	23.99372589550183	55.39000848318048	125.22572102885188	267.5184574029427	486.0635983604124	
11.521675952657509	23.99372589550183	55.39000848318048	125.22572102885188	267.5184574029427	486.0635983604124	
11.51617193227235	23.921872001855505	55.1817085579783	124.71332628575844	266.4569979068415	484.0804103811414	
11.51617193227235	23.921872001855505	55.1817085579783	124.71332628575844	266.4569979068415	484.0804103811414	
11.51617193227235	23.921872001855505	55.1817085579783	124.71332628575844	266.4569979068415	484.0804103811414	
11.506925178025286	23.85994078876033	54.965969349733165	124.21080427374577	265.3978972096205	482.22398867895447	
11.506925178025286	23.85994078876033	54.965969349733165	124.21080427374577	265.3978972096205	482.22398867895447	
11.388111724644357	23.728892973205355	54.871738431189314	123.69742225754423	264.270391344873	480.1585434709977	
11.388111724644357	23.728892973205355	54.871738431189314	123.69742225754423	264.270391344873	480.1585434709977	
11.388111724644357	23.728892973205355	54.871738431189314	123.69742225754423	264.270391344873	480.1585434709977	
11.138009038342808	23.256368082131136	53.854623121819095	121.43064320139283	260.7534222144577	478.1139442730504	
11.138009038342808	23.256368082131136	53.854623121819095	121.43064320139283	260.7534222144577	478.1139442730504	
10.996519020975033	23.026606703162035	53.710383689486626	120.91232481965089	259.5881755676267	475.91778894827803	
10.823252459250279	22.872462993220736	53.48431214368186	120.4798991983119	258.48661649056163	474.02192884877604	
10.823252459250279	22.872462993220736	53.48431214368186	120.4798991983119	258.48661649056163	474.02192884877604	
10.823252459250279	22.872462993220736	53.48431214368186	120.4798991983119	258.48661649056163	474.02192884877604	
10.823252459250279	22.872462993220736	53.48431214368186	120.4798991983119	258.48661649056163	474.02192884877604	
10.823252459250279	22.872462993220736	53.48431214368186	120.4798991983119	258.48661649056163	474.02192884877604	
10.823252459250279	22.872462993220736	53.48431214368186	120.4798991983119	258.48661649056163	474.02192884877604	
10.823252459250279	22.872462993220736	53.48431214368186	120.4798991983119	258.48661649056163	474.02192884877604	
10.823252459250279	22.872462993220736	53.48431214368186	120.4798991983119	258.48661649056163	474.02192884877604	
10.823252459250279	22.872462993220736	53.48431214368186	120.4798991983119	258.48661649056163	474.02192884877604	
10.823252459250279	22.872462993220736	53.48431214368186	120.4798991983119	258.48661649056163	474.02192884877604	
10.823252459250279	22.872462993220736	53.48431214368186	120.4798991983119	258.48661649056163	474.02192884877604	
10.823252459250279	22.872462993220736	53.48431214368186	120.4798991983119	258.48661649056163	474.02192884877604	
10.823252459250279	22.872462993220736	53.48431214368186	120.4798991983119	258.48661649056163	474.02192884877604	
10.823252459250279	22.872462993220736	53.48431214368186	120.4798991983119	258.48661649056163	474.02192884877604	
10.823252459250279	22.872462993220736	53.48431214368186	120.4798991983119	258.48661649056163	474.02192884877604	
10.850992721991473	22.736111675991864	53.25204119534133	119.93393716954373	257.1987123019589	471.3243424724266	
10.850992721991473	22.736111675991864	53.25204119534133	119.93393716954373	257.1987123019589	471.3243424724266	
10.869412843547131	22.623711656645103	53.029275997555644	119.36526785928972	255.9579840909606	468.963109284607	
10.869412843547131	22.623711656645103	53.029275997555644	119.36526785928972	255.9579840909606	468.963109284607	
10.839544359590345	22.528248626514976	52.77510049358869	118.78771309106298	254.6889502933996	466.5162384340461	
10.839544359590345	22.528248626514976	52.77510049358869	118.78771309106298	254.6889502933996	466.5162384340461	
10.839544359590345	22.528248626514976	52.77510049358869	118.78771309106298	254.6889502933996	466.5162384340461	
10.839544359590345	22.528248626514976	52.77510049358869	118.78771309106298	254.6889502933996	466.5162384340461	
10.885778130825667	22.298145086147553	52.27377547519531	117.64839992433879	252.09427152515227	461.5413663155906	
10.812758127049245	22.216197431250905	52.00389481813771	117.09157789138175	250.81816133095063	459.20266935480817	
10.812758127049245	22.216197431250905	52.00389481813771	117.09157789138175	250.81816133095063	459.20266935480817	
10.812758127049245	22.216197431250905	52.00389481813771	117.09157789138175	250.81816133095063	459.20266935480817	
10.812758127049245	22.216197431250905	52.00389481813771	117.09157789138175	250.81816133095063	459.20266935480817	
10.757644536259203	22.146567586693628	51.75385224919461	116.48144311058839	249.5137455501863	456.61889092499644	
10.773716275783864	21.869759015456086	51.24384806725114	115.33423175899956	246.9450135696214	452.073333931599	
10.773716275783864	21.869759015456086	51.24384806725114	115.33423175899956	246.9450135696214	452.073333931599	
10.69849466385338	21.776520034415014	50.982233280241246	114.72310970509812	245.6736209731802	449.8647836819563	
10.69849466385338	21.776520034415014	50.982233280241246	114.72310970509812	245.6736209731802	449.8647836819563	
10.69849466385338	21.776520034415014	50.982233280241246	114.72310970509812	245.6736209731802	449.8647836819563	
10.69849466385338	21.776520034415014	50.982233280241246	114.72310970509812	245.6736209731802	449.8647836819563	
10.69849466385338	21.776520034415014	50.982233280241246	114.72310970509812	245.6736209731802	449.8647836819563	
10.69849466385338	21.776520034415014	50.982233280241246	114.72310970509812	245.6736209731802	449.8647836819563	
10.662021355434403	21.674898099115204	50.762361136972274	114.07447127308963	244.39986957785874	447.6669381401561	
10.69130274388344	21.489275540528844	50.47760191382879	113.48704377378212	243.06243061277127	445.4059911626519	
10.69130274388344	21.489275540528844	50.47760191382879	113.48704377378212	243.06243061277127	445.4059911626519	
10.630024650262024	21.389877654318088	50.20317502824495	112.88184535852916	241.69668606112106	442.9219355374797	
10.630024650262024	21.389877654318088	50.20317502824495	112.88184535852916	241.69668606112106	442.9219355374797	
10.630024650262024	21.389877654318088	50.20317502824495	112.88184535852916	241.69668606112106	442.9219355374797	
10.630758519646712	21.244630140733	49.931641197177804	112.26183784665498	240.2766891352257	440.10941440324075	
10.591863442258266	21.125557974119083	49.66672006214883	111.64183033478082	238.90150938805462	437.68958702512447	
10.591863442258266	21.125557974119083	49.66672006214883	111.64183033478082	238.90150938805462	437.68958702512447	
10.591863442258266	21.125557974119083	49.66672006214883	111.64183033478082	238.90150938805462	437.68958702512447	
10.591863442258266	21.125557974119083	49.66672006214883	111.64183033478082	238.90150938805462	437.68958702512447	
10.591863442258266	21.125557974119083	49.66672006214883	111.64183033478082	238.90150938805462	437.68958702512447	
10.591863442258266	21.125557974119083	49.66672006214883	111.64183033478082	238.90150938805462	437.68958702512447	
10.591863442258266	21.125557974119083	49.66672006214883	111.64183033478082	238.90150938805462	437.68958702512447	
10.591863442258266	21.125557974119083	49.66672006214883	111.64183033478082	238.90150938805462	437.68958702512447	
10.591863442258266	21.125557974119083	49.66672006214883	111.64183033478082	238.90150938805462	437.68958702512447	
10.591863442258266	21.125557974119083	49.66672006214883	111.64183033478082	238.90150938805462	437.68958702512447	
10.591863442258266	21.125557974119083	49.66672006214883	111.64183033478082	238.90150938805462	437.68958702512447	
10.216415865052067	20.95327971006704	49.42246360223912	110.96258643642187	237.5098180487219	435.15031764371116	
10.216415865052067	20.95327971006704	49.42246360223912	110.96258643642187	237.5098180487219	435.15031764371116	
10.216415865052067	20.95327971006704	49.42246360223912	110.96258643642187	237.5098180487219	435.15031764371116	
10.216415865052067	20.95327971006704	49.42246360223912	110.96258643642187	237.5098180487219	435.15031764371116	
10.216415865052067	20.95327971006704	49.42246360223912	110.96258643642187	237.5098180487219	435.15031764371116	
10.2304327702996	20.780659284616686	49.12737204153601	110.30604981954873	236.0166983575396	432.4538580787136	
10.2304327702996	20.780659284616686	49.12737204153601	110.30604981954873	236.0166983575396	432.4538580787136	
10.2304327702996	20.780659284616686	49.12737204153601	110.30604981954873	236.0166983575396	432.4538580787136	
10.2304327702996	20.780659284616686	49.12737204153601	110.30604981954873	236.0166983575396	432.4538580787136	
10.2304327702996	20.780659284616686	49.12737204153601	110.30604981954873	236.0166983575396	432.4538580787136	
10.2304327702996	20.780659284616686	49.12737204153601	110.30604981954873	236.0166983575396	432.4538580787136	
10.2304327702996	20.780659284616686	49.12737204153601	110.30604981954873	236.0166983575396	432.4538580787136	
10.2304327702996	20.780659284616686	49.12737204153601	110.30604981954873	236.0166983575396	432.4538580787136	
10.197041713296313	20.691184078957086	48.80458981617309	109.63272955983825	234.44951238151822	429.40808699464003	
10.197041713296313	20.691184078957086	48.80458981617309	109.63272955983825	234.44951238151822	429.40808699464003	
10.197041713296313	20.691184078957086	48.80458981617309	109.63272955983825	234.44951238151822	429.40808699464003	
10.217076347498287	20.553464116134954	48.50040579841751	108.95842202701971	232.85048262061377	426.38428873192754	
10.217076347498287	20.553464116134954	48.50040579841751	108.95842202701971	232.85048262061377	426.38428873192754	
10.217076347498287	20.553464116134954	48.50040579841751	108.95842202701971	232.85048262061377	426.38428873192754	
10.158220022846338	20.459540812297245	48.191675552135685	108.20118355312245	231.2080509603132	422.9914597514814	
10.158220022846338	20.459540812297245	48.191675552135685	108.20118355312245	231.2080509603132	422.9914597514814	
10.158220022846338	20.459540812297245	48.191675552135685	108.20118355312245	231.2080509603132	422.9914597514814	
10.1021524018562	20.317543831996158	47.885011773365804	107.46467781449485	229.5835461715023	419.919208600639	
10.1021524018562	20.317543831996158	47.885011773365804	107.46467781449485	229.5835461715023	419.919208600639	
10.1021524018562	20.317543831996158	47.885011773365804	107.46467781449485	229.5835461715023	419.919208600639	
9.620954246316517	19.678044178543807	47.13033783801024	107.4478941716575	227.50096264015178	417.31120372676236	
9.620954246316517	19.678044178543807	47.13033783801024	107.4478941716575	227.50096264015178	417.31120372676236	
9.620954246316517	19.678044178543807	47.13033783801024	107.4478941716575	227.50096264015178	417.31120372676236	
9.620954246316517	19.678044178543807	47.13033783801024	107.4478941716575	227.50096264015178	417.31120372676236	
9.620954246316517	19.678044178543807	47.13033783801024	107.4478941716575	227.50096264015178	417.31120372676236	
9.620954246316517	19.678044178543807	47.13033783801024	107.4478941716575	227.50096264015178	417.31120372676236	
9.620954246316517	19.678044178543807	47.13033783801024	107.4478941716575	227.50096264015178	417.31120372676236	
9.620954246316517	19.678044178543807	47.13033783801024	107.4478941716575	227.50096264015178	417.31120372676236	
9.620954246316517	19.678044178543807	47.13033783801024	107.4478941716575	227.50096264015178	417.31120372676236	
9.620954246316517	19.678044178543807	47.13033783801024	107.4478941716575	227.50096264015178	417.31120372676236	
9.620954246316517	19.678044178543807	47.13033783801024	107.4478941716575	227.50096264015178	417.31120372676236	
9.620954246316517	19.678044178543807	47.13033783801024	107.4478941716575	227.50096264015178	417.31120372676236	
9.620954246316517	19.678044178543807	47.13033783801024	107.4478941716575	227.50096264015178	417.31120372676236	
9.465373936762736	19.58754248868926	46.771185784437414	106.65215204654511	225.7545079492333	413.80174977139893	
9.352578212336246	19.518254805530297	46.42980535146715	105.87516811048624	223.98941874716104	410.471458820981	
9.352578212336246	19.518254805530297	46.42980535146715	105.87516811048624	223.98941874716104	410.471458820981	
9.352578212336246	19.518254805530297	46.42980535146715	105.87516811048624	223.98941874716104	410.471458820981	
9.352578212336246	19.518254805530297	46.42980535146715	105.87516811048624	223.98941874716104	410.471458820981	
9.112162601912573	19.45991628711744	46.08842491849689	105.09127326267082	222.16984129095556	406.5428310427261	
9.112162601912573	19.45991628711744	46.08842491849689	105.09127326267082	222.16984129095556	406.5428310427261	
9.112162601912573	19.45991628711744	46.08842491849689	105.09127326267082	222.16984129095556	406.5428310427261	
9.112162601912573	19.45991628711744	46.08842491849689	105.09127326267082	222.16984129095556	406.5428310427261	
9.112162601912573	19.45991628711744	46.08842491849689	105.09127326267082	222.16984129095556	406.5428310427261	
9.112162601912573	19.45991628711744	46.08842491849689	105.09127326267082	222.16984129095556	406.5428310427261	
9.112162601912573	19.45991628711744	46.08842491849689	105.09127326267082	222.16984129095556	406.5428310427261	
9.112162601912573	19.45991628711744	46.08842491849689	105.09127326267082	222.16984129095556	406.5428310427261	
8.909761425615722	18.94513446335122	45.14570243955601	104.01415830175567	220.95010638999128	402.49081742144267	
8.887011474690404	18.76977674671434	44.81920057267163	103.17695070610394	219.12038609860082	399.11207358289477	
8.887011474690404	18.76977674671434	44.81920057267163	103.17695070610394	219.12038609860082	399.11207358289477	
8.887011474690404	18.76977674671434	44.81920057267163	103.17695070610394	219.12038609860082	399.11207358289477	
8.887011474690404	18.76977674671434	44.81920057267163	103.17695070610394	219.12038609860082	399.11207358289477	
8.887011474690404	18.76977674671434	44.81920057267163	103.17695070610394	219.12038609860082	399.11207358289477	
8.887011474690404	18.76977674671434	44.81920057267163	103.17695070610394	219.12038609860082	399.11207358289477	
8.887011474690404	18.76977674671434	44.81920057267163	103.17695070610394	219.12038609860082	399.11207358289477	
8.887011474690404	18.76977674671434	44.81920057267163	103.17695070610394	219.12038609860082	399.11207358289477	
8.54466140673362	17.99461009882974	43.044104979926765	99.70668573120315	214.62545895244435	397.65566991061763	
8.54466140673362	17.99461009882974	43.044104979926765	99.70668573120315	214.62545895244435	397.65566991061763	
8.54466140673362	17.99461009882974	43.044104979926765	99.70668573120315	214.62545895244435	397.65566991061763	
8.54466140673362	17.99461009882974	43.044104979926765	99.70668573120315	214.62545895244435	397.65566991061763	
8.54466140673362	17.99461009882974	43.044104979926765	99.70668573120315	214.62545895244435	397.65566991061763	
8.54466140673362	17.99461009882974	43.044104979926765	99.70668573120315	214.62545895244435	397.65566991061763	
8.54466140673362	17.99461009882974	43.044104979926765	99.70668573120315	214.62545895244435	397.65566991061763	
8.54466140673362	17.99461009882974	43.044104979926765	99.70668573120315	214.62545895244435	397.65566991061763	
8.54466140673362	17.99461009882974	43.044104979926765	99.70668573120315	214.62545895244435	397.65566991061763	
8.504738912206612	17.92104539819183	42.681233284832466	98.77667446339193	212.7620078370667	394.50510537082107	
8.504738912206612	17.92104539819183	42.681233284832466	98.77667446339193	212.7620078370667	394.50510537082107	
8.504738912206612	17.92104539819183	42.681233284832466	98.77667446339193	212.7620078370667	394.50510537082107	
8.504738912206612	17.92104539819183	42.681233284832466	98.77667446339193	212.7620078370667	394.50510537082107	
8.504738912206612	17.92104539819183	42.681233284832466	98.77667446339193	212.7620078370667	394.50510537082107	
8.504738912206612	17.92104539819183	42.681233284832466	98.77667446339193	212.7620078370667	394.50510537082107	
8.431131812922441	17.784351919564642	42.28612469655212	97.87795975310681	210.7876931743185	390.9539593954388	
8.431131812922441	17.784351919564642	42.28612469655212	97.87795975310681	210.7876931743185	390.9539593954388	
8.431131812922441	17.784351919564642	42.28612469655212	97.87795975310681	210.7876931743185	390.9539593954388	
8.213319379547148	17.68615159824799	41.943917676577094	97.00382814321287	208.73317934964265	387.3814040043713	
8.213319379547148	17.68615159824799	41.943917676577094	97.00382814321287	208.73317934964265	387.3814040043713	
8.213319379547148	17.68615159824799	41.943917676577094	97.00382814321287	208.73317934964265	387.3814040043713	
8.213319379547148	17.68615159824799	41.943917676577094	97.00382814321287	208.73317934964265	387.3814040043713	
8.213319379547148	17.68615159824799	41.943917676577094	97.00382814321287	208.73317934964265	387.3814040043713	
8.213319379547148	17.68615159824799	41.943917676577094	97.00382814321287	208.73317934964265	387.3814040043713	
8.112852660783412	17.51216252720437	41.539303337741885	96.08329469723921	206.65814397470882	383.53728707750577	
8.063830185886278	17.332527793088538	41.152419290158996	95.14222597061746	204.55503889310035	379.53316293867636	
8.063830185886278	17.332527793088538	41.152419290158996	95.14222597061746	204.55503889310035	379.53316293867636	
8.063830185886278	17.332527793088538	41.152419290158996	95.14222597061746	204.55503889310035	379.53316293867636	
8.063830185886278	17.332527793088538	41.152419290158996	95.14222597061746	204.55503889310035	379.53316293867636	
8.063830185886278	17.332527793088538	41.152419290158996	95.14222597061746	204.55503889310035	379.53316293867636	
8.063830185886278	17.332527793088538	41.152419290158996	95.14222597061746	204.55503889310035	379.53316293867636	
8.063830185886278	17.332527793088538	41.152419290158996	95.14222597061746	204.55503889310035	379.53316293867636	
8.063830185886278	17.332527793088538	41.152419290158996	95.14222597061746	204.55503889310035	379.53316293867636	
8.063830185886278	17.332527793088538	41.152419290158996	95.14222597061746	204.55503889310035	379.53316293867636	
7.6221875901812535	16.926416429427437	41.079266340236806	93.87446857253208	202.3163028758789	375.138598666428	
7.6221875901812535	16.926416429427437	41.079266340236806	93.87446857253208	202.3163028758789	375.138598666428	
7.6221875901812535	16.926416429427437	41.079266340236806	93.87446857253208	202.3163028758789	375.138598666428	
7.6221875901812535	16.926416429427437	41.079266340236806	93.87446857253208	202.3163028758789	375.138598666428	
7.5667070646988694	16.746713263031946	40.640389970053846	92.88926873797917	200.0523277106391	370.5423351621969	
7.5667070646988694	16.746713263031946	40.640389970053846	92.88926873797917	200.0523277106391	370.5423351621969	
7.5667070646988694	16.746713263031946	40.640389970053846	92.88926873797917	200.0523277106391	370.5423351621969	
7.362397828001829	16.482239610203695	40.40737509340902	91.84068596988752	197.87303342519934	366.14157342751326	
7.362397828001829	16.482239610203695	40.40737509340902	91.84068596988752	197.87303342519934	366.14157342751326	
7.362397828001829	16.482239610203695	40.40737509340902	91.84068596988752	197.87303342519934	366.14157342751326	
7.362397828001829	16.482239610203695	40.40737509340902	91.84068596988752	197.87303342519934	366.14157342751326	
7.362397828001829	16.482239610203695	40.40737509340902	91.84068596988752	197.87303342519934	366.14157342751326	
7.362397828001829	16.482239610203695	40.40737509340902	91.84068596988752	197.87303342519934	366.14157342751326	
7.362397828001829	16.482239610203695	40.40737509340902	91.84068596988752	197.87303342519934	366.14157342751326	
7.362397828001829	16.482239610203695	40.40737509340902	91.84068596988752	197.87303342519934	366.14157342751326	
7.362397828001829	16.482239610203695	40.40737509340902	91.84068596988752	197.87303342519934	366.14157342751326	
7.362397828001829	16.482239610203695	40.40737509340902	91.84068596988752	197.87303342519934	366.14157342751326	
7.362397828001829	16.482239610203695	40.40737509340902	91.84068596988752	197.87303342519934	366.14157342751326	
7.362397828001829	16.482239610203695	40.40737509340902	91.84068596988752	197.87303342519934	366.14157342751326	
7.362397828001829	16.482239610203695	40.40737509340902	91.84068596988752	197.87303342519934	366.14157342751326	
7.362397828001829	16.482239610203695	40.40737509340902	91.84068596988752	197.87303342519934	366.14157342751326	
7.283000499272473	16.303049685905677	39.93555923108596	90.78361265306641	195.5047993494536	361.5036179032635	
7.283000499272473	16.303049685905677	39.93555923108596	90.78361265306641	195.5047993494536	361.5036179032635	
7.283000499272473	16.303049685905677	39.93555923108596	90.78361265306641	195.5047993494536	361.5036179032635	
7.283000499272473	16.303049685905677	39.93555923108596	90.78361265306641	195.5047993494536	361.5036179032635	
7.283000499272473	16.303049685905677	39.93555923108596	90.78361265306641	195.5047993494536	361.5036179032635	
7.213055408217894	16.115630779978158	39.472587849713946	89.7046218732459	193.08891753632727	356.8436895576524	
7.213055408217894	16.115630779978158	39.472587849713946	89.7046218732459	193.08891753632727	356.8436895576524	
7.213055408217894	16.115630779978158	39.472587849713946	89.7046218732459	193.08891753632727	356.8436895576524	
7.213055408217894	16.115630779978158	39.472587849713946	89.7046218732459	193.08891753632727	356.8436895576524	
7.083813670880553	15.929426547014666	38.99225814124174	88.63214709593873	190.72280637957368	352.5578625808584	
7.083813670880553	15.929426547014666	38.99225814124174	88.63214709593873	190.72280637957368	352.5578625808584	
7.083813670880553	15.929426547014666	38.99225814124174	88.63214709593873	190.72280637957368	352.5578625808584	
7.083813670880553	15.929426547014666	38.99225814124174	88.63214709593873	190.72280637957368	352.5578625808584	
7.083813670880553	15.929426547014666	38.99225814124174	88.63214709593873	190.72280637957368	352.5578625808584	
7.003748521011131	15.71052879244209	38.51597870909292	87.52827703379461	188.24866223410584	347.8776516309138	
7.003748521011131	15.71052879244209	38.51597870909292	87.52827703379461	188.24866223410584	347.8776516309138	
7.003748521011131	15.71052879244209	38.51597870909292	87.52827703379461	188.24866223410584	347.8776516309138	
7.003748521011131	15.71052879244209	38.51597870909292	87.52827703379461	188.24866223410584	347.8776516309138	
7.003748521011131	15.71052879244209	38.51597870909292	87.52827703379461	188.24866223410584	347.8776516309138	
6.928981908099155	15.509782700050172	38.02796174147636	86.37287131540874	185.65563462507464	342.5591020501414	
6.928981908099155	15.509782700050172	38.02796174147636	86.37287131540874	185.65563462507464	342.5591020501414	
6.928981908099155	15.509782700050172	38.02796174147636	86.37287131540874	185.65563462507464	342.5591020501414	
6.928981908099155	15.509782700050172	38.02796174147636	86.37287131540874	185.65563462507464	342.5591020501414	
6.928981908099155	15.509782700050172	38.02796174147636	86.37287131540874	185.65563462507464	342.5591020501414	
6.928981908099155	15.509782700050172	38.02796174147636	86.37287131540874	185.65563462507464	342.5591020501414	
6.928981908099155	15.509782700050172	38.02796174147636	86.37287131540874	185.65563462507464	342.5591020501414	
6.928981908099155	15.509782700050172	38.02796174147636	86.37287131540874	185.65563462507464	342.5591020501414	
6.928981908099155	15.509782700050172	38.02796174147636	86.37287131540874	185.65563462507464	342.5591020501414	
6.928981908099155	15.509782700050172	38.02796174147636	86.37287131540874	185.65563462507464	342.5591020501414	
6.928981908099155	15.509782700050172	38.02796174147636	86.37287131540874	185.65563462507464	342.5591020501414	
6.928981908099155	15.509782700050172	38.02796174147636	86.37287131540874	185.65563462507464	342.5591020501414	
6.928981908099155	15.509782700050172	38.02796174147636	86.37287131540874	185.65563462507464	342.5591020501414	
6.928981908099155	15.509782700050172	38.02796174147636	86.37287131540874	185.65563462507464	342.5591020501414	
6.928981908099155	15.509782700050172	38.02796174147636	86.37287131540874	185.65563462507464	342.5591020501414	
6.928981908099155	15.509782700050172	38.02796174147636	86.37287131540874	185.65563462507464	342.5591020501414	
6.928981908099155	15.509782700050172	38.02796174147636	86.37287131540874	185.65563462507464	342.5591020501414	
6.928981908099155	15.509782700050172	38.02796174147636	86.37287131540874	185.65563462507464	342.5591020501414	
6.928981908099155	15.509782700050172	38.02796174147636	86.37287131540874	185.65563462507464	342.5591020501414	
6.928981908099155	15.509782700050172	38.02796174147636	86.37287131540874	185.65563462507464	342.5591020501414	
6.928981908099155	15.509782700050172	38.02796174147636	86.37287131540874	185.65563462507464	342.5591020501414	
6.928981908099155	15.509782700050172	38.02796174147636	86.37287131540874	185.65563462507464	342.5591020501414	
6.928981908099155	15.509782700050172	38.02796174147636	86.37287131540874	185.65563462507464	342.5591020501414	
6.928981908099155	15.509782700050172	38.02796174147636	86.37287131540874	185.65563462507464	342.5591020501414	
6.928981908099155	15.509782700050172	38.02796174147636	86.37287131540874	185.65563462507464	342.5591020501414	
6.928981908099155	15.509782700050172	38.02796174147636	86.37287131540874	185.65563462507464	342.5591020501414	
6.928981908099155	15.509782700050172	38.02796174147636	86.37287131540874	185.65563462507464	342.5591020501414	
6.928981908099155	15.509782700050172	38.02796174147636	86.37287131540874	185.65563462507464	342.5591020501414	
6.928981908099155	15.509782700050172	38.02796174147636	86.37287131540874	185.65563462507464	342.5591020501414	
6.928981908099155	15.509782700050172	38.02796174147636	86.37287131540874	185.65563462507464	342.5591020501414	
6.928981908099155	15.509782700050172	38.02796174147636	86.37287131540874	185.65563462507464	342.5591020501414	
6.928981908099155	15.509782700050172	38.02796174147636	86.37287131540874	185.65563462507464	342.5591020501414	
6.928981908099155	15.509782700050172	38.02796174147636	86.37287131540874	185.65563462507464	342.5591020501414	
6.928981908099155	15.509782700050172	38.02796174147636	86.37287131540874	185.65563462507464	342.5591020501414	
6.479149330061017	14.887425332653443	36.159089853040264	82.4197310633461	178.14002963290216	333.80546806322815	
6.479149330061017	14.887425332653443	36.159089853040264	82.4197310633461	178.14002963290216	333.80546806322815	
6.479149330061017	14.887425332653443	36.159089853040264	82.4197310633461	178.14002963290216	333.80546806322815	
6.479149330061017	14.887425332653443	36.159089853040264	82.4197310633461	178.14002963290216	333.80546806322815	
6.479149330061017	14.887425332653443	36.159089853040264	82.4197310633461	178.14002963290216	333.80546806322815	
6.479149330061017	14.887425332653443	36.159089853040264	82.4197310633461	178.14002963290216	333.80546806322815	
6.479149330061017	14.887425332653443	36.159089853040264	82.4197310633461	178.14002963290216	333.80546806322815	
6.479149330061017	14.887425332653443	36.159089853040264	82.4197310633461	178.14002963290216	333.80546806322815	
6.479149330061017	14.887425332653443	36.159089853040264	82.4197310633461	178.14002963290216	333.80546806322815	
6.479149330061017	14.887425332653443	36.159089853040264	82.4197310633461	178.14002963290216	333.80546806322815	
6.371732868224287	14.622609518426877	35.61846062257005	81.09155255104623	175.30050754088748	328.7443948763555	
6.371732868224287	14.622609518426877	35.61846062257005	81.09155255104623	175.30050754088748	328.7443948763555	
6.371732868224287	14.622609518426877	35.61846062257005	81.09155255104623	175.30050754088748	328.7443948763555	
6.371732868224287	14.622609518426877	35.61846062257005	81.09155255104623	175.30050754088748	328.7443948763555	
6.371732868224287	14.622609518426877	35.61846062257005	81.09155255104623	175.30050754088748	328.7443948763555	
6.371732868224287	14.622609518426877	35.61846062257005	81.09155255104623	175.30050754088748	328.7443948763555	
6.371732868224287	14.622609518426877	35.61846062257005	81.09155255104623	175.30050754088748	328.7443948763555	
6.371732868224287	14.622609518426877	35.61846062257005	81.09155255104623	175.30050754088748	328.7443948763555	
6.2363779989124986	14.36532125496326	35.0334849992939	79.75172421607103	172.3501219015022	323.4545789850555	
6.2363779989124986	14.36532125496326	35.0334849992939	79.75172421607103	172.3501219015022	323.4545789850555	
6.2363779989124986	14.36532125496326	35.0334849992939	79.75172421607103	172.3501219015022	323.4545789850555	
6.2363779989124986	14.36532125496326	35.0334849992939	79.75172421607103	172.3501219015022	323.4545789850555	
6.2363779989124986	14.36532125496326	35.0334849992939	79.75172421607103	172.3501219015022	323.4545789850555	
6.2363779989124986	14.36532125496326	35.0334849992939	79.75172421607103	172.3501219015022	323.4545789850555	
6.2363779989124986	14.36532125496326	35.0334849992939	79.75172421607103	172.3501219015022	323.4545789850555	
6.2363779989124986	14.36532125496326	35.0334849992939	79.75172421607103	172.3501219015022	323.4545789850555	
6.2363779989124986	14.36532125496326	35.0334849992939	79.75172421607103	172.3501219015022	323.4545789850555	
6.2363779989124986	14.36532125496326	35.0334849992939	79.75172421607103	172.3501219015022	323.4545789850555	
6.2363779989124986	14.36532125496326	35.0334849992939	79.75172421607103	172.3501219015022	323.4545789850555	
6.2363779989124986	14.36532125496326	35.0334849992939	79.75172421607103	172.3501219015022	323.4545789850555	
6.112097218615646	14.110171500239119	34.39750895782339	78.35838567863789	169.24122497736585	317.72023601544726	
6.112097218615646	14.110171500239119	34.39750895782339	78.35838567863789	169.24122497736585	317.72023601544726	
6.112097218615646	14.110171500239119	34.39750895782339	78.35838567863789	169.24122497736585	317.72023601544726	
6.112097218615646	14.110171500239119	34.39750895782339	78.35838567863789	169.24122497736585	317.72023601544726	
6.112097218615646	14.110171500239119	34.39750895782339	78.35838567863789	169.24122497736585	317.72023601544726	
6.112097218615646	14.110171500239119	34.39750895782339	78.35838567863789	169.24122497736585	317.72023601544726	
6.112097218615646	14.110171500239119	34.39750895782339	78.35838567863789	169.24122497736585	317.72023601544726	
6.112097218615646	14.110171500239119	34.39750895782339	78.35838567863789	169.24122497736585	317.72023601544726	
6.112097218615646	14.110171500239119	34.39750895782339	78.35838567863789	169.24122497736585	317.72023601544726	
6.112097218615646	14.110171500239119	34.39750895782339	78.35838567863789	169.24122497736585	317.72023601544726	
6.112097218615646	14.110171500239119	34.39750895782339	78.35838567863789	169.24122497736585	317.72023601544726	
6.112097218615646	14.110171500239119	34.39750895782339	78.35838567863789	169.24122497736585	317.72023601544726	
6.112097218615646	14.110171500239119	34.39750895782339	78.35838567863789	169.24122497736585	317.72023601544726	
5.994002957231712	13.853772856411124	33.78066840551333	76.8852754740719	165.98561076287947	311.52953444833634	
5.994002957231712	13.853772856411124	33.78066840551333	76.8852754740719	165.98561076287947	311.52953444833634	
5.994002957231712	13.853772856411124	33.78066840551333	76.8852754740719	165.98561076287947	311.52953444833634	
5.994002957231712	13.853772856411124	33.78066840551333	76.8852754740719	165.98561076287947	311.52953444833634	
5.994002957231712	13.853772856411124	33.78066840551333	76.8852754740719	165.98561076287947	311.52953444833634	
5.994002957231712	13.853772856411124	33.78066840551333	76.8852754740719	165.98561076287947	311.52953444833634	
5.994002957231712	13.853772856411124	33.78066840551333	76.8852754740719	165.98561076287947	311.52953444833634	
5.994002957231712	13.853772856411124	33.78066840551333	76.8852754740719	165.98561076287947	311.52953444833634	
5.994002957231712	13.853772856411124	33.78066840551333	76.8852754740719	165.98561076287947	311.52953444833634	
5.994002957231712	13.853772856411124	33.78066840551333	76.8852754740719	165.98561076287947	311.52953444833634	
5.994002957231712	13.853772856411124	33.78066840551333	76.8852754740719	165.98561076287947	311.52953444833634	
5.994002957231712	13.853772856411124	33.78066840551333	76.8852754740719	165.98561076287947	311.52953444833634	
5.994002957231712	13.853772856411124	33.78066840551333	76.8852754740719	165.98561076287947	311.52953444833634	
5.994002957231712	13.853772856411124	33.78066840551333	76.8852754740719	165.98561076287947	311.52953444833634	
5.994002957231712	13.853772856411124	33.78066840551333	76.8852754740719	165.98561076287947	311.52953444833634	
5.994002957231712	13.853772856411124	33.78066840551333	76.8852754740719	165.98561076287947	311.52953444833634	
5.994002957231712	13.853772856411124	33.78066840551333	76.8852754740719	165.98561076287947	311.52953444833634	
5.994002957231712	13.853772856411124	33.78066840551333	76.8852754740719	165.98561076287947	311.52953444833634	
5.994002957231712	13.853772856411124	33.78066840551333	76.8852754740719	165.98561076287947	311.52953444833634	
5.994002957231712	13.853772856411124	33.78066840551333	76.8852754740719	165.98561076287947	311.52953444833634	
5.994002957231712	13.853772856411124	33.78066840551333	76.8852754740719	165.98561076287947	311.52953444833634	
5.994002957231712	13.853772856411124	33.78066840551333	76.8852754740719	165.98561076287947	311.52953444833634	
5.994002957231712	13.853772856411124	33.78066840551333	76.8852754740719	165.98561076287947	311.52953444833634	
5.994002957231712	13.853772856411124	33.78066840551333	76.8852754740719	165.98561076287947	311.52953444833634	
5.994002957231712	13.853772856411124	33.78066840551333	76.8852754740719	165.98561076287947	311.52953444833634	
5.994002957231712	13.853772856411124	33.78066840551333	76.8852754740719	165.98561076287947	311.52953444833634	
5.994002957231712	13.853772856411124	33.78066840551333	76.8852754740719	165.98561076287947	311.52953444833634	
5.994002957231712	13.853772856411124	33.78066840551333	76.8852754740719	165.98561076287947	311.52953444833634	
5.994002957231712	13.853772856411124	33.78066840551333	76.8852754740719	165.98561076287947	311.52953444833634	
5.826511947564451	13.565262365351186	33.11233148280606	75.27157757891534	162.4549605989589	305.1354434322149	
5.826511947564451	13.565262365351186	33.11233148280606	75.27157757891534	162.4549605989589	305.1354434322149	
5.826511947564451	13.565262365351186	33.11233148280606	75.27157757891534	162.4549605989589	305.1354434322149	
5.826511947564451	13.565262365351186	33.11233148280606	75.27157757891534	162.4549605989589	305.1354434322149	
5.826511947564451	13.565262365351186	33.11233148280606	75.27157757891534	162.4549605989589	305.1354434322149	
5.826511947564451	13.565262365351186	33.11233148280606	75.27157757891534	162.4549605989589	305.1354434322149	
5.826511947564451	13.565262365351186	33.11233148280606	75.27157757891534	162.4549605989589	305.1354434322149	
5.826511947564451	13.565262365351186	33.11233148280606	75.27157757891534	162.4549605989589	305.1354434322149	
5.826511947564451	13.565262365351186	33.11233148280606	75.27157757891534	162.4549605989589	305.1354434322149	
5.826511947564451	13.565262365351186	33.11233148280606	75.27157757891534	162.4549605989589	305.1354434322149	
5.826511947564451	13.565262365351186	33.11233148280606	75.27157757891534	162.4549605989589	305.1354434322149	
5.417526539478028	12.402991419481934	30.55015974411862	70.61332687306205	157.77533950048078	301.28287542021053	
5.417526539478028	12.402991419481934	30.55015974411862	70.61332687306205	157.77533950048078	301.28287542021053	
5.417526539478028	12.402991419481934	30.55015974411862	70.61332687306205	157.77533950048078	301.28287542021053	
5.417526539478028	12.402991419481934	30.55015974411862	70.61332687306205	157.77533950048078	301.28287542021053	
5.417526539478028	12.402991419481934	30.55015974411862	70.61332687306205	157.77533950048078	301.28287542021053	
5.417526539478028	12.402991419481934	30.55015974411862	70.61332687306205	157.77533950048078	301.28287542021053	
5.417526539478028	12.402991419481934	30.55015974411862	70.61332687306205	157.77533950048078	301.28287542021053	
5.14773413758531	12.2354863069364	29.69443554742986	68.86960510957137	153.780949476708	292.8627775934474	
5.14773413758531	12.2354863069364	29.69443554742986	68.86960510957137	153.780949476708	292.8627775934474	
5.14773413758531	12.2354863069364	29.69443554742986	68.86960510957137	153.780949476708	292.8627775934474	
5.14773413758531	12.2354863069364	29.69443554742986	68.86960510957137	153.780949476708	292.8627775934474	
5.038248164083761	11.946513897988735	28.961790155751434	67.1532308111745	149.77948305629457	284.4398627383046	
5.038248164083761	11.946513897988735	28.961790155751434	67.1532308111745	149.77948305629457	284.4398627383046	
5.038248164083761	11.946513897988735	28.961790155751434	67.1532308111745	149.77948305629457	284.4398627383046	
5.038248164083761	11.946513897988735	28.961790155751434	67.1532308111745	149.77948305629457	284.4398627383046	
5.038248164083761	11.946513897988735	28.961790155751434	67.1532308111745	149.77948305629457	284.4398627383046	
5.038248164083761	11.946513897988735	28.961790155751434	67.1532308111745	149.77948305629457	284.4398627383046	
4.985879244792451	11.653538200680776	28.23133521963565	65.38137176410353	145.7895747503942	276.5944387009894	
4.8328014298404565	11.328194035092134	27.464923748812346	63.63508309053185	141.73928119316005	268.54562521466374	
4.8328014298404565	11.328194035092134	27.464923748812346	63.63508309053185	141.73928119316005	268.54562521466374	
4.688023677629277	11.038503087208003	26.699380194344055	61.83558039643465	137.61468547119887	259.9317158353809	
4.56704530956352	10.720703580452227	25.935241837783867	60.04812243425602	133.5582590368762	251.88740959446267	
4.56704530956352	10.720703580452227	25.935241837783867	60.04812243425602	133.5582590368762	251.88740959446267	
4.56704530956352	10.720703580452227	25.935241837783867	60.04812243425602	133.5582590368762	251.88740959446267	
4.56704530956352	10.720703580452227	25.935241837783867	60.04812243425602	133.5582590368762	251.88740959446267	
4.56704530956352	10.720703580452227	25.935241837783867	60.04812243425602	133.5582590368762	251.88740959446267	
4.56704530956352	10.720703580452227	25.935241837783867	60.04812243425602	133.5582590368762	251.88740959446267	
4.56704530956352	10.720703580452227	25.935241837783867	60.04812243425602	133.5582590368762	251.88740959446267	
4.56704530956352	10.720703580452227	25.935241837783867	60.04812243425602	133.5582590368762	251.88740959446267	
4.56704530956352	10.720703580452227	25.935241837783867	60.04812243425602	133.5582590368762	251.88740959446267	
4.56704530956352	10.720703580452227	25.935241837783867	60.04812243425602	133.5582590368762	251.88740959446267	
4.56704530956352	10.720703580452227	25.935241837783867	60.04812243425602	133.5582590368762	251.88740959446267	
4.56704530956352	10.720703580452227	25.935241837783867	60.04812243425602	133.5582590368762	251.88740959446267	
4.56704530956352	10.720703580452227	25.935241837783867	60.04812243425602	133.5582590368762	251.88740959446267	
4.56704530956352	10.720703580452227	25.935241837783867	60.04812243425602	133.5582590368762	251.88740959446267	
4.56704530956352	10.720703580452227	25.935241837783867	60.04812243425602	133.5582590368762	251.88740959446267	
4.56704530956352	10.720703580452227	25.935241837783867	60.04812243425602	133.5582590368762	251.88740959446267	
4.56704530956352	10.720703580452227	25.935241837783867	60.04812243425602	133.5582590368762	251.88740959446267	
4.56704530956352	10.720703580452227	25.935241837783867	60.04812243425602	133.5582590368762	251.88740959446267	
4.56704530956352	10.720703580452227	25.935241837783867	60.04812243425602	133.5582590368762	251.88740959446267	
4.56704530956352	10.720703580452227	25.935241837783867	60.04812243425602	133.5582590368762	251.88740959446267	
4.56704530956352	10.720703580452227	25.935241837783867	60.04812243425602	133.5582590368762	251.88740959446267	
4.56704530956352	10.720703580452227	25.935241837783867	60.04812243425602	133.5582590368762	251.88740959446267	
4.56704530956352	10.720703580452227	25.935241837783867	60.04812243425602	133.5582590368762	251.88740959446267	
4.56704530956352	10.720703580452227	25.935241837783867	60.04812243425602	133.5582590368762	251.88740959446267	
4.56704530956352	10.720703580452227	25.935241837783867	60.04812243425602	133.5582590368762	251.88740959446267	
4.56704530956352	10.720703580452227	25.935241837783867	60.04812243425602	133.5582590368762	251.88740959446267	
4.56704530956352	10.720703580452227	25.935241837783867	60.04812243425602	133.5582590368762	251.88740959446267	
4.56704530956352	10.720703580452227	25.935241837783867	60.04812243425602	133.5582590368762	251.88740959446267	
4.362303089929514	10.376694510585455	25.110638641824714	58.10378677520352	129.23127837099167	243.61548746046898	
4.208858340285176	10.02029919809965	24.28644873936795	56.1780118505829	125.10314445071015	236.59488933271422	
4.208858340285176	10.02029919809965	24.28644873936795	56.1780118505829	125.10314445071015	236.59488933271422	
4.208858340285176	10.02029919809965	24.28644873936795	56.1780118505829	125.10314445071015	236.59488933271422	
4.208858340285176	10.02029919809965	24.28644873936795	56.1780118505829	125.10314445071015	236.59488933271422	
4.208858340285176	10.02029919809965	24.28644873936795	56.1780118505829	125.10314445071015	236.59488933271422	
4.208858340285176	10.02029919809965	24.28644873936795	56.1780118505829	125.10314445071015	236.59488933271422	
4.208858340285176	10.02029919809965	24.28644873936795	56.1780118505829	125.10314445071015	236.59488933271422	
4.208858340285176	10.02029919809965	24.28644873936795	56.1780118505829	125.10314445071015	236.59488933271422	
4.208858340285176	10.02029919809965	24.28644873936795	56.1780118505829	125.10314445071015	236.59488933271422	
4.208858340285176	10.02029919809965	24.28644873936795	56.1780118505829	125.10314445071015	236.59488933271422	
4.208858340285176	10.02029919809965	24.28644873936795	56.1780118505829	125.10314445071015	236.59488933271422	
4.208858340285176	10.02029919809965	24.28644873936795	56.1780118505829	125.10314445071015	236.59488933271422	
4.208858340285176	10.02029919809965	24.28644873936795	56.1780118505829	125.10314445071015	236.59488933271422	
4.208858340285176	10.02029919809965	24.28644873936795	56.1780118505829	125.10314445071015	236.59488933271422	
4.208858340285176	10.02029919809965	24.28644873936795	56.1780118505829	125.10314445071015	236.59488933271422	
4.208858340285176	10.02029919809965	24.28644873936795	56.1780118505829	125.10314445071015	236.59488933271422	
4.208858340285176	10.02029919809965	24.28644873936795	56.1780118505829	125.10314445071015	236.59488933271422	
4.208858340285176	10.02029919809965	24.28644873936795	56.1780118505829	125.10314445071015	236.59488933271422	
4.208858340285176	10.02029919809965	24.28644873936795	56.1780118505829	125.10314445071015	236.59488933271422	
4.208858340285176	10.02029919809965	24.28644873936795	56.1780118505829	125.10314445071015	236.59488933271422	
4.208858340285176	10.02029919809965	24.28644873936795	56.1780118505829	125.10314445071015	236.59488933271422	
4.208858340285176	10.02029919809965	24.28644873936795	56.1780118505829	125.10314445071015	236.59488933271422	
4.208858340285176	10.02029919809965	24.28644873936795	56.1780118505829	125.10314445071015	236.59488933271422	
4.208858340285176	10.02029919809965	24.28644873936795	56.1780118505829	125.10314445071015	236.59488933271422	
4.208858340285176	10.02029919809965	24.28644873936795	56.1780118505829	125.10314445071015	236.59488933271422	
4.208858340285176	10.02029919809965	24.28644873936795	56.1780118505829	125.10314445071015	236.59488933271422	
4.208858340285176	10.02029919809965	24.28644873936795	56.1780118505829	125.10314445071015	236.59488933271422	
4.208858340285176	10.02029919809965	24.28644873936795	56.1780118505829	125.10314445071015	236.59488933271422	
4.208858340285176	10.02029919809965	24.28644873936795	56.1780118505829	125.10314445071015	236.59488933271422	
4.208858340285176	10.02029919809965	24.28644873936795	56.1780118505829	125.10314445071015	236.59488933271422	
4.208858340285176	10.02029919809965	24.28644873936795	56.1780118505829	125.10314445071015	236.59488933271422	
4.208858340285176	10.02029919809965	24.28644873936795	56.1780118505829	125.10314445071015	236.59488933271422	
4.027827440470428	9.65716330606702	23.363894983343474	54.06258176190015	120.31714152273389	227.37137501207596	
4.027827440470428	9.65716330606702	23.363894983343474	54.06258176190015	120.31714152273389	227.37137501207596	
4.027827440470428	9.65716330606702	23.363894983343474	54.06258176190015	120.31714152273389	227.37137501207596	
4.027827440470428	9.65716330606702	23.363894983343474	54.06258176190015	120.31714152273389	227.37137501207596	
4.027827440470428	9.65716330606702	23.363894983343474	54.06258176190015	120.31714152273389	227.37137501207596	
4.027827440470428	9.65716330606702	23.363894983343474	54.06258176190015	120.31714152273389	227.37137501207596	
4.027827440470428	9.65716330606702	23.363894983343474	54.06258176190015	120.31714152273389	227.37137501207596	
4.027827440470428	9.65716330606702	23.363894983343474	54.06258176190015	120.31714152273389	227.37137501207596	
4.027827440470428	9.65716330606702	23.363894983343474	54.06258176190015	120.31714152273389	227.37137501207596	
4.027827440470428	9.65716330606702	23.363894983343474	54.06258176190015	120.31714152273389	227.37137501207596	
4.027827440470428	9.65716330606702	23.363894983343474	54.06258176190015	120.31714152273389	227.37137501207596	
4.027827440470428	9.65716330606702	23.363894983343474	54.06258176190015	120.31714152273389	227.37137501207596	
4.027827440470428	9.65716330606702	23.363894983343474	54.06258176190015	120.31714152273389	227.37137501207596	
4.027827440470428	9.65716330606702	23.363894983343474	54.06258176190015	120.31714152273389	227.37137501207596	
4.027827440470428	9.65716330606702	23.363894983343474	54.06258176190015	120.31714152273389	227.37137501207596	
4.027827440470428	9.65716330606702	23.363894983343474	54.06258176190015	120.31714152273389	227.37137501207596	
4.027827440470428	9.65716330606702	23.363894983343474	54.06258176190015	120.31714152273389	227.37137501207596	
4.027827440470428	9.65716330606702	23.363894983343474	54.06258176190015	120.31714152273389	227.37137501207596	
4.027827440470428	9.65716330606702	23.363894983343474	54.06258176190015	120.31714152273389	227.37137501207596	
4.027827440470428	9.65716330606702	23.363894983343474	54.06258176190015	120.31714152273389	227.37137501207596	
4.027827440470428	9.65716330606702	23.363894983343474	54.06258176190015	120.31714152273389	227.37137501207596	
3.8641231968281566	9.269699738614133	22.39005150367299	51.82265653428851	115.3690891116862	218.3320943474666	
3.8641231968281566	9.269699738614133	22.39005150367299	51.82265653428851	115.3690891116862	218.3320943474666	
3.8641231968281566	9.269699738614133	22.39005150367299	51.82265653428851	115.3690891116862	218.3320943474666	
3.8641231968281566	9.269699738614133	22.39005150367299	51.82265653428851	115.3690891116862	218.3320943474666	
3.8641231968281566	9.269699738614133	22.39005150367299	51.82265653428851	115.3690891116862	218.3320943474666	
3.8641231968281566	9.269699738614133	22.39005150367299	51.82265653428851	115.3690891116862	218.3320943474666	
3.8641231968281566	9.269699738614133	22.39005150367299	51.82265653428851	115.3690891116862	218.3320943474666	
3.8641231968281566	9.269699738614133	22.39005150367299	51.82265653428851	115.3690891116862	218.3320943474666	
3.8641231968281566	9.269699738614133	22.39005150367299	51.82265653428851	115.3690891116862	218.3320943474666	
3.8641231968281566	9.269699738614133	22.39005150367299	51.82265653428851	115.3690891116862	218.3320943474666	
3.8641231968281566	9.269699738614133	22.39005150367299	51.82265653428851	115.3690891116862	218.3320943474666	
3.8641231968281566	9.269699738614133	22.39005150367299	51.82265653428851	115.3690891116862	218.3320943474666	
3.8641231968281566	9.269699738614133	22.39005150367299	51.82265653428851	115.3690891116862	218.3320943474666	
3.6408067430677065	8.86066289499743	21.382813909009773	49.46386362446407	110.00329341895066	207.5907651358749	
3.6408067430677065	8.86066289499743	21.382813909009773	49.46386362446407	110.00329341895066	207.5907651358749	
3.6408067430677065	8.86066289499743	21.382813909009773	49.46386362446407	110.00329341895066	207.5907651358749	
3.6408067430677065	8.86066289499743	21.382813909009773	49.46386362446407	110.00329341895066	207.5907651358749	
3.6408067430677065	8.86066289499743	21.382813909009773	49.46386362446407	110.00329341895066	207.5907651358749	
3.6408067430677065	8.86066289499743	21.382813909009773	49.46386362446407	110.00329341895066	207.5907651358749	
3.6408067430677065	8.86066289499743	21.382813909009773	49.46386362446407	110.00329341895066	207.5907651358749	
3.6408067430677065	8.86066289499743	21.382813909009773	49.46386362446407	110.00329341895066	207.5907651358749	
3.6408067430677065	8.86066289499743	21.382813909009773	49.46386362446407	110.00329341895066	207.5907651358749	
3.6408067430677065	8.86066289499743	21.382813909009773	49.46386362446407	110.00329341895066	207.5907651358749	
3.6408067430677065	8.86066289499743	21.382813909009773	49.46386362446407	110.00329341895066	207.5907651358749	
3.6408067430677065	8.86066289499743	21.382813909009773	49.46386362446407	110.00329341895066	207.5907651358749	
3.5437231621673786	8.398676574991347	20.310110623568722	47.071207247032476	104.43770746106009	196.47758817816978	
3.5437231621673786	8.398676574991347	20.310110623568722	47.071207247032476	104.43770746106009	196.47758817816978	
3.5437231621673786	8.398676574991347	20.310110623568722	47.071207247032476	104.43770746106009	196.47758817816978	
3.5437231621673786	8.398676574991347	20.310110623568722	47.071207247032476	104.43770746106009	196.47758817816978	
3.5437231621673786	8.398676574991347	20.310110623568722	47.071207247032476	104.43770746106009	196.47758817816978	
3.5437231621673786	8.398676574991347	20.310110623568722	47.071207247032476	104.43770746106009	196.47758817816978	
3.5437231621673786	8.398676574991347	20.310110623568722	47.071207247032476	104.43770746106009	196.47758817816978	
3.5437231621673786	8.398676574991347	20.310110623568722	47.071207247032476	104.43770746106009	196.47758817816978	
3.5437231621673786	8.398676574991347	20.310110623568722	47.071207247032476	104.43770746106009	196.47758817816978	
3.5437231621673786	8.398676574991347	20.310110623568722	47.071207247032476	104.43770746106009	196.47758817816978	
3.5437231621673786	8.398676574991347	20.310110623568722	47.071207247032476	104.43770746106009	196.47758817816978	
3.5437231621673786	8.398676574991347	20.310110623568722	47.071207247032476	104.43770746106009	196.47758817816978	
3.5437231621673786	8.398676574991347	20.310110623568722	47.071207247032476	104.43770746106009	196.47758817816978	
3.5437231621673786	8.398676574991347	20.310110623568722	47.071207247032476	104.43770746106009	196.47758817816978	
3.5437231621673786	8.398676574991347	20.310110623568722	47.071207247032476	104.43770746106009	196.47758817816978	
3.5437231621673786	8.398676574991347	20.310110623568722	47.071207247032476	104.43770746106009	196.47758817816978	
3.5437231621673786	8.398676574991347	20.310110623568722	47.071207247032476	104.43770746106009	196.47758817816978	
3.5437231621673786	8.398676574991347	20.310110623568722	47.071207247032476	104.43770746106009	196.47758817816978	
3.5437231621673786	8.398676574991347	20.310110623568722	47.071207247032476	104.43770746106009	196.47758817816978	
3.5437231621673786	8.398676574991347	20.310110623568722	47.071207247032476	104.43770746106009	196.47758817816978	
3.5437231621673786	8.398676574991347	20.310110623568722	47.071207247032476	104.43770746106009	196.47758817816978	
3.5437231621673786	8.398676574991347	20.310110623568722	47.071207247032476	104.43770746106009	196.47758817816978	
3.5437231621673786	8.398676574991347	20.310110623568722	47.071207247032476	104.43770746106009	196.47758817816978	
3.5437231621673786	8.398676574991347	20.310110623568722	47.071207247032476	104.43770746106009	196.47758817816978	
3.5437231621673786	8.398676574991347	20.310110623568722	47.071207247032476	104.43770746106009	196.47758817816978	
3.5437231621673786	8.398676574991347	20.310110623568722	47.071207247032476	104.43770746106009	196.47758817816978	
3.5437231621673786	8.398676574991347	20.310110623568722	47.071207247032476	104.43770746106009	196.47758817816978	
3.5437231621673786	8.398676574991347	20.310110623568722	47.071207247032476	104.43770746106009	196.47758817816978	
3.5437231621673786	8.398676574991347	20.310110623568722	47.071207247032476	104.43770746106009	196.47758817816978	
3.5437231621673786	8.398676574991347	20.310110623568722	47.071207247032476	104.43770746106009	196.47758817816978	
3.5437231621673786	8.398676574991347	20.310110623568722	47.071207247032476	104.43770746106009	196.47758817816978	
3.5437231621673786	8.398676574991347	20.310110623568722	47.071207247032476	104.43770746106009	196.47758817816978	
3.5437231621673786	8.398676574991347	20.310110623568722	47.071207247032476	104.43770746106009	196.47758817816978	
3.5437231621673786	8.398676574991347	20.310110623568722	47.071207247032476	104.43770746106009	196.47758817816978	
3.5437231621673786	8.398676574991347	20.310110623568722	47.071207247032476	104.43770746106009	196.47758817816978	
3.5437231621673786	8.398676574991347	20.310110623568722	47.071207247032476	104.43770746106009	196.47758817816978	
3.5437231621673786	8.398676574991347	20.310110623568722	47.071207247032476	104.43770746106009	196.47758817816978	
3.5437231621673786	8.398676574991347	20.310110623568722	47.071207247032476	104.43770746106009	196.47758817816978	
3.5437231621673786	8.398676574991347	20.310110623568722	47.071207247032476	104.43770746106009	196.47758817816978	
3.5437231621673786	8.398676574991347	20.310110623568722	47.071207247032476	104.43770746106009	196.47758817816978	
3.5437231621673786	8.398676574991347	20.310110623568722	47.071207247032476	104.43770746106009	196.47758817816978	
3.5437231621673786	8.398676574991347	20.310110623568722	47.071207247032476	104.43770746106009	196.47758817816978	
3.5437231621673786	8.398676574991347	20.310110623568722	47.071207247032476	104.43770746106009	196.47758817816978	
3.5437231621673786	8.398676574991347	20.310110623568722	47.071207247032476	104.43770746106009	196.47758817816978	
3.5437231621673786	8.398676574991347	20.310110623568722	47.071207247032476	104.43770746106009	196.47758817816978	
3.5437231621673786	8.398676574991347	20.310110623568722	47.071207247032476	104.43770746106009	196.47758817816978	
3.5437231621673786	8.398676574991347	20.310110623568722	47.071207247032476	104.43770746106009	196.47758817816978	
3.5437231621673786	8.398676574991347	20.310110623568722	47.071207247032476	104.43770746106009	196.47758817816978	
3.5437231621673786	8.398676574991347	20.310110623568722	47.071207247032476	104.43770746106009	196.47758817816978	
3.5437231621673786	8.398676574991347	20.310110623568722	47.071207247032476	104.43770746106009	196.47758817816978	
3.5437231621673786	8.398676574991347	20.310110623568722	47.071207247032476	104.43770746106009	196.47758817816978	
3.5437231621673786	8.398676574991347	20.310110623568722	47.071207247032476	104.43770746106009	196.47758817816978	
3.318638083189832	7.869369999866617	19.14383768918764	44.26399489151815	98.20410966028986	184.32436434269928	
3.318638083189832	7.869369999866617	19.14383768918764	44.26399489151815	98.20410966028986	184.32436434269928	
3.318638083189832	7.869369999866617	19.14383768918764	44.26399489151815	98.20410966028986	184.32436434269928	
3.318638083189832	7.869369999866617	19.14383768918764	44.26399489151815	98.20410966028986	184.32436434269928	
3.318638083189832	7.869369999866617	19.14383768918764	44.26399489151815	98.20410966028986	184.32436434269928	
3.318638083189832	7.869369999866617	19.14383768918764	44.26399489151815	98.20410966028986	184.32436434269928	
3.318638083189832	7.869369999866617	19.14383768918764	44.26399489151815	98.20410966028986	184.32436434269928	
3.318638083189832	7.869369999866617	19.14383768918764	44.26399489151815	98.20410966028986	184.32436434269928	
3.318638083189832	7.869369999866617	19.14383768918764	44.26399489151815	98.20410966028986	184.32436434269928	
3.318638083189832	7.869369999866617	19.14383768918764	44.26399489151815	98.20410966028986	184.32436434269928	
3.318638083189832	7.869369999866617	19.14383768918764	44.26399489151815	98.20410966028986	184.32436434269928	
3.318638083189832	7.869369999866617	19.14383768918764	44.26399489151815	98.20410966028986	184.32436434269928	
3.318638083189832	7.869369999866617	19.14383768918764	44.26399489151815	98.20410966028986	184.32436434269928	
3.318638083189832	7.869369999866617	19.14383768918764	44.26399489151815	98.20410966028986	184.32436434269928	
3.318638083189832	7.869369999866617	19.14383768918764	44.26399489151815	98.20410966028986	184.32436434269928	
3.318638083189832	7.869369999866617	19.14383768918764	44.26399489151815	98.20410966028986	184.32436434269928	
3.318638083189832	7.869369999866617	19.14383768918764	44.26399489151815	98.20410966028986	184.32436434269928	
3.318638083189832	7.869369999866617	19.14383768918764	44.26399489151815	98.20410966028986	184.32436434269928	
3.318638083189832	7.869369999866617	19.14383768918764	44.26399489151815	98.20410966028986	184.32436434269928	
3.318638083189832	7.869369999866617	19.14383768918764	44.26399489151815	98.20410966028986	184.32436434269928	
3.318638083189832	7.869369999866617	19.14383768918764	44.26399489151815	98.20410966028986	184.32436434269928	
3.318638083189832	7.869369999866617	19.14383768918764	44.26399489151815	98.20410966028986	184.32436434269928	
3.318638083189832	7.869369999866617	19.14383768918764	44.26399489151815	98.20410966028986	184.32436434269928	
3.318638083189832	7.869369999866617	19.14383768918764	44.26399489151815	98.20410966028986	184.32436434269928	
3.318638083189832	7.869369999866617	19.14383768918764	44.26399489151815	98.20410966028986	184.32436434269928	
3.318638083189832	7.869369999866617	19.14383768918764	44.26399489151815	98.20410966028986	184.32436434269928	
3.318638083189832	7.869369999866617	19.14383768918764	44.26399489151815	98.20410966028986	184.32436434269928	
3.318638083189832	7.869369999866617	19.14383768918764	44.26399489151815	98.20410966028986	184.32436434269928	
3.318638083189832	7.869369999866617	19.14383768918764	44.26399489151815	98.20410966028986	184.32436434269928	
3.318638083189832	7.869369999866617	19.14383768918764	44.26399489151815	98.20410966028986	184.32436434269928	
3.318638083189832	7.869369999866617	19.14383768918764	44.26399489151815	98.20410966028986	184.32436434269928	
3.318638083189832	7.869369999866617	19.14383768918764	44.26399489151815	98.20410966028986	184.32436434269928	
3.318638083189832	7.869369999866617	19.14383768918764	44.26399489151815	98.20410966028986	184.32436434269928	
3.318638083189832	7.869369999866617	19.14383768918764	44.26399489151815	98.20410966028986	184.32436434269928	
3.318638083189832	7.869369999866617	19.14383768918764	44.26399489151815	98.20410966028986	184.32436434269928	
3.318638083189832	7.869369999866617	19.14383768918764	44.26399489151815	98.20410966028986	184.32436434269928	
3.318638083189832	7.869369999866617	19.14383768918764	44.26399489151815	98.20410966028986	184.32436434269928	
3.318638083189832	7.869369999866617	19.14383768918764	44.26399489151815	98.20410966028986	184.32436434269928	
3.318638083189832	7.869369999866617	19.14383768918764	44.26399489151815	98.20410966028986	184.32436434269928	
3.318638083189832	7.869369999866617	19.14383768918764	44.26399489151815	98.20410966028986	184.32436434269928	
3.318638083189832	7.869369999866617	19.14383768918764	44.26399489151815	98.20410966028986	184.32436434269928	
3.318638083189832	7.869369999866617	19.14383768918764	44.26399489151815	98.20410966028986	184.32436434269928	
3.318638083189832	7.869369999866617	19.14383768918764	44.26399489151815	98.20410966028986	184.32436434269928	
3.318638083189832	7.869369999866617	19.14383768918764	44.26399489151815	98.20410966028986	184.32436434269928	
3.318638083189832	7.869369999866617	19.14383768918764	44.26399489151815	98.20410966028986	184.32436434269928	
3.318638083189832	7.869369999866617	19.14383768918764	44.26399489151815	98.20410966028986	184.32436434269928	
3.318638083189832	7.869369999866617	19.14383768918764	44.26399489151815	98.20410966028986	184.32436434269928	
3.318638083189832	7.869369999866617	19.14383768918764	44.26399489151815	98.20410966028986	184.32436434269928	
3.318638083189832	7.869369999866617	19.14383768918764	44.26399489151815	98.20410966028986	184.32436434269928	
3.318638083189832	7.869369999866617	19.14383768918764	44.26399489151815	98.20410966028986	184.32436434269928	
3.318638083189832	7.869369999866617	19.14383768918764	44.26399489151815	98.20410966028986	184.32436434269928	
3.318638083189832	7.869369999866617	19.14383768918764	44.26399489151815	98.20410966028986	184.32436434269928	
3.318638083189832	7.869369999866617	19.14383768918764	44.26399489151815	98.20410966028986	184.32436434269928	
3.318638083189832	7.869369999866617	19.14383768918764	44.26399489151815	98.20410966028986	184.32436434269928	
3.318638083189832	7.869369999866617	19.14383768918764	44.26399489151815	98.20410966028986	184.32436434269928	
3.318638083189832	7.869369999866617	19.14383768918764	44.26399489151815	98.20410966028986	184.32436434269928	
3.318638083189832	7.869369999866617	19.14383768918764	44.26399489151815	98.20410966028986	184.32436434269928	
3.318638083189832	7.869369999866617	19.14383768918764	44.26399489151815	98.20410966028986	184.32436434269928	
3.318638083189832	7.869369999866617	19.14383768918764	44.26399489151815	98.20410966028986	184.32436434269928	
3.318638083189832	7.869369999866617	19.14383768918764	44.26399489151815	98.20410966028986	184.32436434269928	
3.318638083189832	7.869369999866617	19.14383768918764	44.26399489151815	98.20410966028986	184.32436434269928	
3.318638083189832	7.869369999866617	19.14383768918764	44.26399489151815	98.20410966028986	184.32436434269928	
3.318638083189832	7.869369999866617	19.14383768918764	44.26399489151815	98.20410966028986	184.32436434269928	
3.318638083189832	7.869369999866617	19.14383768918764	44.26399489151815	98.20410966028986	184.32436434269928	
3.318638083189832	7.869369999866617	19.14383768918764	44.26399489151815	98.20410966028986	184.32436434269928	
3.318638083189832	7.869369999866617	19.14383768918764	44.26399489151815	98.20410966028986	184.32436434269928	
3.318638083189832	7.869369999866617	19.14383768918764	44.26399489151815	98.20410966028986	184.32436434269928	
3.318638083189832	7.869369999866617	19.14383768918764	44.26399489151815	98.20410966028986	184.32436434269928	
3.318638083189832	7.869369999866617	19.14383768918764	44.26399489151815	98.20410966028986	184.32436434269928	
3.318638083189832	7.869369999866617	19.14383768918764	44.26399489151815	98.20410966028986	184.32436434269928	
3.318638083189832	7.869369999866617	19.14383768918764	44.26399489151815	98.20410966028986	184.32436434269928	
3.318638083189832	7.869369999866617	19.14383768918764	44.26399489151815	98.20410966028986	184.32436434269928	
3.318638083189832	7.869369999866617	19.14383768918764	44.26399489151815	98.20410966028986	184.32436434269928	
3.318638083189832	7.869369999866617	19.14383768918764	44.26399489151815	98.20410966028986	184.32436434269928	
3.318638083189832	7.869369999866617	19.14383768918764	44.26399489151815	98.20410966028986	184.32436434269928	
3.318638083189832	7.869369999866617	19.14383768918764	44.26399489151815	98.20410966028986	184.32436434269928	
3.318638083189832	7.869369999866617	19.14383768918764	44.26399489151815	98.20410966028986	184.32436434269928	
3.318638083189832	7.869369999866617	19.14383768918764	44.26399489151815	98.20410966028986	184.32436434269928	
3.318638083189832	7.869369999866617	19.14383768918764	44.26399489151815	98.20410966028986	184.32436434269928	
3.318638083189832	7.869369999866617	19.14383768918764	44.26399489151815	98.20410966028986	184.32436434269928	
3.318638083189832	7.869369999866617	19.14383768918764	44.26399489151815	98.20410966028986	184.32436434269928	
3.318638083189832	7.869369999866617	19.14383768918764	44.26399489151815	98.20410966028986	184.32436434269928	
3.318638083189832	7.869369999866617	19.14383768918764	44.26399489151815	98.20410966028986	184.32436434269928	
3.318638083189832	7.869369999866617	19.14383768918764	44.26399489151815	98.20410966028986	184.32436434269928	
3.318638083189832	7.869369999866617	19.14383768918764	44.26399489151815	98.20410966028986	184.32436434269928	
3.318638083189832	7.869369999866617	19.14383768918764	44.26399489151815	98.20410966028986	184.32436434269928	
3.318638083189832	7.869369999866617	19.14383768918764	44.26399489151815	98.20410966028986	184.32436434269928	
3.318638083189832	7.869369999866617	19.14383768918764	44.26399489151815	98.20410966028986	184.32436434269928	
3.318638083189832	7.869369999866617	19.14383768918764	44.26399489151815	98.20410966028986	184.32436434269928	
3.318638083189832	7.869369999866617	19.14383768918764	44.26399489151815	98.20410966028986	184.32436434269928	
3.318638083189832	7.869369999866617	19.14383768918764	44.26399489151815	98.20410966028986	184.32436434269928	
3.318638083189832	7.869369999866617	19.14383768918764	44.26399489151815	98.20410966028986	184.32436434269928	
3.318638083189832	7.869369999866617	19.14383768918764	44.26399489151815	98.20410966028986	184.32436434269928	
3.318638083189832	7.869369999866617	19.14383768918764	44.26399489151815	98.20410966028986	184.32436434269928	
3.318638083189832	7.869369999866617	19.14383768918764	44.26399489151815	98.20410966028986	184.32436434269928	
3.318638083189832	7.869369999866617	19.14383768918764	44.26399489151815	98.20410966028986	184.32436434269928	
3.318638083189832	7.869369999866617	19.14383768918764	44.26399489151815	98.20410966028986	184.32436434269928	
3.318638083189832	7.869369999866617	19.14383768918764	44.26399489151815	98.20410966028986	184.32436434269928	
3.318638083189832	7.869369999866617	19.14383768918764	44.26399489151815	98.20410966028986	184.32436434269928	
3.318638083189832	7.869369999866617	19.14383768918764	44.26399489151815	98.20410966028986	184.32436434269928	
3.318638083189832	7.869369999866617	19.14383768918764	44.26399489151815	98.20410966028986	184.32436434269928	
3.318638083189832	7.869369999866617	19.14383768918764	44.26399489151815	98.20410966028986	184.32436434269928	
3.318638083189832	7.869369999866617	19.14383768918764	44.26399489151815	98.20410966028986	184.32436434269928	
3.318638083189832	7.869369999866617	19.14383768918764	44.26399489151815	98.20410966028986	184.32436434269928	
3.318638083189832	7.869369999866617	19.14383768918764	44.26399489151815	98.20410966028986	184.32436434269928	
3.318638083189832	7.869369999866617	19.14383768918764	44.26399489151815	98.20410966028986	184.32436434269928	
3.318638083189832	7.869369999866617	19.14383768918764	44.26399489151815	98.20410966028986	184.32436434269928	
3.318638083189832	7.869369999866617	19.14383768918764	44.26399489151815	98.20410966028986	184.32436434269928	
3.318638083189832	7.869369999866617	19.14383768918764	44.26399489151815	98.20410966028986	184.32436434269928	
3.318638083189832	7.869369999866617	19.14383768918764	44.26399489151815	98.20410966028986	184.32436434269928	
3.318638083189832	7.869369999866617	19.14383768918764	44.26399489151815	98.20410966028986	184.32436434269928	
3.318638083189832	7.869369999866617	19.14383768918764	44.26399489151815	98.20410966028986	184.32436434269928	
3.318638083189832	7.869369999866617	19.14383768918764	44.26399489151815	98.20410966028986	184.32436434269928	
3.318638083189832	7.869369999866617	19.14383768918764	44.26399489151815	98.20410966028986	184.32436434269928	
3.318638083189832	7.869369999866617	19.14383768918764	44.26399489151815	98.20410966028986	184.32436434269928	
3.318638083189832	7.869369999866617	19.14383768918764	44.26399489151815	98.20410966028986	184.32436434269928	
3.075044818330463	7.175398251802376	17.55993167064621	40.613157665149565	90.24693751773928	170.3282405412641	
3.075044818330463	7.175398251802376	17.55993167064621	40.613157665149565	90.24693751773928	170.3282405412641	
2.9384423710647054	6.520929037173702	15.921346921739206	36.95590316357846	81.96094881128538	154.6785210809765	
2.9384423710647054	6.520929037173702	15.921346921739206	36.95590316357846	81.96094881128538	154.6785210809765	
2.9384423710647054	6.520929037173702	15.921346921739206	36.95590316357846	81.96094881128538	154.6785210809765	
2.9384423710647054	6.520929037173702	15.921346921739206	36.95590316357846	81.96094881128538	154.6785210809765	
2.9384423710647054	6.520929037173702	15.921346921739206	36.95590316357846	81.96094881128538	154.6785210809765	
2.9384423710647054	6.520929037173702	15.921346921739206	36.95590316357846	81.96094881128538	154.6785210809765	
2.9384423710647054	6.520929037173702	15.921346921739206	36.95590316357846	81.96094881128538	154.6785210809765	
2.9384423710647054	6.520929037173702	15.921346921739206	36.95590316357846	81.96094881128538	154.6785210809765	
2.9384423710647054	6.520929037173702	15.921346921739206	36.95590316357846	81.96094881128538	154.6785210809765	
2.9384423710647054	6.520929037173702	15.921346921739206	36.95590316357846	81.96094881128538	154.6785210809765	
2.9384423710647054	6.520929037173702	15.921346921739206	36.95590316357846	81.96094881128538	154.6785210809765	
2.9384423710647054	6.520929037173702	15.921346921739206	36.95590316357846	81.96094881128538	154.6785210809765	
2.9384423710647054	6.520929037173702	15.921346921739206	36.95590316357846	81.96094881128538	154.6785210809765	
2.9384423710647054	6.520929037173702	15.921346921739206	36.95590316357846	81.96094881128538	154.6785210809765	
2.9384423710647054	6.520929037173702	15.921346921739206	36.95590316357846	81.96094881128538	154.6785210809765	
2.9384423710647054	6.520929037173702	15.921346921739206	36.95590316357846	81.96094881128538	154.6785210809765	
2.9384423710647054	6.520929037173702	15.921346921739206	36.95590316357846	81.96094881128538	154.6785210809765	
2.9384423710647054	6.520929037173702	15.921346921739206	36.95590316357846	81.96094881128538	154.6785210809765	
2.9384423710647054	6.520929037173702	15.921346921739206	36.95590316357846	81.96094881128538	154.6785210809765	
2.9384423710647054	6.520929037173702	15.921346921739206	36.95590316357846	81.96094881128538	154.6785210809765	
2.9384423710647054	6.520929037173702	15.921346921739206	36.95590316357846	81.96094881128538	154.6785210809765	
2.9384423710647054	6.520929037173702	15.921346921739206	36.95590316357846	81.96094881128538	154.6785210809765	
2.9384423710647054	6.520929037173702	15.921346921739206	36.95590316357846	81.96094881128538	154.6785210809765	
2.9384423710647054	6.520929037173702	15.921346921739206	36.95590316357846	81.96094881128538	154.6785210809765	
2.9384423710647054	6.520929037173702	15.921346921739206	36.95590316357846	81.96094881128538	154.6785210809765	
2.9384423710647054	6.520929037173702	15.921346921739206	36.95590316357846	81.96094881128538	154.6785210809765	
2.9384423710647054	6.520929037173702	15.921346921739206	36.95590316357846	81.96094881128538	154.6785210809765	
2.9384423710647054	6.520929037173702	15.921346921739206	36.95590316357846	81.96094881128538	154.6785210809765	
2.9384423710647054	6.520929037173702	15.921346921739206	36.95590316357846	81.96094881128538	154.6785210809765	
2.9384423710647054	6.520929037173702	15.921346921739206	36.95590316357846	81.96094881128538	154.6785210809765	
2.9384423710647054	6.520929037173702	15.921346921739206	36.95590316357846	81.96094881128538	154.6785210809765	
2.9384423710647054	6.520929037173702	15.921346921739206	36.95590316357846	81.96094881128538	154.6785210809765	
2.9384423710647054	6.520929037173702	15.921346921739206	36.95590316357846	81.96094881128538	154.6785210809765	
2.9384423710647054	6.520929037173702	15.921346921739206	36.95590316357846	81.96094881128538	154.6785210809765	
2.9384423710647054	6.520929037173702	15.921346921739206	36.95590316357846	81.96094881128538	154.6785210809765	
2.9384423710647054	6.520929037173702	15.921346921739206	36.95590316357846	81.96094881128538	154.6785210809765	
2.9384423710647054	6.520929037173702	15.921346921739206	36.95590316357846	81.96094881128538	154.6785210809765	
2.9384423710647054	6.520929037173702	15.921346921739206	36.95590316357846	81.96094881128538	154.6785210809765	
2.9384423710647054	6.520929037173702	15.921346921739206	36.95590316357846	81.96094881128538	154.6785210809765	
2.9384423710647054	6.520929037173702	15.921346921739206	36.95590316357846	81.96094881128538	154.6785210809765	
2.9384423710647054	6.520929037173702	15.921346921739206	36.95590316357846	81.96094881128538	154.6785210809765	
2.9384423710647054	6.520929037173702	15.921346921739206	36.95590316357846	81.96094881128538	154.6785210809765	
2.9384423710647054	6.520929037173702	15.921346921739206	36.95590316357846	81.96094881128538	154.6785210809765	
2.9384423710647054	6.520929037173702	15.921346921739206	36.95590316357846	81.96094881128538	154.6785210809765	
2.9384423710647054	6.520929037173702	15.921346921739206	36.95590316357846	81.96094881128538	154.6785210809765	
2.9384423710647054	6.520929037173702	15.921346921739206	36.95590316357846	81.96094881128538	154.6785210809765	
2.9384423710647054	6.520929037173702	15.921346921739206	36.95590316357846	81.96094881128538	154.6785210809765	
2.9384423710647054	6.520929037173702	15.921346921739206	36.95590316357846	81.96094881128538	154.6785210809765	
2.9384423710647054	6.520929037173702	15.921346921739206	36.95590316357846	81.96094881128538	154.6785210809765	
2.9384423710647054	6.520929037173702	15.921346921739206	36.95590316357846	81.96094881128538	154.6785210809765	
2.9384423710647054	6.520929037173702	15.921346921739206	36.95590316357846	81.96094881128538	154.6785210809765	
2.9384423710647054	6.520929037173702	15.921346921739206	36.95590316357846	81.96094881128538	154.6785210809765	
2.9384423710647054	6.520929037173702	15.921346921739206	36.95590316357846	81.96094881128538	154.6785210809765	
2.9384423710647054	6.520929037173702	15.921346921739206	36.95590316357846	81.96094881128538	154.6785210809765	
2.9384423710647054	6.520929037173702	15.921346921739206	36.95590316357846	81.96094881128538	154.6785210809765	
2.9384423710647054	6.520929037173702	15.921346921739206	36.95590316357846	81.96094881128538	154.6785210809765	
2.9384423710647054	6.520929037173702	15.921346921739206	36.95590316357846	81.96094881128538	154.6785210809765	
2.9384423710647054	6.520929037173702	15.921346921739206	36.95590316357846	81.96094881128538	154.6785210809765	
2.9384423710647054	6.520929037173702	15.921346921739206	36.95590316357846	81.96094881128538	154.6785210809765	
2.9384423710647054	6.520929037173702	15.921346921739206	36.95590316357846	81.96094881128538	154.6785210809765	
2.9384423710647054	6.520929037173702	15.921346921739206	36.95590316357846	81.96094881128538	154.6785210809765	
2.9384423710647054	6.520929037173702	15.921346921739206	36.95590316357846	81.96094881128538	154.6785210809765	
2.9384423710647054	6.520929037173702	15.921346921739206	36.95590316357846	81.96094881128538	154.6785210809765	
2.9384423710647054	6.520929037173702	15.921346921739206	36.95590316357846	81.96094881128538	154.6785210809765	
2.9384423710647054	6.520929037173702	15.921346921739206	36.95590316357846	81.96094881128538	154.6785210809765	
2.9384423710647054	6.520929037173702	15.921346921739206	36.95590316357846	81.96094881128538	154.6785210809765	
2.9384423710647054	6.520929037173702	15.921346921739206	36.95590316357846	81.96094881128538	154.6785210809765	
2.9384423710647054	6.520929037173702	15.921346921739206	36.95590316357846	81.96094881128538	154.6785210809765	
2.9384423710647054	6.520929037173702	15.921346921739206	36.95590316357846	81.96094881128538	154.6785210809765	
2.9384423710647054	6.520929037173702	15.921346921739206	36.95590316357846	81.96094881128538	154.6785210809765	
2.9384423710647054	6.520929037173702	15.921346921739206	36.95590316357846	81.96094881128538	154.6785210809765	
2.9384423710647054	6.520929037173702	15.921346921739206	36.95590316357846	81.96094881128538	154.6785210809765	
2.9384423710647054	6.520929037173702	15.921346921739206	36.95590316357846	81.96094881128538	154.6785210809765	
2.9384423710647054	6.520929037173702	15.921346921739206	36.95590316357846	81.96094881128538	154.6785210809765	
2.9384423710647054	6.520929037173702	15.921346921739206	36.95590316357846	81.96094881128538	154.6785210809765	
2.9384423710647054	6.520929037173702	15.921346921739206	36.95590316357846	81.96094881128538	154.6785210809765	
2.9384423710647054	6.520929037173702	15.921346921739206	36.95590316357846	81.96094881128538	154.6785210809765	
2.9384423710647054	6.520929037173702	15.921346921739206	36.95590316357846	81.96094881128538	154.6785210809765	
2.9384423710647054	6.520929037173702	15.921346921739206	36.95590316357846	81.96094881128538	154.6785210809765	
2.9384423710647054	6.520929037173702	15.921346921739206	36.95590316357846	81.96094881128538	154.6785210809765	
2.9384423710647054	6.520929037173702	15.921346921739206	36.95590316357846	81.96094881128538	154.6785210809765	
2.9384423710647054	6.520929037173702	15.921346921739206	36.95590316357846	81.96094881128538	154.6785210809765	
2.9384423710647054	6.520929037173702	15.921346921739206	36.95590316357846	81.96094881128538	154.6785210809765	
2.9384423710647054	6.520929037173702	15.921346921739206	36.95590316357846	81.96094881128538	154.6785210809765	
2.9384423710647054	6.520929037173702	15.921346921739206	36.95590316357846	81.96094881128538	154.6785210809765	
2.9384423710647054	6.520929037173702	15.921346921739206	36.95590316357846	81.96094881128538	154.6785210809765	
2.9384423710647054	6.520929037173702	15.921346921739206	36.95590316357846	81.96094881128538	154.6785210809765	
2.9384423710647054	6.520929037173702	15.921346921739206	36.95590316357846	81.96094881128538	154.6785210809765	
2.9384423710647054	6.520929037173702	15.921346921739206	36.95590316357846	81.96094881128538	154.6785210809765	
2.9384423710647054	6.520929037173702	15.921346921739206	36.95590316357846	81.96094881128538	154.6785210809765	
2.9384423710647054	6.520929037173702	15.921346921739206	36.95590316357846	81.96094881128538	154.6785210809765	
2.9384423710647054	6.520929037173702	15.921346921739206	36.95590316357846	81.96094881128538	154.6785210809765	
2.9384423710647054	6.520929037173702	15.921346921739206	36.95590316357846	81.96094881128538	154.6785210809765	
2.9384423710647054	6.520929037173702	15.921346921739206	36.95590316357846	81.96094881128538	154.6785210809765	
2.9384423710647054	6.520929037173702	15.921346921739206	36.95590316357846	81.96094881128538	154.6785210809765	
2.9384423710647054	6.520929037173702	15.921346921739206	36.95590316357846	81.96094881128538	154.6785210809765	
2.9384423710647054	6.520929037173702	15.921346921739206	36.95590316357846	81.96094881128538	154.6785210809765	
2.9384423710647054	6.520929037173702	15.921346921739206	36.95590316357846	81.96094881128538	154.6785210809765	
2.9384423710647054	6.520929037173702	15.921346921739206	36.95590316357846	81.96094881128538	154.6785210809765	
2.9384423710647054	6.520929037173702	15.921346921739206	36.95590316357846	81.96094881128538	154.6785210809765	
2.9384423710647054	6.520929037173702	15.921346921739206	36.95590316357846	81.96094881128538	154.6785210809765	
2.9384423710647054	6.520929037173702	15.921346921739206	36.95590316357846	81.96094881128538	154.6785210809765	
2.9384423710647054	6.520929037173702	15.921346921739206	36.95590316357846	81.96094881128538	154.6785210809765	
2.9384423710647054	6.520929037173702	15.921346921739206	36.95590316357846	81.96094881128538	154.6785210809765	
2.9384423710647054	6.520929037173702	15.921346921739206	36.95590316357846	81.96094881128538	154.6785210809765	
2.9384423710647054	6.520929037173702	15.921346921739206	36.95590316357846	81.96094881128538	154.6785210809765	
2.9384423710647054	6.520929037173702	15.921346921739206	36.95590316357846	81.96094881128538	154.6785210809765	
2.9384423710647054	6.520929037173702	15.921346921739206	36.95590316357846	81.96094881128538	154.6785210809765	
2.9384423710647054	6.520929037173702	15.921346921739206	36.95590316357846	81.96094881128538	154.6785210809765	
2.9384423710647054	6.520929037173702	15.921346921739206	36.95590316357846	81.96094881128538	154.6785210809765	
2.9384423710647054	6.520929037173702	15.921346921739206	36.95590316357846	81.96094881128538	154.6785210809765	
2.9384423710647054	6.520929037173702	15.921346921739206	36.95590316357846	81.96094881128538	154.6785210809765	
2.9384423710647054	6.520929037173702	15.921346921739206	36.95590316357846	81.96094881128538	154.6785210809765	
2.9384423710647054	6.520929037173702	15.921346921739206	36.95590316357846	81.96094881128538	154.6785210809765	
2.9384423710647054	6.520929037173702	15.921346921739206	36.95590316357846	81.96094881128538	154.6785210809765	
2.9384423710647054	6.520929037173702	15.921346921739206	36.95590316357846	81.96094881128538	154.6785210809765	
2.9384423710647054	6.520929037173702	15.921346921739206	36.95590316357846	81.96094881128538	154.6785210809765	
2.9384423710647054	6.520929037173702	15.921346921739206	36.95590316357846	81.96094881128538	154.6785210809765	
2.9384423710647054	6.520929037173702	15.921346921739206	36.95590316357846	81.96094881128538	154.6785210809765	
2.9384423710647054	6.520929037173702	15.921346921739206	36.95590316357846	81.96094881128538	154.6785210809765	
2.9384423710647054	6.520929037173702	15.921346921739206	36.95590316357846	81.96094881128538	154.6785210809765	
2.9384423710647054	6.520929037173702	15.921346921739206	36.95590316357846	81.96094881128538	154.6785210809765	
2.9384423710647054	6.520929037173702	15.921346921739206	36.95590316357846	81.96094881128538	154.6785210809765	
2.9384423710647054	6.520929037173702	15.921346921739206	36.95590316357846	81.96094881128538	154.6785210809765	
2.9384423710647054	6.520929037173702	15.921346921739206	36.95590316357846	81.96094881128538	154.6785210809765	
2.9384423710647054	6.520929037173702	15.921346921739206	36.95590316357846	81.96094881128538	154.6785210809765	
2.9384423710647054	6.520929037173702	15.921346921739206	36.95590316357846	81.96094881128538	154.6785210809765	
2.9384423710647054	6.520929037173702	15.921346921739206	36.95590316357846	81.96094881128538	154.6785210809765	
2.9384423710647054	6.520929037173702	15.921346921739206	36.95590316357846	81.96094881128538	154.6785210809765	
2.9384423710647054	6.520929037173702	15.921346921739206	36.95590316357846	81.96094881128538	154.6785210809765	
2.9384423710647054	6.520929037173702	15.921346921739206	36.95590316357846	81.96094881128538	154.6785210809765	
2.9384423710647054	6.520929037173702	15.921346921739206	36.95590316357846	81.96094881128538	154.6785210809765	
2.9384423710647054	6.520929037173702	15.921346921739206	36.95590316357846	81.96094881128538	154.6785210809765	
2.9384423710647054	6.520929037173702	15.921346921739206	36.95590316357846	81.96094881128538	154.6785210809765	
2.9384423710647054	6.520929037173702	15.921346921739206	36.95590316357846	81.96094881128538	154.6785210809765	
2.9384423710647054	6.520929037173702	15.921346921739206	36.95590316357846	81.96094881128538	154.6785210809765	
2.9384423710647054	6.520929037173702	15.921346921739206	36.95590316357846	81.96094881128538	154.6785210809765	
2.9384423710647054	6.520929037173702	15.921346921739206	36.95590316357846	81.96094881128538	154.6785210809765	
2.9384423710647054	6.520929037173702	15.921346921739206	36.95590316357846	81.96094881128538	154.6785210809765	
2.9384423710647054	6.520929037173702	15.921346921739206	36.95590316357846	81.96094881128538	154.6785210809765	
2.9384423710647054	6.520929037173702	15.921346921739206	36.95590316357846	81.96094881128538	154.6785210809765	
2.9384423710647054	6.520929037173702	15.921346921739206	36.95590316357846	81.96094881128538	154.6785210809765	
2.9384423710647054	6.520929037173702	15.921346921739206	36.95590316357846	81.96094881128538	154.6785210809765	
2.9384423710647054	6.520929037173702	15.921346921739206	36.95590316357846	81.96094881128538	154.6785210809765	
2.9384423710647054	6.520929037173702	15.921346921739206	36.95590316357846	81.96094881128538	154.6785210809765	
2.9384423710647054	6.520929037173702	15.921346921739206	36.95590316357846	81.96094881128538	154.6785210809765	
2.9384423710647054	6.520929037173702	15.921346921739206	36.95590316357846	81.96094881128538	154.6785210809765	
2.9384423710647054	6.520929037173702	15.921346921739206	36.95590316357846	81.96094881128538	154.6785210809765	
2.9384423710647054	6.520929037173702	15.921346921739206	36.95590316357846	81.96094881128538	154.6785210809765	
2.9384423710647054	6.520929037173702	15.921346921739206	36.95590316357846	81.96094881128538	154.6785210809765	
2.9384423710647054	6.520929037173702	15.921346921739206	36.95590316357846	81.96094881128538	154.6785210809765	
2.9384423710647054	6.520929037173702	15.921346921739206	36.95590316357846	81.96094881128538	154.6785210809765	
2.9384423710647054	6.520929037173702	15.921346921739206	36.95590316357846	81.96094881128538	154.6785210809765	
2.9384423710647054	6.520929037173702	15.921346921739206	36.95590316357846	81.96094881128538	154.6785210809765	
2.9384423710647054	6.520929037173702	15.921346921739206	36.95590316357846	81.96094881128538	154.6785210809765	
2.9384423710647054	6.520929037173702	15.921346921739206	36.95590316357846	81.96094881128538	154.6785210809765	
2.9384423710647054	6.520929037173702	15.921346921739206	36.95590316357846	81.96094881128538	154.6785210809765	
2.9384423710647054	6.520929037173702	15.921346921739206	36.95590316357846	81.96094881128538	154.6785210809765	
2.9384423710647054	6.520929037173702	15.921346921739206	36.95590316357846	81.96094881128538	154.6785210809765	
2.9384423710647054	6.520929037173702	15.921346921739206	36.95590316357846	81.96094881128538	154.6785210809765	
2.9384423710647054	6.520929037173702	15.921346921739206	36.95590316357846	81.96094881128538	154.6785210809765	
2.9384423710647054	6.520929037173702	15.921346921739206	36.95590316357846	81.96094881128538	154.6785210809765	
2.9384423710647054	6.520929037173702	15.921346921739206	36.95590316357846	81.96094881128538	154.6785210809765	
2.9384423710647054	6.520929037173702	15.921346921739206	36.95590316357846	81.96094881128538	154.6785210809765	
2.9384423710647054	6.520929037173702	15.921346921739206	36.95590316357846	81.96094881128538	154.6785210809765	
2.9384423710647054	6.520929037173702	15.921346921739206	36.95590316357846	81.96094881128538	154.6785210809765	
2.9384423710647054	6.520929037173702	15.921346921739206	36.95590316357846	81.96094881128538	154.6785210809765	
2.9384423710647054	6.520929037173702	15.921346921739206	36.95590316357846	81.96094881128538	154.6785210809765	
2.9384423710647054	6.520929037173702	15.921346921739206	36.95590316357846	81.96094881128538	154.6785210809765	
2.9384423710647054	6.520929037173702	15.921346921739206	36.95590316357846	81.96094881128538	154.6785210809765	
2.9384423710647054	6.520929037173702	15.921346921739206	36.95590316357846	81.96094881128538	154.6785210809765	
2.9384423710647054	6.520929037173702	15.921346921739206	36.95590316357846	81.96094881128538	154.6785210809765	
2.9384423710647054	6.520929037173702	15.921346921739206	36.95590316357846	81.96094881128538	154.6785210809765	
2.9384423710647054	6.520929037173702	15.921346921739206	36.95590316357846	81.96094881128538	154.6785210809765	
2.9384423710647054	6.520929037173702	15.921346921739206	36.95590316357846	81.96094881128538	154.6785210809765	
2.9384423710647054	6.520929037173702	15.921346921739206	36.95590316357846	81.96094881128538	154.6785210809765	
2.9384423710647054	6.520929037173702	15.921346921739206	36.95590316357846	81.96094881128538	154.6785210809765	
2.9384423710647054	6.520929037173702	15.921346921739206	36.95590316357846	81.96094881128538	154.6785210809765	
2.9384423710647054	6.520929037173702	15.921346921739206	36.95590316357846	81.96094881128538	154.6785210809765	
2.9384423710647054	6.520929037173702	15.921346921739206	36.95590316357846	81.96094881128538	154.6785210809765	
2.9384423710647054	6.520929037173702	15.921346921739206	36.95590316357846	81.96094881128538	154.6785210809765	
2.9384423710647054	6.520929037173702	15.921346921739206	36.95590316357846	81.96094881128538	154.6785210809765	
2.9384423710647054	6.520929037173702	15.921346921739206	36.95590316357846	81.96094881128538	154.6785210809765	
2.9384423710647054	6.520929037173702	15.921346921739206	36.95590316357846	81.96094881128538	154.6785210809765	
2.9384423710647054	6.520929037173702	15.921346921739206	36.95590316357846	81.96094881128538	154.6785210809765	
2.9384423710647054	6.520929037173702	15.921346921739206	36.95590316357846	81.96094881128538	154.6785210809765	
2.9384423710647054	6.520929037173702	15.921346921739206	36.95590316357846	81.96094881128538	154.6785210809765	
2.9384423710647054	6.520929037173702	15.921346921739206	36.95590316357846	81.96094881128538	154.6785210809765	
2.9384423710647054	6.520929037173702	15.921346921739206	36.95590316357846	81.96094881128538	154.6785210809765	
2.9384423710647054	6.520929037173702	15.921346921739206	36.95590316357846	81.96094881128538	154.6785210809765	
2.9384423710647054	6.520929037173702	15.921346921739206	36.95590316357846	81.96094881128538	154.6785210809765	
2.9384423710647054	6.520929037173702	15.921346921739206	36.95590316357846	81.96094881128538	154.6785210809765	
2.9384423710647054	6.520929037173702	15.921346921739206	36.95590316357846	81.96094881128538	154.6785210809765	
2.9384423710647054	6.520929037173702	15.921346921739206	36.95590316357846	81.96094881128538	154.6785210809765	
2.9384423710647054	6.520929037173702	15.921346921739206	36.95590316357846	81.96094881128538	154.6785210809765	
2.9384423710647054	6.520929037173702	15.921346921739206	36.95590316357846	81.96094881128538	154.6785210809765	
2.9384423710647054	6.520929037173702	15.921346921739206	36.95590316357846	81.96094881128538	154.6785210809765	
2.9384423710647054	6.520929037173702	15.921346921739206	36.95590316357846	81.96094881128538	154.6785210809765	
2.9384423710647054	6.520929037173702	15.921346921739206	36.95590316357846	81.96094881128538	154.6785210809765	
2.9384423710647054	6.520929037173702	15.921346921739206	36.95590316357846	81.96094881128538	154.6785210809765	
2.9384423710647054	6.520929037173702	15.921346921739206	36.95590316357846	81.96094881128538	154.6785210809765	
2.9384423710647054	6.520929037173702	15.921346921739206	36.95590316357846	81.96094881128538	154.6785210809765	
2.9384423710647054	6.520929037173702	15.921346921739206	36.95590316357846	81.96094881128538	154.6785210809765	
2.9384423710647054	6.520929037173702	15.921346921739206	36.95590316357846	81.96094881128538	154.6785210809765	
2.9384423710647054	6.520929037173702	15.921346921739206	36.95590316357846	81.96094881128538	154.6785210809765	
2.9384423710647054	6.520929037173702	15.921346921739206	36.95590316357846	81.96094881128538	154.6785210809765	
2.9384423710647054	6.520929037173702	15.921346921739206	36.95590316357846	81.96094881128538	154.6785210809765	
2.9384423710647054	6.520929037173702	15.921346921739206	36.95590316357846	81.96094881128538	154.6785210809765	
2.9384423710647054	6.520929037173702	15.921346921739206	36.95590316357846	81.96094881128538	154.6785210809765	
2.9384423710647054	6.520929037173702	15.921346921739206	36.95590316357846	81.96094881128538	154.6785210809765	
2.9384423710647054	6.520929037173702	15.921346921739206	36.95590316357846	81.96094881128538	154.6785210809765	
2.9384423710647054	6.520929037173702	15.921346921739206	36.95590316357846	81.96094881128538	154.6785210809765	
2.9384423710647054	6.520929037173702	15.921346921739206	36.95590316357846	81.96094881128538	154.6785210809765	
2.9384423710647054	6.520929037173702	15.921346921739206	36.95590316357846	81.96094881128538	154.6785210809765	
2.9384423710647054	6.520929037173702	15.921346921739206	36.95590316357846	81.96094881128538	154.6785210809765	
2.9384423710647054	6.520929037173702	15.921346921739206	36.95590316357846	81.96094881128538	154.6785210809765	
2.9384423710647054	6.520929037173702	15.921346921739206	36.95590316357846	81.96094881128538	154.6785210809765	
2.9384423710647054	6.520929037173702	15.921346921739206	36.95590316357846	81.96094881128538	154.6785210809765	
2.9384423710647054	6.520929037173702	15.921346921739206	36.95590316357846	81.96094881128538	154.6785210809765	
2.9384423710647054	6.520929037173702	15.921346921739206	36.95590316357846	81.96094881128538	154.6785210809765	
2.9384423710647054	6.520929037173702	15.921346921739206	36.95590316357846	81.96094881128538	154.6785210809765	
2.9384423710647054	6.520929037173702	15.921346921739206	36.95590316357846	81.96094881128538	154.6785210809765	
2.9384423710647054	6.520929037173702	15.921346921739206	36.95590316357846	81.96094881128538	154.6785210809765	
2.9384423710647054	6.520929037173702	15.921346921739206	36.95590316357846	81.96094881128538	154.6785210809765	
2.9384423710647054	6.520929037173702	15.921346921739206	36.95590316357846	81.96094881128538	154.6785210809765	
2.9384423710647054	6.520929037173702	15.921346921739206	36.95590316357846	81.96094881128538	154.6785210809765	
2.9384423710647054	6.520929037173702	15.921346921739206	36.95590316357846	81.96094881128538	154.6785210809765	
2.9384423710647054	6.520929037173702	15.921346921739206	36.95590316357846	81.96094881128538	154.6785210809765	
2.9384423710647054	6.520929037173702	15.921346921739206	36.95590316357846	81.96094881128538	154.6785210809765	
2.9384423710647054	6.520929037173702	15.921346921739206	36.95590316357846	81.96094881128538	154.6785210809765	
2.9384423710647054	6.520929037173702	15.921346921739206	36.95590316357846	81.96094881128538	154.6785210809765	
2.9384423710647054	6.520929037173702	15.921346921739206	36.95590316357846	81.96094881128538	154.6785210809765	
2.9384423710647054	6.520929037173702	15.921346921739206	36.95590316357846	81.96094881128538	154.6785210809765	
2.9384423710647054	6.520929037173702	15.921346921739206	36.95590316357846	81.96094881128538	154.6785210809765	
2.9384423710647054	6.520929037173702	15.921346921739206	36.95590316357846	81.96094881128538	154.6785210809765	
2.9384423710647054	6.520929037173702	15.921346921739206	36.95590316357846	81.96094881128538	154.6785210809765	
2.9384423710647054	6.520929037173702	15.921346921739206	36.95590316357846	81.96094881128538	154.6785210809765	
2.9384423710647054	6.520929037173702	15.921346921739206	36.95590316357846	81.96094881128538	154.6785210809765	
2.9384423710647054	6.520929037173702	15.921346921739206	36.95590316357846	81.96094881128538	154.6785210809765	
2.9384423710647054	6.520929037173702	15.921346921739206	36.95590316357846	81.96094881128538	154.6785210809765	
2.9384423710647054	6.520929037173702	15.921346921739206	36.95590316357846	81.96094881128538	154.6785210809765	
2.9384423710647054	6.520929037173702	15.921346921739206	36.95590316357846	81.96094881128538	154.6785210809765	
2.9384423710647054	6.520929037173702	15.921346921739206	36.95590316357846	81.96094881128538	154.6785210809765	
2.9384423710647054	6.520929037173702	15.921346921739206	36.95590316357846	81.96094881128538	154.6785210809765	
2.9384423710647054	6.520929037173702	15.921346921739206	36.95590316357846	81.96094881128538	154.6785210809765	
2.9384423710647054	6.520929037173702	15.921346921739206	36.95590316357846	81.96094881128538	154.6785210809765	
2.9384423710647054	6.520929037173702	15.921346921739206	36.95590316357846	81.96094881128538	154.6785210809765	
2.9384423710647054	6.520929037173702	15.921346921739206	36.95590316357846	81.96094881128538	154.6785210809765	
2.9384423710647054	6.520929037173702	15.921346921739206	36.95590316357846	81.96094881128538	154.6785210809765	
2.9384423710647054	6.520929037173702	15.921346921739206	36.95590316357846	81.96094881128538	154.6785210809765	
2.9384423710647054	6.520929037173702	15.921346921739206	36.95590316357846	81.96094881128538	154.6785210809765	
2.9384423710647054	6.520929037173702	15.921346921739206	36.95590316357846	81.96094881128538	154.6785210809765	
2.9384423710647054	6.520929037173702	15.921346921739206	36.95590316357846	81.96094881128538	154.6785210809765	
2.9384423710647054	6.520929037173702	15.921346921739206	36.95590316357846	81.96094881128538	154.6785210809765	
2.9384423710647054	6.520929037173702	15.921346921739206	36.95590316357846	81.96094881128538	154.6785210809765	
2.9384423710647054	6.520929037173702	15.921346921739206	36.95590316357846	81.96094881128538	154.6785210809765	
2.9384423710647054	6.520929037173702	15.921346921739206	36.95590316357846	81.96094881128538	154.6785210809765	
2.9384423710647054	6.520929037173702	15.921346921739206	36.95590316357846	81.96094881128538	154.6785210809765	
2.9384423710647054	6.520929037173702	15.921346921739206	36.95590316357846	81.96094881128538	154.6785210809765	
2.9384423710647054	6.520929037173702	15.921346921739206	36.95590316357846	81.96094881128538	154.6785210809765	
2.9384423710647054	6.520929037173702	15.921346921739206	36.95590316357846	81.96094881128538	154.6785210809765	
2.9384423710647054	6.520929037173702	15.921346921739206	36.95590316357846	81.96094881128538	154.6785210809765	
2.9384423710647054	6.520929037173702	15.921346921739206	36.95590316357846	81.96094881128538	154.6785210809765	
2.9384423710647054	6.520929037173702	15.921346921739206	36.95590316357846	81.96094881128538	154.6785210809765	
2.9384423710647054	6.520929037173702	15.921346921739206	36.95590316357846	81.96094881128538	154.6785210809765	
2.9384423710647054	6.520929037173702	15.921346921739206	36.95590316357846	81.96094881128538	154.6785210809765	
2.9384423710647054	6.520929037173702	15.921346921739206	36.95590316357846	81.96094881128538	154.6785210809765	
2.9384423710647054	6.520929037173702	15.921346921739206	36.95590316357846	81.96094881128538	154.6785210809765	
2.9384423710647054	6.520929037173702	15.921346921739206	36.95590316357846	81.96094881128538	154.6785210809765	
2.9384423710647054	6.520929037173702	15.921346921739206	36.95590316357846	81.96094881128538	154.6785210809765	
2.9384423710647054	6.520929037173702	15.921346921739206	36.95590316357846	81.96094881128538	154.6785210809765	
2.9384423710647054	6.520929037173702	15.921346921739206	36.95590316357846	81.96094881128538	154.6785210809765	
2.9384423710647054	6.520929037173702	15.921346921739206	36.95590316357846	81.96094881128538	154.6785210809765	
2.9384423710647054	6.520929037173702	15.921346921739206	36.95590316357846	81.96094881128538	154.6785210809765	
2.9384423710647054	6.520929037173702	15.921346921739206	36.95590316357846	81.96094881128538	154.6785210809765	
2.9384423710647054	6.520929037173702	15.921346921739206	36.95590316357846	81.96094881128538	154.6785210809765	
2.9384423710647054	6.520929037173702	15.921346921739206	36.95590316357846	81.96094881128538	154.6785210809765	
2.366200379660669	5.391796422731342	13.054867177245473	30.37039662344244	67.37342889631073	126.98037124094121	
2.366200379660669	5.391796422731342	13.054867177245473	30.37039662344244	67.37342889631073	126.98037124094121	
2.366200379660669	5.391796422731342	13.054867177245473	30.37039662344244	67.37342889631073	126.98037124094121	
2.366200379660669	5.391796422731342	13.054867177245473	30.37039662344244	67.37342889631073	126.98037124094121	
2.366200379660669	5.391796422731342	13.054867177245473	30.37039662344244	67.37342889631073	126.98037124094121	
2.366200379660669	5.391796422731342	13.054867177245473	30.37039662344244	67.37342889631073	126.98037124094121	
2.366200379660669	5.391796422731342	13.054867177245473	30.37039662344244	67.37342889631073	126.98037124094121	
2.366200379660669	5.391796422731342	13.054867177245473	30.37039662344244	67.37342889631073	126.98037124094121	
2.366200379660669	5.391796422731342	13.054867177245473	30.37039662344244	67.37342889631073	126.98037124094121	
2.366200379660669	5.391796422731342	13.054867177245473	30.37039662344244	67.37342889631073	126.98037124094121	
2.366200379660669	5.391796422731342	13.054867177245473	30.37039662344244	67.37342889631073	126.98037124094121	
2.366200379660669	5.391796422731342	13.054867177245473	30.37039662344244	67.37342889631073	126.98037124094121	
2.366200379660669	5.391796422731342	13.054867177245473	30.37039662344244	67.37342889631073	126.98037124094121	
2.366200379660669	5.391796422731342	13.054867177245473	30.37039662344244	67.37342889631073	126.98037124094121	
2.366200379660669	5.391796422731342	13.054867177245473	30.37039662344244	67.37342889631073	126.98037124094121	
2.366200379660669	5.391796422731342	13.054867177245473	30.37039662344244	67.37342889631073	126.98037124094121	
2.366200379660669	5.391796422731342	13.054867177245473	30.37039662344244	67.37342889631073	126.98037124094121	
2.366200379660669	5.391796422731342	13.054867177245473	30.37039662344244	67.37342889631073	126.98037124094121	
2.366200379660669	5.391796422731342	13.054867177245473	30.37039662344244	67.37342889631073	126.98037124094121	
2.366200379660669	5.391796422731342	13.054867177245473	30.37039662344244	67.37342889631073	126.98037124094121	
2.366200379660669	5.391796422731342	13.054867177245473	30.37039662344244	67.37342889631073	126.98037124094121	
2.366200379660669	5.391796422731342	13.054867177245473	30.37039662344244	67.37342889631073	126.98037124094121	
2.366200379660669	5.391796422731342	13.054867177245473	30.37039662344244	67.37342889631073	126.98037124094121	
2.366200379660669	5.391796422731342	13.054867177245473	30.37039662344244	67.37342889631073	126.98037124094121	
2.366200379660669	5.391796422731342	13.054867177245473	30.37039662344244	67.37342889631073	126.98037124094121	
2.366200379660669	5.391796422731342	13.054867177245473	30.37039662344244	67.37342889631073	126.98037124094121	
2.366200379660669	5.391796422731342	13.054867177245473	30.37039662344244	67.37342889631073	126.98037124094121	
2.366200379660669	5.391796422731342	13.054867177245473	30.37039662344244	67.37342889631073	126.98037124094121	
2.366200379660669	5.391796422731342	13.054867177245473	30.37039662344244	67.37342889631073	126.98037124094121	
2.366200379660669	5.391796422731342	13.054867177245473	30.37039662344244	67.37342889631073	126.98037124094121	
2.366200379660669	5.391796422731342	13.054867177245473	30.37039662344244	67.37342889631073	126.98037124094121	
2.366200379660669	5.391796422731342	13.054867177245473	30.37039662344244	67.37342889631073	126.98037124094121	
2.366200379660669	5.391796422731342	13.054867177245473	30.37039662344244	67.37342889631073	126.98037124094121	
2.366200379660669	5.391796422731342	13.054867177245473	30.37039662344244	67.37342889631073	126.98037124094121	
2.366200379660669	5.391796422731342	13.054867177245473	30.37039662344244	67.37342889631073	126.98037124094121	
2.366200379660669	5.391796422731342	13.054867177245473	30.37039662344244	67.37342889631073	126.98037124094121	
2.366200379660669	5.391796422731342	13.054867177245473	30.37039662344244	67.37342889631073	126.98037124094121	
2.366200379660669	5.391796422731342	13.054867177245473	30.37039662344244	67.37342889631073	126.98037124094121	
2.366200379660669	5.391796422731342	13.054867177245473	30.37039662344244	67.37342889631073	126.98037124094121	
2.366200379660669	5.391796422731342	13.054867177245473	30.37039662344244	67.37342889631073	126.98037124094121	
2.366200379660669	5.391796422731342	13.054867177245473	30.37039662344244	67.37342889631073	126.98037124094121	
2.366200379660669	5.391796422731342	13.054867177245473	30.37039662344244	67.37342889631073	126.98037124094121	
2.366200379660669	5.391796422731342	13.054867177245473	30.37039662344244	67.37342889631073	126.98037124094121	
2.366200379660669	5.391796422731342	13.054867177245473	30.37039662344244	67.37342889631073	126.98037124094121	
2.366200379660669	5.391796422731342	13.054867177245473	30.37039662344244	67.37342889631073	126.98037124094121	
2.366200379660669	5.391796422731342	13.054867177245473	30.37039662344244	67.37342889631073	126.98037124094121	
2.366200379660669	5.391796422731342	13.054867177245473	30.37039662344244	67.37342889631073	126.98037124094121	
2.366200379660669	5.391796422731342	13.054867177245473	30.37039662344244	67.37342889631073	126.98037124094121	
2.366200379660669	5.391796422731342	13.054867177245473	30.37039662344244	67.37342889631073	126.98037124094121	
2.366200379660669	5.391796422731342	13.054867177245473	30.37039662344244	67.37342889631073	126.98037124094121	
2.366200379660669	5.391796422731342	13.054867177245473	30.37039662344244	67.37342889631073	126.98037124094121	
2.366200379660669	5.391796422731342	13.054867177245473	30.37039662344244	67.37342889631073	126.98037124094121	
2.366200379660669	5.391796422731342	13.054867177245473	30.37039662344244	67.37342889631073	126.98037124094121	
2.366200379660669	5.391796422731342	13.054867177245473	30.37039662344244	67.37342889631073	126.98037124094121	
2.366200379660669	5.391796422731342	13.054867177245473	30.37039662344244	67.37342889631073	126.98037124094121	
2.366200379660669	5.391796422731342	13.054867177245473	30.37039662344244	67.37342889631073	126.98037124094121	
2.366200379660669	5.391796422731342	13.054867177245473	30.37039662344244	67.37342889631073	126.98037124094121	
2.366200379660669	5.391796422731342	13.054867177245473	30.37039662344244	67.37342889631073	126.98037124094121	
2.366200379660669	5.391796422731342	13.054867177245473	30.37039662344244	67.37342889631073	126.98037124094121	
2.366200379660669	5.391796422731342	13.054867177245473	30.37039662344244	67.37342889631073	126.98037124094121	
1.7720230323483204	4.120837908687055	9.877342742856559	23.012348876233908	50.76606950019955	94.07353592693973	
1.7720230323483204	4.120837908687055	9.877342742856559	23.012348876233908	50.76606950019955	94.07353592693973	
1.7720230323483204	4.120837908687055	9.877342742856559	23.012348876233908	50.76606950019955	94.07353592693973	
1.7720230323483204	4.120837908687055	9.877342742856559	23.012348876233908	50.76606950019955	94.07353592693973	
1.7720230323483204	4.120837908687055	9.877342742856559	23.012348876233908	50.76606950019955	94.07353592693973	
1.7720230323483204	4.120837908687055	9.877342742856559	23.012348876233908	50.76606950019955	94.07353592693973	
1.7720230323483204	4.120837908687055	9.877342742856559	23.012348876233908	50.76606950019955	94.07353592693973	
1.7720230323483204	4.120837908687055	9.877342742856559	23.012348876233908	50.76606950019955	94.07353592693973	
1.7720230323483204	4.120837908687055	9.877342742856559	23.012348876233908	50.76606950019955	94.07353592693973	
1.7720230323483204	4.120837908687055	9.877342742856559	23.012348876233908	50.76606950019955	94.07353592693973	
1.7720230323483204	4.120837908687055	9.877342742856559	23.012348876233908	50.76606950019955	94.07353592693973	
1.7720230323483204	4.120837908687055	9.877342742856559	23.012348876233908	50.76606950019955	94.07353592693973	
1.7720230323483204	4.120837908687055	9.877342742856559	23.012348876233908	50.76606950019955	94.07353592693973	
1.7720230323483204	4.120837908687055	9.877342742856559	23.012348876233908	50.76606950019955	94.07353592693973	
1.7720230323483204	4.120837908687055	9.877342742856559	23.012348876233908	50.76606950019955	94.07353592693973	
1.7720230323483204	4.120837908687055	9.877342742856559	23.012348876233908	50.76606950019955	94.07353592693973	
1.7720230323483204	4.120837908687055	9.877342742856559	23.012348876233908	50.76606950019955	94.07353592693973	
1.7720230323483204	4.120837908687055	9.877342742856559	23.012348876233908	50.76606950019955	94.07353592693973	
1.7720230323483204	4.120837908687055	9.877342742856559	23.012348876233908	50.76606950019955	94.07353592693973	
1.7720230323483204	4.120837908687055	9.877342742856559	23.012348876233908	50.76606950019955	94.07353592693973	
1.7720230323483204	4.120837908687055	9.877342742856559	23.012348876233908	50.76606950019955	94.07353592693973	
1.7720230323483204	4.120837908687055	9.877342742856559	23.012348876233908	50.76606950019955	94.07353592693973	
1.7720230323483204	4.120837908687055	9.877342742856559	23.012348876233908	50.76606950019955	94.07353592693973	
1.7720230323483204	4.120837908687055	9.877342742856559	23.012348876233908	50.76606950019955	94.07353592693973	
1.7720230323483204	4.120837908687055	9.877342742856559	23.012348876233908	50.76606950019955	94.07353592693973	
1.7720230323483204	4.120837908687055	9.877342742856559	23.012348876233908	50.76606950019955	94.07353592693973	
1.7720230323483204	4.120837908687055	9.877342742856559	23.012348876233908	50.76606950019955	94.07353592693973	
1.7720230323483204	4.120837908687055	9.877342742856559	23.012348876233908	50.76606950019955	94.07353592693973	
1.7720230323483204	4.120837908687055	9.877342742856559	23.012348876233908	50.76606950019955	94.07353592693973	
1.7720230323483204	4.120837908687055	9.877342742856559	23.012348876233908	50.76606950019955	94.07353592693973	
1.7720230323483204	4.120837908687055	9.877342742856559	23.012348876233908	50.76606950019955	94.07353592693973	
1.7720230323483204	4.120837908687055	9.877342742856559	23.012348876233908	50.76606950019955	94.07353592693973	
1.7720230323483204	4.120837908687055	9.877342742856559	23.012348876233908	50.76606950019955	94.07353592693973	
1.7720230323483204	4.120837908687055	9.877342742856559	23.012348876233908	50.76606950019955	94.07353592693973	
1.7720230323483204	4.120837908687055	9.877342742856559	23.012348876233908	50.76606950019955	94.07353592693973	
1.7720230323483204	4.120837908687055	9.877342742856559	23.012348876233908	50.76606950019955	94.07353592693973	
1.7720230323483204	4.120837908687055	9.877342742856559	23.012348876233908	50.76606950019955	94.07353592693973	
1.7720230323483204	4.120837908687055	9.877342742856559	23.012348876233908	50.76606950019955	94.07353592693973	
1.7720230323483204	4.120837908687055	9.877342742856559	23.012348876233908	50.76606950019955	94.07353592693973	
1.7720230323483204	4.120837908687055	9.877342742856559	23.012348876233908	50.76606950019955	94.07353592693973	
1.7720230323483204	4.120837908687055	9.877342742856559	23.012348876233908	50.76606950019955	94.07353592693973	
1.7720230323483204	4.120837908687055	9.877342742856559	23.012348876233908	50.76606950019955	94.07353592693973	
1.7720230323483204	4.120837908687055	9.877342742856559	23.012348876233908	50.76606950019955	94.07353592693973	
1.7720230323483204	4.120837908687055	9.877342742856559	23.012348876233908	50.76606950019955	94.07353592693973	
1.7720230323483204	4.120837908687055	9.877342742856559	23.012348876233908	50.76606950019955	94.07353592693973	
1.7720230323483204	4.120837908687055	9.877342742856559	23.012348876233908	50.76606950019955	94.07353592693973	
1.7720230323483204	4.120837908687055	9.877342742856559	23.012348876233908	50.76606950019955	94.07353592693973	
1.7720230323483204	4.120837908687055	9.877342742856559	23.012348876233908	50.76606950019955	94.07353592693973	
1.7720230323483204	4.120837908687055	9.877342742856559	23.012348876233908	50.76606950019955	94.07353592693973	
1.7720230323483204	4.120837908687055	9.877342742856559	23.012348876233908	50.76606950019955	94.07353592693973	
1.7720230323483204	4.120837908687055	9.877342742856559	23.012348876233908	50.76606950019955	94.07353592693973	
1.7720230323483204	4.120837908687055	9.877342742856559	23.012348876233908	50.76606950019955	94.07353592693973	
1.7720230323483204	4.120837908687055	9.877342742856559	23.012348876233908	50.76606950019955	94.07353592693973	
1.7720230323483204	4.120837908687055	9.877342742856559	23.012348876233908	50.76606950019955	94.07353592693973	
1.7720230323483204	4.120837908687055	9.877342742856559	23.012348876233908	50.76606950019955	94.07353592693973	
1.7720230323483204	4.120837908687055	9.877342742856559	23.012348876233908	50.76606950019955	94.07353592693973	
1.7720230323483204	4.120837908687055	9.877342742856559	23.012348876233908	50.76606950019955	94.07353592693973	
1.7720230323483204	4.120837908687055	9.877342742856559	23.012348876233908	50.76606950019955	94.07353592693973	
1.7720230323483204	4.120837908687055	9.877342742856559	23.012348876233908	50.76606950019955	94.07353592693973	
1.7720230323483204	4.120837908687055	9.877342742856559	23.012348876233908	50.76606950019955	94.07353592693973	
1.7720230323483204	4.120837908687055	9.877342742856559	23.012348876233908	50.76606950019955	94.07353592693973	
1.7720230323483204	4.120837908687055	9.877342742856559	23.012348876233908	50.76606950019955	94.07353592693973	
1.7720230323483204	4.120837908687055	9.877342742856559	23.012348876233908	50.76606950019955	94.07353592693973	
1.7720230323483204	4.120837908687055	9.877342742856559	23.012348876233908	50.76606950019955	94.07353592693973	
1.7720230323483204	4.120837908687055	9.877342742856559	23.012348876233908	50.76606950019955	94.07353592693973	
1.7720230323483204	4.120837908687055	9.877342742856559	23.012348876233908	50.76606950019955	94.07353592693973	
1.7720230323483204	4.120837908687055	9.877342742856559	23.012348876233908	50.76606950019955	94.07353592693973	
1.7720230323483204	4.120837908687055	9.877342742856559	23.012348876233908	50.76606950019955	94.07353592693973	
1.7720230323483204	4.120837908687055	9.877342742856559	23.012348876233908	50.76606950019955	94.07353592693973	
1.7720230323483204	4.120837908687055	9.877342742856559	23.012348876233908	50.76606950019955	94.07353592693973	
1.7720230323483204	4.120837908687055	9.877342742856559	23.012348876233908	50.76606950019955	94.07353592693973	
1.7720230323483204	4.120837908687055	9.877342742856559	23.012348876233908	50.76606950019955	94.07353592693973	
1.7720230323483204	4.120837908687055	9.877342742856559	23.012348876233908	50.76606950019955	94.07353592693973	
1.7720230323483204	4.120837908687055	9.877342742856559	23.012348876233908	50.76606950019955	94.07353592693973	
1.7720230323483204	4.120837908687055	9.877342742856559	23.012348876233908	50.76606950019955	94.07353592693973	
1.7720230323483204	4.120837908687055	9.877342742856559	23.012348876233908	50.76606950019955	94.07353592693973	
1.7720230323483204	4.120837908687055	9.877342742856559	23.012348876233908	50.76606950019955	94.07353592693973	
1.7720230323483204	4.120837908687055	9.877342742856559	23.012348876233908	50.76606950019955	94.07353592693973	
1.7720230323483204	4.120837908687055	9.877342742856559	23.012348876233908	50.76606950019955	94.07353592693973	
1.7720230323483204	4.120837908687055	9.877342742856559	23.012348876233908	50.76606950019955	94.07353592693973	
1.7720230323483204	4.120837908687055	9.877342742856559	23.012348876233908	50.76606950019955	94.07353592693973	
1.7720230323483204	4.120837908687055	9.877342742856559	23.012348876233908	50.76606950019955	94.07353592693973	
1.7720230323483204	4.120837908687055	9.877342742856559	23.012348876233908	50.76606950019955	94.07353592693973	
1.7720230323483204	4.120837908687055	9.877342742856559	23.012348876233908	50.76606950019955	94.07353592693973	
1.7720230323483204	4.120837908687055	9.877342742856559	23.012348876233908	50.76606950019955	94.07353592693973	
1.7720230323483204	4.120837908687055	9.877342742856559	23.012348876233908	50.76606950019955	94.07353592693973	
1.7720230323483204	4.120837908687055	9.877342742856559	23.012348876233908	50.76606950019955	94.07353592693973	
1.7720230323483204	4.120837908687055	9.877342742856559	23.012348876233908	50.76606950019955	94.07353592693973	
1.7720230323483204	4.120837908687055	9.877342742856559	23.012348876233908	50.76606950019955	94.07353592693973	
1.7720230323483204	4.120837908687055	9.877342742856559	23.012348876233908	50.76606950019955	94.07353592693973	
1.7720230323483204	4.120837908687055	9.877342742856559	23.012348876233908	50.76606950019955	94.07353592693973	
1.7720230323483204	4.120837908687055	9.877342742856559	23.012348876233908	50.76606950019955	94.07353592693973	
1.7720230323483204	4.120837908687055	9.877342742856559	23.012348876233908	50.76606950019955	94.07353592693973	
1.7720230323483204	4.120837908687055	9.877342742856559	23.012348876233908	50.76606950019955	94.07353592693973	
1.7720230323483204	4.120837908687055	9.877342742856559	23.012348876233908	50.76606950019955	94.07353592693973	
1.7720230323483204	4.120837908687055	9.877342742856559	23.012348876233908	50.76606950019955	94.07353592693973	
1.7720230323483204	4.120837908687055	9.877342742856559	23.012348876233908	50.76606950019955	94.07353592693973	
1.7720230323483204	4.120837908687055	9.877342742856559	23.012348876233908	50.76606950019955	94.07353592693973	
1.7720230323483204	4.120837908687055	9.877342742856559	23.012348876233908	50.76606950019955	94.07353592693973	
1.7720230323483204	4.120837908687055	9.877342742856559	23.012348876233908	50.76606950019955	94.07353592693973	
1.7720230323483204	4.120837908687055	9.877342742856559	23.012348876233908	50.76606950019955	94.07353592693973	
1.7720230323483204	4.120837908687055	9.877342742856559	23.012348876233908	50.76606950019955	94.07353592693973	
1.7720230323483204	4.120837908687055	9.877342742856559	23.012348876233908	50.76606950019955	94.07353592693973	
1.7720230323483204	4.120837908687055	9.877342742856559	23.012348876233908	50.76606950019955	94.07353592693973	
1.7720230323483204	4.120837908687055	9.877342742856559	23.012348876233908	50.76606950019955	94.07353592693973	
1.7720230323483204	4.120837908687055	9.877342742856559	23.012348876233908	50.76606950019955	94.07353592693973	
1.7720230323483204	4.120837908687055	9.877342742856559	23.012348876233908	50.76606950019955	94.07353592693973	
1.7720230323483204	4.120837908687055	9.877342742856559	23.012348876233908	50.76606950019955	94.07353592693973	
1.7720230323483204	4.120837908687055	9.877342742856559	23.012348876233908	50.76606950019955	94.07353592693973	
1.7720230323483204	4.120837908687055	9.877342742856559	23.012348876233908	50.76606950019955	94.07353592693973	
1.7720230323483204	4.120837908687055	9.877342742856559	23.012348876233908	50.76606950019955	94.07353592693973	
1.7720230323483204	4.120837908687055	9.877342742856559	23.012348876233908	50.76606950019955	94.07353592693973	
1.7720230323483204	4.120837908687055	9.877342742856559	23.012348876233908	50.76606950019955	94.07353592693973	
1.7720230323483204	4.120837908687055	9.877342742856559	23.012348876233908	50.76606950019955	94.07353592693973	
1.7720230323483204	4.120837908687055	9.877342742856559	23.012348876233908	50.76606950019955	94.07353592693973	
1.7720230323483204	4.120837908687055	9.877342742856559	23.012348876233908	50.76606950019955	94.07353592693973	
1.7720230323483204	4.120837908687055	9.877342742856559	23.012348876233908	50.76606950019955	94.07353592693973	
1.7720230323483204	4.120837908687055	9.877342742856559	23.012348876233908	50.76606950019955	94.07353592693973	
1.7720230323483204	4.120837908687055	9.877342742856559	23.012348876233908	50.76606950019955	94.07353592693973	
1.7720230323483204	4.120837908687055	9.877342742856559	23.012348876233908	50.76606950019955	94.07353592693973	
1.7720230323483204	4.120837908687055	9.877342742856559	23.012348876233908	50.76606950019955	94.07353592693973	
1.7720230323483204	4.120837908687055	9.877342742856559	23.012348876233908	50.76606950019955	94.07353592693973	
1.7720230323483204	4.120837908687055	9.877342742856559	23.012348876233908	50.76606950019955	94.07353592693973	
1.7720230323483204	4.120837908687055	9.877342742856559	23.012348876233908	50.76606950019955	94.07353592693973	
1.7720230323483204	4.120837908687055	9.877342742856559	23.012348876233908	50.76606950019955	94.07353592693973	
1.7720230323483204	4.120837908687055	9.877342742856559	23.012348876233908	50.76606950019955	94.07353592693973	
1.7720230323483204	4.120837908687055	9.877342742856559	23.012348876233908	50.76606950019955	94.07353592693973	
1.7720230323483204	4.120837908687055	9.877342742856559	23.012348876233908	50.76606950019955	94.07353592693973	
1.7720230323483204	4.120837908687055	9.877342742856559	23.012348876233908	50.76606950019955	94.07353592693973	
1.7720230323483204	4.120837908687055	9.877342742856559	23.012348876233908	50.76606950019955	94.07353592693973	
1.7720230323483204	4.120837908687055	9.877342742856559	23.012348876233908	50.76606950019955	94.07353592693973	
1.7720230323483204	4.120837908687055	9.877342742856559	23.012348876233908	50.76606950019955	94.07353592693973	
1.7720230323483204	4.120837908687055	9.877342742856559	23.012348876233908	50.76606950019955	94.07353592693973	
1.7720230323483204	4.120837908687055	9.877342742856559	23.012348876233908	50.76606950019955	94.07353592693973	
1.7720230323483204	4.120837908687055	9.877342742856559	23.012348876233908	50.76606950019955	94.07353592693973	
1.7720230323483204	4.120837908687055	9.877342742856559	23.012348876233908	50.76606950019955	94.07353592693973	
1.7720230323483204	4.120837908687055	9.877342742856559	23.012348876233908	50.76606950019955	94.07353592693973	
1.7720230323483204	4.120837908687055	9.877342742856559	23.012348876233908	50.76606950019955	94.07353592693973	
1.7720230323483204	4.120837908687055	9.877342742856559	23.012348876233908	50.76606950019955	94.07353592693973	
1.7720230323483204	4.120837908687055	9.877342742856559	23.012348876233908	50.76606950019955	94.07353592693973	
1.7720230323483204	4.120837908687055	9.877342742856559	23.012348876233908	50.76606950019955	94.07353592693973	
1.7720230323483204	4.120837908687055	9.877342742856559	23.012348876233908	50.76606950019955	94.07353592693973	
1.7720230323483204	4.120837908687055	9.877342742856559	23.012348876233908	50.76606950019955	94.07353592693973	
1.7720230323483204	4.120837908687055	9.877342742856559	23.012348876233908	50.76606950019955	94.07353592693973	
1.7720230323483204	4.120837908687055	9.877342742856559	23.012348876233908	50.76606950019955	94.07353592693973	
1.7720230323483204	4.120837908687055	9.877342742856559	23.012348876233908	50.76606950019955	94.07353592693973	
1.7720230323483204	4.120837908687055	9.877342742856559	23.012348876233908	50.76606950019955	94.07353592693973	
1.7720230323483204	4.120837908687055	9.877342742856559	23.012348876233908	50.76606950019955	94.07353592693973	
1.7720230323483204	4.120837908687055	9.877342742856559	23.012348876233908	50.76606950019955	94.07353592693973	
1.7720230323483204	4.120837908687055	9.877342742856559	23.012348876233908	50.76606950019955	94.07353592693973	
1.7720230323483204	4.120837908687055	9.877342742856559	23.012348876233908	50.76606950019955	94.07353592693973	
1.7720230323483204	4.120837908687055	9.877342742856559	23.012348876233908	50.76606950019955	94.07353592693973	
1.7720230323483204	4.120837908687055	9.877342742856559	23.012348876233908	50.76606950019955	94.07353592693973	
1.7720230323483204	4.120837908687055	9.877342742856559	23.012348876233908	50.76606950019955	94.07353592693973	
1.7720230323483204	4.120837908687055	9.877342742856559	23.012348876233908	50.76606950019955	94.07353592693973	
1.7720230323483204	4.120837908687055	9.877342742856559	23.012348876233908	50.76606950019955	94.07353592693973	
1.7720230323483204	4.120837908687055	9.877342742856559	23.012348876233908	50.76606950019955	94.07353592693973	
1.7720230323483204	4.120837908687055	9.877342742856559	23.012348876233908	50.76606950019955	94.07353592693973	
1.7720230323483204	4.120837908687055	9.877342742856559	23.012348876233908	50.76606950019955	94.07353592693973	
1.7720230323483204	4.120837908687055	9.877342742856559	23.012348876233908	50.76606950019955	94.07353592693973	
1.7720230323483204	4.120837908687055	9.877342742856559	23.012348876233908	50.76606950019955	94.07353592693973	
1.7720230323483204	4.120837908687055	9.877342742856559	23.012348876233908	50.76606950019955	94.07353592693973	
1.7720230323483204	4.120837908687055	9.877342742856559	23.012348876233908	50.76606950019955	94.07353592693973	
1.7720230323483204	4.120837908687055	9.877342742856559	23.012348876233908	50.76606950019955	94.07353592693973	
1.7720230323483204	4.120837908687055	9.877342742856559	23.012348876233908	50.76606950019955	94.07353592693973	
1.7720230323483204	4.120837908687055	9.877342742856559	23.012348876233908	50.76606950019955	94.07353592693973	
1.7720230323483204	4.120837908687055	9.877342742856559	23.012348876233908	50.76606950019955	94.07353592693973	
1.7720230323483204	4.120837908687055	9.877342742856559	23.012348876233908	50.76606950019955	94.07353592693973	
1.7720230323483204	4.120837908687055	9.877342742856559	23.012348876233908	50.76606950019955	94.07353592693973	
1.7720230323483204	4.120837908687055	9.877342742856559	23.012348876233908	50.76606950019955	94.07353592693973	
1.7720230323483204	4.120837908687055	9.877342742856559	23.012348876233908	50.76606950019955	94.07353592693973	
1.7720230323483204	4.120837908687055	9.877342742856559	23.012348876233908	50.76606950019955	94.07353592693973	
1.7720230323483204	4.120837908687055	9.877342742856559	23.012348876233908	50.76606950019955	94.07353592693973	
1.7720230323483204	4.120837908687055	9.877342742856559	23.012348876233908	50.76606950019955	94.07353592693973	
1.7720230323483204	4.120837908687055	9.877342742856559	23.012348876233908	50.76606950019955	94.07353592693973	
1.7720230323483204	4.120837908687055	9.877342742856559	23.012348876233908	50.76606950019955	94.07353592693973	
1.7720230323483204	4.120837908687055	9.877342742856559	23.012348876233908	50.76606950019955	94.07353592693973	
1.7720230323483204	4.120837908687055	9.877342742856559	23.012348876233908	50.76606950019955	94.07353592693973	
1.7720230323483204	4.120837908687055	9.877342742856559	23.012348876233908	50.76606950019955	94.07353592693973	
1.7720230323483204	4.120837908687055	9.877342742856559	23.012348876233908	50.76606950019955	94.07353592693973	
1.7720230323483204	4.120837908687055	9.877342742856559	23.012348876233908	50.76606950019955	94.07353592693973	
1.7720230323483204	4.120837908687055	9.877342742856559	23.012348876233908	50.76606950019955	94.07353592693973	
1.7720230323483204	4.120837908687055	9.877342742856559	23.012348876233908	50.76606950019955	94.07353592693973	
1.7720230323483204	4.120837908687055	9.877342742856559	23.012348876233908	50.76606950019955	94.07353592693973	
1.7720230323483204	4.120837908687055	9.877342742856559	23.012348876233908	50.76606950019955	94.07353592693973	
1.7720230323483204	4.120837908687055	9.877342742856559	23.012348876233908	50.76606950019955	94.07353592693973	
1.7720230323483204	4.120837908687055	9.877342742856559	23.012348876233908	50.76606950019955	94.07353592693973	
1.7720230323483204	4.120837908687055	9.877342742856559	23.012348876233908	50.76606950019955	94.07353592693973	
1.7720230323483204	4.120837908687055	9.877342742856559	23.012348876233908	50.76606950019955	94.07353592693973	
1.7720230323483204	4.120837908687055	9.877342742856559	23.012348876233908	50.76606950019955	94.07353592693973	
1.7720230323483204	4.120837908687055	9.877342742856559	23.012348876233908	50.76606950019955	94.07353592693973	
1.7720230323483204	4.120837908687055	9.877342742856559	23.012348876233908	50.76606950019955	94.07353592693973	
1.7720230323483204	4.120837908687055	9.877342742856559	23.012348876233908	50.76606950019955	94.07353592693973	
1.7720230323483204	4.120837908687055	9.877342742856559	23.012348876233908	50.76606950019955	94.07353592693973	
1.7720230323483204	4.120837908687055	9.877342742856559	23.012348876233908	50.76606950019955	94.07353592693973	
1.7720230323483204	4.120837908687055	9.877342742856559	23.012348876233908	50.76606950019955	94.07353592693973	
1.7720230323483204	4.120837908687055	9.877342742856559	23.012348876233908	50.76606950019955	94.07353592693973	
1.7720230323483204	4.120837908687055	9.877342742856559	23.012348876233908	50.76606950019955	94.07353592693973	
1.7720230323483204	4.120837908687055	9.877342742856559	23.012348876233908	50.76606950019955	94.07353592693973	
1.7720230323483204	4.120837908687055	9.877342742856559	23.012348876233908	50.76606950019955	94.07353592693973	
1.7720230323483204	4.120837908687055	9.877342742856559	23.012348876233908	50.76606950019955	94.07353592693973	
1.7720230323483204	4.120837908687055	9.877342742856559	23.012348876233908	50.76606950019955	94.07353592693973	
1.7720230323483204	4.120837908687055	9.877342742856559	23.012348876233908	50.76606950019955	94.07353592693973	
1.7720230323483204	4.120837908687055	9.877342742856559	23.012348876233908	50.76606950019955	94.07353592693973	
1.7720230323483204	4.120837908687055	9.877342742856559	23.012348876233908	50.76606950019955	94.07353592693973	
1.7720230323483204	4.120837908687055	9.877342742856559	23.012348876233908	50.76606950019955	94.07353592693973	
1.7720230323483204	4.120837908687055	9.877342742856559	23.012348876233908	50.76606950019955	94.07353592693973	
1.7720230323483204	4.120837908687055	9.877342742856559	23.012348876233908	50.76606950019955	94.07353592693973	
1.7720230323483204	4.120837908687055	9.877342742856559	23.012348876233908	50.76606950019955	94.07353592693973	
1.7720230323483204	4.120837908687055	9.877342742856559	23.012348876233908	50.76606950019955	94.07353592693973	
1.7720230323483204	4.120837908687055	9.877342742856559	23.012348876233908	50.76606950019955	94.07353592693973	
1.7720230323483204	4.120837908687055	9.877342742856559	23.012348876233908	50.76606950019955	94.07353592693973	
1.7720230323483204	4.120837908687055	9.877342742856559	23.012348876233908	50.76606950019955	94.07353592693973	
1.7720230323483204	4.120837908687055	9.877342742856559	23.012348876233908	50.76606950019955	94.07353592693973	
1.7720230323483204	4.120837908687055	9.877342742856559	23.012348876233908	50.76606950019955	94.07353592693973	
1.7720230323483204	4.120837908687055	9.877342742856559	23.012348876233908	50.76606950019955	94.07353592693973	
1.7720230323483204	4.120837908687055	9.877342742856559	23.012348876233908	50.76606950019955	94.07353592693973	
1.7720230323483204	4.120837908687055	9.877342742856559	23.012348876233908	50.76606950019955	94.07353592693973	
1.7720230323483204	4.120837908687055	9.877342742856559	23.012348876233908	50.76606950019955	94.07353592693973	
1.7720230323483204	4.120837908687055	9.877342742856559	23.012348876233908	50.76606950019955	94.07353592693973	
1.7720230323483204	4.120837908687055	9.877342742856559	23.012348876233908	50.76606950019955	94.07353592693973	
1.7720230323483204	4.120837908687055	9.877342742856559	23.012348876233908	50.76606950019955	94.07353592693973	
1.7720230323483204	4.120837908687055	9.877342742856559	23.012348876233908	50.76606950019955	94.07353592693973	
1.7720230323483204	4.120837908687055	9.877342742856559	23.012348876233908	50.76606950019955	94.07353592693973	
1.7720230323483204	4.120837908687055	9.877342742856559	23.012348876233908	50.76606950019955	94.07353592693973	
1.7720230323483204	4.120837908687055	9.877342742856559	23.012348876233908	50.76606950019955	94.07353592693973	
1.7720230323483204	4.120837908687055	9.877342742856559	23.012348876233908	50.76606950019955	94.07353592693973	
1.7720230323483204	4.120837908687055	9.877342742856559	23.012348876233908	50.76606950019955	94.07353592693973	
1.7720230323483204	4.120837908687055	9.877342742856559	23.012348876233908	50.76606950019955	94.07353592693973	
1.7720230323483204	4.120837908687055	9.877342742856559	23.012348876233908	50.76606950019955	94.07353592693973	
1.7720230323483204	4.120837908687055	9.877342742856559	23.012348876233908	50.76606950019955	94.07353592693973	
1.7720230323483204	4.120837908687055	9.877342742856559	23.012348876233908	50.76606950019955	94.07353592693973	
1.7720230323483204	4.120837908687055	9.877342742856559	23.012348876233908	50.76606950019955	94.07353592693973	
1.7720230323483204	4.120837908687055	9.877342742856559	23.012348876233908	50.76606950019955	94.07353592693973	
1.7720230323483204	4.120837908687055	9.877342742856559	23.012348876233908	50.76606950019955	94.07353592693973	
1.7720230323483204	4.120837908687055	9.877342742856559	23.012348876233908	50.76606950019955	94.07353592693973	
1.7720230323483204	4.120837908687055	9.877342742856559	23.012348876233908	50.76606950019955	94.07353592693973	
1.7720230323483204	4.120837908687055	9.877342742856559	23.012348876233908	50.76606950019955	94.07353592693973	
1.7720230323483204	4.120837908687055	9.877342742856559	23.012348876233908	50.76606950019955	94.07353592693973	
1.7720230323483204	4.120837908687055	9.877342742856559	23.012348876233908	50.76606950019955	94.07353592693973	
1.7720230323483204	4.120837908687055	9.877342742856559	23.012348876233908	50.76606950019955	94.07353592693973	
1.7720230323483204	4.120837908687055	9.877342742856559	23.012348876233908	50.76606950019955	94.07353592693973	
1.7720230323483204	4.120837908687055	9.877342742856559	23.012348876233908	50.76606950019955	94.07353592693973	
1.7720230323483204	4.120837908687055	9.877342742856559	23.012348876233908	50.76606950019955	94.07353592693973	
1.7720230323483204	4.120837908687055	9.877342742856559	23.012348876233908	50.76606950019955	94.07353592693973	
1.7720230323483204	4.120837908687055	9.877342742856559	23.012348876233908	50.76606950019955	94.07353592693973	
1.7720230323483204	4.120837908687055	9.877342742856559	23.012348876233908	50.76606950019955	94.07353592693973	
1.7720230323483204	4.120837908687055	9.877342742856559	23.012348876233908	50.76606950019955	94.07353592693973	
1.7720230323483204	4.120837908687055	9.877342742856559	23.012348876233908	50.76606950019955	94.07353592693973	
1.7720230323483204	4.120837908687055	9.877342742856559	23.012348876233908	50.76606950019955	94.07353592693973	
1.7720230323483204	4.120837908687055	9.877342742856559	23.012348876233908	50.76606950019955	94.07353592693973	
1.7720230323483204	4.120837908687055	9.877342742856559	23.012348876233908	50.76606950019955	94.07353592693973	
1.7720230323483204	4.120837908687055	9.877342742856559	23.012348876233908	50.76606950019955	94.07353592693973	
1.7720230323483204	4.120837908687055	9.877342742856559	23.012348876233908	50.76606950019955	94.07353592693973	
1.7720230323483204	4.120837908687055	9.877342742856559	23.012348876233908	50.76606950019955	94.07353592693973	
1.7720230323483204	4.120837908687055	9.877342742856559	23.012348876233908	50.76606950019955	94.07353592693973	
1.7720230323483204	4.120837908687055	9.877342742856559	23.012348876233908	50.76606950019955	94.07353592693973	
1.7720230323483204	4.120837908687055	9.877342742856559	23.012348876233908	50.76606950019955	94.07353592693973	
1.7720230323483204	4.120837908687055	9.877342742856559	23.012348876233908	50.76606950019955	94.07353592693973	
1.7720230323483204	4.120837908687055	9.877342742856559	23.012348876233908	50.76606950019955	94.07353592693973	
1.7720230323483204	4.120837908687055	9.877342742856559	23.012348876233908	50.76606950019955	94.07353592693973	
1.7720230323483204	4.120837908687055	9.877342742856559	23.012348876233908	50.76606950019955	94.07353592693973	
1.7720230323483204	4.120837908687055	9.877342742856559	23.012348876233908	50.76606950019955	94.07353592693973	
1.7720230323483204	4.120837908687055	9.877342742856559	23.012348876233908	50.76606950019955	94.07353592693973	
1.7720230323483204	4.120837908687055	9.877342742856559	23.012348876233908	50.76606950019955	94.07353592693973	
1.7720230323483204	4.120837908687055	9.877342742856559	23.012348876233908	50.76606950019955	94.07353592693973	
1.7720230323483204	4.120837908687055	9.877342742856559	23.012348876233908	50.76606950019955	94.07353592693973	
1.7720230323483204	4.120837908687055	9.877342742856559	23.012348876233908	50.76606950019955	94.07353592693973	
1.7720230323483204	4.120837908687055	9.877342742856559	23.012348876233908	50.76606950019955	94.07353592693973	
1.7720230323483204	4.120837908687055	9.877342742856559	23.012348876233908	50.76606950019955	94.07353592693973	
1.7720230323483204	4.120837908687055	9.877342742856559	23.012348876233908	50.76606950019955	94.07353592693973	
1.7720230323483204	4.120837908687055	9.877342742856559	23.012348876233908	50.76606950019955	94.07353592693973	
1.7720230323483204	4.120837908687055	9.877342742856559	23.012348876233908	50.76606950019955	94.07353592693973	
1.7720230323483204	4.120837908687055	9.877342742856559	23.012348876233908	50.76606950019955	94.07353592693973	
1.7720230323483204	4.120837908687055	9.877342742856559	23.012348876233908	50.76606950019955	94.07353592693973	
1.7720230323483204	4.120837908687055	9.877342742856559	23.012348876233908	50.76606950019955	94.07353592693973	
1.7720230323483204	4.120837908687055	9.877342742856559	23.012348876233908	50.76606950019955	94.07353592693973	
1.7720230323483204	4.120837908687055	9.877342742856559	23.012348876233908	50.76606950019955	94.07353592693973	
1.7720230323483204	4.120837908687055	9.877342742856559	23.012348876233908	50.76606950019955	94.07353592693973	
1.7720230323483204	4.120837908687055	9.877342742856559	23.012348876233908	50.76606950019955	94.07353592693973	
1.7720230323483204	4.120837908687055	9.877342742856559	23.012348876233908	50.76606950019955	94.07353592693973	
1.7720230323483204	4.120837908687055	9.877342742856559	23.012348876233908	50.76606950019955	94.07353592693973	
1.7720230323483204	4.120837908687055	9.877342742856559	23.012348876233908	50.76606950019955	94.07353592693973	
1.7720230323483204	4.120837908687055	9.877342742856559	23.012348876233908	50.76606950019955	94.07353592693973	
1.7720230323483204	4.120837908687055	9.877342742856559	23.012348876233908	50.76606950019955	94.07353592693973	
1.7720230323483204	4.120837908687055	9.877342742856559	23.012348876233908	50.76606950019955	94.07353592693973	
1.7720230323483204	4.120837908687055	9.877342742856559	23.012348876233908	50.76606950019955	94.07353592693973	
1.7720230323483204	4.120837908687055	9.877342742856559	23.012348876233908	50.76606950019955	94.07353592693973	
1.7720230323483204	4.120837908687055	9.877342742856559	23.012348876233908	50.76606950019955	94.07353592693973	
1.7720230323483204	4.120837908687055	9.877342742856559	23.012348876233908	50.76606950019955	94.07353592693973	
1.7720230323483204	4.120837908687055	9.877342742856559	23.012348876233908	50.76606950019955	94.07353592693973	
1.7720230323483204	4.120837908687055	9.877342742856559	23.012348876233908	50.76606950019955	94.07353592693973	
1.7720230323483204	4.120837908687055	9.877342742856559	23.012348876233908	50.76606950019955	94.07353592693973	
1.7720230323483204	4.120837908687055	9.877342742856559	23.012348876233908	50.76606950019955	94.07353592693973	
1.7720230323483204	4.120837908687055	9.877342742856559	23.012348876233908	50.76606950019955	94.07353592693973	
1.7720230323483204	4.120837908687055	9.877342742856559	23.012348876233908	50.76606950019955	94.07353592693973	
1.7720230323483204	4.120837908687055	9.877342742856559	23.012348876233908	50.76606950019955	94.07353592693973	
1.7720230323483204	4.120837908687055	9.877342742856559	23.012348876233908	50.76606950019955	94.07353592693973	
1.7720230323483204	4.120837908687055	9.877342742856559	23.012348876233908	50.76606950019955	94.07353592693973	
1.7720230323483204	4.120837908687055	9.877342742856559	23.012348876233908	50.76606950019955	94.07353592693973	
1.7720230323483204	4.120837908687055	9.877342742856559	23.012348876233908	50.76606950019955	94.07353592693973	
1.7720230323483204	4.120837908687055	9.877342742856559	23.012348876233908	50.76606950019955	94.07353592693973	
1.7720230323483204	4.120837908687055	9.877342742856559	23.012348876233908	50.76606950019955	94.07353592693973	
1.7720230323483204	4.120837908687055	9.877342742856559	23.012348876233908	50.76606950019955	94.07353592693973	
1.7720230323483204	4.120837908687055	9.877342742856559	23.012348876233908	50.76606950019955	94.07353592693973	
1.7720230323483204	4.120837908687055	9.877342742856559	23.012348876233908	50.76606950019955	94.07353592693973	
1.7720230323483204	4.120837908687055	9.877342742856559	23.012348876233908	50.76606950019955	94.07353592693973	
1.7720230323483204	4.120837908687055	9.877342742856559	23.012348876233908	50.76606950019955	94.07353592693973	
1.7720230323483204	4.120837908687055	9.877342742856559	23.012348876233908	50.76606950019955	94.07353592693973	
1.7720230323483204	4.120837908687055	9.877342742856559	23.012348876233908	50.76606950019955	94.07353592693973	
1.7720230323483204	4.120837908687055	9.877342742856559	23.012348876233908	50.76606950019955	94.07353592693973	
1.7720230323483204	4.120837908687055	9.877342742856559	23.012348876233908	50.76606950019955	94.07353592693973	
1.7720230323483204	4.120837908687055	9.877342742856559	23.012348876233908	50.76606950019955	94.07353592693973	
1.7720230323483204	4.120837908687055	9.877342742856559	23.012348876233908	50.76606950019955	94.07353592693973	
1.7720230323483204	4.120837908687055	9.877342742856559	23.012348876233908	50.76606950019955	94.07353592693973	
1.7720230323483204	4.120837908687055	9.877342742856559	23.012348876233908	50.76606950019955	94.07353592693973	
1.7720230323483204	4.120837908687055	9.877342742856559	23.012348876233908	50.76606950019955	94.07353592693973	
1.7720230323483204	4.120837908687055	9.877342742856559	23.012348876233908	50.76606950019955	94.07353592693973	
1.7720230323483204	4.120837908687055	9.877342742856559	23.012348876233908	50.76606950019955	94.07353592693973	
1.7720230323483204	4.120837908687055	9.877342742856559	23.012348876233908	50.76606950019955	94.07353592693973	
1.7720230323483204	4.120837908687055	9.877342742856559	23.012348876233908	50.76606950019955	94.07353592693973	
1.7720230323483204	4.120837908687055	9.877342742856559	23.012348876233908	50.76606950019955	94.07353592693973	
1.7720230323483204	4.120837908687055	9.877342742856559	23.012348876233908	50.76606950019955	94.07353592693973	
1.7720230323483204	4.120837908687055	9.877342742856559	23.012348876233908	50.76606950019955	94.07353592693973	
1.7720230323483204	4.120837908687055	9.877342742856559	23.012348876233908	50.76606950019955	94.07353592693973	
1.7720230323483204	4.120837908687055	9.877342742856559	23.012348876233908	50.76606950019955	94.07353592693973	
1.7720230323483204	4.120837908687055	9.877342742856559	23.012348876233908	50.76606950019955	94.07353592693973	
1.7720230323483204	4.120837908687055	9.877342742856559	23.012348876233908	50.76606950019955	94.07353592693973	
1.7720230323483204	4.120837908687055	9.877342742856559	23.012348876233908	50.76606950019955	94.07353592693973	
1.7720230323483204	4.120837908687055	9.877342742856559	23.012348876233908	50.76606950019955	94.07353592693973	
1.7720230323483204	4.120837908687055	9.877342742856559	23.012348876233908	50.76606950019955	94.07353592693973	
1.7720230323483204	4.120837908687055	9.877342742856559	23.012348876233908	50.76606950019955	94.07353592693973	
1.7720230323483204	4.120837908687055	9.877342742856559	23.012348876233908	50.76606950019955	94.07353592693973	
1.7720230323483204	4.120837908687055	9.877342742856559	23.012348876233908	50.76606950019955	94.07353592693973	
1.7720230323483204	4.120837908687055	9.877342742856559	23.012348876233908	50.76606950019955	94.07353592693973	
1.7720230323483204	4.120837908687055	9.877342742856559	23.012348876233908	50.76606950019955	94.07353592693973	
1.7720230323483204	4.120837908687055	9.877342742856559	23.012348876233908	50.76606950019955	94.07353592693973	
1.7720230323483204	4.120837908687055	9.877342742856559	23.012348876233908	50.76606950019955	94.07353592693973	
1.7720230323483204	4.120837908687055	9.877342742856559	23.012348876233908	50.76606950019955	94.07353592693973	
1.7720230323483204	4.120837908687055	9.877342742856559	23.012348876233908	50.76606950019955	94.07353592693973	
1.7720230323483204	4.120837908687055	9.877342742856559	23.012348876233908	50.76606950019955	94.07353592693973	
1.7720230323483204	4.120837908687055	9.877342742856559	23.012348876233908	50.76606950019955	94.07353592693973	
1.7720230323483204	4.120837908687055	9.877342742856559	23.012348876233908	50.76606950019955	94.07353592693973	
1.7720230323483204	4.120837908687055	9.877342742856559	23.012348876233908	50.76606950019955	94.07353592693973	
1.7720230323483204	4.120837908687055	9.877342742856559	23.012348876233908	50.76606950019955	94.07353592693973	
1.7720230323483204	4.120837908687055	9.877342742856559	23.012348876233908	50.76606950019955	94.07353592693973	
1.7720230323483204	4.120837908687055	9.877342742856559	23.012348876233908	50.76606950019955	94.07353592693973	
1.7720230323483204	4.120837908687055	9.877342742856559	23.012348876233908	50.76606950019955	94.07353592693973	
1.7720230323483204	4.120837908687055	9.877342742856559	23.012348876233908	50.76606950019955	94.07353592693973	
1.7720230323483204	4.120837908687055	9.877342742856559	23.012348876233908	50.76606950019955	94.07353592693973	
1.7720230323483204	4.120837908687055	9.877342742856559	23.012348876233908	50.76606950019955	94.07353592693973	
1.7720230323483204	4.120837908687055	9.877342742856559	23.012348876233908	50.76606950019955	94.07353592693973	
1.7720230323483204	4.120837908687055	9.877342742856559	23.012348876233908	50.76606950019955	94.07353592693973	
1.7720230323483204	4.120837908687055	9.877342742856559	23.012348876233908	50.76606950019955	94.07353592693973	
1.7720230323483204	4.120837908687055	9.877342742856559	23.012348876233908	50.76606950019955	94.07353592693973	
1.7720230323483204	4.120837908687055	9.877342742856559	23.012348876233908	50.76606950019955	94.07353592693973	
1.7720230323483204	4.120837908687055	9.877342742856559	23.012348876233908	50.76606950019955	94.07353592693973	
1.7720230323483204	4.120837908687055	9.877342742856559	23.012348876233908	50.76606950019955	94.07353592693973	
1.7720230323483204	4.120837908687055	9.877342742856559	23.012348876233908	50.76606950019955	94.07353592693973	
1.7720230323483204	4.120837908687055	9.877342742856559	23.012348876233908	50.76606950019955	94.07353592693973	
1.7720230323483204	4.120837908687055	9.877342742856559	23.012348876233908	50.76606950019955	94.07353592693973	
1.7720230323483204	4.120837908687055	9.877342742856559	23.012348876233908	50.76606950019955	94.07353592693973	
1.7720230323483204	4.120837908687055	9.877342742856559	23.012348876233908	50.76606950019955	94.07353592693973	
1.7720230323483204	4.120837908687055	9.877342742856559	23.012348876233908	50.76606950019955	94.07353592693973	
1.7720230323483204	4.120837908687055	9.877342742856559	23.012348876233908	50.76606950019955	94.07353592693973	
1.7720230323483204	4.120837908687055	9.877342742856559	23.012348876233908	50.76606950019955	94.07353592693973	
1.7720230323483204	4.120837908687055	9.877342742856559	23.012348876233908	50.76606950019955	94.07353592693973	
1.7720230323483204	4.120837908687055	9.877342742856559	23.012348876233908	50.76606950019955	94.07353592693973	
1.7720230323483204	4.120837908687055	9.877342742856559	23.012348876233908	50.76606950019955	94.07353592693973	
1.7720230323483204	4.120837908687055	9.877342742856559	23.012348876233908	50.76606950019955	94.07353592693973	
1.7720230323483204	4.120837908687055	9.877342742856559	23.012348876233908	50.76606950019955	94.07353592693973	
1.7720230323483204	4.120837908687055	9.877342742856559	23.012348876233908	50.76606950019955	94.07353592693973	
1.7720230323483204	4.120837908687055	9.877342742856559	23.012348876233908	50.76606950019955	94.07353592693973	
1.7720230323483204	4.120837908687055	9.877342742856559	23.012348876233908	50.76606950019955	94.07353592693973	
1.7720230323483204	4.120837908687055	9.877342742856559	23.012348876233908	50.76606950019955	94.07353592693973	
1.7720230323483204	4.120837908687055	9.877342742856559	23.012348876233908	50.76606950019955	94.07353592693973	
1.7720230323483204	4.120837908687055	9.877342742856559	23.012348876233908	50.76606950019955	94.07353592693973	
1.7720230323483204	4.120837908687055	9.877342742856559	23.012348876233908	50.76606950019955	94.07353592693973	
1.7720230323483204	4.120837908687055	9.877342742856559	23.012348876233908	50.76606950019955	94.07353592693973	
1.7720230323483204	4.120837908687055	9.877342742856559	23.012348876233908	50.76606950019955	94.07353592693973	
1.7720230323483204	4.120837908687055	9.877342742856559	23.012348876233908	50.76606950019955	94.07353592693973	
1.7720230323483204	4.120837908687055	9.877342742856559	23.012348876233908	50.76606950019955	94.07353592693973	
1.7720230323483204	4.120837908687055	9.877342742856559	23.012348876233908	50.76606950019955	94.07353592693973	
1.7720230323483204	4.120837908687055	9.877342742856559	23.012348876233908	50.76606950019955	94.07353592693973	
1.7720230323483204	4.120837908687055	9.877342742856559	23.012348876233908	50.76606950019955	94.07353592693973	
1.7720230323483204	4.120837908687055	9.877342742856559	23.012348876233908	50.76606950019955	94.07353592693973	
1.7720230323483204	4.120837908687055	9.877342742856559	23.012348876233908	50.76606950019955	94.07353592693973	
1.7720230323483204	4.120837908687055	9.877342742856559	23.012348876233908	50.76606950019955	94.07353592693973	
1.7720230323483204	4.120837908687055	9.877342742856559	23.012348876233908	50.76606950019955	94.07353592693973	
1.7720230323483204	4.120837908687055	9.877342742856559	23.012348876233908	50.76606950019955	94.07353592693973	
1.7720230323483204	4.120837908687055	9.877342742856559	23.012348876233908	50.76606950019955	94.07353592693973	
1.7720230323483204	4.120837908687055	9.877342742856559	23.012348876233908	50.76606950019955	94.07353592693973	
1.7720230323483204	4.120837908687055	9.877342742856559	23.012348876233908	50.76606950019955	94.07353592693973	
1.7720230323483204	4.120837908687055	9.877342742856559	23.012348876233908	50.76606950019955	94.07353592693973	
1.7720230323483204	4.120837908687055	9.877342742856559	23.012348876233908	50.76606950019955	94.07353592693973	
1.7720230323483204	4.120837908687055	9.877342742856559	23.012348876233908	50.76606950019955	94.07353592693973	
1.7720230323483204	4.120837908687055	9.877342742856559	23.012348876233908	50.76606950019955	94.07353592693973	
1.7720230323483204	4.120837908687055	9.877342742856559	23.012348876233908	50.76606950019955	94.07353592693973	
1.7720230323483204	4.120837908687055	9.877342742856559	23.012348876233908	50.76606950019955	94.07353592693973	
1.7720230323483204	4.120837908687055	9.877342742856559	23.012348876233908	50.76606950019955	94.07353592693973	
1.7720230323483204	4.120837908687055	9.877342742856559	23.012348876233908	50.76606950019955	94.07353592693973	
1.7720230323483204	4.120837908687055	9.877342742856559	23.012348876233908	50.76606950019955	94.07353592693973	
1.7720230323483204	4.120837908687055	9.877342742856559	23.012348876233908	50.76606950019955	94.07353592693973	
1.7720230323483204	4.120837908687055	9.877342742856559	23.012348876233908	50.76606950019955	94.07353592693973	
1.7720230323483204	4.120837908687055	9.877342742856559	23.012348876233908	50.76606950019955	94.07353592693973	
1.7720230323483204	4.120837908687055	9.877342742856559	23.012348876233908	50.76606950019955	94.07353592693973	
1.7720230323483204	4.120837908687055	9.877342742856559	23.012348876233908	50.76606950019955	94.07353592693973	
1.7720230323483204	4.120837908687055	9.877342742856559	23.012348876233908	50.76606950019955	94.07353592693973	
1.7720230323483204	4.120837908687055	9.877342742856559	23.012348876233908	50.76606950019955	94.07353592693973	
1.7720230323483204	4.120837908687055	9.877342742856559	23.012348876233908	50.76606950019955	94.07353592693973	
1.7720230323483204	4.120837908687055	9.877342742856559	23.012348876233908	50.76606950019955	94.07353592693973	
1.7720230323483204	4.120837908687055	9.877342742856559	23.012348876233908	50.76606950019955	94.07353592693973	
1.7720230323483204	4.120837908687055	9.877342742856559	23.012348876233908	50.76606950019955	94.07353592693973	
1.7720230323483204	4.120837908687055	9.877342742856559	23.012348876233908	50.76606950019955	94.07353592693973	
1.7720230323483204	4.120837908687055	9.877342742856559	23.012348876233908	50.76606950019955	94.07353592693973	
1.7720230323483204	4.120837908687055	9.877342742856559	23.012348876233908	50.76606950019955	94.07353592693973	
1.7720230323483204	4.120837908687055	9.877342742856559	23.012348876233908	50.76606950019955	94.07353592693973	
1.7720230323483204	4.120837908687055	9.877342742856559	23.012348876233908	50.76606950019955	94.07353592693973	
1.7720230323483204	4.120837908687055	9.877342742856559	23.012348876233908	50.76606950019955	94.07353592693973	
1.7720230323483204	4.120837908687055	9.877342742856559	23.012348876233908	50.76606950019955	94.07353592693973	
1.7720230323483204	4.120837908687055	9.877342742856559	23.012348876233908	50.76606950019955	94.07353592693973	
1.7720230323483204	4.120837908687055	9.877342742856559	23.012348876233908	50.76606950019955	94.07353592693973	
1.7720230323483204	4.120837908687055	9.877342742856559	23.012348876233908	50.76606950019955	94.07353592693973	
1.7720230323483204	4.120837908687055	9.877342742856559	23.012348876233908	50.76606950019955	94.07353592693973	
1.7720230323483204	4.120837908687055	9.877342742856559	23.012348876233908	50.76606950019955	94.07353592693973	
1.7720230323483204	4.120837908687055	9.877342742856559	23.012348876233908	50.76606950019955	94.07353592693973	
1.7720230323483204	4.120837908687055	9.877342742856559	23.012348876233908	50.76606950019955	94.07353592693973	
1.7720230323483204	4.120837908687055	9.877342742856559	23.012348876233908	50.76606950019955	94.07353592693973	
1.7720230323483204	4.120837908687055	9.877342742856559	23.012348876233908	50.76606950019955	94.07353592693973	
1.7720230323483204	4.120837908687055	9.877342742856559	23.012348876233908	50.76606950019955	94.07353592693973	
1.7720230323483204	4.120837908687055	9.877342742856559	23.012348876233908	50.76606950019955	94.07353592693973	
1.7720230323483204	4.120837908687055	9.877342742856559	23.012348876233908	50.76606950019955	94.07353592693973	
1.7720230323483204	4.120837908687055	9.877342742856559	23.012348876233908	50.76606950019955	94.07353592693973	
1.7720230323483204	4.120837908687055	9.877342742856559	23.012348876233908	50.76606950019955	94.07353592693973	
1.7720230323483204	4.120837908687055	9.877342742856559	23.012348876233908	50.76606950019955	94.07353592693973	
1.7720230323483204	4.120837908687055	9.877342742856559	23.012348876233908	50.76606950019955	94.07353592693973	
1.7720230323483204	4.120837908687055	9.877342742856559	23.012348876233908	50.76606950019955	94.07353592693973	
1.7720230323483204	4.120837908687055	9.877342742856559	23.012348876233908	50.76606950019955	94.07353592693973	
1.7720230323483204	4.120837908687055	9.877342742856559	23.012348876233908	50.76606950019955	94.07353592693973	
1.7720230323483204	4.120837908687055	9.877342742856559	23.012348876233908	50.76606950019955	94.07353592693973	
1.7720230323483204	4.120837908687055	9.877342742856559	23.012348876233908	50.76606950019955	94.07353592693973	
1.7720230323483204	4.120837908687055	9.877342742856559	23.012348876233908	50.76606950019955	94.07353592693973	
1.7720230323483204	4.120837908687055	9.877342742856559	23.012348876233908	50.76606950019955	94.07353592693973	
1.7720230323483204	4.120837908687055	9.877342742856559	23.012348876233908	50.76606950019955	94.07353592693973	
1.7720230323483204	4.120837908687055	9.877342742856559	23.012348876233908	50.76606950019955	94.07353592693973	
1.7720230323483204	4.120837908687055	9.877342742856559	23.012348876233908	50.76606950019955	94.07353592693973	
1.7720230323483204	4.120837908687055	9.877342742856559	23.012348876233908	50.76606950019955	94.07353592693973	
1.7720230323483204	4.120837908687055	9.877342742856559	23.012348876233908	50.76606950019955	94.07353592693973	
1.7720230323483204	4.120837908687055	9.877342742856559	23.012348876233908	50.76606950019955	94.07353592693973	
1.7720230323483204	4.120837908687055	9.877342742856559	23.012348876233908	50.76606950019955	94.07353592693973	
1.7720230323483204	4.120837908687055	9.877342742856559	23.012348876233908	50.76606950019955	94.07353592693973	
1.7720230323483204	4.120837908687055	9.877342742856559	23.012348876233908	50.76606950019955	94.07353592693973	
1.7720230323483204	4.120837908687055	9.877342742856559	23.012348876233908	50.76606950019955	94.07353592693973	
1.7720230323483204	4.120837908687055	9.877342742856559	23.012348876233908	50.76606950019955	94.07353592693973	
1.7720230323483204	4.120837908687055	9.877342742856559	23.012348876233908	50.76606950019955	94.07353592693973	
1.7720230323483204	4.120837908687055	9.877342742856559	23.012348876233908	50.76606950019955	94.07353592693973	
1.7720230323483204	4.120837908687055	9.877342742856559	23.012348876233908	50.76606950019955	94.07353592693973	
1.7720230323483204	4.120837908687055	9.877342742856559	23.012348876233908	50.76606950019955	94.07353592693973	
1.7720230323483204	4.120837908687055	9.877342742856559	23.012348876233908	50.76606950019955	94.07353592693973	
1.7720230323483204	4.120837908687055	9.877342742856559	23.012348876233908	50.76606950019955	94.07353592693973	
1.7720230323483204	4.120837908687055	9.877342742856559	23.012348876233908	50.76606950019955	94.07353592693973	
1.7720230323483204	4.120837908687055	9.877342742856559	23.012348876233908	50.76606950019955	94.07353592693973	
1.7720230323483204	4.120837908687055	9.877342742856559	23.012348876233908	50.76606950019955	94.07353592693973	
1.7720230323483204	4.120837908687055	9.877342742856559	23.012348876233908	50.76606950019955	94.07353592693973	
1.7720230323483204	4.120837908687055	9.877342742856559	23.012348876233908	50.76606950019955	94.07353592693973	
1.7720230323483204	4.120837908687055	9.877342742856559	23.012348876233908	50.76606950019955	94.07353592693973	
1.7720230323483204	4.120837908687055	9.877342742856559	23.012348876233908	50.76606950019955	94.07353592693973	
1.7720230323483204	4.120837908687055	9.877342742856559	23.012348876233908	50.76606950019955	94.07353592693973	
1.7720230323483204	4.120837908687055	9.877342742856559	23.012348876233908	50.76606950019955	94.07353592693973	
1.7720230323483204	4.120837908687055	9.877342742856559	23.012348876233908	50.76606950019955	94.07353592693973	
1.7720230323483204	4.120837908687055	9.877342742856559	23.012348876233908	50.76606950019955	94.07353592693973	
1.7720230323483204	4.120837908687055	9.877342742856559	23.012348876233908	50.76606950019955	94.07353592693973	
1.7720230323483204	4.120837908687055	9.877342742856559	23.012348876233908	50.76606950019955	94.07353592693973	
1.7720230323483204	4.120837908687055	9.877342742856559	23.012348876233908	50.76606950019955	94.07353592693973	
1.7720230323483204	4.120837908687055	9.877342742856559	23.012348876233908	50.76606950019955	94.07353592693973	
1.7720230323483204	4.120837908687055	9.877342742856559	23.012348876233908	50.76606950019955	94.07353592693973	
1.7720230323483204	4.120837908687055	9.877342742856559	23.012348876233908	50.76606950019955	94.07353592693973	
1.7720230323483204	4.120837908687055	9.877342742856559	23.012348876233908	50.76606950019955	94.07353592693973	
1.7720230323483204	4.120837908687055	9.877342742856559	23.012348876233908	50.76606950019955	94.07353592693973	
1.7720230323483204	4.120837908687055	9.877342742856559	23.012348876233908	50.76606950019955	94.07353592693973	
1.7720230323483204	4.120837908687055	9.877342742856559	23.012348876233908	50.76606950019955	94.07353592693973	
1.7720230323483204	4.120837908687055	9.877342742856559	23.012348876233908	50.76606950019955	94.07353592693973	
1.7720230323483204	4.120837908687055	9.877342742856559	23.012348876233908	50.76606950019955	94.07353592693973	
1.7720230323483204	4.120837908687055	9.877342742856559	23.012348876233908	50.76606950019955	94.07353592693973	
1.7720230323483204	4.120837908687055	9.877342742856559	23.012348876233908	50.76606950019955	94.07353592693973	
1.7720230323483204	4.120837908687055	9.877342742856559	23.012348876233908	50.76606950019955	94.07353592693973	
1.7720230323483204	4.120837908687055	9.877342742856559	23.012348876233908	50.76606950019955	94.07353592693973	
1.7720230323483204	4.120837908687055	9.877342742856559	23.012348876233908	50.76606950019955	94.07353592693973	
1.7720230323483204	4.120837908687055	9.877342742856559	23.012348876233908	50.76606950019955	94.07353592693973	
1.7720230323483204	4.120837908687055	9.877342742856559	23.012348876233908	50.76606950019955	94.07353592693973	
1.7720230323483204	4.120837908687055	9.877342742856559	23.012348876233908	50.76606950019955	94.07353592693973	
1.7720230323483204	4.120837908687055	9.877342742856559	23.012348876233908	50.76606950019955	94.07353592693973	
1.7720230323483204	4.120837908687055	9.877342742856559	23.012348876233908	50.76606950019955	94.07353592693973	
1.7720230323483204	4.120837908687055	9.877342742856559	23.012348876233908	50.76606950019955	94.07353592693973	
1.7720230323483204	4.120837908687055	9.877342742856559	23.012348876233908	50.76606950019955	94.07353592693973	
1.7720230323483204	4.120837908687055	9.877342742856559	23.012348876233908	50.76606950019955	94.07353592693973	
1.7720230323483204	4.120837908687055	9.877342742856559	23.012348876233908	50.76606950019955	94.07353592693973	
1.7720230323483204	4.120837908687055	9.877342742856559	23.012348876233908	50.76606950019955	94.07353592693973	
1.7720230323483204	4.120837908687055	9.877342742856559	23.012348876233908	50.76606950019955	94.07353592693973	
1.7720230323483204	4.120837908687055	9.877342742856559	23.012348876233908	50.76606950019955	94.07353592693973	
1.7720230323483204	4.120837908687055	9.877342742856559	23.012348876233908	50.76606950019955	94.07353592693973	
1.7720230323483204	4.120837908687055	9.877342742856559	23.012348876233908	50.76606950019955	94.07353592693973	
1.7720230323483204	4.120837908687055	9.877342742856559	23.012348876233908	50.76606950019955	94.07353592693973	
1.7720230323483204	4.120837908687055	9.877342742856559	23.012348876233908	50.76606950019955	94.07353592693973	
1.7720230323483204	4.120837908687055	9.877342742856559	23.012348876233908	50.76606950019955	94.07353592693973	
1.7720230323483204	4.120837908687055	9.877342742856559	23.012348876233908	50.76606950019955	94.07353592693973	
1.7720230323483204	4.120837908687055	9.877342742856559	23.012348876233908	50.76606950019955	94.07353592693973	
1.7720230323483204	4.120837908687055	9.877342742856559	23.012348876233908	50.76606950019955	94.07353592693973	
1.7720230323483204	4.120837908687055	9.877342742856559	23.012348876233908	50.76606950019955	94.07353592693973	
1.7720230323483204	4.120837908687055	9.877342742856559	23.012348876233908	50.76606950019955	94.07353592693973	
1.7720230323483204	4.120837908687055	9.877342742856559	23.012348876233908	50.76606950019955	94.07353592693973	
1.7720230323483204	4.120837908687055	9.877342742856559	23.012348876233908	50.76606950019955	94.07353592693973	
1.7720230323483204	4.120837908687055	9.877342742856559	23.012348876233908	50.76606950019955	94.07353592693973	
1.7720230323483204	4.120837908687055	9.877342742856559	23.012348876233908	50.76606950019955	94.07353592693973	
1.7720230323483204	4.120837908687055	9.877342742856559	23.012348876233908	50.76606950019955	94.07353592693973	
1.7720230323483204	4.120837908687055	9.877342742856559	23.012348876233908	50.76606950019955	94.07353592693973	
1.7720230323483204	4.120837908687055	9.877342742856559	23.012348876233908	50.76606950019955	94.07353592693973	
1.7720230323483204	4.120837908687055	9.877342742856559	23.012348876233908	50.76606950019955	94.07353592693973	
1.7720230323483204	4.120837908687055	9.877342742856559	23.012348876233908	50.76606950019955	94.07353592693973	
1.7720230323483204	4.120837908687055	9.877342742856559	23.012348876233908	50.76606950019955	94.07353592693973	
1.7720230323483204	4.120837908687055	9.877342742856559	23.012348876233908	50.76606950019955	94.07353592693973	
1.7720230323483204	4.120837908687055	9.877342742856559	23.012348876233908	50.76606950019955	94.07353592693973	
1.7720230323483204	4.120837908687055	9.877342742856559	23.012348876233908	50.76606950019955	94.07353592693973	
1.7720230323483204	4.120837908687055	9.877342742856559	23.012348876233908	50.76606950019955	94.07353592693973	
1.7720230323483204	4.120837908687055	9.877342742856559	23.012348876233908	50.76606950019955	94.07353592693973	
1.7720230323483204	4.120837908687055	9.877342742856559	23.012348876233908	50.76606950019955	94.07353592693973	
1.7720230323483204	4.120837908687055	9.877342742856559	23.012348876233908	50.76606950019955	94.07353592693973	
1.7720230323483204	4.120837908687055	9.877342742856559	23.012348876233908	50.76606950019955	94.07353592693973	
1.7720230323483204	4.120837908687055	9.877342742856559	23.012348876233908	50.76606950019955	94.07353592693973	
1.7720230323483204	4.120837908687055	9.877342742856559	23.012348876233908	50.76606950019955	94.07353592693973	
1.7720230323483204	4.120837908687055	9.877342742856559	23.012348876233908	50.76606950019955	94.07353592693973	
1.7720230323483204	4.120837908687055	9.877342742856559	23.012348876233908	50.76606950019955	94.07353592693973	
1.7720230323483204	4.120837908687055	9.877342742856559	23.012348876233908	50.76606950019955	94.07353592693973	
1.7720230323483204	4.120837908687055	9.877342742856559	23.012348876233908	50.76606950019955	94.07353592693973	
1.7720230323483204	4.120837908687055	9.877342742856559	23.012348876233908	50.76606950019955	94.07353592693973	
1.7720230323483204	4.120837908687055	9.877342742856559	23.012348876233908	50.76606950019955	94.07353592693973	
1.7720230323483204	4.120837908687055	9.877342742856559	23.012348876233908	50.76606950019955	94.07353592693973	
1.7720230323483204	4.120837908687055	9.877342742856559	23.012348876233908	50.76606950019955	94.07353592693973	
1.7720230323483204	4.120837908687055	9.877342742856559	23.012348876233908	50.76606950019955	94.07353592693973	
1.7720230323483204	4.120837908687055	9.877342742856559	23.012348876233908	50.76606950019955	94.07353592693973	
1.7720230323483204	4.120837908687055	9.877342742856559	23.012348876233908	50.76606950019955	94.07353592693973	
1.7720230323483204	4.120837908687055	9.877342742856559	23.012348876233908	50.76606950019955	94.07353592693973	
1.7720230323483204	4.120837908687055	9.877342742856559	23.012348876233908	50.76606950019955	94.07353592693973	
1.7720230323483204	4.120837908687055	9.877342742856559	23.012348876233908	50.76606950019955	94.07353592693973	
1.7720230323483204	4.120837908687055	9.877342742856559	23.012348876233908	50.76606950019955	94.07353592693973	
1.7720230323483204	4.120837908687055	9.877342742856559	23.012348876233908	50.76606950019955	94.07353592693973	
1.7720230323483204	4.120837908687055	9.877342742856559	23.012348876233908	50.76606950019955	94.07353592693973	
1.7720230323483204	4.120837908687055	9.877342742856559	23.012348876233908	50.76606950019955	94.07353592693973	
1.7720230323483204	4.120837908687055	9.877342742856559	23.012348876233908	50.76606950019955	94.07353592693973	
1.7720230323483204	4.120837908687055	9.877342742856559	23.012348876233908	50.76606950019955	94.07353592693973	
1.7720230323483204	4.120837908687055	9.877342742856559	23.012348876233908	50.76606950019955	94.07353592693973	
1.7720230323483204	4.120837908687055	9.877342742856559	23.012348876233908	50.76606950019955	94.07353592693973	
1.7720230323483204	4.120837908687055	9.877342742856559	23.012348876233908	50.76606950019955	94.07353592693973	
1.7720230323483204	4.120837908687055	9.877342742856559	23.012348876233908	50.76606950019955	94.07353592693973	
1.7720230323483204	4.120837908687055	9.877342742856559	23.012348876233908	50.76606950019955	94.07353592693973	
1.7720230323483204	4.120837908687055	9.877342742856559	23.012348876233908	50.76606950019955	94.07353592693973	
1.7720230323483204	4.120837908687055	9.877342742856559	23.012348876233908	50.76606950019955	94.07353592693973	
1.7720230323483204	4.120837908687055	9.877342742856559	23.012348876233908	50.76606950019955	94.07353592693973	
1.7720230323483204	4.120837908687055	9.877342742856559	23.012348876233908	50.76606950019955	94.07353592693973	
1.7720230323483204	4.120837908687055	9.877342742856559	23.012348876233908	50.76606950019955	94.07353592693973	
1.7720230323483204	4.120837908687055	9.877342742856559	23.012348876233908	50.76606950019955	94.07353592693973	
1.7720230323483204	4.120837908687055	9.877342742856559	23.012348876233908	50.76606950019955	94.07353592693973	
1.7720230323483204	4.120837908687055	9.877342742856559	23.012348876233908	50.76606950019955	94.07353592693973	
1.7720230323483204	4.120837908687055	9.877342742856559	23.012348876233908	50.76606950019955	94.07353592693973	
1.7720230323483204	4.120837908687055	9.877342742856559	23.012348876233908	50.76606950019955	94.07353592693973	
1.7720230323483204	4.120837908687055	9.877342742856559	23.012348876233908	50.76606950019955	94.07353592693973	
1.7720230323483204	4.120837908687055	9.877342742856559	23.012348876233908	50.76606950019955	94.07353592693973	
1.7720230323483204	4.120837908687055	9.877342742856559	23.012348876233908	50.76606950019955	94.07353592693973	
1.7720230323483204	4.120837908687055	9.877342742856559	23.012348876233908	50.76606950019955	94.07353592693973	
1.7720230323483204	4.120837908687055	9.877342742856559	23.012348876233908	50.76606950019955	94.07353592693973	
1.7720230323483204	4.120837908687055	9.877342742856559	23.012348876233908	50.76606950019955	94.07353592693973	
1.7720230323483204	4.120837908687055	9.877342742856559	23.012348876233908	50.76606950019955	94.07353592693973	
1.7720230323483204	4.120837908687055	9.877342742856559	23.012348876233908	50.76606950019955	94.07353592693973	
1.7720230323483204	4.120837908687055	9.877342742856559	23.012348876233908	50.76606950019955	94.07353592693973	
1.7720230323483204	4.120837908687055	9.877342742856559	23.012348876233908	50.76606950019955	94.07353592693973	
1.7720230323483204	4.120837908687055	9.877342742856559	23.012348876233908	50.76606950019955	94.07353592693973	
1.7720230323483204	4.120837908687055	9.877342742856559	23.012348876233908	50.76606950019955	94.07353592693973	
1.7720230323483204	4.120837908687055	9.877342742856559	23.012348876233908	50.76606950019955	94.07353592693973	
1.7720230323483204	4.120837908687055	9.877342742856559	23.012348876233908	50.76606950019955	94.07353592693973	
1.7720230323483204	4.120837908687055	9.877342742856559	23.012348876233908	50.76606950019955	94.07353592693973	
1.7720230323483204	4.120837908687055	9.877342742856559	23.012348876233908	50.76606950019955	94.07353592693973	
1.7720230323483204	4.120837908687055	9.877342742856559	23.012348876233908	50.76606950019955	94.07353592693973	
1.7720230323483204	4.120837908687055	9.877342742856559	23.012348876233908	50.76606950019955	94.07353592693973	
1.7720230323483204	4.120837908687055	9.877342742856559	23.012348876233908	50.76606950019955	94.07353592693973	
1.7720230323483204	4.120837908687055	9.877342742856559	23.012348876233908	50.76606950019955	94.07353592693973	
1.7720230323483204	4.120837908687055	9.877342742856559	23.012348876233908	50.76606950019955	94.07353592693973	
1.7720230323483204	4.120837908687055	9.877342742856559	23.012348876233908	50.76606950019955	94.07353592693973	
1.7720230323483204	4.120837908687055	9.877342742856559	23.012348876233908	50.76606950019955	94.07353592693973	
1.7720230323483204	4.120837908687055	9.877342742856559	23.012348876233908	50.76606950019955	94.07353592693973	
1.7720230323483204	4.120837908687055	9.877342742856559	23.012348876233908	50.76606950019955	94.07353592693973	
1.7720230323483204	4.120837908687055	9.877342742856559	23.012348876233908	50.76606950019955	94.07353592693973	
1.7720230323483204	4.120837908687055	9.877342742856559	23.012348876233908	50.76606950019955	94.07353592693973	
1.7720230323483204	4.120837908687055	9.877342742856559	23.012348876233908	50.76606950019955	94.07353592693973	
1.7720230323483204	4.120837908687055	9.877342742856559	23.012348876233908	50.76606950019955	94.07353592693973	
1.7720230323483204	4.120837908687055	9.877342742856559	23.012348876233908	50.76606950019955	94.07353592693973	
1.7720230323483204	4.120837908687055	9.877342742856559	23.012348876233908	50.76606950019955	94.07353592693973	
1.7720230323483204	4.120837908687055	9.877342742856559	23.012348876233908	50.76606950019955	94.07353592693973	
1.7720230323483204	4.120837908687055	9.877342742856559	23.012348876233908	50.76606950019955	94.07353592693973	
1.7720230323483204	4.120837908687055	9.877342742856559	23.012348876233908	50.76606950019955	94.07353592693973	
1.7720230323483204	4.120837908687055	9.877342742856559	23.012348876233908	50.76606950019955	94.07353592693973	
1.7720230323483204	4.120837908687055	9.877342742856559	23.012348876233908	50.76606950019955	94.07353592693973	
1.7720230323483204	4.120837908687055	9.877342742856559	23.012348876233908	50.76606950019955	94.07353592693973	
1.7720230323483204	4.120837908687055	9.877342742856559	23.012348876233908	50.76606950019955	94.07353592693973	
1.7720230323483204	4.120837908687055	9.877342742856559	23.012348876233908	50.76606950019955	94.07353592693973	
1.7720230323483204	4.120837908687055	9.877342742856559	23.012348876233908	50.76606950019955	94.07353592693973	
1.7720230323483204	4.120837908687055	9.877342742856559	23.012348876233908	50.76606950019955	94.07353592693973	
1.7720230323483204	4.120837908687055	9.877342742856559	23.012348876233908	50.76606950019955	94.07353592693973	
1.7720230323483204	4.120837908687055	9.877342742856559	23.012348876233908	50.76606950019955	94.07353592693973	
1.7720230323483204	4.120837908687055	9.877342742856559	23.012348876233908	50.76606950019955	94.07353592693973	
1.7720230323483204	4.120837908687055	9.877342742856559	23.012348876233908	50.76606950019955	94.07353592693973	
1.7720230323483204	4.120837908687055	9.877342742856559	23.012348876233908	50.76606950019955	94.07353592693973	
1.7720230323483204	4.120837908687055	9.877342742856559	23.012348876233908	50.76606950019955	94.07353592693973	
1.7720230323483204	4.120837908687055	9.877342742856559	23.012348876233908	50.76606950019955	94.07353592693973	
1.7720230323483204	4.120837908687055	9.877342742856559	23.012348876233908	50.76606950019955	94.07353592693973	
1.7720230323483204	4.120837908687055	9.877342742856559	23.012348876233908	50.76606950019955	94.07353592693973	
1.7720230323483204	4.120837908687055	9.877342742856559	23.012348876233908	50.76606950019955	94.07353592693973	
1.7720230323483204	4.120837908687055	9.877342742856559	23.012348876233908	50.76606950019955	94.07353592693973	
1.7720230323483204	4.120837908687055	9.877342742856559	23.012348876233908	50.76606950019955	94.07353592693973	
1.7720230323483204	4.120837908687055	9.877342742856559	23.012348876233908	50.76606950019955	94.07353592693973	
1.7720230323483204	4.120837908687055	9.877342742856559	23.012348876233908	50.76606950019955	94.07353592693973	
1.7720230323483204	4.120837908687055	9.877342742856559	23.012348876233908	50.76606950019955	94.07353592693973	
1.7720230323483204	4.120837908687055	9.877342742856559	23.012348876233908	50.76606950019955	94.07353592693973	
1.7720230323483204	4.120837908687055	9.877342742856559	23.012348876233908	50.76606950019955	94.07353592693973	
1.7720230323483204	4.120837908687055	9.877342742856559	23.012348876233908	50.76606950019955	94.07353592693973	
1.7720230323483204	4.120837908687055	9.877342742856559	23.012348876233908	50.76606950019955	94.07353592693973	
1.7720230323483204	4.120837908687055	9.877342742856559	23.012348876233908	50.76606950019955	94.07353592693973	
1.7720230323483204	4.120837908687055	9.877342742856559	23.012348876233908	50.76606950019955	94.07353592693973	
1.7720230323483204	4.120837908687055	9.877342742856559	23.012348876233908	50.76606950019955	94.07353592693973	
1.7720230323483204	4.120837908687055	9.877342742856559	23.012348876233908	50.76606950019955	94.07353592693973	
1.7720230323483204	4.120837908687055	9.877342742856559	23.012348876233908	50.76606950019955	94.07353592693973	
1.7720230323483204	4.120837908687055	9.877342742856559	23.012348876233908	50.76606950019955	94.07353592693973	
1.7720230323483204	4.120837908687055	9.877342742856559	23.012348876233908	50.76606950019955	94.07353592693973	
1.7720230323483204	4.120837908687055	9.877342742856559	23.012348876233908	50.76606950019955	94.07353592693973	
1.7720230323483204	4.120837908687055	9.877342742856559	23.012348876233908	50.76606950019955	94.07353592693973	
1.7720230323483204	4.120837908687055	9.877342742856559	23.012348876233908	50.76606950019955	94.07353592693973	
1.7720230323483204	4.120837908687055	9.877342742856559	23.012348876233908	50.76606950019955	94.07353592693973	
1.7720230323483204	4.120837908687055	9.877342742856559	23.012348876233908	50.76606950019955	94.07353592693973	
1.7720230323483204	4.120837908687055	9.877342742856559	23.012348876233908	50.76606950019955	94.07353592693973	
1.7720230323483204	4.120837908687055	9.877342742856559	23.012348876233908	50.76606950019955	94.07353592693973	
1.7720230323483204	4.120837908687055	9.877342742856559	23.012348876233908	50.76606950019955	94.07353592693973	
1.7720230323483204	4.120837908687055	9.877342742856559	23.012348876233908	50.76606950019955	94.07353592693973	
1.7720230323483204	4.120837908687055	9.877342742856559	23.012348876233908	50.76606950019955	94.07353592693973	
1.7720230323483204	4.120837908687055	9.877342742856559	23.012348876233908	50.76606950019955	94.07353592693973	
1.7720230323483204	4.120837908687055	9.877342742856559	23.012348876233908	50.76606950019955	94.07353592693973	
1.7720230323483204	4.120837908687055	9.877342742856559	23.012348876233908	50.76606950019955	94.07353592693973	
1.7720230323483204	4.120837908687055	9.877342742856559	23.012348876233908	50.76606950019955	94.07353592693973	
1.7720230323483204	4.120837908687055	9.877342742856559	23.012348876233908	50.76606950019955	94.07353592693973	
1.7720230323483204	4.120837908687055	9.877342742856559	23.012348876233908	50.76606950019955	94.07353592693973	
1.7720230323483204	4.120837908687055	9.877342742856559	23.012348876233908	50.76606950019955	94.07353592693973	
1.7720230323483204	4.120837908687055	9.877342742856559	23.012348876233908	50.76606950019955	94.07353592693973	
1.7720230323483204	4.120837908687055	9.877342742856559	23.012348876233908	50.76606950019955	94.07353592693973	
1.7720230323483204	4.120837908687055	9.877342742856559	23.012348876233908	50.76606950019955	94.07353592693973	
1.7720230323483204	4.120837908687055	9.877342742856559	23.012348876233908	50.76606950019955	94.07353592693973	
1.7720230323483204	4.120837908687055	9.877342742856559	23.012348876233908	50.76606950019955	94.07353592693973	
1.7720230323483204	4.120837908687055	9.877342742856559	23.012348876233908	50.76606950019955	94.07353592693973	
1.7720230323483204	4.120837908687055	9.877342742856559	23.012348876233908	50.76606950019955	94.07353592693973	
1.7720230323483204	4.120837908687055	9.877342742856559	23.012348876233908	50.76606950019955	94.07353592693973	
1.7720230323483204	4.120837908687055	9.877342742856559	23.012348876233908	50.76606950019955	94.07353592693973	
1.7720230323483204	4.120837908687055	9.877342742856559	23.012348876233908	50.76606950019955	94.07353592693973	
1.7720230323483204	4.120837908687055	9.877342742856559	23.012348876233908	50.76606950019955	94.07353592693973	
1.7720230323483204	4.120837908687055	9.877342742856559	23.012348876233908	50.76606950019955	94.07353592693973	
1.7720230323483204	4.120837908687055	9.877342742856559	23.012348876233908	50.76606950019955	94.07353592693973	
1.7720230323483204	4.120837908687055	9.877342742856559	23.012348876233908	50.76606950019955	94.07353592693973	
1.7720230323483204	4.120837908687055	9.877342742856559	23.012348876233908	50.76606950019955	94.07353592693973	
1.7720230323483204	4.120837908687055	9.877342742856559	23.012348876233908	50.76606950019955	94.07353592693973	
1.7720230323483204	4.120837908687055	9.877342742856559	23.012348876233908	50.76606950019955	94.07353592693973	
1.7720230323483204	4.120837908687055	9.877342742856559	23.012348876233908	50.76606950019955	94.07353592693973	
1.7720230323483204	4.120837908687055	9.877342742856559	23.012348876233908	50.76606950019955	94.07353592693973	
1.7720230323483204	4.120837908687055	9.877342742856559	23.012348876233908	50.76606950019955	94.07353592693973	
1.7720230323483204	4.120837908687055	9.877342742856559	23.012348876233908	50.76606950019955	94.07353592693973	
1.7720230323483204	4.120837908687055	9.877342742856559	23.012348876233908	50.76606950019955	94.07353592693973	
