7.09852e+09	2.74576e+09	1.19884e+09	5.40166e+08	2.65891e+08	1.28672e+08
6.66514e+09	2.59268e+09	1.14208e+09	5.20120e+08	2.58771e+08	1.26407e+08
6.32558e+09	2.47238e+09	1.09786e+09	5.04618e+08	2.53328e+08	1.24716e+08
6.02059e+09	2.36407e+09	1.05779e+09	4.90515e+08	2.48344e+08	1.23183e+08
5.73879e+09	2.26191e+09	1.01955e+09	4.77084e+08	2.43599e+08	1.21710e+08
5.47723e+09	2.16753e+09	9.83832e+08	4.64384e+08	2.39034e+08	1.20269e+08
5.23943e+09	2.07974e+09	9.50826e+08	4.52456e+08	2.34791e+08	1.18893e+08
5.00799e+09	1.99776e+09	9.19406e+08	4.41140e+08	2.30624e+08	1.17562e+08
4.76569e+09	1.91002e+09	8.85784e+08	4.28731e+08	2.26002e+08	1.16059e+08
4.56452e+09	1.83731e+09	8.57077e+08	4.18244e+08	2.22059e+08	1.14767e+08
4.37763e+09	1.76784e+09	8.30150e+08	4.08128e+08	2.18185e+08	1.13448e+08
4.19786e+09	1.70007e+09	8.03488e+08	3.98086e+08	2.14326e+08	1.12154e+08
4.03049e+09	1.63703e+09	7.78721e+08	3.88903e+08	2.10709e+08	1.10911e+08
3.86871e+09	1.57745e+09	7.55233e+08	3.79732e+08	2.07173e+08	1.09671e+08
3.71301e+09	1.52155e+09	7.31813e+08	3.70682e+08	2.03589e+08	1.08416e+08
3.57451e+09	1.46828e+09	7.10241e+08	3.62402e+08	2.00148e+08	1.07182e+08
3.44321e+09	1.41814e+09	6.89559e+08	3.54094e+08	1.96781e+08	1.05983e+08
3.31067e+09	1.37214e+09	6.70419e+08	3.46496e+08	1.93688e+08	1.04829e+08
3.19761e+09	1.33103e+09	6.53232e+08	3.39701e+08	1.90920e+08	1.03798e+08
3.08445e+09	1.28683e+09	6.34874e+08	3.32200e+08	1.87772e+08	1.02618e+08
2.97671e+09	1.24519e+09	6.16100e+08	3.24684e+08	1.84684e+08	1.01475e+08
2.86798e+09	1.20470e+09	5.98973e+08	3.17480e+08	1.81585e+08	1.00301e+08
2.76557e+09	1.16811e+09	5.82952e+08	3.10882e+08	1.78820e+08	9.91948e+07
2.66568e+09	1.12986e+09	5.67402e+08	3.04542e+08	1.76028e+08	9.81286e+07
2.57939e+09	1.09579e+09	5.53408e+08	2.98644e+08	1.73511e+08	9.71351e+07
2.48478e+09	1.06082e+09	5.38529e+08	2.92183e+08	1.70693e+08	9.60023e+07
2.39787e+09	1.02878e+09	5.24616e+08	2.86037e+08	1.68013e+08	9.49331e+07
2.31434e+09	9.98314e+08	5.11556e+08	2.80081e+08	1.65393e+08	9.38751e+07
2.23586e+09	9.68581e+08	4.98698e+08	2.74670e+08	1.62969e+08	9.28736e+07
2.16387e+09	9.40984e+08	4.85955e+08	2.69348e+08	1.60610e+08	9.19056e+07
2.09657e+09	9.13349e+08	4.74166e+08	2.63920e+08	1.58194e+08	9.09009e+07
2.02435e+09	8.86475e+08	4.62729e+08	2.58830e+08	1.55900e+08	8.98769e+07
1.96167e+09	8.59603e+08	4.51760e+08	2.53971e+08	1.53710e+08	8.89601e+07
1.89790e+09	8.37159e+08	4.41427e+08	2.49532e+08	1.51519e+08	8.80272e+07
1.83913e+09	8.13957e+08	4.31477e+08	2.44966e+08	1.49434e+08	8.71460e+07
1.78254e+09	7.91775e+08	4.21705e+08	2.40532e+08	1.47424e+08	8.62419e+07
1.72701e+09	7.72247e+08	4.12111e+08	2.35947e+08	1.45335e+08	8.53574e+07
1.67991e+09	7.52532e+08	4.02759e+08	2.32027e+08	1.43538e+08	8.45516e+07
1.63165e+09	7.33504e+08	3.93648e+08	2.27766e+08	1.41549e+08	8.36326e+07
1.58496e+09	7.12823e+08	3.84942e+08	2.23635e+08	1.39597e+08	8.27770e+07
1.54104e+09	6.97456e+08	3.77218e+08	2.20040e+08	1.37777e+08	8.19066e+07
1.49189e+09	6.78561e+08	3.68735e+08	2.16001e+08	1.35729e+08	8.10156e+07
1.44960e+09	6.62988e+08	3.61149e+08	2.12473e+08	1.33944e+08	8.02141e+07
1.41165e+09	6.47733e+08	3.53267e+08	2.08867e+08	1.32055e+08	7.93582e+07
1.37202e+09	6.30450e+08	3.45850e+08	2.05398e+08	1.30335e+08	7.85396e+07
1.33615e+09	6.15843e+08	3.39125e+08	2.02224e+08	1.28668e+08	7.77327e+07
1.29897e+09	5.99817e+08	3.31612e+08	1.98667e+08	1.26972e+08	7.69371e+07
1.26756e+09	5.85059e+08	3.24605e+08	1.95686e+08	1.25506e+08	7.61771e+07
1.22716e+09	5.67771e+08	3.16468e+08	1.91913e+08	1.23570e+08	7.52900e+07
1.19816e+09	5.54448e+08	3.10521e+08	1.88834e+08	1.22045e+08	7.44850e+07
1.16434e+09	5.41553e+08	3.04469e+08	1.85723e+08	1.20477e+08	7.37537e+07
1.13640e+09	5.29939e+08	2.98846e+08	1.82942e+08	1.19045e+08	7.30310e+07
1.10697e+09	5.17417e+08	2.93210e+08	1.80145e+08	1.17468e+08	7.22409e+07
1.08186e+09	5.06808e+08	2.88218e+08	1.77522e+08	1.16234e+08	7.16406e+07
1.05900e+09	4.97715e+08	2.83504e+08	1.75220e+08	1.14960e+08	7.10238e+07
1.03609e+09	4.86922e+08	2.78148e+08	1.72293e+08	1.13489e+08	7.03272e+07
1.00745e+09	4.76503e+08	2.72668e+08	1.69559e+08	1.12073e+08	6.96027e+07
9.85484e+08	4.67451e+08	2.67993e+08	1.67211e+08	1.10805e+08	6.89570e+07
9.56373e+08	4.55769e+08	2.61700e+08	1.63848e+08	1.09059e+08	6.80896e+07
9.33080e+08	4.45872e+08	2.56761e+08	1.61595e+08	1.07742e+08	6.74330e+07
9.08146e+08	4.35852e+08	2.51521e+08	1.58909e+08	1.06332e+08	6.67109e+07
8.87615e+08	4.27041e+08	2.46625e+08	1.56358e+08	1.05073e+08	6.60619e+07
8.67071e+08	4.17962e+08	2.42096e+08	1.53879e+08	1.03773e+08	6.54297e+07
8.48082e+08	4.09597e+08	2.38096e+08	1.51496e+08	1.02400e+08	6.47314e+07
8.26917e+08	4.01682e+08	2.33855e+08	1.49216e+08	1.01096e+08	6.40446e+07
8.10966e+08	3.95122e+08	2.29840e+08	1.47240e+08	1.00055e+08	6.34804e+07
7.93272e+08	3.87173e+08	2.26133e+08	1.45314e+08	9.88795e+07	6.28795e+07
7.75810e+08	3.79563e+08	2.22669e+08	1.43575e+08	9.78715e+07	6.23236e+07
7.58075e+08	3.71987e+08	2.18742e+08	1.41600e+08	9.67557e+07	6.17289e+07
7.41455e+08	3.65807e+08	2.14859e+08	1.39577e+08	9.56009e+07	6.11205e+07
7.23011e+08	3.57917e+08	2.10852e+08	1.37375e+08	9.43656e+07	6.05095e+07
7.03705e+08	3.50182e+08	2.06875e+08	1.35395e+08	9.32436e+07	5.99216e+07
6.84834e+08	3.42840e+08	2.03598e+08	1.33548e+08	9.22173e+07	5.92911e+07
6.73984e+08	3.36296e+08	2.00496e+08	1.31746e+08	9.11029e+07	5.87552e+07
6.59011e+08	3.29143e+08	1.97526e+08	1.29923e+08	9.01035e+07	5.82113e+07
6.42777e+08	3.21077e+08	1.93814e+08	1.27669e+08	8.88772e+07	5.75805e+07
6.24530e+08	3.14204e+08	1.90013e+08	1.25863e+08	8.78367e+07	5.70062e+07
6.11299e+08	3.08009e+08	1.86853e+08	1.24084e+08	8.68167e+07	5.64380e+07
5.99116e+08	3.03271e+08	1.84484e+08	1.22532e+08	8.58624e+07	5.59691e+07
5.84046e+08	2.98039e+08	1.81390e+08	1.20776e+08	8.47643e+07	5.54239e+07
5.69103e+08	2.91373e+08	1.78414e+08	1.19005e+08	8.36997e+07	5.48406e+07
5.55616e+08	2.85429e+08	1.75304e+08	1.17489e+08	8.29654e+07	5.43955e+07
5.46088e+08	2.80919e+08	1.72615e+08	1.16182e+08	8.20553e+07	5.38894e+07
5.38193e+08	2.76520e+08	1.69947e+08	1.14670e+08	8.11730e+07	5.33831e+07
5.25873e+08	2.73041e+08	1.67477e+08	1.13145e+08	8.03025e+07	5.29560e+07
5.13600e+08	2.68348e+08	1.64568e+08	1.11762e+08	7.94909e+07	5.25086e+07
5.04412e+08	2.63632e+08	1.61881e+08	1.10238e+08	7.85980e+07	5.19931e+07
4.90848e+08	2.58244e+08	1.59271e+08	1.08786e+08	7.77877e+07	5.15202e+07
4.79979e+08	2.54150e+08	1.57220e+08	1.07516e+08	7.69196e+07	5.10214e+07
4.70455e+08	2.50670e+08	1.54826e+08	1.06162e+08	7.60772e+07	5.05726e+07
4.61173e+08	2.47086e+08	1.52738e+08	1.04724e+08	7.52592e+07	5.01179e+07
4.53150e+08	2.43879e+08	1.50896e+08	1.03567e+08	7.45759e+07	4.96736e+07
4.42803e+08	2.39422e+08	1.48597e+08	1.02262e+08	7.37618e+07	4.91897e+07
4.33941e+08	2.35447e+08	1.46217e+08	1.00899e+08	7.29875e+07	4.87441e+07
4.27070e+08	2.30035e+08	1.43303e+08	9.92299e+07	7.20311e+07	4.82345e+07
4.21747e+08	2.27174e+08	1.41698e+08	9.83352e+07	7.15014e+07	4.79051e+07
4.14181e+08	2.24137e+08	1.39662e+08	9.70489e+07	7.07398e+07	4.74518e+07
4.03019e+08	2.19600e+08	1.37647e+08	9.58250e+07	6.98902e+07	4.69838e+07
3.97623e+08	2.17465e+08	1.35975e+08	9.48516e+07	6.91400e+07	4.65338e+07
3.89941e+08	2.13599e+08	1.33614e+08	9.33979e+07	6.83001e+07	4.60440e+07
3.82209e+08	2.09674e+08	1.31897e+08	9.22810e+07	6.75945e+07	4.56214e+07
3.75346e+08	2.05727e+08	1.29840e+08	9.10413e+07	6.67989e+07	4.51693e+07
3.71249e+08	2.03134e+08	1.28444e+08	9.01460e+07	6.61892e+07	4.47834e+07
3.59304e+08	1.98574e+08	1.26340e+08	8.88841e+07	6.53083e+07	4.42716e+07
3.52750e+08	1.95201e+08	1.24794e+08	8.80170e+07	6.47550e+07	4.39074e+07
3.46809e+08	1.91430e+08	1.22998e+08	8.69928e+07	6.41073e+07	4.35023e+07
3.39753e+08	1.88944e+08	1.21193e+08	8.60301e+07	6.35162e+07	4.31100e+07
3.32442e+08	1.86326e+08	1.19862e+08	8.50799e+07	6.28900e+07	4.27460e+07
3.27781e+08	1.83304e+08	1.17658e+08	8.39055e+07	6.21572e+07	4.22836e+07
3.21903e+08	1.79582e+08	1.15926e+08	8.30289e+07	6.16058e+07	4.19212e+07
3.14765e+08	1.77103e+08	1.14116e+08	8.20374e+07	6.09240e+07	4.14912e+07
3.06582e+08	1.73381e+08	1.12001e+08	8.07632e+07	6.01969e+07	4.10709e+07
3.03191e+08	1.70927e+08	1.10705e+08	8.00046e+07	5.96980e+07	4.07373e+07
2.97711e+08	1.67729e+08	1.09058e+08	7.90738e+07	5.90154e+07	4.03247e+07
2.94587e+08	1.65439e+08	1.07755e+08	7.82996e+07	5.84813e+07	3.99757e+07
2.89419e+08	1.62995e+08	1.06502e+08	7.75645e+07	5.79711e+07	3.96561e+07
2.84677e+08	1.61282e+08	1.05328e+08	7.68994e+07	5.75293e+07	3.93908e+07
2.80553e+08	1.59901e+08	1.04348e+08	7.61849e+07	5.70138e+07	3.90299e+07
2.75509e+08	1.56957e+08	1.03231e+08	7.54023e+07	5.64902e+07	3.86715e+07
2.70777e+08	1.54549e+08	1.02039e+08	7.47479e+07	5.60986e+07	3.84009e+07
2.66723e+08	1.52469e+08	1.00942e+08	7.40032e+07	5.56200e+07	3.81563e+07
2.61950e+08	1.50509e+08	9.98370e+07	7.32976e+07	5.52201e+07	3.78909e+07
2.58196e+08	1.48174e+08	9.83949e+07	7.24468e+07	5.46828e+07	3.75651e+07
2.52552e+08	1.45420e+08	9.69222e+07	7.16180e+07	5.40855e+07	3.71903e+07
2.49874e+08	1.43649e+08	9.61161e+07	7.09974e+07	5.36306e+07	3.68918e+07
2.45567e+08	1.41556e+08	9.48742e+07	7.02644e+07	5.31323e+07	3.66164e+07
2.41940e+08	1.39414e+08	9.34805e+07	6.95192e+07	5.26440e+07	3.62649e+07
2.39190e+08	1.37393e+08	9.21580e+07	6.85925e+07	5.20957e+07	3.58951e+07
2.36428e+08	1.35644e+08	9.14218e+07	6.80996e+07	5.17541e+07	3.56444e+07
2.35529e+08	1.34048e+08	9.08730e+07	6.76451e+07	5.13947e+07	3.54227e+07
2.30852e+08	1.31973e+08	8.94316e+07	6.67292e+07	5.08254e+07	3.50556e+07
2.27148e+08	1.30410e+08	8.82514e+07	6.60383e+07	5.04038e+07	3.47529e+07
2.21291e+08	1.27314e+08	8.65478e+07	6.50254e+07	4.98486e+07	3.44567e+07
2.18173e+08	1.25104e+08	8.55258e+07	6.43543e+07	4.93736e+07	3.41704e+07
2.15115e+08	1.23397e+08	8.46143e+07	6.36872e+07	4.89286e+07	3.38952e+07
2.12467e+08	1.22064e+08	8.35251e+07	6.29081e+07	4.84472e+07	3.35622e+07
2.08276e+08	1.20184e+08	8.25748e+07	6.22810e+07	4.79852e+07	3.32856e+07
2.04648e+08	1.18542e+08	8.14598e+07	6.15991e+07	4.75066e+07	3.30126e+07
1.98875e+08	1.16466e+08	8.04672e+07	6.10323e+07	4.70587e+07	3.27073e+07
1.95958e+08	1.14399e+08	7.94627e+07	6.03797e+07	4.66464e+07	3.24396e+07
1.94309e+08	1.13241e+08	7.86357e+07	5.98141e+07	4.62657e+07	3.21833e+07
1.91272e+08	1.12253e+08	7.78708e+07	5.93332e+07	4.59056e+07	3.19479e+07
1.89484e+08	1.10841e+08	7.69413e+07	5.88093e+07	4.55425e+07	3.17070e+07
1.87608e+08	1.09204e+08	7.61781e+07	5.81121e+07	4.50760e+07	3.14159e+07
1.84749e+08	1.07837e+08	7.53894e+07	5.74785e+07	4.45694e+07	3.10902e+07
1.82309e+08	1.06894e+08	7.46033e+07	5.69673e+07	4.41673e+07	3.08329e+07
1.80728e+08	1.05765e+08	7.40945e+07	5.65334e+07	4.38713e+07	3.06100e+07
1.78046e+08	1.04908e+08	7.33922e+07	5.61297e+07	4.35557e+07	3.04110e+07
1.75889e+08	1.03677e+08	7.28387e+07	5.57635e+07	4.32353e+07	3.02021e+07
1.74169e+08	1.02678e+08	7.20541e+07	5.52604e+07	4.28896e+07	2.99691e+07
1.70535e+08	1.01293e+08	7.11396e+07	5.46833e+07	4.25044e+07	2.97261e+07
1.68505e+08	1.00132e+08	7.02666e+07	5.40864e+07	4.20758e+07	2.94685e+07
1.66105e+08	9.90143e+07	6.92686e+07	5.34187e+07	4.16528e+07	2.92365e+07
1.64930e+08	9.76741e+07	6.86194e+07	5.28820e+07	4.12514e+07	2.89742e+07
1.62662e+08	9.67698e+07	6.80300e+07	5.25161e+07	4.10298e+07	2.88196e+07
1.61629e+08	9.58231e+07	6.74295e+07	5.21728e+07	4.07503e+07	2.86263e+07
1.59539e+08	9.47769e+07	6.66808e+07	5.16672e+07	4.04364e+07	2.84215e+07
1.58615e+08	9.39432e+07	6.61450e+07	5.13332e+07	4.01410e+07	2.82048e+07
1.56878e+08	9.32082e+07	6.55511e+07	5.09609e+07	3.98432e+07	2.80309e+07
1.53619e+08	9.16822e+07	6.45006e+07	5.03277e+07	3.94441e+07	2.77862e+07
1.51835e+08	9.11285e+07	6.41176e+07	4.99815e+07	3.91613e+07	2.75826e+07
1.51305e+08	9.03595e+07	6.36749e+07	4.97435e+07	3.89970e+07	2.74647e+07
1.49857e+08	8.92211e+07	6.31819e+07	4.93423e+07	3.87000e+07	2.72588e+07
1.46846e+08	8.78809e+07	6.23605e+07	4.88356e+07	3.83190e+07	2.70489e+07
1.43923e+08	8.66213e+07	6.15439e+07	4.81117e+07	3.78527e+07	2.67833e+07
1.41256e+08	8.54147e+07	6.07487e+07	4.76021e+07	3.74690e+07	2.65242e+07
1.40010e+08	8.47211e+07	6.02612e+07	4.72494e+07	3.71761e+07	2.63226e+07
1.38076e+08	8.38673e+07	5.96537e+07	4.68838e+07	3.69589e+07	2.61734e+07
1.35927e+08	8.28629e+07	5.90729e+07	4.65725e+07	3.66738e+07	2.59700e+07
1.34203e+08	8.18035e+07	5.84385e+07	4.60703e+07	3.63467e+07	2.57874e+07
1.31187e+08	8.02402e+07	5.78401e+07	4.56883e+07	3.60222e+07	2.55745e+07
1.29198e+08	7.95612e+07	5.71613e+07	4.52299e+07	3.57840e+07	2.54248e+07
1.27549e+08	7.86708e+07	5.65876e+07	4.47683e+07	3.54640e+07	2.52439e+07
1.25609e+08	7.78540e+07	5.59825e+07	4.43526e+07	3.51578e+07	2.50643e+07
1.23292e+08	7.73138e+07	5.54690e+07	4.39689e+07	3.48357e+07	2.48578e+07
1.21486e+08	7.66506e+07	5.50137e+07	4.35637e+07	3.45315e+07	2.46518e+07
1.20268e+08	7.59309e+07	5.45621e+07	4.32179e+07	3.43137e+07	2.44995e+07
1.19555e+08	7.51339e+07	5.40606e+07	4.27884e+07	3.40322e+07	2.43208e+07
1.17629e+08	7.43658e+07	5.35913e+07	4.24644e+07	3.37464e+07	2.40952e+07
1.15763e+08	7.32765e+07	5.30487e+07	4.21202e+07	3.34698e+07	2.39122e+07
1.15560e+08	7.28596e+07	5.26977e+07	4.18206e+07	3.32435e+07	2.37348e+07
1.13960e+08	7.20354e+07	5.20424e+07	4.14257e+07	3.29459e+07	2.35285e+07
1.11754e+08	7.11128e+07	5.15633e+07	4.10774e+07	3.27088e+07	2.33734e+07
1.11118e+08	7.07623e+07	5.13535e+07	4.08690e+07	3.25606e+07	2.32751e+07
1.10232e+08	6.99310e+07	5.06335e+07	4.03480e+07	3.22537e+07	2.30874e+07
1.08854e+08	6.92392e+07	5.01977e+07	4.00130e+07	3.19938e+07	2.28766e+07
1.07817e+08	6.85624e+07	4.97271e+07	3.96720e+07	3.17281e+07	2.26961e+07
1.05772e+08	6.79733e+07	4.93405e+07	3.93614e+07	3.15049e+07	2.25213e+07
1.04076e+08	6.68358e+07	4.86007e+07	3.89663e+07	3.12464e+07	2.23564e+07
1.01310e+08	6.55297e+07	4.78278e+07	3.84006e+07	3.08679e+07	2.21474e+07
9.71073e+07	6.37096e+07	4.67977e+07	3.77952e+07	3.03855e+07	2.18805e+07
9.60793e+07	6.30217e+07	4.63744e+07	3.74360e+07	3.01293e+07	2.17119e+07
9.55366e+07	6.22593e+07	4.58716e+07	3.69617e+07	2.97979e+07	2.14842e+07
9.48301e+07	6.14678e+07	4.54988e+07	3.66466e+07	2.96308e+07	2.13510e+07
9.46711e+07	6.10977e+07	4.53855e+07	3.65536e+07	2.95442e+07	2.12777e+07
9.41523e+07	6.08169e+07	4.50485e+07	3.62501e+07	2.93353e+07	2.11557e+07
9.23098e+07	5.96397e+07	4.42167e+07	3.57830e+07	2.90237e+07	2.09847e+07
9.08712e+07	5.87941e+07	4.37989e+07	3.54973e+07	2.87785e+07	2.08109e+07
9.03068e+07	5.79801e+07	4.32147e+07	3.51495e+07	2.85290e+07	2.06090e+07
8.86991e+07	5.69119e+07	4.27925e+07	3.48173e+07	2.82498e+07	2.04203e+07
8.78990e+07	5.64275e+07	4.24332e+07	3.46357e+07	2.80984e+07	2.02981e+07
8.71556e+07	5.56743e+07	4.19356e+07	3.42818e+07	2.78267e+07	2.00997e+07
8.59389e+07	5.55534e+07	4.17001e+07	3.41160e+07	2.76863e+07	1.99920e+07
8.49588e+07	5.48439e+07	4.11997e+07	3.37626e+07	2.74665e+07	1.98722e+07
8.47793e+07	5.48063e+07	4.10725e+07	3.36915e+07	2.74096e+07	1.98373e+07
8.35868e+07	5.41111e+07	4.06687e+07	3.34714e+07	2.72675e+07	1.97061e+07
8.31854e+07	5.36820e+07	4.03948e+07	3.32955e+07	2.71488e+07	1.96132e+07
8.18449e+07	5.31194e+07	3.99910e+07	3.29985e+07	2.68858e+07	1.94578e+07
7.92343e+07	5.19423e+07	3.93881e+07	3.25549e+07	2.65445e+07	1.92132e+07
7.83432e+07	5.11481e+07	3.89259e+07	3.22749e+07	2.63625e+07	1.90525e+07
7.67033e+07	5.06853e+07	3.84086e+07	3.18821e+07	2.60655e+07	1.88673e+07
7.59631e+07	5.03241e+07	3.82059e+07	3.17332e+07	2.59302e+07	1.87865e+07
7.35804e+07	4.97326e+07	3.78643e+07	3.14518e+07	2.56633e+07	1.85971e+07
7.15202e+07	4.87505e+07	3.73118e+07	3.09073e+07	2.52976e+07	1.83708e+07
7.14231e+07	4.81190e+07	3.70202e+07	3.06697e+07	2.50927e+07	1.82126e+07
7.08976e+07	4.76478e+07	3.67757e+07	3.04809e+07	2.49343e+07	1.81071e+07
7.01633e+07	4.70256e+07	3.63535e+07	3.02404e+07	2.48007e+07	1.80200e+07
6.94623e+07	4.68237e+07	3.60432e+07	3.00788e+07	2.46495e+07	1.79109e+07
6.86671e+07	4.63465e+07	3.56840e+07	2.97350e+07	2.43957e+07	1.77455e+07
6.81590e+07	4.59379e+07	3.53952e+07	2.95189e+07	2.42540e+07	1.76296e+07
6.71186e+07	4.53600e+07	3.50899e+07	2.92857e+07	2.41040e+07	1.75420e+07
6.54570e+07	4.43830e+07	3.45614e+07	2.88723e+07	2.39217e+07	1.74148e+07
6.42192e+07	4.36795e+07	3.40211e+07	2.85495e+07	2.37263e+07	1.72449e+07
6.31636e+07	4.30551e+07	3.35962e+07	2.81768e+07	2.34357e+07	1.70655e+07
6.24329e+07	4.26476e+07	3.33515e+07	2.79843e+07	2.32534e+07	1.69261e+07
6.17126e+07	4.21666e+07	3.30951e+07	2.77956e+07	2.30620e+07	1.67954e+07
6.15989e+07	4.19940e+07	3.29159e+07	2.76426e+07	2.29451e+07	1.66918e+07
6.07185e+07	4.10964e+07	3.23347e+07	2.72793e+07	2.26594e+07	1.64780e+07
6.02787e+07	4.07799e+07	3.21142e+07	2.70406e+07	2.24537e+07	1.63425e+07
5.95452e+07	4.04268e+07	3.18462e+07	2.68258e+07	2.22919e+07	1.62512e+07
5.84321e+07	3.98995e+07	3.14115e+07	2.66301e+07	2.21125e+07	1.61428e+07
5.78021e+07	3.94197e+07	3.10645e+07	2.63634e+07	2.19467e+07	1.60210e+07
5.75328e+07	3.91200e+07	3.07819e+07	2.61182e+07	2.18021e+07	1.59571e+07
5.70984e+07	3.89381e+07	3.05354e+07	2.59533e+07	2.16645e+07	1.58636e+07
5.57147e+07	3.82076e+07	3.01616e+07	2.56394e+07	2.14397e+07	1.57349e+07
5.48829e+07	3.79475e+07	3.00224e+07	2.54306e+07	2.12735e+07	1.56168e+07
5.42634e+07	3.76533e+07	2.98471e+07	2.52349e+07	2.11251e+07	1.55161e+07
5.37360e+07	3.75815e+07	2.95338e+07	2.50153e+07	2.09558e+07	1.53961e+07
5.31133e+07	3.72515e+07	2.92870e+07	2.48044e+07	2.07977e+07	1.52808e+07
5.28196e+07	3.69337e+07	2.91910e+07	2.46644e+07	2.06829e+07	1.51820e+07
5.24760e+07	3.68093e+07	2.90192e+07	2.45032e+07	2.05547e+07	1.51127e+07
5.14670e+07	3.61874e+07	2.86578e+07	2.42371e+07	2.03441e+07	1.49913e+07
5.07003e+07	3.60231e+07	2.85267e+07	2.40824e+07	2.01902e+07	1.48680e+07
4.93444e+07	3.53141e+07	2.79805e+07	2.36873e+07	1.98855e+07	1.46393e+07
4.86971e+07	3.51489e+07	2.77616e+07	2.35522e+07	1.97760e+07	1.45597e+07
4.81937e+07	3.47894e+07	2.74691e+07	2.33737e+07	1.96052e+07	1.44540e+07
4.77732e+07	3.46206e+07	2.73201e+07	2.32419e+07	1.94794e+07	1.43579e+07
4.75448e+07	3.43907e+07	2.71925e+07	2.31587e+07	1.94082e+07	1.42965e+07
4.72983e+07	3.41054e+07	2.69585e+07	2.29807e+07	1.92569e+07	1.42013e+07
4.75100e+07	3.38882e+07	2.68041e+07	2.28050e+07	1.91215e+07	1.40841e+07
4.72482e+07	3.36545e+07	2.66236e+07	2.26391e+07	1.90060e+07	1.40171e+07
4.55294e+07	3.26526e+07	2.59813e+07	2.22672e+07	1.87516e+07	1.38592e+07
4.54227e+07	3.23765e+07	2.57774e+07	2.21518e+07	1.86223e+07	1.37649e+07
4.48125e+07	3.21237e+07	2.56218e+07	2.20517e+07	1.85085e+07	1.36775e+07
4.45227e+07	3.17926e+07	2.53504e+07	2.18377e+07	1.83678e+07	1.35580e+07
4.35332e+07	3.12769e+07	2.49756e+07	2.15002e+07	1.81267e+07	1.34233e+07
4.26143e+07	3.02572e+07	2.43505e+07	2.11795e+07	1.79240e+07	1.32851e+07
4.24069e+07	3.02617e+07	2.42372e+07	2.10846e+07	1.78488e+07	1.32373e+07
4.22534e+07	3.00831e+07	2.40879e+07	2.09739e+07	1.77692e+07	1.31896e+07
4.17826e+07	3.00562e+07	2.39945e+07	2.08675e+07	1.76692e+07	1.31098e+07
4.09959e+07	2.96536e+07	2.36731e+07	2.06280e+07	1.75084e+07	1.30232e+07
4.05536e+07	2.93811e+07	2.34810e+07	2.04988e+07	1.74630e+07	1.29693e+07
4.03379e+07	2.92329e+07	2.33069e+07	2.03679e+07	1.73447e+07	1.28946e+07
4.04069e+07	2.90942e+07	2.32801e+07	2.03376e+07	1.73117e+07	1.28675e+07
3.95900e+07	2.86973e+07	2.30281e+07	2.00496e+07	1.71080e+07	1.26926e+07
3.91034e+07	2.84436e+07	2.28856e+07	1.99710e+07	1.70272e+07	1.26206e+07
3.89392e+07	2.83520e+07	2.28292e+07	1.99004e+07	1.69588e+07	1.25668e+07
3.87229e+07	2.80986e+07	2.27434e+07	1.98364e+07	1.69094e+07	1.25285e+07
3.78938e+07	2.76178e+07	2.24444e+07	1.96151e+07	1.67845e+07	1.24330e+07
3.64408e+07	2.71394e+07	2.21211e+07	1.93184e+07	1.65084e+07	1.22340e+07
3.63642e+07	2.67712e+07	2.19452e+07	1.92431e+07	1.64410e+07	1.21850e+07
3.58050e+07	2.66036e+07	2.18230e+07	1.91896e+07	1.63767e+07	1.21294e+07
3.51290e+07	2.63833e+07	2.17564e+07	1.91256e+07	1.63041e+07	1.20751e+07
3.49010e+07	2.62154e+07	2.16241e+07	1.90188e+07	1.62285e+07	1.20048e+07
3.44030e+07	2.60237e+07	2.13676e+07	1.88848e+07	1.60973e+07	1.19138e+07
3.38626e+07	2.57164e+07	2.11835e+07	1.87385e+07	1.59727e+07	1.18185e+07
3.39706e+07	2.56546e+07	2.10956e+07	1.86633e+07	1.59023e+07	1.17617e+07
3.30457e+07	2.50197e+07	2.06473e+07	1.83794e+07	1.57137e+07	1.16390e+07
3.28877e+07	2.48494e+07	2.05239e+07	1.82931e+07	1.56248e+07	1.15683e+07
3.24396e+07	2.46047e+07	2.03069e+07	1.80720e+07	1.54546e+07	1.14699e+07
3.20656e+07	2.43003e+07	2.00355e+07	1.78621e+07	1.52888e+07	1.13447e+07
3.18687e+07	2.41276e+07	1.98812e+07	1.77365e+07	1.52126e+07	1.12837e+07
3.16055e+07	2.40072e+07	1.97501e+07	1.76390e+07	1.51527e+07	1.12229e+07
3.15177e+07	2.39184e+07	1.97134e+07	1.75805e+07	1.50995e+07	1.11835e+07
3.08483e+07	2.33916e+07	1.93849e+07	1.73176e+07	1.49066e+07	1.10613e+07
3.04783e+07	2.30768e+07	1.91886e+07	1.72338e+07	1.48252e+07	1.10169e+07
2.99157e+07	2.26971e+07	1.89513e+07	1.70036e+07	1.46574e+07	1.09012e+07
2.98469e+07	2.24576e+07	1.88047e+07	1.68442e+07	1.45091e+07	1.07811e+07
2.97090e+07	2.23464e+07	1.87508e+07	1.68123e+07	1.44718e+07	1.07548e+07
2.94444e+07	2.21900e+07	1.85782e+07	1.66968e+07	1.44230e+07	1.07133e+07
2.89762e+07	2.18855e+07	1.84510e+07	1.66737e+07	1.43587e+07	1.06690e+07
2.83505e+07	2.15929e+07	1.82619e+07	1.65115e+07	1.42396e+07	1.05728e+07
2.82715e+07	2.14560e+07	1.81104e+07	1.64122e+07	1.41933e+07	1.05269e+07
2.81022e+07	2.13410e+07	1.80227e+07	1.63913e+07	1.41517e+07	1.04984e+07
2.84092e+07	2.12397e+07	1.79720e+07	1.63323e+07	1.40922e+07	1.04508e+07
2.81836e+07	2.11907e+07	1.79185e+07	1.63091e+07	1.40789e+07	1.04356e+07
2.81147e+07	2.09587e+07	1.77722e+07	1.62010e+07	1.39773e+07	1.03697e+07
2.75952e+07	2.08370e+07	1.76569e+07	1.60810e+07	1.38656e+07	1.02837e+07
2.75120e+07	2.08461e+07	1.76365e+07	1.60606e+07	1.38466e+07	1.02696e+07
2.72218e+07	2.07322e+07	1.74540e+07	1.59179e+07	1.37592e+07	1.02159e+07
2.70450e+07	2.05752e+07	1.73528e+07	1.58336e+07	1.36790e+07	1.01702e+07
2.68622e+07	2.04040e+07	1.72318e+07	1.56924e+07	1.35601e+07	1.00922e+07
2.65253e+07	2.01063e+07	1.70337e+07	1.55442e+07	1.34458e+07	1.00266e+07
2.59942e+07	1.98425e+07	1.67552e+07	1.53617e+07	1.32736e+07	9.88001e+06
2.57981e+07	1.97617e+07	1.67604e+07	1.53376e+07	1.32568e+07	9.86658e+06
2.50665e+07	1.92549e+07	1.64959e+07	1.50954e+07	1.30212e+07	9.70837e+06
2.42417e+07	1.87627e+07	1.62187e+07	1.48226e+07	1.28059e+07	9.58555e+06
2.38314e+07	1.85836e+07	1.60740e+07	1.46851e+07	1.26991e+07	9.51284e+06
2.38237e+07	1.85619e+07	1.60353e+07	1.46395e+07	1.26621e+07	9.48487e+06
2.37290e+07	1.84302e+07	1.59263e+07	1.45753e+07	1.26273e+07	9.45518e+06
2.38436e+07	1.83044e+07	1.58618e+07	1.45174e+07	1.25670e+07	9.40547e+06
2.35443e+07	1.80759e+07	1.56473e+07	1.43397e+07	1.24605e+07	9.33378e+06
2.33307e+07	1.79739e+07	1.55780e+07	1.42763e+07	1.23997e+07	9.28641e+06
2.29139e+07	1.78345e+07	1.53222e+07	1.40909e+07	1.22536e+07	9.19659e+06
2.25003e+07	1.76799e+07	1.52912e+07	1.40265e+07	1.21919e+07	9.14579e+06
2.24638e+07	1.76496e+07	1.52023e+07	1.39667e+07	1.21308e+07	9.09818e+06
2.21623e+07	1.75475e+07	1.51048e+07	1.39037e+07	1.20754e+07	9.05538e+06
2.19970e+07	1.74613e+07	1.50637e+07	1.38680e+07	1.20350e+07	9.02338e+06
2.18041e+07	1.73861e+07	1.49310e+07	1.37536e+07	1.19406e+07	8.96693e+06
2.16820e+07	1.73511e+07	1.49268e+07	1.37285e+07	1.19193e+07	8.94920e+06
2.15835e+07	1.73173e+07	1.48949e+07	1.36842e+07	1.18781e+07	8.91822e+06
2.09071e+07	1.69484e+07	1.46993e+07	1.35021e+07	1.17313e+07	8.81404e+06
2.03907e+07	1.66213e+07	1.44975e+07	1.33510e+07	1.15811e+07	8.71708e+06
2.04310e+07	1.64913e+07	1.43890e+07	1.32724e+07	1.14971e+07	8.65319e+06
2.02339e+07	1.63262e+07	1.43096e+07	1.32123e+07	1.14388e+07	8.60904e+06
2.01998e+07	1.63052e+07	1.42846e+07	1.31901e+07	1.14180e+07	8.59186e+06
2.02267e+07	1.62578e+07	1.42413e+07	1.31462e+07	1.13755e+07	8.55690e+06
1.99873e+07	1.60998e+07	1.41267e+07	1.30617e+07	1.12935e+07	8.49108e+06
2.00426e+07	1.59690e+07	1.40159e+07	1.29852e+07	1.12380e+07	8.43733e+06
1.96524e+07	1.57795e+07	1.37693e+07	1.27614e+07	1.10495e+07	8.32668e+06
1.95629e+07	1.56619e+07	1.36552e+07	1.26489e+07	1.09493e+07	8.25433e+06
1.93183e+07	1.55896e+07	1.35634e+07	1.25478e+07	1.08574e+07	8.18919e+06
1.86315e+07	1.52984e+07	1.34086e+07	1.24272e+07	1.07392e+07	8.10631e+06
1.86463e+07	1.52054e+07	1.33585e+07	1.23891e+07	1.06982e+07	8.07380e+06
1.84735e+07	1.51038e+07	1.32503e+07	1.23030e+07	1.06129e+07	8.00463e+06
1.84375e+07	1.50814e+07	1.32251e+07	1.22796e+07	1.05908e+07	7.98599e+06
1.84714e+07	1.49644e+07	1.31313e+07	1.22119e+07	1.05301e+07	7.93464e+06
1.79932e+07	1.48049e+07	1.29422e+07	1.20314e+07	1.03941e+07	7.83484e+06
1.78874e+07	1.47327e+07	1.28732e+07	1.19603e+07	1.03286e+07	7.78320e+06
1.76963e+07	1.46326e+07	1.27768e+07	1.18920e+07	1.02940e+07	7.74899e+06
1.76311e+07	1.45627e+07	1.27264e+07	1.18512e+07	1.02509e+07	7.71621e+06
1.72240e+07	1.43944e+07	1.26143e+07	1.17516e+07	1.01451e+07	7.63632e+06
1.72212e+07	1.43775e+07	1.25690e+07	1.17032e+07	1.01013e+07	7.60064e+06
1.67690e+07	1.41254e+07	1.24405e+07	1.16091e+07	1.00182e+07	7.52860e+06
1.66773e+07	1.40435e+07	1.23643e+07	1.15643e+07	9.97706e+06	7.49722e+06
1.64359e+07	1.40193e+07	1.22850e+07	1.14911e+07	9.91143e+06	7.44487e+06
1.61830e+07	1.39290e+07	1.21865e+07	1.13981e+07	9.82331e+06	7.37159e+06
1.60287e+07	1.38138e+07	1.21148e+07	1.13544e+07	9.78177e+06	7.33496e+06
1.59615e+07	1.37880e+07	1.21015e+07	1.13305e+07	9.75964e+06	7.31909e+06
1.57573e+07	1.36544e+07	1.20177e+07	1.12722e+07	9.69038e+06	7.26184e+06
1.57573e+07	1.36544e+07	1.20177e+07	1.12722e+07	9.69038e+06	7.26184e+06
1.54050e+07	1.35168e+07	1.19420e+07	1.11859e+07	9.60141e+06	7.18883e+06
1.51479e+07	1.34250e+07	1.18594e+07	1.11202e+07	9.53191e+06	7.13584e+06
1.48125e+07	1.33344e+07	1.17456e+07	1.09975e+07	9.42057e+06	7.04538e+06
1.48125e+07	1.33344e+07	1.17456e+07	1.09975e+07	9.42057e+06	7.04538e+06
1.46637e+07	1.32148e+07	1.16426e+07	1.09299e+07	9.35214e+06	6.98895e+06
1.47336e+07	1.31181e+07	1.15977e+07	1.08791e+07	9.30713e+06	6.95329e+06
1.43250e+07	1.30241e+07	1.14838e+07	1.07858e+07	9.24582e+06	6.90327e+06
1.42702e+07	1.30022e+07	1.14644e+07	1.07615e+07	9.22252e+06	6.88426e+06
1.42702e+07	1.30022e+07	1.14644e+07	1.07615e+07	9.22252e+06	6.88426e+06
1.42702e+07	1.30022e+07	1.14644e+07	1.07615e+07	9.22252e+06	6.88426e+06
1.42601e+07	1.29716e+07	1.14409e+07	1.07367e+07	9.19848e+06	6.86301e+06
1.41273e+07	1.28758e+07	1.13713e+07	1.07236e+07	9.17396e+06	6.84535e+06
1.39559e+07	1.27519e+07	1.12543e+07	1.05992e+07	9.05955e+06	6.75133e+06
1.39559e+07	1.27519e+07	1.12543e+07	1.05992e+07	9.05955e+06	6.75133e+06
1.38991e+07	1.26987e+07	1.12034e+07	1.05844e+07	9.03535e+06	6.73620e+06
1.38991e+07	1.26987e+07	1.12034e+07	1.05844e+07	9.03535e+06	6.73620e+06
1.38991e+07	1.26987e+07	1.12034e+07	1.05844e+07	9.03535e+06	6.73620e+06
1.34692e+07	1.25682e+07	1.11124e+07	1.04547e+07	8.92357e+06	6.64924e+06
1.33612e+07	1.24649e+07	1.10520e+07	1.03752e+07	8.85076e+06	6.58671e+06
1.31969e+07	1.22834e+07	1.08702e+07	1.02092e+07	8.73339e+06	6.53081e+06
1.30612e+07	1.22096e+07	1.08051e+07	1.01693e+07	8.68325e+06	6.48893e+06
1.28438e+07	1.21440e+07	1.07897e+07	1.01473e+07	8.65848e+06	6.46959e+06
1.28465e+07	1.20639e+07	1.07188e+07	1.00754e+07	8.58703e+06	6.41516e+06
1.26324e+07	1.18311e+07	1.05272e+07	9.90030e+06	8.47841e+06	6.38760e+06
1.25347e+07	1.17664e+07	1.04489e+07	9.82347e+06	8.40853e+06	6.33214e+06
1.25347e+07	1.17664e+07	1.04489e+07	9.82347e+06	8.40853e+06	6.33214e+06
1.25258e+07	1.17566e+07	1.04182e+07	9.79893e+06	8.38404e+06	6.31147e+06
1.24481e+07	1.15285e+07	1.02247e+07	9.63677e+06	8.26479e+06	6.23118e+06
1.24481e+07	1.15285e+07	1.02247e+07	9.63677e+06	8.26479e+06	6.23118e+06
1.22917e+07	1.13093e+07	1.00621e+07	9.48133e+06	8.16585e+06	6.18697e+06
1.21867e+07	1.11682e+07	9.98298e+06	9.37766e+06	8.06478e+06	6.10004e+06
1.21951e+07	1.11480e+07	9.95799e+06	9.35151e+06	8.04124e+06	6.08190e+06
1.19572e+07	1.09135e+07	9.80647e+06	9.19755e+06	7.90230e+06	5.98188e+06
1.18246e+07	1.07749e+07	9.71827e+06	9.10361e+06	7.85411e+06	5.95147e+06
1.18246e+07	1.07749e+07	9.71827e+06	9.10361e+06	7.85411e+06	5.95147e+06
1.17716e+07	1.07553e+07	9.68882e+06	9.07806e+06	7.82870e+06	5.92856e+06
1.18126e+07	1.07353e+07	9.66106e+06	9.05205e+06	7.80467e+06	5.90930e+06
1.18329e+07	1.07016e+07	9.61513e+06	8.99775e+06	7.75669e+06	5.87138e+06
1.18225e+07	1.06876e+07	9.58416e+06	8.97090e+06	7.73180e+06	5.84890e+06
1.15539e+07	1.05437e+07	9.51009e+06	8.88001e+06	7.68069e+06	5.81971e+06
1.14242e+07	1.05307e+07	9.44723e+06	8.82622e+06	7.63232e+06	5.78095e+06
1.14258e+07	1.04769e+07	9.40227e+06	8.77300e+06	7.58327e+06	5.74125e+06
1.13805e+07	1.04097e+07	9.31765e+06	8.69318e+06	7.50933e+06	5.68235e+06
1.11082e+07	1.01754e+07	9.13499e+06	8.53751e+06	7.41259e+06	5.61812e+06
1.11082e+07	1.01754e+07	9.13499e+06	8.53751e+06	7.41259e+06	5.61812e+06
1.08771e+07	1.00580e+07	9.04420e+06	8.43238e+06	7.33015e+06	5.56821e+06
1.05964e+07	9.75769e+06	8.86616e+06	8.30209e+06	7.26596e+06	5.51055e+06
1.03107e+07	9.52484e+06	8.70477e+06	8.16409e+06	7.16895e+06	5.44603e+06
1.02309e+07	9.44468e+06	8.63334e+06	8.08178e+06	7.09388e+06	5.38752e+06
1.02559e+07	9.38282e+06	8.58396e+06	8.02673e+06	7.04492e+06	5.34786e+06
1.02559e+07	9.38282e+06	8.58396e+06	8.02673e+06	7.04492e+06	5.34786e+06
1.02559e+07	9.38282e+06	8.58396e+06	8.02673e+06	7.04492e+06	5.34786e+06
1.02367e+07	9.25731e+06	8.51367e+06	7.94167e+06	6.97264e+06	5.29280e+06
1.00832e+07	9.20012e+06	8.42462e+06	7.86525e+06	6.91456e+06	5.26855e+06
1.00161e+07	9.16680e+06	8.39937e+06	7.83817e+06	6.88938e+06	5.24825e+06
1.00161e+07	9.16680e+06	8.39937e+06	7.83817e+06	6.88938e+06	5.24825e+06
9.92651e+06	9.11655e+06	8.38300e+06	7.80832e+06	6.86423e+06	5.22839e+06
9.92651e+06	9.11655e+06	8.38300e+06	7.80832e+06	6.86423e+06	5.22839e+06
9.92651e+06	9.11655e+06	8.38300e+06	7.80832e+06	6.86423e+06	5.22839e+06
9.83219e+06	9.05538e+06	8.33435e+06	7.75333e+06	6.81349e+06	5.18658e+06
9.74505e+06	9.01830e+06	8.27708e+06	7.69825e+06	6.76069e+06	5.14009e+06
9.71106e+06	9.00427e+06	8.24552e+06	7.67208e+06	6.73545e+06	5.12099e+06
9.60420e+06	8.94846e+06	8.15592e+06	7.59047e+06	6.65872e+06	5.05986e+06
9.55469e+06	8.86925e+06	8.10093e+06	7.57346e+06	6.63009e+06	5.03926e+06
9.55469e+06	8.86925e+06	8.10093e+06	7.57346e+06	6.63009e+06	5.03926e+06
9.43313e+06	8.87764e+06	8.04596e+06	7.51926e+06	6.58017e+06	5.00176e+06
9.35728e+06	8.85687e+06	8.01679e+06	7.49174e+06	6.55306e+06	4.97819e+06
9.27998e+06	8.79927e+06	7.99145e+06	7.46574e+06	6.52829e+06	4.95888e+06
9.23526e+06	8.73401e+06	7.92753e+06	7.41142e+06	6.47658e+06	4.91734e+06
9.23526e+06	8.73401e+06	7.92753e+06	7.41142e+06	6.47658e+06	4.91734e+06
8.94909e+06	8.49589e+06	7.71790e+06	7.30389e+06	6.41960e+06	4.84673e+06
8.94909e+06	8.49589e+06	7.71790e+06	7.30389e+06	6.41960e+06	4.84673e+06
8.82698e+06	8.41427e+06	7.62553e+06	7.21751e+06	6.34735e+06	4.80331e+06
8.79769e+06	8.37872e+06	7.59888e+06	7.19053e+06	6.32091e+06	4.78224e+06
8.66335e+06	8.39556e+06	7.52473e+06	7.13535e+06	6.26868e+06	4.73895e+06
8.66335e+06	8.39556e+06	7.52473e+06	7.13535e+06	6.26868e+06	4.73895e+06
8.66335e+06	8.39556e+06	7.52473e+06	7.13535e+06	6.26868e+06	4.73895e+06
8.59616e+06	8.37035e+06	7.49441e+06	7.10716e+06	6.24176e+06	4.71634e+06
8.55759e+06	8.33879e+06	7.46676e+06	7.07847e+06	6.21529e+06	4.69492e+06
8.43677e+06	8.21016e+06	7.34076e+06	6.95985e+06	6.11049e+06	4.62578e+06
8.37619e+06	8.18658e+06	7.31020e+06	6.93141e+06	6.08416e+06	4.60493e+06
8.11206e+06	8.07221e+06	7.19386e+06	6.85807e+06	6.00440e+06	4.53974e+06
8.11206e+06	8.07221e+06	7.19386e+06	6.85807e+06	6.00440e+06	4.53974e+06
8.08401e+06	8.06567e+06	7.16398e+06	6.82862e+06	5.97898e+06	4.52099e+06
8.08401e+06	8.06567e+06	7.16398e+06	6.82862e+06	5.97898e+06	4.52099e+06
8.04984e+06	7.98178e+06	7.13497e+06	6.80337e+06	5.95314e+06	4.49961e+06
8.04090e+06	7.92726e+06	7.08674e+06	6.74816e+06	5.90160e+06	4.46247e+06
8.04090e+06	7.92726e+06	7.08674e+06	6.74816e+06	5.90160e+06	4.46247e+06
8.04090e+06	7.92726e+06	7.08674e+06	6.74816e+06	5.90160e+06	4.46247e+06
7.87627e+06	7.73838e+06	7.02906e+06	6.69346e+06	5.84373e+06	4.41717e+06
7.89897e+06	7.69737e+06	7.00325e+06	6.66551e+06	5.81661e+06	4.39378e+06
7.85559e+06	7.66974e+06	6.97465e+06	6.63677e+06	5.79051e+06	4.37357e+06
7.85559e+06	7.66974e+06	6.97465e+06	6.63677e+06	5.79051e+06	4.37357e+06
7.85559e+06	7.66974e+06	6.97465e+06	6.63677e+06	5.79051e+06	4.37357e+06
7.81875e+06	7.64478e+06	6.94374e+06	6.60780e+06	5.76433e+06	4.35424e+06
7.78049e+06	7.57652e+06	6.88479e+06	6.55031e+06	5.70916e+06	4.30854e+06
7.78049e+06	7.57652e+06	6.88479e+06	6.55031e+06	5.70916e+06	4.30854e+06
7.73944e+06	7.55046e+06	6.85850e+06	6.52020e+06	5.68115e+06	4.28385e+06
7.73944e+06	7.55046e+06	6.85850e+06	6.52020e+06	5.68115e+06	4.28385e+06
7.73944e+06	7.55046e+06	6.85850e+06	6.52020e+06	5.68115e+06	4.28385e+06
7.52261e+06	7.37397e+06	6.68516e+06	6.39384e+06	5.56234e+06	4.21447e+06
7.52237e+06	7.34138e+06	6.65556e+06	6.36484e+06	5.53612e+06	4.19431e+06
7.51821e+06	7.30885e+06	6.62177e+06	6.33463e+06	5.50844e+06	4.17051e+06
7.40583e+06	7.22977e+06	6.52970e+06	6.25450e+06	5.45168e+06	4.14830e+06
7.40583e+06	7.22977e+06	6.52970e+06	6.25450e+06	5.45168e+06	4.14830e+06
7.36404e+06	7.13253e+06	6.44989e+06	6.16716e+06	5.37031e+06	4.08657e+06
7.32462e+06	7.11493e+06	6.41624e+06	6.13662e+06	5.34334e+06	4.06582e+06
7.32462e+06	7.11493e+06	6.41624e+06	6.13662e+06	5.34334e+06	4.06582e+06
7.28558e+06	7.10171e+06	6.38181e+06	6.10709e+06	5.31542e+06	4.04345e+06
7.19712e+06	7.03226e+06	6.31931e+06	6.08475e+06	5.28608e+06	4.02074e+06
7.05429e+06	6.92794e+06	6.19200e+06	5.97530e+06	5.21036e+06	3.98197e+06
7.05429e+06	6.92794e+06	6.19200e+06	5.97530e+06	5.21036e+06	3.98197e+06
6.98036e+06	6.89345e+06	6.16779e+06	5.94457e+06	5.18252e+06	3.95994e+06
6.89731e+06	6.87092e+06	6.13394e+06	5.91405e+06	5.15447e+06	3.93655e+06
6.89731e+06	6.87092e+06	6.13394e+06	5.91405e+06	5.15447e+06	3.93655e+06
6.89731e+06	6.87092e+06	6.13394e+06	5.91405e+06	5.15447e+06	3.93655e+06
6.89731e+06	6.87092e+06	6.13394e+06	5.91405e+06	5.15447e+06	3.93655e+06
6.78549e+06	6.74492e+06	6.09173e+06	5.85097e+06	5.09994e+06	3.89507e+06
6.78549e+06	6.74492e+06	6.09173e+06	5.85097e+06	5.09994e+06	3.89507e+06
6.74600e+06	6.72474e+06	6.05784e+06	5.82183e+06	5.07178e+06	3.87289e+06
6.74600e+06	6.72474e+06	6.05784e+06	5.82183e+06	5.07178e+06	3.87289e+06
6.74600e+06	6.72474e+06	6.05784e+06	5.82183e+06	5.07178e+06	3.87289e+06
6.74600e+06	6.72474e+06	6.05784e+06	5.82183e+06	5.07178e+06	3.87289e+06
6.77930e+06	6.68157e+06	6.02837e+06	5.79267e+06	5.04459e+06	3.85354e+06
6.76577e+06	6.62457e+06	5.96035e+06	5.73125e+06	4.98922e+06	3.81106e+06
6.76577e+06	6.62457e+06	5.96035e+06	5.73125e+06	4.98922e+06	3.81106e+06
6.61635e+06	6.58049e+06	5.95336e+06	5.69370e+06	4.96177e+06	3.78541e+06
6.60515e+06	6.48534e+06	5.86118e+06	5.60348e+06	4.87736e+06	3.71879e+06
6.60515e+06	6.48534e+06	5.86118e+06	5.60348e+06	4.87736e+06	3.71879e+06
6.60515e+06	6.48534e+06	5.86118e+06	5.60348e+06	4.87736e+06	3.71879e+06
6.60515e+06	6.48534e+06	5.86118e+06	5.60348e+06	4.87736e+06	3.71879e+06
6.31449e+06	6.23802e+06	5.67318e+06	5.42292e+06	4.76514e+06	3.68790e+06
6.24275e+06	6.18407e+06	5.60502e+06	5.36451e+06	4.70821e+06	3.64400e+06
6.08454e+06	6.08248e+06	5.48657e+06	5.26345e+06	4.64354e+06	3.60625e+06
6.02178e+06	5.99183e+06	5.39133e+06	5.17243e+06	4.55882e+06	3.54005e+06
6.02178e+06	5.99183e+06	5.39133e+06	5.17243e+06	4.55882e+06	3.54005e+06
6.02147e+06	5.95571e+06	5.35982e+06	5.14152e+06	4.52827e+06	3.51198e+06
5.88456e+06	5.82908e+06	5.29403e+06	5.09541e+06	4.50838e+06	3.48688e+06
5.86562e+06	5.80387e+06	5.26150e+06	5.06378e+06	4.48039e+06	3.46496e+06
5.86562e+06	5.80387e+06	5.26150e+06	5.06378e+06	4.48039e+06	3.46496e+06
5.86562e+06	5.80387e+06	5.26150e+06	5.06378e+06	4.48039e+06	3.46496e+06
5.81532e+06	5.80180e+06	5.22898e+06	5.03366e+06	4.45178e+06	3.44365e+06
5.81532e+06	5.80180e+06	5.22898e+06	5.03366e+06	4.45178e+06	3.44365e+06
5.70279e+06	5.64869e+06	5.11351e+06	4.91231e+06	4.36405e+06	3.40017e+06
5.71612e+06	5.62509e+06	5.08300e+06	4.88019e+06	4.33424e+06	3.37405e+06
5.71612e+06	5.62509e+06	5.08300e+06	4.88019e+06	4.33424e+06	3.37405e+06
5.71612e+06	5.62509e+06	5.08300e+06	4.88019e+06	4.33424e+06	3.37405e+06
5.71612e+06	5.62509e+06	5.08300e+06	4.88019e+06	4.33424e+06	3.37405e+06
5.71612e+06	5.62509e+06	5.08300e+06	4.88019e+06	4.33424e+06	3.37405e+06
5.71612e+06	5.62509e+06	5.08300e+06	4.88019e+06	4.33424e+06	3.37405e+06
5.71612e+06	5.62509e+06	5.08300e+06	4.88019e+06	4.33424e+06	3.37405e+06
5.71612e+06	5.62509e+06	5.08300e+06	4.88019e+06	4.33424e+06	3.37405e+06
5.71612e+06	5.62509e+06	5.08300e+06	4.88019e+06	4.33424e+06	3.37405e+06
5.60131e+06	5.53621e+06	4.98281e+06	4.78572e+06	4.24519e+06	3.29914e+06
5.52994e+06	5.48383e+06	4.91140e+06	4.72263e+06	4.18564e+06	3.25027e+06
5.45036e+06	5.41995e+06	4.84555e+06	4.65940e+06	4.12729e+06	3.20238e+06
5.39075e+06	5.33862e+06	4.79533e+06	4.59396e+06	4.07090e+06	3.15986e+06
5.42704e+06	5.27401e+06	4.74212e+06	4.52781e+06	4.01249e+06	3.11205e+06
5.37428e+06	5.24058e+06	4.71181e+06	4.49553e+06	3.98417e+06	3.09065e+06
5.37952e+06	5.19763e+06	4.68129e+06	4.46494e+06	3.95374e+06	3.06426e+06
5.37952e+06	5.19763e+06	4.68129e+06	4.46494e+06	3.95374e+06	3.06426e+06
5.33579e+06	5.17000e+06	4.64961e+06	4.43350e+06	3.92400e+06	3.03995e+06
5.18439e+06	5.09422e+06	4.59896e+06	4.36456e+06	3.86204e+06	2.98710e+06
4.98032e+06	4.94908e+06	4.55143e+06	4.30700e+06	3.80266e+06	2.94184e+06
4.98032e+06	4.94908e+06	4.55143e+06	4.30700e+06	3.80266e+06	2.94184e+06
4.98032e+06	4.94908e+06	4.55143e+06	4.30700e+06	3.80266e+06	2.94184e+06
4.87515e+06	4.83915e+06	4.45262e+06	4.21664e+06	3.73634e+06	2.91636e+06
4.87515e+06	4.83915e+06	4.45262e+06	4.21664e+06	3.73634e+06	2.91636e+06
4.83502e+06	4.80448e+06	4.42285e+06	4.18399e+06	3.70602e+06	2.89091e+06
4.71669e+06	4.73325e+06	4.37067e+06	4.16249e+06	3.67332e+06	2.86750e+06
4.69389e+06	4.69397e+06	4.33913e+06	4.13010e+06	3.64141e+06	2.83835e+06
4.62322e+06	4.65792e+06	4.30486e+06	4.09820e+06	3.61056e+06	2.81164e+06
4.62322e+06	4.65792e+06	4.30486e+06	4.09820e+06	3.61056e+06	2.81164e+06
4.60327e+06	4.63314e+06	4.27048e+06	4.06701e+06	3.58183e+06	2.79146e+06
4.55810e+06	4.59763e+06	4.23896e+06	4.03490e+06	3.55299e+06	2.76980e+06
4.55810e+06	4.59763e+06	4.23896e+06	4.03490e+06	3.55299e+06	2.76980e+06
4.55810e+06	4.59763e+06	4.23896e+06	4.03490e+06	3.55299e+06	2.76980e+06
4.55810e+06	4.59763e+06	4.23896e+06	4.03490e+06	3.55299e+06	2.76980e+06
4.55810e+06	4.59763e+06	4.23896e+06	4.03490e+06	3.55299e+06	2.76980e+06
4.45204e+06	4.57365e+06	4.21846e+06	3.99777e+06	3.52512e+06	2.74916e+06
4.45204e+06	4.57365e+06	4.21846e+06	3.99777e+06	3.52512e+06	2.74916e+06
4.45204e+06	4.57365e+06	4.21846e+06	3.99777e+06	3.52512e+06	2.74916e+06
4.45204e+06	4.57365e+06	4.21846e+06	3.99777e+06	3.52512e+06	2.74916e+06
4.45204e+06	4.57365e+06	4.21846e+06	3.99777e+06	3.52512e+06	2.74916e+06
4.43547e+06	4.53424e+06	4.18671e+06	3.96414e+06	3.49523e+06	2.72599e+06
4.43547e+06	4.53424e+06	4.18671e+06	3.96414e+06	3.49523e+06	2.72599e+06
4.43547e+06	4.53424e+06	4.18671e+06	3.96414e+06	3.49523e+06	2.72599e+06
4.29645e+06	4.48793e+06	4.11920e+06	3.89896e+06	3.43485e+06	2.67715e+06
4.19582e+06	4.41498e+06	4.07676e+06	3.87602e+06	3.40123e+06	2.64715e+06
4.18176e+06	4.37714e+06	4.04223e+06	3.84361e+06	3.37085e+06	2.62324e+06
4.18176e+06	4.37714e+06	4.04223e+06	3.84361e+06	3.37085e+06	2.62324e+06
4.10921e+06	4.32162e+06	4.02123e+06	3.80874e+06	3.34015e+06	2.59603e+06
4.08047e+06	4.31034e+06	3.98630e+06	3.77513e+06	3.30817e+06	2.56792e+06
4.01514e+06	4.24401e+06	3.92596e+06	3.70996e+06	3.24635e+06	2.51878e+06
3.94674e+06	4.18788e+06	3.90505e+06	3.67292e+06	3.21549e+06	2.49437e+06
3.94674e+06	4.18788e+06	3.90505e+06	3.67292e+06	3.21549e+06	2.49437e+06
3.88623e+06	4.15128e+06	3.87331e+06	3.63918e+06	3.18340e+06	2.46595e+06
3.88623e+06	4.15128e+06	3.87331e+06	3.63918e+06	3.18340e+06	2.46595e+06
3.88623e+06	4.15128e+06	3.87331e+06	3.63918e+06	3.18340e+06	2.46595e+06
3.88623e+06	4.15128e+06	3.87331e+06	3.63918e+06	3.18340e+06	2.46595e+06
3.88623e+06	4.15128e+06	3.87331e+06	3.63918e+06	3.18340e+06	2.46595e+06
3.84905e+06	4.13508e+06	3.84035e+06	3.60510e+06	3.15267e+06	2.44155e+06
3.84905e+06	4.13508e+06	3.84035e+06	3.60510e+06	3.15267e+06	2.44155e+06
3.84905e+06	4.13508e+06	3.84035e+06	3.60510e+06	3.15267e+06	2.44155e+06
3.84905e+06	4.13508e+06	3.84035e+06	3.60510e+06	3.15267e+06	2.44155e+06
3.84905e+06	4.13508e+06	3.84035e+06	3.60510e+06	3.15267e+06	2.44155e+06
3.84905e+06	4.13508e+06	3.84035e+06	3.60510e+06	3.15267e+06	2.44155e+06
3.84966e+06	4.06757e+06	3.76848e+06	3.53768e+06	3.08916e+06	2.38720e+06
3.84966e+06	4.06757e+06	3.76848e+06	3.53768e+06	3.08916e+06	2.38720e+06
3.84966e+06	4.06757e+06	3.76848e+06	3.53768e+06	3.08916e+06	2.38720e+06
3.84966e+06	4.06757e+06	3.76848e+06	3.53768e+06	3.08916e+06	2.38720e+06
3.84966e+06	4.06757e+06	3.76848e+06	3.53768e+06	3.08916e+06	2.38720e+06
3.84966e+06	4.06757e+06	3.76848e+06	3.53768e+06	3.08916e+06	2.38720e+06
3.78172e+06	4.02922e+06	3.74450e+06	3.50256e+06	3.05746e+06	2.36058e+06
3.78172e+06	4.02922e+06	3.74450e+06	3.50256e+06	3.05746e+06	2.36058e+06
3.78172e+06	4.02922e+06	3.74450e+06	3.50256e+06	3.05746e+06	2.36058e+06
3.71798e+06	3.94631e+06	3.67619e+06	3.43549e+06	2.99412e+06	2.30941e+06
3.72859e+06	3.89421e+06	3.64110e+06	3.40143e+06	2.96300e+06	2.28426e+06
3.72859e+06	3.89421e+06	3.64110e+06	3.40143e+06	2.96300e+06	2.28426e+06
3.72859e+06	3.89421e+06	3.64110e+06	3.40143e+06	2.96300e+06	2.28426e+06
3.72859e+06	3.89421e+06	3.64110e+06	3.40143e+06	2.96300e+06	2.28426e+06
3.69814e+06	3.85739e+06	3.60601e+06	3.36723e+06	2.92991e+06	2.25556e+06
3.69814e+06	3.85739e+06	3.60601e+06	3.36723e+06	2.92991e+06	2.25556e+06
3.71000e+06	3.81819e+06	3.57321e+06	3.33384e+06	2.89899e+06	2.23238e+06
3.65695e+06	3.78519e+06	3.53761e+06	3.29943e+06	2.86655e+06	2.20465e+06
3.65695e+06	3.78519e+06	3.53761e+06	3.29943e+06	2.86655e+06	2.20465e+06
3.65695e+06	3.78519e+06	3.53761e+06	3.29943e+06	2.86655e+06	2.20465e+06
3.61658e+06	3.76279e+06	3.49922e+06	3.26428e+06	2.83453e+06	2.17824e+06
3.51345e+06	3.67070e+06	3.41814e+06	3.22102e+06	2.81401e+06	2.15509e+06
3.51935e+06	3.64918e+06	3.38108e+06	3.18724e+06	2.78301e+06	2.13136e+06
3.48079e+06	3.56666e+06	3.31344e+06	3.11966e+06	2.72022e+06	2.08214e+06
3.43791e+06	3.53414e+06	3.27632e+06	3.08503e+06	2.68814e+06	2.05616e+06
3.43791e+06	3.53414e+06	3.27632e+06	3.08503e+06	2.68814e+06	2.05616e+06
3.43791e+06	3.53414e+06	3.27632e+06	3.08503e+06	2.68814e+06	2.05616e+06
3.43791e+06	3.53414e+06	3.27632e+06	3.08503e+06	2.68814e+06	2.05616e+06
3.43791e+06	3.53414e+06	3.27632e+06	3.08503e+06	2.68814e+06	2.05616e+06
3.43791e+06	3.53414e+06	3.27632e+06	3.08503e+06	2.68814e+06	2.05616e+06
3.43791e+06	3.53414e+06	3.27632e+06	3.08503e+06	2.68814e+06	2.05616e+06
3.43791e+06	3.53414e+06	3.27632e+06	3.08503e+06	2.68814e+06	2.05616e+06
3.43791e+06	3.53414e+06	3.27632e+06	3.08503e+06	2.68814e+06	2.05616e+06
3.43791e+06	3.53414e+06	3.27632e+06	3.08503e+06	2.68814e+06	2.05616e+06
3.43791e+06	3.53414e+06	3.27632e+06	3.08503e+06	2.68814e+06	2.05616e+06
3.43791e+06	3.53414e+06	3.27632e+06	3.08503e+06	2.68814e+06	2.05616e+06
3.42845e+06	3.49357e+06	3.24398e+06	3.05048e+06	2.65615e+06	2.03108e+06
3.42845e+06	3.49357e+06	3.24398e+06	3.05048e+06	2.65615e+06	2.03108e+06
3.37620e+06	3.41162e+06	3.17770e+06	2.98034e+06	2.59146e+06	1.97857e+06
3.37620e+06	3.41162e+06	3.17770e+06	2.98034e+06	2.59146e+06	1.97857e+06
3.37620e+06	3.41162e+06	3.17770e+06	2.98034e+06	2.59146e+06	1.97857e+06
3.37620e+06	3.41162e+06	3.17770e+06	2.98034e+06	2.59146e+06	1.97857e+06
3.37620e+06	3.41162e+06	3.17770e+06	2.98034e+06	2.59146e+06	1.97857e+06
3.37620e+06	3.41162e+06	3.17770e+06	2.98034e+06	2.59146e+06	1.97857e+06
3.37620e+06	3.41162e+06	3.17770e+06	2.98034e+06	2.59146e+06	1.97857e+06
3.37620e+06	3.41162e+06	3.17770e+06	2.98034e+06	2.59146e+06	1.97857e+06
3.37620e+06	3.41162e+06	3.17770e+06	2.98034e+06	2.59146e+06	1.97857e+06
3.33977e+06	3.37083e+06	3.14085e+06	2.94665e+06	2.56010e+06	1.95560e+06
3.33977e+06	3.37083e+06	3.14085e+06	2.94665e+06	2.56010e+06	1.95560e+06
3.33977e+06	3.37083e+06	3.14085e+06	2.94665e+06	2.56010e+06	1.95560e+06
3.33977e+06	3.37083e+06	3.14085e+06	2.94665e+06	2.56010e+06	1.95560e+06
3.33977e+06	3.37083e+06	3.14085e+06	2.94665e+06	2.56010e+06	1.95560e+06
3.33977e+06	3.37083e+06	3.14085e+06	2.94665e+06	2.56010e+06	1.95560e+06
3.33297e+06	3.33268e+06	3.10696e+06	2.91113e+06	2.52678e+06	1.92817e+06
3.33297e+06	3.33268e+06	3.10696e+06	2.91113e+06	2.52678e+06	1.92817e+06
3.33297e+06	3.33268e+06	3.10696e+06	2.91113e+06	2.52678e+06	1.92817e+06
3.33297e+06	3.33268e+06	3.10696e+06	2.91113e+06	2.52678e+06	1.92817e+06
3.29157e+06	3.29699e+06	3.06889e+06	2.87595e+06	2.49277e+06	1.89850e+06
3.29157e+06	3.29699e+06	3.06889e+06	2.87595e+06	2.49277e+06	1.89850e+06
3.29157e+06	3.29699e+06	3.06889e+06	2.87595e+06	2.49277e+06	1.89850e+06
3.29157e+06	3.29699e+06	3.06889e+06	2.87595e+06	2.49277e+06	1.89850e+06
3.29157e+06	3.29699e+06	3.06889e+06	2.87595e+06	2.49277e+06	1.89850e+06
3.29157e+06	3.29699e+06	3.06889e+06	2.87595e+06	2.49277e+06	1.89850e+06
3.29157e+06	3.29699e+06	3.06889e+06	2.87595e+06	2.49277e+06	1.89850e+06
3.29157e+06	3.29699e+06	3.06889e+06	2.87595e+06	2.49277e+06	1.89850e+06
3.29157e+06	3.29699e+06	3.06889e+06	2.87595e+06	2.49277e+06	1.89850e+06
3.29157e+06	3.29699e+06	3.06889e+06	2.87595e+06	2.49277e+06	1.89850e+06
3.29157e+06	3.29699e+06	3.06889e+06	2.87595e+06	2.49277e+06	1.89850e+06
3.29157e+06	3.29699e+06	3.06889e+06	2.87595e+06	2.49277e+06	1.89850e+06
3.29157e+06	3.29699e+06	3.06889e+06	2.87595e+06	2.49277e+06	1.89850e+06
3.25811e+06	3.26409e+06	3.03117e+06	2.84074e+06	2.46021e+06	1.87349e+06
3.25811e+06	3.26409e+06	3.03117e+06	2.84074e+06	2.46021e+06	1.87349e+06
3.25811e+06	3.26409e+06	3.03117e+06	2.84074e+06	2.46021e+06	1.87349e+06
3.25811e+06	3.26409e+06	3.03117e+06	2.84074e+06	2.46021e+06	1.87349e+06
3.25811e+06	3.26409e+06	3.03117e+06	2.84074e+06	2.46021e+06	1.87349e+06
3.09886e+06	3.20237e+06	3.00852e+06	2.80004e+06	2.42508e+06	1.84060e+06
3.09886e+06	3.20237e+06	3.00852e+06	2.80004e+06	2.42508e+06	1.84060e+06
3.09886e+06	3.20237e+06	3.00852e+06	2.80004e+06	2.42508e+06	1.84060e+06
3.09886e+06	3.20237e+06	3.00852e+06	2.80004e+06	2.42508e+06	1.84060e+06
3.09886e+06	3.20237e+06	3.00852e+06	2.80004e+06	2.42508e+06	1.84060e+06
3.09886e+06	3.20237e+06	3.00852e+06	2.80004e+06	2.42508e+06	1.84060e+06
3.09886e+06	3.20237e+06	3.00852e+06	2.80004e+06	2.42508e+06	1.84060e+06
3.09886e+06	3.20237e+06	3.00852e+06	2.80004e+06	2.42508e+06	1.84060e+06
3.09886e+06	3.20237e+06	3.00852e+06	2.80004e+06	2.42508e+06	1.84060e+06
3.09886e+06	3.20237e+06	3.00852e+06	2.80004e+06	2.42508e+06	1.84060e+06
3.07123e+06	3.16164e+06	2.97365e+06	2.76400e+06	2.39142e+06	1.81370e+06
3.07123e+06	3.16164e+06	2.97365e+06	2.76400e+06	2.39142e+06	1.81370e+06
3.07123e+06	3.16164e+06	2.97365e+06	2.76400e+06	2.39142e+06	1.81370e+06
3.07123e+06	3.16164e+06	2.97365e+06	2.76400e+06	2.39142e+06	1.81370e+06
3.07123e+06	3.16164e+06	2.97365e+06	2.76400e+06	2.39142e+06	1.81370e+06
3.04780e+06	3.08495e+06	2.90048e+06	2.69077e+06	2.32427e+06	1.75959e+06
2.99901e+06	3.05749e+06	2.86320e+06	2.65544e+06	2.29094e+06	1.73410e+06
2.99901e+06	3.05749e+06	2.86320e+06	2.65544e+06	2.29094e+06	1.73410e+06
2.99713e+06	3.01966e+06	2.82532e+06	2.61842e+06	2.25707e+06	1.70642e+06
2.99713e+06	3.01966e+06	2.82532e+06	2.61842e+06	2.25707e+06	1.70642e+06
2.99713e+06	3.01966e+06	2.82532e+06	2.61842e+06	2.25707e+06	1.70642e+06
2.87934e+06	2.98388e+06	2.79730e+06	2.58364e+06	2.22304e+06	1.67977e+06
2.87934e+06	2.98388e+06	2.79730e+06	2.58364e+06	2.22304e+06	1.67977e+06
2.87934e+06	2.98388e+06	2.79730e+06	2.58364e+06	2.22304e+06	1.67977e+06
2.87934e+06	2.98388e+06	2.79730e+06	2.58364e+06	2.22304e+06	1.67977e+06
2.84438e+06	2.95180e+06	2.75863e+06	2.54711e+06	2.18768e+06	1.64864e+06
2.84438e+06	2.95180e+06	2.75863e+06	2.54711e+06	2.18768e+06	1.64864e+06
2.84438e+06	2.95180e+06	2.75863e+06	2.54711e+06	2.18768e+06	1.64864e+06
2.84438e+06	2.95180e+06	2.75863e+06	2.54711e+06	2.18768e+06	1.64864e+06
2.84438e+06	2.95180e+06	2.75863e+06	2.54711e+06	2.18768e+06	1.64864e+06
2.84438e+06	2.95180e+06	2.75863e+06	2.54711e+06	2.18768e+06	1.64864e+06
2.84438e+06	2.95180e+06	2.75863e+06	2.54711e+06	2.18768e+06	1.64864e+06
2.80841e+06	2.92561e+06	2.71643e+06	2.51173e+06	2.15432e+06	1.62336e+06
2.80959e+06	2.88309e+06	2.68137e+06	2.47567e+06	2.12119e+06	1.59896e+06
2.80959e+06	2.88309e+06	2.68137e+06	2.47567e+06	2.12119e+06	1.59896e+06
2.80959e+06	2.88309e+06	2.68137e+06	2.47567e+06	2.12119e+06	1.59896e+06
2.80959e+06	2.88309e+06	2.68137e+06	2.47567e+06	2.12119e+06	1.59896e+06
2.80959e+06	2.88309e+06	2.68137e+06	2.47567e+06	2.12119e+06	1.59896e+06
2.80959e+06	2.88309e+06	2.68137e+06	2.47567e+06	2.12119e+06	1.59896e+06
2.80959e+06	2.88309e+06	2.68137e+06	2.47567e+06	2.12119e+06	1.59896e+06
2.80959e+06	2.88309e+06	2.68137e+06	2.47567e+06	2.12119e+06	1.59896e+06
2.80959e+06	2.88309e+06	2.68137e+06	2.47567e+06	2.12119e+06	1.59896e+06
2.80465e+06	2.84967e+06	2.64174e+06	2.43842e+06	2.08529e+06	1.56675e+06
2.80465e+06	2.84967e+06	2.64174e+06	2.43842e+06	2.08529e+06	1.56675e+06
2.67497e+06	2.69775e+06	2.49220e+06	2.30725e+06	1.99192e+06	1.51907e+06
2.67497e+06	2.69775e+06	2.49220e+06	2.30725e+06	1.99192e+06	1.51907e+06
2.65899e+06	2.66459e+06	2.45253e+06	2.27086e+06	1.95915e+06	1.49551e+06
2.65899e+06	2.66459e+06	2.45253e+06	2.27086e+06	1.95915e+06	1.49551e+06
2.65899e+06	2.66459e+06	2.45253e+06	2.27086e+06	1.95915e+06	1.49551e+06
2.65899e+06	2.66459e+06	2.45253e+06	2.27086e+06	1.95915e+06	1.49551e+06
2.65899e+06	2.66459e+06	2.45253e+06	2.27086e+06	1.95915e+06	1.49551e+06
2.65899e+06	2.66459e+06	2.45253e+06	2.27086e+06	1.95915e+06	1.49551e+06
2.65899e+06	2.66459e+06	2.45253e+06	2.27086e+06	1.95915e+06	1.49551e+06
2.65899e+06	2.66459e+06	2.45253e+06	2.27086e+06	1.95915e+06	1.49551e+06
2.49580e+06	2.50822e+06	2.35858e+06	2.25580e+06	1.92197e+06	1.47219e+06
2.49580e+06	2.50822e+06	2.35858e+06	2.25580e+06	1.92197e+06	1.47219e+06
2.49580e+06	2.50822e+06	2.35858e+06	2.25580e+06	1.92197e+06	1.47219e+06
2.49580e+06	2.50822e+06	2.35858e+06	2.25580e+06	1.92197e+06	1.47219e+06
2.49580e+06	2.50822e+06	2.35858e+06	2.25580e+06	1.92197e+06	1.47219e+06
2.49580e+06	2.50822e+06	2.35858e+06	2.25580e+06	1.92197e+06	1.47219e+06
2.49580e+06	2.50822e+06	2.35858e+06	2.25580e+06	1.92197e+06	1.47219e+06
2.49580e+06	2.50822e+06	2.35858e+06	2.25580e+06	1.92197e+06	1.47219e+06
2.49580e+06	2.50822e+06	2.35858e+06	2.25580e+06	1.92197e+06	1.47219e+06
2.45603e+06	2.46277e+06	2.32224e+06	2.21862e+06	1.88893e+06	1.44884e+06
2.45603e+06	2.46277e+06	2.32224e+06	2.21862e+06	1.88893e+06	1.44884e+06
2.45603e+06	2.46277e+06	2.32224e+06	2.21862e+06	1.88893e+06	1.44884e+06
2.45603e+06	2.46277e+06	2.32224e+06	2.21862e+06	1.88893e+06	1.44884e+06
2.45603e+06	2.46277e+06	2.32224e+06	2.21862e+06	1.88893e+06	1.44884e+06
2.45603e+06	2.46277e+06	2.32224e+06	2.21862e+06	1.88893e+06	1.44884e+06
2.45603e+06	2.46277e+06	2.32224e+06	2.21862e+06	1.88893e+06	1.44884e+06
2.45603e+06	2.46277e+06	2.32224e+06	2.21862e+06	1.88893e+06	1.44884e+06
2.45603e+06	2.46277e+06	2.32224e+06	2.21862e+06	1.88893e+06	1.44884e+06
2.45603e+06	2.46277e+06	2.32224e+06	2.21862e+06	1.88893e+06	1.44884e+06
2.42252e+06	2.38147e+06	2.24443e+06	2.14360e+06	1.81730e+06	1.38805e+06
2.42252e+06	2.38147e+06	2.24443e+06	2.14360e+06	1.81730e+06	1.38805e+06
2.33760e+06	2.34274e+06	2.21889e+06	2.10408e+06	1.78284e+06	1.35938e+06
2.29518e+06	2.26222e+06	2.14265e+06	2.02849e+06	1.71157e+06	1.29991e+06
2.29518e+06	2.26222e+06	2.14265e+06	2.02849e+06	1.71157e+06	1.29991e+06
2.29518e+06	2.26222e+06	2.14265e+06	2.02849e+06	1.71157e+06	1.29991e+06
2.29518e+06	2.26222e+06	2.14265e+06	2.02849e+06	1.71157e+06	1.29991e+06
2.27215e+06	2.22405e+06	2.10295e+06	1.99046e+06	1.67666e+06	1.27197e+06
2.27215e+06	2.22405e+06	2.10295e+06	1.99046e+06	1.67666e+06	1.27197e+06
2.27215e+06	2.22405e+06	2.10295e+06	1.99046e+06	1.67666e+06	1.27197e+06
2.27215e+06	2.22405e+06	2.10295e+06	1.99046e+06	1.67666e+06	1.27197e+06
2.22068e+06	2.18743e+06	2.06558e+06	1.95220e+06	1.64057e+06	1.24182e+06
2.22068e+06	2.18743e+06	2.06558e+06	1.95220e+06	1.64057e+06	1.24182e+06
2.22068e+06	2.18743e+06	2.06558e+06	1.95220e+06	1.64057e+06	1.24182e+06
2.22068e+06	2.18743e+06	2.06558e+06	1.95220e+06	1.64057e+06	1.24182e+06
2.22068e+06	2.18743e+06	2.06558e+06	1.95220e+06	1.64057e+06	1.24182e+06
2.19490e+06	2.14553e+06	2.02752e+06	1.91391e+06	1.60397e+06	1.21001e+06
2.19490e+06	2.14553e+06	2.02752e+06	1.91391e+06	1.60397e+06	1.21001e+06
2.19490e+06	2.14553e+06	2.02752e+06	1.91391e+06	1.60397e+06	1.21001e+06
2.19490e+06	2.14553e+06	2.02752e+06	1.91391e+06	1.60397e+06	1.21001e+06
2.19490e+06	2.14553e+06	2.02752e+06	1.91391e+06	1.60397e+06	1.21001e+06
2.19490e+06	2.14553e+06	2.02752e+06	1.91391e+06	1.60397e+06	1.21001e+06
2.19490e+06	2.14553e+06	2.02752e+06	1.91391e+06	1.60397e+06	1.21001e+06
2.19490e+06	2.14553e+06	2.02752e+06	1.91391e+06	1.60397e+06	1.21001e+06
2.19490e+06	2.14553e+06	2.02752e+06	1.91391e+06	1.60397e+06	1.21001e+06
2.19490e+06	2.14553e+06	2.02752e+06	1.91391e+06	1.60397e+06	1.21001e+06
2.19490e+06	2.14553e+06	2.02752e+06	1.91391e+06	1.60397e+06	1.21001e+06
2.19490e+06	2.14553e+06	2.02752e+06	1.91391e+06	1.60397e+06	1.21001e+06
2.19490e+06	2.14553e+06	2.02752e+06	1.91391e+06	1.60397e+06	1.21001e+06
2.19490e+06	2.14553e+06	2.02752e+06	1.91391e+06	1.60397e+06	1.21001e+06
2.19490e+06	2.14553e+06	2.02752e+06	1.91391e+06	1.60397e+06	1.21001e+06
2.19490e+06	2.14553e+06	2.02752e+06	1.91391e+06	1.60397e+06	1.21001e+06
2.19490e+06	2.14553e+06	2.02752e+06	1.91391e+06	1.60397e+06	1.21001e+06
2.19490e+06	2.14553e+06	2.02752e+06	1.91391e+06	1.60397e+06	1.21001e+06
2.19490e+06	2.14553e+06	2.02752e+06	1.91391e+06	1.60397e+06	1.21001e+06
2.19490e+06	2.14553e+06	2.02752e+06	1.91391e+06	1.60397e+06	1.21001e+06
2.10411e+06	2.02700e+06	1.92614e+06	1.84994e+06	1.57917e+06	1.17471e+06
2.10411e+06	2.02700e+06	1.92614e+06	1.84994e+06	1.57917e+06	1.17471e+06
2.10411e+06	2.02700e+06	1.92614e+06	1.84994e+06	1.57917e+06	1.17471e+06
2.10411e+06	2.02700e+06	1.92614e+06	1.84994e+06	1.57917e+06	1.17471e+06
2.03140e+06	2.00401e+06	1.88443e+06	1.81302e+06	1.54378e+06	1.14761e+06
2.03140e+06	2.00401e+06	1.88443e+06	1.81302e+06	1.54378e+06	1.14761e+06
2.03140e+06	2.00401e+06	1.88443e+06	1.81302e+06	1.54378e+06	1.14761e+06
2.03140e+06	2.00401e+06	1.88443e+06	1.81302e+06	1.54378e+06	1.14761e+06
2.03140e+06	2.00401e+06	1.88443e+06	1.81302e+06	1.54378e+06	1.14761e+06
2.03140e+06	2.00401e+06	1.88443e+06	1.81302e+06	1.54378e+06	1.14761e+06
2.03140e+06	2.00401e+06	1.88443e+06	1.81302e+06	1.54378e+06	1.14761e+06
2.03140e+06	2.00401e+06	1.88443e+06	1.81302e+06	1.54378e+06	1.14761e+06
2.03140e+06	2.00401e+06	1.88443e+06	1.81302e+06	1.54378e+06	1.14761e+06
2.03140e+06	2.00401e+06	1.88443e+06	1.81302e+06	1.54378e+06	1.14761e+06
1.97765e+06	1.96400e+06	1.84406e+06	1.77379e+06	1.50630e+06	1.11458e+06
1.97765e+06	1.96400e+06	1.84406e+06	1.77379e+06	1.50630e+06	1.11458e+06
1.97765e+06	1.96400e+06	1.84406e+06	1.77379e+06	1.50630e+06	1.11458e+06
1.97765e+06	1.96400e+06	1.84406e+06	1.77379e+06	1.50630e+06	1.11458e+06
2.00113e+06	1.91404e+06	1.80352e+06	1.73548e+06	1.46825e+06	1.08040e+06
1.83807e+06	1.83684e+06	1.79115e+06	1.69033e+06	1.43518e+06	1.05398e+06
1.83807e+06	1.83684e+06	1.79115e+06	1.69033e+06	1.43518e+06	1.05398e+06
1.80480e+06	1.79738e+06	1.75137e+06	1.65073e+06	1.39770e+06	1.02115e+06
1.80480e+06	1.79738e+06	1.75137e+06	1.65073e+06	1.39770e+06	1.02115e+06
1.80480e+06	1.79738e+06	1.75137e+06	1.65073e+06	1.39770e+06	1.02115e+06
1.80480e+06	1.79738e+06	1.75137e+06	1.65073e+06	1.39770e+06	1.02115e+06
1.80480e+06	1.79738e+06	1.75137e+06	1.65073e+06	1.39770e+06	1.02115e+06
1.80480e+06	1.79738e+06	1.75137e+06	1.65073e+06	1.39770e+06	1.02115e+06
1.80480e+06	1.79738e+06	1.75137e+06	1.65073e+06	1.39770e+06	1.02115e+06
1.80480e+06	1.79738e+06	1.75137e+06	1.65073e+06	1.39770e+06	1.02115e+06
1.80480e+06	1.79738e+06	1.75137e+06	1.65073e+06	1.39770e+06	1.02115e+06
1.80480e+06	1.79738e+06	1.75137e+06	1.65073e+06	1.39770e+06	1.02115e+06
1.80480e+06	1.79738e+06	1.75137e+06	1.65073e+06	1.39770e+06	1.02115e+06
1.80480e+06	1.79738e+06	1.75137e+06	1.65073e+06	1.39770e+06	1.02115e+06
1.80480e+06	1.79738e+06	1.75137e+06	1.65073e+06	1.39770e+06	1.02115e+06
1.80480e+06	1.79738e+06	1.75137e+06	1.65073e+06	1.39770e+06	1.02115e+06
1.80480e+06	1.79738e+06	1.75137e+06	1.65073e+06	1.39770e+06	1.02115e+06
1.80480e+06	1.79738e+06	1.75137e+06	1.65073e+06	1.39770e+06	1.02115e+06
1.80480e+06	1.79738e+06	1.75137e+06	1.65073e+06	1.39770e+06	1.02115e+06
1.80480e+06	1.79738e+06	1.75137e+06	1.65073e+06	1.39770e+06	1.02115e+06
1.80480e+06	1.79738e+06	1.75137e+06	1.65073e+06	1.39770e+06	1.02115e+06
1.80480e+06	1.79738e+06	1.75137e+06	1.65073e+06	1.39770e+06	1.02115e+06
1.80480e+06	1.79738e+06	1.75137e+06	1.65073e+06	1.39770e+06	1.02115e+06
1.80480e+06	1.79738e+06	1.75137e+06	1.65073e+06	1.39770e+06	1.02115e+06
1.80480e+06	1.79738e+06	1.75137e+06	1.65073e+06	1.39770e+06	1.02115e+06
1.80480e+06	1.79738e+06	1.75137e+06	1.65073e+06	1.39770e+06	1.02115e+06
1.80480e+06	1.79738e+06	1.75137e+06	1.65073e+06	1.39770e+06	1.02115e+06
1.80480e+06	1.79738e+06	1.75137e+06	1.65073e+06	1.39770e+06	1.02115e+06
1.80480e+06	1.79738e+06	1.75137e+06	1.65073e+06	1.39770e+06	1.02115e+06
1.80480e+06	1.79738e+06	1.75137e+06	1.65073e+06	1.39770e+06	1.02115e+06
1.80480e+06	1.79738e+06	1.75137e+06	1.65073e+06	1.39770e+06	1.02115e+06
1.80480e+06	1.79738e+06	1.75137e+06	1.65073e+06	1.39770e+06	1.02115e+06
1.80480e+06	1.79738e+06	1.75137e+06	1.65073e+06	1.39770e+06	1.02115e+06
1.80480e+06	1.79738e+06	1.75137e+06	1.65073e+06	1.39770e+06	1.02115e+06
1.80480e+06	1.79738e+06	1.75137e+06	1.65073e+06	1.39770e+06	1.02115e+06
1.80480e+06	1.79738e+06	1.75137e+06	1.65073e+06	1.39770e+06	1.02115e+06
1.80480e+06	1.79738e+06	1.75137e+06	1.65073e+06	1.39770e+06	1.02115e+06
1.80480e+06	1.79738e+06	1.75137e+06	1.65073e+06	1.39770e+06	1.02115e+06
1.80480e+06	1.79738e+06	1.75137e+06	1.65073e+06	1.39770e+06	1.02115e+06
1.80480e+06	1.79738e+06	1.75137e+06	1.65073e+06	1.39770e+06	1.02115e+06
1.74635e+06	1.75739e+06	1.71089e+06	1.61100e+06	1.36130e+06	9.92902e+05
1.74635e+06	1.75739e+06	1.71089e+06	1.61100e+06	1.36130e+06	9.92902e+05
1.74635e+06	1.75739e+06	1.71089e+06	1.61100e+06	1.36130e+06	9.92902e+05
1.74635e+06	1.75739e+06	1.71089e+06	1.61100e+06	1.36130e+06	9.92902e+05
1.74635e+06	1.75739e+06	1.71089e+06	1.61100e+06	1.36130e+06	9.92902e+05
1.74635e+06	1.75739e+06	1.71089e+06	1.61100e+06	1.36130e+06	9.92902e+05
1.70156e+06	1.71821e+06	1.67038e+06	1.57126e+06	1.32509e+06	9.65245e+05
1.70156e+06	1.71821e+06	1.67038e+06	1.57126e+06	1.32509e+06	9.65245e+05
1.70156e+06	1.71821e+06	1.67038e+06	1.57126e+06	1.32509e+06	9.65245e+05
1.70156e+06	1.71821e+06	1.67038e+06	1.57126e+06	1.32509e+06	9.65245e+05
1.70156e+06	1.71821e+06	1.67038e+06	1.57126e+06	1.32509e+06	9.65245e+05
1.70156e+06	1.71821e+06	1.67038e+06	1.57126e+06	1.32509e+06	9.65245e+05
1.70156e+06	1.71821e+06	1.67038e+06	1.57126e+06	1.32509e+06	9.65245e+05
1.70156e+06	1.71821e+06	1.67038e+06	1.57126e+06	1.32509e+06	9.65245e+05
1.70156e+06	1.71821e+06	1.67038e+06	1.57126e+06	1.32509e+06	9.65245e+05
1.70156e+06	1.71821e+06	1.67038e+06	1.57126e+06	1.32509e+06	9.65245e+05
1.70156e+06	1.71821e+06	1.67038e+06	1.57126e+06	1.32509e+06	9.65245e+05
1.70156e+06	1.71821e+06	1.67038e+06	1.57126e+06	1.32509e+06	9.65245e+05
1.70156e+06	1.71821e+06	1.67038e+06	1.57126e+06	1.32509e+06	9.65245e+05
1.70156e+06	1.71821e+06	1.67038e+06	1.57126e+06	1.32509e+06	9.65245e+05
1.70156e+06	1.71821e+06	1.67038e+06	1.57126e+06	1.32509e+06	9.65245e+05
1.70156e+06	1.71821e+06	1.67038e+06	1.57126e+06	1.32509e+06	9.65245e+05
1.57924e+06	1.59408e+06	1.55122e+06	1.47145e+06	1.26632e+06	9.46771e+05
1.55255e+06	1.55333e+06	1.51146e+06	1.43229e+06	1.22857e+06	9.15908e+05
1.55255e+06	1.55333e+06	1.51146e+06	1.43229e+06	1.22857e+06	9.15908e+05
1.55255e+06	1.55333e+06	1.51146e+06	1.43229e+06	1.22857e+06	9.15908e+05
1.55255e+06	1.55333e+06	1.51146e+06	1.43229e+06	1.22857e+06	9.15908e+05
1.55255e+06	1.55333e+06	1.51146e+06	1.43229e+06	1.22857e+06	9.15908e+05
1.55255e+06	1.55333e+06	1.51146e+06	1.43229e+06	1.22857e+06	9.15908e+05
1.55255e+06	1.55333e+06	1.51146e+06	1.43229e+06	1.22857e+06	9.15908e+05
1.55255e+06	1.55333e+06	1.51146e+06	1.43229e+06	1.22857e+06	9.15908e+05
1.55255e+06	1.55333e+06	1.51146e+06	1.43229e+06	1.22857e+06	9.15908e+05
1.55255e+06	1.55333e+06	1.51146e+06	1.43229e+06	1.22857e+06	9.15908e+05
1.55255e+06	1.55333e+06	1.51146e+06	1.43229e+06	1.22857e+06	9.15908e+05
1.55255e+06	1.55333e+06	1.51146e+06	1.43229e+06	1.22857e+06	9.15908e+05
1.55255e+06	1.55333e+06	1.51146e+06	1.43229e+06	1.22857e+06	9.15908e+05
1.55255e+06	1.55333e+06	1.51146e+06	1.43229e+06	1.22857e+06	9.15908e+05
1.55255e+06	1.55333e+06	1.51146e+06	1.43229e+06	1.22857e+06	9.15908e+05
1.55255e+06	1.55333e+06	1.51146e+06	1.43229e+06	1.22857e+06	9.15908e+05
1.55255e+06	1.55333e+06	1.51146e+06	1.43229e+06	1.22857e+06	9.15908e+05
1.55255e+06	1.55333e+06	1.51146e+06	1.43229e+06	1.22857e+06	9.15908e+05
1.55255e+06	1.55333e+06	1.51146e+06	1.43229e+06	1.22857e+06	9.15908e+05
1.55255e+06	1.55333e+06	1.51146e+06	1.43229e+06	1.22857e+06	9.15908e+05
1.55255e+06	1.55333e+06	1.51146e+06	1.43229e+06	1.22857e+06	9.15908e+05
1.55255e+06	1.55333e+06	1.51146e+06	1.43229e+06	1.22857e+06	9.15908e+05
1.55255e+06	1.55333e+06	1.51146e+06	1.43229e+06	1.22857e+06	9.15908e+05
1.55255e+06	1.55333e+06	1.51146e+06	1.43229e+06	1.22857e+06	9.15908e+05
1.55255e+06	1.55333e+06	1.51146e+06	1.43229e+06	1.22857e+06	9.15908e+05
1.55255e+06	1.55333e+06	1.51146e+06	1.43229e+06	1.22857e+06	9.15908e+05
1.55255e+06	1.55333e+06	1.51146e+06	1.43229e+06	1.22857e+06	9.15908e+05
1.55255e+06	1.55333e+06	1.51146e+06	1.43229e+06	1.22857e+06	9.15908e+05
1.55255e+06	1.55333e+06	1.51146e+06	1.43229e+06	1.22857e+06	9.15908e+05
1.55255e+06	1.55333e+06	1.51146e+06	1.43229e+06	1.22857e+06	9.15908e+05
1.55255e+06	1.55333e+06	1.51146e+06	1.43229e+06	1.22857e+06	9.15908e+05
1.55255e+06	1.55333e+06	1.51146e+06	1.43229e+06	1.22857e+06	9.15908e+05
1.55255e+06	1.55333e+06	1.51146e+06	1.43229e+06	1.22857e+06	9.15908e+05
1.55255e+06	1.55333e+06	1.51146e+06	1.43229e+06	1.22857e+06	9.15908e+05
1.55255e+06	1.55333e+06	1.51146e+06	1.43229e+06	1.22857e+06	9.15908e+05
1.55255e+06	1.55333e+06	1.51146e+06	1.43229e+06	1.22857e+06	9.15908e+05
1.55255e+06	1.55333e+06	1.51146e+06	1.43229e+06	1.22857e+06	9.15908e+05
1.55255e+06	1.55333e+06	1.51146e+06	1.43229e+06	1.22857e+06	9.15908e+05
1.55255e+06	1.55333e+06	1.51146e+06	1.43229e+06	1.22857e+06	9.15908e+05
1.55255e+06	1.55333e+06	1.51146e+06	1.43229e+06	1.22857e+06	9.15908e+05
1.55255e+06	1.55333e+06	1.51146e+06	1.43229e+06	1.22857e+06	9.15908e+05
1.55255e+06	1.55333e+06	1.51146e+06	1.43229e+06	1.22857e+06	9.15908e+05
1.55255e+06	1.55333e+06	1.51146e+06	1.43229e+06	1.22857e+06	9.15908e+05
1.55255e+06	1.55333e+06	1.51146e+06	1.43229e+06	1.22857e+06	9.15908e+05
1.55255e+06	1.55333e+06	1.51146e+06	1.43229e+06	1.22857e+06	9.15908e+05
1.55255e+06	1.55333e+06	1.51146e+06	1.43229e+06	1.22857e+06	9.15908e+05
1.55255e+06	1.55333e+06	1.51146e+06	1.43229e+06	1.22857e+06	9.15908e+05
1.55255e+06	1.55333e+06	1.51146e+06	1.43229e+06	1.22857e+06	9.15908e+05
1.55255e+06	1.55333e+06	1.51146e+06	1.43229e+06	1.22857e+06	9.15908e+05
1.55255e+06	1.55333e+06	1.51146e+06	1.43229e+06	1.22857e+06	9.15908e+05
1.55255e+06	1.55333e+06	1.51146e+06	1.43229e+06	1.22857e+06	9.15908e+05
1.55255e+06	1.55333e+06	1.51146e+06	1.43229e+06	1.22857e+06	9.15908e+05
1.50703e+06	1.51358e+06	1.46962e+06	1.39202e+06	1.19187e+06	8.88777e+05
1.50703e+06	1.51358e+06	1.46962e+06	1.39202e+06	1.19187e+06	8.88777e+05
1.50703e+06	1.51358e+06	1.46962e+06	1.39202e+06	1.19187e+06	8.88777e+05
1.50703e+06	1.51358e+06	1.46962e+06	1.39202e+06	1.19187e+06	8.88777e+05
1.50703e+06	1.51358e+06	1.46962e+06	1.39202e+06	1.19187e+06	8.88777e+05
1.50703e+06	1.51358e+06	1.46962e+06	1.39202e+06	1.19187e+06	8.88777e+05
1.44169e+06	1.47357e+06	1.42787e+06	1.35130e+06	1.15394e+06	8.58992e+05
1.44169e+06	1.47357e+06	1.42787e+06	1.35130e+06	1.15394e+06	8.58992e+05
1.44169e+06	1.47357e+06	1.42787e+06	1.35130e+06	1.15394e+06	8.58992e+05
1.44169e+06	1.47357e+06	1.42787e+06	1.35130e+06	1.15394e+06	8.58992e+05
1.44169e+06	1.47357e+06	1.42787e+06	1.35130e+06	1.15394e+06	8.58992e+05
1.44169e+06	1.47357e+06	1.42787e+06	1.35130e+06	1.15394e+06	8.58992e+05
1.44820e+06	1.42101e+06	1.38518e+06	1.31132e+06	1.11680e+06	8.31475e+05
1.44820e+06	1.42101e+06	1.38518e+06	1.31132e+06	1.11680e+06	8.31475e+05
1.44820e+06	1.42101e+06	1.38518e+06	1.31132e+06	1.11680e+06	8.31475e+05
1.44820e+06	1.42101e+06	1.38518e+06	1.31132e+06	1.11680e+06	8.31475e+05
1.44820e+06	1.42101e+06	1.38518e+06	1.31132e+06	1.11680e+06	8.31475e+05
1.44820e+06	1.42101e+06	1.38518e+06	1.31132e+06	1.11680e+06	8.31475e+05
1.44820e+06	1.42101e+06	1.38518e+06	1.31132e+06	1.11680e+06	8.31475e+05
1.44820e+06	1.42101e+06	1.38518e+06	1.31132e+06	1.11680e+06	8.31475e+05
1.41900e+06	1.37932e+06	1.34311e+06	1.27057e+06	1.07942e+06	8.03503e+05
1.41900e+06	1.37932e+06	1.34311e+06	1.27057e+06	1.07942e+06	8.03503e+05
1.41900e+06	1.37932e+06	1.34311e+06	1.27057e+06	1.07942e+06	8.03503e+05
1.39219e+06	1.33630e+06	1.30135e+06	1.22935e+06	1.04104e+06	7.72900e+05
1.39219e+06	1.33630e+06	1.30135e+06	1.22935e+06	1.04104e+06	7.72900e+05
1.39219e+06	1.33630e+06	1.30135e+06	1.22935e+06	1.04104e+06	7.72900e+05
1.39219e+06	1.33630e+06	1.30135e+06	1.22935e+06	1.04104e+06	7.72900e+05
1.39219e+06	1.33630e+06	1.30135e+06	1.22935e+06	1.04104e+06	7.72900e+05
1.39219e+06	1.33630e+06	1.30135e+06	1.22935e+06	1.04104e+06	7.72900e+05
1.39219e+06	1.33630e+06	1.30135e+06	1.22935e+06	1.04104e+06	7.72900e+05
1.39219e+06	1.33630e+06	1.30135e+06	1.22935e+06	1.04104e+06	7.72900e+05
1.39219e+06	1.33630e+06	1.30135e+06	1.22935e+06	1.04104e+06	7.72900e+05
1.39219e+06	1.33630e+06	1.30135e+06	1.22935e+06	1.04104e+06	7.72900e+05
1.39219e+06	1.33630e+06	1.30135e+06	1.22935e+06	1.04104e+06	7.72900e+05
1.25352e+06	1.21540e+06	1.19002e+06	1.14788e+06	1.00738e+06	7.47303e+05
1.25352e+06	1.21540e+06	1.19002e+06	1.14788e+06	1.00738e+06	7.47303e+05
1.25352e+06	1.21540e+06	1.19002e+06	1.14788e+06	1.00738e+06	7.47303e+05
1.25352e+06	1.21540e+06	1.19002e+06	1.14788e+06	1.00738e+06	7.47303e+05
1.25352e+06	1.21540e+06	1.19002e+06	1.14788e+06	1.00738e+06	7.47303e+05
1.25352e+06	1.21540e+06	1.19002e+06	1.14788e+06	1.00738e+06	7.47303e+05
1.25352e+06	1.21540e+06	1.19002e+06	1.14788e+06	1.00738e+06	7.47303e+05
1.25352e+06	1.21540e+06	1.19002e+06	1.14788e+06	1.00738e+06	7.47303e+05
1.25352e+06	1.21540e+06	1.19002e+06	1.14788e+06	1.00738e+06	7.47303e+05
1.21719e+06	1.17202e+06	1.14678e+06	1.10625e+06	9.68941e+05	7.16487e+05
1.21719e+06	1.17202e+06	1.14678e+06	1.10625e+06	9.68941e+05	7.16487e+05
1.21719e+06	1.17202e+06	1.14678e+06	1.10625e+06	9.68941e+05	7.16487e+05
1.21719e+06	1.17202e+06	1.14678e+06	1.10625e+06	9.68941e+05	7.16487e+05
1.21719e+06	1.17202e+06	1.14678e+06	1.10625e+06	9.68941e+05	7.16487e+05
1.21719e+06	1.17202e+06	1.14678e+06	1.10625e+06	9.68941e+05	7.16487e+05
1.21719e+06	1.17202e+06	1.14678e+06	1.10625e+06	9.68941e+05	7.16487e+05
1.21719e+06	1.17202e+06	1.14678e+06	1.10625e+06	9.68941e+05	7.16487e+05
1.21719e+06	1.17202e+06	1.14678e+06	1.10625e+06	9.68941e+05	7.16487e+05
1.21719e+06	1.17202e+06	1.14678e+06	1.10625e+06	9.68941e+05	7.16487e+05
1.21719e+06	1.17202e+06	1.14678e+06	1.10625e+06	9.68941e+05	7.16487e+05
1.21719e+06	1.17202e+06	1.14678e+06	1.10625e+06	9.68941e+05	7.16487e+05
1.21719e+06	1.17202e+06	1.14678e+06	1.10625e+06	9.68941e+05	7.16487e+05
1.16217e+06	1.13069e+06	1.10409e+06	1.06459e+06	9.30210e+05	6.85794e+05
1.16217e+06	1.13069e+06	1.10409e+06	1.06459e+06	9.30210e+05	6.85794e+05
1.16217e+06	1.13069e+06	1.10409e+06	1.06459e+06	9.30210e+05	6.85794e+05
1.16217e+06	1.13069e+06	1.10409e+06	1.06459e+06	9.30210e+05	6.85794e+05
1.16217e+06	1.13069e+06	1.10409e+06	1.06459e+06	9.30210e+05	6.85794e+05
1.16217e+06	1.13069e+06	1.10409e+06	1.06459e+06	9.30210e+05	6.85794e+05
1.16217e+06	1.13069e+06	1.10409e+06	1.06459e+06	9.30210e+05	6.85794e+05
1.16217e+06	1.13069e+06	1.10409e+06	1.06459e+06	9.30210e+05	6.85794e+05
1.16217e+06	1.13069e+06	1.10409e+06	1.06459e+06	9.30210e+05	6.85794e+05
1.16217e+06	1.13069e+06	1.10409e+06	1.06459e+06	9.30210e+05	6.85794e+05
1.16217e+06	1.13069e+06	1.10409e+06	1.06459e+06	9.30210e+05	6.85794e+05
1.16217e+06	1.13069e+06	1.10409e+06	1.06459e+06	9.30210e+05	6.85794e+05
1.16217e+06	1.13069e+06	1.10409e+06	1.06459e+06	9.30210e+05	6.85794e+05
1.16217e+06	1.13069e+06	1.10409e+06	1.06459e+06	9.30210e+05	6.85794e+05
1.16217e+06	1.13069e+06	1.10409e+06	1.06459e+06	9.30210e+05	6.85794e+05
1.16217e+06	1.13069e+06	1.10409e+06	1.06459e+06	9.30210e+05	6.85794e+05
1.16217e+06	1.13069e+06	1.10409e+06	1.06459e+06	9.30210e+05	6.85794e+05
1.16217e+06	1.13069e+06	1.10409e+06	1.06459e+06	9.30210e+05	6.85794e+05
1.16217e+06	1.13069e+06	1.10409e+06	1.06459e+06	9.30210e+05	6.85794e+05
1.16217e+06	1.13069e+06	1.10409e+06	1.06459e+06	9.30210e+05	6.85794e+05
1.16217e+06	1.13069e+06	1.10409e+06	1.06459e+06	9.30210e+05	6.85794e+05
1.16217e+06	1.13069e+06	1.10409e+06	1.06459e+06	9.30210e+05	6.85794e+05
1.16217e+06	1.13069e+06	1.10409e+06	1.06459e+06	9.30210e+05	6.85794e+05
1.16217e+06	1.13069e+06	1.10409e+06	1.06459e+06	9.30210e+05	6.85794e+05
1.16217e+06	1.13069e+06	1.10409e+06	1.06459e+06	9.30210e+05	6.85794e+05
1.16217e+06	1.13069e+06	1.10409e+06	1.06459e+06	9.30210e+05	6.85794e+05
1.16217e+06	1.13069e+06	1.10409e+06	1.06459e+06	9.30210e+05	6.85794e+05
1.13017e+06	1.08751e+06	1.06148e+06	1.02275e+06	8.90810e+05	6.53508e+05
1.13017e+06	1.08751e+06	1.06148e+06	1.02275e+06	8.90810e+05	6.53508e+05
1.13017e+06	1.08751e+06	1.06148e+06	1.02275e+06	8.90810e+05	6.53508e+05
1.13017e+06	1.08751e+06	1.06148e+06	1.02275e+06	8.90810e+05	6.53508e+05
1.13017e+06	1.08751e+06	1.06148e+06	1.02275e+06	8.90810e+05	6.53508e+05
1.01233e+06	9.58023e+05	9.38046e+05	9.16878e+05	8.26497e+05	6.34826e+05
1.01233e+06	9.58023e+05	9.38046e+05	9.16878e+05	8.26497e+05	6.34826e+05
1.01233e+06	9.58023e+05	9.38046e+05	9.16878e+05	8.26497e+05	6.34826e+05
1.01233e+06	9.58023e+05	9.38046e+05	9.16878e+05	8.26497e+05	6.34826e+05
1.01233e+06	9.58023e+05	9.38046e+05	9.16878e+05	8.26497e+05	6.34826e+05
1.01233e+06	9.58023e+05	9.38046e+05	9.16878e+05	8.26497e+05	6.34826e+05
1.01233e+06	9.58023e+05	9.38046e+05	9.16878e+05	8.26497e+05	6.34826e+05
1.01233e+06	9.58023e+05	9.38046e+05	9.16878e+05	8.26497e+05	6.34826e+05
1.01233e+06	9.58023e+05	9.38046e+05	9.16878e+05	8.26497e+05	6.34826e+05
9.67758e+05	9.12928e+05	8.95176e+05	8.75293e+05	7.88696e+05	6.07299e+05
9.46970e+05	8.65534e+05	8.53841e+05	8.33444e+05	7.51083e+05	5.80453e+05
9.46970e+05	8.65534e+05	8.53841e+05	8.33444e+05	7.51083e+05	5.80453e+05
9.46970e+05	8.65534e+05	8.53841e+05	8.33444e+05	7.51083e+05	5.80453e+05
9.46970e+05	8.65534e+05	8.53841e+05	8.33444e+05	7.51083e+05	5.80453e+05
9.46970e+05	8.65534e+05	8.53841e+05	8.33444e+05	7.51083e+05	5.80453e+05
9.46970e+05	8.65534e+05	8.53841e+05	8.33444e+05	7.51083e+05	5.80453e+05
9.46970e+05	8.65534e+05	8.53841e+05	8.33444e+05	7.51083e+05	5.80453e+05
9.46970e+05	8.65534e+05	8.53841e+05	8.33444e+05	7.51083e+05	5.80453e+05
9.46970e+05	8.65534e+05	8.53841e+05	8.33444e+05	7.51083e+05	5.80453e+05
9.46970e+05	8.65534e+05	8.53841e+05	8.33444e+05	7.51083e+05	5.80453e+05
9.46970e+05	8.65534e+05	8.53841e+05	8.33444e+05	7.51083e+05	5.80453e+05
9.46970e+05	8.65534e+05	8.53841e+05	8.33444e+05	7.51083e+05	5.80453e+05
9.46970e+05	8.65534e+05	8.53841e+05	8.33444e+05	7.51083e+05	5.80453e+05
9.46970e+05	8.65534e+05	8.53841e+05	8.33444e+05	7.51083e+05	5.80453e+05
9.46970e+05	8.65534e+05	8.53841e+05	8.33444e+05	7.51083e+05	5.80453e+05
9.46970e+05	8.65534e+05	8.53841e+05	8.33444e+05	7.51083e+05	5.80453e+05
9.46970e+05	8.65534e+05	8.53841e+05	8.33444e+05	7.51083e+05	5.80453e+05
8.39298e+05	8.08286e+05	8.24319e+05	7.87167e+05	7.09543e+05	5.39742e+05
8.39298e+05	8.08286e+05	8.24319e+05	7.87167e+05	7.09543e+05	5.39742e+05
8.39298e+05	8.08286e+05	8.24319e+05	7.87167e+05	7.09543e+05	5.39742e+05
8.39298e+05	8.08286e+05	8.24319e+05	7.87167e+05	7.09543e+05	5.39742e+05
8.39298e+05	8.08286e+05	8.24319e+05	7.87167e+05	7.09543e+05	5.39742e+05
8.39298e+05	8.08286e+05	8.24319e+05	7.87167e+05	7.09543e+05	5.39742e+05
8.39298e+05	8.08286e+05	8.24319e+05	7.87167e+05	7.09543e+05	5.39742e+05
7.96852e+05	7.65836e+05	7.81285e+05	7.44347e+05	6.68846e+05	5.04930e+05
7.96852e+05	7.65836e+05	7.81285e+05	7.44347e+05	6.68846e+05	5.04930e+05
7.96852e+05	7.65836e+05	7.81285e+05	7.44347e+05	6.68846e+05	5.04930e+05
7.96852e+05	7.65836e+05	7.81285e+05	7.44347e+05	6.68846e+05	5.04930e+05
7.96852e+05	7.65836e+05	7.81285e+05	7.44347e+05	6.68846e+05	5.04930e+05
7.96852e+05	7.65836e+05	7.81285e+05	7.44347e+05	6.68846e+05	5.04930e+05
7.96852e+05	7.65836e+05	7.81285e+05	7.44347e+05	6.68846e+05	5.04930e+05
7.96852e+05	7.65836e+05	7.81285e+05	7.44347e+05	6.68846e+05	5.04930e+05
7.96852e+05	7.65836e+05	7.81285e+05	7.44347e+05	6.68846e+05	5.04930e+05
7.96852e+05	7.65836e+05	7.81285e+05	7.44347e+05	6.68846e+05	5.04930e+05
7.96852e+05	7.65836e+05	7.81285e+05	7.44347e+05	6.68846e+05	5.04930e+05
7.62392e+05	7.20338e+05	7.39890e+05	7.02129e+05	6.30318e+05	4.75837e+05
7.62392e+05	7.20338e+05	7.39890e+05	7.02129e+05	6.30318e+05	4.75837e+05
7.62392e+05	7.20338e+05	7.39890e+05	7.02129e+05	6.30318e+05	4.75837e+05
7.62392e+05	7.20338e+05	7.39890e+05	7.02129e+05	6.30318e+05	4.75837e+05
7.62392e+05	7.20338e+05	7.39890e+05	7.02129e+05	6.30318e+05	4.75837e+05
7.62392e+05	7.20338e+05	7.39890e+05	7.02129e+05	6.30318e+05	4.75837e+05
7.62392e+05	7.20338e+05	7.39890e+05	7.02129e+05	6.30318e+05	4.75837e+05
7.62392e+05	7.20338e+05	7.39890e+05	7.02129e+05	6.30318e+05	4.75837e+05
7.62392e+05	7.20338e+05	7.39890e+05	7.02129e+05	6.30318e+05	4.75837e+05
7.62392e+05	7.20338e+05	7.39890e+05	7.02129e+05	6.30318e+05	4.75837e+05
7.62392e+05	7.20338e+05	7.39890e+05	7.02129e+05	6.30318e+05	4.75837e+05
7.62392e+05	7.20338e+05	7.39890e+05	7.02129e+05	6.30318e+05	4.75837e+05
7.62392e+05	7.20338e+05	7.39890e+05	7.02129e+05	6.30318e+05	4.75837e+05
7.62392e+05	7.20338e+05	7.39890e+05	7.02129e+05	6.30318e+05	4.75837e+05
7.62392e+05	7.20338e+05	7.39890e+05	7.02129e+05	6.30318e+05	4.75837e+05
7.62392e+05	7.20338e+05	7.39890e+05	7.02129e+05	6.30318e+05	4.75837e+05
7.62392e+05	7.20338e+05	7.39890e+05	7.02129e+05	6.30318e+05	4.75837e+05
7.62392e+05	7.20338e+05	7.39890e+05	7.02129e+05	6.30318e+05	4.75837e+05
7.62392e+05	7.20338e+05	7.39890e+05	7.02129e+05	6.30318e+05	4.75837e+05
7.62392e+05	7.20338e+05	7.39890e+05	7.02129e+05	6.30318e+05	4.75837e+05
7.62392e+05	7.20338e+05	7.39890e+05	7.02129e+05	6.30318e+05	4.75837e+05
7.62392e+05	7.20338e+05	7.39890e+05	7.02129e+05	6.30318e+05	4.75837e+05
7.62392e+05	7.20338e+05	7.39890e+05	7.02129e+05	6.30318e+05	4.75837e+05
7.62392e+05	7.20338e+05	7.39890e+05	7.02129e+05	6.30318e+05	4.75837e+05
7.62392e+05	7.20338e+05	7.39890e+05	7.02129e+05	6.30318e+05	4.75837e+05
7.62392e+05	7.20338e+05	7.39890e+05	7.02129e+05	6.30318e+05	4.75837e+05
7.62392e+05	7.20338e+05	7.39890e+05	7.02129e+05	6.30318e+05	4.75837e+05
7.62392e+05	7.20338e+05	7.39890e+05	7.02129e+05	6.30318e+05	4.75837e+05
7.62392e+05	7.20338e+05	7.39890e+05	7.02129e+05	6.30318e+05	4.75837e+05
7.62392e+05	7.20338e+05	7.39890e+05	7.02129e+05	6.30318e+05	4.75837e+05
7.62392e+05	7.20338e+05	7.39890e+05	7.02129e+05	6.30318e+05	4.75837e+05
7.62392e+05	7.20338e+05	7.39890e+05	7.02129e+05	6.30318e+05	4.75837e+05
7.62392e+05	7.20338e+05	7.39890e+05	7.02129e+05	6.30318e+05	4.75837e+05
7.62392e+05	7.20338e+05	7.39890e+05	7.02129e+05	6.30318e+05	4.75837e+05
7.62392e+05	7.20338e+05	7.39890e+05	7.02129e+05	6.30318e+05	4.75837e+05
7.62392e+05	7.20338e+05	7.39890e+05	7.02129e+05	6.30318e+05	4.75837e+05
7.62392e+05	7.20338e+05	7.39890e+05	7.02129e+05	6.30318e+05	4.75837e+05
7.62392e+05	7.20338e+05	7.39890e+05	7.02129e+05	6.30318e+05	4.75837e+05
7.62392e+05	7.20338e+05	7.39890e+05	7.02129e+05	6.30318e+05	4.75837e+05
7.62392e+05	7.20338e+05	7.39890e+05	7.02129e+05	6.30318e+05	4.75837e+05
7.62392e+05	7.20338e+05	7.39890e+05	7.02129e+05	6.30318e+05	4.75837e+05
7.62392e+05	7.20338e+05	7.39890e+05	7.02129e+05	6.30318e+05	4.75837e+05
7.62392e+05	7.20338e+05	7.39890e+05	7.02129e+05	6.30318e+05	4.75837e+05
7.21142e+05	6.77493e+05	6.95628e+05	6.59157e+05	5.90940e+05	4.45649e+05
7.21142e+05	6.77493e+05	6.95628e+05	6.59157e+05	5.90940e+05	4.45649e+05
7.21142e+05	6.77493e+05	6.95628e+05	6.59157e+05	5.90940e+05	4.45649e+05
7.21142e+05	6.77493e+05	6.95628e+05	6.59157e+05	5.90940e+05	4.45649e+05
7.21142e+05	6.77493e+05	6.95628e+05	6.59157e+05	5.90940e+05	4.45649e+05
6.64983e+05	6.35232e+05	6.51223e+05	6.15485e+05	5.49008e+05	4.08862e+05
6.64983e+05	6.35232e+05	6.51223e+05	6.15485e+05	5.49008e+05	4.08862e+05
6.64983e+05	6.35232e+05	6.51223e+05	6.15485e+05	5.49008e+05	4.08862e+05
6.64983e+05	6.35232e+05	6.51223e+05	6.15485e+05	5.49008e+05	4.08862e+05
6.64983e+05	6.35232e+05	6.51223e+05	6.15485e+05	5.49008e+05	4.08862e+05
6.64983e+05	6.35232e+05	6.51223e+05	6.15485e+05	5.49008e+05	4.08862e+05
6.64983e+05	6.35232e+05	6.51223e+05	6.15485e+05	5.49008e+05	4.08862e+05
6.64983e+05	6.35232e+05	6.51223e+05	6.15485e+05	5.49008e+05	4.08862e+05
6.64983e+05	6.35232e+05	6.51223e+05	6.15485e+05	5.49008e+05	4.08862e+05
6.64983e+05	6.35232e+05	6.51223e+05	6.15485e+05	5.49008e+05	4.08862e+05
6.64983e+05	6.35232e+05	6.51223e+05	6.15485e+05	5.49008e+05	4.08862e+05
6.64983e+05	6.35232e+05	6.51223e+05	6.15485e+05	5.49008e+05	4.08862e+05
6.64983e+05	6.35232e+05	6.51223e+05	6.15485e+05	5.49008e+05	4.08862e+05
6.64983e+05	6.35232e+05	6.51223e+05	6.15485e+05	5.49008e+05	4.08862e+05
6.64983e+05	6.35232e+05	6.51223e+05	6.15485e+05	5.49008e+05	4.08862e+05
6.64983e+05	6.35232e+05	6.51223e+05	6.15485e+05	5.49008e+05	4.08862e+05
6.64983e+05	6.35232e+05	6.51223e+05	6.15485e+05	5.49008e+05	4.08862e+05
6.64983e+05	6.35232e+05	6.51223e+05	6.15485e+05	5.49008e+05	4.08862e+05
6.64983e+05	6.35232e+05	6.51223e+05	6.15485e+05	5.49008e+05	4.08862e+05
6.64983e+05	6.35232e+05	6.51223e+05	6.15485e+05	5.49008e+05	4.08862e+05
6.64983e+05	6.35232e+05	6.51223e+05	6.15485e+05	5.49008e+05	4.08862e+05
6.64983e+05	6.35232e+05	6.51223e+05	6.15485e+05	5.49008e+05	4.08862e+05
6.64983e+05	6.35232e+05	6.51223e+05	6.15485e+05	5.49008e+05	4.08862e+05
6.64983e+05	6.35232e+05	6.51223e+05	6.15485e+05	5.49008e+05	4.08862e+05
6.64983e+05	6.35232e+05	6.51223e+05	6.15485e+05	5.49008e+05	4.08862e+05
6.64983e+05	6.35232e+05	6.51223e+05	6.15485e+05	5.49008e+05	4.08862e+05
6.64983e+05	6.35232e+05	6.51223e+05	6.15485e+05	5.49008e+05	4.08862e+05
6.64983e+05	6.35232e+05	6.51223e+05	6.15485e+05	5.49008e+05	4.08862e+05
6.64983e+05	6.35232e+05	6.51223e+05	6.15485e+05	5.49008e+05	4.08862e+05
6.64983e+05	6.35232e+05	6.51223e+05	6.15485e+05	5.49008e+05	4.08862e+05
6.64983e+05	6.35232e+05	6.51223e+05	6.15485e+05	5.49008e+05	4.08862e+05
6.64983e+05	6.35232e+05	6.51223e+05	6.15485e+05	5.49008e+05	4.08862e+05
6.64983e+05	6.35232e+05	6.51223e+05	6.15485e+05	5.49008e+05	4.08862e+05
6.64983e+05	6.35232e+05	6.51223e+05	6.15485e+05	5.49008e+05	4.08862e+05
6.64983e+05	6.35232e+05	6.51223e+05	6.15485e+05	5.49008e+05	4.08862e+05
6.64983e+05	6.35232e+05	6.51223e+05	6.15485e+05	5.49008e+05	4.08862e+05
6.64983e+05	6.35232e+05	6.51223e+05	6.15485e+05	5.49008e+05	4.08862e+05
6.64983e+05	6.35232e+05	6.51223e+05	6.15485e+05	5.49008e+05	4.08862e+05
6.64983e+05	6.35232e+05	6.51223e+05	6.15485e+05	5.49008e+05	4.08862e+05
6.64983e+05	6.35232e+05	6.51223e+05	6.15485e+05	5.49008e+05	4.08862e+05
6.64983e+05	6.35232e+05	6.51223e+05	6.15485e+05	5.49008e+05	4.08862e+05
6.64983e+05	6.35232e+05	6.51223e+05	6.15485e+05	5.49008e+05	4.08862e+05
6.64983e+05	6.35232e+05	6.51223e+05	6.15485e+05	5.49008e+05	4.08862e+05
6.64983e+05	6.35232e+05	6.51223e+05	6.15485e+05	5.49008e+05	4.08862e+05
6.64983e+05	6.35232e+05	6.51223e+05	6.15485e+05	5.49008e+05	4.08862e+05
6.64983e+05	6.35232e+05	6.51223e+05	6.15485e+05	5.49008e+05	4.08862e+05
6.64983e+05	6.35232e+05	6.51223e+05	6.15485e+05	5.49008e+05	4.08862e+05
6.64983e+05	6.35232e+05	6.51223e+05	6.15485e+05	5.49008e+05	4.08862e+05
6.64983e+05	6.35232e+05	6.51223e+05	6.15485e+05	5.49008e+05	4.08862e+05
6.64983e+05	6.35232e+05	6.51223e+05	6.15485e+05	5.49008e+05	4.08862e+05
6.64983e+05	6.35232e+05	6.51223e+05	6.15485e+05	5.49008e+05	4.08862e+05
6.64983e+05	6.35232e+05	6.51223e+05	6.15485e+05	5.49008e+05	4.08862e+05
6.64983e+05	6.35232e+05	6.51223e+05	6.15485e+05	5.49008e+05	4.08862e+05
6.64983e+05	6.35232e+05	6.51223e+05	6.15485e+05	5.49008e+05	4.08862e+05
6.64983e+05	6.35232e+05	6.51223e+05	6.15485e+05	5.49008e+05	4.08862e+05
6.64983e+05	6.35232e+05	6.51223e+05	6.15485e+05	5.49008e+05	4.08862e+05
6.64983e+05	6.35232e+05	6.51223e+05	6.15485e+05	5.49008e+05	4.08862e+05
6.64983e+05	6.35232e+05	6.51223e+05	6.15485e+05	5.49008e+05	4.08862e+05
6.64983e+05	6.35232e+05	6.51223e+05	6.15485e+05	5.49008e+05	4.08862e+05
6.64983e+05	6.35232e+05	6.51223e+05	6.15485e+05	5.49008e+05	4.08862e+05
6.64983e+05	6.35232e+05	6.51223e+05	6.15485e+05	5.49008e+05	4.08862e+05
6.64983e+05	6.35232e+05	6.51223e+05	6.15485e+05	5.49008e+05	4.08862e+05
6.64983e+05	6.35232e+05	6.51223e+05	6.15485e+05	5.49008e+05	4.08862e+05
5.39153e+05	4.91836e+05	5.18317e+05	4.96767e+05	4.64374e+05	3.75706e+05
5.39153e+05	4.91836e+05	5.18317e+05	4.96767e+05	4.64374e+05	3.75706e+05
5.39153e+05	4.91836e+05	5.18317e+05	4.96767e+05	4.64374e+05	3.75706e+05
5.39153e+05	4.91836e+05	5.18317e+05	4.96767e+05	4.64374e+05	3.75706e+05
4.97414e+05	4.47435e+05	4.73099e+05	4.53138e+05	4.23392e+05	3.42758e+05
4.97414e+05	4.47435e+05	4.73099e+05	4.53138e+05	4.23392e+05	3.42758e+05
4.97414e+05	4.47435e+05	4.73099e+05	4.53138e+05	4.23392e+05	3.42758e+05
4.97414e+05	4.47435e+05	4.73099e+05	4.53138e+05	4.23392e+05	3.42758e+05
4.97414e+05	4.47435e+05	4.73099e+05	4.53138e+05	4.23392e+05	3.42758e+05
4.97414e+05	4.47435e+05	4.73099e+05	4.53138e+05	4.23392e+05	3.42758e+05
4.97414e+05	4.47435e+05	4.73099e+05	4.53138e+05	4.23392e+05	3.42758e+05
4.97414e+05	4.47435e+05	4.73099e+05	4.53138e+05	4.23392e+05	3.42758e+05
4.97414e+05	4.47435e+05	4.73099e+05	4.53138e+05	4.23392e+05	3.42758e+05
4.28623e+05	4.13865e+05	4.23690e+05	4.08519e+05	3.81882e+05	3.08993e+05
4.28623e+05	4.13865e+05	4.23690e+05	4.08519e+05	3.81882e+05	3.08993e+05
4.28623e+05	4.13865e+05	4.23690e+05	4.08519e+05	3.81882e+05	3.08993e+05
4.28623e+05	4.13865e+05	4.23690e+05	4.08519e+05	3.81882e+05	3.08993e+05
4.28623e+05	4.13865e+05	4.23690e+05	4.08519e+05	3.81882e+05	3.08993e+05
4.28623e+05	4.13865e+05	4.23690e+05	4.08519e+05	3.81882e+05	3.08993e+05
4.28623e+05	4.13865e+05	4.23690e+05	4.08519e+05	3.81882e+05	3.08993e+05
4.28623e+05	4.13865e+05	4.23690e+05	4.08519e+05	3.81882e+05	3.08993e+05
4.28623e+05	4.13865e+05	4.23690e+05	4.08519e+05	3.81882e+05	3.08993e+05
4.28623e+05	4.13865e+05	4.23690e+05	4.08519e+05	3.81882e+05	3.08993e+05
4.28623e+05	4.13865e+05	4.23690e+05	4.08519e+05	3.81882e+05	3.08993e+05
4.28623e+05	4.13865e+05	4.23690e+05	4.08519e+05	3.81882e+05	3.08993e+05
4.28623e+05	4.13865e+05	4.23690e+05	4.08519e+05	3.81882e+05	3.08993e+05
4.28623e+05	4.13865e+05	4.23690e+05	4.08519e+05	3.81882e+05	3.08993e+05
4.28623e+05	4.13865e+05	4.23690e+05	4.08519e+05	3.81882e+05	3.08993e+05
4.28623e+05	4.13865e+05	4.23690e+05	4.08519e+05	3.81882e+05	3.08993e+05
3.83755e+05	3.67614e+05	3.78969e+05	3.64734e+05	3.41408e+05	2.77675e+05
3.83755e+05	3.67614e+05	3.78969e+05	3.64734e+05	3.41408e+05	2.77675e+05
3.83755e+05	3.67614e+05	3.78969e+05	3.64734e+05	3.41408e+05	2.77675e+05
3.83755e+05	3.67614e+05	3.78969e+05	3.64734e+05	3.41408e+05	2.77675e+05
3.83755e+05	3.67614e+05	3.78969e+05	3.64734e+05	3.41408e+05	2.77675e+05
3.83755e+05	3.67614e+05	3.78969e+05	3.64734e+05	3.41408e+05	2.77675e+05
3.83755e+05	3.67614e+05	3.78969e+05	3.64734e+05	3.41408e+05	2.77675e+05
3.83755e+05	3.67614e+05	3.78969e+05	3.64734e+05	3.41408e+05	2.77675e+05
3.83755e+05	3.67614e+05	3.78969e+05	3.64734e+05	3.41408e+05	2.77675e+05
3.83755e+05	3.67614e+05	3.78969e+05	3.64734e+05	3.41408e+05	2.77675e+05
3.83755e+05	3.67614e+05	3.78969e+05	3.64734e+05	3.41408e+05	2.77675e+05
3.83755e+05	3.67614e+05	3.78969e+05	3.64734e+05	3.41408e+05	2.77675e+05
3.83755e+05	3.67614e+05	3.78969e+05	3.64734e+05	3.41408e+05	2.77675e+05
3.83755e+05	3.67614e+05	3.78969e+05	3.64734e+05	3.41408e+05	2.77675e+05
3.83755e+05	3.67614e+05	3.78969e+05	3.64734e+05	3.41408e+05	2.77675e+05
3.83755e+05	3.67614e+05	3.78969e+05	3.64734e+05	3.41408e+05	2.77675e+05
3.83755e+05	3.67614e+05	3.78969e+05	3.64734e+05	3.41408e+05	2.77675e+05
3.83755e+05	3.67614e+05	3.78969e+05	3.64734e+05	3.41408e+05	2.77675e+05
3.55606e+05	3.16359e+05	3.33274e+05	3.20328e+05	2.99873e+05	2.43621e+05
3.11700e+05	2.71929e+05	2.87136e+05	2.75788e+05	2.57101e+05	2.06300e+05
3.11700e+05	2.71929e+05	2.87136e+05	2.75788e+05	2.57101e+05	2.06300e+05
3.11700e+05	2.71929e+05	2.87136e+05	2.75788e+05	2.57101e+05	2.06300e+05
3.11700e+05	2.71929e+05	2.87136e+05	2.75788e+05	2.57101e+05	2.06300e+05
3.11700e+05	2.71929e+05	2.87136e+05	2.75788e+05	2.57101e+05	2.06300e+05
3.11700e+05	2.71929e+05	2.87136e+05	2.75788e+05	2.57101e+05	2.06300e+05
3.11700e+05	2.71929e+05	2.87136e+05	2.75788e+05	2.57101e+05	2.06300e+05
3.11700e+05	2.71929e+05	2.87136e+05	2.75788e+05	2.57101e+05	2.06300e+05
3.11700e+05	2.71929e+05	2.87136e+05	2.75788e+05	2.57101e+05	2.06300e+05
3.11700e+05	2.71929e+05	2.87136e+05	2.75788e+05	2.57101e+05	2.06300e+05
3.11700e+05	2.71929e+05	2.87136e+05	2.75788e+05	2.57101e+05	2.06300e+05
3.11700e+05	2.71929e+05	2.87136e+05	2.75788e+05	2.57101e+05	2.06300e+05
3.11700e+05	2.71929e+05	2.87136e+05	2.75788e+05	2.57101e+05	2.06300e+05
3.11700e+05	2.71929e+05	2.87136e+05	2.75788e+05	2.57101e+05	2.06300e+05
3.11700e+05	2.71929e+05	2.87136e+05	2.75788e+05	2.57101e+05	2.06300e+05
3.11700e+05	2.71929e+05	2.87136e+05	2.75788e+05	2.57101e+05	2.06300e+05
3.11700e+05	2.71929e+05	2.87136e+05	2.75788e+05	2.57101e+05	2.06300e+05
3.11700e+05	2.71929e+05	2.87136e+05	2.75788e+05	2.57101e+05	2.06300e+05
3.11700e+05	2.71929e+05	2.87136e+05	2.75788e+05	2.57101e+05	2.06300e+05
3.11700e+05	2.71929e+05	2.87136e+05	2.75788e+05	2.57101e+05	2.06300e+05
3.11700e+05	2.71929e+05	2.87136e+05	2.75788e+05	2.57101e+05	2.06300e+05
3.11700e+05	2.71929e+05	2.87136e+05	2.75788e+05	2.57101e+05	2.06300e+05
3.11700e+05	2.71929e+05	2.87136e+05	2.75788e+05	2.57101e+05	2.06300e+05
3.11700e+05	2.71929e+05	2.87136e+05	2.75788e+05	2.57101e+05	2.06300e+05
3.11700e+05	2.71929e+05	2.87136e+05	2.75788e+05	2.57101e+05	2.06300e+05
3.11700e+05	2.71929e+05	2.87136e+05	2.75788e+05	2.57101e+05	2.06300e+05
3.11700e+05	2.71929e+05	2.87136e+05	2.75788e+05	2.57101e+05	2.06300e+05
3.11700e+05	2.71929e+05	2.87136e+05	2.75788e+05	2.57101e+05	2.06300e+05
3.11700e+05	2.71929e+05	2.87136e+05	2.75788e+05	2.57101e+05	2.06300e+05
3.11700e+05	2.71929e+05	2.87136e+05	2.75788e+05	2.57101e+05	2.06300e+05
3.11700e+05	2.71929e+05	2.87136e+05	2.75788e+05	2.57101e+05	2.06300e+05
3.11700e+05	2.71929e+05	2.87136e+05	2.75788e+05	2.57101e+05	2.06300e+05
3.11700e+05	2.71929e+05	2.87136e+05	2.75788e+05	2.57101e+05	2.06300e+05
3.11700e+05	2.71929e+05	2.87136e+05	2.75788e+05	2.57101e+05	2.06300e+05
3.11700e+05	2.71929e+05	2.87136e+05	2.75788e+05	2.57101e+05	2.06300e+05
3.11700e+05	2.71929e+05	2.87136e+05	2.75788e+05	2.57101e+05	2.06300e+05
3.11700e+05	2.71929e+05	2.87136e+05	2.75788e+05	2.57101e+05	2.06300e+05
3.11700e+05	2.71929e+05	2.87136e+05	2.75788e+05	2.57101e+05	2.06300e+05
3.11700e+05	2.71929e+05	2.87136e+05	2.75788e+05	2.57101e+05	2.06300e+05
3.11700e+05	2.71929e+05	2.87136e+05	2.75788e+05	2.57101e+05	2.06300e+05
3.11700e+05	2.71929e+05	2.87136e+05	2.75788e+05	2.57101e+05	2.06300e+05
3.11700e+05	2.71929e+05	2.87136e+05	2.75788e+05	2.57101e+05	2.06300e+05
3.11700e+05	2.71929e+05	2.87136e+05	2.75788e+05	2.57101e+05	2.06300e+05
3.11700e+05	2.71929e+05	2.87136e+05	2.75788e+05	2.57101e+05	2.06300e+05
3.11700e+05	2.71929e+05	2.87136e+05	2.75788e+05	2.57101e+05	2.06300e+05
3.11700e+05	2.71929e+05	2.87136e+05	2.75788e+05	2.57101e+05	2.06300e+05
3.11700e+05	2.71929e+05	2.87136e+05	2.75788e+05	2.57101e+05	2.06300e+05
3.11700e+05	2.71929e+05	2.87136e+05	2.75788e+05	2.57101e+05	2.06300e+05
3.11700e+05	2.71929e+05	2.87136e+05	2.75788e+05	2.57101e+05	2.06300e+05
3.11700e+05	2.71929e+05	2.87136e+05	2.75788e+05	2.57101e+05	2.06300e+05
3.11700e+05	2.71929e+05	2.87136e+05	2.75788e+05	2.57101e+05	2.06300e+05
2.72687e+05	2.25837e+05	2.41859e+05	2.31206e+05	2.16182e+05	1.74629e+05
2.72687e+05	2.25837e+05	2.41859e+05	2.31206e+05	2.16182e+05	1.74629e+05
2.22228e+05	1.79256e+05	1.95956e+05	1.86721e+05	1.74489e+05	1.41168e+05
2.22228e+05	1.79256e+05	1.95956e+05	1.86721e+05	1.74489e+05	1.41168e+05
2.22228e+05	1.79256e+05	1.95956e+05	1.86721e+05	1.74489e+05	1.41168e+05
2.22228e+05	1.79256e+05	1.95956e+05	1.86721e+05	1.74489e+05	1.41168e+05
2.22228e+05	1.79256e+05	1.95956e+05	1.86721e+05	1.74489e+05	1.41168e+05
2.22228e+05	1.79256e+05	1.95956e+05	1.86721e+05	1.74489e+05	1.41168e+05
2.22228e+05	1.79256e+05	1.95956e+05	1.86721e+05	1.74489e+05	1.41168e+05
2.22228e+05	1.79256e+05	1.95956e+05	1.86721e+05	1.74489e+05	1.41168e+05
2.22228e+05	1.79256e+05	1.95956e+05	1.86721e+05	1.74489e+05	1.41168e+05
2.22228e+05	1.79256e+05	1.95956e+05	1.86721e+05	1.74489e+05	1.41168e+05
2.22228e+05	1.79256e+05	1.95956e+05	1.86721e+05	1.74489e+05	1.41168e+05
2.22228e+05	1.79256e+05	1.95956e+05	1.86721e+05	1.74489e+05	1.41168e+05
2.22228e+05	1.79256e+05	1.95956e+05	1.86721e+05	1.74489e+05	1.41168e+05
2.22228e+05	1.79256e+05	1.95956e+05	1.86721e+05	1.74489e+05	1.41168e+05
2.22228e+05	1.79256e+05	1.95956e+05	1.86721e+05	1.74489e+05	1.41168e+05
2.22228e+05	1.79256e+05	1.95956e+05	1.86721e+05	1.74489e+05	1.41168e+05
2.22228e+05	1.79256e+05	1.95956e+05	1.86721e+05	1.74489e+05	1.41168e+05
2.22228e+05	1.79256e+05	1.95956e+05	1.86721e+05	1.74489e+05	1.41168e+05
2.22228e+05	1.79256e+05	1.95956e+05	1.86721e+05	1.74489e+05	1.41168e+05
2.22228e+05	1.79256e+05	1.95956e+05	1.86721e+05	1.74489e+05	1.41168e+05
2.22228e+05	1.79256e+05	1.95956e+05	1.86721e+05	1.74489e+05	1.41168e+05
2.22228e+05	1.79256e+05	1.95956e+05	1.86721e+05	1.74489e+05	1.41168e+05
2.22228e+05	1.79256e+05	1.95956e+05	1.86721e+05	1.74489e+05	1.41168e+05
2.22228e+05	1.79256e+05	1.95956e+05	1.86721e+05	1.74489e+05	1.41168e+05
2.22228e+05	1.79256e+05	1.95956e+05	1.86721e+05	1.74489e+05	1.41168e+05
2.22228e+05	1.79256e+05	1.95956e+05	1.86721e+05	1.74489e+05	1.41168e+05
2.22228e+05	1.79256e+05	1.95956e+05	1.86721e+05	1.74489e+05	1.41168e+05
2.22228e+05	1.79256e+05	1.95956e+05	1.86721e+05	1.74489e+05	1.41168e+05
2.22228e+05	1.79256e+05	1.95956e+05	1.86721e+05	1.74489e+05	1.41168e+05
2.22228e+05	1.79256e+05	1.95956e+05	1.86721e+05	1.74489e+05	1.41168e+05
2.22228e+05	1.79256e+05	1.95956e+05	1.86721e+05	1.74489e+05	1.41168e+05
2.22228e+05	1.79256e+05	1.95956e+05	1.86721e+05	1.74489e+05	1.41168e+05
2.22228e+05	1.79256e+05	1.95956e+05	1.86721e+05	1.74489e+05	1.41168e+05
2.22228e+05	1.79256e+05	1.95956e+05	1.86721e+05	1.74489e+05	1.41168e+05
2.22228e+05	1.79256e+05	1.95956e+05	1.86721e+05	1.74489e+05	1.41168e+05
2.22228e+05	1.79256e+05	1.95956e+05	1.86721e+05	1.74489e+05	1.41168e+05
2.22228e+05	1.79256e+05	1.95956e+05	1.86721e+05	1.74489e+05	1.41168e+05
2.22228e+05	1.79256e+05	1.95956e+05	1.86721e+05	1.74489e+05	1.41168e+05
2.22228e+05	1.79256e+05	1.95956e+05	1.86721e+05	1.74489e+05	1.41168e+05
2.22228e+05	1.79256e+05	1.95956e+05	1.86721e+05	1.74489e+05	1.41168e+05
2.22228e+05	1.79256e+05	1.95956e+05	1.86721e+05	1.74489e+05	1.41168e+05
2.22228e+05	1.79256e+05	1.95956e+05	1.86721e+05	1.74489e+05	1.41168e+05
2.22228e+05	1.79256e+05	1.95956e+05	1.86721e+05	1.74489e+05	1.41168e+05
2.22228e+05	1.79256e+05	1.95956e+05	1.86721e+05	1.74489e+05	1.41168e+05
2.22228e+05	1.79256e+05	1.95956e+05	1.86721e+05	1.74489e+05	1.41168e+05
2.22228e+05	1.79256e+05	1.95956e+05	1.86721e+05	1.74489e+05	1.41168e+05
2.22228e+05	1.79256e+05	1.95956e+05	1.86721e+05	1.74489e+05	1.41168e+05
2.22228e+05	1.79256e+05	1.95956e+05	1.86721e+05	1.74489e+05	1.41168e+05
1.44231e+05	1.46829e+05	1.44356e+05	1.41671e+05	1.32139e+05	1.06369e+05
1.44231e+05	1.46829e+05	1.44356e+05	1.41671e+05	1.32139e+05	1.06369e+05
1.44231e+05	1.46829e+05	1.44356e+05	1.41671e+05	1.32139e+05	1.06369e+05
1.44231e+05	1.46829e+05	1.44356e+05	1.41671e+05	1.32139e+05	1.06369e+05
1.44231e+05	1.46829e+05	1.44356e+05	1.41671e+05	1.32139e+05	1.06369e+05
1.44231e+05	1.46829e+05	1.44356e+05	1.41671e+05	1.32139e+05	1.06369e+05
1.44231e+05	1.46829e+05	1.44356e+05	1.41671e+05	1.32139e+05	1.06369e+05
1.44231e+05	1.46829e+05	1.44356e+05	1.41671e+05	1.32139e+05	1.06369e+05
1.44231e+05	1.46829e+05	1.44356e+05	1.41671e+05	1.32139e+05	1.06369e+05
1.44231e+05	1.46829e+05	1.44356e+05	1.41671e+05	1.32139e+05	1.06369e+05
1.44231e+05	1.46829e+05	1.44356e+05	1.41671e+05	1.32139e+05	1.06369e+05
1.44231e+05	1.46829e+05	1.44356e+05	1.41671e+05	1.32139e+05	1.06369e+05
1.44231e+05	1.46829e+05	1.44356e+05	1.41671e+05	1.32139e+05	1.06369e+05
1.44231e+05	1.46829e+05	1.44356e+05	1.41671e+05	1.32139e+05	1.06369e+05
1.44231e+05	1.46829e+05	1.44356e+05	1.41671e+05	1.32139e+05	1.06369e+05
1.44231e+05	1.46829e+05	1.44356e+05	1.41671e+05	1.32139e+05	1.06369e+05
1.44231e+05	1.46829e+05	1.44356e+05	1.41671e+05	1.32139e+05	1.06369e+05
1.44231e+05	1.46829e+05	1.44356e+05	1.41671e+05	1.32139e+05	1.06369e+05
1.44231e+05	1.46829e+05	1.44356e+05	1.41671e+05	1.32139e+05	1.06369e+05
1.44231e+05	1.46829e+05	1.44356e+05	1.41671e+05	1.32139e+05	1.06369e+05
1.44231e+05	1.46829e+05	1.44356e+05	1.41671e+05	1.32139e+05	1.06369e+05
1.44231e+05	1.46829e+05	1.44356e+05	1.41671e+05	1.32139e+05	1.06369e+05
1.44231e+05	1.46829e+05	1.44356e+05	1.41671e+05	1.32139e+05	1.06369e+05
1.44231e+05	1.46829e+05	1.44356e+05	1.41671e+05	1.32139e+05	1.06369e+05
1.44231e+05	1.46829e+05	1.44356e+05	1.41671e+05	1.32139e+05	1.06369e+05
1.44231e+05	1.46829e+05	1.44356e+05	1.41671e+05	1.32139e+05	1.06369e+05
1.44231e+05	1.46829e+05	1.44356e+05	1.41671e+05	1.32139e+05	1.06369e+05
1.44231e+05	1.46829e+05	1.44356e+05	1.41671e+05	1.32139e+05	1.06369e+05
1.44231e+05	1.46829e+05	1.44356e+05	1.41671e+05	1.32139e+05	1.06369e+05
1.44231e+05	1.46829e+05	1.44356e+05	1.41671e+05	1.32139e+05	1.06369e+05
1.44231e+05	1.46829e+05	1.44356e+05	1.41671e+05	1.32139e+05	1.06369e+05
1.44231e+05	1.46829e+05	1.44356e+05	1.41671e+05	1.32139e+05	1.06369e+05
1.44231e+05	1.46829e+05	1.44356e+05	1.41671e+05	1.32139e+05	1.06369e+05
1.44231e+05	1.46829e+05	1.44356e+05	1.41671e+05	1.32139e+05	1.06369e+05
1.44231e+05	1.46829e+05	1.44356e+05	1.41671e+05	1.32139e+05	1.06369e+05
1.44231e+05	1.46829e+05	1.44356e+05	1.41671e+05	1.32139e+05	1.06369e+05
1.44231e+05	1.46829e+05	1.44356e+05	1.41671e+05	1.32139e+05	1.06369e+05
1.44231e+05	1.46829e+05	1.44356e+05	1.41671e+05	1.32139e+05	1.06369e+05
1.44231e+05	1.46829e+05	1.44356e+05	1.41671e+05	1.32139e+05	1.06369e+05
1.44231e+05	1.46829e+05	1.44356e+05	1.41671e+05	1.32139e+05	1.06369e+05
1.44231e+05	1.46829e+05	1.44356e+05	1.41671e+05	1.32139e+05	1.06369e+05
1.44231e+05	1.46829e+05	1.44356e+05	1.41671e+05	1.32139e+05	1.06369e+05
1.44231e+05	1.46829e+05	1.44356e+05	1.41671e+05	1.32139e+05	1.06369e+05
1.44231e+05	1.46829e+05	1.44356e+05	1.41671e+05	1.32139e+05	1.06369e+05
1.44231e+05	1.46829e+05	1.44356e+05	1.41671e+05	1.32139e+05	1.06369e+05
1.44231e+05	1.46829e+05	1.44356e+05	1.41671e+05	1.32139e+05	1.06369e+05
1.44231e+05	1.46829e+05	1.44356e+05	1.41671e+05	1.32139e+05	1.06369e+05
1.44231e+05	1.46829e+05	1.44356e+05	1.41671e+05	1.32139e+05	1.06369e+05
1.44231e+05	1.46829e+05	1.44356e+05	1.41671e+05	1.32139e+05	1.06369e+05
1.44231e+05	1.46829e+05	1.44356e+05	1.41671e+05	1.32139e+05	1.06369e+05
1.44231e+05	1.46829e+05	1.44356e+05	1.41671e+05	1.32139e+05	1.06369e+05
1.44231e+05	1.46829e+05	1.44356e+05	1.41671e+05	1.32139e+05	1.06369e+05
1.44231e+05	1.46829e+05	1.44356e+05	1.41671e+05	1.32139e+05	1.06369e+05
1.44231e+05	1.46829e+05	1.44356e+05	1.41671e+05	1.32139e+05	1.06369e+05
1.44231e+05	1.46829e+05	1.44356e+05	1.41671e+05	1.32139e+05	1.06369e+05
1.44231e+05	1.46829e+05	1.44356e+05	1.41671e+05	1.32139e+05	1.06369e+05
1.44231e+05	1.46829e+05	1.44356e+05	1.41671e+05	1.32139e+05	1.06369e+05
1.44231e+05	1.46829e+05	1.44356e+05	1.41671e+05	1.32139e+05	1.06369e+05
1.44231e+05	1.46829e+05	1.44356e+05	1.41671e+05	1.32139e+05	1.06369e+05
1.44231e+05	1.46829e+05	1.44356e+05	1.41671e+05	1.32139e+05	1.06369e+05
1.44231e+05	1.46829e+05	1.44356e+05	1.41671e+05	1.32139e+05	1.06369e+05
1.44231e+05	1.46829e+05	1.44356e+05	1.41671e+05	1.32139e+05	1.06369e+05
1.44231e+05	1.46829e+05	1.44356e+05	1.41671e+05	1.32139e+05	1.06369e+05
1.44231e+05	1.46829e+05	1.44356e+05	1.41671e+05	1.32139e+05	1.06369e+05
1.44231e+05	1.46829e+05	1.44356e+05	1.41671e+05	1.32139e+05	1.06369e+05
1.44231e+05	1.46829e+05	1.44356e+05	1.41671e+05	1.32139e+05	1.06369e+05
1.44231e+05	1.46829e+05	1.44356e+05	1.41671e+05	1.32139e+05	1.06369e+05
1.44231e+05	1.46829e+05	1.44356e+05	1.41671e+05	1.32139e+05	1.06369e+05
1.44231e+05	1.46829e+05	1.44356e+05	1.41671e+05	1.32139e+05	1.06369e+05
1.44231e+05	1.46829e+05	1.44356e+05	1.41671e+05	1.32139e+05	1.06369e+05
1.44231e+05	1.46829e+05	1.44356e+05	1.41671e+05	1.32139e+05	1.06369e+05
1.44231e+05	1.46829e+05	1.44356e+05	1.41671e+05	1.32139e+05	1.06369e+05
1.44231e+05	1.46829e+05	1.44356e+05	1.41671e+05	1.32139e+05	1.06369e+05
1.44231e+05	1.46829e+05	1.44356e+05	1.41671e+05	1.32139e+05	1.06369e+05
1.44231e+05	1.46829e+05	1.44356e+05	1.41671e+05	1.32139e+05	1.06369e+05
1.44231e+05	1.46829e+05	1.44356e+05	1.41671e+05	1.32139e+05	1.06369e+05
1.44231e+05	1.46829e+05	1.44356e+05	1.41671e+05	1.32139e+05	1.06369e+05
1.44231e+05	1.46829e+05	1.44356e+05	1.41671e+05	1.32139e+05	1.06369e+05
1.44231e+05	1.46829e+05	1.44356e+05	1.41671e+05	1.32139e+05	1.06369e+05
1.44231e+05	1.46829e+05	1.44356e+05	1.41671e+05	1.32139e+05	1.06369e+05
1.44231e+05	1.46829e+05	1.44356e+05	1.41671e+05	1.32139e+05	1.06369e+05
1.44231e+05	1.46829e+05	1.44356e+05	1.41671e+05	1.32139e+05	1.06369e+05
1.44231e+05	1.46829e+05	1.44356e+05	1.41671e+05	1.32139e+05	1.06369e+05
1.44231e+05	1.46829e+05	1.44356e+05	1.41671e+05	1.32139e+05	1.06369e+05
1.44231e+05	1.46829e+05	1.44356e+05	1.41671e+05	1.32139e+05	1.06369e+05
1.44231e+05	1.46829e+05	1.44356e+05	1.41671e+05	1.32139e+05	1.06369e+05
1.44231e+05	1.46829e+05	1.44356e+05	1.41671e+05	1.32139e+05	1.06369e+05
1.44231e+05	1.46829e+05	1.44356e+05	1.41671e+05	1.32139e+05	1.06369e+05
1.44231e+05	1.46829e+05	1.44356e+05	1.41671e+05	1.32139e+05	1.06369e+05
1.44231e+05	1.46829e+05	1.44356e+05	1.41671e+05	1.32139e+05	1.06369e+05
1.44231e+05	1.46829e+05	1.44356e+05	1.41671e+05	1.32139e+05	1.06369e+05
1.44231e+05	1.46829e+05	1.44356e+05	1.41671e+05	1.32139e+05	1.06369e+05
1.44231e+05	1.46829e+05	1.44356e+05	1.41671e+05	1.32139e+05	1.06369e+05
1.44231e+05	1.46829e+05	1.44356e+05	1.41671e+05	1.32139e+05	1.06369e+05
1.44231e+05	1.46829e+05	1.44356e+05	1.41671e+05	1.32139e+05	1.06369e+05
1.44231e+05	1.46829e+05	1.44356e+05	1.41671e+05	1.32139e+05	1.06369e+05
1.44231e+05	1.46829e+05	1.44356e+05	1.41671e+05	1.32139e+05	1.06369e+05
1.44231e+05	1.46829e+05	1.44356e+05	1.41671e+05	1.32139e+05	1.06369e+05
1.44231e+05	1.46829e+05	1.44356e+05	1.41671e+05	1.32139e+05	1.06369e+05
1.44231e+05	1.46829e+05	1.44356e+05	1.41671e+05	1.32139e+05	1.06369e+05
1.44231e+05	1.46829e+05	1.44356e+05	1.41671e+05	1.32139e+05	1.06369e+05
1.44231e+05	1.46829e+05	1.44356e+05	1.41671e+05	1.32139e+05	1.06369e+05
1.44231e+05	1.46829e+05	1.44356e+05	1.41671e+05	1.32139e+05	1.06369e+05
1.44231e+05	1.46829e+05	1.44356e+05	1.41671e+05	1.32139e+05	1.06369e+05
1.44231e+05	1.46829e+05	1.44356e+05	1.41671e+05	1.32139e+05	1.06369e+05
1.44231e+05	1.46829e+05	1.44356e+05	1.41671e+05	1.32139e+05	1.06369e+05
1.44231e+05	1.46829e+05	1.44356e+05	1.41671e+05	1.32139e+05	1.06369e+05
1.44231e+05	1.46829e+05	1.44356e+05	1.41671e+05	1.32139e+05	1.06369e+05
1.44231e+05	1.46829e+05	1.44356e+05	1.41671e+05	1.32139e+05	1.06369e+05
1.44231e+05	1.46829e+05	1.44356e+05	1.41671e+05	1.32139e+05	1.06369e+05
1.44231e+05	1.46829e+05	1.44356e+05	1.41671e+05	1.32139e+05	1.06369e+05
1.44231e+05	1.46829e+05	1.44356e+05	1.41671e+05	1.32139e+05	1.06369e+05
1.44231e+05	1.46829e+05	1.44356e+05	1.41671e+05	1.32139e+05	1.06369e+05
1.44231e+05	1.46829e+05	1.44356e+05	1.41671e+05	1.32139e+05	1.06369e+05
1.44231e+05	1.46829e+05	1.44356e+05	1.41671e+05	1.32139e+05	1.06369e+05
1.44231e+05	1.46829e+05	1.44356e+05	1.41671e+05	1.32139e+05	1.06369e+05
1.44231e+05	1.46829e+05	1.44356e+05	1.41671e+05	1.32139e+05	1.06369e+05
1.44231e+05	1.46829e+05	1.44356e+05	1.41671e+05	1.32139e+05	1.06369e+05
1.44231e+05	1.46829e+05	1.44356e+05	1.41671e+05	1.32139e+05	1.06369e+05
1.44231e+05	1.46829e+05	1.44356e+05	1.41671e+05	1.32139e+05	1.06369e+05
1.44231e+05	1.46829e+05	1.44356e+05	1.41671e+05	1.32139e+05	1.06369e+05
1.44231e+05	1.46829e+05	1.44356e+05	1.41671e+05	1.32139e+05	1.06369e+05
1.44231e+05	1.46829e+05	1.44356e+05	1.41671e+05	1.32139e+05	1.06369e+05
1.44231e+05	1.46829e+05	1.44356e+05	1.41671e+05	1.32139e+05	1.06369e+05
1.44231e+05	1.46829e+05	1.44356e+05	1.41671e+05	1.32139e+05	1.06369e+05
1.44231e+05	1.46829e+05	1.44356e+05	1.41671e+05	1.32139e+05	1.06369e+05
1.44231e+05	1.46829e+05	1.44356e+05	1.41671e+05	1.32139e+05	1.06369e+05
1.44231e+05	1.46829e+05	1.44356e+05	1.41671e+05	1.32139e+05	1.06369e+05
1.44231e+05	1.46829e+05	1.44356e+05	1.41671e+05	1.32139e+05	1.06369e+05
1.44231e+05	1.46829e+05	1.44356e+05	1.41671e+05	1.32139e+05	1.06369e+05
1.44231e+05	1.46829e+05	1.44356e+05	1.41671e+05	1.32139e+05	1.06369e+05
1.44231e+05	1.46829e+05	1.44356e+05	1.41671e+05	1.32139e+05	1.06369e+05
1.44231e+05	1.46829e+05	1.44356e+05	1.41671e+05	1.32139e+05	1.06369e+05
1.44231e+05	1.46829e+05	1.44356e+05	1.41671e+05	1.32139e+05	1.06369e+05
1.44231e+05	1.46829e+05	1.44356e+05	1.41671e+05	1.32139e+05	1.06369e+05
1.44231e+05	1.46829e+05	1.44356e+05	1.41671e+05	1.32139e+05	1.06369e+05
1.44231e+05	1.46829e+05	1.44356e+05	1.41671e+05	1.32139e+05	1.06369e+05
1.44231e+05	1.46829e+05	1.44356e+05	1.41671e+05	1.32139e+05	1.06369e+05
1.44231e+05	1.46829e+05	1.44356e+05	1.41671e+05	1.32139e+05	1.06369e+05
1.44231e+05	1.46829e+05	1.44356e+05	1.41671e+05	1.32139e+05	1.06369e+05
1.44231e+05	1.46829e+05	1.44356e+05	1.41671e+05	1.32139e+05	1.06369e+05
1.44231e+05	1.46829e+05	1.44356e+05	1.41671e+05	1.32139e+05	1.06369e+05
1.44231e+05	1.46829e+05	1.44356e+05	1.41671e+05	1.32139e+05	1.06369e+05
1.44231e+05	1.46829e+05	1.44356e+05	1.41671e+05	1.32139e+05	1.06369e+05
1.44231e+05	1.46829e+05	1.44356e+05	1.41671e+05	1.32139e+05	1.06369e+05
1.44231e+05	1.46829e+05	1.44356e+05	1.41671e+05	1.32139e+05	1.06369e+05
1.44231e+05	1.46829e+05	1.44356e+05	1.41671e+05	1.32139e+05	1.06369e+05
1.44231e+05	1.46829e+05	1.44356e+05	1.41671e+05	1.32139e+05	1.06369e+05
1.44231e+05	1.46829e+05	1.44356e+05	1.41671e+05	1.32139e+05	1.06369e+05
1.44231e+05	1.46829e+05	1.44356e+05	1.41671e+05	1.32139e+05	1.06369e+05
1.44231e+05	1.46829e+05	1.44356e+05	1.41671e+05	1.32139e+05	1.06369e+05
1.44231e+05	1.46829e+05	1.44356e+05	1.41671e+05	1.32139e+05	1.06369e+05
1.44231e+05	1.46829e+05	1.44356e+05	1.41671e+05	1.32139e+05	1.06369e+05
1.44231e+05	1.46829e+05	1.44356e+05	1.41671e+05	1.32139e+05	1.06369e+05
1.44231e+05	1.46829e+05	1.44356e+05	1.41671e+05	1.32139e+05	1.06369e+05
1.44231e+05	1.46829e+05	1.44356e+05	1.41671e+05	1.32139e+05	1.06369e+05
1.44231e+05	1.46829e+05	1.44356e+05	1.41671e+05	1.32139e+05	1.06369e+05
1.44231e+05	1.46829e+05	1.44356e+05	1.41671e+05	1.32139e+05	1.06369e+05
1.44231e+05	1.46829e+05	1.44356e+05	1.41671e+05	1.32139e+05	1.06369e+05
1.44231e+05	1.46829e+05	1.44356e+05	1.41671e+05	1.32139e+05	1.06369e+05
1.44231e+05	1.46829e+05	1.44356e+05	1.41671e+05	1.32139e+05	1.06369e+05
1.44231e+05	1.46829e+05	1.44356e+05	1.41671e+05	1.32139e+05	1.06369e+05
1.44231e+05	1.46829e+05	1.44356e+05	1.41671e+05	1.32139e+05	1.06369e+05
1.44231e+05	1.46829e+05	1.44356e+05	1.41671e+05	1.32139e+05	1.06369e+05
1.44231e+05	1.46829e+05	1.44356e+05	1.41671e+05	1.32139e+05	1.06369e+05
1.44231e+05	1.46829e+05	1.44356e+05	1.41671e+05	1.32139e+05	1.06369e+05
1.44231e+05	1.46829e+05	1.44356e+05	1.41671e+05	1.32139e+05	1.06369e+05
1.44231e+05	1.46829e+05	1.44356e+05	1.41671e+05	1.32139e+05	1.06369e+05
1.44231e+05	1.46829e+05	1.44356e+05	1.41671e+05	1.32139e+05	1.06369e+05
1.44231e+05	1.46829e+05	1.44356e+05	1.41671e+05	1.32139e+05	1.06369e+05
9.68740e+04	9.89672e+04	9.77649e+04	9.61244e+04	9.07773e+04	7.59718e+04
9.68740e+04	9.89672e+04	9.77649e+04	9.61244e+04	9.07773e+04	7.59718e+04
9.68740e+04	9.89672e+04	9.77649e+04	9.61244e+04	9.07773e+04	7.59718e+04
9.68740e+04	9.89672e+04	9.77649e+04	9.61244e+04	9.07773e+04	7.59718e+04
9.68740e+04	9.89672e+04	9.77649e+04	9.61244e+04	9.07773e+04	7.59718e+04
9.68740e+04	9.89672e+04	9.77649e+04	9.61244e+04	9.07773e+04	7.59718e+04
9.68740e+04	9.89672e+04	9.77649e+04	9.61244e+04	9.07773e+04	7.59718e+04
9.68740e+04	9.89672e+04	9.77649e+04	9.61244e+04	9.07773e+04	7.59718e+04
9.68740e+04	9.89672e+04	9.77649e+04	9.61244e+04	9.07773e+04	7.59718e+04
9.68740e+04	9.89672e+04	9.77649e+04	9.61244e+04	9.07773e+04	7.59718e+04
9.68740e+04	9.89672e+04	9.77649e+04	9.61244e+04	9.07773e+04	7.59718e+04
9.68740e+04	9.89672e+04	9.77649e+04	9.61244e+04	9.07773e+04	7.59718e+04
9.68740e+04	9.89672e+04	9.77649e+04	9.61244e+04	9.07773e+04	7.59718e+04
9.68740e+04	9.89672e+04	9.77649e+04	9.61244e+04	9.07773e+04	7.59718e+04
9.68740e+04	9.89672e+04	9.77649e+04	9.61244e+04	9.07773e+04	7.59718e+04
9.68740e+04	9.89672e+04	9.77649e+04	9.61244e+04	9.07773e+04	7.59718e+04
9.68740e+04	9.89672e+04	9.77649e+04	9.61244e+04	9.07773e+04	7.59718e+04
9.68740e+04	9.89672e+04	9.77649e+04	9.61244e+04	9.07773e+04	7.59718e+04
9.68740e+04	9.89672e+04	9.77649e+04	9.61244e+04	9.07773e+04	7.59718e+04
9.68740e+04	9.89672e+04	9.77649e+04	9.61244e+04	9.07773e+04	7.59718e+04
9.68740e+04	9.89672e+04	9.77649e+04	9.61244e+04	9.07773e+04	7.59718e+04
9.68740e+04	9.89672e+04	9.77649e+04	9.61244e+04	9.07773e+04	7.59718e+04
9.68740e+04	9.89672e+04	9.77649e+04	9.61244e+04	9.07773e+04	7.59718e+04
9.68740e+04	9.89672e+04	9.77649e+04	9.61244e+04	9.07773e+04	7.59718e+04
9.68740e+04	9.89672e+04	9.77649e+04	9.61244e+04	9.07773e+04	7.59718e+04
9.68740e+04	9.89672e+04	9.77649e+04	9.61244e+04	9.07773e+04	7.59718e+04
9.68740e+04	9.89672e+04	9.77649e+04	9.61244e+04	9.07773e+04	7.59718e+04
9.68740e+04	9.89672e+04	9.77649e+04	9.61244e+04	9.07773e+04	7.59718e+04
9.68740e+04	9.89672e+04	9.77649e+04	9.61244e+04	9.07773e+04	7.59718e+04
9.68740e+04	9.89672e+04	9.77649e+04	9.61244e+04	9.07773e+04	7.59718e+04
9.68740e+04	9.89672e+04	9.77649e+04	9.61244e+04	9.07773e+04	7.59718e+04
9.68740e+04	9.89672e+04	9.77649e+04	9.61244e+04	9.07773e+04	7.59718e+04
9.68740e+04	9.89672e+04	9.77649e+04	9.61244e+04	9.07773e+04	7.59718e+04
9.68740e+04	9.89672e+04	9.77649e+04	9.61244e+04	9.07773e+04	7.59718e+04
9.68740e+04	9.89672e+04	9.77649e+04	9.61244e+04	9.07773e+04	7.59718e+04
9.68740e+04	9.89672e+04	9.77649e+04	9.61244e+04	9.07773e+04	7.59718e+04
9.68740e+04	9.89672e+04	9.77649e+04	9.61244e+04	9.07773e+04	7.59718e+04
9.68740e+04	9.89672e+04	9.77649e+04	9.61244e+04	9.07773e+04	7.59718e+04
9.68740e+04	9.89672e+04	9.77649e+04	9.61244e+04	9.07773e+04	7.59718e+04
9.68740e+04	9.89672e+04	9.77649e+04	9.61244e+04	9.07773e+04	7.59718e+04
9.68740e+04	9.89672e+04	9.77649e+04	9.61244e+04	9.07773e+04	7.59718e+04
9.68740e+04	9.89672e+04	9.77649e+04	9.61244e+04	9.07773e+04	7.59718e+04
9.68740e+04	9.89672e+04	9.77649e+04	9.61244e+04	9.07773e+04	7.59718e+04
9.68740e+04	9.89672e+04	9.77649e+04	9.61244e+04	9.07773e+04	7.59718e+04
9.68740e+04	9.89672e+04	9.77649e+04	9.61244e+04	9.07773e+04	7.59718e+04
9.68740e+04	9.89672e+04	9.77649e+04	9.61244e+04	9.07773e+04	7.59718e+04
9.68740e+04	9.89672e+04	9.77649e+04	9.61244e+04	9.07773e+04	7.59718e+04
9.68740e+04	9.89672e+04	9.77649e+04	9.61244e+04	9.07773e+04	7.59718e+04
9.68740e+04	9.89672e+04	9.77649e+04	9.61244e+04	9.07773e+04	7.59718e+04
9.68740e+04	9.89672e+04	9.77649e+04	9.61244e+04	9.07773e+04	7.59718e+04
9.68740e+04	9.89672e+04	9.77649e+04	9.61244e+04	9.07773e+04	7.59718e+04
9.68740e+04	9.89672e+04	9.77649e+04	9.61244e+04	9.07773e+04	7.59718e+04
9.68740e+04	9.89672e+04	9.77649e+04	9.61244e+04	9.07773e+04	7.59718e+04
9.68740e+04	9.89672e+04	9.77649e+04	9.61244e+04	9.07773e+04	7.59718e+04
9.68740e+04	9.89672e+04	9.77649e+04	9.61244e+04	9.07773e+04	7.59718e+04
9.68740e+04	9.89672e+04	9.77649e+04	9.61244e+04	9.07773e+04	7.59718e+04
9.68740e+04	9.89672e+04	9.77649e+04	9.61244e+04	9.07773e+04	7.59718e+04
9.68740e+04	9.89672e+04	9.77649e+04	9.61244e+04	9.07773e+04	7.59718e+04
9.68740e+04	9.89672e+04	9.77649e+04	9.61244e+04	9.07773e+04	7.59718e+04
9.68740e+04	9.89672e+04	9.77649e+04	9.61244e+04	9.07773e+04	7.59718e+04
9.68740e+04	9.89672e+04	9.77649e+04	9.61244e+04	9.07773e+04	7.59718e+04
9.68740e+04	9.89672e+04	9.77649e+04	9.61244e+04	9.07773e+04	7.59718e+04
9.68740e+04	9.89672e+04	9.77649e+04	9.61244e+04	9.07773e+04	7.59718e+04
9.68740e+04	9.89672e+04	9.77649e+04	9.61244e+04	9.07773e+04	7.59718e+04
9.68740e+04	9.89672e+04	9.77649e+04	9.61244e+04	9.07773e+04	7.59718e+04
9.68740e+04	9.89672e+04	9.77649e+04	9.61244e+04	9.07773e+04	7.59718e+04
9.68740e+04	9.89672e+04	9.77649e+04	9.61244e+04	9.07773e+04	7.59718e+04
9.68740e+04	9.89672e+04	9.77649e+04	9.61244e+04	9.07773e+04	7.59718e+04
9.68740e+04	9.89672e+04	9.77649e+04	9.61244e+04	9.07773e+04	7.59718e+04
9.68740e+04	9.89672e+04	9.77649e+04	9.61244e+04	9.07773e+04	7.59718e+04
9.68740e+04	9.89672e+04	9.77649e+04	9.61244e+04	9.07773e+04	7.59718e+04
9.68740e+04	9.89672e+04	9.77649e+04	9.61244e+04	9.07773e+04	7.59718e+04
9.68740e+04	9.89672e+04	9.77649e+04	9.61244e+04	9.07773e+04	7.59718e+04
9.68740e+04	9.89672e+04	9.77649e+04	9.61244e+04	9.07773e+04	7.59718e+04
9.68740e+04	9.89672e+04	9.77649e+04	9.61244e+04	9.07773e+04	7.59718e+04
9.68740e+04	9.89672e+04	9.77649e+04	9.61244e+04	9.07773e+04	7.59718e+04
9.68740e+04	9.89672e+04	9.77649e+04	9.61244e+04	9.07773e+04	7.59718e+04
9.68740e+04	9.89672e+04	9.77649e+04	9.61244e+04	9.07773e+04	7.59718e+04
9.68740e+04	9.89672e+04	9.77649e+04	9.61244e+04	9.07773e+04	7.59718e+04
9.68740e+04	9.89672e+04	9.77649e+04	9.61244e+04	9.07773e+04	7.59718e+04
9.68740e+04	9.89672e+04	9.77649e+04	9.61244e+04	9.07773e+04	7.59718e+04
9.68740e+04	9.89672e+04	9.77649e+04	9.61244e+04	9.07773e+04	7.59718e+04
9.68740e+04	9.89672e+04	9.77649e+04	9.61244e+04	9.07773e+04	7.59718e+04
9.68740e+04	9.89672e+04	9.77649e+04	9.61244e+04	9.07773e+04	7.59718e+04
9.68740e+04	9.89672e+04	9.77649e+04	9.61244e+04	9.07773e+04	7.59718e+04
9.68740e+04	9.89672e+04	9.77649e+04	9.61244e+04	9.07773e+04	7.59718e+04
9.68740e+04	9.89672e+04	9.77649e+04	9.61244e+04	9.07773e+04	7.59718e+04
9.68740e+04	9.89672e+04	9.77649e+04	9.61244e+04	9.07773e+04	7.59718e+04
9.68740e+04	9.89672e+04	9.77649e+04	9.61244e+04	9.07773e+04	7.59718e+04
9.68740e+04	9.89672e+04	9.77649e+04	9.61244e+04	9.07773e+04	7.59718e+04
9.68740e+04	9.89672e+04	9.77649e+04	9.61244e+04	9.07773e+04	7.59718e+04
9.68740e+04	9.89672e+04	9.77649e+04	9.61244e+04	9.07773e+04	7.59718e+04
9.68740e+04	9.89672e+04	9.77649e+04	9.61244e+04	9.07773e+04	7.59718e+04
9.68740e+04	9.89672e+04	9.77649e+04	9.61244e+04	9.07773e+04	7.59718e+04
9.68740e+04	9.89672e+04	9.77649e+04	9.61244e+04	9.07773e+04	7.59718e+04
9.68740e+04	9.89672e+04	9.77649e+04	9.61244e+04	9.07773e+04	7.59718e+04
9.68740e+04	9.89672e+04	9.77649e+04	9.61244e+04	9.07773e+04	7.59718e+04
9.68740e+04	9.89672e+04	9.77649e+04	9.61244e+04	9.07773e+04	7.59718e+04
9.68740e+04	9.89672e+04	9.77649e+04	9.61244e+04	9.07773e+04	7.59718e+04
9.68740e+04	9.89672e+04	9.77649e+04	9.61244e+04	9.07773e+04	7.59718e+04
9.68740e+04	9.89672e+04	9.77649e+04	9.61244e+04	9.07773e+04	7.59718e+04
9.68740e+04	9.89672e+04	9.77649e+04	9.61244e+04	9.07773e+04	7.59718e+04
9.68740e+04	9.89672e+04	9.77649e+04	9.61244e+04	9.07773e+04	7.59718e+04
9.68740e+04	9.89672e+04	9.77649e+04	9.61244e+04	9.07773e+04	7.59718e+04
9.68740e+04	9.89672e+04	9.77649e+04	9.61244e+04	9.07773e+04	7.59718e+04
9.68740e+04	9.89672e+04	9.77649e+04	9.61244e+04	9.07773e+04	7.59718e+04
9.68740e+04	9.89672e+04	9.77649e+04	9.61244e+04	9.07773e+04	7.59718e+04
9.68740e+04	9.89672e+04	9.77649e+04	9.61244e+04	9.07773e+04	7.59718e+04
9.68740e+04	9.89672e+04	9.77649e+04	9.61244e+04	9.07773e+04	7.59718e+04
9.68740e+04	9.89672e+04	9.77649e+04	9.61244e+04	9.07773e+04	7.59718e+04
9.68740e+04	9.89672e+04	9.77649e+04	9.61244e+04	9.07773e+04	7.59718e+04
9.68740e+04	9.89672e+04	9.77649e+04	9.61244e+04	9.07773e+04	7.59718e+04
9.68740e+04	9.89672e+04	9.77649e+04	9.61244e+04	9.07773e+04	7.59718e+04
9.68740e+04	9.89672e+04	9.77649e+04	9.61244e+04	9.07773e+04	7.59718e+04
9.68740e+04	9.89672e+04	9.77649e+04	9.61244e+04	9.07773e+04	7.59718e+04
9.68740e+04	9.89672e+04	9.77649e+04	9.61244e+04	9.07773e+04	7.59718e+04
9.68740e+04	9.89672e+04	9.77649e+04	9.61244e+04	9.07773e+04	7.59718e+04
9.68740e+04	9.89672e+04	9.77649e+04	9.61244e+04	9.07773e+04	7.59718e+04
9.68740e+04	9.89672e+04	9.77649e+04	9.61244e+04	9.07773e+04	7.59718e+04
9.68740e+04	9.89672e+04	9.77649e+04	9.61244e+04	9.07773e+04	7.59718e+04
9.68740e+04	9.89672e+04	9.77649e+04	9.61244e+04	9.07773e+04	7.59718e+04
9.68740e+04	9.89672e+04	9.77649e+04	9.61244e+04	9.07773e+04	7.59718e+04
9.68740e+04	9.89672e+04	9.77649e+04	9.61244e+04	9.07773e+04	7.59718e+04
9.68740e+04	9.89672e+04	9.77649e+04	9.61244e+04	9.07773e+04	7.59718e+04
9.68740e+04	9.89672e+04	9.77649e+04	9.61244e+04	9.07773e+04	7.59718e+04
9.68740e+04	9.89672e+04	9.77649e+04	9.61244e+04	9.07773e+04	7.59718e+04
9.68740e+04	9.89672e+04	9.77649e+04	9.61244e+04	9.07773e+04	7.59718e+04
9.68740e+04	9.89672e+04	9.77649e+04	9.61244e+04	9.07773e+04	7.59718e+04
9.68740e+04	9.89672e+04	9.77649e+04	9.61244e+04	9.07773e+04	7.59718e+04
9.68740e+04	9.89672e+04	9.77649e+04	9.61244e+04	9.07773e+04	7.59718e+04
9.68740e+04	9.89672e+04	9.77649e+04	9.61244e+04	9.07773e+04	7.59718e+04
9.68740e+04	9.89672e+04	9.77649e+04	9.61244e+04	9.07773e+04	7.59718e+04
9.68740e+04	9.89672e+04	9.77649e+04	9.61244e+04	9.07773e+04	7.59718e+04
9.68740e+04	9.89672e+04	9.77649e+04	9.61244e+04	9.07773e+04	7.59718e+04
9.68740e+04	9.89672e+04	9.77649e+04	9.61244e+04	9.07773e+04	7.59718e+04
9.68740e+04	9.89672e+04	9.77649e+04	9.61244e+04	9.07773e+04	7.59718e+04
9.68740e+04	9.89672e+04	9.77649e+04	9.61244e+04	9.07773e+04	7.59718e+04
9.68740e+04	9.89672e+04	9.77649e+04	9.61244e+04	9.07773e+04	7.59718e+04
9.68740e+04	9.89672e+04	9.77649e+04	9.61244e+04	9.07773e+04	7.59718e+04
9.68740e+04	9.89672e+04	9.77649e+04	9.61244e+04	9.07773e+04	7.59718e+04
9.68740e+04	9.89672e+04	9.77649e+04	9.61244e+04	9.07773e+04	7.59718e+04
9.68740e+04	9.89672e+04	9.77649e+04	9.61244e+04	9.07773e+04	7.59718e+04
9.68740e+04	9.89672e+04	9.77649e+04	9.61244e+04	9.07773e+04	7.59718e+04
9.68740e+04	9.89672e+04	9.77649e+04	9.61244e+04	9.07773e+04	7.59718e+04
9.68740e+04	9.89672e+04	9.77649e+04	9.61244e+04	9.07773e+04	7.59718e+04
9.68740e+04	9.89672e+04	9.77649e+04	9.61244e+04	9.07773e+04	7.59718e+04
9.68740e+04	9.89672e+04	9.77649e+04	9.61244e+04	9.07773e+04	7.59718e+04
9.68740e+04	9.89672e+04	9.77649e+04	9.61244e+04	9.07773e+04	7.59718e+04
9.68740e+04	9.89672e+04	9.77649e+04	9.61244e+04	9.07773e+04	7.59718e+04
9.68740e+04	9.89672e+04	9.77649e+04	9.61244e+04	9.07773e+04	7.59718e+04
9.68740e+04	9.89672e+04	9.77649e+04	9.61244e+04	9.07773e+04	7.59718e+04
9.68740e+04	9.89672e+04	9.77649e+04	9.61244e+04	9.07773e+04	7.59718e+04
9.68740e+04	9.89672e+04	9.77649e+04	9.61244e+04	9.07773e+04	7.59718e+04
9.68740e+04	9.89672e+04	9.77649e+04	9.61244e+04	9.07773e+04	7.59718e+04
9.68740e+04	9.89672e+04	9.77649e+04	9.61244e+04	9.07773e+04	7.59718e+04
9.68740e+04	9.89672e+04	9.77649e+04	9.61244e+04	9.07773e+04	7.59718e+04
9.68740e+04	9.89672e+04	9.77649e+04	9.61244e+04	9.07773e+04	7.59718e+04
9.68740e+04	9.89672e+04	9.77649e+04	9.61244e+04	9.07773e+04	7.59718e+04
9.68740e+04	9.89672e+04	9.77649e+04	9.61244e+04	9.07773e+04	7.59718e+04
9.68740e+04	9.89672e+04	9.77649e+04	9.61244e+04	9.07773e+04	7.59718e+04
9.68740e+04	9.89672e+04	9.77649e+04	9.61244e+04	9.07773e+04	7.59718e+04
9.68740e+04	9.89672e+04	9.77649e+04	9.61244e+04	9.07773e+04	7.59718e+04
9.68740e+04	9.89672e+04	9.77649e+04	9.61244e+04	9.07773e+04	7.59718e+04
9.68740e+04	9.89672e+04	9.77649e+04	9.61244e+04	9.07773e+04	7.59718e+04
9.68740e+04	9.89672e+04	9.77649e+04	9.61244e+04	9.07773e+04	7.59718e+04
9.68740e+04	9.89672e+04	9.77649e+04	9.61244e+04	9.07773e+04	7.59718e+04
9.68740e+04	9.89672e+04	9.77649e+04	9.61244e+04	9.07773e+04	7.59718e+04
9.68740e+04	9.89672e+04	9.77649e+04	9.61244e+04	9.07773e+04	7.59718e+04
9.68740e+04	9.89672e+04	9.77649e+04	9.61244e+04	9.07773e+04	7.59718e+04
9.68740e+04	9.89672e+04	9.77649e+04	9.61244e+04	9.07773e+04	7.59718e+04
9.68740e+04	9.89672e+04	9.77649e+04	9.61244e+04	9.07773e+04	7.59718e+04
9.68740e+04	9.89672e+04	9.77649e+04	9.61244e+04	9.07773e+04	7.59718e+04
9.68740e+04	9.89672e+04	9.77649e+04	9.61244e+04	9.07773e+04	7.59718e+04
9.68740e+04	9.89672e+04	9.77649e+04	9.61244e+04	9.07773e+04	7.59718e+04
9.68740e+04	9.89672e+04	9.77649e+04	9.61244e+04	9.07773e+04	7.59718e+04
9.68740e+04	9.89672e+04	9.77649e+04	9.61244e+04	9.07773e+04	7.59718e+04
9.68740e+04	9.89672e+04	9.77649e+04	9.61244e+04	9.07773e+04	7.59718e+04
9.68740e+04	9.89672e+04	9.77649e+04	9.61244e+04	9.07773e+04	7.59718e+04
9.68740e+04	9.89672e+04	9.77649e+04	9.61244e+04	9.07773e+04	7.59718e+04
9.68740e+04	9.89672e+04	9.77649e+04	9.61244e+04	9.07773e+04	7.59718e+04
9.68740e+04	9.89672e+04	9.77649e+04	9.61244e+04	9.07773e+04	7.59718e+04
9.68740e+04	9.89672e+04	9.77649e+04	9.61244e+04	9.07773e+04	7.59718e+04
9.68740e+04	9.89672e+04	9.77649e+04	9.61244e+04	9.07773e+04	7.59718e+04
9.68740e+04	9.89672e+04	9.77649e+04	9.61244e+04	9.07773e+04	7.59718e+04
9.68740e+04	9.89672e+04	9.77649e+04	9.61244e+04	9.07773e+04	7.59718e+04
9.68740e+04	9.89672e+04	9.77649e+04	9.61244e+04	9.07773e+04	7.59718e+04
9.68740e+04	9.89672e+04	9.77649e+04	9.61244e+04	9.07773e+04	7.59718e+04
9.68740e+04	9.89672e+04	9.77649e+04	9.61244e+04	9.07773e+04	7.59718e+04
9.68740e+04	9.89672e+04	9.77649e+04	9.61244e+04	9.07773e+04	7.59718e+04
9.68740e+04	9.89672e+04	9.77649e+04	9.61244e+04	9.07773e+04	7.59718e+04
9.68740e+04	9.89672e+04	9.77649e+04	9.61244e+04	9.07773e+04	7.59718e+04
9.68740e+04	9.89672e+04	9.77649e+04	9.61244e+04	9.07773e+04	7.59718e+04
9.68740e+04	9.89672e+04	9.77649e+04	9.61244e+04	9.07773e+04	7.59718e+04
9.68740e+04	9.89672e+04	9.77649e+04	9.61244e+04	9.07773e+04	7.59718e+04
9.68740e+04	9.89672e+04	9.77649e+04	9.61244e+04	9.07773e+04	7.59718e+04
9.68740e+04	9.89672e+04	9.77649e+04	9.61244e+04	9.07773e+04	7.59718e+04
9.68740e+04	9.89672e+04	9.77649e+04	9.61244e+04	9.07773e+04	7.59718e+04
9.68740e+04	9.89672e+04	9.77649e+04	9.61244e+04	9.07773e+04	7.59718e+04
9.68740e+04	9.89672e+04	9.77649e+04	9.61244e+04	9.07773e+04	7.59718e+04
9.68740e+04	9.89672e+04	9.77649e+04	9.61244e+04	9.07773e+04	7.59718e+04
9.68740e+04	9.89672e+04	9.77649e+04	9.61244e+04	9.07773e+04	7.59718e+04
9.68740e+04	9.89672e+04	9.77649e+04	9.61244e+04	9.07773e+04	7.59718e+04
9.68740e+04	9.89672e+04	9.77649e+04	9.61244e+04	9.07773e+04	7.59718e+04
9.68740e+04	9.89672e+04	9.77649e+04	9.61244e+04	9.07773e+04	7.59718e+04
9.68740e+04	9.89672e+04	9.77649e+04	9.61244e+04	9.07773e+04	7.59718e+04
9.68740e+04	9.89672e+04	9.77649e+04	9.61244e+04	9.07773e+04	7.59718e+04
9.68740e+04	9.89672e+04	9.77649e+04	9.61244e+04	9.07773e+04	7.59718e+04
9.68740e+04	9.89672e+04	9.77649e+04	9.61244e+04	9.07773e+04	7.59718e+04
9.68740e+04	9.89672e+04	9.77649e+04	9.61244e+04	9.07773e+04	7.59718e+04
9.68740e+04	9.89672e+04	9.77649e+04	9.61244e+04	9.07773e+04	7.59718e+04
9.68740e+04	9.89672e+04	9.77649e+04	9.61244e+04	9.07773e+04	7.59718e+04
9.68740e+04	9.89672e+04	9.77649e+04	9.61244e+04	9.07773e+04	7.59718e+04
9.68740e+04	9.89672e+04	9.77649e+04	9.61244e+04	9.07773e+04	7.59718e+04
9.68740e+04	9.89672e+04	9.77649e+04	9.61244e+04	9.07773e+04	7.59718e+04
9.68740e+04	9.89672e+04	9.77649e+04	9.61244e+04	9.07773e+04	7.59718e+04
9.68740e+04	9.89672e+04	9.77649e+04	9.61244e+04	9.07773e+04	7.59718e+04
9.68740e+04	9.89672e+04	9.77649e+04	9.61244e+04	9.07773e+04	7.59718e+04
9.68740e+04	9.89672e+04	9.77649e+04	9.61244e+04	9.07773e+04	7.59718e+04
9.68740e+04	9.89672e+04	9.77649e+04	9.61244e+04	9.07773e+04	7.59718e+04
9.68740e+04	9.89672e+04	9.77649e+04	9.61244e+04	9.07773e+04	7.59718e+04
9.68740e+04	9.89672e+04	9.77649e+04	9.61244e+04	9.07773e+04	7.59718e+04
9.68740e+04	9.89672e+04	9.77649e+04	9.61244e+04	9.07773e+04	7.59718e+04
9.68740e+04	9.89672e+04	9.77649e+04	9.61244e+04	9.07773e+04	7.59718e+04
9.68740e+04	9.89672e+04	9.77649e+04	9.61244e+04	9.07773e+04	7.59718e+04
9.68740e+04	9.89672e+04	9.77649e+04	9.61244e+04	9.07773e+04	7.59718e+04
9.68740e+04	9.89672e+04	9.77649e+04	9.61244e+04	9.07773e+04	7.59718e+04
9.68740e+04	9.89672e+04	9.77649e+04	9.61244e+04	9.07773e+04	7.59718e+04
9.68740e+04	9.89672e+04	9.77649e+04	9.61244e+04	9.07773e+04	7.59718e+04
9.68740e+04	9.89672e+04	9.77649e+04	9.61244e+04	9.07773e+04	7.59718e+04
9.68740e+04	9.89672e+04	9.77649e+04	9.61244e+04	9.07773e+04	7.59718e+04
9.68740e+04	9.89672e+04	9.77649e+04	9.61244e+04	9.07773e+04	7.59718e+04
9.68740e+04	9.89672e+04	9.77649e+04	9.61244e+04	9.07773e+04	7.59718e+04
9.68740e+04	9.89672e+04	9.77649e+04	9.61244e+04	9.07773e+04	7.59718e+04
9.68740e+04	9.89672e+04	9.77649e+04	9.61244e+04	9.07773e+04	7.59718e+04
9.68740e+04	9.89672e+04	9.77649e+04	9.61244e+04	9.07773e+04	7.59718e+04
9.68740e+04	9.89672e+04	9.77649e+04	9.61244e+04	9.07773e+04	7.59718e+04
9.68740e+04	9.89672e+04	9.77649e+04	9.61244e+04	9.07773e+04	7.59718e+04
9.68740e+04	9.89672e+04	9.77649e+04	9.61244e+04	9.07773e+04	7.59718e+04
9.68740e+04	9.89672e+04	9.77649e+04	9.61244e+04	9.07773e+04	7.59718e+04
9.68740e+04	9.89672e+04	9.77649e+04	9.61244e+04	9.07773e+04	7.59718e+04
9.68740e+04	9.89672e+04	9.77649e+04	9.61244e+04	9.07773e+04	7.59718e+04
9.68740e+04	9.89672e+04	9.77649e+04	9.61244e+04	9.07773e+04	7.59718e+04
9.68740e+04	9.89672e+04	9.77649e+04	9.61244e+04	9.07773e+04	7.59718e+04
9.68740e+04	9.89672e+04	9.77649e+04	9.61244e+04	9.07773e+04	7.59718e+04
9.68740e+04	9.89672e+04	9.77649e+04	9.61244e+04	9.07773e+04	7.59718e+04
9.68740e+04	9.89672e+04	9.77649e+04	9.61244e+04	9.07773e+04	7.59718e+04
9.68740e+04	9.89672e+04	9.77649e+04	9.61244e+04	9.07773e+04	7.59718e+04
9.68740e+04	9.89672e+04	9.77649e+04	9.61244e+04	9.07773e+04	7.59718e+04
9.68740e+04	9.89672e+04	9.77649e+04	9.61244e+04	9.07773e+04	7.59718e+04
9.68740e+04	9.89672e+04	9.77649e+04	9.61244e+04	9.07773e+04	7.59718e+04
9.68740e+04	9.89672e+04	9.77649e+04	9.61244e+04	9.07773e+04	7.59718e+04
9.68740e+04	9.89672e+04	9.77649e+04	9.61244e+04	9.07773e+04	7.59718e+04
9.68740e+04	9.89672e+04	9.77649e+04	9.61244e+04	9.07773e+04	7.59718e+04
9.68740e+04	9.89672e+04	9.77649e+04	9.61244e+04	9.07773e+04	7.59718e+04
9.68740e+04	9.89672e+04	9.77649e+04	9.61244e+04	9.07773e+04	7.59718e+04
9.68740e+04	9.89672e+04	9.77649e+04	9.61244e+04	9.07773e+04	7.59718e+04
9.68740e+04	9.89672e+04	9.77649e+04	9.61244e+04	9.07773e+04	7.59718e+04
9.68740e+04	9.89672e+04	9.77649e+04	9.61244e+04	9.07773e+04	7.59718e+04
9.68740e+04	9.89672e+04	9.77649e+04	9.61244e+04	9.07773e+04	7.59718e+04
9.68740e+04	9.89672e+04	9.77649e+04	9.61244e+04	9.07773e+04	7.59718e+04
9.68740e+04	9.89672e+04	9.77649e+04	9.61244e+04	9.07773e+04	7.59718e+04
9.68740e+04	9.89672e+04	9.77649e+04	9.61244e+04	9.07773e+04	7.59718e+04
9.68740e+04	9.89672e+04	9.77649e+04	9.61244e+04	9.07773e+04	7.59718e+04
9.68740e+04	9.89672e+04	9.77649e+04	9.61244e+04	9.07773e+04	7.59718e+04
9.68740e+04	9.89672e+04	9.77649e+04	9.61244e+04	9.07773e+04	7.59718e+04
9.68740e+04	9.89672e+04	9.77649e+04	9.61244e+04	9.07773e+04	7.59718e+04
9.68740e+04	9.89672e+04	9.77649e+04	9.61244e+04	9.07773e+04	7.59718e+04
9.68740e+04	9.89672e+04	9.77649e+04	9.61244e+04	9.07773e+04	7.59718e+04
9.68740e+04	9.89672e+04	9.77649e+04	9.61244e+04	9.07773e+04	7.59718e+04
9.68740e+04	9.89672e+04	9.77649e+04	9.61244e+04	9.07773e+04	7.59718e+04
9.68740e+04	9.89672e+04	9.77649e+04	9.61244e+04	9.07773e+04	7.59718e+04
9.68740e+04	9.89672e+04	9.77649e+04	9.61244e+04	9.07773e+04	7.59718e+04
9.68740e+04	9.89672e+04	9.77649e+04	9.61244e+04	9.07773e+04	7.59718e+04
9.68740e+04	9.89672e+04	9.77649e+04	9.61244e+04	9.07773e+04	7.59718e+04
9.68740e+04	9.89672e+04	9.77649e+04	9.61244e+04	9.07773e+04	7.59718e+04
9.68740e+04	9.89672e+04	9.77649e+04	9.61244e+04	9.07773e+04	7.59718e+04
9.68740e+04	9.89672e+04	9.77649e+04	9.61244e+04	9.07773e+04	7.59718e+04
9.68740e+04	9.89672e+04	9.77649e+04	9.61244e+04	9.07773e+04	7.59718e+04
9.68740e+04	9.89672e+04	9.77649e+04	9.61244e+04	9.07773e+04	7.59718e+04
9.68740e+04	9.89672e+04	9.77649e+04	9.61244e+04	9.07773e+04	7.59718e+04
9.68740e+04	9.89672e+04	9.77649e+04	9.61244e+04	9.07773e+04	7.59718e+04
9.68740e+04	9.89672e+04	9.77649e+04	9.61244e+04	9.07773e+04	7.59718e+04
9.68740e+04	9.89672e+04	9.77649e+04	9.61244e+04	9.07773e+04	7.59718e+04
9.68740e+04	9.89672e+04	9.77649e+04	9.61244e+04	9.07773e+04	7.59718e+04
9.68740e+04	9.89672e+04	9.77649e+04	9.61244e+04	9.07773e+04	7.59718e+04
9.68740e+04	9.89672e+04	9.77649e+04	9.61244e+04	9.07773e+04	7.59718e+04
9.68740e+04	9.89672e+04	9.77649e+04	9.61244e+04	9.07773e+04	7.59718e+04
9.68740e+04	9.89672e+04	9.77649e+04	9.61244e+04	9.07773e+04	7.59718e+04
9.68740e+04	9.89672e+04	9.77649e+04	9.61244e+04	9.07773e+04	7.59718e+04
9.68740e+04	9.89672e+04	9.77649e+04	9.61244e+04	9.07773e+04	7.59718e+04
9.68740e+04	9.89672e+04	9.77649e+04	9.61244e+04	9.07773e+04	7.59718e+04
9.68740e+04	9.89672e+04	9.77649e+04	9.61244e+04	9.07773e+04	7.59718e+04
9.68740e+04	9.89672e+04	9.77649e+04	9.61244e+04	9.07773e+04	7.59718e+04
9.68740e+04	9.89672e+04	9.77649e+04	9.61244e+04	9.07773e+04	7.59718e+04
9.68740e+04	9.89672e+04	9.77649e+04	9.61244e+04	9.07773e+04	7.59718e+04
9.68740e+04	9.89672e+04	9.77649e+04	9.61244e+04	9.07773e+04	7.59718e+04
9.68740e+04	9.89672e+04	9.77649e+04	9.61244e+04	9.07773e+04	7.59718e+04
9.68740e+04	9.89672e+04	9.77649e+04	9.61244e+04	9.07773e+04	7.59718e+04
9.68740e+04	9.89672e+04	9.77649e+04	9.61244e+04	9.07773e+04	7.59718e+04
9.68740e+04	9.89672e+04	9.77649e+04	9.61244e+04	9.07773e+04	7.59718e+04
9.68740e+04	9.89672e+04	9.77649e+04	9.61244e+04	9.07773e+04	7.59718e+04
9.68740e+04	9.89672e+04	9.77649e+04	9.61244e+04	9.07773e+04	7.59718e+04
9.68740e+04	9.89672e+04	9.77649e+04	9.61244e+04	9.07773e+04	7.59718e+04
9.68740e+04	9.89672e+04	9.77649e+04	9.61244e+04	9.07773e+04	7.59718e+04
9.68740e+04	9.89672e+04	9.77649e+04	9.61244e+04	9.07773e+04	7.59718e+04
9.68740e+04	9.89672e+04	9.77649e+04	9.61244e+04	9.07773e+04	7.59718e+04
9.68740e+04	9.89672e+04	9.77649e+04	9.61244e+04	9.07773e+04	7.59718e+04
9.68740e+04	9.89672e+04	9.77649e+04	9.61244e+04	9.07773e+04	7.59718e+04
9.68740e+04	9.89672e+04	9.77649e+04	9.61244e+04	9.07773e+04	7.59718e+04
9.68740e+04	9.89672e+04	9.77649e+04	9.61244e+04	9.07773e+04	7.59718e+04
9.68740e+04	9.89672e+04	9.77649e+04	9.61244e+04	9.07773e+04	7.59718e+04
9.68740e+04	9.89672e+04	9.77649e+04	9.61244e+04	9.07773e+04	7.59718e+04
9.68740e+04	9.89672e+04	9.77649e+04	9.61244e+04	9.07773e+04	7.59718e+04
9.68740e+04	9.89672e+04	9.77649e+04	9.61244e+04	9.07773e+04	7.59718e+04
9.68740e+04	9.89672e+04	9.77649e+04	9.61244e+04	9.07773e+04	7.59718e+04
9.68740e+04	9.89672e+04	9.77649e+04	9.61244e+04	9.07773e+04	7.59718e+04
9.68740e+04	9.89672e+04	9.77649e+04	9.61244e+04	9.07773e+04	7.59718e+04
9.68740e+04	9.89672e+04	9.77649e+04	9.61244e+04	9.07773e+04	7.59718e+04
9.68740e+04	9.89672e+04	9.77649e+04	9.61244e+04	9.07773e+04	7.59718e+04
9.68740e+04	9.89672e+04	9.77649e+04	9.61244e+04	9.07773e+04	7.59718e+04
9.68740e+04	9.89672e+04	9.77649e+04	9.61244e+04	9.07773e+04	7.59718e+04
9.68740e+04	9.89672e+04	9.77649e+04	9.61244e+04	9.07773e+04	7.59718e+04
9.68740e+04	9.89672e+04	9.77649e+04	9.61244e+04	9.07773e+04	7.59718e+04
9.68740e+04	9.89672e+04	9.77649e+04	9.61244e+04	9.07773e+04	7.59718e+04
9.68740e+04	9.89672e+04	9.77649e+04	9.61244e+04	9.07773e+04	7.59718e+04
9.68740e+04	9.89672e+04	9.77649e+04	9.61244e+04	9.07773e+04	7.59718e+04
9.68740e+04	9.89672e+04	9.77649e+04	9.61244e+04	9.07773e+04	7.59718e+04
9.68740e+04	9.89672e+04	9.77649e+04	9.61244e+04	9.07773e+04	7.59718e+04
9.68740e+04	9.89672e+04	9.77649e+04	9.61244e+04	9.07773e+04	7.59718e+04
9.68740e+04	9.89672e+04	9.77649e+04	9.61244e+04	9.07773e+04	7.59718e+04
9.68740e+04	9.89672e+04	9.77649e+04	9.61244e+04	9.07773e+04	7.59718e+04
9.68740e+04	9.89672e+04	9.77649e+04	9.61244e+04	9.07773e+04	7.59718e+04
9.68740e+04	9.89672e+04	9.77649e+04	9.61244e+04	9.07773e+04	7.59718e+04
9.68740e+04	9.89672e+04	9.77649e+04	9.61244e+04	9.07773e+04	7.59718e+04
9.68740e+04	9.89672e+04	9.77649e+04	9.61244e+04	9.07773e+04	7.59718e+04
9.68740e+04	9.89672e+04	9.77649e+04	9.61244e+04	9.07773e+04	7.59718e+04
9.68740e+04	9.89672e+04	9.77649e+04	9.61244e+04	9.07773e+04	7.59718e+04
9.68740e+04	9.89672e+04	9.77649e+04	9.61244e+04	9.07773e+04	7.59718e+04
9.68740e+04	9.89672e+04	9.77649e+04	9.61244e+04	9.07773e+04	7.59718e+04
9.68740e+04	9.89672e+04	9.77649e+04	9.61244e+04	9.07773e+04	7.59718e+04
9.68740e+04	9.89672e+04	9.77649e+04	9.61244e+04	9.07773e+04	7.59718e+04
9.68740e+04	9.89672e+04	9.77649e+04	9.61244e+04	9.07773e+04	7.59718e+04
9.68740e+04	9.89672e+04	9.77649e+04	9.61244e+04	9.07773e+04	7.59718e+04
9.68740e+04	9.89672e+04	9.77649e+04	9.61244e+04	9.07773e+04	7.59718e+04
9.68740e+04	9.89672e+04	9.77649e+04	9.61244e+04	9.07773e+04	7.59718e+04
9.68740e+04	9.89672e+04	9.77649e+04	9.61244e+04	9.07773e+04	7.59718e+04
9.68740e+04	9.89672e+04	9.77649e+04	9.61244e+04	9.07773e+04	7.59718e+04
9.68740e+04	9.89672e+04	9.77649e+04	9.61244e+04	9.07773e+04	7.59718e+04
9.68740e+04	9.89672e+04	9.77649e+04	9.61244e+04	9.07773e+04	7.59718e+04
9.68740e+04	9.89672e+04	9.77649e+04	9.61244e+04	9.07773e+04	7.59718e+04
9.68740e+04	9.89672e+04	9.77649e+04	9.61244e+04	9.07773e+04	7.59718e+04
9.68740e+04	9.89672e+04	9.77649e+04	9.61244e+04	9.07773e+04	7.59718e+04
9.68740e+04	9.89672e+04	9.77649e+04	9.61244e+04	9.07773e+04	7.59718e+04
9.68740e+04	9.89672e+04	9.77649e+04	9.61244e+04	9.07773e+04	7.59718e+04
9.68740e+04	9.89672e+04	9.77649e+04	9.61244e+04	9.07773e+04	7.59718e+04
9.68740e+04	9.89672e+04	9.77649e+04	9.61244e+04	9.07773e+04	7.59718e+04
9.68740e+04	9.89672e+04	9.77649e+04	9.61244e+04	9.07773e+04	7.59718e+04
9.68740e+04	9.89672e+04	9.77649e+04	9.61244e+04	9.07773e+04	7.59718e+04
9.68740e+04	9.89672e+04	9.77649e+04	9.61244e+04	9.07773e+04	7.59718e+04
9.68740e+04	9.89672e+04	9.77649e+04	9.61244e+04	9.07773e+04	7.59718e+04
9.68740e+04	9.89672e+04	9.77649e+04	9.61244e+04	9.07773e+04	7.59718e+04
9.68740e+04	9.89672e+04	9.77649e+04	9.61244e+04	9.07773e+04	7.59718e+04
9.68740e+04	9.89672e+04	9.77649e+04	9.61244e+04	9.07773e+04	7.59718e+04
9.68740e+04	9.89672e+04	9.77649e+04	9.61244e+04	9.07773e+04	7.59718e+04
9.68740e+04	9.89672e+04	9.77649e+04	9.61244e+04	9.07773e+04	7.59718e+04
9.68740e+04	9.89672e+04	9.77649e+04	9.61244e+04	9.07773e+04	7.59718e+04
9.68740e+04	9.89672e+04	9.77649e+04	9.61244e+04	9.07773e+04	7.59718e+04
9.68740e+04	9.89672e+04	9.77649e+04	9.61244e+04	9.07773e+04	7.59718e+04
9.68740e+04	9.89672e+04	9.77649e+04	9.61244e+04	9.07773e+04	7.59718e+04
9.68740e+04	9.89672e+04	9.77649e+04	9.61244e+04	9.07773e+04	7.59718e+04
9.68740e+04	9.89672e+04	9.77649e+04	9.61244e+04	9.07773e+04	7.59718e+04
9.68740e+04	9.89672e+04	9.77649e+04	9.61244e+04	9.07773e+04	7.59718e+04
9.68740e+04	9.89672e+04	9.77649e+04	9.61244e+04	9.07773e+04	7.59718e+04
9.68740e+04	9.89672e+04	9.77649e+04	9.61244e+04	9.07773e+04	7.59718e+04
9.68740e+04	9.89672e+04	9.77649e+04	9.61244e+04	9.07773e+04	7.59718e+04
9.68740e+04	9.89672e+04	9.77649e+04	9.61244e+04	9.07773e+04	7.59718e+04
9.68740e+04	9.89672e+04	9.77649e+04	9.61244e+04	9.07773e+04	7.59718e+04
9.68740e+04	9.89672e+04	9.77649e+04	9.61244e+04	9.07773e+04	7.59718e+04
9.68740e+04	9.89672e+04	9.77649e+04	9.61244e+04	9.07773e+04	7.59718e+04
9.68740e+04	9.89672e+04	9.77649e+04	9.61244e+04	9.07773e+04	7.59718e+04
9.68740e+04	9.89672e+04	9.77649e+04	9.61244e+04	9.07773e+04	7.59718e+04
4.97658e+04	4.96777e+04	4.93974e+04	4.85155e+04	4.58222e+04	3.83479e+04
4.97658e+04	4.96777e+04	4.93974e+04	4.85155e+04	4.58222e+04	3.83479e+04
4.97658e+04	4.96777e+04	4.93974e+04	4.85155e+04	4.58222e+04	3.83479e+04
4.97658e+04	4.96777e+04	4.93974e+04	4.85155e+04	4.58222e+04	3.83479e+04
4.97658e+04	4.96777e+04	4.93974e+04	4.85155e+04	4.58222e+04	3.83479e+04
4.97658e+04	4.96777e+04	4.93974e+04	4.85155e+04	4.58222e+04	3.83479e+04
4.97658e+04	4.96777e+04	4.93974e+04	4.85155e+04	4.58222e+04	3.83479e+04
4.97658e+04	4.96777e+04	4.93974e+04	4.85155e+04	4.58222e+04	3.83479e+04
4.97658e+04	4.96777e+04	4.93974e+04	4.85155e+04	4.58222e+04	3.83479e+04
4.97658e+04	4.96777e+04	4.93974e+04	4.85155e+04	4.58222e+04	3.83479e+04
4.97658e+04	4.96777e+04	4.93974e+04	4.85155e+04	4.58222e+04	3.83479e+04
4.97658e+04	4.96777e+04	4.93974e+04	4.85155e+04	4.58222e+04	3.83479e+04
4.97658e+04	4.96777e+04	4.93974e+04	4.85155e+04	4.58222e+04	3.83479e+04
4.97658e+04	4.96777e+04	4.93974e+04	4.85155e+04	4.58222e+04	3.83479e+04
4.97658e+04	4.96777e+04	4.93974e+04	4.85155e+04	4.58222e+04	3.83479e+04
4.97658e+04	4.96777e+04	4.93974e+04	4.85155e+04	4.58222e+04	3.83479e+04
4.97658e+04	4.96777e+04	4.93974e+04	4.85155e+04	4.58222e+04	3.83479e+04
4.97658e+04	4.96777e+04	4.93974e+04	4.85155e+04	4.58222e+04	3.83479e+04
4.97658e+04	4.96777e+04	4.93974e+04	4.85155e+04	4.58222e+04	3.83479e+04
4.97658e+04	4.96777e+04	4.93974e+04	4.85155e+04	4.58222e+04	3.83479e+04
4.97658e+04	4.96777e+04	4.93974e+04	4.85155e+04	4.58222e+04	3.83479e+04
4.97658e+04	4.96777e+04	4.93974e+04	4.85155e+04	4.58222e+04	3.83479e+04
4.97658e+04	4.96777e+04	4.93974e+04	4.85155e+04	4.58222e+04	3.83479e+04
4.97658e+04	4.96777e+04	4.93974e+04	4.85155e+04	4.58222e+04	3.83479e+04
4.97658e+04	4.96777e+04	4.93974e+04	4.85155e+04	4.58222e+04	3.83479e+04
4.97658e+04	4.96777e+04	4.93974e+04	4.85155e+04	4.58222e+04	3.83479e+04
4.97658e+04	4.96777e+04	4.93974e+04	4.85155e+04	4.58222e+04	3.83479e+04
4.97658e+04	4.96777e+04	4.93974e+04	4.85155e+04	4.58222e+04	3.83479e+04
4.97658e+04	4.96777e+04	4.93974e+04	4.85155e+04	4.58222e+04	3.83479e+04
4.97658e+04	4.96777e+04	4.93974e+04	4.85155e+04	4.58222e+04	3.83479e+04
4.97658e+04	4.96777e+04	4.93974e+04	4.85155e+04	4.58222e+04	3.83479e+04
4.97658e+04	4.96777e+04	4.93974e+04	4.85155e+04	4.58222e+04	3.83479e+04
4.97658e+04	4.96777e+04	4.93974e+04	4.85155e+04	4.58222e+04	3.83479e+04
4.97658e+04	4.96777e+04	4.93974e+04	4.85155e+04	4.58222e+04	3.83479e+04
4.97658e+04	4.96777e+04	4.93974e+04	4.85155e+04	4.58222e+04	3.83479e+04
4.97658e+04	4.96777e+04	4.93974e+04	4.85155e+04	4.58222e+04	3.83479e+04
4.97658e+04	4.96777e+04	4.93974e+04	4.85155e+04	4.58222e+04	3.83479e+04
4.97658e+04	4.96777e+04	4.93974e+04	4.85155e+04	4.58222e+04	3.83479e+04
4.97658e+04	4.96777e+04	4.93974e+04	4.85155e+04	4.58222e+04	3.83479e+04
4.97658e+04	4.96777e+04	4.93974e+04	4.85155e+04	4.58222e+04	3.83479e+04
4.97658e+04	4.96777e+04	4.93974e+04	4.85155e+04	4.58222e+04	3.83479e+04
4.97658e+04	4.96777e+04	4.93974e+04	4.85155e+04	4.58222e+04	3.83479e+04
4.97658e+04	4.96777e+04	4.93974e+04	4.85155e+04	4.58222e+04	3.83479e+04
4.97658e+04	4.96777e+04	4.93974e+04	4.85155e+04	4.58222e+04	3.83479e+04
4.97658e+04	4.96777e+04	4.93974e+04	4.85155e+04	4.58222e+04	3.83479e+04
4.97658e+04	4.96777e+04	4.93974e+04	4.85155e+04	4.58222e+04	3.83479e+04
4.97658e+04	4.96777e+04	4.93974e+04	4.85155e+04	4.58222e+04	3.83479e+04
4.97658e+04	4.96777e+04	4.93974e+04	4.85155e+04	4.58222e+04	3.83479e+04
4.97658e+04	4.96777e+04	4.93974e+04	4.85155e+04	4.58222e+04	3.83479e+04
4.97658e+04	4.96777e+04	4.93974e+04	4.85155e+04	4.58222e+04	3.83479e+04
4.97658e+04	4.96777e+04	4.93974e+04	4.85155e+04	4.58222e+04	3.83479e+04
4.97658e+04	4.96777e+04	4.93974e+04	4.85155e+04	4.58222e+04	3.83479e+04
4.97658e+04	4.96777e+04	4.93974e+04	4.85155e+04	4.58222e+04	3.83479e+04
4.97658e+04	4.96777e+04	4.93974e+04	4.85155e+04	4.58222e+04	3.83479e+04
4.97658e+04	4.96777e+04	4.93974e+04	4.85155e+04	4.58222e+04	3.83479e+04
4.97658e+04	4.96777e+04	4.93974e+04	4.85155e+04	4.58222e+04	3.83479e+04
4.97658e+04	4.96777e+04	4.93974e+04	4.85155e+04	4.58222e+04	3.83479e+04
4.97658e+04	4.96777e+04	4.93974e+04	4.85155e+04	4.58222e+04	3.83479e+04
4.97658e+04	4.96777e+04	4.93974e+04	4.85155e+04	4.58222e+04	3.83479e+04
4.97658e+04	4.96777e+04	4.93974e+04	4.85155e+04	4.58222e+04	3.83479e+04
4.97658e+04	4.96777e+04	4.93974e+04	4.85155e+04	4.58222e+04	3.83479e+04
4.97658e+04	4.96777e+04	4.93974e+04	4.85155e+04	4.58222e+04	3.83479e+04
4.97658e+04	4.96777e+04	4.93974e+04	4.85155e+04	4.58222e+04	3.83479e+04
4.97658e+04	4.96777e+04	4.93974e+04	4.85155e+04	4.58222e+04	3.83479e+04
4.97658e+04	4.96777e+04	4.93974e+04	4.85155e+04	4.58222e+04	3.83479e+04
4.97658e+04	4.96777e+04	4.93974e+04	4.85155e+04	4.58222e+04	3.83479e+04
4.97658e+04	4.96777e+04	4.93974e+04	4.85155e+04	4.58222e+04	3.83479e+04
4.97658e+04	4.96777e+04	4.93974e+04	4.85155e+04	4.58222e+04	3.83479e+04
4.97658e+04	4.96777e+04	4.93974e+04	4.85155e+04	4.58222e+04	3.83479e+04
4.97658e+04	4.96777e+04	4.93974e+04	4.85155e+04	4.58222e+04	3.83479e+04
4.97658e+04	4.96777e+04	4.93974e+04	4.85155e+04	4.58222e+04	3.83479e+04
4.97658e+04	4.96777e+04	4.93974e+04	4.85155e+04	4.58222e+04	3.83479e+04
4.97658e+04	4.96777e+04	4.93974e+04	4.85155e+04	4.58222e+04	3.83479e+04
4.97658e+04	4.96777e+04	4.93974e+04	4.85155e+04	4.58222e+04	3.83479e+04
4.97658e+04	4.96777e+04	4.93974e+04	4.85155e+04	4.58222e+04	3.83479e+04
4.97658e+04	4.96777e+04	4.93974e+04	4.85155e+04	4.58222e+04	3.83479e+04
4.97658e+04	4.96777e+04	4.93974e+04	4.85155e+04	4.58222e+04	3.83479e+04
4.97658e+04	4.96777e+04	4.93974e+04	4.85155e+04	4.58222e+04	3.83479e+04
4.97658e+04	4.96777e+04	4.93974e+04	4.85155e+04	4.58222e+04	3.83479e+04
4.97658e+04	4.96777e+04	4.93974e+04	4.85155e+04	4.58222e+04	3.83479e+04
4.97658e+04	4.96777e+04	4.93974e+04	4.85155e+04	4.58222e+04	3.83479e+04
4.97658e+04	4.96777e+04	4.93974e+04	4.85155e+04	4.58222e+04	3.83479e+04
4.97658e+04	4.96777e+04	4.93974e+04	4.85155e+04	4.58222e+04	3.83479e+04
4.97658e+04	4.96777e+04	4.93974e+04	4.85155e+04	4.58222e+04	3.83479e+04
4.97658e+04	4.96777e+04	4.93974e+04	4.85155e+04	4.58222e+04	3.83479e+04
4.97658e+04	4.96777e+04	4.93974e+04	4.85155e+04	4.58222e+04	3.83479e+04
4.97658e+04	4.96777e+04	4.93974e+04	4.85155e+04	4.58222e+04	3.83479e+04
4.97658e+04	4.96777e+04	4.93974e+04	4.85155e+04	4.58222e+04	3.83479e+04
4.97658e+04	4.96777e+04	4.93974e+04	4.85155e+04	4.58222e+04	3.83479e+04
4.97658e+04	4.96777e+04	4.93974e+04	4.85155e+04	4.58222e+04	3.83479e+04
4.97658e+04	4.96777e+04	4.93974e+04	4.85155e+04	4.58222e+04	3.83479e+04
4.97658e+04	4.96777e+04	4.93974e+04	4.85155e+04	4.58222e+04	3.83479e+04
4.97658e+04	4.96777e+04	4.93974e+04	4.85155e+04	4.58222e+04	3.83479e+04
4.97658e+04	4.96777e+04	4.93974e+04	4.85155e+04	4.58222e+04	3.83479e+04
4.97658e+04	4.96777e+04	4.93974e+04	4.85155e+04	4.58222e+04	3.83479e+04
4.97658e+04	4.96777e+04	4.93974e+04	4.85155e+04	4.58222e+04	3.83479e+04
4.97658e+04	4.96777e+04	4.93974e+04	4.85155e+04	4.58222e+04	3.83479e+04
4.97658e+04	4.96777e+04	4.93974e+04	4.85155e+04	4.58222e+04	3.83479e+04
4.97658e+04	4.96777e+04	4.93974e+04	4.85155e+04	4.58222e+04	3.83479e+04
4.97658e+04	4.96777e+04	4.93974e+04	4.85155e+04	4.58222e+04	3.83479e+04
4.97658e+04	4.96777e+04	4.93974e+04	4.85155e+04	4.58222e+04	3.83479e+04
4.97658e+04	4.96777e+04	4.93974e+04	4.85155e+04	4.58222e+04	3.83479e+04
4.97658e+04	4.96777e+04	4.93974e+04	4.85155e+04	4.58222e+04	3.83479e+04
4.97658e+04	4.96777e+04	4.93974e+04	4.85155e+04	4.58222e+04	3.83479e+04
4.97658e+04	4.96777e+04	4.93974e+04	4.85155e+04	4.58222e+04	3.83479e+04
4.97658e+04	4.96777e+04	4.93974e+04	4.85155e+04	4.58222e+04	3.83479e+04
4.97658e+04	4.96777e+04	4.93974e+04	4.85155e+04	4.58222e+04	3.83479e+04
4.97658e+04	4.96777e+04	4.93974e+04	4.85155e+04	4.58222e+04	3.83479e+04
4.97658e+04	4.96777e+04	4.93974e+04	4.85155e+04	4.58222e+04	3.83479e+04
4.97658e+04	4.96777e+04	4.93974e+04	4.85155e+04	4.58222e+04	3.83479e+04
4.97658e+04	4.96777e+04	4.93974e+04	4.85155e+04	4.58222e+04	3.83479e+04
4.97658e+04	4.96777e+04	4.93974e+04	4.85155e+04	4.58222e+04	3.83479e+04
4.97658e+04	4.96777e+04	4.93974e+04	4.85155e+04	4.58222e+04	3.83479e+04
4.97658e+04	4.96777e+04	4.93974e+04	4.85155e+04	4.58222e+04	3.83479e+04
4.97658e+04	4.96777e+04	4.93974e+04	4.85155e+04	4.58222e+04	3.83479e+04
4.97658e+04	4.96777e+04	4.93974e+04	4.85155e+04	4.58222e+04	3.83479e+04
4.97658e+04	4.96777e+04	4.93974e+04	4.85155e+04	4.58222e+04	3.83479e+04
4.97658e+04	4.96777e+04	4.93974e+04	4.85155e+04	4.58222e+04	3.83479e+04
4.97658e+04	4.96777e+04	4.93974e+04	4.85155e+04	4.58222e+04	3.83479e+04
4.97658e+04	4.96777e+04	4.93974e+04	4.85155e+04	4.58222e+04	3.83479e+04
4.97658e+04	4.96777e+04	4.93974e+04	4.85155e+04	4.58222e+04	3.83479e+04
4.97658e+04	4.96777e+04	4.93974e+04	4.85155e+04	4.58222e+04	3.83479e+04
4.97658e+04	4.96777e+04	4.93974e+04	4.85155e+04	4.58222e+04	3.83479e+04
4.97658e+04	4.96777e+04	4.93974e+04	4.85155e+04	4.58222e+04	3.83479e+04
4.97658e+04	4.96777e+04	4.93974e+04	4.85155e+04	4.58222e+04	3.83479e+04
4.97658e+04	4.96777e+04	4.93974e+04	4.85155e+04	4.58222e+04	3.83479e+04
4.97658e+04	4.96777e+04	4.93974e+04	4.85155e+04	4.58222e+04	3.83479e+04
4.97658e+04	4.96777e+04	4.93974e+04	4.85155e+04	4.58222e+04	3.83479e+04
4.97658e+04	4.96777e+04	4.93974e+04	4.85155e+04	4.58222e+04	3.83479e+04
4.97658e+04	4.96777e+04	4.93974e+04	4.85155e+04	4.58222e+04	3.83479e+04
4.97658e+04	4.96777e+04	4.93974e+04	4.85155e+04	4.58222e+04	3.83479e+04
4.97658e+04	4.96777e+04	4.93974e+04	4.85155e+04	4.58222e+04	3.83479e+04
4.97658e+04	4.96777e+04	4.93974e+04	4.85155e+04	4.58222e+04	3.83479e+04
4.97658e+04	4.96777e+04	4.93974e+04	4.85155e+04	4.58222e+04	3.83479e+04
4.97658e+04	4.96777e+04	4.93974e+04	4.85155e+04	4.58222e+04	3.83479e+04
4.97658e+04	4.96777e+04	4.93974e+04	4.85155e+04	4.58222e+04	3.83479e+04
4.97658e+04	4.96777e+04	4.93974e+04	4.85155e+04	4.58222e+04	3.83479e+04
4.97658e+04	4.96777e+04	4.93974e+04	4.85155e+04	4.58222e+04	3.83479e+04
4.97658e+04	4.96777e+04	4.93974e+04	4.85155e+04	4.58222e+04	3.83479e+04
4.97658e+04	4.96777e+04	4.93974e+04	4.85155e+04	4.58222e+04	3.83479e+04
4.97658e+04	4.96777e+04	4.93974e+04	4.85155e+04	4.58222e+04	3.83479e+04
4.97658e+04	4.96777e+04	4.93974e+04	4.85155e+04	4.58222e+04	3.83479e+04
4.97658e+04	4.96777e+04	4.93974e+04	4.85155e+04	4.58222e+04	3.83479e+04
4.97658e+04	4.96777e+04	4.93974e+04	4.85155e+04	4.58222e+04	3.83479e+04
4.97658e+04	4.96777e+04	4.93974e+04	4.85155e+04	4.58222e+04	3.83479e+04
4.97658e+04	4.96777e+04	4.93974e+04	4.85155e+04	4.58222e+04	3.83479e+04
4.97658e+04	4.96777e+04	4.93974e+04	4.85155e+04	4.58222e+04	3.83479e+04
4.97658e+04	4.96777e+04	4.93974e+04	4.85155e+04	4.58222e+04	3.83479e+04
4.97658e+04	4.96777e+04	4.93974e+04	4.85155e+04	4.58222e+04	3.83479e+04
4.97658e+04	4.96777e+04	4.93974e+04	4.85155e+04	4.58222e+04	3.83479e+04
4.97658e+04	4.96777e+04	4.93974e+04	4.85155e+04	4.58222e+04	3.83479e+04
4.97658e+04	4.96777e+04	4.93974e+04	4.85155e+04	4.58222e+04	3.83479e+04
4.97658e+04	4.96777e+04	4.93974e+04	4.85155e+04	4.58222e+04	3.83479e+04
4.97658e+04	4.96777e+04	4.93974e+04	4.85155e+04	4.58222e+04	3.83479e+04
4.97658e+04	4.96777e+04	4.93974e+04	4.85155e+04	4.58222e+04	3.83479e+04
4.97658e+04	4.96777e+04	4.93974e+04	4.85155e+04	4.58222e+04	3.83479e+04
4.97658e+04	4.96777e+04	4.93974e+04	4.85155e+04	4.58222e+04	3.83479e+04
4.97658e+04	4.96777e+04	4.93974e+04	4.85155e+04	4.58222e+04	3.83479e+04
4.97658e+04	4.96777e+04	4.93974e+04	4.85155e+04	4.58222e+04	3.83479e+04
4.97658e+04	4.96777e+04	4.93974e+04	4.85155e+04	4.58222e+04	3.83479e+04
4.97658e+04	4.96777e+04	4.93974e+04	4.85155e+04	4.58222e+04	3.83479e+04
4.97658e+04	4.96777e+04	4.93974e+04	4.85155e+04	4.58222e+04	3.83479e+04
4.97658e+04	4.96777e+04	4.93974e+04	4.85155e+04	4.58222e+04	3.83479e+04
4.97658e+04	4.96777e+04	4.93974e+04	4.85155e+04	4.58222e+04	3.83479e+04
4.97658e+04	4.96777e+04	4.93974e+04	4.85155e+04	4.58222e+04	3.83479e+04
4.97658e+04	4.96777e+04	4.93974e+04	4.85155e+04	4.58222e+04	3.83479e+04
4.97658e+04	4.96777e+04	4.93974e+04	4.85155e+04	4.58222e+04	3.83479e+04
4.97658e+04	4.96777e+04	4.93974e+04	4.85155e+04	4.58222e+04	3.83479e+04
4.97658e+04	4.96777e+04	4.93974e+04	4.85155e+04	4.58222e+04	3.83479e+04
4.97658e+04	4.96777e+04	4.93974e+04	4.85155e+04	4.58222e+04	3.83479e+04
4.97658e+04	4.96777e+04	4.93974e+04	4.85155e+04	4.58222e+04	3.83479e+04
4.97658e+04	4.96777e+04	4.93974e+04	4.85155e+04	4.58222e+04	3.83479e+04
4.97658e+04	4.96777e+04	4.93974e+04	4.85155e+04	4.58222e+04	3.83479e+04
4.97658e+04	4.96777e+04	4.93974e+04	4.85155e+04	4.58222e+04	3.83479e+04
4.97658e+04	4.96777e+04	4.93974e+04	4.85155e+04	4.58222e+04	3.83479e+04
4.97658e+04	4.96777e+04	4.93974e+04	4.85155e+04	4.58222e+04	3.83479e+04
4.97658e+04	4.96777e+04	4.93974e+04	4.85155e+04	4.58222e+04	3.83479e+04
4.97658e+04	4.96777e+04	4.93974e+04	4.85155e+04	4.58222e+04	3.83479e+04
4.97658e+04	4.96777e+04	4.93974e+04	4.85155e+04	4.58222e+04	3.83479e+04
4.97658e+04	4.96777e+04	4.93974e+04	4.85155e+04	4.58222e+04	3.83479e+04
4.97658e+04	4.96777e+04	4.93974e+04	4.85155e+04	4.58222e+04	3.83479e+04
4.97658e+04	4.96777e+04	4.93974e+04	4.85155e+04	4.58222e+04	3.83479e+04
4.97658e+04	4.96777e+04	4.93974e+04	4.85155e+04	4.58222e+04	3.83479e+04
4.97658e+04	4.96777e+04	4.93974e+04	4.85155e+04	4.58222e+04	3.83479e+04
4.97658e+04	4.96777e+04	4.93974e+04	4.85155e+04	4.58222e+04	3.83479e+04
4.97658e+04	4.96777e+04	4.93974e+04	4.85155e+04	4.58222e+04	3.83479e+04
4.97658e+04	4.96777e+04	4.93974e+04	4.85155e+04	4.58222e+04	3.83479e+04
4.97658e+04	4.96777e+04	4.93974e+04	4.85155e+04	4.58222e+04	3.83479e+04
4.97658e+04	4.96777e+04	4.93974e+04	4.85155e+04	4.58222e+04	3.83479e+04
4.97658e+04	4.96777e+04	4.93974e+04	4.85155e+04	4.58222e+04	3.83479e+04
4.97658e+04	4.96777e+04	4.93974e+04	4.85155e+04	4.58222e+04	3.83479e+04
4.97658e+04	4.96777e+04	4.93974e+04	4.85155e+04	4.58222e+04	3.83479e+04
4.97658e+04	4.96777e+04	4.93974e+04	4.85155e+04	4.58222e+04	3.83479e+04
4.97658e+04	4.96777e+04	4.93974e+04	4.85155e+04	4.58222e+04	3.83479e+04
4.97658e+04	4.96777e+04	4.93974e+04	4.85155e+04	4.58222e+04	3.83479e+04
4.97658e+04	4.96777e+04	4.93974e+04	4.85155e+04	4.58222e+04	3.83479e+04
4.97658e+04	4.96777e+04	4.93974e+04	4.85155e+04	4.58222e+04	3.83479e+04
4.97658e+04	4.96777e+04	4.93974e+04	4.85155e+04	4.58222e+04	3.83479e+04
4.97658e+04	4.96777e+04	4.93974e+04	4.85155e+04	4.58222e+04	3.83479e+04
4.97658e+04	4.96777e+04	4.93974e+04	4.85155e+04	4.58222e+04	3.83479e+04
4.97658e+04	4.96777e+04	4.93974e+04	4.85155e+04	4.58222e+04	3.83479e+04
4.97658e+04	4.96777e+04	4.93974e+04	4.85155e+04	4.58222e+04	3.83479e+04
4.97658e+04	4.96777e+04	4.93974e+04	4.85155e+04	4.58222e+04	3.83479e+04
4.97658e+04	4.96777e+04	4.93974e+04	4.85155e+04	4.58222e+04	3.83479e+04
4.97658e+04	4.96777e+04	4.93974e+04	4.85155e+04	4.58222e+04	3.83479e+04
4.97658e+04	4.96777e+04	4.93974e+04	4.85155e+04	4.58222e+04	3.83479e+04
4.97658e+04	4.96777e+04	4.93974e+04	4.85155e+04	4.58222e+04	3.83479e+04
4.97658e+04	4.96777e+04	4.93974e+04	4.85155e+04	4.58222e+04	3.83479e+04
4.97658e+04	4.96777e+04	4.93974e+04	4.85155e+04	4.58222e+04	3.83479e+04
4.97658e+04	4.96777e+04	4.93974e+04	4.85155e+04	4.58222e+04	3.83479e+04
4.97658e+04	4.96777e+04	4.93974e+04	4.85155e+04	4.58222e+04	3.83479e+04
4.97658e+04	4.96777e+04	4.93974e+04	4.85155e+04	4.58222e+04	3.83479e+04
4.97658e+04	4.96777e+04	4.93974e+04	4.85155e+04	4.58222e+04	3.83479e+04
4.97658e+04	4.96777e+04	4.93974e+04	4.85155e+04	4.58222e+04	3.83479e+04
4.97658e+04	4.96777e+04	4.93974e+04	4.85155e+04	4.58222e+04	3.83479e+04
4.97658e+04	4.96777e+04	4.93974e+04	4.85155e+04	4.58222e+04	3.83479e+04
4.97658e+04	4.96777e+04	4.93974e+04	4.85155e+04	4.58222e+04	3.83479e+04
4.97658e+04	4.96777e+04	4.93974e+04	4.85155e+04	4.58222e+04	3.83479e+04
4.97658e+04	4.96777e+04	4.93974e+04	4.85155e+04	4.58222e+04	3.83479e+04
4.97658e+04	4.96777e+04	4.93974e+04	4.85155e+04	4.58222e+04	3.83479e+04
4.97658e+04	4.96777e+04	4.93974e+04	4.85155e+04	4.58222e+04	3.83479e+04
4.97658e+04	4.96777e+04	4.93974e+04	4.85155e+04	4.58222e+04	3.83479e+04
4.97658e+04	4.96777e+04	4.93974e+04	4.85155e+04	4.58222e+04	3.83479e+04
4.97658e+04	4.96777e+04	4.93974e+04	4.85155e+04	4.58222e+04	3.83479e+04
4.97658e+04	4.96777e+04	4.93974e+04	4.85155e+04	4.58222e+04	3.83479e+04
4.97658e+04	4.96777e+04	4.93974e+04	4.85155e+04	4.58222e+04	3.83479e+04
4.97658e+04	4.96777e+04	4.93974e+04	4.85155e+04	4.58222e+04	3.83479e+04
4.97658e+04	4.96777e+04	4.93974e+04	4.85155e+04	4.58222e+04	3.83479e+04
4.97658e+04	4.96777e+04	4.93974e+04	4.85155e+04	4.58222e+04	3.83479e+04
4.97658e+04	4.96777e+04	4.93974e+04	4.85155e+04	4.58222e+04	3.83479e+04
4.97658e+04	4.96777e+04	4.93974e+04	4.85155e+04	4.58222e+04	3.83479e+04
4.97658e+04	4.96777e+04	4.93974e+04	4.85155e+04	4.58222e+04	3.83479e+04
4.97658e+04	4.96777e+04	4.93974e+04	4.85155e+04	4.58222e+04	3.83479e+04
4.97658e+04	4.96777e+04	4.93974e+04	4.85155e+04	4.58222e+04	3.83479e+04
4.97658e+04	4.96777e+04	4.93974e+04	4.85155e+04	4.58222e+04	3.83479e+04
4.97658e+04	4.96777e+04	4.93974e+04	4.85155e+04	4.58222e+04	3.83479e+04
4.97658e+04	4.96777e+04	4.93974e+04	4.85155e+04	4.58222e+04	3.83479e+04
4.97658e+04	4.96777e+04	4.93974e+04	4.85155e+04	4.58222e+04	3.83479e+04
4.97658e+04	4.96777e+04	4.93974e+04	4.85155e+04	4.58222e+04	3.83479e+04
4.97658e+04	4.96777e+04	4.93974e+04	4.85155e+04	4.58222e+04	3.83479e+04
4.97658e+04	4.96777e+04	4.93974e+04	4.85155e+04	4.58222e+04	3.83479e+04
4.97658e+04	4.96777e+04	4.93974e+04	4.85155e+04	4.58222e+04	3.83479e+04
4.97658e+04	4.96777e+04	4.93974e+04	4.85155e+04	4.58222e+04	3.83479e+04
4.97658e+04	4.96777e+04	4.93974e+04	4.85155e+04	4.58222e+04	3.83479e+04
4.97658e+04	4.96777e+04	4.93974e+04	4.85155e+04	4.58222e+04	3.83479e+04
4.97658e+04	4.96777e+04	4.93974e+04	4.85155e+04	4.58222e+04	3.83479e+04
4.97658e+04	4.96777e+04	4.93974e+04	4.85155e+04	4.58222e+04	3.83479e+04
4.97658e+04	4.96777e+04	4.93974e+04	4.85155e+04	4.58222e+04	3.83479e+04
4.97658e+04	4.96777e+04	4.93974e+04	4.85155e+04	4.58222e+04	3.83479e+04
4.97658e+04	4.96777e+04	4.93974e+04	4.85155e+04	4.58222e+04	3.83479e+04
4.97658e+04	4.96777e+04	4.93974e+04	4.85155e+04	4.58222e+04	3.83479e+04
4.97658e+04	4.96777e+04	4.93974e+04	4.85155e+04	4.58222e+04	3.83479e+04
4.97658e+04	4.96777e+04	4.93974e+04	4.85155e+04	4.58222e+04	3.83479e+04
4.97658e+04	4.96777e+04	4.93974e+04	4.85155e+04	4.58222e+04	3.83479e+04
4.97658e+04	4.96777e+04	4.93974e+04	4.85155e+04	4.58222e+04	3.83479e+04
4.97658e+04	4.96777e+04	4.93974e+04	4.85155e+04	4.58222e+04	3.83479e+04
4.97658e+04	4.96777e+04	4.93974e+04	4.85155e+04	4.58222e+04	3.83479e+04
4.97658e+04	4.96777e+04	4.93974e+04	4.85155e+04	4.58222e+04	3.83479e+04
4.97658e+04	4.96777e+04	4.93974e+04	4.85155e+04	4.58222e+04	3.83479e+04
4.97658e+04	4.96777e+04	4.93974e+04	4.85155e+04	4.58222e+04	3.83479e+04
4.97658e+04	4.96777e+04	4.93974e+04	4.85155e+04	4.58222e+04	3.83479e+04
4.97658e+04	4.96777e+04	4.93974e+04	4.85155e+04	4.58222e+04	3.83479e+04
4.97658e+04	4.96777e+04	4.93974e+04	4.85155e+04	4.58222e+04	3.83479e+04
4.97658e+04	4.96777e+04	4.93974e+04	4.85155e+04	4.58222e+04	3.83479e+04
4.97658e+04	4.96777e+04	4.93974e+04	4.85155e+04	4.58222e+04	3.83479e+04
4.97658e+04	4.96777e+04	4.93974e+04	4.85155e+04	4.58222e+04	3.83479e+04
4.97658e+04	4.96777e+04	4.93974e+04	4.85155e+04	4.58222e+04	3.83479e+04
4.97658e+04	4.96777e+04	4.93974e+04	4.85155e+04	4.58222e+04	3.83479e+04
4.97658e+04	4.96777e+04	4.93974e+04	4.85155e+04	4.58222e+04	3.83479e+04
4.97658e+04	4.96777e+04	4.93974e+04	4.85155e+04	4.58222e+04	3.83479e+04
4.97658e+04	4.96777e+04	4.93974e+04	4.85155e+04	4.58222e+04	3.83479e+04
4.97658e+04	4.96777e+04	4.93974e+04	4.85155e+04	4.58222e+04	3.83479e+04
4.97658e+04	4.96777e+04	4.93974e+04	4.85155e+04	4.58222e+04	3.83479e+04
4.97658e+04	4.96777e+04	4.93974e+04	4.85155e+04	4.58222e+04	3.83479e+04
4.97658e+04	4.96777e+04	4.93974e+04	4.85155e+04	4.58222e+04	3.83479e+04
4.97658e+04	4.96777e+04	4.93974e+04	4.85155e+04	4.58222e+04	3.83479e+04
4.97658e+04	4.96777e+04	4.93974e+04	4.85155e+04	4.58222e+04	3.83479e+04
4.97658e+04	4.96777e+04	4.93974e+04	4.85155e+04	4.58222e+04	3.83479e+04
4.97658e+04	4.96777e+04	4.93974e+04	4.85155e+04	4.58222e+04	3.83479e+04
4.97658e+04	4.96777e+04	4.93974e+04	4.85155e+04	4.58222e+04	3.83479e+04
4.97658e+04	4.96777e+04	4.93974e+04	4.85155e+04	4.58222e+04	3.83479e+04
4.97658e+04	4.96777e+04	4.93974e+04	4.85155e+04	4.58222e+04	3.83479e+04
4.97658e+04	4.96777e+04	4.93974e+04	4.85155e+04	4.58222e+04	3.83479e+04
4.97658e+04	4.96777e+04	4.93974e+04	4.85155e+04	4.58222e+04	3.83479e+04
4.97658e+04	4.96777e+04	4.93974e+04	4.85155e+04	4.58222e+04	3.83479e+04
4.97658e+04	4.96777e+04	4.93974e+04	4.85155e+04	4.58222e+04	3.83479e+04
4.97658e+04	4.96777e+04	4.93974e+04	4.85155e+04	4.58222e+04	3.83479e+04
4.97658e+04	4.96777e+04	4.93974e+04	4.85155e+04	4.58222e+04	3.83479e+04
4.97658e+04	4.96777e+04	4.93974e+04	4.85155e+04	4.58222e+04	3.83479e+04
4.97658e+04	4.96777e+04	4.93974e+04	4.85155e+04	4.58222e+04	3.83479e+04
4.97658e+04	4.96777e+04	4.93974e+04	4.85155e+04	4.58222e+04	3.83479e+04
4.97658e+04	4.96777e+04	4.93974e+04	4.85155e+04	4.58222e+04	3.83479e+04
4.97658e+04	4.96777e+04	4.93974e+04	4.85155e+04	4.58222e+04	3.83479e+04
4.97658e+04	4.96777e+04	4.93974e+04	4.85155e+04	4.58222e+04	3.83479e+04
4.97658e+04	4.96777e+04	4.93974e+04	4.85155e+04	4.58222e+04	3.83479e+04
4.97658e+04	4.96777e+04	4.93974e+04	4.85155e+04	4.58222e+04	3.83479e+04
4.97658e+04	4.96777e+04	4.93974e+04	4.85155e+04	4.58222e+04	3.83479e+04
4.97658e+04	4.96777e+04	4.93974e+04	4.85155e+04	4.58222e+04	3.83479e+04
4.97658e+04	4.96777e+04	4.93974e+04	4.85155e+04	4.58222e+04	3.83479e+04
4.97658e+04	4.96777e+04	4.93974e+04	4.85155e+04	4.58222e+04	3.83479e+04
4.97658e+04	4.96777e+04	4.93974e+04	4.85155e+04	4.58222e+04	3.83479e+04
4.97658e+04	4.96777e+04	4.93974e+04	4.85155e+04	4.58222e+04	3.83479e+04
4.97658e+04	4.96777e+04	4.93974e+04	4.85155e+04	4.58222e+04	3.83479e+04
4.97658e+04	4.96777e+04	4.93974e+04	4.85155e+04	4.58222e+04	3.83479e+04
4.97658e+04	4.96777e+04	4.93974e+04	4.85155e+04	4.58222e+04	3.83479e+04
4.97658e+04	4.96777e+04	4.93974e+04	4.85155e+04	4.58222e+04	3.83479e+04
4.97658e+04	4.96777e+04	4.93974e+04	4.85155e+04	4.58222e+04	3.83479e+04
4.97658e+04	4.96777e+04	4.93974e+04	4.85155e+04	4.58222e+04	3.83479e+04
4.97658e+04	4.96777e+04	4.93974e+04	4.85155e+04	4.58222e+04	3.83479e+04
4.97658e+04	4.96777e+04	4.93974e+04	4.85155e+04	4.58222e+04	3.83479e+04
4.97658e+04	4.96777e+04	4.93974e+04	4.85155e+04	4.58222e+04	3.83479e+04
4.97658e+04	4.96777e+04	4.93974e+04	4.85155e+04	4.58222e+04	3.83479e+04
4.97658e+04	4.96777e+04	4.93974e+04	4.85155e+04	4.58222e+04	3.83479e+04
4.97658e+04	4.96777e+04	4.93974e+04	4.85155e+04	4.58222e+04	3.83479e+04
4.97658e+04	4.96777e+04	4.93974e+04	4.85155e+04	4.58222e+04	3.83479e+04
4.97658e+04	4.96777e+04	4.93974e+04	4.85155e+04	4.58222e+04	3.83479e+04
4.97658e+04	4.96777e+04	4.93974e+04	4.85155e+04	4.58222e+04	3.83479e+04
4.97658e+04	4.96777e+04	4.93974e+04	4.85155e+04	4.58222e+04	3.83479e+04
4.97658e+04	4.96777e+04	4.93974e+04	4.85155e+04	4.58222e+04	3.83479e+04
4.97658e+04	4.96777e+04	4.93974e+04	4.85155e+04	4.58222e+04	3.83479e+04
4.97658e+04	4.96777e+04	4.93974e+04	4.85155e+04	4.58222e+04	3.83479e+04
4.97658e+04	4.96777e+04	4.93974e+04	4.85155e+04	4.58222e+04	3.83479e+04
4.97658e+04	4.96777e+04	4.93974e+04	4.85155e+04	4.58222e+04	3.83479e+04
4.97658e+04	4.96777e+04	4.93974e+04	4.85155e+04	4.58222e+04	3.83479e+04
4.97658e+04	4.96777e+04	4.93974e+04	4.85155e+04	4.58222e+04	3.83479e+04
4.97658e+04	4.96777e+04	4.93974e+04	4.85155e+04	4.58222e+04	3.83479e+04
4.97658e+04	4.96777e+04	4.93974e+04	4.85155e+04	4.58222e+04	3.83479e+04
4.97658e+04	4.96777e+04	4.93974e+04	4.85155e+04	4.58222e+04	3.83479e+04
4.97658e+04	4.96777e+04	4.93974e+04	4.85155e+04	4.58222e+04	3.83479e+04
4.97658e+04	4.96777e+04	4.93974e+04	4.85155e+04	4.58222e+04	3.83479e+04
4.97658e+04	4.96777e+04	4.93974e+04	4.85155e+04	4.58222e+04	3.83479e+04
4.97658e+04	4.96777e+04	4.93974e+04	4.85155e+04	4.58222e+04	3.83479e+04
4.97658e+04	4.96777e+04	4.93974e+04	4.85155e+04	4.58222e+04	3.83479e+04
4.97658e+04	4.96777e+04	4.93974e+04	4.85155e+04	4.58222e+04	3.83479e+04
4.97658e+04	4.96777e+04	4.93974e+04	4.85155e+04	4.58222e+04	3.83479e+04
4.97658e+04	4.96777e+04	4.93974e+04	4.85155e+04	4.58222e+04	3.83479e+04
4.97658e+04	4.96777e+04	4.93974e+04	4.85155e+04	4.58222e+04	3.83479e+04
4.97658e+04	4.96777e+04	4.93974e+04	4.85155e+04	4.58222e+04	3.83479e+04
4.97658e+04	4.96777e+04	4.93974e+04	4.85155e+04	4.58222e+04	3.83479e+04
4.97658e+04	4.96777e+04	4.93974e+04	4.85155e+04	4.58222e+04	3.83479e+04
4.97658e+04	4.96777e+04	4.93974e+04	4.85155e+04	4.58222e+04	3.83479e+04
4.97658e+04	4.96777e+04	4.93974e+04	4.85155e+04	4.58222e+04	3.83479e+04
4.97658e+04	4.96777e+04	4.93974e+04	4.85155e+04	4.58222e+04	3.83479e+04
4.97658e+04	4.96777e+04	4.93974e+04	4.85155e+04	4.58222e+04	3.83479e+04
4.97658e+04	4.96777e+04	4.93974e+04	4.85155e+04	4.58222e+04	3.83479e+04
4.97658e+04	4.96777e+04	4.93974e+04	4.85155e+04	4.58222e+04	3.83479e+04
4.97658e+04	4.96777e+04	4.93974e+04	4.85155e+04	4.58222e+04	3.83479e+04
