0.93083 1.03107 1.12633 1.23223 1.34454 1.45865
0.91767 1.01971 1.11734 1.22586 1.34038 1.45622
0.90863 1.01206 1.11134 1.22173 1.33775 1.45474
0.90114 1.00570 1.10648 1.21839 1.33565 1.45358
0.89508 1.00068 1.10264 1.21579 1.33402 1.45267
0.88846 0.99509 1.09838 1.21289 1.33222 1.45169
0.88292 0.99037 1.09481 1.21047 1.33074 1.45087
0.87783 0.98610 1.09152 1.20826 1.32939 1.45011
0.87354 0.98252 1.08875 1.20642 1.32824 1.44947
0.86846 0.97827 1.08552 1.20427 1.32689 1.44871
0.86477 0.97517 1.08306 1.20258 1.32586 1.44812
0.86043 0.97156 1.08026 1.20069 1.32465 1.44745
0.85663 0.96831 1.07783 1.19902 1.32361 1.44688
0.85332 0.96569 1.07571 1.19756 1.32267 1.44638
0.84944 0.96247 1.07322 1.19588 1.32159 1.44574
0.84602 0.95973 1.07101 1.19441 1.32063 1.44519
0.84288 0.95695 1.06892 1.19301 1.31972 1.44468
0.83969 0.95428 1.06691 1.19167 1.31884 1.44418
0.83682 0.95201 1.06523 1.19051 1.31808 1.44374
0.83381 0.94931 1.06329 1.18915 1.31722 1.44322
0.83096 0.94695 1.06143 1.18789 1.31646 1.44277
0.82825 0.94470 1.05971 1.18673 1.31567 1.44229
0.82554 0.94226 1.05789 1.18558 1.31487 1.44181
0.82287 0.94002 1.05621 1.18444 1.31413 1.44139
0.82023 0.93781 1.05467 1.18331 1.31343 1.44097
0.81774 0.93586 1.05323 1.18228 1.31275 1.44055
0.81499 0.93383 1.05169 1.18121 1.31205 1.44012
0.81271 0.93202 1.05030 1.18029 1.31147 1.43974
0.81031 0.93005 1.04882 1.17924 1.31087 1.43936
0.80825 0.92812 1.04740 1.17826 1.31028 1.43898
0.80624 0.92631 1.04608 1.17742 1.30971 1.43863
0.80398 0.92446 1.04473 1.17645 1.30907 1.43825
0.80185 0.92270 1.04358 1.17560 1.30846 1.43790
0.79984 0.92092 1.04233 1.17479 1.30791 1.43756
0.79812 0.91929 1.04106 1.17389 1.30731 1.43718
0.79622 0.91789 1.03990 1.17317 1.30680 1.43684
0.79427 0.91616 1.03862 1.17231 1.30624 1.43648
0.79204 0.91457 1.03733 1.17143 1.30564 1.43611
0.79048 0.91327 1.03635 1.17081 1.30521 1.43580
0.78819 0.91147 1.03509 1.16985 1.30462 1.43540
0.78648 0.91016 1.03407 1.16910 1.30409 1.43506
0.78440 0.90826 1.03274 1.16822 1.30352 1.43466
0.78284 0.90695 1.03176 1.16752 1.30301 1.43436
0.78097 0.90529 1.03046 1.16666 1.30249 1.43400
0.77954 0.90405 1.02967 1.16607 1.30207 1.43373
0.77778 0.90246 1.02858 1.16533 1.30148 1.43334
0.77624 0.90127 1.02762 1.16467 1.30108 1.43308
0.77461 0.89990 1.02648 1.16399 1.30067 1.43275
0.77327 0.89885 1.02571 1.16337 1.30026 1.43247
0.77126 0.89752 1.02464 1.16263 1.29979 1.43212
0.76975 0.89642 1.02380 1.16208 1.29940 1.43185
0.76803 0.89488 1.02281 1.16143 1.29899 1.43155
0.76645 0.89366 1.02188 1.16074 1.29856 1.43123
0.76506 0.89246 1.02111 1.16019 1.29813 1.43095
0.76371 0.89137 1.02022 1.15959 1.29772 1.43066
0.76205 0.89025 1.01927 1.15896 1.29728 1.43035
0.75992 0.88866 1.01810 1.15808 1.29672 1.42998
0.75835 0.88722 1.01725 1.15749 1.29630 1.42968
0.75675 0.88598 1.01630 1.15682 1.29589 1.42937
0.75508 0.88471 1.01518 1.15607 1.29532 1.42909
0.75343 0.88357 1.01450 1.15559 1.29492 1.42882
0.75170 0.88216 1.01371 1.15490 1.29443 1.42846
0.75032 0.88102 1.01289 1.15434 1.29408 1.42822
0.74868 0.87971 1.01207 1.15376 1.29372 1.42791
0.74728 0.87876 1.01133 1.15323 1.29334 1.42762
0.74603 0.87790 1.01077 1.15275 1.29295 1.42734
0.74437 0.87673 1.00986 1.15215 1.29252 1.42704
0.74285 0.87546 1.00908 1.15160 1.29212 1.42670
0.74172 0.87464 1.00849 1.15120 1.29184 1.42649
0.74033 0.87372 1.00785 1.15077 1.29153 1.42624
0.73934 0.87265 1.00714 1.15036 1.29119 1.42601
0.73822 0.87168 1.00641 1.14988 1.29087 1.42575
0.73739 0.87080 1.00587 1.14950 1.29056 1.42551
0.73600 0.86983 1.00508 1.14904 1.29025 1.42523
0.73471 0.86884 1.00432 1.14853 1.28987 1.42493
0.73367 0.86775 1.00370 1.14816 1.28964 1.42471
0.73268 0.86679 1.00293 1.14758 1.28930 1.42445
0.73180 0.86593 1.00233 1.14712 1.28900 1.42423
0.73089 0.86513 1.00164 1.14662 1.28874 1.42400
0.72985 0.86404 1.00082 1.14602 1.28839 1.42379
0.72877 0.86291 1.00024 1.14558 1.28809 1.42357
0.72787 0.86203 0.99974 1.14510 1.28771 1.42329
0.72679 0.86093 0.99893 1.14451 1.28737 1.42306
0.72584 0.86000 0.99813 1.14405 1.28700 1.42283
0.72454 0.85893 0.99741 1.14355 1.28671 1.42261
0.72380 0.85816 0.99682 1.14320 1.28644 1.42242
0.72253 0.85728 0.99616 1.14276 1.28613 1.42221
0.72150 0.85645 0.99548 1.14234 1.28584 1.42196
0.72046 0.85551 0.99486 1.14185 1.28547 1.42172
0.71905 0.85459 0.99421 1.14124 1.28504 1.42148
0.71757 0.85344 0.99347 1.14063 1.28468 1.42123
0.71681 0.85272 0.99295 1.14022 1.28430 1.42095
0.71574 0.85203 0.99247 1.13982 1.28404 1.42076
0.71397 0.85080 0.99160 1.13919 1.28351 1.42047
0.71279 0.84998 0.99092 1.13870 1.28314 1.42026
0.71184 0.84915 0.99028 1.13830 1.28287 1.42004
0.71121 0.84845 0.98969 1.13791 1.28264 1.41985
0.71059 0.84787 0.98926 1.13755 1.28236 1.41967
0.70952 0.84716 0.98859 1.13713 1.28205 1.41948
0.70888 0.84663 0.98810 1.13672 1.28169 1.41921
0.70714 0.84559 0.98744 1.13636 1.28129 1.41888
0.70606 0.84464 0.98677 1.13594 1.28100 1.41864
0.70510 0.84355 0.98614 1.13547 1.28064 1.41839
0.70405 0.84293 0.98567 1.13514 1.28036 1.41820
0.70319 0.84210 0.98510 1.13483 1.28012 1.41799
0.70225 0.84133 0.98472 1.13460 1.27988 1.41780
0.70143 0.84084 0.98428 1.13429 1.27968 1.41756
0.70064 0.84046 0.98384 1.13405 1.27945 1.41740
0.69997 0.83960 0.98317 1.13367 1.27913 1.41718
0.69933 0.83899 0.98273 1.13330 1.27886 1.41699
0.69841 0.83830 0.98221 1.13298 1.27859 1.41674
0.69714 0.83730 0.98141 1.13245 1.27817 1.41641
0.69652 0.83673 0.98099 1.13214 1.27784 1.41612
0.69558 0.83583 0.98032 1.13161 1.27749 1.41597
0.69426 0.83482 0.97958 1.13098 1.27711 1.41572
0.69320 0.83356 0.97886 1.13040 1.27673 1.41552
0.69252 0.83304 0.97839 1.13010 1.27652 1.41530
0.69154 0.83216 0.97768 1.12937 1.27597 1.41500
0.69107 0.83179 0.97733 1.12908 1.27572 1.41480
0.69044 0.83125 0.97705 1.12881 1.27552 1.41459
0.68932 0.83062 0.97652 1.12844 1.27515 1.41426
0.68834 0.82997 0.97606 1.12815 1.27485 1.41408
0.68766 0.82941 0.97563 1.12788 1.27461 1.41388
0.68676 0.82884 0.97508 1.12748 1.27426 1.41357
0.68666 0.82848 0.97473 1.12725 1.27411 1.41339
0.68613 0.82766 0.97413 1.12688 1.27390 1.41318
0.68576 0.82714 0.97374 1.12656 1.27363 1.41296
0.68510 0.82634 0.97320 1.12604 1.27328 1.41263
0.68434 0.82553 0.97283 1.12570 1.27303 1.41245
0.68380 0.82488 0.97256 1.12543 1.27284 1.41229
0.68305 0.82431 0.97213 1.12508 1.27260 1.41211
0.68224 0.82350 0.97151 1.12458 1.27223 1.41184
0.68146 0.82278 0.97108 1.12405 1.27183 1.41156
0.68043 0.82200 0.97031 1.12358 1.27158 1.41136
0.67960 0.82136 0.96982 1.12314 1.27135 1.41117
0.67805 0.82019 0.96905 1.12251 1.27094 1.41083
0.67755 0.81964 0.96855 1.12206 1.27064 1.41056
0.67736 0.81937 0.96830 1.12182 1.27040 1.41036
0.67708 0.81884 0.96799 1.12153 1.27012 1.41015
0.67616 0.81802 0.96746 1.12109 1.26980 1.40988
0.67525 0.81731 0.96672 1.12048 1.26945 1.40975
0.67504 0.81683 0.96651 1.12026 1.26934 1.40959
0.67418 0.81589 0.96599 1.11979 1.26891 1.40930
0.67400 0.81562 0.96582 1.11964 1.26873 1.40916
0.67297 0.81478 0.96514 1.11908 1.26831 1.40886
0.67266 0.81438 0.96490 1.11887 1.26808 1.40868
0.67175 0.81395 0.96446 1.11867 1.26795 1.40851
0.67102 0.81379 0.96419 1.11855 1.26782 1.40837
0.67018 0.81316 0.96370 1.11812 1.26748 1.40812
0.66935 0.81240 0.96308 1.11770 1.26735 1.40797
0.66867 0.81149 0.96253 1.11713 1.26688 1.40765
0.66828 0.81110 0.96234 1.11692 1.26666 1.40749
0.66772 0.81056 0.96193 1.11674 1.26651 1.40737
0.66705 0.81044 0.96164 1.11649 1.26629 1.40724
0.66632 0.81009 0.96137 1.11615 1.26605 1.40708
0.66552 0.80947 0.96097 1.11579 1.26569 1.40682
0.66449 0.80886 0.96047 1.11541 1.26545 1.40667
0.66388 0.80840 0.96021 1.11523 1.26524 1.40650
0.66356 0.80819 0.96000 1.11501 1.26509 1.40635
0.66311 0.80806 0.95979 1.11488 1.26496 1.40622
0.66235 0.80722 0.95905 1.11432 1.26470 1.40605
0.66214 0.80680 0.95871 1.11402 1.26454 1.40588
0.66150 0.80644 0.95851 1.11385 1.26433 1.40567
0.66086 0.80612 0.95826 1.11367 1.26417 1.40554
0.66017 0.80563 0.95810 1.11344 1.26398 1.40541
0.65983 0.80512 0.95769 1.11312 1.26368 1.40520
0.65915 0.80454 0.95707 1.11242 1.26318 1.40481
0.65871 0.80419 0.95663 1.11217 1.26303 1.40465
0.65858 0.80381 0.95648 1.11197 1.26287 1.40450
0.65830 0.80369 0.95628 1.11178 1.26272 1.40437
0.65783 0.80328 0.95604 1.11156 1.26248 1.40417
0.65724 0.80281 0.95578 1.11128 1.26223 1.40392
0.65692 0.80250 0.95560 1.11117 1.26209 1.40377
0.65634 0.80193 0.95504 1.11086 1.26187 1.40359
0.65606 0.80148 0.95452 1.11034 1.26141 1.40323
0.65497 0.80047 0.95364 1.10973 1.26091 1.40296
0.65462 0.79986 0.95348 1.10950 1.26066 1.40279
0.65393 0.79931 0.95286 1.10917 1.26055 1.40266
0.65362 0.79894 0.95250 1.10887 1.26037 1.40253
0.65338 0.79860 0.95229 1.10869 1.26023 1.40239
0.65245 0.79822 0.95207 1.10846 1.26001 1.40219
0.65189 0.79786 0.95164 1.10820 1.25977 1.40203
0.65163 0.79762 0.95137 1.10797 1.25952 1.40181
0.65102 0.79737 0.95107 1.10772 1.25924 1.40159
0.64976 0.79686 0.95059 1.10725 1.25887 1.40135
0.64891 0.79610 0.95026 1.10707 1.25870 1.40119
0.64885 0.79596 0.95015 1.10702 1.25861 1.40110
0.64809 0.79510 0.94963 1.10664 1.25838 1.40088
0.64734 0.79436 0.94911 1.10643 1.25824 1.40071
0.64698 0.79398 0.94889 1.10614 1.25799 1.40045
0.64694 0.79362 0.94851 1.10582 1.25773 1.40019
0.64605 0.79328 0.94828 1.10572 1.25764 1.40005
0.64521 0.79332 0.94819 1.10559 1.25753 1.39992
0.64487 0.79309 0.94805 1.10541 1.25731 1.39972
0.64451 0.79265 0.94751 1.10499 1.25701 1.39947
0.64441 0.79245 0.94740 1.10489 1.25690 1.39937
0.64339 0.79150 0.94707 1.10480 1.25671 1.39914
0.64318 0.79081 0.94674 1.10447 1.25640 1.39890
0.64300 0.79069 0.94648 1.10419 1.25609 1.39864
0.64256 0.79033 0.94627 1.10403 1.25595 1.39848
0.64148 0.78982 0.94575 1.10354 1.25559 1.39824
0.64101 0.78913 0.94523 1.10315 1.25536 1.39796
0.64037 0.78844 0.94480 1.10286 1.25527 1.39778
0.63986 0.78806 0.94444 1.10264 1.25515 1.39762
0.63889 0.78769 0.94398 1.10228 1.25490 1.39739
0.63869 0.78765 0.94386 1.10218 1.25483 1.39730
0.63830 0.78727 0.94356 1.10201 1.25462 1.39709
0.63765 0.78702 0.94318 1.10182 1.25441 1.39689
0.63735 0.78690 0.94301 1.10172 1.25433 1.39677
0.63695 0.78666 0.94291 1.10167 1.25420 1.39666
0.63691 0.78638 0.94262 1.10142 1.25401 1.39660
0.63711 0.78627 0.94257 1.10139 1.25396 1.39654
0.63621 0.78582 0.94202 1.10103 1.25365 1.39634
0.63597 0.78588 0.94195 1.10095 1.25357 1.39625
0.63561 0.78564 0.94172 1.10076 1.25346 1.39612
0.63387 0.78469 0.94107 1.10030 1.25332 1.39595
0.63288 0.78445 0.94072 1.10001 1.25321 1.39581
0.63165 0.78395 0.94045 1.09972 1.25299 1.39568
0.63150 0.78378 0.94049 1.09966 1.25296 1.39563
0.63084 0.78283 0.93955 1.09883 1.25239 1.39523
0.63033 0.78229 0.93937 1.09874 1.25225 1.39511
0.62995 0.78179 0.93895 1.09857 1.25211 1.39500
0.62911 0.78132 0.93836 1.09803 1.25168 1.39475
0.62766 0.78019 0.93784 1.09752 1.25120 1.39439
0.62723 0.77973 0.93767 1.09742 1.25111 1.39428
0.62704 0.77958 0.93769 1.09738 1.25107 1.39424
0.62636 0.77948 0.93763 1.09731 1.25098 1.39414
0.62620 0.77913 0.93722 1.09702 1.25063 1.39379
0.62547 0.77826 0.93698 1.09667 1.25030 1.39348
0.62516 0.77783 0.93661 1.09631 1.25005 1.39341
0.62436 0.77728 0.93634 1.09604 1.24979 1.39322
0.62408 0.77703 0.93621 1.09593 1.24970 1.39311
0.62333 0.77618 0.93558 1.09534 1.24932 1.39273
0.62280 0.77600 0.93525 1.09495 1.24893 1.39241
0.62259 0.77588 0.93521 1.09488 1.24885 1.39232
0.62219 0.77554 0.93514 1.09481 1.24883 1.39226
0.62162 0.77502 0.93473 1.09463 1.24865 1.39205
0.62112 0.77470 0.93458 1.09445 1.24851 1.39191
0.62099 0.77457 0.93446 1.09440 1.24843 1.39183
0.62082 0.77381 0.93396 1.09399 1.24811 1.39154
0.62061 0.77398 0.93386 1.09392 1.24803 1.39145
0.62004 0.77352 0.93355 1.09379 1.24797 1.39136
0.61936 0.77292 0.93324 1.09367 1.24784 1.39127
0.61938 0.77283 0.93308 1.09349 1.24769 1.39112
0.61795 0.77184 0.93235 1.09321 1.24754 1.39095
0.61795 0.77136 0.93205 1.09292 1.24736 1.39080
0.61803 0.77120 0.93191 1.09278 1.24717 1.39061
0.61813 0.77112 0.93185 1.09270 1.24708 1.39051
0.61748 0.77096 0.93165 1.09258 1.24694 1.39034
0.61749 0.77056 0.93139 1.09242 1.24674 1.39019
0.61738 0.77056 0.93131 1.09234 1.24664 1.39010
0.61724 0.77032 0.93120 1.09224 1.24652 1.38996
0.61546 0.76920 0.93046 1.09171 1.24612 1.38973
0.61521 0.76886 0.93015 1.09144 1.24599 1.38955
0.61476 0.76878 0.92995 1.09140 1.24589 1.38944
0.61476 0.76878 0.92995 1.09140 1.24589 1.38944
0.61390 0.76864 0.92947 1.09112 1.24564 1.38911
0.61355 0.76848 0.92938 1.09101 1.24551 1.38897
0.61377 0.76841 0.92937 1.09098 1.24547 1.38893
0.61289 0.76767 0.92870 1.09065 1.24516 1.38866
0.61275 0.76772 0.92858 1.09057 1.24506 1.38855
0.61211 0.76688 0.92829 1.09018 1.24469 1.38826
0.61149 0.76589 0.92730 1.08956 1.24444 1.38795
0.61164 0.76586 0.92715 1.08946 1.24433 1.38782
0.61212 0.76568 0.92699 1.08930 1.24419 1.38766
0.61142 0.76528 0.92651 1.08882 1.24382 1.38740
0.61133 0.76527 0.92648 1.08879 1.24378 1.38736
0.61046 0.76430 0.92625 1.08875 1.24358 1.38715
0.61073 0.76429 0.92617 1.08868 1.24350 1.38706
0.61056 0.76435 0.92615 1.08865 1.24346 1.38703
0.61020 0.76426 0.92591 1.08854 1.24335 1.38690
0.61022 0.76422 0.92575 1.08841 1.24319 1.38674
0.60928 0.76310 0.92452 1.08728 1.24236 1.38629
0.60901 0.76280 0.92408 1.08678 1.24193 1.38592
0.60894 0.76266 0.92394 1.08660 1.24173 1.38571
0.60898 0.76261 0.92386 1.08652 1.24164 1.38561
0.60874 0.76230 0.92378 1.08637 1.24148 1.38542
0.60796 0.76216 0.92345 1.08619 1.24116 1.38515
0.60811 0.76175 0.92340 1.08604 1.24100 1.38501
0.60661 0.76112 0.92288 1.08536 1.24057 1.38476
0.60545 0.76019 0.92196 1.08467 1.24044 1.38476
0.60368 0.75844 0.92078 1.08368 1.23958 1.38424
0.60292 0.75852 0.92073 1.08353 1.23944 1.38409
0.60238 0.75842 0.92062 1.08336 1.23924 1.38388
0.60204 0.75835 0.92053 1.08323 1.23910 1.38373
0.60080 0.75799 0.92020 1.08281 1.23879 1.38354
0.60072 0.75814 0.92006 1.08271 1.23871 1.38345
0.59991 0.75784 0.91967 1.08236 1.23834 1.38319
0.59976 0.75773 0.91952 1.08225 1.23826 1.38308
0.59954 0.75747 0.91942 1.08210 1.23813 1.38293
0.59950 0.75747 0.91938 1.08206 1.23808 1.38288
0.59950 0.75747 0.91938 1.08206 1.23808 1.38288
0.59927 0.75703 0.91903 1.08169 1.23779 1.38260
0.59750 0.75583 0.91821 1.08104 1.23728 1.38234
0.59724 0.75589 0.91808 1.08097 1.23717 1.38224
0.59724 0.75589 0.91808 1.08097 1.23717 1.38224
0.59674 0.75562 0.91766 1.08062 1.23694 1.38208
0.59682 0.75555 0.91759 1.08053 1.23683 1.38196
0.59671 0.75521 0.91732 1.08025 1.23652 1.38166
0.59656 0.75502 0.91712 1.08018 1.23641 1.38155
0.59610 0.75459 0.91693 1.07990 1.23620 1.38141
0.59497 0.75364 0.91631 1.07998 1.23604 1.38129
0.59422 0.75272 0.91540 1.07930 1.23592 1.38126
0.59367 0.75274 0.91524 1.07910 1.23568 1.38101
0.59275 0.75239 0.91510 1.07899 1.23550 1.38082
0.59200 0.75205 0.91456 1.07852 1.23530 1.38067
0.59192 0.75204 0.91450 1.07847 1.23524 1.38061
0.59162 0.75168 0.91451 1.07843 1.23518 1.38055
0.59108 0.75111 0.91411 1.07811 1.23496 1.38030
0.59091 0.75085 0.91404 1.07800 1.23485 1.38017
0.58949 0.75012 0.91353 1.07753 1.23431 1.37974
0.58793 0.74853 0.91191 1.07627 1.23376 1.37944
0.58723 0.74817 0.91147 1.07593 1.23350 1.37936
0.58665 0.74804 0.91129 1.07579 1.23339 1.37920
0.58665 0.74804 0.91129 1.07579 1.23339 1.37920
0.58653 0.74794 0.91117 1.07569 1.23335 1.37912
0.58653 0.74794 0.91117 1.07569 1.23335 1.37912
0.58636 0.74795 0.91111 1.07563 1.23328 1.37906
0.58621 0.74784 0.91100 1.07551 1.23315 1.37890
0.58588 0.74740 0.91074 1.07544 1.23300 1.37874
0.58568 0.74738 0.91071 1.07537 1.23293 1.37867
0.58471 0.74680 0.91056 1.07515 1.23282 1.37851
0.58471 0.74680 0.91056 1.07515 1.23282 1.37851
0.58449 0.74660 0.91036 1.07496 1.23262 1.37830
0.58449 0.74660 0.91036 1.07496 1.23262 1.37830
0.58377 0.74596 0.90999 1.07474 1.23233 1.37799
0.58335 0.74559 0.90955 1.07455 1.23204 1.37767
0.58295 0.74528 0.90932 1.07433 1.23192 1.37750
0.58269 0.74513 0.90905 1.07407 1.23162 1.37717
0.58102 0.74434 0.90895 1.07386 1.23131 1.37685
0.58132 0.74405 0.90865 1.07361 1.23100 1.37652
0.58135 0.74392 0.90860 1.07354 1.23092 1.37643
0.58135 0.74392 0.90860 1.07354 1.23092 1.37643
0.58139 0.74397 0.90841 1.07332 1.23069 1.37618
0.58121 0.74388 0.90817 1.07305 1.23037 1.37584
0.57991 0.74362 0.90773 1.07271 1.22997 1.37541
0.57956 0.74300 0.90748 1.07255 1.22982 1.37522
0.57869 0.74248 0.90731 1.07235 1.22967 1.37503
0.57843 0.74246 0.90725 1.07227 1.22959 1.37494
0.57840 0.74221 0.90707 1.07215 1.22942 1.37476
0.57846 0.74197 0.90703 1.07207 1.22934 1.37467
0.57780 0.74169 0.90667 1.07187 1.22909 1.37441
0.57791 0.74157 0.90660 1.07179 1.22900 1.37432
0.57561 0.73923 0.90470 1.07090 1.22872 1.37381
0.57548 0.73921 0.90462 1.07082 1.22863 1.37372
0.57491 0.73881 0.90446 1.07071 1.22846 1.37353
0.57491 0.73881 0.90446 1.07071 1.22846 1.37353
0.57485 0.73857 0.90427 1.07047 1.22820 1.37326
0.57328 0.73795 0.90403 1.07006 1.22788 1.37289
0.57328 0.73795 0.90403 1.07006 1.22788 1.37289
0.57342 0.73790 0.90396 1.06998 1.22780 1.37281
0.57361 0.73779 0.90387 1.06990 1.22771 1.37272
0.57265 0.73724 0.90364 1.06984 1.22752 1.37252
0.57217 0.73696 0.90346 1.06964 1.22743 1.37242
0.57215 0.73688 0.90340 1.06955 1.22734 1.37233
0.57178 0.73638 0.90318 1.06922 1.22694 1.37192
0.57182 0.73632 0.90310 1.06913 1.22684 1.37181
0.57182 0.73632 0.90310 1.06913 1.22684 1.37181
0.57185 0.73630 0.90299 1.06904 1.22674 1.37169
0.57118 0.73546 0.90222 1.06850 1.22643 1.37144
0.57100 0.73546 0.90211 1.06841 1.22632 1.37133
0.57081 0.73539 0.90203 1.06832 1.22622 1.37121
0.57047 0.73542 0.90194 1.06823 1.22612 1.37108
0.57050 0.73534 0.90181 1.06803 1.22591 1.37086
0.57055 0.73528 0.90169 1.06794 1.22581 1.37076
0.57061 0.73474 0.90123 1.06775 1.22547 1.37043
0.57047 0.73458 0.90096 1.06750 1.22532 1.37036
0.57018 0.73443 0.90076 1.06730 1.22510 1.37010
0.57018 0.73443 0.90076 1.06730 1.22510 1.37010
0.57022 0.73425 0.90067 1.06720 1.22499 1.36999
0.56947 0.73313 0.90038 1.06688 1.22457 1.36951
0.56962 0.73306 0.90030 1.06677 1.22446 1.36940
0.56796 0.73153 0.89888 1.06564 1.22402 1.36939
0.56828 0.73139 0.89850 1.06535 1.22368 1.36903
0.56790 0.73113 0.89841 1.06527 1.22357 1.36891
0.56790 0.73113 0.89841 1.06527 1.22357 1.36891
0.56651 0.73019 0.89747 1.06446 1.22324 1.36854
0.56620 0.72995 0.89716 1.06422 1.22309 1.36847
0.56620 0.72995 0.89716 1.06422 1.22309 1.36847
0.56652 0.72982 0.89709 1.06411 1.22297 1.36836
0.56652 0.72982 0.89709 1.06411 1.22297 1.36836
0.56642 0.72974 0.89699 1.06400 1.22285 1.36822
0.56562 0.72961 0.89657 1.06356 1.22237 1.36773
0.56551 0.72957 0.89644 1.06345 1.22226 1.36762
0.56517 0.72884 0.89594 1.06336 1.22217 1.36751
0.56492 0.72860 0.89560 1.06301 1.22180 1.36710
0.56492 0.72860 0.89560 1.06301 1.22180 1.36710
0.56492 0.72860 0.89560 1.06301 1.22180 1.36710
0.56550 0.72809 0.89528 1.06264 1.22143 1.36668
0.56539 0.72754 0.89466 1.06211 1.22103 1.36648
0.56470 0.72733 0.89434 1.06169 1.22065 1.36605
0.56441 0.72754 0.89417 1.06158 1.22052 1.36590
0.56441 0.72754 0.89417 1.06158 1.22052 1.36590
0.56384 0.72653 0.89345 1.06118 1.22049 1.36574
0.56384 0.72653 0.89345 1.06118 1.22049 1.36574
0.56384 0.72653 0.89345 1.06118 1.22049 1.36574
0.56345 0.72629 0.89322 1.06094 1.22021 1.36544
0.56323 0.72615 0.89309 1.06081 1.22008 1.36530
0.56320 0.72628 0.89294 1.06069 1.21993 1.36515
0.56335 0.72602 0.89269 1.06043 1.21965 1.36484
0.56256 0.72461 0.89201 1.06002 1.21936 1.36455
0.56256 0.72461 0.89201 1.06002 1.21936 1.36455
0.56225 0.72435 0.89188 1.05992 1.21922 1.36442
0.56175 0.72350 0.89132 1.05944 1.21864 1.36380
0.56198 0.72332 0.89119 1.05931 1.21849 1.36365
0.56198 0.72332 0.89119 1.05931 1.21849 1.36365
0.56198 0.72332 0.89119 1.05931 1.21849 1.36365
0.56198 0.72332 0.89119 1.05931 1.21849 1.36365
0.56144 0.72271 0.89097 1.05906 1.21820 1.36335
0.56144 0.72271 0.89097 1.05906 1.21820 1.36335
0.56157 0.72259 0.89085 1.05891 1.21805 1.36320
0.56140 0.72250 0.89071 1.05878 1.21790 1.36305
0.56140 0.72250 0.89071 1.05878 1.21790 1.36305
0.56140 0.72250 0.89071 1.05878 1.21790 1.36305
0.55981 0.72195 0.89055 1.05833 1.21739 1.36250
0.55966 0.72201 0.89038 1.05820 1.21724 1.36235
0.55969 0.72206 0.89023 1.05804 1.21708 1.36217
0.55966 0.72189 0.89002 1.05773 1.21676 1.36184
0.55966 0.72189 0.89002 1.05773 1.21676 1.36184
0.55952 0.72178 0.88989 1.05757 1.21660 1.36167
0.55960 0.72169 0.88971 1.05743 1.21643 1.36149
0.55951 0.72150 0.88963 1.05728 1.21626 1.36132
0.55951 0.72150 0.88963 1.05728 1.21626 1.36132
0.55951 0.72150 0.88963 1.05728 1.21626 1.36132
0.55951 0.72150 0.88963 1.05728 1.21626 1.36132
0.55944 0.72137 0.88949 1.05712 1.21607 1.36110
0.55944 0.72137 0.88949 1.05712 1.21607 1.36110
0.55944 0.72137 0.88949 1.05712 1.21607 1.36110
0.55876 0.72083 0.88901 1.05684 1.21572 1.36073
0.55876 0.72083 0.88901 1.05684 1.21572 1.36073
0.55887 0.72066 0.88880 1.05669 1.21555 1.36054
0.55887 0.72066 0.88880 1.05669 1.21555 1.36054
0.55842 0.72043 0.88875 1.05651 1.21537 1.36035
0.55833 0.72032 0.88860 1.05635 1.21519 1.36017
0.55833 0.72032 0.88860 1.05635 1.21519 1.36017
0.55833 0.72032 0.88860 1.05635 1.21519 1.36017
0.55851 0.72012 0.88843 1.05618 1.21501 1.35996
0.55851 0.72012 0.88843 1.05618 1.21501 1.35996
0.55771 0.71980 0.88784 1.05580 1.21469 1.35958
0.55712 0.71949 0.88755 1.05569 1.21447 1.35940
0.55712 0.71949 0.88755 1.05569 1.21447 1.35940
0.55684 0.71948 0.88733 1.05553 1.21428 1.35921
0.55645 0.71941 0.88714 1.05534 1.21409 1.35900
0.55610 0.71894 0.88704 1.05517 1.21389 1.35876
0.55553 0.71853 0.88674 1.05480 1.21349 1.35833
0.55538 0.71834 0.88659 1.05462 1.21330 1.35814
0.55538 0.71834 0.88659 1.05462 1.21330 1.35814
0.55538 0.71834 0.88659 1.05462 1.21330 1.35814
0.55538 0.71834 0.88659 1.05462 1.21330 1.35814
0.55482 0.71819 0.88643 1.05442 1.21310 1.35795
0.55482 0.71819 0.88643 1.05442 1.21310 1.35795
0.55446 0.71804 0.88628 1.05423 1.21291 1.35774
0.55446 0.71804 0.88628 1.05423 1.21291 1.35774
0.55460 0.71778 0.88614 1.05403 1.21270 1.35753
0.55460 0.71778 0.88614 1.05403 1.21270 1.35753
0.55460 0.71778 0.88614 1.05403 1.21270 1.35753
0.55460 0.71778 0.88614 1.05403 1.21270 1.35753
0.55358 0.71740 0.88620 1.05381 1.21247 1.35732
0.55358 0.71740 0.88620 1.05381 1.21247 1.35732
0.55356 0.71717 0.88602 1.05361 1.21226 1.35710
0.55356 0.71717 0.88602 1.05361 1.21226 1.35710
0.55339 0.71703 0.88578 1.05342 1.21204 1.35686
0.55304 0.71645 0.88570 1.05323 1.21181 1.35663
0.55304 0.71645 0.88570 1.05323 1.21181 1.35663
0.55304 0.71645 0.88570 1.05323 1.21181 1.35663
0.55175 0.71548 0.88457 1.05219 1.21128 1.35658
0.55105 0.71515 0.88453 1.05194 1.21106 1.35635
0.55073 0.71505 0.88428 1.05171 1.21082 1.35606
0.55077 0.71476 0.88407 1.05150 1.21058 1.35578
0.55077 0.71476 0.88407 1.05150 1.21058 1.35578
0.55077 0.71476 0.88407 1.05150 1.21058 1.35578
0.55077 0.71476 0.88407 1.05150 1.21058 1.35578
0.54875 0.71230 0.88156 1.04922 1.20887 1.35536
0.54890 0.71203 0.88131 1.04900 1.20863 1.35512
0.54835 0.71211 0.88102 1.04879 1.20839 1.35487
0.54823 0.71189 0.88083 1.04856 1.20814 1.35462
0.54639 0.70990 0.87888 1.04735 1.20809 1.35439
0.54628 0.70970 0.87861 1.04711 1.20784 1.35413
0.54628 0.70970 0.87861 1.04711 1.20784 1.35413
0.54592 0.70946 0.87845 1.04686 1.20757 1.35386
0.54592 0.70946 0.87845 1.04686 1.20757 1.35386
0.54448 0.70754 0.87665 1.04534 1.20686 1.35379
0.54322 0.70698 0.87663 1.04506 1.20660 1.35350
0.54290 0.70652 0.87616 1.04454 1.20606 1.35294
0.54146 0.70591 0.87620 1.04420 1.20580 1.35269
0.54146 0.70591 0.87620 1.04420 1.20580 1.35269
0.54146 0.70591 0.87620 1.04420 1.20580 1.35269
0.53944 0.70464 0.87458 1.04298 1.20508 1.35188
0.53944 0.70464 0.87458 1.04298 1.20508 1.35188
0.53845 0.70401 0.87416 1.04240 1.20451 1.35126
0.53862 0.70382 0.87388 1.04213 1.20424 1.35100
0.53829 0.70354 0.87359 1.04185 1.20395 1.35066
0.53829 0.70354 0.87359 1.04185 1.20395 1.35066
0.53829 0.70354 0.87359 1.04185 1.20395 1.35066
0.53816 0.70319 0.87333 1.04157 1.20366 1.35035
0.53813 0.70290 0.87309 1.04129 1.20336 1.35004
0.53813 0.70290 0.87309 1.04129 1.20336 1.35004
0.53813 0.70290 0.87309 1.04129 1.20336 1.35004
0.53688 0.70188 0.87221 1.04060 1.20285 1.34935
0.53646 0.70178 0.87194 1.04030 1.20254 1.34900
0.53646 0.70178 0.87194 1.04030 1.20254 1.34900
0.53646 0.70178 0.87194 1.04030 1.20254 1.34900
0.53647 0.70100 0.87160 1.04009 1.20221 1.34865
0.53647 0.70100 0.87160 1.04009 1.20221 1.34865
0.53563 0.70087 0.87124 1.03980 1.20191 1.34834
0.53563 0.70087 0.87124 1.03980 1.20191 1.34834
0.53563 0.70087 0.87124 1.03980 1.20191 1.34834
0.53563 0.70087 0.87124 1.03980 1.20191 1.34834
0.53563 0.70087 0.87124 1.03980 1.20191 1.34834
0.53510 0.70029 0.87063 1.03920 1.20126 1.34767
0.53515 0.69991 0.87033 1.03888 1.20095 1.34735
0.53515 0.69991 0.87033 1.03888 1.20095 1.34735
0.53505 0.69953 0.87006 1.03856 1.20062 1.34701
0.53521 0.69919 0.86981 1.03823 1.20028 1.34663
0.53521 0.69919 0.86981 1.03823 1.20028 1.34663
0.53521 0.69919 0.86981 1.03823 1.20028 1.34663
0.53483 0.69887 0.86949 1.03791 1.19994 1.34628
0.53483 0.69887 0.86949 1.03791 1.19994 1.34628
0.53459 0.69854 0.86919 1.03759 1.19960 1.34591
0.53459 0.69854 0.86919 1.03759 1.19960 1.34591
0.53459 0.69854 0.86919 1.03759 1.19960 1.34591
0.53459 0.69854 0.86919 1.03759 1.19960 1.34591
0.53400 0.69759 0.86829 1.03684 1.19923 1.34565
0.53350 0.69735 0.86795 1.03650 1.19888 1.34528
0.53350 0.69735 0.86795 1.03650 1.19888 1.34528
0.53350 0.69735 0.86795 1.03650 1.19888 1.34528
0.53382 0.69698 0.86765 1.03614 1.19851 1.34489
0.53382 0.69698 0.86765 1.03614 1.19851 1.34489
0.53391 0.69661 0.86731 1.03577 1.19813 1.34446
0.53336 0.69639 0.86697 1.03543 1.19777 1.34411
0.53336 0.69639 0.86697 1.03543 1.19777 1.34411
0.53336 0.69639 0.86697 1.03543 1.19777 1.34411
0.53336 0.69639 0.86697 1.03543 1.19777 1.34411
0.53294 0.69612 0.86668 1.03508 1.19739 1.34375
0.53294 0.69612 0.86668 1.03508 1.19739 1.34375
0.53278 0.69569 0.86635 1.03470 1.19703 1.34339
0.53278 0.69569 0.86635 1.03470 1.19703 1.34339
0.53278 0.69569 0.86635 1.03470 1.19703 1.34339
0.53278 0.69569 0.86635 1.03470 1.19703 1.34339
0.53278 0.69569 0.86635 1.03470 1.19703 1.34339
0.53185 0.69567 0.86591 1.03435 1.19664 1.34301
0.52994 0.69401 0.86429 1.03301 1.19594 1.34278
0.52994 0.69401 0.86429 1.03301 1.19594 1.34278
0.52994 0.69401 0.86429 1.03301 1.19594 1.34278
0.52990 0.69371 0.86391 1.03260 1.19554 1.34238
0.52990 0.69371 0.86391 1.03260 1.19554 1.34238
0.52990 0.69371 0.86391 1.03260 1.19554 1.34238
0.52982 0.69345 0.86352 1.03220 1.19515 1.34199
0.52982 0.69345 0.86352 1.03220 1.19515 1.34199
0.52878 0.69290 0.86335 1.03179 1.19472 1.34156
0.52878 0.69290 0.86335 1.03179 1.19472 1.34156
0.52878 0.69290 0.86335 1.03179 1.19472 1.34156
0.52656 0.69089 0.86148 1.02994 1.19338 1.34114
0.52656 0.69089 0.86148 1.02994 1.19338 1.34114
0.52528 0.68989 0.86121 1.02951 1.19293 1.34068
0.52369 0.68922 0.86079 1.02915 1.19251 1.34028
0.52369 0.68922 0.86079 1.02915 1.19251 1.34028
0.52369 0.68922 0.86079 1.02915 1.19251 1.34028
0.52369 0.68922 0.86079 1.02915 1.19251 1.34028
0.52369 0.68922 0.86079 1.02915 1.19251 1.34028
0.52369 0.68922 0.86079 1.02915 1.19251 1.34028
0.52369 0.68922 0.86079 1.02915 1.19251 1.34028
0.52369 0.68922 0.86079 1.02915 1.19251 1.34028
0.52369 0.68922 0.86079 1.02915 1.19251 1.34028
0.52369 0.68922 0.86079 1.02915 1.19251 1.34028
0.52369 0.68922 0.86079 1.02915 1.19251 1.34028
0.52369 0.68922 0.86079 1.02915 1.19251 1.34028
0.52369 0.68922 0.86079 1.02915 1.19251 1.34028
0.52369 0.68922 0.86079 1.02915 1.19251 1.34028
0.52369 0.68922 0.86079 1.02915 1.19251 1.34028
0.52395 0.68862 0.86036 1.02870 1.19201 1.33971
0.52395 0.68862 0.86036 1.02870 1.19201 1.33971
0.52412 0.68813 0.85994 1.02822 1.19152 1.33920
0.52412 0.68813 0.85994 1.02822 1.19152 1.33920
0.52384 0.68771 0.85946 1.02774 1.19103 1.33868
0.52384 0.68771 0.85946 1.02774 1.19103 1.33868
0.52384 0.68771 0.85946 1.02774 1.19103 1.33868
0.52384 0.68771 0.85946 1.02774 1.19103 1.33868
0.52427 0.68668 0.85850 1.02677 1.19000 1.33761
0.52359 0.68631 0.85798 1.02630 1.18949 1.33710
0.52359 0.68631 0.85798 1.02630 1.18949 1.33710
0.52359 0.68631 0.85798 1.02630 1.18949 1.33710
0.52359 0.68631 0.85798 1.02630 1.18949 1.33710
0.52308 0.68600 0.85750 1.02577 1.18897 1.33654
0.52323 0.68474 0.85651 1.02478 1.18794 1.33553
0.52323 0.68474 0.85651 1.02478 1.18794 1.33553
0.52253 0.68431 0.85600 1.02425 1.18742 1.33505
0.52253 0.68431 0.85600 1.02425 1.18742 1.33505
0.52253 0.68431 0.85600 1.02425 1.18742 1.33505
0.52253 0.68431 0.85600 1.02425 1.18742 1.33505
0.52253 0.68431 0.85600 1.02425 1.18742 1.33505
0.52253 0.68431 0.85600 1.02425 1.18742 1.33505
0.52219 0.68384 0.85557 1.02369 1.18690 1.33456
0.52246 0.68298 0.85500 1.02317 1.18635 1.33405
0.52246 0.68298 0.85500 1.02317 1.18635 1.33405
0.52189 0.68252 0.85446 1.02264 1.18579 1.33349
0.52189 0.68252 0.85446 1.02264 1.18579 1.33349
0.52189 0.68252 0.85446 1.02264 1.18579 1.33349
0.52190 0.68184 0.85392 1.02208 1.18520 1.33285
0.52153 0.68128 0.85339 1.02153 1.18463 1.33230
0.52153 0.68128 0.85339 1.02153 1.18463 1.33230
0.52153 0.68128 0.85339 1.02153 1.18463 1.33230
0.52153 0.68128 0.85339 1.02153 1.18463 1.33230
0.52153 0.68128 0.85339 1.02153 1.18463 1.33230
0.52153 0.68128 0.85339 1.02153 1.18463 1.33230
0.52153 0.68128 0.85339 1.02153 1.18463 1.33230
0.52153 0.68128 0.85339 1.02153 1.18463 1.33230
0.52153 0.68128 0.85339 1.02153 1.18463 1.33230
0.52153 0.68128 0.85339 1.02153 1.18463 1.33230
0.52153 0.68128 0.85339 1.02153 1.18463 1.33230
0.51792 0.68046 0.85289 1.02092 1.18404 1.33172
0.51792 0.68046 0.85289 1.02092 1.18404 1.33172
0.51792 0.68046 0.85289 1.02092 1.18404 1.33172
0.51792 0.68046 0.85289 1.02092 1.18404 1.33172
0.51792 0.68046 0.85289 1.02092 1.18404 1.33172
0.51806 0.67963 0.85229 1.02033 1.18341 1.33110
0.51806 0.67963 0.85229 1.02033 1.18341 1.33110
0.51806 0.67963 0.85229 1.02033 1.18341 1.33110
0.51806 0.67963 0.85229 1.02033 1.18341 1.33110
0.51806 0.67963 0.85229 1.02033 1.18341 1.33110
0.51806 0.67963 0.85229 1.02033 1.18341 1.33110
0.51806 0.67963 0.85229 1.02033 1.18341 1.33110
0.51806 0.67963 0.85229 1.02033 1.18341 1.33110
0.51773 0.67920 0.85163 1.01972 1.18275 1.33039
0.51773 0.67920 0.85163 1.01972 1.18275 1.33039
0.51773 0.67920 0.85163 1.01972 1.18275 1.33039
0.51793 0.67853 0.85101 1.01910 1.18206 1.32968
0.51793 0.67853 0.85101 1.01910 1.18206 1.32968
0.51793 0.67853 0.85101 1.01910 1.18206 1.32968
0.51735 0.67807 0.85037 1.01840 1.18135 1.32889
0.51735 0.67807 0.85037 1.01840 1.18135 1.32889
0.51735 0.67807 0.85037 1.01840 1.18135 1.32889
0.51680 0.67738 0.84973 1.01772 1.18065 1.32816
0.51680 0.67738 0.84973 1.01772 1.18065 1.32816
0.51680 0.67738 0.84973 1.01772 1.18065 1.32816
0.51192 0.67418 0.84814 1.01770 1.17974 1.32753
0.51192 0.67418 0.84814 1.01770 1.17974 1.32753
0.51192 0.67418 0.84814 1.01770 1.17974 1.32753
0.51192 0.67418 0.84814 1.01770 1.17974 1.32753
0.51192 0.67418 0.84814 1.01770 1.17974 1.32753
0.51192 0.67418 0.84814 1.01770 1.17974 1.32753
0.51192 0.67418 0.84814 1.01770 1.17974 1.32753
0.51192 0.67418 0.84814 1.01770 1.17974 1.32753
0.51192 0.67418 0.84814 1.01770 1.17974 1.32753
0.51192 0.67418 0.84814 1.01770 1.17974 1.32753
0.51192 0.67418 0.84814 1.01770 1.17974 1.32753
0.51192 0.67418 0.84814 1.01770 1.17974 1.32753
0.51192 0.67418 0.84814 1.01770 1.17974 1.32753
0.51029 0.67372 0.84738 1.01696 1.17897 1.32669
0.50909 0.67336 0.84665 1.01623 1.17818 1.32588
0.50909 0.67336 0.84665 1.01623 1.17818 1.32588
0.50909 0.67336 0.84665 1.01623 1.17818 1.32588
0.50909 0.67336 0.84665 1.01623 1.17818 1.32588
0.50648 0.67306 0.84591 1.01548 1.17737 1.32492
0.50648 0.67306 0.84591 1.01548 1.17737 1.32492
0.50648 0.67306 0.84591 1.01548 1.17737 1.32492
0.50648 0.67306 0.84591 1.01548 1.17737 1.32492
0.50648 0.67306 0.84591 1.01548 1.17737 1.32492
0.50648 0.67306 0.84591 1.01548 1.17737 1.32492
0.50648 0.67306 0.84591 1.01548 1.17737 1.32492
0.50648 0.67306 0.84591 1.01548 1.17737 1.32492
0.50424 0.67038 0.84384 1.01445 1.17682 1.32392
0.50398 0.66945 0.84312 1.01365 1.17598 1.32307
0.50398 0.66945 0.84312 1.01365 1.17598 1.32307
0.50398 0.66945 0.84312 1.01365 1.17598 1.32307
0.50398 0.66945 0.84312 1.01365 1.17598 1.32307
0.50398 0.66945 0.84312 1.01365 1.17598 1.32307
0.50398 0.66945 0.84312 1.01365 1.17598 1.32307
0.50398 0.66945 0.84312 1.01365 1.17598 1.32307
0.50398 0.66945 0.84312 1.01365 1.17598 1.32307
0.50005 0.66524 0.83907 1.01022 1.17391 1.32271
0.50005 0.66524 0.83907 1.01022 1.17391 1.32271
0.50005 0.66524 0.83907 1.01022 1.17391 1.32271
0.50005 0.66524 0.83907 1.01022 1.17391 1.32271
0.50005 0.66524 0.83907 1.01022 1.17391 1.32271
0.50005 0.66524 0.83907 1.01022 1.17391 1.32271
0.50005 0.66524 0.83907 1.01022 1.17391 1.32271
0.50005 0.66524 0.83907 1.01022 1.17391 1.32271
0.50005 0.66524 0.83907 1.01022 1.17391 1.32271
0.49958 0.66483 0.83823 1.00929 1.17304 1.32191
0.49958 0.66483 0.83823 1.00929 1.17304 1.32191
0.49958 0.66483 0.83823 1.00929 1.17304 1.32191
0.49958 0.66483 0.83823 1.00929 1.17304 1.32191
0.49958 0.66483 0.83823 1.00929 1.17304 1.32191
0.49958 0.66483 0.83823 1.00929 1.17304 1.32191
0.49871 0.66406 0.83730 1.00837 1.17211 1.32101
0.49871 0.66406 0.83730 1.00837 1.17211 1.32101
0.49871 0.66406 0.83730 1.00837 1.17211 1.32101
0.49610 0.66351 0.83648 1.00748 1.17113 1.32009
0.49610 0.66351 0.83648 1.00748 1.17113 1.32009
0.49610 0.66351 0.83648 1.00748 1.17113 1.32009
0.49610 0.66351 0.83648 1.00748 1.17113 1.32009
0.49610 0.66351 0.83648 1.00748 1.17113 1.32009
0.49610 0.66351 0.83648 1.00748 1.17113 1.32009
0.49487 0.66252 0.83552 1.00652 1.17013 1.31909
0.49426 0.66149 0.83458 1.00554 1.16911 1.31804
0.49426 0.66149 0.83458 1.00554 1.16911 1.31804
0.49426 0.66149 0.83458 1.00554 1.16911 1.31804
0.49426 0.66149 0.83458 1.00554 1.16911 1.31804
0.49426 0.66149 0.83458 1.00554 1.16911 1.31804
0.49426 0.66149 0.83458 1.00554 1.16911 1.31804
0.49426 0.66149 0.83458 1.00554 1.16911 1.31804
0.49426 0.66149 0.83458 1.00554 1.16911 1.31804
0.49426 0.66149 0.83458 1.00554 1.16911 1.31804
0.48863 0.65912 0.83440 1.00420 1.16801 1.31688
0.48863 0.65912 0.83440 1.00420 1.16801 1.31688
0.48863 0.65912 0.83440 1.00420 1.16801 1.31688
0.48863 0.65912 0.83440 1.00420 1.16801 1.31688
0.48790 0.65805 0.83333 1.00314 1.16688 1.31565
0.48790 0.65805 0.83333 1.00314 1.16688 1.31565
0.48790 0.65805 0.83333 1.00314 1.16688 1.31565
0.48516 0.65646 0.83275 1.00201 1.16578 1.31445
0.48516 0.65646 0.83275 1.00201 1.16578 1.31445
0.48516 0.65646 0.83275 1.00201 1.16578 1.31445
0.48516 0.65646 0.83275 1.00201 1.16578 1.31445
0.48516 0.65646 0.83275 1.00201 1.16578 1.31445
0.48516 0.65646 0.83275 1.00201 1.16578 1.31445
0.48516 0.65646 0.83275 1.00201 1.16578 1.31445
0.48516 0.65646 0.83275 1.00201 1.16578 1.31445
0.48516 0.65646 0.83275 1.00201 1.16578 1.31445
0.48516 0.65646 0.83275 1.00201 1.16578 1.31445
0.48516 0.65646 0.83275 1.00201 1.16578 1.31445
0.48516 0.65646 0.83275 1.00201 1.16578 1.31445
0.48516 0.65646 0.83275 1.00201 1.16578 1.31445
0.48516 0.65646 0.83275 1.00201 1.16578 1.31445
0.48408 0.65536 0.83158 1.00085 1.16458 1.31318
0.48408 0.65536 0.83158 1.00085 1.16458 1.31318
0.48408 0.65536 0.83158 1.00085 1.16458 1.31318
0.48408 0.65536 0.83158 1.00085 1.16458 1.31318
0.48408 0.65536 0.83158 1.00085 1.16458 1.31318
0.48311 0.65421 0.83041 0.99965 1.16334 1.31188
0.48311 0.65421 0.83041 0.99965 1.16334 1.31188
0.48311 0.65421 0.83041 0.99965 1.16334 1.31188
0.48311 0.65421 0.83041 0.99965 1.16334 1.31188
0.48130 0.65304 0.82919 0.99845 1.16210 1.31067
0.48130 0.65304 0.82919 0.99845 1.16210 1.31067
0.48130 0.65304 0.82919 0.99845 1.16210 1.31067
0.48130 0.65304 0.82919 0.99845 1.16210 1.31067
0.48130 0.65304 0.82919 0.99845 1.16210 1.31067
0.48017 0.65166 0.82796 0.99720 1.16080 1.30934
0.48017 0.65166 0.82796 0.99720 1.16080 1.30934
0.48017 0.65166 0.82796 0.99720 1.16080 1.30934
0.48017 0.65166 0.82796 0.99720 1.16080 1.30934
0.48017 0.65166 0.82796 0.99720 1.16080 1.30934
0.47909 0.65038 0.82668 0.99587 1.15941 1.30779
0.47909 0.65038 0.82668 0.99587 1.15941 1.30779
0.47909 0.65038 0.82668 0.99587 1.15941 1.30779
0.47909 0.65038 0.82668 0.99587 1.15941 1.30779
0.47909 0.65038 0.82668 0.99587 1.15941 1.30779
0.47909 0.65038 0.82668 0.99587 1.15941 1.30779
0.47909 0.65038 0.82668 0.99587 1.15941 1.30779
0.47909 0.65038 0.82668 0.99587 1.15941 1.30779
0.47909 0.65038 0.82668 0.99587 1.15941 1.30779
0.47909 0.65038 0.82668 0.99587 1.15941 1.30779
0.47909 0.65038 0.82668 0.99587 1.15941 1.30779
0.47909 0.65038 0.82668 0.99587 1.15941 1.30779
0.47909 0.65038 0.82668 0.99587 1.15941 1.30779
0.47909 0.65038 0.82668 0.99587 1.15941 1.30779
0.47909 0.65038 0.82668 0.99587 1.15941 1.30779
0.47909 0.65038 0.82668 0.99587 1.15941 1.30779
0.47909 0.65038 0.82668 0.99587 1.15941 1.30779
0.47909 0.65038 0.82668 0.99587 1.15941 1.30779
0.47909 0.65038 0.82668 0.99587 1.15941 1.30779
0.47909 0.65038 0.82668 0.99587 1.15941 1.30779
0.47909 0.65038 0.82668 0.99587 1.15941 1.30779
0.47909 0.65038 0.82668 0.99587 1.15941 1.30779
0.47909 0.65038 0.82668 0.99587 1.15941 1.30779
0.47909 0.65038 0.82668 0.99587 1.15941 1.30779
0.47909 0.65038 0.82668 0.99587 1.15941 1.30779
0.47909 0.65038 0.82668 0.99587 1.15941 1.30779
0.47909 0.65038 0.82668 0.99587 1.15941 1.30779
0.47909 0.65038 0.82668 0.99587 1.15941 1.30779
0.47909 0.65038 0.82668 0.99587 1.15941 1.30779
0.47909 0.65038 0.82668 0.99587 1.15941 1.30779
0.47909 0.65038 0.82668 0.99587 1.15941 1.30779
0.47909 0.65038 0.82668 0.99587 1.15941 1.30779
0.47909 0.65038 0.82668 0.99587 1.15941 1.30779
0.47909 0.65038 0.82668 0.99587 1.15941 1.30779
0.47238 0.64628 0.82164 0.99118 1.15528 1.30521
0.47238 0.64628 0.82164 0.99118 1.15528 1.30521
0.47238 0.64628 0.82164 0.99118 1.15528 1.30521
0.47238 0.64628 0.82164 0.99118 1.15528 1.30521
0.47238 0.64628 0.82164 0.99118 1.15528 1.30521
0.47238 0.64628 0.82164 0.99118 1.15528 1.30521
0.47238 0.64628 0.82164 0.99118 1.15528 1.30521
0.47238 0.64628 0.82164 0.99118 1.15528 1.30521
0.47238 0.64628 0.82164 0.99118 1.15528 1.30521
0.47238 0.64628 0.82164 0.99118 1.15528 1.30521
0.47071 0.64448 0.82014 0.98956 1.15367 1.30368
0.47071 0.64448 0.82014 0.98956 1.15367 1.30368
0.47071 0.64448 0.82014 0.98956 1.15367 1.30368
0.47071 0.64448 0.82014 0.98956 1.15367 1.30368
0.47071 0.64448 0.82014 0.98956 1.15367 1.30368
0.47071 0.64448 0.82014 0.98956 1.15367 1.30368
0.47071 0.64448 0.82014 0.98956 1.15367 1.30368
0.47071 0.64448 0.82014 0.98956 1.15367 1.30368
0.46856 0.64271 0.81848 0.98789 1.15197 1.30206
0.46856 0.64271 0.81848 0.98789 1.15197 1.30206
0.46856 0.64271 0.81848 0.98789 1.15197 1.30206
0.46856 0.64271 0.81848 0.98789 1.15197 1.30206
0.46856 0.64271 0.81848 0.98789 1.15197 1.30206
0.46856 0.64271 0.81848 0.98789 1.15197 1.30206
0.46856 0.64271 0.81848 0.98789 1.15197 1.30206
0.46856 0.64271 0.81848 0.98789 1.15197 1.30206
0.46856 0.64271 0.81848 0.98789 1.15197 1.30206
0.46856 0.64271 0.81848 0.98789 1.15197 1.30206
0.46856 0.64271 0.81848 0.98789 1.15197 1.30206
0.46856 0.64271 0.81848 0.98789 1.15197 1.30206
0.46655 0.64092 0.81665 0.98613 1.15015 1.30027
0.46655 0.64092 0.81665 0.98613 1.15015 1.30027
0.46655 0.64092 0.81665 0.98613 1.15015 1.30027
0.46655 0.64092 0.81665 0.98613 1.15015 1.30027
0.46655 0.64092 0.81665 0.98613 1.15015 1.30027
0.46655 0.64092 0.81665 0.98613 1.15015 1.30027
0.46655 0.64092 0.81665 0.98613 1.15015 1.30027
0.46655 0.64092 0.81665 0.98613 1.15015 1.30027
0.46655 0.64092 0.81665 0.98613 1.15015 1.30027
0.46655 0.64092 0.81665 0.98613 1.15015 1.30027
0.46655 0.64092 0.81665 0.98613 1.15015 1.30027
0.46655 0.64092 0.81665 0.98613 1.15015 1.30027
0.46655 0.64092 0.81665 0.98613 1.15015 1.30027
0.46460 0.63908 0.81484 0.98423 1.14821 1.29830
0.46460 0.63908 0.81484 0.98423 1.14821 1.29830
0.46460 0.63908 0.81484 0.98423 1.14821 1.29830
0.46460 0.63908 0.81484 0.98423 1.14821 1.29830
0.46460 0.63908 0.81484 0.98423 1.14821 1.29830
0.46460 0.63908 0.81484 0.98423 1.14821 1.29830
0.46460 0.63908 0.81484 0.98423 1.14821 1.29830
0.46460 0.63908 0.81484 0.98423 1.14821 1.29830
0.46460 0.63908 0.81484 0.98423 1.14821 1.29830
0.46460 0.63908 0.81484 0.98423 1.14821 1.29830
0.46460 0.63908 0.81484 0.98423 1.14821 1.29830
0.46460 0.63908 0.81484 0.98423 1.14821 1.29830
0.46460 0.63908 0.81484 0.98423 1.14821 1.29830
0.46460 0.63908 0.81484 0.98423 1.14821 1.29830
0.46460 0.63908 0.81484 0.98423 1.14821 1.29830
0.46460 0.63908 0.81484 0.98423 1.14821 1.29830
0.46460 0.63908 0.81484 0.98423 1.14821 1.29830
0.46460 0.63908 0.81484 0.98423 1.14821 1.29830
0.46460 0.63908 0.81484 0.98423 1.14821 1.29830
0.46460 0.63908 0.81484 0.98423 1.14821 1.29830
0.46460 0.63908 0.81484 0.98423 1.14821 1.29830
0.46460 0.63908 0.81484 0.98423 1.14821 1.29830
0.46460 0.63908 0.81484 0.98423 1.14821 1.29830
0.46460 0.63908 0.81484 0.98423 1.14821 1.29830
0.46460 0.63908 0.81484 0.98423 1.14821 1.29830
0.46460 0.63908 0.81484 0.98423 1.14821 1.29830
0.46460 0.63908 0.81484 0.98423 1.14821 1.29830
0.46460 0.63908 0.81484 0.98423 1.14821 1.29830
0.46460 0.63908 0.81484 0.98423 1.14821 1.29830
0.46176 0.63698 0.81284 0.98211 1.14606 1.29623
0.46176 0.63698 0.81284 0.98211 1.14606 1.29623
0.46176 0.63698 0.81284 0.98211 1.14606 1.29623
0.46176 0.63698 0.81284 0.98211 1.14606 1.29623
0.46176 0.63698 0.81284 0.98211 1.14606 1.29623
0.46176 0.63698 0.81284 0.98211 1.14606 1.29623
0.46176 0.63698 0.81284 0.98211 1.14606 1.29623
0.46176 0.63698 0.81284 0.98211 1.14606 1.29623
0.46176 0.63698 0.81284 0.98211 1.14606 1.29623
0.46176 0.63698 0.81284 0.98211 1.14606 1.29623
0.46176 0.63698 0.81284 0.98211 1.14606 1.29623
0.45449 0.62802 0.80479 0.97572 1.14314 1.29496
0.45449 0.62802 0.80479 0.97572 1.14314 1.29496
0.45449 0.62802 0.80479 0.97572 1.14314 1.29496
0.45449 0.62802 0.80479 0.97572 1.14314 1.29496
0.45449 0.62802 0.80479 0.97572 1.14314 1.29496
0.45449 0.62802 0.80479 0.97572 1.14314 1.29496
0.45449 0.62802 0.80479 0.97572 1.14314 1.29496
0.44938 0.62666 0.80195 0.97322 1.14057 1.29212
0.44938 0.62666 0.80195 0.97322 1.14057 1.29212
0.44938 0.62666 0.80195 0.97322 1.14057 1.29212
0.44938 0.62666 0.80195 0.97322 1.14057 1.29212
0.44723 0.62427 0.79945 0.97070 1.13794 1.28920
0.44723 0.62427 0.79945 0.97070 1.13794 1.28920
0.44723 0.62427 0.79945 0.97070 1.13794 1.28920
0.44723 0.62427 0.79945 0.97070 1.13794 1.28920
0.44723 0.62427 0.79945 0.97070 1.13794 1.28920
0.44723 0.62427 0.79945 0.97070 1.13794 1.28920
0.44618 0.62179 0.79689 0.96803 1.13524 1.28641
0.44306 0.61896 0.79414 0.96532 1.13242 1.28345
0.44306 0.61896 0.79414 0.96532 1.13242 1.28345
0.44002 0.61637 0.79132 0.96245 1.12947 1.28019
0.43741 0.61345 0.78841 0.95952 1.12648 1.27705
0.43741 0.61345 0.78841 0.95952 1.12648 1.27705
0.43741 0.61345 0.78841 0.95952 1.12648 1.27705
0.43741 0.61345 0.78841 0.95952 1.12648 1.27705
0.43741 0.61345 0.78841 0.95952 1.12648 1.27705
0.43741 0.61345 0.78841 0.95952 1.12648 1.27705
0.43741 0.61345 0.78841 0.95952 1.12648 1.27705
0.43741 0.61345 0.78841 0.95952 1.12648 1.27705
0.43741 0.61345 0.78841 0.95952 1.12648 1.27705
0.43741 0.61345 0.78841 0.95952 1.12648 1.27705
0.43741 0.61345 0.78841 0.95952 1.12648 1.27705
0.43741 0.61345 0.78841 0.95952 1.12648 1.27705
0.43741 0.61345 0.78841 0.95952 1.12648 1.27705
0.43741 0.61345 0.78841 0.95952 1.12648 1.27705
0.43741 0.61345 0.78841 0.95952 1.12648 1.27705
0.43741 0.61345 0.78841 0.95952 1.12648 1.27705
0.43741 0.61345 0.78841 0.95952 1.12648 1.27705
0.43741 0.61345 0.78841 0.95952 1.12648 1.27705
0.43741 0.61345 0.78841 0.95952 1.12648 1.27705
0.43741 0.61345 0.78841 0.95952 1.12648 1.27705
0.43741 0.61345 0.78841 0.95952 1.12648 1.27705
0.43741 0.61345 0.78841 0.95952 1.12648 1.27705
0.43741 0.61345 0.78841 0.95952 1.12648 1.27705
0.43741 0.61345 0.78841 0.95952 1.12648 1.27705
0.43741 0.61345 0.78841 0.95952 1.12648 1.27705
0.43741 0.61345 0.78841 0.95952 1.12648 1.27705
0.43741 0.61345 0.78841 0.95952 1.12648 1.27705
0.43741 0.61345 0.78841 0.95952 1.12648 1.27705
0.43282 0.61018 0.78518 0.95622 1.12318 1.27371
0.42924 0.60669 0.78184 0.95285 1.11994 1.27079
0.42924 0.60669 0.78184 0.95285 1.11994 1.27079
0.42924 0.60669 0.78184 0.95285 1.11994 1.27079
0.42924 0.60669 0.78184 0.95285 1.11994 1.27079
0.42924 0.60669 0.78184 0.95285 1.11994 1.27079
0.42924 0.60669 0.78184 0.95285 1.11994 1.27079
0.42924 0.60669 0.78184 0.95285 1.11994 1.27079
0.42924 0.60669 0.78184 0.95285 1.11994 1.27079
0.42924 0.60669 0.78184 0.95285 1.11994 1.27079
0.42924 0.60669 0.78184 0.95285 1.11994 1.27079
0.42924 0.60669 0.78184 0.95285 1.11994 1.27079
0.42924 0.60669 0.78184 0.95285 1.11994 1.27079
0.42924 0.60669 0.78184 0.95285 1.11994 1.27079
0.42924 0.60669 0.78184 0.95285 1.11994 1.27079
0.42924 0.60669 0.78184 0.95285 1.11994 1.27079
0.42924 0.60669 0.78184 0.95285 1.11994 1.27079
0.42924 0.60669 0.78184 0.95285 1.11994 1.27079
0.42924 0.60669 0.78184 0.95285 1.11994 1.27079
0.42924 0.60669 0.78184 0.95285 1.11994 1.27079
0.42924 0.60669 0.78184 0.95285 1.11994 1.27079
0.42924 0.60669 0.78184 0.95285 1.11994 1.27079
0.42924 0.60669 0.78184 0.95285 1.11994 1.27079
0.42924 0.60669 0.78184 0.95285 1.11994 1.27079
0.42924 0.60669 0.78184 0.95285 1.11994 1.27079
0.42924 0.60669 0.78184 0.95285 1.11994 1.27079
0.42924 0.60669 0.78184 0.95285 1.11994 1.27079
0.42924 0.60669 0.78184 0.95285 1.11994 1.27079
0.42924 0.60669 0.78184 0.95285 1.11994 1.27079
0.42924 0.60669 0.78184 0.95285 1.11994 1.27079
0.42924 0.60669 0.78184 0.95285 1.11994 1.27079
0.42924 0.60669 0.78184 0.95285 1.11994 1.27079
0.42924 0.60669 0.78184 0.95285 1.11994 1.27079
0.42484 0.60300 0.77797 0.94902 1.11604 1.26681
0.42484 0.60300 0.77797 0.94902 1.11604 1.26681
0.42484 0.60300 0.77797 0.94902 1.11604 1.26681
0.42484 0.60300 0.77797 0.94902 1.11604 1.26681
0.42484 0.60300 0.77797 0.94902 1.11604 1.26681
0.42484 0.60300 0.77797 0.94902 1.11604 1.26681
0.42484 0.60300 0.77797 0.94902 1.11604 1.26681
0.42484 0.60300 0.77797 0.94902 1.11604 1.26681
0.42484 0.60300 0.77797 0.94902 1.11604 1.26681
0.42484 0.60300 0.77797 0.94902 1.11604 1.26681
0.42484 0.60300 0.77797 0.94902 1.11604 1.26681
0.42484 0.60300 0.77797 0.94902 1.11604 1.26681
0.42484 0.60300 0.77797 0.94902 1.11604 1.26681
0.42484 0.60300 0.77797 0.94902 1.11604 1.26681
0.42484 0.60300 0.77797 0.94902 1.11604 1.26681
0.42484 0.60300 0.77797 0.94902 1.11604 1.26681
0.42484 0.60300 0.77797 0.94902 1.11604 1.26681
0.42484 0.60300 0.77797 0.94902 1.11604 1.26681
0.42484 0.60300 0.77797 0.94902 1.11604 1.26681
0.42484 0.60300 0.77797 0.94902 1.11604 1.26681
0.42484 0.60300 0.77797 0.94902 1.11604 1.26681
0.42069 0.59890 0.77371 0.94478 1.11184 1.26275
0.42069 0.59890 0.77371 0.94478 1.11184 1.26275
0.42069 0.59890 0.77371 0.94478 1.11184 1.26275
0.42069 0.59890 0.77371 0.94478 1.11184 1.26275
0.42069 0.59890 0.77371 0.94478 1.11184 1.26275
0.42069 0.59890 0.77371 0.94478 1.11184 1.26275
0.42069 0.59890 0.77371 0.94478 1.11184 1.26275
0.42069 0.59890 0.77371 0.94478 1.11184 1.26275
0.42069 0.59890 0.77371 0.94478 1.11184 1.26275
0.42069 0.59890 0.77371 0.94478 1.11184 1.26275
0.42069 0.59890 0.77371 0.94478 1.11184 1.26275
0.42069 0.59890 0.77371 0.94478 1.11184 1.26275
0.42069 0.59890 0.77371 0.94478 1.11184 1.26275
0.41474 0.59439 0.76911 0.94013 1.10707 1.25771
0.41474 0.59439 0.76911 0.94013 1.10707 1.25771
0.41474 0.59439 0.76911 0.94013 1.10707 1.25771
0.41474 0.59439 0.76911 0.94013 1.10707 1.25771
0.41474 0.59439 0.76911 0.94013 1.10707 1.25771
0.41474 0.59439 0.76911 0.94013 1.10707 1.25771
0.41474 0.59439 0.76911 0.94013 1.10707 1.25771
0.41474 0.59439 0.76911 0.94013 1.10707 1.25771
0.41474 0.59439 0.76911 0.94013 1.10707 1.25771
0.41474 0.59439 0.76911 0.94013 1.10707 1.25771
0.41474 0.59439 0.76911 0.94013 1.10707 1.25771
0.41474 0.59439 0.76911 0.94013 1.10707 1.25771
0.41204 0.58904 0.76396 0.93517 1.10188 1.25221
0.41204 0.58904 0.76396 0.93517 1.10188 1.25221
0.41204 0.58904 0.76396 0.93517 1.10188 1.25221
0.41204 0.58904 0.76396 0.93517 1.10188 1.25221
0.41204 0.58904 0.76396 0.93517 1.10188 1.25221
0.41204 0.58904 0.76396 0.93517 1.10188 1.25221
0.41204 0.58904 0.76396 0.93517 1.10188 1.25221
0.41204 0.58904 0.76396 0.93517 1.10188 1.25221
0.41204 0.58904 0.76396 0.93517 1.10188 1.25221
0.41204 0.58904 0.76396 0.93517 1.10188 1.25221
0.41204 0.58904 0.76396 0.93517 1.10188 1.25221
0.41204 0.58904 0.76396 0.93517 1.10188 1.25221
0.41204 0.58904 0.76396 0.93517 1.10188 1.25221
0.41204 0.58904 0.76396 0.93517 1.10188 1.25221
0.41204 0.58904 0.76396 0.93517 1.10188 1.25221
0.41204 0.58904 0.76396 0.93517 1.10188 1.25221
0.41204 0.58904 0.76396 0.93517 1.10188 1.25221
0.41204 0.58904 0.76396 0.93517 1.10188 1.25221
0.41204 0.58904 0.76396 0.93517 1.10188 1.25221
0.41204 0.58904 0.76396 0.93517 1.10188 1.25221
0.41204 0.58904 0.76396 0.93517 1.10188 1.25221
0.41204 0.58904 0.76396 0.93517 1.10188 1.25221
0.41204 0.58904 0.76396 0.93517 1.10188 1.25221
0.41204 0.58904 0.76396 0.93517 1.10188 1.25221
0.41204 0.58904 0.76396 0.93517 1.10188 1.25221
0.41204 0.58904 0.76396 0.93517 1.10188 1.25221
0.41204 0.58904 0.76396 0.93517 1.10188 1.25221
0.41204 0.58904 0.76396 0.93517 1.10188 1.25221
0.41204 0.58904 0.76396 0.93517 1.10188 1.25221
0.41204 0.58904 0.76396 0.93517 1.10188 1.25221
0.41204 0.58904 0.76396 0.93517 1.10188 1.25221
0.41204 0.58904 0.76396 0.93517 1.10188 1.25221
0.41204 0.58904 0.76396 0.93517 1.10188 1.25221
0.41204 0.58904 0.76396 0.93517 1.10188 1.25221
0.41204 0.58904 0.76396 0.93517 1.10188 1.25221
0.41204 0.58904 0.76396 0.93517 1.10188 1.25221
0.41204 0.58904 0.76396 0.93517 1.10188 1.25221
0.41204 0.58904 0.76396 0.93517 1.10188 1.25221
0.41204 0.58904 0.76396 0.93517 1.10188 1.25221
0.41204 0.58904 0.76396 0.93517 1.10188 1.25221
0.41204 0.58904 0.76396 0.93517 1.10188 1.25221
0.41204 0.58904 0.76396 0.93517 1.10188 1.25221
0.41204 0.58904 0.76396 0.93517 1.10188 1.25221
0.41204 0.58904 0.76396 0.93517 1.10188 1.25221
0.41204 0.58904 0.76396 0.93517 1.10188 1.25221
0.41204 0.58904 0.76396 0.93517 1.10188 1.25221
0.41204 0.58904 0.76396 0.93517 1.10188 1.25221
0.41204 0.58904 0.76396 0.93517 1.10188 1.25221
0.41204 0.58904 0.76396 0.93517 1.10188 1.25221
0.41204 0.58904 0.76396 0.93517 1.10188 1.25221
0.41204 0.58904 0.76396 0.93517 1.10188 1.25221
0.41204 0.58904 0.76396 0.93517 1.10188 1.25221
0.40548 0.58253 0.75805 0.92902 1.09573 1.24582
0.40548 0.58253 0.75805 0.92902 1.09573 1.24582
0.40548 0.58253 0.75805 0.92902 1.09573 1.24582
0.40548 0.58253 0.75805 0.92902 1.09573 1.24582
0.40548 0.58253 0.75805 0.92902 1.09573 1.24582
0.40548 0.58253 0.75805 0.92902 1.09573 1.24582
0.40548 0.58253 0.75805 0.92902 1.09573 1.24582
0.40548 0.58253 0.75805 0.92902 1.09573 1.24582
0.40548 0.58253 0.75805 0.92902 1.09573 1.24582
0.40548 0.58253 0.75805 0.92902 1.09573 1.24582
0.40548 0.58253 0.75805 0.92902 1.09573 1.24582
0.40548 0.58253 0.75805 0.92902 1.09573 1.24582
0.40548 0.58253 0.75805 0.92902 1.09573 1.24582
0.40548 0.58253 0.75805 0.92902 1.09573 1.24582
0.40548 0.58253 0.75805 0.92902 1.09573 1.24582
0.40548 0.58253 0.75805 0.92902 1.09573 1.24582
0.40548 0.58253 0.75805 0.92902 1.09573 1.24582
0.40548 0.58253 0.75805 0.92902 1.09573 1.24582
0.40548 0.58253 0.75805 0.92902 1.09573 1.24582
0.40548 0.58253 0.75805 0.92902 1.09573 1.24582
0.40548 0.58253 0.75805 0.92902 1.09573 1.24582
0.40548 0.58253 0.75805 0.92902 1.09573 1.24582
0.40548 0.58253 0.75805 0.92902 1.09573 1.24582
0.40548 0.58253 0.75805 0.92902 1.09573 1.24582
0.40548 0.58253 0.75805 0.92902 1.09573 1.24582
0.40548 0.58253 0.75805 0.92902 1.09573 1.24582
0.40548 0.58253 0.75805 0.92902 1.09573 1.24582
0.40548 0.58253 0.75805 0.92902 1.09573 1.24582
0.40548 0.58253 0.75805 0.92902 1.09573 1.24582
0.40548 0.58253 0.75805 0.92902 1.09573 1.24582
0.40548 0.58253 0.75805 0.92902 1.09573 1.24582
0.40548 0.58253 0.75805 0.92902 1.09573 1.24582
0.40548 0.58253 0.75805 0.92902 1.09573 1.24582
0.40548 0.58253 0.75805 0.92902 1.09573 1.24582
0.40548 0.58253 0.75805 0.92902 1.09573 1.24582
0.40548 0.58253 0.75805 0.92902 1.09573 1.24582
0.40548 0.58253 0.75805 0.92902 1.09573 1.24582
0.40548 0.58253 0.75805 0.92902 1.09573 1.24582
0.40548 0.58253 0.75805 0.92902 1.09573 1.24582
0.40548 0.58253 0.75805 0.92902 1.09573 1.24582
0.40548 0.58253 0.75805 0.92902 1.09573 1.24582
0.40548 0.58253 0.75805 0.92902 1.09573 1.24582
0.40548 0.58253 0.75805 0.92902 1.09573 1.24582
0.40548 0.58253 0.75805 0.92902 1.09573 1.24582
0.40548 0.58253 0.75805 0.92902 1.09573 1.24582
0.40548 0.58253 0.75805 0.92902 1.09573 1.24582
0.40548 0.58253 0.75805 0.92902 1.09573 1.24582
0.40548 0.58253 0.75805 0.92902 1.09573 1.24582
0.40548 0.58253 0.75805 0.92902 1.09573 1.24582
0.40548 0.58253 0.75805 0.92902 1.09573 1.24582
0.40548 0.58253 0.75805 0.92902 1.09573 1.24582
0.40548 0.58253 0.75805 0.92902 1.09573 1.24582
0.40548 0.58253 0.75805 0.92902 1.09573 1.24582
0.40548 0.58253 0.75805 0.92902 1.09573 1.24582
0.40548 0.58253 0.75805 0.92902 1.09573 1.24582
0.40548 0.58253 0.75805 0.92902 1.09573 1.24582
0.40548 0.58253 0.75805 0.92902 1.09573 1.24582
0.40548 0.58253 0.75805 0.92902 1.09573 1.24582
0.40548 0.58253 0.75805 0.92902 1.09573 1.24582
0.40548 0.58253 0.75805 0.92902 1.09573 1.24582
0.40548 0.58253 0.75805 0.92902 1.09573 1.24582
0.40548 0.58253 0.75805 0.92902 1.09573 1.24582
0.40548 0.58253 0.75805 0.92902 1.09573 1.24582
0.40548 0.58253 0.75805 0.92902 1.09573 1.24582
0.40548 0.58253 0.75805 0.92902 1.09573 1.24582
0.40548 0.58253 0.75805 0.92902 1.09573 1.24582
0.40548 0.58253 0.75805 0.92902 1.09573 1.24582
0.40548 0.58253 0.75805 0.92902 1.09573 1.24582
0.40548 0.58253 0.75805 0.92902 1.09573 1.24582
0.40548 0.58253 0.75805 0.92902 1.09573 1.24582
0.40548 0.58253 0.75805 0.92902 1.09573 1.24582
0.40548 0.58253 0.75805 0.92902 1.09573 1.24582
0.40548 0.58253 0.75805 0.92902 1.09573 1.24582
0.40548 0.58253 0.75805 0.92902 1.09573 1.24582
0.40548 0.58253 0.75805 0.92902 1.09573 1.24582
0.40548 0.58253 0.75805 0.92902 1.09573 1.24582
0.40548 0.58253 0.75805 0.92902 1.09573 1.24582
0.40548 0.58253 0.75805 0.92902 1.09573 1.24582
0.40548 0.58253 0.75805 0.92902 1.09573 1.24582
0.40548 0.58253 0.75805 0.92902 1.09573 1.24582
0.40548 0.58253 0.75805 0.92902 1.09573 1.24582
0.40548 0.58253 0.75805 0.92902 1.09573 1.24582
0.40548 0.58253 0.75805 0.92902 1.09573 1.24582
0.40548 0.58253 0.75805 0.92902 1.09573 1.24582
0.40548 0.58253 0.75805 0.92902 1.09573 1.24582
0.40548 0.58253 0.75805 0.92902 1.09573 1.24582
0.40548 0.58253 0.75805 0.92902 1.09573 1.24582
0.40548 0.58253 0.75805 0.92902 1.09573 1.24582
0.40548 0.58253 0.75805 0.92902 1.09573 1.24582
0.40548 0.58253 0.75805 0.92902 1.09573 1.24582
0.40548 0.58253 0.75805 0.92902 1.09573 1.24582
0.40548 0.58253 0.75805 0.92902 1.09573 1.24582
0.40548 0.58253 0.75805 0.92902 1.09573 1.24582
0.40548 0.58253 0.75805 0.92902 1.09573 1.24582
0.40548 0.58253 0.75805 0.92902 1.09573 1.24582
0.40548 0.58253 0.75805 0.92902 1.09573 1.24582
0.40548 0.58253 0.75805 0.92902 1.09573 1.24582
0.40548 0.58253 0.75805 0.92902 1.09573 1.24582
0.40548 0.58253 0.75805 0.92902 1.09573 1.24582
0.40548 0.58253 0.75805 0.92902 1.09573 1.24582
0.40548 0.58253 0.75805 0.92902 1.09573 1.24582
0.40548 0.58253 0.75805 0.92902 1.09573 1.24582
0.40548 0.58253 0.75805 0.92902 1.09573 1.24582
0.40548 0.58253 0.75805 0.92902 1.09573 1.24582
0.40548 0.58253 0.75805 0.92902 1.09573 1.24582
0.40548 0.58253 0.75805 0.92902 1.09573 1.24582
0.40548 0.58253 0.75805 0.92902 1.09573 1.24582
0.40548 0.58253 0.75805 0.92902 1.09573 1.24582
0.40548 0.58253 0.75805 0.92902 1.09573 1.24582
0.40548 0.58253 0.75805 0.92902 1.09573 1.24582
0.40548 0.58253 0.75805 0.92902 1.09573 1.24582
0.40548 0.58253 0.75805 0.92902 1.09573 1.24582
0.40548 0.58253 0.75805 0.92902 1.09573 1.24582
0.40548 0.58253 0.75805 0.92902 1.09573 1.24582
0.40548 0.58253 0.75805 0.92902 1.09573 1.24582
0.40548 0.58253 0.75805 0.92902 1.09573 1.24582
0.39785 0.57329 0.74941 0.92041 1.08728 1.23792
0.39785 0.57329 0.74941 0.92041 1.08728 1.23792
0.39331 0.56373 0.73962 0.91097 1.07765 1.22829
0.39331 0.56373 0.73962 0.91097 1.07765 1.22829
0.39331 0.56373 0.73962 0.91097 1.07765 1.22829
0.39331 0.56373 0.73962 0.91097 1.07765 1.22829
0.39331 0.56373 0.73962 0.91097 1.07765 1.22829
0.39331 0.56373 0.73962 0.91097 1.07765 1.22829
0.39331 0.56373 0.73962 0.91097 1.07765 1.22829
0.39331 0.56373 0.73962 0.91097 1.07765 1.22829
0.39331 0.56373 0.73962 0.91097 1.07765 1.22829
0.39331 0.56373 0.73962 0.91097 1.07765 1.22829
0.39331 0.56373 0.73962 0.91097 1.07765 1.22829
0.39331 0.56373 0.73962 0.91097 1.07765 1.22829
0.39331 0.56373 0.73962 0.91097 1.07765 1.22829
0.39331 0.56373 0.73962 0.91097 1.07765 1.22829
0.39331 0.56373 0.73962 0.91097 1.07765 1.22829
0.39331 0.56373 0.73962 0.91097 1.07765 1.22829
0.39331 0.56373 0.73962 0.91097 1.07765 1.22829
0.39331 0.56373 0.73962 0.91097 1.07765 1.22829
0.39331 0.56373 0.73962 0.91097 1.07765 1.22829
0.39331 0.56373 0.73962 0.91097 1.07765 1.22829
0.39331 0.56373 0.73962 0.91097 1.07765 1.22829
0.39331 0.56373 0.73962 0.91097 1.07765 1.22829
0.39331 0.56373 0.73962 0.91097 1.07765 1.22829
0.39331 0.56373 0.73962 0.91097 1.07765 1.22829
0.39331 0.56373 0.73962 0.91097 1.07765 1.22829
0.39331 0.56373 0.73962 0.91097 1.07765 1.22829
0.39331 0.56373 0.73962 0.91097 1.07765 1.22829
0.39331 0.56373 0.73962 0.91097 1.07765 1.22829
0.39331 0.56373 0.73962 0.91097 1.07765 1.22829
0.39331 0.56373 0.73962 0.91097 1.07765 1.22829
0.39331 0.56373 0.73962 0.91097 1.07765 1.22829
0.39331 0.56373 0.73962 0.91097 1.07765 1.22829
0.39331 0.56373 0.73962 0.91097 1.07765 1.22829
0.39331 0.56373 0.73962 0.91097 1.07765 1.22829
0.39331 0.56373 0.73962 0.91097 1.07765 1.22829
0.39331 0.56373 0.73962 0.91097 1.07765 1.22829
0.39331 0.56373 0.73962 0.91097 1.07765 1.22829
0.39331 0.56373 0.73962 0.91097 1.07765 1.22829
0.39331 0.56373 0.73962 0.91097 1.07765 1.22829
0.39331 0.56373 0.73962 0.91097 1.07765 1.22829
0.39331 0.56373 0.73962 0.91097 1.07765 1.22829
0.39331 0.56373 0.73962 0.91097 1.07765 1.22829
0.39331 0.56373 0.73962 0.91097 1.07765 1.22829
0.39331 0.56373 0.73962 0.91097 1.07765 1.22829
0.39331 0.56373 0.73962 0.91097 1.07765 1.22829
0.39331 0.56373 0.73962 0.91097 1.07765 1.22829
0.39331 0.56373 0.73962 0.91097 1.07765 1.22829
0.39331 0.56373 0.73962 0.91097 1.07765 1.22829
0.39331 0.56373 0.73962 0.91097 1.07765 1.22829
0.39331 0.56373 0.73962 0.91097 1.07765 1.22829
0.39331 0.56373 0.73962 0.91097 1.07765 1.22829
0.39331 0.56373 0.73962 0.91097 1.07765 1.22829
0.39331 0.56373 0.73962 0.91097 1.07765 1.22829
0.39331 0.56373 0.73962 0.91097 1.07765 1.22829
0.39331 0.56373 0.73962 0.91097 1.07765 1.22829
0.39331 0.56373 0.73962 0.91097 1.07765 1.22829
0.39331 0.56373 0.73962 0.91097 1.07765 1.22829
0.39331 0.56373 0.73962 0.91097 1.07765 1.22829
0.39331 0.56373 0.73962 0.91097 1.07765 1.22829
0.39331 0.56373 0.73962 0.91097 1.07765 1.22829
0.39331 0.56373 0.73962 0.91097 1.07765 1.22829
0.39331 0.56373 0.73962 0.91097 1.07765 1.22829
0.39331 0.56373 0.73962 0.91097 1.07765 1.22829
0.39331 0.56373 0.73962 0.91097 1.07765 1.22829
0.39331 0.56373 0.73962 0.91097 1.07765 1.22829
0.39331 0.56373 0.73962 0.91097 1.07765 1.22829
0.39331 0.56373 0.73962 0.91097 1.07765 1.22829
0.39331 0.56373 0.73962 0.91097 1.07765 1.22829
0.39331 0.56373 0.73962 0.91097 1.07765 1.22829
0.39331 0.56373 0.73962 0.91097 1.07765 1.22829
0.39331 0.56373 0.73962 0.91097 1.07765 1.22829
0.39331 0.56373 0.73962 0.91097 1.07765 1.22829
0.39331 0.56373 0.73962 0.91097 1.07765 1.22829
0.39331 0.56373 0.73962 0.91097 1.07765 1.22829
0.39331 0.56373 0.73962 0.91097 1.07765 1.22829
0.39331 0.56373 0.73962 0.91097 1.07765 1.22829
0.39331 0.56373 0.73962 0.91097 1.07765 1.22829
0.39331 0.56373 0.73962 0.91097 1.07765 1.22829
0.39331 0.56373 0.73962 0.91097 1.07765 1.22829
0.39331 0.56373 0.73962 0.91097 1.07765 1.22829
0.39331 0.56373 0.73962 0.91097 1.07765 1.22829
0.39331 0.56373 0.73962 0.91097 1.07765 1.22829
0.39331 0.56373 0.73962 0.91097 1.07765 1.22829
0.39331 0.56373 0.73962 0.91097 1.07765 1.22829
0.39331 0.56373 0.73962 0.91097 1.07765 1.22829
0.39331 0.56373 0.73962 0.91097 1.07765 1.22829
0.39331 0.56373 0.73962 0.91097 1.07765 1.22829
0.39331 0.56373 0.73962 0.91097 1.07765 1.22829
0.39331 0.56373 0.73962 0.91097 1.07765 1.22829
0.39331 0.56373 0.73962 0.91097 1.07765 1.22829
0.39331 0.56373 0.73962 0.91097 1.07765 1.22829
0.39331 0.56373 0.73962 0.91097 1.07765 1.22829
0.39331 0.56373 0.73962 0.91097 1.07765 1.22829
0.39331 0.56373 0.73962 0.91097 1.07765 1.22829
0.39331 0.56373 0.73962 0.91097 1.07765 1.22829
0.39331 0.56373 0.73962 0.91097 1.07765 1.22829
0.39331 0.56373 0.73962 0.91097 1.07765 1.22829
0.39331 0.56373 0.73962 0.91097 1.07765 1.22829
0.39331 0.56373 0.73962 0.91097 1.07765 1.22829
0.39331 0.56373 0.73962 0.91097 1.07765 1.22829
0.39331 0.56373 0.73962 0.91097 1.07765 1.22829
0.39331 0.56373 0.73962 0.91097 1.07765 1.22829
0.39331 0.56373 0.73962 0.91097 1.07765 1.22829
0.39331 0.56373 0.73962 0.91097 1.07765 1.22829
0.39331 0.56373 0.73962 0.91097 1.07765 1.22829
0.39331 0.56373 0.73962 0.91097 1.07765 1.22829
0.39331 0.56373 0.73962 0.91097 1.07765 1.22829
0.39331 0.56373 0.73962 0.91097 1.07765 1.22829
0.39331 0.56373 0.73962 0.91097 1.07765 1.22829
0.39331 0.56373 0.73962 0.91097 1.07765 1.22829
0.39331 0.56373 0.73962 0.91097 1.07765 1.22829
0.39331 0.56373 0.73962 0.91097 1.07765 1.22829
0.39331 0.56373 0.73962 0.91097 1.07765 1.22829
0.39331 0.56373 0.73962 0.91097 1.07765 1.22829
0.39331 0.56373 0.73962 0.91097 1.07765 1.22829
0.39331 0.56373 0.73962 0.91097 1.07765 1.22829
0.39331 0.56373 0.73962 0.91097 1.07765 1.22829
0.39331 0.56373 0.73962 0.91097 1.07765 1.22829
0.39331 0.56373 0.73962 0.91097 1.07765 1.22829
0.39331 0.56373 0.73962 0.91097 1.07765 1.22829
0.39331 0.56373 0.73962 0.91097 1.07765 1.22829
0.39331 0.56373 0.73962 0.91097 1.07765 1.22829
0.39331 0.56373 0.73962 0.91097 1.07765 1.22829
0.39331 0.56373 0.73962 0.91097 1.07765 1.22829
0.39331 0.56373 0.73962 0.91097 1.07765 1.22829
0.39331 0.56373 0.73962 0.91097 1.07765 1.22829
0.39331 0.56373 0.73962 0.91097 1.07765 1.22829
0.39331 0.56373 0.73962 0.91097 1.07765 1.22829
0.39331 0.56373 0.73962 0.91097 1.07765 1.22829
0.39331 0.56373 0.73962 0.91097 1.07765 1.22829
0.39331 0.56373 0.73962 0.91097 1.07765 1.22829
0.39331 0.56373 0.73962 0.91097 1.07765 1.22829
0.39331 0.56373 0.73962 0.91097 1.07765 1.22829
0.39331 0.56373 0.73962 0.91097 1.07765 1.22829
0.39331 0.56373 0.73962 0.91097 1.07765 1.22829
0.39331 0.56373 0.73962 0.91097 1.07765 1.22829
0.39331 0.56373 0.73962 0.91097 1.07765 1.22829
0.39331 0.56373 0.73962 0.91097 1.07765 1.22829
0.39331 0.56373 0.73962 0.91097 1.07765 1.22829
0.39331 0.56373 0.73962 0.91097 1.07765 1.22829
0.39331 0.56373 0.73962 0.91097 1.07765 1.22829
0.39331 0.56373 0.73962 0.91097 1.07765 1.22829
0.39331 0.56373 0.73962 0.91097 1.07765 1.22829
0.39331 0.56373 0.73962 0.91097 1.07765 1.22829
0.39331 0.56373 0.73962 0.91097 1.07765 1.22829
0.39331 0.56373 0.73962 0.91097 1.07765 1.22829
0.39331 0.56373 0.73962 0.91097 1.07765 1.22829
0.39331 0.56373 0.73962 0.91097 1.07765 1.22829
0.39331 0.56373 0.73962 0.91097 1.07765 1.22829
0.39331 0.56373 0.73962 0.91097 1.07765 1.22829
0.39331 0.56373 0.73962 0.91097 1.07765 1.22829
0.39331 0.56373 0.73962 0.91097 1.07765 1.22829
0.39331 0.56373 0.73962 0.91097 1.07765 1.22829
0.39331 0.56373 0.73962 0.91097 1.07765 1.22829
0.39331 0.56373 0.73962 0.91097 1.07765 1.22829
0.39331 0.56373 0.73962 0.91097 1.07765 1.22829
0.39331 0.56373 0.73962 0.91097 1.07765 1.22829
0.39331 0.56373 0.73962 0.91097 1.07765 1.22829
0.39331 0.56373 0.73962 0.91097 1.07765 1.22829
0.39331 0.56373 0.73962 0.91097 1.07765 1.22829
0.39331 0.56373 0.73962 0.91097 1.07765 1.22829
0.39331 0.56373 0.73962 0.91097 1.07765 1.22829
0.39331 0.56373 0.73962 0.91097 1.07765 1.22829
0.39331 0.56373 0.73962 0.91097 1.07765 1.22829
0.39331 0.56373 0.73962 0.91097 1.07765 1.22829
0.39331 0.56373 0.73962 0.91097 1.07765 1.22829
0.39331 0.56373 0.73962 0.91097 1.07765 1.22829
0.39331 0.56373 0.73962 0.91097 1.07765 1.22829
0.39331 0.56373 0.73962 0.91097 1.07765 1.22829
0.39331 0.56373 0.73962 0.91097 1.07765 1.22829
0.39331 0.56373 0.73962 0.91097 1.07765 1.22829
0.39331 0.56373 0.73962 0.91097 1.07765 1.22829
0.39331 0.56373 0.73962 0.91097 1.07765 1.22829
0.39331 0.56373 0.73962 0.91097 1.07765 1.22829
0.39331 0.56373 0.73962 0.91097 1.07765 1.22829
0.39331 0.56373 0.73962 0.91097 1.07765 1.22829
0.39331 0.56373 0.73962 0.91097 1.07765 1.22829
0.39331 0.56373 0.73962 0.91097 1.07765 1.22829
0.39331 0.56373 0.73962 0.91097 1.07765 1.22829
0.39331 0.56373 0.73962 0.91097 1.07765 1.22829
0.39331 0.56373 0.73962 0.91097 1.07765 1.22829
0.39331 0.56373 0.73962 0.91097 1.07765 1.22829
0.39331 0.56373 0.73962 0.91097 1.07765 1.22829
0.39331 0.56373 0.73962 0.91097 1.07765 1.22829
0.39331 0.56373 0.73962 0.91097 1.07765 1.22829
0.39331 0.56373 0.73962 0.91097 1.07765 1.22829
0.39331 0.56373 0.73962 0.91097 1.07765 1.22829
0.39331 0.56373 0.73962 0.91097 1.07765 1.22829
0.39331 0.56373 0.73962 0.91097 1.07765 1.22829
0.39331 0.56373 0.73962 0.91097 1.07765 1.22829
0.39331 0.56373 0.73962 0.91097 1.07765 1.22829
0.39331 0.56373 0.73962 0.91097 1.07765 1.22829
0.39331 0.56373 0.73962 0.91097 1.07765 1.22829
0.39331 0.56373 0.73962 0.91097 1.07765 1.22829
0.39331 0.56373 0.73962 0.91097 1.07765 1.22829
0.39331 0.56373 0.73962 0.91097 1.07765 1.22829
0.39331 0.56373 0.73962 0.91097 1.07765 1.22829
0.39331 0.56373 0.73962 0.91097 1.07765 1.22829
0.39331 0.56373 0.73962 0.91097 1.07765 1.22829
0.39331 0.56373 0.73962 0.91097 1.07765 1.22829
0.39331 0.56373 0.73962 0.91097 1.07765 1.22829
0.39331 0.56373 0.73962 0.91097 1.07765 1.22829
0.39331 0.56373 0.73962 0.91097 1.07765 1.22829
0.39331 0.56373 0.73962 0.91097 1.07765 1.22829
0.39331 0.56373 0.73962 0.91097 1.07765 1.22829
0.39331 0.56373 0.73962 0.91097 1.07765 1.22829
0.39331 0.56373 0.73962 0.91097 1.07765 1.22829
0.39331 0.56373 0.73962 0.91097 1.07765 1.22829
0.39331 0.56373 0.73962 0.91097 1.07765 1.22829
0.39331 0.56373 0.73962 0.91097 1.07765 1.22829
0.39331 0.56373 0.73962 0.91097 1.07765 1.22829
0.39331 0.56373 0.73962 0.91097 1.07765 1.22829
0.39331 0.56373 0.73962 0.91097 1.07765 1.22829
0.39331 0.56373 0.73962 0.91097 1.07765 1.22829
0.39331 0.56373 0.73962 0.91097 1.07765 1.22829
0.39331 0.56373 0.73962 0.91097 1.07765 1.22829
0.39331 0.56373 0.73962 0.91097 1.07765 1.22829
0.39331 0.56373 0.73962 0.91097 1.07765 1.22829
0.39331 0.56373 0.73962 0.91097 1.07765 1.22829
0.39331 0.56373 0.73962 0.91097 1.07765 1.22829
0.39331 0.56373 0.73962 0.91097 1.07765 1.22829
0.39331 0.56373 0.73962 0.91097 1.07765 1.22829
0.39331 0.56373 0.73962 0.91097 1.07765 1.22829
0.39331 0.56373 0.73962 0.91097 1.07765 1.22829
0.39331 0.56373 0.73962 0.91097 1.07765 1.22829
0.39331 0.56373 0.73962 0.91097 1.07765 1.22829
0.39331 0.56373 0.73962 0.91097 1.07765 1.22829
0.39331 0.56373 0.73962 0.91097 1.07765 1.22829
0.39331 0.56373 0.73962 0.91097 1.07765 1.22829
0.39331 0.56373 0.73962 0.91097 1.07765 1.22829
0.39331 0.56373 0.73962 0.91097 1.07765 1.22829
0.39331 0.56373 0.73962 0.91097 1.07765 1.22829
0.39331 0.56373 0.73962 0.91097 1.07765 1.22829
0.39331 0.56373 0.73962 0.91097 1.07765 1.22829
0.39331 0.56373 0.73962 0.91097 1.07765 1.22829
0.39331 0.56373 0.73962 0.91097 1.07765 1.22829
0.39331 0.56373 0.73962 0.91097 1.07765 1.22829
0.39331 0.56373 0.73962 0.91097 1.07765 1.22829
0.39331 0.56373 0.73962 0.91097 1.07765 1.22829
0.39331 0.56373 0.73962 0.91097 1.07765 1.22829
0.39331 0.56373 0.73962 0.91097 1.07765 1.22829
0.39331 0.56373 0.73962 0.91097 1.07765 1.22829
0.39331 0.56373 0.73962 0.91097 1.07765 1.22829
0.39331 0.56373 0.73962 0.91097 1.07765 1.22829
0.39331 0.56373 0.73962 0.91097 1.07765 1.22829
0.39331 0.56373 0.73962 0.91097 1.07765 1.22829
0.39331 0.56373 0.73962 0.91097 1.07765 1.22829
0.39331 0.56373 0.73962 0.91097 1.07765 1.22829
0.39331 0.56373 0.73962 0.91097 1.07765 1.22829
0.39331 0.56373 0.73962 0.91097 1.07765 1.22829
0.39331 0.56373 0.73962 0.91097 1.07765 1.22829
0.39331 0.56373 0.73962 0.91097 1.07765 1.22829
0.39331 0.56373 0.73962 0.91097 1.07765 1.22829
0.39331 0.56373 0.73962 0.91097 1.07765 1.22829
0.39331 0.56373 0.73962 0.91097 1.07765 1.22829
0.39331 0.56373 0.73962 0.91097 1.07765 1.22829
0.39331 0.56373 0.73962 0.91097 1.07765 1.22829
0.39331 0.56373 0.73962 0.91097 1.07765 1.22829
0.39331 0.56373 0.73962 0.91097 1.07765 1.22829
0.39331 0.56373 0.73962 0.91097 1.07765 1.22829
0.39331 0.56373 0.73962 0.91097 1.07765 1.22829
0.39331 0.56373 0.73962 0.91097 1.07765 1.22829
0.39331 0.56373 0.73962 0.91097 1.07765 1.22829
0.39331 0.56373 0.73962 0.91097 1.07765 1.22829
0.39331 0.56373 0.73962 0.91097 1.07765 1.22829
0.39331 0.56373 0.73962 0.91097 1.07765 1.22829
0.39331 0.56373 0.73962 0.91097 1.07765 1.22829
0.39331 0.56373 0.73962 0.91097 1.07765 1.22829
0.39331 0.56373 0.73962 0.91097 1.07765 1.22829
0.39331 0.56373 0.73962 0.91097 1.07765 1.22829
0.39331 0.56373 0.73962 0.91097 1.07765 1.22829
0.39331 0.56373 0.73962 0.91097 1.07765 1.22829
0.39331 0.56373 0.73962 0.91097 1.07765 1.22829
0.39331 0.56373 0.73962 0.91097 1.07765 1.22829
0.39331 0.56373 0.73962 0.91097 1.07765 1.22829
0.39331 0.56373 0.73962 0.91097 1.07765 1.22829
0.39331 0.56373 0.73962 0.91097 1.07765 1.22829
0.37165 0.54472 0.71977 0.89135 1.05805 1.20855
0.37165 0.54472 0.71977 0.89135 1.05805 1.20855
0.37165 0.54472 0.71977 0.89135 1.05805 1.20855
0.37165 0.54472 0.71977 0.89135 1.05805 1.20855
0.37165 0.54472 0.71977 0.89135 1.05805 1.20855
0.37165 0.54472 0.71977 0.89135 1.05805 1.20855
0.37165 0.54472 0.71977 0.89135 1.05805 1.20855
0.37165 0.54472 0.71977 0.89135 1.05805 1.20855
0.37165 0.54472 0.71977 0.89135 1.05805 1.20855
0.37165 0.54472 0.71977 0.89135 1.05805 1.20855
0.37165 0.54472 0.71977 0.89135 1.05805 1.20855
0.37165 0.54472 0.71977 0.89135 1.05805 1.20855
0.37165 0.54472 0.71977 0.89135 1.05805 1.20855
0.37165 0.54472 0.71977 0.89135 1.05805 1.20855
0.37165 0.54472 0.71977 0.89135 1.05805 1.20855
0.37165 0.54472 0.71977 0.89135 1.05805 1.20855
0.37165 0.54472 0.71977 0.89135 1.05805 1.20855
0.37165 0.54472 0.71977 0.89135 1.05805 1.20855
0.37165 0.54472 0.71977 0.89135 1.05805 1.20855
0.37165 0.54472 0.71977 0.89135 1.05805 1.20855
0.37165 0.54472 0.71977 0.89135 1.05805 1.20855
0.37165 0.54472 0.71977 0.89135 1.05805 1.20855
0.37165 0.54472 0.71977 0.89135 1.05805 1.20855
0.37165 0.54472 0.71977 0.89135 1.05805 1.20855
0.37165 0.54472 0.71977 0.89135 1.05805 1.20855
0.37165 0.54472 0.71977 0.89135 1.05805 1.20855
0.37165 0.54472 0.71977 0.89135 1.05805 1.20855
0.37165 0.54472 0.71977 0.89135 1.05805 1.20855
0.37165 0.54472 0.71977 0.89135 1.05805 1.20855
0.37165 0.54472 0.71977 0.89135 1.05805 1.20855
0.37165 0.54472 0.71977 0.89135 1.05805 1.20855
0.37165 0.54472 0.71977 0.89135 1.05805 1.20855
0.37165 0.54472 0.71977 0.89135 1.05805 1.20855
0.37165 0.54472 0.71977 0.89135 1.05805 1.20855
0.37165 0.54472 0.71977 0.89135 1.05805 1.20855
0.37165 0.54472 0.71977 0.89135 1.05805 1.20855
0.37165 0.54472 0.71977 0.89135 1.05805 1.20855
0.37165 0.54472 0.71977 0.89135 1.05805 1.20855
0.37165 0.54472 0.71977 0.89135 1.05805 1.20855
0.37165 0.54472 0.71977 0.89135 1.05805 1.20855
0.37165 0.54472 0.71977 0.89135 1.05805 1.20855
0.37165 0.54472 0.71977 0.89135 1.05805 1.20855
0.37165 0.54472 0.71977 0.89135 1.05805 1.20855
0.37165 0.54472 0.71977 0.89135 1.05805 1.20855
0.37165 0.54472 0.71977 0.89135 1.05805 1.20855
0.37165 0.54472 0.71977 0.89135 1.05805 1.20855
0.37165 0.54472 0.71977 0.89135 1.05805 1.20855
0.37165 0.54472 0.71977 0.89135 1.05805 1.20855
0.37165 0.54472 0.71977 0.89135 1.05805 1.20855
0.37165 0.54472 0.71977 0.89135 1.05805 1.20855
0.37165 0.54472 0.71977 0.89135 1.05805 1.20855
0.37165 0.54472 0.71977 0.89135 1.05805 1.20855
0.37165 0.54472 0.71977 0.89135 1.05805 1.20855
0.37165 0.54472 0.71977 0.89135 1.05805 1.20855
0.37165 0.54472 0.71977 0.89135 1.05805 1.20855
0.37165 0.54472 0.71977 0.89135 1.05805 1.20855
0.37165 0.54472 0.71977 0.89135 1.05805 1.20855
0.37165 0.54472 0.71977 0.89135 1.05805 1.20855
0.37165 0.54472 0.71977 0.89135 1.05805 1.20855
0.37165 0.54472 0.71977 0.89135 1.05805 1.20855
0.34273 0.51783 0.69188 0.86360 1.02974 1.17856
0.34273 0.51783 0.69188 0.86360 1.02974 1.17856
0.34273 0.51783 0.69188 0.86360 1.02974 1.17856
0.34273 0.51783 0.69188 0.86360 1.02974 1.17856
0.34273 0.51783 0.69188 0.86360 1.02974 1.17856
0.34273 0.51783 0.69188 0.86360 1.02974 1.17856
0.34273 0.51783 0.69188 0.86360 1.02974 1.17856
0.34273 0.51783 0.69188 0.86360 1.02974 1.17856
0.34273 0.51783 0.69188 0.86360 1.02974 1.17856
0.34273 0.51783 0.69188 0.86360 1.02974 1.17856
0.34273 0.51783 0.69188 0.86360 1.02974 1.17856
0.34273 0.51783 0.69188 0.86360 1.02974 1.17856
0.34273 0.51783 0.69188 0.86360 1.02974 1.17856
0.34273 0.51783 0.69188 0.86360 1.02974 1.17856
0.34273 0.51783 0.69188 0.86360 1.02974 1.17856
0.34273 0.51783 0.69188 0.86360 1.02974 1.17856
0.34273 0.51783 0.69188 0.86360 1.02974 1.17856
0.34273 0.51783 0.69188 0.86360 1.02974 1.17856
0.34273 0.51783 0.69188 0.86360 1.02974 1.17856
0.34273 0.51783 0.69188 0.86360 1.02974 1.17856
0.34273 0.51783 0.69188 0.86360 1.02974 1.17856
0.34273 0.51783 0.69188 0.86360 1.02974 1.17856
0.34273 0.51783 0.69188 0.86360 1.02974 1.17856
0.34273 0.51783 0.69188 0.86360 1.02974 1.17856
0.34273 0.51783 0.69188 0.86360 1.02974 1.17856
0.34273 0.51783 0.69188 0.86360 1.02974 1.17856
0.34273 0.51783 0.69188 0.86360 1.02974 1.17856
0.34273 0.51783 0.69188 0.86360 1.02974 1.17856
0.34273 0.51783 0.69188 0.86360 1.02974 1.17856
0.34273 0.51783 0.69188 0.86360 1.02974 1.17856
0.34273 0.51783 0.69188 0.86360 1.02974 1.17856
0.34273 0.51783 0.69188 0.86360 1.02974 1.17856
0.34273 0.51783 0.69188 0.86360 1.02974 1.17856
0.34273 0.51783 0.69188 0.86360 1.02974 1.17856
0.34273 0.51783 0.69188 0.86360 1.02974 1.17856
0.34273 0.51783 0.69188 0.86360 1.02974 1.17856
0.34273 0.51783 0.69188 0.86360 1.02974 1.17856
0.34273 0.51783 0.69188 0.86360 1.02974 1.17856
0.34273 0.51783 0.69188 0.86360 1.02974 1.17856
0.34273 0.51783 0.69188 0.86360 1.02974 1.17856
0.34273 0.51783 0.69188 0.86360 1.02974 1.17856
0.34273 0.51783 0.69188 0.86360 1.02974 1.17856
0.34273 0.51783 0.69188 0.86360 1.02974 1.17856
0.34273 0.51783 0.69188 0.86360 1.02974 1.17856
0.34273 0.51783 0.69188 0.86360 1.02974 1.17856
0.34273 0.51783 0.69188 0.86360 1.02974 1.17856
0.34273 0.51783 0.69188 0.86360 1.02974 1.17856
0.34273 0.51783 0.69188 0.86360 1.02974 1.17856
0.34273 0.51783 0.69188 0.86360 1.02974 1.17856
0.34273 0.51783 0.69188 0.86360 1.02974 1.17856
0.34273 0.51783 0.69188 0.86360 1.02974 1.17856
0.34273 0.51783 0.69188 0.86360 1.02974 1.17856
0.34273 0.51783 0.69188 0.86360 1.02974 1.17856
0.34273 0.51783 0.69188 0.86360 1.02974 1.17856
0.34273 0.51783 0.69188 0.86360 1.02974 1.17856
0.34273 0.51783 0.69188 0.86360 1.02974 1.17856
0.34273 0.51783 0.69188 0.86360 1.02974 1.17856
0.34273 0.51783 0.69188 0.86360 1.02974 1.17856
0.34273 0.51783 0.69188 0.86360 1.02974 1.17856
0.34273 0.51783 0.69188 0.86360 1.02974 1.17856
0.34273 0.51783 0.69188 0.86360 1.02974 1.17856
0.34273 0.51783 0.69188 0.86360 1.02974 1.17856
0.34273 0.51783 0.69188 0.86360 1.02974 1.17856
0.34273 0.51783 0.69188 0.86360 1.02974 1.17856
0.34273 0.51783 0.69188 0.86360 1.02974 1.17856
0.34273 0.51783 0.69188 0.86360 1.02974 1.17856
0.34273 0.51783 0.69188 0.86360 1.02974 1.17856
0.34273 0.51783 0.69188 0.86360 1.02974 1.17856
0.34273 0.51783 0.69188 0.86360 1.02974 1.17856
0.34273 0.51783 0.69188 0.86360 1.02974 1.17856
0.34273 0.51783 0.69188 0.86360 1.02974 1.17856
0.34273 0.51783 0.69188 0.86360 1.02974 1.17856
0.34273 0.51783 0.69188 0.86360 1.02974 1.17856
0.34273 0.51783 0.69188 0.86360 1.02974 1.17856
0.34273 0.51783 0.69188 0.86360 1.02974 1.17856
0.34273 0.51783 0.69188 0.86360 1.02974 1.17856
0.34273 0.51783 0.69188 0.86360 1.02974 1.17856
0.34273 0.51783 0.69188 0.86360 1.02974 1.17856
0.34273 0.51783 0.69188 0.86360 1.02974 1.17856
0.34273 0.51783 0.69188 0.86360 1.02974 1.17856
0.34273 0.51783 0.69188 0.86360 1.02974 1.17856
0.34273 0.51783 0.69188 0.86360 1.02974 1.17856
0.34273 0.51783 0.69188 0.86360 1.02974 1.17856
0.34273 0.51783 0.69188 0.86360 1.02974 1.17856
0.34273 0.51783 0.69188 0.86360 1.02974 1.17856
0.34273 0.51783 0.69188 0.86360 1.02974 1.17856
0.34273 0.51783 0.69188 0.86360 1.02974 1.17856
0.34273 0.51783 0.69188 0.86360 1.02974 1.17856
0.34273 0.51783 0.69188 0.86360 1.02974 1.17856
0.34273 0.51783 0.69188 0.86360 1.02974 1.17856
0.34273 0.51783 0.69188 0.86360 1.02974 1.17856
0.34273 0.51783 0.69188 0.86360 1.02974 1.17856
0.34273 0.51783 0.69188 0.86360 1.02974 1.17856
0.34273 0.51783 0.69188 0.86360 1.02974 1.17856
0.34273 0.51783 0.69188 0.86360 1.02974 1.17856
0.34273 0.51783 0.69188 0.86360 1.02974 1.17856
0.34273 0.51783 0.69188 0.86360 1.02974 1.17856
0.34273 0.51783 0.69188 0.86360 1.02974 1.17856
0.34273 0.51783 0.69188 0.86360 1.02974 1.17856
0.34273 0.51783 0.69188 0.86360 1.02974 1.17856
0.34273 0.51783 0.69188 0.86360 1.02974 1.17856
0.34273 0.51783 0.69188 0.86360 1.02974 1.17856
0.34273 0.51783 0.69188 0.86360 1.02974 1.17856
0.34273 0.51783 0.69188 0.86360 1.02974 1.17856
0.34273 0.51783 0.69188 0.86360 1.02974 1.17856
0.34273 0.51783 0.69188 0.86360 1.02974 1.17856
0.34273 0.51783 0.69188 0.86360 1.02974 1.17856
0.34273 0.51783 0.69188 0.86360 1.02974 1.17856
0.34273 0.51783 0.69188 0.86360 1.02974 1.17856
0.34273 0.51783 0.69188 0.86360 1.02974 1.17856
0.34273 0.51783 0.69188 0.86360 1.02974 1.17856
0.34273 0.51783 0.69188 0.86360 1.02974 1.17856
0.34273 0.51783 0.69188 0.86360 1.02974 1.17856
0.34273 0.51783 0.69188 0.86360 1.02974 1.17856
0.34273 0.51783 0.69188 0.86360 1.02974 1.17856
0.34273 0.51783 0.69188 0.86360 1.02974 1.17856
0.34273 0.51783 0.69188 0.86360 1.02974 1.17856
0.34273 0.51783 0.69188 0.86360 1.02974 1.17856
0.34273 0.51783 0.69188 0.86360 1.02974 1.17856
0.34273 0.51783 0.69188 0.86360 1.02974 1.17856
0.34273 0.51783 0.69188 0.86360 1.02974 1.17856
0.34273 0.51783 0.69188 0.86360 1.02974 1.17856
0.34273 0.51783 0.69188 0.86360 1.02974 1.17856
0.34273 0.51783 0.69188 0.86360 1.02974 1.17856
0.34273 0.51783 0.69188 0.86360 1.02974 1.17856
0.34273 0.51783 0.69188 0.86360 1.02974 1.17856
0.34273 0.51783 0.69188 0.86360 1.02974 1.17856
0.34273 0.51783 0.69188 0.86360 1.02974 1.17856
0.34273 0.51783 0.69188 0.86360 1.02974 1.17856
0.34273 0.51783 0.69188 0.86360 1.02974 1.17856
0.34273 0.51783 0.69188 0.86360 1.02974 1.17856
0.34273 0.51783 0.69188 0.86360 1.02974 1.17856
0.34273 0.51783 0.69188 0.86360 1.02974 1.17856
0.34273 0.51783 0.69188 0.86360 1.02974 1.17856
0.34273 0.51783 0.69188 0.86360 1.02974 1.17856
0.34273 0.51783 0.69188 0.86360 1.02974 1.17856
0.34273 0.51783 0.69188 0.86360 1.02974 1.17856
0.34273 0.51783 0.69188 0.86360 1.02974 1.17856
0.34273 0.51783 0.69188 0.86360 1.02974 1.17856
0.34273 0.51783 0.69188 0.86360 1.02974 1.17856
0.34273 0.51783 0.69188 0.86360 1.02974 1.17856
0.34273 0.51783 0.69188 0.86360 1.02974 1.17856
0.34273 0.51783 0.69188 0.86360 1.02974 1.17856
0.34273 0.51783 0.69188 0.86360 1.02974 1.17856
0.34273 0.51783 0.69188 0.86360 1.02974 1.17856
0.34273 0.51783 0.69188 0.86360 1.02974 1.17856
0.34273 0.51783 0.69188 0.86360 1.02974 1.17856
0.34273 0.51783 0.69188 0.86360 1.02974 1.17856
0.34273 0.51783 0.69188 0.86360 1.02974 1.17856
0.34273 0.51783 0.69188 0.86360 1.02974 1.17856
0.34273 0.51783 0.69188 0.86360 1.02974 1.17856
0.34273 0.51783 0.69188 0.86360 1.02974 1.17856
0.34273 0.51783 0.69188 0.86360 1.02974 1.17856
0.34273 0.51783 0.69188 0.86360 1.02974 1.17856
0.34273 0.51783 0.69188 0.86360 1.02974 1.17856
0.34273 0.51783 0.69188 0.86360 1.02974 1.17856
0.34273 0.51783 0.69188 0.86360 1.02974 1.17856
0.34273 0.51783 0.69188 0.86360 1.02974 1.17856
0.34273 0.51783 0.69188 0.86360 1.02974 1.17856
0.34273 0.51783 0.69188 0.86360 1.02974 1.17856
0.34273 0.51783 0.69188 0.86360 1.02974 1.17856
0.34273 0.51783 0.69188 0.86360 1.02974 1.17856
0.34273 0.51783 0.69188 0.86360 1.02974 1.17856
0.34273 0.51783 0.69188 0.86360 1.02974 1.17856
0.34273 0.51783 0.69188 0.86360 1.02974 1.17856
0.34273 0.51783 0.69188 0.86360 1.02974 1.17856
0.34273 0.51783 0.69188 0.86360 1.02974 1.17856
0.34273 0.51783 0.69188 0.86360 1.02974 1.17856
0.34273 0.51783 0.69188 0.86360 1.02974 1.17856
0.34273 0.51783 0.69188 0.86360 1.02974 1.17856
0.34273 0.51783 0.69188 0.86360 1.02974 1.17856
0.34273 0.51783 0.69188 0.86360 1.02974 1.17856
0.34273 0.51783 0.69188 0.86360 1.02974 1.17856
0.34273 0.51783 0.69188 0.86360 1.02974 1.17856
0.34273 0.51783 0.69188 0.86360 1.02974 1.17856
0.34273 0.51783 0.69188 0.86360 1.02974 1.17856
0.34273 0.51783 0.69188 0.86360 1.02974 1.17856
0.34273 0.51783 0.69188 0.86360 1.02974 1.17856
0.34273 0.51783 0.69188 0.86360 1.02974 1.17856
0.34273 0.51783 0.69188 0.86360 1.02974 1.17856
0.34273 0.51783 0.69188 0.86360 1.02974 1.17856
0.34273 0.51783 0.69188 0.86360 1.02974 1.17856
0.34273 0.51783 0.69188 0.86360 1.02974 1.17856
0.34273 0.51783 0.69188 0.86360 1.02974 1.17856
0.34273 0.51783 0.69188 0.86360 1.02974 1.17856
0.34273 0.51783 0.69188 0.86360 1.02974 1.17856
0.34273 0.51783 0.69188 0.86360 1.02974 1.17856
0.34273 0.51783 0.69188 0.86360 1.02974 1.17856
0.34273 0.51783 0.69188 0.86360 1.02974 1.17856
0.34273 0.51783 0.69188 0.86360 1.02974 1.17856
0.34273 0.51783 0.69188 0.86360 1.02974 1.17856
0.34273 0.51783 0.69188 0.86360 1.02974 1.17856
0.34273 0.51783 0.69188 0.86360 1.02974 1.17856
0.34273 0.51783 0.69188 0.86360 1.02974 1.17856
0.34273 0.51783 0.69188 0.86360 1.02974 1.17856
0.34273 0.51783 0.69188 0.86360 1.02974 1.17856
0.34273 0.51783 0.69188 0.86360 1.02974 1.17856
0.34273 0.51783 0.69188 0.86360 1.02974 1.17856
0.34273 0.51783 0.69188 0.86360 1.02974 1.17856
0.34273 0.51783 0.69188 0.86360 1.02974 1.17856
0.34273 0.51783 0.69188 0.86360 1.02974 1.17856
0.34273 0.51783 0.69188 0.86360 1.02974 1.17856
0.34273 0.51783 0.69188 0.86360 1.02974 1.17856
0.34273 0.51783 0.69188 0.86360 1.02974 1.17856
0.34273 0.51783 0.69188 0.86360 1.02974 1.17856
0.34273 0.51783 0.69188 0.86360 1.02974 1.17856
0.34273 0.51783 0.69188 0.86360 1.02974 1.17856
0.34273 0.51783 0.69188 0.86360 1.02974 1.17856
0.34273 0.51783 0.69188 0.86360 1.02974 1.17856
0.34273 0.51783 0.69188 0.86360 1.02974 1.17856
0.34273 0.51783 0.69188 0.86360 1.02974 1.17856
0.34273 0.51783 0.69188 0.86360 1.02974 1.17856
0.34273 0.51783 0.69188 0.86360 1.02974 1.17856
0.34273 0.51783 0.69188 0.86360 1.02974 1.17856
0.34273 0.51783 0.69188 0.86360 1.02974 1.17856
0.34273 0.51783 0.69188 0.86360 1.02974 1.17856
0.34273 0.51783 0.69188 0.86360 1.02974 1.17856
0.34273 0.51783 0.69188 0.86360 1.02974 1.17856
0.34273 0.51783 0.69188 0.86360 1.02974 1.17856
0.34273 0.51783 0.69188 0.86360 1.02974 1.17856
0.34273 0.51783 0.69188 0.86360 1.02974 1.17856
0.34273 0.51783 0.69188 0.86360 1.02974 1.17856
0.34273 0.51783 0.69188 0.86360 1.02974 1.17856
0.34273 0.51783 0.69188 0.86360 1.02974 1.17856
0.34273 0.51783 0.69188 0.86360 1.02974 1.17856
0.34273 0.51783 0.69188 0.86360 1.02974 1.17856
0.34273 0.51783 0.69188 0.86360 1.02974 1.17856
0.34273 0.51783 0.69188 0.86360 1.02974 1.17856
0.34273 0.51783 0.69188 0.86360 1.02974 1.17856
0.34273 0.51783 0.69188 0.86360 1.02974 1.17856
0.34273 0.51783 0.69188 0.86360 1.02974 1.17856
0.34273 0.51783 0.69188 0.86360 1.02974 1.17856
0.34273 0.51783 0.69188 0.86360 1.02974 1.17856
0.34273 0.51783 0.69188 0.86360 1.02974 1.17856
0.34273 0.51783 0.69188 0.86360 1.02974 1.17856
0.34273 0.51783 0.69188 0.86360 1.02974 1.17856
0.34273 0.51783 0.69188 0.86360 1.02974 1.17856
0.34273 0.51783 0.69188 0.86360 1.02974 1.17856
0.34273 0.51783 0.69188 0.86360 1.02974 1.17856
0.34273 0.51783 0.69188 0.86360 1.02974 1.17856
0.34273 0.51783 0.69188 0.86360 1.02974 1.17856
0.34273 0.51783 0.69188 0.86360 1.02974 1.17856
0.34273 0.51783 0.69188 0.86360 1.02974 1.17856
0.34273 0.51783 0.69188 0.86360 1.02974 1.17856
0.34273 0.51783 0.69188 0.86360 1.02974 1.17856
0.34273 0.51783 0.69188 0.86360 1.02974 1.17856
0.34273 0.51783 0.69188 0.86360 1.02974 1.17856
0.34273 0.51783 0.69188 0.86360 1.02974 1.17856
0.34273 0.51783 0.69188 0.86360 1.02974 1.17856
0.34273 0.51783 0.69188 0.86360 1.02974 1.17856
0.34273 0.51783 0.69188 0.86360 1.02974 1.17856
0.34273 0.51783 0.69188 0.86360 1.02974 1.17856
0.34273 0.51783 0.69188 0.86360 1.02974 1.17856
0.34273 0.51783 0.69188 0.86360 1.02974 1.17856
0.34273 0.51783 0.69188 0.86360 1.02974 1.17856
0.34273 0.51783 0.69188 0.86360 1.02974 1.17856
0.34273 0.51783 0.69188 0.86360 1.02974 1.17856
0.34273 0.51783 0.69188 0.86360 1.02974 1.17856
0.34273 0.51783 0.69188 0.86360 1.02974 1.17856
0.34273 0.51783 0.69188 0.86360 1.02974 1.17856
0.34273 0.51783 0.69188 0.86360 1.02974 1.17856
0.34273 0.51783 0.69188 0.86360 1.02974 1.17856
0.34273 0.51783 0.69188 0.86360 1.02974 1.17856
0.34273 0.51783 0.69188 0.86360 1.02974 1.17856
0.34273 0.51783 0.69188 0.86360 1.02974 1.17856
0.34273 0.51783 0.69188 0.86360 1.02974 1.17856
0.34273 0.51783 0.69188 0.86360 1.02974 1.17856
0.34273 0.51783 0.69188 0.86360 1.02974 1.17856
0.34273 0.51783 0.69188 0.86360 1.02974 1.17856
0.34273 0.51783 0.69188 0.86360 1.02974 1.17856
0.34273 0.51783 0.69188 0.86360 1.02974 1.17856
0.34273 0.51783 0.69188 0.86360 1.02974 1.17856
0.34273 0.51783 0.69188 0.86360 1.02974 1.17856
0.34273 0.51783 0.69188 0.86360 1.02974 1.17856
0.34273 0.51783 0.69188 0.86360 1.02974 1.17856
0.34273 0.51783 0.69188 0.86360 1.02974 1.17856
0.34273 0.51783 0.69188 0.86360 1.02974 1.17856
0.34273 0.51783 0.69188 0.86360 1.02974 1.17856
0.34273 0.51783 0.69188 0.86360 1.02974 1.17856
0.34273 0.51783 0.69188 0.86360 1.02974 1.17856
0.34273 0.51783 0.69188 0.86360 1.02974 1.17856
0.34273 0.51783 0.69188 0.86360 1.02974 1.17856
0.34273 0.51783 0.69188 0.86360 1.02974 1.17856
0.34273 0.51783 0.69188 0.86360 1.02974 1.17856
0.34273 0.51783 0.69188 0.86360 1.02974 1.17856
0.34273 0.51783 0.69188 0.86360 1.02974 1.17856
0.34273 0.51783 0.69188 0.86360 1.02974 1.17856
0.34273 0.51783 0.69188 0.86360 1.02974 1.17856
0.34273 0.51783 0.69188 0.86360 1.02974 1.17856
0.34273 0.51783 0.69188 0.86360 1.02974 1.17856
0.34273 0.51783 0.69188 0.86360 1.02974 1.17856
0.34273 0.51783 0.69188 0.86360 1.02974 1.17856
0.34273 0.51783 0.69188 0.86360 1.02974 1.17856
0.34273 0.51783 0.69188 0.86360 1.02974 1.17856
0.34273 0.51783 0.69188 0.86360 1.02974 1.17856
0.34273 0.51783 0.69188 0.86360 1.02974 1.17856
0.34273 0.51783 0.69188 0.86360 1.02974 1.17856
0.34273 0.51783 0.69188 0.86360 1.02974 1.17856
0.34273 0.51783 0.69188 0.86360 1.02974 1.17856
0.34273 0.51783 0.69188 0.86360 1.02974 1.17856
0.34273 0.51783 0.69188 0.86360 1.02974 1.17856
0.34273 0.51783 0.69188 0.86360 1.02974 1.17856
0.34273 0.51783 0.69188 0.86360 1.02974 1.17856
0.34273 0.51783 0.69188 0.86360 1.02974 1.17856
0.34273 0.51783 0.69188 0.86360 1.02974 1.17856
0.34273 0.51783 0.69188 0.86360 1.02974 1.17856
0.34273 0.51783 0.69188 0.86360 1.02974 1.17856
0.34273 0.51783 0.69188 0.86360 1.02974 1.17856
0.34273 0.51783 0.69188 0.86360 1.02974 1.17856
0.34273 0.51783 0.69188 0.86360 1.02974 1.17856
0.34273 0.51783 0.69188 0.86360 1.02974 1.17856
0.34273 0.51783 0.69188 0.86360 1.02974 1.17856
0.34273 0.51783 0.69188 0.86360 1.02974 1.17856
0.34273 0.51783 0.69188 0.86360 1.02974 1.17856
0.34273 0.51783 0.69188 0.86360 1.02974 1.17856
0.34273 0.51783 0.69188 0.86360 1.02974 1.17856
0.34273 0.51783 0.69188 0.86360 1.02974 1.17856
0.34273 0.51783 0.69188 0.86360 1.02974 1.17856
0.34273 0.51783 0.69188 0.86360 1.02974 1.17856
0.34273 0.51783 0.69188 0.86360 1.02974 1.17856
0.34273 0.51783 0.69188 0.86360 1.02974 1.17856
0.34273 0.51783 0.69188 0.86360 1.02974 1.17856
0.34273 0.51783 0.69188 0.86360 1.02974 1.17856
0.34273 0.51783 0.69188 0.86360 1.02974 1.17856
0.34273 0.51783 0.69188 0.86360 1.02974 1.17856
0.34273 0.51783 0.69188 0.86360 1.02974 1.17856
0.34273 0.51783 0.69188 0.86360 1.02974 1.17856
0.34273 0.51783 0.69188 0.86360 1.02974 1.17856
0.34273 0.51783 0.69188 0.86360 1.02974 1.17856
0.34273 0.51783 0.69188 0.86360 1.02974 1.17856
0.34273 0.51783 0.69188 0.86360 1.02974 1.17856
0.34273 0.51783 0.69188 0.86360 1.02974 1.17856
0.34273 0.51783 0.69188 0.86360 1.02974 1.17856
0.34273 0.51783 0.69188 0.86360 1.02974 1.17856
0.34273 0.51783 0.69188 0.86360 1.02974 1.17856
0.34273 0.51783 0.69188 0.86360 1.02974 1.17856
0.34273 0.51783 0.69188 0.86360 1.02974 1.17856
0.34273 0.51783 0.69188 0.86360 1.02974 1.17856
0.34273 0.51783 0.69188 0.86360 1.02974 1.17856
0.34273 0.51783 0.69188 0.86360 1.02974 1.17856
0.34273 0.51783 0.69188 0.86360 1.02974 1.17856
0.34273 0.51783 0.69188 0.86360 1.02974 1.17856
0.34273 0.51783 0.69188 0.86360 1.02974 1.17856
0.34273 0.51783 0.69188 0.86360 1.02974 1.17856
0.34273 0.51783 0.69188 0.86360 1.02974 1.17856
0.34273 0.51783 0.69188 0.86360 1.02974 1.17856
0.34273 0.51783 0.69188 0.86360 1.02974 1.17856
0.34273 0.51783 0.69188 0.86360 1.02974 1.17856
0.34273 0.51783 0.69188 0.86360 1.02974 1.17856
0.34273 0.51783 0.69188 0.86360 1.02974 1.17856
0.34273 0.51783 0.69188 0.86360 1.02974 1.17856
0.34273 0.51783 0.69188 0.86360 1.02974 1.17856
0.34273 0.51783 0.69188 0.86360 1.02974 1.17856
0.34273 0.51783 0.69188 0.86360 1.02974 1.17856
0.34273 0.51783 0.69188 0.86360 1.02974 1.17856
0.34273 0.51783 0.69188 0.86360 1.02974 1.17856
0.34273 0.51783 0.69188 0.86360 1.02974 1.17856
0.34273 0.51783 0.69188 0.86360 1.02974 1.17856
0.34273 0.51783 0.69188 0.86360 1.02974 1.17856
0.34273 0.51783 0.69188 0.86360 1.02974 1.17856
0.34273 0.51783 0.69188 0.86360 1.02974 1.17856
0.34273 0.51783 0.69188 0.86360 1.02974 1.17856
0.34273 0.51783 0.69188 0.86360 1.02974 1.17856
0.34273 0.51783 0.69188 0.86360 1.02974 1.17856
0.34273 0.51783 0.69188 0.86360 1.02974 1.17856
0.34273 0.51783 0.69188 0.86360 1.02974 1.17856
0.34273 0.51783 0.69188 0.86360 1.02974 1.17856
0.34273 0.51783 0.69188 0.86360 1.02974 1.17856
0.34273 0.51783 0.69188 0.86360 1.02974 1.17856
0.34273 0.51783 0.69188 0.86360 1.02974 1.17856
0.34273 0.51783 0.69188 0.86360 1.02974 1.17856
0.34273 0.51783 0.69188 0.86360 1.02974 1.17856
0.34273 0.51783 0.69188 0.86360 1.02974 1.17856
0.34273 0.51783 0.69188 0.86360 1.02974 1.17856
0.34273 0.51783 0.69188 0.86360 1.02974 1.17856
0.34273 0.51783 0.69188 0.86360 1.02974 1.17856
0.34273 0.51783 0.69188 0.86360 1.02974 1.17856
0.34273 0.51783 0.69188 0.86360 1.02974 1.17856
0.34273 0.51783 0.69188 0.86360 1.02974 1.17856
0.34273 0.51783 0.69188 0.86360 1.02974 1.17856
0.34273 0.51783 0.69188 0.86360 1.02974 1.17856
0.34273 0.51783 0.69188 0.86360 1.02974 1.17856
0.34273 0.51783 0.69188 0.86360 1.02974 1.17856
0.34273 0.51783 0.69188 0.86360 1.02974 1.17856
0.34273 0.51783 0.69188 0.86360 1.02974 1.17856
0.34273 0.51783 0.69188 0.86360 1.02974 1.17856
0.34273 0.51783 0.69188 0.86360 1.02974 1.17856
0.34273 0.51783 0.69188 0.86360 1.02974 1.17856
0.34273 0.51783 0.69188 0.86360 1.02974 1.17856
0.34273 0.51783 0.69188 0.86360 1.02974 1.17856
0.34273 0.51783 0.69188 0.86360 1.02974 1.17856
0.34273 0.51783 0.69188 0.86360 1.02974 1.17856
0.34273 0.51783 0.69188 0.86360 1.02974 1.17856
0.34273 0.51783 0.69188 0.86360 1.02974 1.17856
0.34273 0.51783 0.69188 0.86360 1.02974 1.17856
0.34273 0.51783 0.69188 0.86360 1.02974 1.17856
0.34273 0.51783 0.69188 0.86360 1.02974 1.17856
0.34273 0.51783 0.69188 0.86360 1.02974 1.17856
0.34273 0.51783 0.69188 0.86360 1.02974 1.17856
0.34273 0.51783 0.69188 0.86360 1.02974 1.17856
0.34273 0.51783 0.69188 0.86360 1.02974 1.17856
0.34273 0.51783 0.69188 0.86360 1.02974 1.17856
0.34273 0.51783 0.69188 0.86360 1.02974 1.17856
0.34273 0.51783 0.69188 0.86360 1.02974 1.17856
0.34273 0.51783 0.69188 0.86360 1.02974 1.17856
0.34273 0.51783 0.69188 0.86360 1.02974 1.17856
0.34273 0.51783 0.69188 0.86360 1.02974 1.17856
0.34273 0.51783 0.69188 0.86360 1.02974 1.17856
0.34273 0.51783 0.69188 0.86360 1.02974 1.17856
0.34273 0.51783 0.69188 0.86360 1.02974 1.17856
0.34273 0.51783 0.69188 0.86360 1.02974 1.17856
0.34273 0.51783 0.69188 0.86360 1.02974 1.17856
0.34273 0.51783 0.69188 0.86360 1.02974 1.17856
0.34273 0.51783 0.69188 0.86360 1.02974 1.17856
0.34273 0.51783 0.69188 0.86360 1.02974 1.17856
0.34273 0.51783 0.69188 0.86360 1.02974 1.17856
0.34273 0.51783 0.69188 0.86360 1.02974 1.17856
0.34273 0.51783 0.69188 0.86360 1.02974 1.17856
0.34273 0.51783 0.69188 0.86360 1.02974 1.17856
0.34273 0.51783 0.69188 0.86360 1.02974 1.17856
0.34273 0.51783 0.69188 0.86360 1.02974 1.17856
0.34273 0.51783 0.69188 0.86360 1.02974 1.17856
0.34273 0.51783 0.69188 0.86360 1.02974 1.17856
0.34273 0.51783 0.69188 0.86360 1.02974 1.17856
0.34273 0.51783 0.69188 0.86360 1.02974 1.17856
0.34273 0.51783 0.69188 0.86360 1.02974 1.17856
0.34273 0.51783 0.69188 0.86360 1.02974 1.17856
0.34273 0.51783 0.69188 0.86360 1.02974 1.17856
0.34273 0.51783 0.69188 0.86360 1.02974 1.17856
0.34273 0.51783 0.69188 0.86360 1.02974 1.17856
0.34273 0.51783 0.69188 0.86360 1.02974 1.17856
0.34273 0.51783 0.69188 0.86360 1.02974 1.17856
0.34273 0.51783 0.69188 0.86360 1.02974 1.17856
0.34273 0.51783 0.69188 0.86360 1.02974 1.17856
0.34273 0.51783 0.69188 0.86360 1.02974 1.17856
0.34273 0.51783 0.69188 0.86360 1.02974 1.17856
0.34273 0.51783 0.69188 0.86360 1.02974 1.17856
0.34273 0.51783 0.69188 0.86360 1.02974 1.17856
0.34273 0.51783 0.69188 0.86360 1.02974 1.17856
0.34273 0.51783 0.69188 0.86360 1.02974 1.17856
0.34273 0.51783 0.69188 0.86360 1.02974 1.17856
0.34273 0.51783 0.69188 0.86360 1.02974 1.17856
0.34273 0.51783 0.69188 0.86360 1.02974 1.17856
0.34273 0.51783 0.69188 0.86360 1.02974 1.17856
0.34273 0.51783 0.69188 0.86360 1.02974 1.17856
0.34273 0.51783 0.69188 0.86360 1.02974 1.17856
0.34273 0.51783 0.69188 0.86360 1.02974 1.17856
0.34273 0.51783 0.69188 0.86360 1.02974 1.17856
0.34273 0.51783 0.69188 0.86360 1.02974 1.17856
0.34273 0.51783 0.69188 0.86360 1.02974 1.17856
0.34273 0.51783 0.69188 0.86360 1.02974 1.17856
0.34273 0.51783 0.69188 0.86360 1.02974 1.17856
0.34273 0.51783 0.69188 0.86360 1.02974 1.17856
0.34273 0.51783 0.69188 0.86360 1.02974 1.17856
0.34273 0.51783 0.69188 0.86360 1.02974 1.17856
0.34273 0.51783 0.69188 0.86360 1.02974 1.17856
0.34273 0.51783 0.69188 0.86360 1.02974 1.17856
0.34273 0.51783 0.69188 0.86360 1.02974 1.17856
0.34273 0.51783 0.69188 0.86360 1.02974 1.17856
0.34273 0.51783 0.69188 0.86360 1.02974 1.17856
0.34273 0.51783 0.69188 0.86360 1.02974 1.17856
0.34273 0.51783 0.69188 0.86360 1.02974 1.17856
0.34273 0.51783 0.69188 0.86360 1.02974 1.17856
0.34273 0.51783 0.69188 0.86360 1.02974 1.17856
0.34273 0.51783 0.69188 0.86360 1.02974 1.17856
0.34273 0.51783 0.69188 0.86360 1.02974 1.17856
0.34273 0.51783 0.69188 0.86360 1.02974 1.17856
0.34273 0.51783 0.69188 0.86360 1.02974 1.17856
0.34273 0.51783 0.69188 0.86360 1.02974 1.17856
0.34273 0.51783 0.69188 0.86360 1.02974 1.17856
0.34273 0.51783 0.69188 0.86360 1.02974 1.17856
0.34273 0.51783 0.69188 0.86360 1.02974 1.17856
0.34273 0.51783 0.69188 0.86360 1.02974 1.17856
0.34273 0.51783 0.69188 0.86360 1.02974 1.17856
0.34273 0.51783 0.69188 0.86360 1.02974 1.17856
0.34273 0.51783 0.69188 0.86360 1.02974 1.17856
0.34273 0.51783 0.69188 0.86360 1.02974 1.17856
0.34273 0.51783 0.69188 0.86360 1.02974 1.17856
0.34273 0.51783 0.69188 0.86360 1.02974 1.17856
0.34273 0.51783 0.69188 0.86360 1.02974 1.17856
0.34273 0.51783 0.69188 0.86360 1.02974 1.17856
0.34273 0.51783 0.69188 0.86360 1.02974 1.17856
0.34273 0.51783 0.69188 0.86360 1.02974 1.17856
0.34273 0.51783 0.69188 0.86360 1.02974 1.17856
0.34273 0.51783 0.69188 0.86360 1.02974 1.17856
0.34273 0.51783 0.69188 0.86360 1.02974 1.17856
0.34273 0.51783 0.69188 0.86360 1.02974 1.17856
0.34273 0.51783 0.69188 0.86360 1.02974 1.17856
0.34273 0.51783 0.69188 0.86360 1.02974 1.17856
0.34273 0.51783 0.69188 0.86360 1.02974 1.17856
0.34273 0.51783 0.69188 0.86360 1.02974 1.17856
0.34273 0.51783 0.69188 0.86360 1.02974 1.17856
0.34273 0.51783 0.69188 0.86360 1.02974 1.17856
0.34273 0.51783 0.69188 0.86360 1.02974 1.17856
0.34273 0.51783 0.69188 0.86360 1.02974 1.17856
0.34273 0.51783 0.69188 0.86360 1.02974 1.17856
0.34273 0.51783 0.69188 0.86360 1.02974 1.17856
0.34273 0.51783 0.69188 0.86360 1.02974 1.17856
0.34273 0.51783 0.69188 0.86360 1.02974 1.17856
0.34273 0.51783 0.69188 0.86360 1.02974 1.17856
0.34273 0.51783 0.69188 0.86360 1.02974 1.17856
0.34273 0.51783 0.69188 0.86360 1.02974 1.17856
0.34273 0.51783 0.69188 0.86360 1.02974 1.17856
0.34273 0.51783 0.69188 0.86360 1.02974 1.17856
0.34273 0.51783 0.69188 0.86360 1.02974 1.17856
0.34273 0.51783 0.69188 0.86360 1.02974 1.17856
0.34273 0.51783 0.69188 0.86360 1.02974 1.17856
0.34273 0.51783 0.69188 0.86360 1.02974 1.17856
0.34273 0.51783 0.69188 0.86360 1.02974 1.17856
0.34273 0.51783 0.69188 0.86360 1.02974 1.17856
0.34273 0.51783 0.69188 0.86360 1.02974 1.17856
0.34273 0.51783 0.69188 0.86360 1.02974 1.17856
0.34273 0.51783 0.69188 0.86360 1.02974 1.17856
0.34273 0.51783 0.69188 0.86360 1.02974 1.17856
0.34273 0.51783 0.69188 0.86360 1.02974 1.17856
0.34273 0.51783 0.69188 0.86360 1.02974 1.17856
0.34273 0.51783 0.69188 0.86360 1.02974 1.17856
0.34273 0.51783 0.69188 0.86360 1.02974 1.17856
0.34273 0.51783 0.69188 0.86360 1.02974 1.17856
0.34273 0.51783 0.69188 0.86360 1.02974 1.17856
0.34273 0.51783 0.69188 0.86360 1.02974 1.17856
0.34273 0.51783 0.69188 0.86360 1.02974 1.17856
0.34273 0.51783 0.69188 0.86360 1.02974 1.17856
0.34273 0.51783 0.69188 0.86360 1.02974 1.17856
0.34273 0.51783 0.69188 0.86360 1.02974 1.17856
0.34273 0.51783 0.69188 0.86360 1.02974 1.17856
0.34273 0.51783 0.69188 0.86360 1.02974 1.17856
0.34273 0.51783 0.69188 0.86360 1.02974 1.17856
0.34273 0.51783 0.69188 0.86360 1.02974 1.17856
0.34273 0.51783 0.69188 0.86360 1.02974 1.17856
0.34273 0.51783 0.69188 0.86360 1.02974 1.17856
0.34273 0.51783 0.69188 0.86360 1.02974 1.17856
0.34273 0.51783 0.69188 0.86360 1.02974 1.17856
0.34273 0.51783 0.69188 0.86360 1.02974 1.17856
0.34273 0.51783 0.69188 0.86360 1.02974 1.17856
0.34273 0.51783 0.69188 0.86360 1.02974 1.17856
0.34273 0.51783 0.69188 0.86360 1.02974 1.17856
0.34273 0.51783 0.69188 0.86360 1.02974 1.17856
0.34273 0.51783 0.69188 0.86360 1.02974 1.17856
0.34273 0.51783 0.69188 0.86360 1.02974 1.17856
0.34273 0.51783 0.69188 0.86360 1.02974 1.17856
0.34273 0.51783 0.69188 0.86360 1.02974 1.17856
0.34273 0.51783 0.69188 0.86360 1.02974 1.17856
0.34273 0.51783 0.69188 0.86360 1.02974 1.17856
0.34273 0.51783 0.69188 0.86360 1.02974 1.17856
0.34273 0.51783 0.69188 0.86360 1.02974 1.17856
0.34273 0.51783 0.69188 0.86360 1.02974 1.17856
0.34273 0.51783 0.69188 0.86360 1.02974 1.17856
0.34273 0.51783 0.69188 0.86360 1.02974 1.17856
0.34273 0.51783 0.69188 0.86360 1.02974 1.17856
0.34273 0.51783 0.69188 0.86360 1.02974 1.17856
0.34273 0.51783 0.69188 0.86360 1.02974 1.17856
0.34273 0.51783 0.69188 0.86360 1.02974 1.17856
0.34273 0.51783 0.69188 0.86360 1.02974 1.17856
0.34273 0.51783 0.69188 0.86360 1.02974 1.17856
0.34273 0.51783 0.69188 0.86360 1.02974 1.17856
0.34273 0.51783 0.69188 0.86360 1.02974 1.17856
0.34273 0.51783 0.69188 0.86360 1.02974 1.17856
0.34273 0.51783 0.69188 0.86360 1.02974 1.17856
0.34273 0.51783 0.69188 0.86360 1.02974 1.17856
0.34273 0.51783 0.69188 0.86360 1.02974 1.17856
0.34273 0.51783 0.69188 0.86360 1.02974 1.17856
0.34273 0.51783 0.69188 0.86360 1.02974 1.17856
0.34273 0.51783 0.69188 0.86360 1.02974 1.17856
0.34273 0.51783 0.69188 0.86360 1.02974 1.17856
0.34273 0.51783 0.69188 0.86360 1.02974 1.17856
0.34273 0.51783 0.69188 0.86360 1.02974 1.17856
0.34273 0.51783 0.69188 0.86360 1.02974 1.17856
0.34273 0.51783 0.69188 0.86360 1.02974 1.17856
0.34273 0.51783 0.69188 0.86360 1.02974 1.17856
0.34273 0.51783 0.69188 0.86360 1.02974 1.17856
0.34273 0.51783 0.69188 0.86360 1.02974 1.17856
0.34273 0.51783 0.69188 0.86360 1.02974 1.17856
0.34273 0.51783 0.69188 0.86360 1.02974 1.17856
0.34273 0.51783 0.69188 0.86360 1.02974 1.17856
0.34273 0.51783 0.69188 0.86360 1.02974 1.17856
0.34273 0.51783 0.69188 0.86360 1.02974 1.17856
0.34273 0.51783 0.69188 0.86360 1.02974 1.17856
0.34273 0.51783 0.69188 0.86360 1.02974 1.17856
0.34273 0.51783 0.69188 0.86360 1.02974 1.17856
0.34273 0.51783 0.69188 0.86360 1.02974 1.17856
0.34273 0.51783 0.69188 0.86360 1.02974 1.17856
0.34273 0.51783 0.69188 0.86360 1.02974 1.17856
0.34273 0.51783 0.69188 0.86360 1.02974 1.17856
0.34273 0.51783 0.69188 0.86360 1.02974 1.17856
0.34273 0.51783 0.69188 0.86360 1.02974 1.17856
0.34273 0.51783 0.69188 0.86360 1.02974 1.17856
0.34273 0.51783 0.69188 0.86360 1.02974 1.17856
0.34273 0.51783 0.69188 0.86360 1.02974 1.17856
0.34273 0.51783 0.69188 0.86360 1.02974 1.17856
0.34273 0.51783 0.69188 0.86360 1.02974 1.17856
0.34273 0.51783 0.69188 0.86360 1.02974 1.17856
0.34273 0.51783 0.69188 0.86360 1.02974 1.17856
0.34273 0.51783 0.69188 0.86360 1.02974 1.17856
0.34273 0.51783 0.69188 0.86360 1.02974 1.17856
0.34273 0.51783 0.69188 0.86360 1.02974 1.17856
0.34273 0.51783 0.69188 0.86360 1.02974 1.17856
0.34273 0.51783 0.69188 0.86360 1.02974 1.17856
0.34273 0.51783 0.69188 0.86360 1.02974 1.17856
0.34273 0.51783 0.69188 0.86360 1.02974 1.17856
0.34273 0.51783 0.69188 0.86360 1.02974 1.17856
0.34273 0.51783 0.69188 0.86360 1.02974 1.17856
0.34273 0.51783 0.69188 0.86360 1.02974 1.17856
0.34273 0.51783 0.69188 0.86360 1.02974 1.17856
0.34273 0.51783 0.69188 0.86360 1.02974 1.17856
0.34273 0.51783 0.69188 0.86360 1.02974 1.17856
0.34273 0.51783 0.69188 0.86360 1.02974 1.17856
0.34273 0.51783 0.69188 0.86360 1.02974 1.17856
0.34273 0.51783 0.69188 0.86360 1.02974 1.17856
0.34273 0.51783 0.69188 0.86360 1.02974 1.17856
0.34273 0.51783 0.69188 0.86360 1.02974 1.17856
0.34273 0.51783 0.69188 0.86360 1.02974 1.17856
0.34273 0.51783 0.69188 0.86360 1.02974 1.17856
0.34273 0.51783 0.69188 0.86360 1.02974 1.17856
0.34273 0.51783 0.69188 0.86360 1.02974 1.17856
0.34273 0.51783 0.69188 0.86360 1.02974 1.17856
0.34273 0.51783 0.69188 0.86360 1.02974 1.17856
0.34273 0.51783 0.69188 0.86360 1.02974 1.17856
0.34273 0.51783 0.69188 0.86360 1.02974 1.17856
0.34273 0.51783 0.69188 0.86360 1.02974 1.17856
0.34273 0.51783 0.69188 0.86360 1.02974 1.17856
0.34273 0.51783 0.69188 0.86360 1.02974 1.17856
0.34273 0.51783 0.69188 0.86360 1.02974 1.17856
0.34273 0.51783 0.69188 0.86360 1.02974 1.17856
0.34273 0.51783 0.69188 0.86360 1.02974 1.17856
0.34273 0.51783 0.69188 0.86360 1.02974 1.17856
0.34273 0.51783 0.69188 0.86360 1.02974 1.17856
0.34273 0.51783 0.69188 0.86360 1.02974 1.17856
0.34273 0.51783 0.69188 0.86360 1.02974 1.17856
0.34273 0.51783 0.69188 0.86360 1.02974 1.17856
0.34273 0.51783 0.69188 0.86360 1.02974 1.17856
0.34273 0.51783 0.69188 0.86360 1.02974 1.17856
0.34273 0.51783 0.69188 0.86360 1.02974 1.17856
0.34273 0.51783 0.69188 0.86360 1.02974 1.17856
0.34273 0.51783 0.69188 0.86360 1.02974 1.17856
0.34273 0.51783 0.69188 0.86360 1.02974 1.17856
0.34273 0.51783 0.69188 0.86360 1.02974 1.17856
0.34273 0.51783 0.69188 0.86360 1.02974 1.17856
0.34273 0.51783 0.69188 0.86360 1.02974 1.17856
0.34273 0.51783 0.69188 0.86360 1.02974 1.17856
0.34273 0.51783 0.69188 0.86360 1.02974 1.17856
0.34273 0.51783 0.69188 0.86360 1.02974 1.17856
0.34273 0.51783 0.69188 0.86360 1.02974 1.17856
0.34273 0.51783 0.69188 0.86360 1.02974 1.17856
0.34273 0.51783 0.69188 0.86360 1.02974 1.17856
0.34273 0.51783 0.69188 0.86360 1.02974 1.17856
0.34273 0.51783 0.69188 0.86360 1.02974 1.17856
0.34273 0.51783 0.69188 0.86360 1.02974 1.17856
0.34273 0.51783 0.69188 0.86360 1.02974 1.17856
0.34273 0.51783 0.69188 0.86360 1.02974 1.17856
0.34273 0.51783 0.69188 0.86360 1.02974 1.17856
0.34273 0.51783 0.69188 0.86360 1.02974 1.17856
0.34273 0.51783 0.69188 0.86360 1.02974 1.17856
0.34273 0.51783 0.69188 0.86360 1.02974 1.17856
0.34273 0.51783 0.69188 0.86360 1.02974 1.17856
0.34273 0.51783 0.69188 0.86360 1.02974 1.17856
0.34273 0.51783 0.69188 0.86360 1.02974 1.17856
0.34273 0.51783 0.69188 0.86360 1.02974 1.17856
0.34273 0.51783 0.69188 0.86360 1.02974 1.17856
0.34273 0.51783 0.69188 0.86360 1.02974 1.17856
0.34273 0.51783 0.69188 0.86360 1.02974 1.17856
0.34273 0.51783 0.69188 0.86360 1.02974 1.17856
0.34273 0.51783 0.69188 0.86360 1.02974 1.17856
0.34273 0.51783 0.69188 0.86360 1.02974 1.17856
0.34273 0.51783 0.69188 0.86360 1.02974 1.17856
0.34273 0.51783 0.69188 0.86360 1.02974 1.17856
0.34273 0.51783 0.69188 0.86360 1.02974 1.17856
0.34273 0.51783 0.69188 0.86360 1.02974 1.17856
0.34273 0.51783 0.69188 0.86360 1.02974 1.17856
0.34273 0.51783 0.69188 0.86360 1.02974 1.17856
0.34273 0.51783 0.69188 0.86360 1.02974 1.17856
