707345000.0	251962000.0	86485000.0	40805900.0	18415500.0	9299150.0	5012100.0	2748310.0	1176010.0	444434.0	
615147000.0	218487000.0	75817600.0	36426100.0	16831800.0	8725520.0	4807710.0	2682290.0	1162330.0	441878.0	
558030000.0	197796000.0	69265300.0	33741500.0	15852500.0	8372170.0	4682870.0	2642960.0	1154390.0	440420.0	
514285000.0	181966000.0	64265000.0	31664900.0	15099900.0	8097040.0	4585660.0	2612420.0	1148310.0	439340.0	
481398000.0	170197000.0	60488100.0	30113100.0	14531000.0	7889250.0	4511810.0	2588720.0	1143550.0	438428.0	
448392000.0	157913000.0	56611400.0	28476100.0	13925000.0	7663940.0	4431220.0	2563460.0	1138340.0	437427.0	
421946000.0	148288000.0	53560500.0	27163900.0	13436800.0	7480950.0	4366220.0	2542740.0	1134010.0	436598.0	
398228000.0	139692000.0	50903300.0	26026900.0	13001700.0	7317040.0	4307300.0	2523390.0	1130000.0	435805.0	
379055000.0	132992000.0	48765000.0	25113500.0	12646700.0	7183630.0	4258400.0	2507200.0	1126650.0	435080.0	
357825000.0	125368000.0	46348700.0	24067000.0	12245500.0	7030770.0	4201090.0	2488330.0	1122650.0	434204.0	
342400000.0	120167000.0	44672300.0	23332800.0	11947700.0	6913150.0	4158280.0	2473710.0	1119240.0	433463.0	
324584000.0	114241000.0	42773500.0	22505800.0	11617500.0	6783720.0	4108160.0	2457230.0	1115500.0	432647.0	
310422000.0	109390000.0	41177200.0	21785500.0	11338200.0	6671370.0	4065440.0	2443220.0	1112140.0	431839.0	
298656000.0	105111000.0	39839800.0	21222100.0	11100500.0	6574750.0	4027500.0	2430860.0	1109540.0	431100.0	
285961000.0	100589000.0	38321900.0	20550500.0	10827200.0	6465070.0	3984140.0	2415590.0	1106070.0	430296.0	
275057000.0	96687100.0	37034100.0	19995000.0	10590700.0	6371030.0	3946220.0	2402150.0	1103080.0	429553.0	
264394000.0	93069900.0	35887700.0	19447500.0	10372500.0	6282330.0	3910420.0	2389890.0	1100250.0	428829.0	
254676000.0	89560800.0	34762600.0	18934100.0	10166000.0	6198590.0	3876140.0	2378090.0	1097350.0	428059.0	
246906000.0	86567200.0	33779700.0	18509000.0	9996570.0	6127020.0	3846810.0	2367640.0	1094780.0	427345.0	
237845000.0	83466800.0	32776700.0	18015400.0	9804590.0	6044490.0	3813950.0	2355480.0	1091750.0	426517.0	
229631000.0	80471200.0	31854600.0	17596700.0	9623670.0	5968850.0	3784990.0	2344880.0	1089050.0	425775.0	
222058000.0	77846900.0	31004500.0	17205100.0	9459270.0	5899770.0	3755080.0	2333570.0	1086340.0	425080.0	
214506000.0	75290100.0	30176100.0	16790000.0	9288610.0	5832370.0	3725350.0	2322360.0	1083420.0	424270.0	
208421000.0	72886900.0	29381400.0	16418300.0	9134110.0	5766250.0	3697970.0	2312710.0	1080940.0	423537.0	
202629000.0	70776300.0	28614800.0	16059600.0	8994200.0	5701620.0	3671950.0	2302950.0	1078270.0	422782.0	
196631000.0	68713200.0	27911300.0	15749500.0	8866170.0	5642800.0	3647210.0	2293210.0	1075840.0	422075.0	
191054000.0	66689300.0	27154400.0	15431700.0	8730470.0	5583210.0	3621850.0	2283550.0	1073370.0	421305.0	
185796000.0	65093500.0	26543000.0	15155900.0	8610250.0	5531640.0	3600930.0	2274820.0	1070870.0	420569.0	
180039000.0	63278600.0	25911600.0	14860400.0	8483620.0	5474000.0	3579260.0	2266220.0	1068480.0	419794.0	
176388000.0	61580300.0	25384300.0	14575500.0	8364020.0	5420750.0	3558110.0	2257570.0	1066030.0	419082.0	
171524000.0	59903900.0	24879900.0	14314100.0	8254080.0	5375480.0	3537890.0	2249630.0	1063690.0	418372.0	
166683000.0	58330000.0	24323500.0	14051600.0	8143820.0	5323710.0	3515370.0	2241150.0	1061420.0	417671.0	
163111000.0	57007800.0	23810900.0	13807200.0	8050280.0	5278280.0	3493940.0	2233420.0	1059340.0	417013.0	
158883000.0	55591100.0	23336300.0	13563200.0	7950310.0	5235690.0	3474860.0	2225780.0	1057080.0	416275.0	
154640000.0	54231300.0	22938100.0	13344100.0	7849790.0	5188830.0	3454010.0	2217280.0	1054680.0	415606.0	
150915000.0	52816400.0	22506400.0	13158100.0	7759730.0	5151550.0	3436410.0	2209750.0	1052470.0	414891.0	
146489000.0	51666600.0	22071600.0	12932400.0	7661010.0	5107660.0	3417410.0	2201870.0	1050250.0	414142.0	
142938000.0	50273000.0	21586400.0	12729400.0	7562880.0	5062630.0	3396810.0	2193740.0	1047980.0	413287.0	
139922000.0	49202300.0	21251400.0	12563900.0	7488590.0	5031470.0	3382230.0	2186920.0	1045740.0	412643.0	
136728000.0	47942900.0	20769400.0	12340400.0	7394810.0	4983600.0	3362380.0	2178100.0	1043310.0	411868.0	
133872000.0	46979400.0	20419100.0	12179300.0	7319660.0	4946170.0	3344680.0	2170790.0	1041090.0	411219.0	
130851000.0	45782000.0	19998500.0	11950600.0	7222960.0	4902690.0	3325510.0	2162070.0	1038490.0	410426.0	
128257000.0	44974900.0	19689000.0	11794700.0	7152830.0	4868760.0	3308860.0	2155660.0	1036320.0	409809.0	
124704000.0	43522000.0	19324200.0	11600700.0	7060770.0	4827080.0	3291440.0	2147880.0	1033840.0	408965.0	
122126000.0	42921100.0	19049900.0	11457800.0	7005090.0	4798740.0	3277780.0	2142020.0	1032090.0	408317.0	
119353000.0	41915200.0	18716100.0	11277000.0	6928680.0	4762990.0	3258560.0	2133700.0	1029870.0	407629.0	
117427000.0	41216800.0	18430900.0	11143200.0	6862460.0	4731940.0	3245340.0	2128250.0	1028130.0	407040.0	
114469000.0	40389200.0	18132400.0	10992400.0	6785250.0	4699920.0	3232030.0	2121280.0	1025790.0	406299.0	
112625000.0	39667300.0	17891700.0	10877700.0	6733010.0	4670550.0	3218970.0	2115400.0	1023690.0	405633.0	
110424000.0	38916700.0	17535500.0	10733600.0	6661490.0	4636520.0	3203810.0	2107930.0	1021510.0	404853.0	
108451000.0	38214700.0	17272800.0	10616400.0	6605630.0	4610970.0	3191410.0	2102290.0	1019580.0	404194.0	
106304000.0	37504400.0	16977600.0	10453400.0	6540230.0	4580960.0	3178460.0	2095820.0	1017550.0	403502.0	
104282000.0	36889800.0	16711700.0	10326900.0	6479890.0	4549610.0	3164820.0	2089210.0	1015350.0	402720.0	
102001000.0	36392500.0	16480600.0	10203500.0	6430050.0	4524390.0	3151210.0	2083310.0	1013500.0	402023.0	
100275000.0	35724300.0	16260500.0	10093100.0	6372960.0	4497490.0	3138280.0	2077290.0	1011340.0	401337.0	
97736800.0	34957300.0	15992000.0	9980660.0	6313130.0	4469400.0	3124480.0	2070860.0	1009100.0	400592.0	
95497300.0	34125200.0	15655800.0	9823500.0	6239490.0	4430050.0	3107030.0	2063220.0	1006860.0	399751.0	
93735900.0	33438300.0	15411700.0	9683130.0	6186490.0	4404010.0	3094130.0	2057090.0	1004730.0	399041.0	
92673400.0	32872700.0	15167300.0	9563240.0	6128260.0	4374760.0	3081330.0	2050750.0	1003060.0	398456.0	
90487700.0	32269400.0	14916600.0	9442960.0	6059970.0	4342060.0	3063920.0	2044980.0	1001100.0	397748.0	
88727400.0	31679900.0	14671300.0	9335890.0	6019120.0	4321040.0	3051540.0	2039410.0	999270.0	397075.0	
86968600.0	31068100.0	14420300.0	9205160.0	5971680.0	4291420.0	3036560.0	2032110.0	997038.0	396280.0	
85050800.0	30537700.0	14223000.0	9100980.0	5923020.0	4267570.0	3025990.0	2027190.0	995177.0	395555.0	
83208200.0	29967100.0	13990500.0	8982650.0	5874260.0	4242800.0	3015280.0	2021090.0	993299.0	394929.0	
81993300.0	29424600.0	13796900.0	8897080.0	5831150.0	4220200.0	3003770.0	2015070.0	991235.0	394190.0	
80298700.0	28866100.0	13625300.0	8821510.0	5798490.0	4200360.0	2992140.0	2009610.0	989225.0	393529.0	
79131100.0	28570000.0	13400400.0	8718740.0	5746020.0	4175180.0	2979240.0	2003460.0	987186.0	392828.0	
77755700.0	28085400.0	13198800.0	8608640.0	5701260.0	4152100.0	2967270.0	1996660.0	984894.0	392072.0	
76253100.0	27730700.0	13050900.0	8538780.0	5667990.0	4135440.0	2958910.0	1992440.0	982984.0	391360.0	
74967400.0	27374100.0	12870100.0	8460300.0	5631560.0	4117830.0	2949840.0	1987560.0	981246.0	390617.0	
73768400.0	26954400.0	12743900.0	8370530.0	5591850.0	4100830.0	2939920.0	1982880.0	979228.0	389825.0	
72778800.0	26449800.0	12601700.0	8289360.0	5551280.0	4081150.0	2930570.0	1977860.0	977282.0	389097.0	
71959700.0	26100600.0	12497400.0	8216480.0	5521280.0	4065990.0	2921270.0	1973090.0	975505.0	388395.0	
70326600.0	25549000.0	12325100.0	8137320.0	5478090.0	4047030.0	2912470.0	1967650.0	973444.0	387667.0	
69623900.0	25131400.0	12167300.0	8056930.0	5436290.0	4026770.0	2901220.0	1961720.0	971653.0	386940.0	
68542000.0	24751700.0	12040500.0	7969490.0	5402790.0	4011550.0	2894730.0	1957320.0	969916.0	386224.0	
67275600.0	24484500.0	11921900.0	7893450.0	5361100.0	3988470.0	2884900.0	1952360.0	967987.0	385527.0	
66528600.0	24156900.0	11818000.0	7825970.0	5329090.0	3970340.0	2876020.0	1948030.0	966416.0	384870.0	
65714100.0	23773600.0	11711500.0	7764040.0	5292390.0	3950500.0	2868700.0	1943550.0	964698.0	384230.0	
64548400.0	23494900.0	11590200.0	7679980.0	5249610.0	3926940.0	2858780.0	1939410.0	963101.0	383526.0	
63703400.0	23122000.0	11465100.0	7593170.0	5219180.0	3909410.0	2850160.0	1935130.0	961371.0	382855.0	
62379000.0	22686800.0	11363100.0	7526610.0	5192820.0	3890990.0	2839330.0	1929800.0	959710.0	382159.0	
61244900.0	22393900.0	11241000.0	7444370.0	5151170.0	3867920.0	2829680.0	1925310.0	957736.0	381385.0	
60388400.0	22131700.0	11134100.0	7375460.0	5110260.0	3850210.0	2819260.0	1920830.0	955974.0	380626.0	
59311200.0	21691700.0	10990800.0	7297270.0	5073410.0	3830870.0	2811150.0	1916730.0	953915.0	379908.0	
58690600.0	21468600.0	10909100.0	7240960.0	5043770.0	3817620.0	2803550.0	1913010.0	952175.0	379230.0	
57664600.0	21131600.0	10771400.0	7177450.0	5010150.0	3800720.0	2794900.0	1909120.0	950091.0	378385.0	
56444300.0	20750500.0	10661000.0	7118160.0	4976530.0	3784830.0	2786830.0	1904220.0	948188.0	377636.0	
55551000.0	20541700.0	10551400.0	7051410.0	4945610.0	3766410.0	2776310.0	1899740.0	946701.0	376863.0	
54788100.0	20398300.0	10403600.0	6986790.0	4913470.0	3743570.0	2764580.0	1895130.0	945055.0	376216.0	
53908100.0	20119100.0	10250800.0	6907340.0	4877400.0	3720580.0	2754430.0	1890340.0	942890.0	375407.0	
52985800.0	19903600.0	10173000.0	6857610.0	4852170.0	3705480.0	2744180.0	1885190.0	941167.0	374783.0	
52088500.0	19737200.0	10064300.0	6810830.0	4829020.0	3690770.0	2737110.0	1881560.0	939544.0	374180.0	
50863600.0	19389600.0	9887790.0	6727480.0	4787250.0	3667680.0	2722580.0	1876150.0	937430.0	373371.0	
50155700.0	19012700.0	9772350.0	6672230.0	4754540.0	3649440.0	2712520.0	1872090.0	936224.0	372709.0	
49498600.0	18797100.0	9679560.0	6617490.0	4724380.0	3634870.0	2705110.0	1868140.0	934564.0	372063.0	
48574500.0	18675300.0	9618810.0	6570710.0	4696510.0	3620860.0	2698810.0	1864550.0	932725.0	371341.0	
47997800.0	18521600.0	9559270.0	6532780.0	4676220.0	3607840.0	2691370.0	1861200.0	931282.0	370717.0	
47333000.0	18261200.0	9457700.0	6486780.0	4645120.0	3592630.0	2683140.0	1857680.0	929688.0	370173.0	
46689000.0	18110800.0	9396980.0	6452580.0	4622330.0	3577940.0	2673540.0	1852680.0	927884.0	369527.0	
45793800.0	17738200.0	9235500.0	6385900.0	4592050.0	3565370.0	2662860.0	1846520.0	925790.0	368632.0	
45066300.0	17595800.0	9136400.0	6325550.0	4561490.0	3550250.0	2655070.0	1842150.0	924022.0	367950.0	
43837600.0	17350000.0	9048750.0	6257030.0	4532500.0	3533700.0	2645530.0	1837410.0	922517.0	367268.0	
43197000.0	17135100.0	8954400.0	6218120.0	4511320.0	3522140.0	2638190.0	1834050.0	920934.0	366747.0	
42543100.0	16990200.0	8877880.0	6166710.0	4485730.0	3511160.0	2631680.0	1830230.0	919104.0	366073.0	
42128100.0	16874300.0	8794790.0	6119250.0	4468800.0	3503080.0	2625590.0	1826670.0	917446.0	365513.0	
41632100.0	16783000.0	8722480.0	6089290.0	4448920.0	3492260.0	2620100.0	1822270.0	915795.0	364788.0	
41298600.0	16626700.0	8654060.0	6066220.0	4429650.0	3483660.0	2614180.0	1819300.0	914438.0	364305.0	
40740200.0	16475800.0	8596300.0	6014180.0	4400020.0	3470690.0	2605870.0	1815330.0	912953.0	363642.0	
40156400.0	16227900.0	8541790.0	5978020.0	4380890.0	3457640.0	2598730.0	1812020.0	911610.0	363021.0	
39667300.0	16004200.0	8463210.0	5936980.0	4357970.0	3446850.0	2591740.0	1807450.0	909936.0	362337.0	
38739800.0	15667400.0	8356360.0	5877730.0	4323180.0	3428390.0	2580880.0	1801420.0	907744.0	361654.0	
38056700.0	15468600.0	8304930.0	5844290.0	4305180.0	3417800.0	2572500.0	1796190.0	905807.0	360818.0	
37635700.0	15295500.0	8226700.0	5792150.0	4276450.0	3399750.0	2563510.0	1793480.0	904471.0	360387.0	
36937200.0	15062300.0	8119220.0	5733730.0	4244750.0	3378440.0	2553790.0	1789050.0	902787.0	359793.0	
36477500.0	14896600.0	8033860.0	5662050.0	4214350.0	3359040.0	2543970.0	1785460.0	900950.0	359087.0	
35940600.0	14806200.0	7979210.0	5632640.0	4194660.0	3348820.0	2538720.0	1781580.0	899510.0	358521.0	
35624400.0	14623200.0	7901090.0	5583230.0	4164770.0	3324640.0	2524880.0	1776280.0	897927.0	357810.0	
35232400.0	14559800.0	7864440.0	5562840.0	4150310.0	3315000.0	2518580.0	1772690.0	896512.0	357260.0	
34672400.0	14402200.0	7814910.0	5532800.0	4138790.0	3305890.0	2513540.0	1768890.0	894927.0	356699.0	
33994900.0	14227800.0	7727850.0	5498040.0	4116760.0	3293600.0	2504070.0	1763100.0	893102.0	356073.0	
33808900.0	14139300.0	7652720.0	5462330.0	4097870.0	3284140.0	2496700.0	1759970.0	891858.0	355629.0	
33154100.0	14004500.0	7600470.0	5431960.0	4080530.0	3275200.0	2490790.0	1756450.0	890398.0	354999.0	
32674200.0	13882400.0	7532630.0	5401050.0	4057930.0	3262300.0	2482090.0	1751080.0	888643.0	354388.0	
32440200.0	13768400.0	7524780.0	5381590.0	4043930.0	3254900.0	2478190.0	1747910.0	887268.0	353851.0	
32064000.0	13465900.0	7484890.0	5337760.0	4019910.0	3242910.0	2473140.0	1744260.0	885697.0	353195.0	
31927700.0	13352000.0	7457320.0	5309660.0	4003970.0	3232400.0	2466280.0	1740370.0	883997.0	352497.0	
31152900.0	13078000.0	7408170.0	5267310.0	3982610.0	3215590.0	2457790.0	1734700.0	881712.0	351531.0	
30759900.0	12958000.0	7352700.0	5224880.0	3967890.0	3204870.0	2451640.0	1731530.0	880147.0	350736.0	
30347200.0	12791100.0	7312680.0	5191310.0	3957020.0	3196030.0	2446980.0	1728790.0	878952.0	350130.0	
29805200.0	12659800.0	7258190.0	5161540.0	3940270.0	3184960.0	2441010.0	1725570.0	877516.0	349551.0	
29288200.0	12555300.0	7199890.0	5120020.0	3915770.0	3169030.0	2432220.0	1721050.0	876040.0	348903.0	
28908800.0	12445900.0	7144000.0	5083150.0	3898820.0	3152240.0	2422360.0	1716250.0	874156.0	348170.0	
28478500.0	12305700.0	7070220.0	5043900.0	3869160.0	3137500.0	2416350.0	1712730.0	871942.0	347331.0	
28114700.0	12186100.0	7012160.0	5011670.0	3849990.0	3123700.0	2410760.0	1709510.0	870295.0	346712.0	
27456600.0	12041900.0	6904230.0	4953460.0	3820580.0	3104020.0	2401010.0	1703740.0	868292.0	345806.0	
27155100.0	11907100.0	6870070.0	4926210.0	3801500.0	3090310.0	2393820.0	1699110.0	866347.0	344995.0	
26846500.0	11765500.0	6856620.0	4912810.0	3792190.0	3082690.0	2387890.0	1695760.0	864736.0	344350.0	
26564600.0	11684200.0	6837710.0	4886750.0	3780200.0	3073890.0	2381350.0	1692150.0	863153.0	343622.0	
26392200.0	11469900.0	6774710.0	4847230.0	3760470.0	3060420.0	2373690.0	1687510.0	861184.0	342603.0	
25861100.0	11395900.0	6713580.0	4812990.0	3732550.0	3041750.0	2365530.0	1685400.0	859427.0	341959.0	
25531900.0	11327500.0	6699140.0	4789800.0	3724630.0	3034950.0	2362760.0	1682700.0	858327.0	341537.0	
24989900.0	11150300.0	6641930.0	4744680.0	3705620.0	3020750.0	2352740.0	1677810.0	856389.0	340838.0	
24934700.0	11090100.0	6630080.0	4732330.0	3699320.0	3016380.0	2348570.0	1675420.0	855543.0	340530.0	
24765300.0	10949300.0	6562470.0	4692320.0	3674250.0	2999510.0	2338720.0	1670520.0	853927.0	339939.0	
24716700.0	10912800.0	6542110.0	4673960.0	3665200.0	2993140.0	2333330.0	1667420.0	852575.0	339411.0	
24295500.0	10815200.0	6482900.0	4653930.0	3649370.0	2987260.0	2330300.0	1664640.0	851256.0	338877.0	
24054200.0	10754300.0	6435380.0	4646190.0	3639510.0	2983480.0	2327180.0	1662360.0	850226.0	338403.0	
23941600.0	10599200.0	6381870.0	4616880.0	3621670.0	2970680.0	2319260.0	1658060.0	848588.0	337738.0	
23776200.0	10486100.0	6329030.0	4582160.0	3599180.0	2958290.0	2316300.0	1655700.0	847064.0	336957.0	
23335100.0	10361200.0	6285900.0	4540650.0	3579460.0	2941650.0	2305410.0	1650380.0	844988.0	336056.0	
23344300.0	10325800.0	6261420.0	4522750.0	3572500.0	2935200.0	2300400.0	1647660.0	843777.0	335489.0	
23147500.0	10285000.0	6226760.0	4498810.0	3558220.0	2930170.0	2296950.0	1645790.0	842698.0	335091.0	
23070400.0	10275300.0	6184720.0	4493430.0	3547580.0	2922600.0	2291780.0	1643550.0	841562.0	334633.0	
23045400.0	10179600.0	6140160.0	4477690.0	3538110.0	2912780.0	2286340.0	1640940.0	839982.0	333884.0	
22856800.0	10039700.0	6090960.0	4449830.0	3524070.0	2902250.0	2278070.0	1636690.0	838281.0	333084.0	
22547000.0	9953380.0	6028610.0	4422680.0	3506420.0	2891300.0	2272780.0	1634280.0	836938.0	332564.0	
22407500.0	9947770.0	5991930.0	4402320.0	3497370.0	2886130.0	2267820.0	1631520.0	835305.0	331865.0	
22349000.0	9913530.0	5972780.0	4393350.0	3489960.0	2879760.0	2264510.0	1629050.0	834050.0	331218.0	
22463100.0	9854430.0	5946320.0	4387430.0	3482850.0	2876020.0	2261460.0	1626900.0	832904.0	330644.0	
22494300.0	9724460.0	5901200.0	4351000.0	3457160.0	2859960.0	2255630.0	1624120.0	831470.0	330055.0	
22488500.0	9673340.0	5888370.0	4332560.0	3445160.0	2851500.0	2252080.0	1621380.0	830183.0	329593.0	
22162800.0	9580890.0	5851210.0	4316840.0	3438300.0	2846550.0	2247440.0	1618070.0	828430.0	328941.0	
21956800.0	9475070.0	5813530.0	4303080.0	3429820.0	2841560.0	2243760.0	1615940.0	827353.0	328528.0	
21798000.0	9437070.0	5773820.0	4282180.0	3424210.0	2835020.0	2239540.0	1613740.0	826098.0	328052.0	
21601800.0	9394870.0	5754030.0	4260270.0	3410190.0	2825940.0	2232690.0	1610480.0	824200.0	327145.0	
21432100.0	9279250.0	5715050.0	4235950.0	3389350.0	2806140.0	2221640.0	1604200.0	821777.0	326126.0	
21173100.0	9229800.0	5690320.0	4221160.0	3374510.0	2799260.0	2218260.0	1601590.0	820227.0	325436.0	
20957600.0	9199870.0	5682810.0	4205160.0	3369480.0	2793690.0	2214820.0	1599130.0	819097.0	324929.0	
20965400.0	9165770.0	5666630.0	4199800.0	3362510.0	2788320.0	2211460.0	1597060.0	817695.0	324247.0	
20912100.0	9103760.0	5640260.0	4182870.0	3354630.0	2782070.0	2206130.0	1593880.0	816608.0	323826.0	
20931200.0	9072150.0	5607120.0	4163330.0	3345780.0	2774410.0	2200680.0	1589920.0	814908.0	323133.0	
20866400.0	8978960.0	5589350.0	4150300.0	3339770.0	2771420.0	2197540.0	1587510.0	813516.0	322486.0	
20627600.0	8915090.0	5556950.0	4126490.0	3321180.0	2762820.0	2192690.0	1584630.0	811980.0	321673.0	
20458000.0	8856020.0	5541230.0	4107950.0	3303860.0	2748530.0	2182660.0	1579060.0	810471.0	321171.0	
20258800.0	8706200.0	5481360.0	4066670.0	3274860.0	2731760.0	2171790.0	1574700.0	809006.0	320310.0	
20023500.0	8633460.0	5462060.0	4042110.0	3269770.0	2725520.0	2166420.0	1572040.0	807670.0	319659.0	
19888200.0	8540740.0	5424670.0	4019830.0	3249620.0	2716400.0	2164070.0	1570070.0	806707.0	319200.0	
19776400.0	8487680.0	5407850.0	4005200.0	3237880.0	2708270.0	2160130.0	1567970.0	805702.0	318958.0	
19654600.0	8365610.0	5394530.0	3991680.0	3231040.0	2703490.0	2157090.0	1565860.0	804332.0	318350.0	
19232600.0	8248180.0	5344550.0	3976480.0	3223950.0	2697100.0	2152380.0	1562730.0	802424.0	317473.0	
19092800.0	8245650.0	5315070.0	3961960.0	3210250.0	2690290.0	2147270.0	1560150.0	801302.0	317024.0	
19102300.0	8190930.0	5301040.0	3952700.0	3201540.0	2684030.0	2141830.0	1556800.0	800056.0	316643.0	
18840600.0	8113800.0	5268670.0	3942630.0	3191910.0	2677260.0	2135780.0	1553380.0	799040.0	316370.0	
18683600.0	7986460.0	5202840.0	3922690.0	3176750.0	2664800.0	2127940.0	1549560.0	797208.0	315645.0	
18609000.0	7904830.0	5159010.0	3893090.0	3166170.0	2659990.0	2124340.0	1547190.0	795991.0	315155.0	
18559400.0	7916880.0	5155590.0	3887320.0	3162610.0	2658540.0	2122360.0	1545720.0	795119.0	314739.0	
18283400.0	7836930.0	5116980.0	3854120.0	3146200.0	2648610.0	2117470.0	1542270.0	793263.0	313975.0	
18434300.0	7721510.0	5078630.0	3825710.0	3129950.0	2643020.0	2114530.0	1539650.0	791890.0	313391.0	
18137900.0	7596040.0	5060330.0	3811360.0	3123000.0	2635260.0	2109390.0	1535720.0	790144.0	312781.0	
17660000.0	7486440.0	5058300.0	3797600.0	3111070.0	2626890.0	2103730.0	1531660.0	788107.0	311733.0	
17470400.0	7437340.0	5013320.0	3784690.0	3104140.0	2624220.0	2101920.0	1529570.0	787138.0	311357.0	
17290200.0	7422840.0	4971380.0	3786190.0	3101320.0	2620800.0	2099620.0	1527540.0	786097.0	310968.0	
17232800.0	7399300.0	4954620.0	3777550.0	3096780.0	2616300.0	2094990.0	1524470.0	784816.0	310542.0	
17163500.0	7343960.0	4936860.0	3761090.0	3080120.0	2605310.0	2088790.0	1520790.0	783276.0	310006.0	
17063400.0	7300550.0	4931810.0	3753420.0	3076890.0	2602760.0	2086510.0	1519180.0	782203.0	309416.0	
16853200.0	7131220.0	4881850.0	3717890.0	3066580.0	2600210.0	2082560.0	1515750.0	780499.0	308787.0	
16686900.0	7036500.0	4871820.0	3692390.0	3056750.0	2591850.0	2075960.0	1512070.0	779199.0	308269.0	
16538100.0	6941260.0	4862790.0	3687930.0	3048730.0	2584390.0	2069620.0	1508240.0	777613.0	307461.0	
16211700.0	6828440.0	4841270.0	3674800.0	3042310.0	2580450.0	2066720.0	1505790.0	776418.0	307011.0	
16200600.0	6805930.0	4789460.0	3655840.0	3026550.0	2567640.0	2059210.0	1502100.0	774533.0	306283.0	
16099000.0	6702170.0	4767030.0	3630680.0	3010870.0	2557850.0	2054550.0	1497970.0	772662.0	305391.0	
15998300.0	6655180.0	4736730.0	3606030.0	2997840.0	2550340.0	2052770.0	1495180.0	771231.0	304679.0	
15811800.0	6704830.0	4712450.0	3592130.0	2987080.0	2544680.0	2050140.0	1492900.0	770132.0	304147.0	
15674000.0	6639000.0	4667210.0	3579000.0	2973300.0	2535480.0	2045060.0	1489500.0	768731.0	303714.0	
15607700.0	6616470.0	4657530.0	3577350.0	2969820.0	2532930.0	2043610.0	1488070.0	767950.0	303404.0	
15614600.0	6574160.0	4639700.0	3563860.0	2960980.0	2528680.0	2039350.0	1484910.0	766325.0	302691.0	
15453500.0	6540060.0	4609600.0	3555150.0	2949790.0	2523890.0	2035180.0	1482010.0	765014.0	302270.0	
15465200.0	6544520.0	4595590.0	3550880.0	2944810.0	2521510.0	2033400.0	1480280.0	764014.0	301859.0	
15393200.0	6508890.0	4577340.0	3542380.0	2941820.0	2520070.0	2030850.0	1478610.0	763114.0	301490.0	
15418300.0	6484790.0	4575730.0	3532200.0	2933240.0	2513790.0	2027000.0	1477650.0	762196.0	301196.0	
15310100.0	6476400.0	4584610.0	3528490.0	2931690.0	2513060.0	2025890.0	1476800.0	761772.0	301061.0	
15234000.0	6475710.0	4543840.0	3512740.0	2915750.0	2504050.0	2019680.0	1473830.0	759852.0	300456.0	
15162200.0	6428170.0	4532860.0	3514610.0	2913650.0	2502150.0	2018140.0	1472580.0	759082.0	300074.0	
15217300.0	6415530.0	4516240.0	3506370.0	2906950.0	2497310.0	2015930.0	1470590.0	758115.0	299697.0	
15130200.0	6314030.0	4438440.0	3473170.0	2888080.0	2485810.0	2013010.0	1468110.0	756984.0	299310.0	
15066500.0	6274340.0	4394620.0	3464940.0	2877960.0	2478710.0	2010870.0	1466020.0	755622.0	298668.0	
14979500.0	6231720.0	4341210.0	3447450.0	2870280.0	2471390.0	2006460.0	1464110.0	754743.0	298387.0	
14950400.0	6219900.0	4334400.0	3441560.0	2871560.0	2469960.0	2005770.0	1463520.0	754468.0	298311.0	
14845800.0	6120400.0	4306000.0	3409150.0	2844620.0	2449670.0	1994370.0	1457560.0	753942.0	297755.0	
14783800.0	6078290.0	4284370.0	3390840.0	2839340.0	2447330.0	1991560.0	1455890.0	753080.0	297523.0	
14718300.0	6057140.0	4267790.0	3373920.0	2827560.0	2443310.0	1988940.0	1454210.0	752303.0	297225.0	
14587400.0	5967860.0	4232130.0	3358060.0	2811000.0	2430180.0	1980410.0	1450560.0	751389.0	296801.0	
14045600.0	5866350.0	4171340.0	3320390.0	2796470.0	2417720.0	1970790.0	1445460.0	749413.0	295751.0	
13999900.0	5844680.0	4153570.0	3305060.0	2791540.0	2415370.0	1969140.0	1443860.0	748801.0	295619.0	
13914100.0	5817420.0	4145610.0	3300000.0	2792150.0	2414380.0	1968230.0	1443210.0	748503.0	295541.0	
13939400.0	5790160.0	4117560.0	3296840.0	2790460.0	2412540.0	1966420.0	1441780.0	747707.0	295196.0	
13785700.0	5762570.0	4110780.0	3285330.0	2778980.0	2405730.0	1959620.0	1436740.0	744942.0	293916.0	
13358200.0	5740950.0	4081060.0	3256900.0	2772340.0	2397330.0	1953110.0	1432250.0	742589.0	292883.0	
13173100.0	5711160.0	4068480.0	3242900.0	2762060.0	2388630.0	1948300.0	1431280.0	741913.0	292652.0	
13017100.0	5649230.0	4035900.0	3225130.0	2754830.0	2382110.0	1943170.0	1428530.0	740679.0	292187.0	
12850200.0	5658630.0	4024760.0	3216950.0	2751050.0	2379640.0	1941520.0	1426970.0	739735.0	291742.0	
12684300.0	5595140.0	3994460.0	3189880.0	2733920.0	2365580.0	1934150.0	1421620.0	737481.0	290905.0	
12702600.0	5577700.0	3973480.0	3184180.0	2724970.0	2356370.0	1926650.0	1417010.0	735499.0	290148.0	
12673600.0	5575300.0	3965200.0	3180260.0	2723860.0	2354750.0	1925110.0	1415820.0	734805.0	289850.0	
12665000.0	5565630.0	3949350.0	3169370.0	2721890.0	2353150.0	1924620.0	1414960.0	734435.0	289691.0	
12545600.0	5498790.0	3926790.0	3153040.0	2710790.0	2348920.0	1921200.0	1411930.0	732765.0	288996.0	
12487300.0	5464460.0	3907390.0	3143060.0	2706720.0	2344700.0	1918580.0	1410070.0	731627.0	288576.0	
12467100.0	5486950.0	3902090.0	3139010.0	2703420.0	2343540.0	1917070.0	1408900.0	731103.0	288433.0	
12218800.0	5416010.0	3895410.0	3115030.0	2689990.0	2333930.0	1910880.0	1404790.0	729512.0	287744.0	
12188200.0	5388780.0	3887390.0	3120460.0	2687290.0	2332300.0	1909310.0	1403480.0	728733.0	287367.0	
12121200.0	5344360.0	3865070.0	3106150.0	2678920.0	2329260.0	1908280.0	1402280.0	728052.0	287095.0	
11963900.0	5306850.0	3839050.0	3087430.0	2670660.0	2326430.0	1905630.0	1400950.0	727372.0	286762.0	
11825400.0	5250080.0	3839910.0	3084880.0	2666370.0	2322120.0	1902790.0	1398910.0	726123.0	286167.0	
11762900.0	5189780.0	3785350.0	3054420.0	2646940.0	2315730.0	1899920.0	1396470.0	725251.0	285789.0	
11813800.0	5136800.0	3785120.0	3039630.0	2638940.0	2308960.0	1896500.0	1394480.0	723639.0	284928.0	
11819900.0	5133630.0	3788470.0	3034860.0	2635320.0	2305730.0	1893060.0	1391750.0	722137.0	284328.0	
11738800.0	5125300.0	3792240.0	3032500.0	2633840.0	2304030.0	1891350.0	1390470.0	721460.0	283987.0	
11610600.0	5139280.0	3767660.0	3027570.0	2628510.0	2301200.0	1888600.0	1388040.0	719996.0	283295.0	
11510600.0	5085400.0	3767760.0	3015360.0	2621690.0	2297440.0	1884850.0	1386010.0	718698.0	282785.0	
11502500.0	5074670.0	3763600.0	3015470.0	2619650.0	2295710.0	1883060.0	1384700.0	718106.0	282633.0	
11524600.0	5073020.0	3758490.0	3008190.0	2616820.0	2293440.0	1880640.0	1382800.0	717080.0	282206.0	
11402800.0	5053730.0	3692210.0	2974640.0	2597270.0	2281320.0	1873140.0	1379540.0	715464.0	281398.0	
11452400.0	5004820.0	3682850.0	2964540.0	2589480.0	2275170.0	1870740.0	1377080.0	714020.0	280739.0	
11393900.0	5000650.0	3666530.0	2962340.0	2584080.0	2274110.0	1868930.0	1375650.0	713264.0	280432.0	
11393900.0	5000650.0	3666530.0	2962340.0	2584080.0	2274110.0	1868930.0	1375650.0	713264.0	280432.0	
11153800.0	4896670.0	3635070.0	2958050.0	2571830.0	2267910.0	1864230.0	1371080.0	711009.0	279608.0	
11194700.0	4847610.0	3622250.0	2953320.0	2569480.0	2265290.0	1861790.0	1369210.0	710172.0	279345.0	
11162700.0	4825640.0	3630450.0	2951470.0	2569360.0	2264670.0	1861110.0	1368670.0	709859.0	279212.0	
10953600.0	4782010.0	3598390.0	2929480.0	2552130.0	2257250.0	1855340.0	1364980.0	707905.0	278425.0	
10949700.0	4773500.0	3593330.0	2931030.0	2549130.0	2255390.0	1853390.0	1363370.0	706989.0	278016.0	
10945900.0	4720470.0	3570460.0	2906610.0	2541540.0	2246700.0	1846530.0	1359420.0	705437.0	277189.0	
10767200.0	4675580.0	3548640.0	2877960.0	2516510.0	2232730.0	1842010.0	1355220.0	703657.0	276547.0	
10614500.0	4668410.0	3553940.0	2876990.0	2512770.0	2230570.0	1839960.0	1353560.0	702673.0	276106.0	
10521000.0	4617200.0	3570870.0	2871780.0	2508910.0	2226870.0	1837330.0	1351340.0	701333.0	275441.0	
10312700.0	4540760.0	3545850.0	2860370.0	2496720.0	2216260.0	1830640.0	1347820.0	700176.0	274870.0	
10246600.0	4563960.0	3542870.0	2860000.0	2496090.0	2215510.0	1829970.0	1347330.0	699981.0	274832.0	
9922190.0	4511010.0	3512160.0	2832460.0	2490350.0	2214820.0	1826190.0	1344420.0	698508.0	274248.0	
9875060.0	4495040.0	3521800.0	2832280.0	2488410.0	2213270.0	1824790.0	1343310.0	697930.0	273998.0	
9862230.0	4505390.0	3515640.0	2834000.0	2487930.0	2212430.0	1824090.0	1342790.0	697698.0	273934.0	
9814720.0	4498020.0	3503080.0	2831430.0	2481980.0	2209970.0	1822080.0	1341120.0	696751.0	273558.0	
9750180.0	4467690.0	3503600.0	2830300.0	2477950.0	2207110.0	1819200.0	1338900.0	695626.0	273106.0	
9726590.0	4416210.0	3471000.0	2798710.0	2447500.0	2182490.0	1804030.0	1332990.0	694170.0	271358.0	
9495530.0	4368640.0	3461580.0	2790450.0	2436890.0	2171540.0	1796360.0	1327980.0	692218.0	270605.0	
9367160.0	4308650.0	3459000.0	2786450.0	2433530.0	2167540.0	1792710.0	1325190.0	690920.0	270208.0	
9408120.0	4306480.0	3460520.0	2785120.0	2431450.0	2165930.0	1791180.0	1323920.0	690104.0	269755.0	
9392120.0	4305100.0	3452420.0	2776330.0	2429480.0	2162680.0	1788270.0	1321400.0	688648.0	269104.0	
9316980.0	4275320.0	3425260.0	2772610.0	2421560.0	2158640.0	1782580.0	1317820.0	687203.0	268726.0	
9108200.0	4223920.0	3430460.0	2761110.0	2420440.0	2155450.0	1779650.0	1315990.0	686382.0	268224.0	
8786920.0	4112530.0	3379610.0	2743840.0	2407760.0	2140850.0	1772100.0	1312770.0	685177.0	267847.0	
8723410.0	4070750.0	3340640.0	2718350.0	2385680.0	2126130.0	1769700.0	1312700.0	684101.0	267335.0	
8475320.0	3974870.0	3281820.0	2671210.0	2357710.0	2105240.0	1754550.0	1305850.0	682529.0	267343.0	
8341590.0	3928930.0	3257130.0	2673430.0	2356530.0	2102150.0	1752160.0	1304000.0	681643.0	267062.0	
8302650.0	3922330.0	3239530.0	2670740.0	2353970.0	2098550.0	1748710.0	1301200.0	679773.0	265997.0	
8357830.0	3929580.0	3228540.0	2668930.0	2351780.0	2095740.0	1746280.0	1299250.0	678741.0	265544.0	
8180580.0	3856250.0	3188630.0	2659330.0	2344020.0	2086960.0	1740890.0	1296810.0	677335.0	264901.0	
8070850.0	3785350.0	3186280.0	2663350.0	2340850.0	2084990.0	1739350.0	1295640.0	676902.0	264811.0	
8006050.0	3785770.0	3160470.0	2655300.0	2331700.0	2077720.0	1732990.0	1292250.0	676042.0	264578.0	
7918480.0	3773290.0	3155780.0	2652280.0	2328270.0	2075400.0	1731650.0	1290780.0	675183.0	264174.0	
7887930.0	3781080.0	3148850.0	2645580.0	2325910.0	2072180.0	1729350.0	1288910.0	674405.0	263974.0	
7891340.0	3762760.0	3147440.0	2645480.0	2325060.0	2071380.0	1728480.0	1288240.0	674051.0	263853.0	
7891340.0	3762760.0	3147440.0	2645480.0	2325060.0	2071380.0	1728480.0	1288240.0	674051.0	263853.0	
7961660.0	3739330.0	3140240.0	2634030.0	2316930.0	2063710.0	1723420.0	1284720.0	671850.0	262844.0	
7890500.0	3670020.0	3085370.0	2602390.0	2297860.0	2050310.0	1714720.0	1281340.0	670123.0	262080.0	
7825020.0	3656530.0	3077090.0	2604120.0	2295030.0	2048880.0	1712860.0	1280100.0	669655.0	261986.0	
7825020.0	3656530.0	3077090.0	2604120.0	2295030.0	2048880.0	1712860.0	1280100.0	669655.0	261986.0	
7721590.0	3626860.0	3062020.0	2596940.0	2285320.0	2041820.0	1708870.0	1277970.0	667982.0	260847.0	
7704790.0	3615470.0	3064240.0	2595110.0	2283640.0	2039860.0	1707000.0	1276450.0	667120.0	260427.0	
7664630.0	3599810.0	3061070.0	2586340.0	2277640.0	2034320.0	1701760.0	1272660.0	665395.0	259870.0	
7598290.0	3580200.0	3056320.0	2581440.0	2273110.0	2032740.0	1699960.0	1271240.0	664662.0	259611.0	
7561280.0	3558970.0	3042250.0	2570300.0	2268800.0	2027050.0	1696230.0	1269410.0	663471.0	259138.0	
7526360.0	3518280.0	3008090.0	2546230.0	2254780.0	2028660.0	1693680.0	1267900.0	662778.0	258904.0	
7517010.0	3504350.0	2985820.0	2522720.0	2234270.0	2015080.0	1691490.0	1267590.0	661597.0	258204.0	
7522790.0	3525410.0	2969280.0	2523330.0	2230740.0	2010990.0	1687550.0	1264420.0	659838.0	257426.0	
7456360.0	3492280.0	2941980.0	2514420.0	2227520.0	2008820.0	1684550.0	1261980.0	658524.0	256820.0	
7136070.0	3458900.0	2920250.0	2505940.0	2215590.0	1999350.0	1681110.0	1260110.0	657264.0	256281.0	
7127200.0	3467130.0	2917830.0	2505790.0	2214290.0	1998360.0	1680140.0	1259290.0	656827.0	256110.0	
7022890.0	3445560.0	2908980.0	2496700.0	2214400.0	1997630.0	1679040.0	1258590.0	656523.0	256040.0	
7042330.0	3417310.0	2893380.0	2482630.0	2205690.0	1991150.0	1675450.0	1255440.0	654522.0	255076.0	
7023740.0	3401740.0	2888330.0	2476160.0	2204180.0	1988990.0	1673520.0	1253870.0	653820.0	254866.0	
6791340.0	3341730.0	2847600.0	2458090.0	2192970.0	1979700.0	1664630.0	1248420.0	651301.0	253910.0	
6667050.0	3317350.0	2803530.0	2419270.0	2157690.0	1954940.0	1655400.0	1244670.0	649093.0	253097.0	
6661720.0	3306180.0	2784100.0	2410490.0	2148150.0	1948330.0	1651120.0	1243720.0	648281.0	252901.0	
6565320.0	3328990.0	2768020.0	2407540.0	2144240.0	1945440.0	1649360.0	1241760.0	647129.0	252299.0	
6565320.0	3328990.0	2768020.0	2407540.0	2144240.0	1945440.0	1649360.0	1241760.0	647129.0	252299.0	
6480470.0	3310550.0	2764630.0	2405060.0	2141820.0	1943560.0	1648620.0	1240740.0	646564.0	252037.0	
6480470.0	3310550.0	2764630.0	2405060.0	2141820.0	1943560.0	1648620.0	1240740.0	646564.0	252037.0	
6501280.0	3302890.0	2760080.0	2405330.0	2140370.0	1942480.0	1647540.0	1239930.0	646199.0	251935.0	
6483840.0	3304830.0	2755770.0	2402600.0	2138160.0	1940100.0	1645300.0	1237960.0	644860.0	251154.0	
6535760.0	3293530.0	2746690.0	2392120.0	2132550.0	1938660.0	1642880.0	1236070.0	643741.0	250596.0	
6533390.0	3285410.0	2741230.0	2391550.0	2131930.0	1937450.0	1641690.0	1235110.0	643130.0	250267.0	
6335330.0	3243620.0	2714690.0	2377770.0	2128770.0	1933060.0	1639930.0	1233130.0	642066.0	249816.0	
6335330.0	3243620.0	2714690.0	2377770.0	2128770.0	1933060.0	1639930.0	1233130.0	642066.0	249816.0	
6229320.0	3289300.0	2708750.0	2373000.0	2124540.0	1929510.0	1636610.0	1230590.0	640989.0	249542.0	
6229320.0	3289300.0	2708750.0	2373000.0	2124540.0	1929510.0	1636610.0	1230590.0	640989.0	249542.0	
6244920.0	3234900.0	2689440.0	2357960.0	2116700.0	1925270.0	1632000.0	1226790.0	638899.0	248676.0	
6153930.0	3159750.0	2678160.0	2349280.0	2107400.0	1921460.0	1627260.0	1222860.0	636772.0	247727.0	
6152250.0	3189220.0	2667370.0	2341810.0	2102420.0	1917330.0	1625230.0	1220760.0	635505.0	247113.0	
6073830.0	3234740.0	2660460.0	2338450.0	2096770.0	1912280.0	1620340.0	1216780.0	633205.0	246075.0	
5756280.0	3136760.0	2616560.0	2320030.0	2094610.0	1908300.0	1615350.0	1212880.0	631022.0	245293.0	
5723850.0	3134640.0	2624290.0	2313230.0	2088400.0	1903480.0	1610410.0	1208920.0	628826.0	244339.0	
5721370.0	3142360.0	2624990.0	2310380.0	2087430.0	1902200.0	1609130.0	1207840.0	628109.0	243969.0	
5721370.0	3142360.0	2624990.0	2310380.0	2087430.0	1902200.0	1609130.0	1207840.0	628109.0	243969.0	
5623160.0	3100500.0	2626110.0	2311530.0	2083380.0	1898080.0	1605330.0	1204750.0	626352.0	243221.0	
5674670.0	3070570.0	2621460.0	2309460.0	2078510.0	1892880.0	1600280.0	1200700.0	624149.0	242254.0	
5497600.0	3033380.0	2587490.0	2303260.0	2069390.0	1886430.0	1593830.0	1195480.0	621168.0	240929.0	
5395890.0	3002250.0	2578550.0	2289230.0	2064080.0	1883570.0	1591490.0	1193250.0	620016.0	240422.0	
5405860.0	2980420.0	2556190.0	2277290.0	2060680.0	1879690.0	1589120.0	1191030.0	618726.0	239823.0	
5500350.0	2972810.0	2549650.0	2276820.0	2059350.0	1878230.0	1587780.0	1189880.0	617948.0	239361.0	
5515890.0	2987080.0	2548930.0	2271150.0	2055770.0	1875990.0	1585040.0	1187790.0	616789.0	238866.0	
5502070.0	2958610.0	2550360.0	2265700.0	2054940.0	1874520.0	1583810.0	1186750.0	616203.0	238613.0	
5538350.0	2930880.0	2533610.0	2259400.0	2047490.0	1870770.0	1579830.0	1183640.0	614527.0	237948.0	
5596320.0	2921880.0	2536260.0	2256540.0	2046080.0	1869300.0	1578530.0	1182610.0	614053.0	237817.0	
5477560.0	2894160.0	2478700.0	2204520.0	2007570.0	1852650.0	1573980.0	1176510.0	612421.0	236776.0	
5485640.0	2899710.0	2475580.0	2204070.0	2006020.0	1851240.0	1572620.0	1175480.0	611952.0	236631.0	
5479100.0	2886930.0	2461330.0	2195300.0	2002690.0	1849180.0	1569960.0	1173260.0	610813.0	236097.0	
5479100.0	2886930.0	2461330.0	2195300.0	2002690.0	1849180.0	1569960.0	1173260.0	610813.0	236097.0	
5289760.0	2827380.0	2459940.0	2190010.0	1998890.0	1844800.0	1565850.0	1170080.0	609377.0	235646.0	
5091700.0	2788610.0	2421700.0	2176450.0	1994180.0	1837250.0	1560940.0	1165760.0	607261.0	234871.0	
5091700.0	2788610.0	2421700.0	2176450.0	1994180.0	1837250.0	1560940.0	1165760.0	607261.0	234871.0	
5120420.0	2768910.0	2424900.0	2175320.0	1992760.0	1835610.0	1559620.0	1164810.0	606965.0	234841.0	
5114390.0	2769440.0	2429620.0	2172950.0	1991000.0	1834150.0	1558250.0	1163760.0	606551.0	234760.0	
5121240.0	2741060.0	2406320.0	2160930.0	1986450.0	1833130.0	1555250.0	1161480.0	605455.0	234359.0	
5055500.0	2724330.0	2394910.0	2155030.0	1982830.0	1829490.0	1553890.0	1160320.0	604551.0	233791.0	
5029050.0	2707220.0	2394300.0	2153230.0	1981680.0	1827870.0	1552420.0	1159230.0	604057.0	233648.0	
4810640.0	2669960.0	2385630.0	2142390.0	1977340.0	1821760.0	1546360.0	1154550.0	601539.0	232522.0	
4834770.0	2660050.0	2386410.0	2141200.0	1975670.0	1820140.0	1544810.0	1153220.0	600629.0	232012.0	
4834770.0	2660050.0	2386410.0	2141200.0	1975670.0	1820140.0	1544810.0	1153220.0	600629.0	232012.0	
4848760.0	2651210.0	2387180.0	2140780.0	1973420.0	1818590.0	1543230.0	1151840.0	599648.0	231484.0	
4724860.0	2642000.0	2371290.0	2122910.0	1958310.0	1808700.0	1538350.0	1149030.0	597893.0	230917.0	
4762510.0	2642280.0	2366950.0	2122780.0	1956240.0	1807130.0	1536790.0	1147780.0	597206.0	230616.0	
4806350.0	2642960.0	2362490.0	2121370.0	1954610.0	1805480.0	1535180.0	1146350.0	596178.0	230004.0	
4713070.0	2652410.0	2354400.0	2121970.0	1952920.0	1803800.0	1533640.0	1144900.0	595191.0	229410.0	
4612190.0	2645080.0	2355300.0	2120230.0	1950350.0	1800240.0	1530490.0	1142400.0	593857.0	228908.0	
4528890.0	2642360.0	2356270.0	2119110.0	1948090.0	1798560.0	1528960.0	1141240.0	593386.0	228804.0	
4493680.0	2616680.0	2357840.0	2107590.0	1939030.0	1795250.0	1523740.0	1137490.0	591316.0	227994.0	
4435520.0	2610810.0	2354540.0	2104360.0	1933770.0	1790640.0	1521400.0	1136620.0	590228.0	227490.0	
4397010.0	2630350.0	2347700.0	2101090.0	1930070.0	1787170.0	1518070.0	1133720.0	588217.0	226286.0	
4397010.0	2630350.0	2347700.0	2101090.0	1930070.0	1787170.0	1518070.0	1133720.0	588217.0	226286.0	
4432100.0	2621550.0	2348630.0	2097280.0	1928250.0	1785330.0	1516480.0	1132410.0	587527.0	226022.0	
4287110.0	2572860.0	2330980.0	2073970.0	1922700.0	1779620.0	1510080.0	1127000.0	584602.0	224752.0	
4280020.0	2566680.0	2334650.0	2072440.0	1921210.0	1777780.0	1508460.0	1125820.0	584170.0	224671.0	
4195940.0	2514190.0	2296200.0	2041130.0	1894030.0	1757680.0	1501790.0	1125690.0	582940.0	224526.0	
4117510.0	2493170.0	2303520.0	2038210.0	1886820.0	1752720.0	1496670.0	1121590.0	580719.0	223610.0	
4101880.0	2481910.0	2294740.0	2032920.0	1885200.0	1751220.0	1495070.0	1120340.0	580247.0	223517.0	
4101880.0	2481910.0	2294740.0	2032920.0	1885200.0	1751220.0	1495070.0	1120340.0	580247.0	223517.0	
4043760.0	2431180.0	2263060.0	2013900.0	1867530.0	1737110.0	1490100.0	1116200.0	579342.0	223041.0	
4064480.0	2428030.0	2256080.0	2009110.0	1861770.0	1732970.0	1487870.0	1115390.0	578867.0	222978.0	
4064480.0	2428030.0	2256080.0	2009110.0	1861770.0	1732970.0	1487870.0	1115390.0	578867.0	222978.0	
3990860.0	2409200.0	2263250.0	2006370.0	1860520.0	1731050.0	1486110.0	1114100.0	578317.0	222853.0	
3990860.0	2409200.0	2263250.0	2006370.0	1860520.0	1731050.0	1486110.0	1114100.0	578317.0	222853.0	
4028820.0	2404570.0	2260990.0	2004750.0	1858660.0	1729180.0	1484330.0	1112650.0	577551.0	222568.0	
3833070.0	2342080.0	2243040.0	2002320.0	1850740.0	1721550.0	1477270.0	1107200.0	575043.0	221747.0	
3810330.0	2331740.0	2240560.0	2001360.0	1848370.0	1719610.0	1475550.0	1105990.0	574668.0	221711.0	
3782690.0	2306900.0	2232850.0	1986910.0	1839140.0	1718070.0	1474330.0	1104690.0	573858.0	221458.0	
3800620.0	2291860.0	2227300.0	1982190.0	1832970.0	1712170.0	1468880.0	1100150.0	571264.0	220101.0	
3800620.0	2291860.0	2227300.0	1982190.0	1832970.0	1712170.0	1468880.0	1100150.0	571264.0	220101.0	
3800620.0	2291860.0	2227300.0	1982190.0	1832970.0	1712170.0	1468880.0	1100150.0	571264.0	220101.0	
3840540.0	2253240.0	2240280.0	1972010.0	1827150.0	1705860.0	1463400.0	1095600.0	568869.0	219176.0	
3755130.0	2252560.0	2237780.0	1961160.0	1815840.0	1696770.0	1457600.0	1093400.0	567148.0	218607.0	
3631040.0	2219320.0	2222460.0	1957060.0	1810000.0	1689660.0	1452080.0	1088660.0	564465.0	217434.0	
3621160.0	2189220.0	2216120.0	1961260.0	1806860.0	1687770.0	1450100.0	1087060.0	563547.0	217033.0	
3621160.0	2189220.0	2216120.0	1961260.0	1806860.0	1687770.0	1450100.0	1087060.0	563547.0	217033.0	
3537790.0	2171330.0	2203390.0	1941450.0	1793880.0	1681060.0	1449690.0	1085340.0	562501.0	216570.0	
3537790.0	2171330.0	2203390.0	1941450.0	1793880.0	1681060.0	1449690.0	1085340.0	562501.0	216570.0	
3537790.0	2171330.0	2203390.0	1941450.0	1793880.0	1681060.0	1449690.0	1085340.0	562501.0	216570.0	
3500630.0	2185620.0	2194810.0	1936830.0	1789750.0	1677060.0	1445660.0	1082100.0	560702.0	215846.0	
3497970.0	2205760.0	2190140.0	1934240.0	1787510.0	1674870.0	1443750.0	1080590.0	560037.0	215654.0	
3401090.0	2203870.0	2189420.0	1936660.0	1784870.0	1672910.0	1441660.0	1078960.0	559163.0	215331.0	
3326470.0	2191320.0	2192770.0	1931710.0	1780440.0	1668570.0	1437580.0	1075630.0	557288.0	214525.0	
3229260.0	2155330.0	2175330.0	1904680.0	1768260.0	1661610.0	1433390.0	1072510.0	555177.0	213378.0	
3229260.0	2155330.0	2175330.0	1904680.0	1768260.0	1661610.0	1433390.0	1072510.0	555177.0	213378.0	
3251740.0	2130270.0	2168660.0	1899710.0	1765970.0	1660050.0	1431380.0	1071070.0	554703.0	213308.0	
3267630.0	2080060.0	2157810.0	1883640.0	1756190.0	1652080.0	1423140.0	1064520.0	551359.0	212003.0	
3213230.0	2080260.0	2162820.0	1880200.0	1753790.0	1649910.0	1421010.0	1062900.0	550578.0	211796.0	
3213230.0	2080260.0	2162820.0	1880200.0	1753790.0	1649910.0	1421010.0	1062900.0	550578.0	211796.0	
3213230.0	2080260.0	2162820.0	1880200.0	1753790.0	1649910.0	1421010.0	1062900.0	550578.0	211796.0	
3213230.0	2080260.0	2162820.0	1880200.0	1753790.0	1649910.0	1421010.0	1062900.0	550578.0	211796.0	
3208860.0	2080430.0	2151210.0	1868790.0	1749980.0	1645780.0	1416910.0	1059680.0	549267.0	211443.0	
3208860.0	2080430.0	2151210.0	1868790.0	1749980.0	1645780.0	1416910.0	1059680.0	549267.0	211443.0	
3203830.0	2070420.0	2154040.0	1866590.0	1747920.0	1643350.0	1414770.0	1058100.0	548625.0	211312.0	
3202630.0	2079140.0	2150340.0	1864900.0	1745490.0	1641120.0	1412620.0	1056530.0	548000.0	211168.0	
3202630.0	2079140.0	2150340.0	1864900.0	1745490.0	1641120.0	1412620.0	1056530.0	548000.0	211168.0	
3202630.0	2079140.0	2150340.0	1864900.0	1745490.0	1641120.0	1412620.0	1056530.0	548000.0	211168.0	
3175190.0	2048690.0	2116510.0	1854520.0	1742700.0	1633890.0	1405510.0	1050710.0	544119.0	208993.0	
3162550.0	2024260.0	2113270.0	1855760.0	1739720.0	1631660.0	1403280.0	1049120.0	543521.0	208879.0	
3110740.0	2018410.0	2113780.0	1856730.0	1737080.0	1629090.0	1401050.0	1047330.0	542595.0	208536.0	
3026070.0	2002400.0	2113180.0	1853510.0	1733500.0	1624060.0	1396590.0	1043860.0	540962.0	208001.0	
3026070.0	2002400.0	2113180.0	1853510.0	1733500.0	1624060.0	1396590.0	1043860.0	540962.0	208001.0	
3050550.0	1997960.0	2110300.0	1851430.0	1731190.0	1621450.0	1394350.0	1042070.0	540098.0	207763.0	
3009990.0	2009520.0	2111970.0	1849770.0	1728020.0	1619180.0	1392030.0	1040210.0	539139.0	207472.0	
2990790.0	1994880.0	2110020.0	1846360.0	1726690.0	1616690.0	1389590.0	1038420.0	538249.0	207214.0	
2990790.0	1994880.0	2110020.0	1846360.0	1726690.0	1616690.0	1389590.0	1038420.0	538249.0	207214.0	
2990790.0	1994880.0	2110020.0	1846360.0	1726690.0	1616690.0	1389590.0	1038420.0	538249.0	207214.0	
2990790.0	1994880.0	2110020.0	1846360.0	1726690.0	1616690.0	1389590.0	1038420.0	538249.0	207214.0	
3015950.0	1981530.0	2108530.0	1843810.0	1724330.0	1614190.0	1387010.0	1036100.0	536410.0	205929.0	
3015950.0	1981530.0	2108530.0	1843810.0	1724330.0	1614190.0	1387010.0	1036100.0	536410.0	205929.0	
3015950.0	1981530.0	2108530.0	1843810.0	1724330.0	1614190.0	1387010.0	1036100.0	536410.0	205929.0	
2999150.0	1972950.0	2094270.0	1833990.0	1716000.0	1609650.0	1382210.0	1032260.0	534489.0	205283.0	
2999150.0	1972950.0	2094270.0	1833990.0	1716000.0	1609650.0	1382210.0	1032260.0	534489.0	205283.0	
2993720.0	1977030.0	2096610.0	1830900.0	1712500.0	1607200.0	1379770.0	1030310.0	533507.0	204942.0	
2993720.0	1977030.0	2096610.0	1830900.0	1712500.0	1607200.0	1379770.0	1030310.0	533507.0	204942.0	
2994910.0	1976830.0	2087290.0	1826710.0	1711580.0	1604390.0	1377390.0	1028410.0	532690.0	204711.0	
2941240.0	1985120.0	2085260.0	1824620.0	1708930.0	1601720.0	1374930.0	1026530.0	531848.0	204480.0	
2941240.0	1985120.0	2085260.0	1824620.0	1708930.0	1601720.0	1374930.0	1026530.0	531848.0	204480.0	
2941240.0	1985120.0	2085260.0	1824620.0	1708930.0	1601720.0	1374930.0	1026530.0	531848.0	204480.0	
2933320.0	1987430.0	2089130.0	1820910.0	1706090.0	1599020.0	1372330.0	1024360.0	530556.0	203909.0	
2933320.0	1987430.0	2089130.0	1820910.0	1706090.0	1599020.0	1372330.0	1024360.0	530556.0	203909.0	
2975850.0	1958750.0	2072540.0	1815140.0	1696040.0	1593070.0	1367970.0	1020540.0	528958.0	203507.0	
2956950.0	1933310.0	2060260.0	1809520.0	1691170.0	1591300.0	1365070.0	1018640.0	528145.0	203313.0	
2956950.0	1933310.0	2060260.0	1809520.0	1691170.0	1591300.0	1365070.0	1018640.0	528145.0	203313.0	
3007820.0	1922960.0	2054490.0	1809380.0	1687360.0	1588640.0	1362460.0	1016710.0	527350.0	203119.0	
3028060.0	1929280.0	2046560.0	1808060.0	1684270.0	1585710.0	1359840.0	1014590.0	526258.0	202697.0	
3025420.0	1927990.0	2039280.0	1799600.0	1682470.0	1583040.0	1357120.0	1012210.0	524671.0	201851.0	
2996670.0	1972820.0	2027750.0	1792300.0	1677450.0	1577230.0	1351730.0	1007850.0	522327.0	200952.0	
2995850.0	1972830.0	2024800.0	1788850.0	1675030.0	1574300.0	1349110.0	1005900.0	521570.0	200791.0	
2995850.0	1972830.0	2024800.0	1788850.0	1675030.0	1574300.0	1349110.0	1005900.0	521570.0	200791.0	
2995850.0	1972830.0	2024800.0	1788850.0	1675030.0	1574300.0	1349110.0	1005900.0	521570.0	200791.0	
2995850.0	1972830.0	2024800.0	1788850.0	1675030.0	1574300.0	1349110.0	1005900.0	521570.0	200791.0	
2987080.0	1998850.0	2013350.0	1786110.0	1672280.0	1571200.0	1346480.0	1003960.0	520887.0	200685.0	
2987080.0	1998850.0	2013350.0	1786110.0	1672280.0	1571200.0	1346480.0	1003960.0	520887.0	200685.0	
2992620.0	1984790.0	2006210.0	1783500.0	1669750.0	1568120.0	1343810.0	1001890.0	520027.0	200481.0	
2992620.0	1984790.0	2006210.0	1783500.0	1669750.0	1568120.0	1343810.0	1001890.0	520027.0	200481.0	
3004270.0	1974900.0	2008890.0	1778830.0	1667400.0	1565030.0	1341030.0	999797.0	519111.0	200242.0	
3004270.0	1974900.0	2008890.0	1778830.0	1667400.0	1565030.0	1341030.0	999797.0	519111.0	200242.0	
3004270.0	1974900.0	2008890.0	1778830.0	1667400.0	1565030.0	1341030.0	999797.0	519111.0	200242.0	
3004270.0	1974900.0	2008890.0	1778830.0	1667400.0	1565030.0	1341030.0	999797.0	519111.0	200242.0	
2949310.0	1946380.0	1988520.0	1772040.0	1668480.0	1561550.0	1338030.0	997704.0	518297.0	200067.0	
2949310.0	1946380.0	1988520.0	1772040.0	1668480.0	1561550.0	1338030.0	997704.0	518297.0	200067.0	
2927860.0	1950180.0	1988260.0	1768120.0	1665460.0	1558550.0	1335190.0	995486.0	517334.0	199818.0	
2927860.0	1950180.0	1988260.0	1768120.0	1665460.0	1558550.0	1335190.0	995486.0	517334.0	199818.0	
2955960.0	1947480.0	1984890.0	1765600.0	1661500.0	1555510.0	1332210.0	993102.0	516075.0	199338.0	
2858330.0	1931030.0	1977790.0	1755300.0	1660190.0	1552540.0	1329120.0	990793.0	514935.0	199042.0	
2858330.0	1931030.0	1977790.0	1755300.0	1660190.0	1552540.0	1329120.0	990793.0	514935.0	199042.0	
2858330.0	1931030.0	1977790.0	1755300.0	1660190.0	1552540.0	1329120.0	990793.0	514935.0	199042.0	
2799520.0	1895600.0	1952440.0	1738340.0	1641480.0	1536480.0	1322090.0	990360.0	512148.0	197412.0	
2745950.0	1882820.0	1938890.0	1732680.0	1640770.0	1532700.0	1319280.0	988088.0	511184.0	197157.0	
2723470.0	1864260.0	1932810.0	1731020.0	1636810.0	1529220.0	1316100.0	985239.0	509162.0	195965.0	
2716560.0	1863760.0	1933490.0	1726020.0	1633270.0	1526010.0	1312870.0	982416.0	507169.0	194696.0	
2716560.0	1863760.0	1933490.0	1726020.0	1633270.0	1526010.0	1312870.0	982416.0	507169.0	194696.0	
2716560.0	1863760.0	1933490.0	1726020.0	1633270.0	1526010.0	1312870.0	982416.0	507169.0	194696.0	
2716560.0	1863760.0	1933490.0	1726020.0	1633270.0	1526010.0	1312870.0	982416.0	507169.0	194696.0	
2680440.0	1828820.0	1894870.0	1684010.0	1592870.0	1491530.0	1290660.0	978331.0	506654.0	194658.0	
2637570.0	1832370.0	1897760.0	1679470.0	1588910.0	1488320.0	1287610.0	976029.0	505770.0	194470.0	
2636300.0	1810520.0	1887310.0	1680820.0	1584270.0	1485180.0	1284430.0	973532.0	504569.0	194063.0	
2644560.0	1809530.0	1885010.0	1677040.0	1581210.0	1481720.0	1281290.0	971100.0	503464.0	193724.0	
2621740.0	1759000.0	1850630.0	1644050.0	1550640.0	1463870.0	1280590.0	968880.0	502452.0	193391.0	
2638290.0	1761600.0	1848530.0	1640770.0	1546550.0	1460350.0	1277430.0	966399.0	501294.0	193021.0	
2638290.0	1761600.0	1848530.0	1640770.0	1546550.0	1460350.0	1277430.0	966399.0	501294.0	193021.0	
2636400.0	1764770.0	1841890.0	1636830.0	1544060.0	1456780.0	1274050.0	963772.0	499926.0	192507.0	
2636400.0	1764770.0	1841890.0	1636830.0	1544060.0	1456780.0	1274050.0	963772.0	499926.0	192507.0	
2575670.0	1734190.0	1815640.0	1605650.0	1516560.0	1434790.0	1264950.0	963063.0	498168.0	191820.0	
2588010.0	1723510.0	1792860.0	1596720.0	1516140.0	1430770.0	1261650.0	960283.0	496635.0	191132.0	
2575840.0	1720050.0	1787070.0	1589400.0	1509150.0	1423390.0	1254910.0	954937.0	493976.0	190341.0	
2465720.0	1705150.0	1761630.0	1579800.0	1509630.0	1418480.0	1251600.0	952566.0	493133.0	190201.0	
2465720.0	1705150.0	1761630.0	1579800.0	1509630.0	1418480.0	1251600.0	952566.0	493133.0	190201.0	
2465720.0	1705150.0	1761630.0	1579800.0	1509630.0	1418480.0	1251600.0	952566.0	493133.0	190201.0	
2368210.0	1681050.0	1726420.0	1559770.0	1485500.0	1401350.0	1242680.0	944850.0	489508.0	189037.0	
2368210.0	1681050.0	1726420.0	1559770.0	1485500.0	1401350.0	1242680.0	944850.0	489508.0	189037.0	
2281280.0	1666880.0	1709450.0	1549960.0	1479250.0	1393170.0	1235570.0	939018.0	486078.0	187534.0	
2284620.0	1659340.0	1712280.0	1547060.0	1475140.0	1389450.0	1232230.0	936553.0	485204.0	187384.0	
2225750.0	1648310.0	1706620.0	1542780.0	1470860.0	1385590.0	1228670.0	933447.0	483150.0	186203.0	
2225750.0	1648310.0	1706620.0	1542780.0	1470860.0	1385590.0	1228670.0	933447.0	483150.0	186203.0	
2225750.0	1648310.0	1706620.0	1542780.0	1470860.0	1385590.0	1228670.0	933447.0	483150.0	186203.0	
2217080.0	1652750.0	1704470.0	1537390.0	1466990.0	1381660.0	1225100.0	930520.0	481507.0	185516.0	
2239660.0	1638810.0	1703990.0	1532860.0	1463480.0	1377790.0	1221490.0	927630.0	479945.0	184897.0	
2239660.0	1638810.0	1703990.0	1532860.0	1463480.0	1377790.0	1221490.0	927630.0	479945.0	184897.0	
2239660.0	1638810.0	1703990.0	1532860.0	1463480.0	1377790.0	1221490.0	927630.0	479945.0	184897.0	
2087890.0	1629340.0	1682770.0	1517370.0	1450720.0	1368310.0	1215220.0	921258.0	476271.0	183034.0	
2006030.0	1631070.0	1675620.0	1515800.0	1446760.0	1364230.0	1211500.0	918006.0	474161.0	181991.0	
2006030.0	1631070.0	1675620.0	1515800.0	1446760.0	1364230.0	1211500.0	918006.0	474161.0	181991.0	
2006030.0	1631070.0	1675620.0	1515800.0	1446760.0	1364230.0	1211500.0	918006.0	474161.0	181991.0	
1939790.0	1613000.0	1675850.0	1504020.0	1441820.0	1361390.0	1207550.0	914835.0	472159.0	181107.0	
1939790.0	1613000.0	1675850.0	1504020.0	1441820.0	1361390.0	1207550.0	914835.0	472159.0	181107.0	
1947800.0	1610350.0	1661840.0	1502080.0	1436620.0	1357450.0	1203850.0	911969.0	470891.0	180775.0	
1947800.0	1610350.0	1661840.0	1502080.0	1436620.0	1357450.0	1203850.0	911969.0	470891.0	180775.0	
1947800.0	1610350.0	1661840.0	1502080.0	1436620.0	1357450.0	1203850.0	911969.0	470891.0	180775.0	
1947800.0	1610350.0	1661840.0	1502080.0	1436620.0	1357450.0	1203850.0	911969.0	470891.0	180775.0	
1947800.0	1610350.0	1661840.0	1502080.0	1436620.0	1357450.0	1203850.0	911969.0	470891.0	180775.0	
1921780.0	1620000.0	1652990.0	1493390.0	1427940.0	1349300.0	1196130.0	905913.0	467743.0	179287.0	
1934320.0	1620270.0	1653950.0	1487770.0	1423620.0	1345070.0	1192340.0	903019.0	466506.0	178984.0	
1934320.0	1620270.0	1653950.0	1487770.0	1423620.0	1345070.0	1192340.0	903019.0	466506.0	178984.0	
1927290.0	1622940.0	1652280.0	1482070.0	1419730.0	1340800.0	1188420.0	899935.0	464956.0	178413.0	
1896170.0	1604260.0	1654930.0	1477140.0	1416230.0	1336390.0	1184380.0	896512.0	462803.0	177318.0	
1896170.0	1604260.0	1654930.0	1477140.0	1416230.0	1336390.0	1184380.0	896512.0	462803.0	177318.0	
1896170.0	1604260.0	1654930.0	1477140.0	1416230.0	1336390.0	1184380.0	896512.0	462803.0	177318.0	
1862260.0	1622430.0	1648610.0	1472350.0	1411750.0	1332090.0	1180460.0	893389.0	461266.0	176790.0	
1862260.0	1622430.0	1648610.0	1472350.0	1411750.0	1332090.0	1180460.0	893389.0	461266.0	176790.0	
1907730.0	1607580.0	1644700.0	1467530.0	1407460.0	1327790.0	1176380.0	890124.0	459528.0	176134.0	
1907730.0	1607580.0	1644700.0	1467530.0	1407460.0	1327790.0	1176380.0	890124.0	459528.0	176134.0	
1907730.0	1607580.0	1644700.0	1467530.0	1407460.0	1327790.0	1176380.0	890124.0	459528.0	176134.0	
1907730.0	1607580.0	1644700.0	1467530.0	1407460.0	1327790.0	1176380.0	890124.0	459528.0	176134.0	
1871110.0	1600110.0	1634980.0	1453600.0	1394850.0	1317920.0	1172010.0	887786.0	458225.0	175844.0	
1923560.0	1603830.0	1626780.0	1450210.0	1390140.0	1313370.0	1167930.0	884551.0	456677.0	175401.0	
1923560.0	1603830.0	1626780.0	1450210.0	1390140.0	1313370.0	1167930.0	884551.0	456677.0	175401.0	
1923560.0	1603830.0	1626780.0	1450210.0	1390140.0	1313370.0	1167930.0	884551.0	456677.0	175401.0	
1866520.0	1600310.0	1632070.0	1444840.0	1385970.0	1308720.0	1163640.0	881088.0	454712.0	174528.0	
1866520.0	1600310.0	1632070.0	1444840.0	1385970.0	1308720.0	1163640.0	881088.0	454712.0	174528.0	
1847280.0	1605240.0	1633490.0	1439400.0	1381300.0	1303860.0	1159240.0	877285.0	452129.0	172999.0	
1760590.0	1623150.0	1624620.0	1436260.0	1376590.0	1299430.0	1155100.0	874247.0	451016.0	172792.0	
1760590.0	1623150.0	1624620.0	1436260.0	1376590.0	1299430.0	1155100.0	874247.0	451016.0	172792.0	
1760590.0	1623150.0	1624620.0	1436260.0	1376590.0	1299430.0	1155100.0	874247.0	451016.0	172792.0	
1760590.0	1623150.0	1624620.0	1436260.0	1376590.0	1299430.0	1155100.0	874247.0	451016.0	172792.0	
1761570.0	1592200.0	1617670.0	1432400.0	1372560.0	1294890.0	1150740.0	871098.0	449751.0	172495.0	
1761570.0	1592200.0	1617670.0	1432400.0	1372560.0	1294890.0	1150740.0	871098.0	449751.0	172495.0	
1730040.0	1608420.0	1615130.0	1426240.0	1368120.0	1289970.0	1146500.0	867932.0	448514.0	172230.0	
1730040.0	1608420.0	1615130.0	1426240.0	1368120.0	1289970.0	1146500.0	867932.0	448514.0	172230.0	
1730040.0	1608420.0	1615130.0	1426240.0	1368120.0	1289970.0	1146500.0	867932.0	448514.0	172230.0	
1730040.0	1608420.0	1615130.0	1426240.0	1368120.0	1289970.0	1146500.0	867932.0	448514.0	172230.0	
1730040.0	1608420.0	1615130.0	1426240.0	1368120.0	1289970.0	1146500.0	867932.0	448514.0	172230.0	
1753670.0	1597170.0	1600150.0	1425970.0	1362030.0	1285440.0	1142120.0	864687.0	447297.0	172011.0	
1673030.0	1582620.0	1569990.0	1402480.0	1340210.0	1268400.0	1134130.0	862724.0	443646.0	169880.0	
1673030.0	1582620.0	1569990.0	1402480.0	1340210.0	1268400.0	1134130.0	862724.0	443646.0	169880.0	
1673030.0	1582620.0	1569990.0	1402480.0	1340210.0	1268400.0	1134130.0	862724.0	443646.0	169880.0	
1645980.0	1578760.0	1569240.0	1398280.0	1335170.0	1263210.0	1129630.0	859204.0	442047.0	169464.0	
1645980.0	1578760.0	1569240.0	1398280.0	1335170.0	1263210.0	1129630.0	859204.0	442047.0	169464.0	
1645980.0	1578760.0	1569240.0	1398280.0	1335170.0	1263210.0	1129630.0	859204.0	442047.0	169464.0	
1686510.0	1554410.0	1567980.0	1394660.0	1329950.0	1258120.0	1125140.0	855909.0	440882.0	169283.0	
1686510.0	1554410.0	1567980.0	1394660.0	1329950.0	1258120.0	1125140.0	855909.0	440882.0	169283.0	
1660700.0	1547810.0	1551790.0	1387000.0	1327670.0	1252920.0	1120360.0	852243.0	439115.0	168748.0	
1660700.0	1547810.0	1551790.0	1387000.0	1327670.0	1252920.0	1120360.0	852243.0	439115.0	168748.0	
1660700.0	1547810.0	1551790.0	1387000.0	1327670.0	1252920.0	1120360.0	852243.0	439115.0	168748.0	
1660770.0	1501860.0	1517710.0	1359380.0	1303060.0	1229960.0	1105450.0	848614.0	438455.0	168269.0	
1660770.0	1501860.0	1517710.0	1359380.0	1303060.0	1229960.0	1105450.0	848614.0	438455.0	168269.0	
1656330.0	1472670.0	1498430.0	1345950.0	1299570.0	1224710.0	1100510.0	844716.0	436246.0	167312.0	
1575960.0	1417740.0	1474820.0	1336940.0	1294100.0	1220330.0	1095840.0	841351.0	435059.0	167122.0	
1575960.0	1417740.0	1474820.0	1336940.0	1294100.0	1220330.0	1095840.0	841351.0	435059.0	167122.0	
1575960.0	1417740.0	1474820.0	1336940.0	1294100.0	1220330.0	1095840.0	841351.0	435059.0	167122.0	
1575960.0	1417740.0	1474820.0	1336940.0	1294100.0	1220330.0	1095840.0	841351.0	435059.0	167122.0	
1575960.0	1417740.0	1474820.0	1336940.0	1294100.0	1220330.0	1095840.0	841351.0	435059.0	167122.0	
1575960.0	1417740.0	1474820.0	1336940.0	1294100.0	1220330.0	1095840.0	841351.0	435059.0	167122.0	
1575960.0	1417740.0	1474820.0	1336940.0	1294100.0	1220330.0	1095840.0	841351.0	435059.0	167122.0	
1575960.0	1417740.0	1474820.0	1336940.0	1294100.0	1220330.0	1095840.0	841351.0	435059.0	167122.0	
1575960.0	1417740.0	1474820.0	1336940.0	1294100.0	1220330.0	1095840.0	841351.0	435059.0	167122.0	
1575960.0	1417740.0	1474820.0	1336940.0	1294100.0	1220330.0	1095840.0	841351.0	435059.0	167122.0	
1575960.0	1417740.0	1474820.0	1336940.0	1294100.0	1220330.0	1095840.0	841351.0	435059.0	167122.0	
1575960.0	1417740.0	1474820.0	1336940.0	1294100.0	1220330.0	1095840.0	841351.0	435059.0	167122.0	
1575960.0	1417740.0	1474820.0	1336940.0	1294100.0	1220330.0	1095840.0	841351.0	435059.0	167122.0	
1575960.0	1417740.0	1474820.0	1336940.0	1294100.0	1220330.0	1095840.0	841351.0	435059.0	167122.0	
1575960.0	1417740.0	1474820.0	1336940.0	1294100.0	1220330.0	1095840.0	841351.0	435059.0	167122.0	
1550820.0	1418960.0	1478600.0	1328970.0	1288480.0	1214800.0	1090380.0	836563.0	431695.0	165269.0	
1550820.0	1418960.0	1478600.0	1328970.0	1288480.0	1214800.0	1090380.0	836563.0	431695.0	165269.0	
1515740.0	1419720.0	1481110.0	1322400.0	1283090.0	1209040.0	1085120.0	832372.0	429556.0	164618.0	
1515740.0	1419720.0	1481110.0	1322400.0	1283090.0	1209040.0	1085120.0	832372.0	429556.0	164618.0	
1534210.0	1423630.0	1477040.0	1316820.0	1276940.0	1203190.0	1079740.0	828029.0	427221.0	163784.0	
1534210.0	1423630.0	1477040.0	1316820.0	1276940.0	1203190.0	1079740.0	828029.0	427221.0	163784.0	
1534210.0	1423630.0	1477040.0	1316820.0	1276940.0	1203190.0	1079740.0	828029.0	427221.0	163784.0	
1534210.0	1423630.0	1477040.0	1316820.0	1276940.0	1203190.0	1079740.0	828029.0	427221.0	163784.0	
1561510.0	1367030.0	1483340.0	1303370.0	1264810.0	1191650.0	1068740.0	819199.0	422420.0	161943.0	
1554320.0	1389310.0	1473390.0	1298580.0	1258280.0	1186010.0	1063330.0	815048.0	420522.0	161390.0	
1554320.0	1389310.0	1473390.0	1298580.0	1258280.0	1186010.0	1063330.0	815048.0	420522.0	161390.0	
1554320.0	1389310.0	1473390.0	1298580.0	1258280.0	1186010.0	1063330.0	815048.0	420522.0	161390.0	
1554320.0	1389310.0	1473390.0	1298580.0	1258280.0	1186010.0	1063330.0	815048.0	420522.0	161390.0	
1567570.0	1371460.0	1465880.0	1294510.0	1252230.0	1179830.0	1057800.0	810462.0	417915.0	160185.0	
1536220.0	1344970.0	1468070.0	1278330.0	1239890.0	1168210.0	1046910.0	802394.0	414747.0	159483.0	
1536220.0	1344970.0	1468070.0	1278330.0	1239890.0	1168210.0	1046910.0	802394.0	414747.0	159483.0	
1528920.0	1363590.0	1457820.0	1272880.0	1233560.0	1162020.0	1041520.0	798474.0	413392.0	159271.0	
1528920.0	1363590.0	1457820.0	1272880.0	1233560.0	1162020.0	1041520.0	798474.0	413392.0	159271.0	
1528920.0	1363590.0	1457820.0	1272880.0	1233560.0	1162020.0	1041520.0	798474.0	413392.0	159271.0	
1528920.0	1363590.0	1457820.0	1272880.0	1233560.0	1162020.0	1041520.0	798474.0	413392.0	159271.0	
1528920.0	1363590.0	1457820.0	1272880.0	1233560.0	1162020.0	1041520.0	798474.0	413392.0	159271.0	
1528920.0	1363590.0	1457820.0	1272880.0	1233560.0	1162020.0	1041520.0	798474.0	413392.0	159271.0	
1520620.0	1353570.0	1452850.0	1266940.0	1228240.0	1155450.0	1036120.0	794573.0	412205.0	159159.0	
1468300.0	1321190.0	1456840.0	1256090.0	1221350.0	1149500.0	1030450.0	790560.0	410877.0	158974.0	
1468300.0	1321190.0	1456840.0	1256090.0	1221350.0	1149500.0	1030450.0	790560.0	410877.0	158974.0	
1505530.0	1321860.0	1448490.0	1250280.0	1214710.0	1143370.0	1024660.0	786151.0	408916.0	158404.0	
1505530.0	1321860.0	1448490.0	1250280.0	1214710.0	1143370.0	1024660.0	786151.0	408916.0	158404.0	
1505530.0	1321860.0	1448490.0	1250280.0	1214710.0	1143370.0	1024660.0	786151.0	408916.0	158404.0	
1525720.0	1301090.0	1448590.0	1241790.0	1208140.0	1137090.0	1018640.0	781159.0	405964.0	156973.0	
1515340.0	1310470.0	1443290.0	1234830.0	1201730.0	1130810.0	1012810.0	776864.0	404295.0	156629.0	
1515340.0	1310470.0	1443290.0	1234830.0	1201730.0	1130810.0	1012810.0	776864.0	404295.0	156629.0	
1515340.0	1310470.0	1443290.0	1234830.0	1201730.0	1130810.0	1012810.0	776864.0	404295.0	156629.0	
1515340.0	1310470.0	1443290.0	1234830.0	1201730.0	1130810.0	1012810.0	776864.0	404295.0	156629.0	
1515340.0	1310470.0	1443290.0	1234830.0	1201730.0	1130810.0	1012810.0	776864.0	404295.0	156629.0	
1515340.0	1310470.0	1443290.0	1234830.0	1201730.0	1130810.0	1012810.0	776864.0	404295.0	156629.0	
1515340.0	1310470.0	1443290.0	1234830.0	1201730.0	1130810.0	1012810.0	776864.0	404295.0	156629.0	
1515340.0	1310470.0	1443290.0	1234830.0	1201730.0	1130810.0	1012810.0	776864.0	404295.0	156629.0	
1515340.0	1310470.0	1443290.0	1234830.0	1201730.0	1130810.0	1012810.0	776864.0	404295.0	156629.0	
1515340.0	1310470.0	1443290.0	1234830.0	1201730.0	1130810.0	1012810.0	776864.0	404295.0	156629.0	
1515340.0	1310470.0	1443290.0	1234830.0	1201730.0	1130810.0	1012810.0	776864.0	404295.0	156629.0	
1448810.0	1285380.0	1392130.0	1224760.0	1195820.0	1123930.0	1006910.0	772357.0	402543.0	156246.0	
1448810.0	1285380.0	1392130.0	1224760.0	1195820.0	1123930.0	1006910.0	772357.0	402543.0	156246.0	
1448810.0	1285380.0	1392130.0	1224760.0	1195820.0	1123930.0	1006910.0	772357.0	402543.0	156246.0	
1448810.0	1285380.0	1392130.0	1224760.0	1195820.0	1123930.0	1006910.0	772357.0	402543.0	156246.0	
1448810.0	1285380.0	1392130.0	1224760.0	1195820.0	1123930.0	1006910.0	772357.0	402543.0	156246.0	
1436460.0	1263060.0	1394040.0	1214670.0	1188680.0	1117280.0	1000580.0	767571.0	400485.0	155732.0	
1436460.0	1263060.0	1394040.0	1214670.0	1188680.0	1117280.0	1000580.0	767571.0	400485.0	155732.0	
1436460.0	1263060.0	1394040.0	1214670.0	1188680.0	1117280.0	1000580.0	767571.0	400485.0	155732.0	
1436460.0	1263060.0	1394040.0	1214670.0	1188680.0	1117280.0	1000580.0	767571.0	400485.0	155732.0	
1436460.0	1263060.0	1394040.0	1214670.0	1188680.0	1117280.0	1000580.0	767571.0	400485.0	155732.0	
1436460.0	1263060.0	1394040.0	1214670.0	1188680.0	1117280.0	1000580.0	767571.0	400485.0	155732.0	
1436460.0	1263060.0	1394040.0	1214670.0	1188680.0	1117280.0	1000580.0	767571.0	400485.0	155732.0	
1436460.0	1263060.0	1394040.0	1214670.0	1188680.0	1117280.0	1000580.0	767571.0	400485.0	155732.0	
1421490.0	1233100.0	1389490.0	1209440.0	1180870.0	1110460.0	993936.0	762165.0	397556.0	154627.0	
1421490.0	1233100.0	1389490.0	1209440.0	1180870.0	1110460.0	993936.0	762165.0	397556.0	154627.0	
1421490.0	1233100.0	1389490.0	1209440.0	1180870.0	1110460.0	993936.0	762165.0	397556.0	154627.0	
1375830.0	1239980.0	1392220.0	1201390.0	1173510.0	1103630.0	987157.0	756798.0	394753.0	153541.0	
1375830.0	1239980.0	1392220.0	1201390.0	1173510.0	1103630.0	987157.0	756798.0	394753.0	153541.0	
1375830.0	1239980.0	1392220.0	1201390.0	1173510.0	1103630.0	987157.0	756798.0	394753.0	153541.0	
1372200.0	1213900.0	1384200.0	1195900.0	1166040.0	1095960.0	980194.0	750776.0	390810.0	151342.0	
1372200.0	1213900.0	1384200.0	1195900.0	1166040.0	1095960.0	980194.0	750776.0	390810.0	151342.0	
1372200.0	1213900.0	1384200.0	1195900.0	1166040.0	1095960.0	980194.0	750776.0	390810.0	151342.0	
1354650.0	1232850.0	1376560.0	1187600.0	1158620.0	1088500.0	973307.0	745323.0	388043.0	150367.0	
1354650.0	1232850.0	1376560.0	1187600.0	1158620.0	1088500.0	973307.0	745323.0	388043.0	150367.0	
1354650.0	1232850.0	1376560.0	1187600.0	1158620.0	1088500.0	973307.0	745323.0	388043.0	150367.0	
1280530.0	1169850.0	1310990.0	1150220.0	1140360.0	1088330.0	964478.0	740694.0	386619.0	150233.0	
1280530.0	1169850.0	1310990.0	1150220.0	1140360.0	1088330.0	964478.0	740694.0	386619.0	150233.0	
1280530.0	1169850.0	1310990.0	1150220.0	1140360.0	1088330.0	964478.0	740694.0	386619.0	150233.0	
1280530.0	1169850.0	1310990.0	1150220.0	1140360.0	1088330.0	964478.0	740694.0	386619.0	150233.0	
1280530.0	1169850.0	1310990.0	1150220.0	1140360.0	1088330.0	964478.0	740694.0	386619.0	150233.0	
1280530.0	1169850.0	1310990.0	1150220.0	1140360.0	1088330.0	964478.0	740694.0	386619.0	150233.0	
1280530.0	1169850.0	1310990.0	1150220.0	1140360.0	1088330.0	964478.0	740694.0	386619.0	150233.0	
1280530.0	1169850.0	1310990.0	1150220.0	1140360.0	1088330.0	964478.0	740694.0	386619.0	150233.0	
1280530.0	1169850.0	1310990.0	1150220.0	1140360.0	1088330.0	964478.0	740694.0	386619.0	150233.0	
1280530.0	1169850.0	1310990.0	1150220.0	1140360.0	1088330.0	964478.0	740694.0	386619.0	150233.0	
1280530.0	1169850.0	1310990.0	1150220.0	1140360.0	1088330.0	964478.0	740694.0	386619.0	150233.0	
1280530.0	1169850.0	1310990.0	1150220.0	1140360.0	1088330.0	964478.0	740694.0	386619.0	150233.0	
1280530.0	1169850.0	1310990.0	1150220.0	1140360.0	1088330.0	964478.0	740694.0	386619.0	150233.0	
1195800.0	1173500.0	1289790.0	1144930.0	1131670.0	1080270.0	957074.0	734465.0	382986.0	148685.0	
1187580.0	1170570.0	1274420.0	1140880.0	1123410.0	1072400.0	949591.0	728554.0	379983.0	147813.0	
1187580.0	1170570.0	1274420.0	1140880.0	1123410.0	1072400.0	949591.0	728554.0	379983.0	147813.0	
1187580.0	1170570.0	1274420.0	1140880.0	1123410.0	1072400.0	949591.0	728554.0	379983.0	147813.0	
1187580.0	1170570.0	1274420.0	1140880.0	1123410.0	1072400.0	949591.0	728554.0	379983.0	147813.0	
1160810.0	1129050.0	1241660.0	1137470.0	1115150.0	1064460.0	941877.0	721581.0	374962.0	144974.0	
1160810.0	1129050.0	1241660.0	1137470.0	1115150.0	1064460.0	941877.0	721581.0	374962.0	144974.0	
1160810.0	1129050.0	1241660.0	1137470.0	1115150.0	1064460.0	941877.0	721581.0	374962.0	144974.0	
1160810.0	1129050.0	1241660.0	1137470.0	1115150.0	1064460.0	941877.0	721581.0	374962.0	144974.0	
1160810.0	1129050.0	1241660.0	1137470.0	1115150.0	1064460.0	941877.0	721581.0	374962.0	144974.0	
1160810.0	1129050.0	1241660.0	1137470.0	1115150.0	1064460.0	941877.0	721581.0	374962.0	144974.0	
1160810.0	1129050.0	1241660.0	1137470.0	1115150.0	1064460.0	941877.0	721581.0	374962.0	144974.0	
1160810.0	1129050.0	1241660.0	1137470.0	1115150.0	1064460.0	941877.0	721581.0	374962.0	144974.0	
1099830.0	1090520.0	1214080.0	1107380.0	1092340.0	1053550.0	936706.0	714389.0	369951.0	141909.0	
1130630.0	1085630.0	1210980.0	1097130.0	1084440.0	1045070.0	928949.0	708392.0	367128.0	141093.0	
1130630.0	1085630.0	1210980.0	1097130.0	1084440.0	1045070.0	928949.0	708392.0	367128.0	141093.0	
1130630.0	1085630.0	1210980.0	1097130.0	1084440.0	1045070.0	928949.0	708392.0	367128.0	141093.0	
1130630.0	1085630.0	1210980.0	1097130.0	1084440.0	1045070.0	928949.0	708392.0	367128.0	141093.0	
1130630.0	1085630.0	1210980.0	1097130.0	1084440.0	1045070.0	928949.0	708392.0	367128.0	141093.0	
1130630.0	1085630.0	1210980.0	1097130.0	1084440.0	1045070.0	928949.0	708392.0	367128.0	141093.0	
1130630.0	1085630.0	1210980.0	1097130.0	1084440.0	1045070.0	928949.0	708392.0	367128.0	141093.0	
1130630.0	1085630.0	1210980.0	1097130.0	1084440.0	1045070.0	928949.0	708392.0	367128.0	141093.0	
1062200.0	1061260.0	1164330.0	1051820.0	1041490.0	1009920.0	909893.0	705807.0	364067.0	140387.0	
1062200.0	1061260.0	1164330.0	1051820.0	1041490.0	1009920.0	909893.0	705807.0	364067.0	140387.0	
1062200.0	1061260.0	1164330.0	1051820.0	1041490.0	1009920.0	909893.0	705807.0	364067.0	140387.0	
1062200.0	1061260.0	1164330.0	1051820.0	1041490.0	1009920.0	909893.0	705807.0	364067.0	140387.0	
1062200.0	1061260.0	1164330.0	1051820.0	1041490.0	1009920.0	909893.0	705807.0	364067.0	140387.0	
1062200.0	1061260.0	1164330.0	1051820.0	1041490.0	1009920.0	909893.0	705807.0	364067.0	140387.0	
1062200.0	1061260.0	1164330.0	1051820.0	1041490.0	1009920.0	909893.0	705807.0	364067.0	140387.0	
1062200.0	1061260.0	1164330.0	1051820.0	1041490.0	1009920.0	909893.0	705807.0	364067.0	140387.0	
1062200.0	1061260.0	1164330.0	1051820.0	1041490.0	1009920.0	909893.0	705807.0	364067.0	140387.0	
1026720.0	1025550.0	1158890.0	1047520.0	1032710.0	1000500.0	901993.0	700215.0	362430.0	140260.0	
1026720.0	1025550.0	1158890.0	1047520.0	1032710.0	1000500.0	901993.0	700215.0	362430.0	140260.0	
1026720.0	1025550.0	1158890.0	1047520.0	1032710.0	1000500.0	901993.0	700215.0	362430.0	140260.0	
1026720.0	1025550.0	1158890.0	1047520.0	1032710.0	1000500.0	901993.0	700215.0	362430.0	140260.0	
1026720.0	1025550.0	1158890.0	1047520.0	1032710.0	1000500.0	901993.0	700215.0	362430.0	140260.0	
1026720.0	1025550.0	1158890.0	1047520.0	1032710.0	1000500.0	901993.0	700215.0	362430.0	140260.0	
1055860.0	1018120.0	1148860.0	1039530.0	1023150.0	991397.0	893623.0	693912.0	359841.0	139718.0	
1055860.0	1018120.0	1148860.0	1039530.0	1023150.0	991397.0	893623.0	693912.0	359841.0	139718.0	
1055860.0	1018120.0	1148860.0	1039530.0	1023150.0	991397.0	893623.0	693912.0	359841.0	139718.0	
1023170.0	989909.0	1119180.0	1033790.0	1014870.0	982543.0	884913.0	687571.0	357200.0	139079.0	
1023170.0	989909.0	1119180.0	1033790.0	1014870.0	982543.0	884913.0	687571.0	357200.0	139079.0	
1023170.0	989909.0	1119180.0	1033790.0	1014870.0	982543.0	884913.0	687571.0	357200.0	139079.0	
1023170.0	989909.0	1119180.0	1033790.0	1014870.0	982543.0	884913.0	687571.0	357200.0	139079.0	
1023170.0	989909.0	1119180.0	1033790.0	1014870.0	982543.0	884913.0	687571.0	357200.0	139079.0	
1023170.0	989909.0	1119180.0	1033790.0	1014870.0	982543.0	884913.0	687571.0	357200.0	139079.0	
956622.0	1017210.0	1105490.0	1023620.0	1005080.0	973219.0	876116.0	680748.0	353939.0	137968.0	
1005620.0	1004920.0	1098810.0	1013120.0	995719.0	963687.0	867200.0	673641.0	350237.0	136625.0	
1005620.0	1004920.0	1098810.0	1013120.0	995719.0	963687.0	867200.0	673641.0	350237.0	136625.0	
1005620.0	1004920.0	1098810.0	1013120.0	995719.0	963687.0	867200.0	673641.0	350237.0	136625.0	
1005620.0	1004920.0	1098810.0	1013120.0	995719.0	963687.0	867200.0	673641.0	350237.0	136625.0	
1005620.0	1004920.0	1098810.0	1013120.0	995719.0	963687.0	867200.0	673641.0	350237.0	136625.0	
1005620.0	1004920.0	1098810.0	1013120.0	995719.0	963687.0	867200.0	673641.0	350237.0	136625.0	
1005620.0	1004920.0	1098810.0	1013120.0	995719.0	963687.0	867200.0	673641.0	350237.0	136625.0	
1005620.0	1004920.0	1098810.0	1013120.0	995719.0	963687.0	867200.0	673641.0	350237.0	136625.0	
1005620.0	1004920.0	1098810.0	1013120.0	995719.0	963687.0	867200.0	673641.0	350237.0	136625.0	
929353.0	985946.0	1038630.0	989382.0	993949.0	950846.0	857709.0	665841.0	345622.0	134707.0	
929353.0	985946.0	1038630.0	989382.0	993949.0	950846.0	857709.0	665841.0	345622.0	134707.0	
929353.0	985946.0	1038630.0	989382.0	993949.0	950846.0	857709.0	665841.0	345622.0	134707.0	
929353.0	985946.0	1038630.0	989382.0	993949.0	950846.0	857709.0	665841.0	345622.0	134707.0	
968312.0	960108.0	1031070.0	978878.0	983330.0	940867.0	848111.0	657683.0	340416.0	132186.0	
968312.0	960108.0	1031070.0	978878.0	983330.0	940867.0	848111.0	657683.0	340416.0	132186.0	
968312.0	960108.0	1031070.0	978878.0	983330.0	940867.0	848111.0	657683.0	340416.0	132186.0	
955713.0	914794.0	1003230.0	963419.0	977692.0	930246.0	838872.0	649872.0	336173.0	130358.0	
955713.0	914794.0	1003230.0	963419.0	977692.0	930246.0	838872.0	649872.0	336173.0	130358.0	
955713.0	914794.0	1003230.0	963419.0	977692.0	930246.0	838872.0	649872.0	336173.0	130358.0	
955713.0	914794.0	1003230.0	963419.0	977692.0	930246.0	838872.0	649872.0	336173.0	130358.0	
955713.0	914794.0	1003230.0	963419.0	977692.0	930246.0	838872.0	649872.0	336173.0	130358.0	
955713.0	914794.0	1003230.0	963419.0	977692.0	930246.0	838872.0	649872.0	336173.0	130358.0	
955713.0	914794.0	1003230.0	963419.0	977692.0	930246.0	838872.0	649872.0	336173.0	130358.0	
955713.0	914794.0	1003230.0	963419.0	977692.0	930246.0	838872.0	649872.0	336173.0	130358.0	
955713.0	914794.0	1003230.0	963419.0	977692.0	930246.0	838872.0	649872.0	336173.0	130358.0	
955713.0	914794.0	1003230.0	963419.0	977692.0	930246.0	838872.0	649872.0	336173.0	130358.0	
955713.0	914794.0	1003230.0	963419.0	977692.0	930246.0	838872.0	649872.0	336173.0	130358.0	
955713.0	914794.0	1003230.0	963419.0	977692.0	930246.0	838872.0	649872.0	336173.0	130358.0	
955713.0	914794.0	1003230.0	963419.0	977692.0	930246.0	838872.0	649872.0	336173.0	130358.0	
955713.0	914794.0	1003230.0	963419.0	977692.0	930246.0	838872.0	649872.0	336173.0	130358.0	
950763.0	919456.0	992411.0	952945.0	966276.0	919539.0	828832.0	641640.0	331514.0	128289.0	
950763.0	919456.0	992411.0	952945.0	966276.0	919539.0	828832.0	641640.0	331514.0	128289.0	
950763.0	919456.0	992411.0	952945.0	966276.0	919539.0	828832.0	641640.0	331514.0	128289.0	
950763.0	919456.0	992411.0	952945.0	966276.0	919539.0	828832.0	641640.0	331514.0	128289.0	
950763.0	919456.0	992411.0	952945.0	966276.0	919539.0	828832.0	641640.0	331514.0	128289.0	
1001070.0	915182.0	982880.0	941990.0	955074.0	908610.0	818590.0	633369.0	327000.0	126495.0	
1001070.0	915182.0	982880.0	941990.0	955074.0	908610.0	818590.0	633369.0	327000.0	126495.0	
1001070.0	915182.0	982880.0	941990.0	955074.0	908610.0	818590.0	633369.0	327000.0	126495.0	
1001070.0	915182.0	982880.0	941990.0	955074.0	908610.0	818590.0	633369.0	327000.0	126495.0	
992803.0	925683.0	965269.0	931106.0	943452.0	897747.0	808559.0	625762.0	323809.0	125735.0	
992803.0	925683.0	965269.0	931106.0	943452.0	897747.0	808559.0	625762.0	323809.0	125735.0	
992803.0	925683.0	965269.0	931106.0	943452.0	897747.0	808559.0	625762.0	323809.0	125735.0	
992803.0	925683.0	965269.0	931106.0	943452.0	897747.0	808559.0	625762.0	323809.0	125735.0	
992803.0	925683.0	965269.0	931106.0	943452.0	897747.0	808559.0	625762.0	323809.0	125735.0	
989523.0	910879.0	954359.0	918311.0	931928.0	886566.0	798070.0	617455.0	319520.0	124091.0	
989523.0	910879.0	954359.0	918311.0	931928.0	886566.0	798070.0	617455.0	319520.0	124091.0	
989523.0	910879.0	954359.0	918311.0	931928.0	886566.0	798070.0	617455.0	319520.0	124091.0	
989523.0	910879.0	954359.0	918311.0	931928.0	886566.0	798070.0	617455.0	319520.0	124091.0	
989523.0	910879.0	954359.0	918311.0	931928.0	886566.0	798070.0	617455.0	319520.0	124091.0	
975165.0	908583.0	944171.0	906577.0	920120.0	874863.0	787077.0	608015.0	313197.0	120522.0	
975165.0	908583.0	944171.0	906577.0	920120.0	874863.0	787077.0	608015.0	313197.0	120522.0	
975165.0	908583.0	944171.0	906577.0	920120.0	874863.0	787077.0	608015.0	313197.0	120522.0	
975165.0	908583.0	944171.0	906577.0	920120.0	874863.0	787077.0	608015.0	313197.0	120522.0	
975165.0	908583.0	944171.0	906577.0	920120.0	874863.0	787077.0	608015.0	313197.0	120522.0	
975165.0	908583.0	944171.0	906577.0	920120.0	874863.0	787077.0	608015.0	313197.0	120522.0	
975165.0	908583.0	944171.0	906577.0	920120.0	874863.0	787077.0	608015.0	313197.0	120522.0	
975165.0	908583.0	944171.0	906577.0	920120.0	874863.0	787077.0	608015.0	313197.0	120522.0	
975165.0	908583.0	944171.0	906577.0	920120.0	874863.0	787077.0	608015.0	313197.0	120522.0	
975165.0	908583.0	944171.0	906577.0	920120.0	874863.0	787077.0	608015.0	313197.0	120522.0	
975165.0	908583.0	944171.0	906577.0	920120.0	874863.0	787077.0	608015.0	313197.0	120522.0	
975165.0	908583.0	944171.0	906577.0	920120.0	874863.0	787077.0	608015.0	313197.0	120522.0	
975165.0	908583.0	944171.0	906577.0	920120.0	874863.0	787077.0	608015.0	313197.0	120522.0	
975165.0	908583.0	944171.0	906577.0	920120.0	874863.0	787077.0	608015.0	313197.0	120522.0	
975165.0	908583.0	944171.0	906577.0	920120.0	874863.0	787077.0	608015.0	313197.0	120522.0	
975165.0	908583.0	944171.0	906577.0	920120.0	874863.0	787077.0	608015.0	313197.0	120522.0	
975165.0	908583.0	944171.0	906577.0	920120.0	874863.0	787077.0	608015.0	313197.0	120522.0	
975165.0	908583.0	944171.0	906577.0	920120.0	874863.0	787077.0	608015.0	313197.0	120522.0	
975165.0	908583.0	944171.0	906577.0	920120.0	874863.0	787077.0	608015.0	313197.0	120522.0	
975165.0	908583.0	944171.0	906577.0	920120.0	874863.0	787077.0	608015.0	313197.0	120522.0	
975165.0	908583.0	944171.0	906577.0	920120.0	874863.0	787077.0	608015.0	313197.0	120522.0	
975165.0	908583.0	944171.0	906577.0	920120.0	874863.0	787077.0	608015.0	313197.0	120522.0	
975165.0	908583.0	944171.0	906577.0	920120.0	874863.0	787077.0	608015.0	313197.0	120522.0	
975165.0	908583.0	944171.0	906577.0	920120.0	874863.0	787077.0	608015.0	313197.0	120522.0	
975165.0	908583.0	944171.0	906577.0	920120.0	874863.0	787077.0	608015.0	313197.0	120522.0	
975165.0	908583.0	944171.0	906577.0	920120.0	874863.0	787077.0	608015.0	313197.0	120522.0	
975165.0	908583.0	944171.0	906577.0	920120.0	874863.0	787077.0	608015.0	313197.0	120522.0	
975165.0	908583.0	944171.0	906577.0	920120.0	874863.0	787077.0	608015.0	313197.0	120522.0	
975165.0	908583.0	944171.0	906577.0	920120.0	874863.0	787077.0	608015.0	313197.0	120522.0	
975165.0	908583.0	944171.0	906577.0	920120.0	874863.0	787077.0	608015.0	313197.0	120522.0	
975165.0	908583.0	944171.0	906577.0	920120.0	874863.0	787077.0	608015.0	313197.0	120522.0	
975165.0	908583.0	944171.0	906577.0	920120.0	874863.0	787077.0	608015.0	313197.0	120522.0	
975165.0	908583.0	944171.0	906577.0	920120.0	874863.0	787077.0	608015.0	313197.0	120522.0	
975165.0	908583.0	944171.0	906577.0	920120.0	874863.0	787077.0	608015.0	313197.0	120522.0	
918157.0	855043.0	882875.0	870199.0	874901.0	834822.0	755215.0	592478.0	311153.0	119292.0	
918157.0	855043.0	882875.0	870199.0	874901.0	834822.0	755215.0	592478.0	311153.0	119292.0	
918157.0	855043.0	882875.0	870199.0	874901.0	834822.0	755215.0	592478.0	311153.0	119292.0	
918157.0	855043.0	882875.0	870199.0	874901.0	834822.0	755215.0	592478.0	311153.0	119292.0	
918157.0	855043.0	882875.0	870199.0	874901.0	834822.0	755215.0	592478.0	311153.0	119292.0	
918157.0	855043.0	882875.0	870199.0	874901.0	834822.0	755215.0	592478.0	311153.0	119292.0	
918157.0	855043.0	882875.0	870199.0	874901.0	834822.0	755215.0	592478.0	311153.0	119292.0	
918157.0	855043.0	882875.0	870199.0	874901.0	834822.0	755215.0	592478.0	311153.0	119292.0	
918157.0	855043.0	882875.0	870199.0	874901.0	834822.0	755215.0	592478.0	311153.0	119292.0	
918157.0	855043.0	882875.0	870199.0	874901.0	834822.0	755215.0	592478.0	311153.0	119292.0	
936748.0	837975.0	868238.0	854720.0	861820.0	821369.0	743177.0	583495.0	307647.0	118523.0	
936748.0	837975.0	868238.0	854720.0	861820.0	821369.0	743177.0	583495.0	307647.0	118523.0	
936748.0	837975.0	868238.0	854720.0	861820.0	821369.0	743177.0	583495.0	307647.0	118523.0	
936748.0	837975.0	868238.0	854720.0	861820.0	821369.0	743177.0	583495.0	307647.0	118523.0	
936748.0	837975.0	868238.0	854720.0	861820.0	821369.0	743177.0	583495.0	307647.0	118523.0	
936748.0	837975.0	868238.0	854720.0	861820.0	821369.0	743177.0	583495.0	307647.0	118523.0	
936748.0	837975.0	868238.0	854720.0	861820.0	821369.0	743177.0	583495.0	307647.0	118523.0	
936748.0	837975.0	868238.0	854720.0	861820.0	821369.0	743177.0	583495.0	307647.0	118523.0	
1006840.0	830496.0	849794.0	839681.0	847666.0	807798.0	730669.0	574106.0	303779.0	117636.0	
1006840.0	830496.0	849794.0	839681.0	847666.0	807798.0	730669.0	574106.0	303779.0	117636.0	
1006840.0	830496.0	849794.0	839681.0	847666.0	807798.0	730669.0	574106.0	303779.0	117636.0	
1006840.0	830496.0	849794.0	839681.0	847666.0	807798.0	730669.0	574106.0	303779.0	117636.0	
1006840.0	830496.0	849794.0	839681.0	847666.0	807798.0	730669.0	574106.0	303779.0	117636.0	
1006840.0	830496.0	849794.0	839681.0	847666.0	807798.0	730669.0	574106.0	303779.0	117636.0	
1006840.0	830496.0	849794.0	839681.0	847666.0	807798.0	730669.0	574106.0	303779.0	117636.0	
1006840.0	830496.0	849794.0	839681.0	847666.0	807798.0	730669.0	574106.0	303779.0	117636.0	
1006840.0	830496.0	849794.0	839681.0	847666.0	807798.0	730669.0	574106.0	303779.0	117636.0	
1006840.0	830496.0	849794.0	839681.0	847666.0	807798.0	730669.0	574106.0	303779.0	117636.0	
1006840.0	830496.0	849794.0	839681.0	847666.0	807798.0	730669.0	574106.0	303779.0	117636.0	
1006840.0	830496.0	849794.0	839681.0	847666.0	807798.0	730669.0	574106.0	303779.0	117636.0	
1027350.0	837273.0	832859.0	824767.0	832278.0	793685.0	717489.0	563928.0	299060.0	116239.0	
1027350.0	837273.0	832859.0	824767.0	832278.0	793685.0	717489.0	563928.0	299060.0	116239.0	
1027350.0	837273.0	832859.0	824767.0	832278.0	793685.0	717489.0	563928.0	299060.0	116239.0	
1027350.0	837273.0	832859.0	824767.0	832278.0	793685.0	717489.0	563928.0	299060.0	116239.0	
1027350.0	837273.0	832859.0	824767.0	832278.0	793685.0	717489.0	563928.0	299060.0	116239.0	
1027350.0	837273.0	832859.0	824767.0	832278.0	793685.0	717489.0	563928.0	299060.0	116239.0	
1027350.0	837273.0	832859.0	824767.0	832278.0	793685.0	717489.0	563928.0	299060.0	116239.0	
1027350.0	837273.0	832859.0	824767.0	832278.0	793685.0	717489.0	563928.0	299060.0	116239.0	
1027350.0	837273.0	832859.0	824767.0	832278.0	793685.0	717489.0	563928.0	299060.0	116239.0	
1027350.0	837273.0	832859.0	824767.0	832278.0	793685.0	717489.0	563928.0	299060.0	116239.0	
1027350.0	837273.0	832859.0	824767.0	832278.0	793685.0	717489.0	563928.0	299060.0	116239.0	
1027350.0	837273.0	832859.0	824767.0	832278.0	793685.0	717489.0	563928.0	299060.0	116239.0	
1027350.0	837273.0	832859.0	824767.0	832278.0	793685.0	717489.0	563928.0	299060.0	116239.0	
1059200.0	805846.0	816767.0	809780.0	817353.0	778764.0	703687.0	552940.0	293633.0	114739.0	
1059200.0	805846.0	816767.0	809780.0	817353.0	778764.0	703687.0	552940.0	293633.0	114739.0	
1059200.0	805846.0	816767.0	809780.0	817353.0	778764.0	703687.0	552940.0	293633.0	114739.0	
1059200.0	805846.0	816767.0	809780.0	817353.0	778764.0	703687.0	552940.0	293633.0	114739.0	
1059200.0	805846.0	816767.0	809780.0	817353.0	778764.0	703687.0	552940.0	293633.0	114739.0	
1059200.0	805846.0	816767.0	809780.0	817353.0	778764.0	703687.0	552940.0	293633.0	114739.0	
1059200.0	805846.0	816767.0	809780.0	817353.0	778764.0	703687.0	552940.0	293633.0	114739.0	
1059200.0	805846.0	816767.0	809780.0	817353.0	778764.0	703687.0	552940.0	293633.0	114739.0	
1059200.0	805846.0	816767.0	809780.0	817353.0	778764.0	703687.0	552940.0	293633.0	114739.0	
1059200.0	805846.0	816767.0	809780.0	817353.0	778764.0	703687.0	552940.0	293633.0	114739.0	
1059200.0	805846.0	816767.0	809780.0	817353.0	778764.0	703687.0	552940.0	293633.0	114739.0	
1059200.0	805846.0	816767.0	809780.0	817353.0	778764.0	703687.0	552940.0	293633.0	114739.0	
1059200.0	805846.0	816767.0	809780.0	817353.0	778764.0	703687.0	552940.0	293633.0	114739.0	
1059200.0	805846.0	816767.0	809780.0	817353.0	778764.0	703687.0	552940.0	293633.0	114739.0	
1059200.0	805846.0	816767.0	809780.0	817353.0	778764.0	703687.0	552940.0	293633.0	114739.0	
1059200.0	805846.0	816767.0	809780.0	817353.0	778764.0	703687.0	552940.0	293633.0	114739.0	
1059200.0	805846.0	816767.0	809780.0	817353.0	778764.0	703687.0	552940.0	293633.0	114739.0	
1059200.0	805846.0	816767.0	809780.0	817353.0	778764.0	703687.0	552940.0	293633.0	114739.0	
1059200.0	805846.0	816767.0	809780.0	817353.0	778764.0	703687.0	552940.0	293633.0	114739.0	
1059200.0	805846.0	816767.0	809780.0	817353.0	778764.0	703687.0	552940.0	293633.0	114739.0	
1059200.0	805846.0	816767.0	809780.0	817353.0	778764.0	703687.0	552940.0	293633.0	114739.0	
1059200.0	805846.0	816767.0	809780.0	817353.0	778764.0	703687.0	552940.0	293633.0	114739.0	
1059200.0	805846.0	816767.0	809780.0	817353.0	778764.0	703687.0	552940.0	293633.0	114739.0	
1059200.0	805846.0	816767.0	809780.0	817353.0	778764.0	703687.0	552940.0	293633.0	114739.0	
1059200.0	805846.0	816767.0	809780.0	817353.0	778764.0	703687.0	552940.0	293633.0	114739.0	
1059200.0	805846.0	816767.0	809780.0	817353.0	778764.0	703687.0	552940.0	293633.0	114739.0	
1059200.0	805846.0	816767.0	809780.0	817353.0	778764.0	703687.0	552940.0	293633.0	114739.0	
1059200.0	805846.0	816767.0	809780.0	817353.0	778764.0	703687.0	552940.0	293633.0	114739.0	
1059200.0	805846.0	816767.0	809780.0	817353.0	778764.0	703687.0	552940.0	293633.0	114739.0	
1054090.0	799522.0	793944.0	792916.0	801182.0	762419.0	688719.0	541591.0	288799.0	113555.0	
1054090.0	799522.0	793944.0	792916.0	801182.0	762419.0	688719.0	541591.0	288799.0	113555.0	
1054090.0	799522.0	793944.0	792916.0	801182.0	762419.0	688719.0	541591.0	288799.0	113555.0	
1054090.0	799522.0	793944.0	792916.0	801182.0	762419.0	688719.0	541591.0	288799.0	113555.0	
1054090.0	799522.0	793944.0	792916.0	801182.0	762419.0	688719.0	541591.0	288799.0	113555.0	
1054090.0	799522.0	793944.0	792916.0	801182.0	762419.0	688719.0	541591.0	288799.0	113555.0	
1054090.0	799522.0	793944.0	792916.0	801182.0	762419.0	688719.0	541591.0	288799.0	113555.0	
1054090.0	799522.0	793944.0	792916.0	801182.0	762419.0	688719.0	541591.0	288799.0	113555.0	
1054090.0	799522.0	793944.0	792916.0	801182.0	762419.0	688719.0	541591.0	288799.0	113555.0	
1054090.0	799522.0	793944.0	792916.0	801182.0	762419.0	688719.0	541591.0	288799.0	113555.0	
1054090.0	799522.0	793944.0	792916.0	801182.0	762419.0	688719.0	541591.0	288799.0	113555.0	
928236.0	731800.0	738214.0	724979.0	739188.0	715236.0	668880.0	534753.0	282680.0	112286.0	
928236.0	731800.0	738214.0	724979.0	739188.0	715236.0	668880.0	534753.0	282680.0	112286.0	
928236.0	731800.0	738214.0	724979.0	739188.0	715236.0	668880.0	534753.0	282680.0	112286.0	
928236.0	731800.0	738214.0	724979.0	739188.0	715236.0	668880.0	534753.0	282680.0	112286.0	
928236.0	731800.0	738214.0	724979.0	739188.0	715236.0	668880.0	534753.0	282680.0	112286.0	
928236.0	731800.0	738214.0	724979.0	739188.0	715236.0	668880.0	534753.0	282680.0	112286.0	
928236.0	731800.0	738214.0	724979.0	739188.0	715236.0	668880.0	534753.0	282680.0	112286.0	
885271.0	704295.0	701451.0	715188.0	718483.0	697574.0	651946.0	519808.0	271615.0	104864.0	
885271.0	704295.0	701451.0	715188.0	718483.0	697574.0	651946.0	519808.0	271615.0	104864.0	
885271.0	704295.0	701451.0	715188.0	718483.0	697574.0	651946.0	519808.0	271615.0	104864.0	
885271.0	704295.0	701451.0	715188.0	718483.0	697574.0	651946.0	519808.0	271615.0	104864.0	
832394.0	667416.0	686532.0	698297.0	700756.0	680189.0	634982.0	504858.0	261011.0	98248.5	
832394.0	667416.0	686532.0	698297.0	700756.0	680189.0	634982.0	504858.0	261011.0	98248.5	
832394.0	667416.0	686532.0	698297.0	700756.0	680189.0	634982.0	504858.0	261011.0	98248.5	
832394.0	667416.0	686532.0	698297.0	700756.0	680189.0	634982.0	504858.0	261011.0	98248.5	
832394.0	667416.0	686532.0	698297.0	700756.0	680189.0	634982.0	504858.0	261011.0	98248.5	
832394.0	667416.0	686532.0	698297.0	700756.0	680189.0	634982.0	504858.0	261011.0	98248.5	
786530.0	631775.0	679396.0	681172.0	683082.0	662242.0	618067.0	490933.0	253025.0	95045.9	
710766.0	635161.0	658537.0	662155.0	664538.0	644554.0	600896.0	476647.0	244098.0	90401.3	
710766.0	635161.0	658537.0	662155.0	664538.0	644554.0	600896.0	476647.0	244098.0	90401.3	
690564.0	631733.0	638809.0	645222.0	646015.0	626327.0	583410.0	461358.0	233302.0	83776.3	
659102.0	607976.0	622324.0	626646.0	627526.0	608222.0	566213.0	447080.0	224839.0	80142.7	
659102.0	607976.0	622324.0	626646.0	627526.0	608222.0	566213.0	447080.0	224839.0	80142.7	
659102.0	607976.0	622324.0	626646.0	627526.0	608222.0	566213.0	447080.0	224839.0	80142.7	
659102.0	607976.0	622324.0	626646.0	627526.0	608222.0	566213.0	447080.0	224839.0	80142.7	
659102.0	607976.0	622324.0	626646.0	627526.0	608222.0	566213.0	447080.0	224839.0	80142.7	
659102.0	607976.0	622324.0	626646.0	627526.0	608222.0	566213.0	447080.0	224839.0	80142.7	
659102.0	607976.0	622324.0	626646.0	627526.0	608222.0	566213.0	447080.0	224839.0	80142.7	
659102.0	607976.0	622324.0	626646.0	627526.0	608222.0	566213.0	447080.0	224839.0	80142.7	
659102.0	607976.0	622324.0	626646.0	627526.0	608222.0	566213.0	447080.0	224839.0	80142.7	
659102.0	607976.0	622324.0	626646.0	627526.0	608222.0	566213.0	447080.0	224839.0	80142.7	
659102.0	607976.0	622324.0	626646.0	627526.0	608222.0	566213.0	447080.0	224839.0	80142.7	
659102.0	607976.0	622324.0	626646.0	627526.0	608222.0	566213.0	447080.0	224839.0	80142.7	
659102.0	607976.0	622324.0	626646.0	627526.0	608222.0	566213.0	447080.0	224839.0	80142.7	
659102.0	607976.0	622324.0	626646.0	627526.0	608222.0	566213.0	447080.0	224839.0	80142.7	
659102.0	607976.0	622324.0	626646.0	627526.0	608222.0	566213.0	447080.0	224839.0	80142.7	
659102.0	607976.0	622324.0	626646.0	627526.0	608222.0	566213.0	447080.0	224839.0	80142.7	
659102.0	607976.0	622324.0	626646.0	627526.0	608222.0	566213.0	447080.0	224839.0	80142.7	
659102.0	607976.0	622324.0	626646.0	627526.0	608222.0	566213.0	447080.0	224839.0	80142.7	
659102.0	607976.0	622324.0	626646.0	627526.0	608222.0	566213.0	447080.0	224839.0	80142.7	
659102.0	607976.0	622324.0	626646.0	627526.0	608222.0	566213.0	447080.0	224839.0	80142.7	
659102.0	607976.0	622324.0	626646.0	627526.0	608222.0	566213.0	447080.0	224839.0	80142.7	
659102.0	607976.0	622324.0	626646.0	627526.0	608222.0	566213.0	447080.0	224839.0	80142.7	
659102.0	607976.0	622324.0	626646.0	627526.0	608222.0	566213.0	447080.0	224839.0	80142.7	
659102.0	607976.0	622324.0	626646.0	627526.0	608222.0	566213.0	447080.0	224839.0	80142.7	
659102.0	607976.0	622324.0	626646.0	627526.0	608222.0	566213.0	447080.0	224839.0	80142.7	
659102.0	607976.0	622324.0	626646.0	627526.0	608222.0	566213.0	447080.0	224839.0	80142.7	
659102.0	607976.0	622324.0	626646.0	627526.0	608222.0	566213.0	447080.0	224839.0	80142.7	
659102.0	607976.0	622324.0	626646.0	627526.0	608222.0	566213.0	447080.0	224839.0	80142.7	
664386.0	582972.0	594425.0	606538.0	607574.0	588528.0	547869.0	432398.0	217069.0	77094.6	
648473.0	566085.0	573516.0	585706.0	587632.0	569022.0	530368.0	419937.0	213144.0	76663.6	
648473.0	566085.0	573516.0	585706.0	587632.0	569022.0	530368.0	419937.0	213144.0	76663.6	
648473.0	566085.0	573516.0	585706.0	587632.0	569022.0	530368.0	419937.0	213144.0	76663.6	
648473.0	566085.0	573516.0	585706.0	587632.0	569022.0	530368.0	419937.0	213144.0	76663.6	
648473.0	566085.0	573516.0	585706.0	587632.0	569022.0	530368.0	419937.0	213144.0	76663.6	
648473.0	566085.0	573516.0	585706.0	587632.0	569022.0	530368.0	419937.0	213144.0	76663.6	
648473.0	566085.0	573516.0	585706.0	587632.0	569022.0	530368.0	419937.0	213144.0	76663.6	
648473.0	566085.0	573516.0	585706.0	587632.0	569022.0	530368.0	419937.0	213144.0	76663.6	
648473.0	566085.0	573516.0	585706.0	587632.0	569022.0	530368.0	419937.0	213144.0	76663.6	
648473.0	566085.0	573516.0	585706.0	587632.0	569022.0	530368.0	419937.0	213144.0	76663.6	
648473.0	566085.0	573516.0	585706.0	587632.0	569022.0	530368.0	419937.0	213144.0	76663.6	
648473.0	566085.0	573516.0	585706.0	587632.0	569022.0	530368.0	419937.0	213144.0	76663.6	
648473.0	566085.0	573516.0	585706.0	587632.0	569022.0	530368.0	419937.0	213144.0	76663.6	
648473.0	566085.0	573516.0	585706.0	587632.0	569022.0	530368.0	419937.0	213144.0	76663.6	
648473.0	566085.0	573516.0	585706.0	587632.0	569022.0	530368.0	419937.0	213144.0	76663.6	
648473.0	566085.0	573516.0	585706.0	587632.0	569022.0	530368.0	419937.0	213144.0	76663.6	
648473.0	566085.0	573516.0	585706.0	587632.0	569022.0	530368.0	419937.0	213144.0	76663.6	
648473.0	566085.0	573516.0	585706.0	587632.0	569022.0	530368.0	419937.0	213144.0	76663.6	
648473.0	566085.0	573516.0	585706.0	587632.0	569022.0	530368.0	419937.0	213144.0	76663.6	
648473.0	566085.0	573516.0	585706.0	587632.0	569022.0	530368.0	419937.0	213144.0	76663.6	
648473.0	566085.0	573516.0	585706.0	587632.0	569022.0	530368.0	419937.0	213144.0	76663.6	
648473.0	566085.0	573516.0	585706.0	587632.0	569022.0	530368.0	419937.0	213144.0	76663.6	
648473.0	566085.0	573516.0	585706.0	587632.0	569022.0	530368.0	419937.0	213144.0	76663.6	
648473.0	566085.0	573516.0	585706.0	587632.0	569022.0	530368.0	419937.0	213144.0	76663.6	
648473.0	566085.0	573516.0	585706.0	587632.0	569022.0	530368.0	419937.0	213144.0	76663.6	
648473.0	566085.0	573516.0	585706.0	587632.0	569022.0	530368.0	419937.0	213144.0	76663.6	
648473.0	566085.0	573516.0	585706.0	587632.0	569022.0	530368.0	419937.0	213144.0	76663.6	
648473.0	566085.0	573516.0	585706.0	587632.0	569022.0	530368.0	419937.0	213144.0	76663.6	
648473.0	566085.0	573516.0	585706.0	587632.0	569022.0	530368.0	419937.0	213144.0	76663.6	
648473.0	566085.0	573516.0	585706.0	587632.0	569022.0	530368.0	419937.0	213144.0	76663.6	
648473.0	566085.0	573516.0	585706.0	587632.0	569022.0	530368.0	419937.0	213144.0	76663.6	
648473.0	566085.0	573516.0	585706.0	587632.0	569022.0	530368.0	419937.0	213144.0	76663.6	
653957.0	551374.0	548848.0	564480.0	565310.0	547595.0	510078.0	403566.0	204143.0	72815.3	
653957.0	551374.0	548848.0	564480.0	565310.0	547595.0	510078.0	403566.0	204143.0	72815.3	
653957.0	551374.0	548848.0	564480.0	565310.0	547595.0	510078.0	403566.0	204143.0	72815.3	
653957.0	551374.0	548848.0	564480.0	565310.0	547595.0	510078.0	403566.0	204143.0	72815.3	
653957.0	551374.0	548848.0	564480.0	565310.0	547595.0	510078.0	403566.0	204143.0	72815.3	
653957.0	551374.0	548848.0	564480.0	565310.0	547595.0	510078.0	403566.0	204143.0	72815.3	
653957.0	551374.0	548848.0	564480.0	565310.0	547595.0	510078.0	403566.0	204143.0	72815.3	
653957.0	551374.0	548848.0	564480.0	565310.0	547595.0	510078.0	403566.0	204143.0	72815.3	
653957.0	551374.0	548848.0	564480.0	565310.0	547595.0	510078.0	403566.0	204143.0	72815.3	
653957.0	551374.0	548848.0	564480.0	565310.0	547595.0	510078.0	403566.0	204143.0	72815.3	
653957.0	551374.0	548848.0	564480.0	565310.0	547595.0	510078.0	403566.0	204143.0	72815.3	
653957.0	551374.0	548848.0	564480.0	565310.0	547595.0	510078.0	403566.0	204143.0	72815.3	
653957.0	551374.0	548848.0	564480.0	565310.0	547595.0	510078.0	403566.0	204143.0	72815.3	
653957.0	551374.0	548848.0	564480.0	565310.0	547595.0	510078.0	403566.0	204143.0	72815.3	
653957.0	551374.0	548848.0	564480.0	565310.0	547595.0	510078.0	403566.0	204143.0	72815.3	
653957.0	551374.0	548848.0	564480.0	565310.0	547595.0	510078.0	403566.0	204143.0	72815.3	
653957.0	551374.0	548848.0	564480.0	565310.0	547595.0	510078.0	403566.0	204143.0	72815.3	
653957.0	551374.0	548848.0	564480.0	565310.0	547595.0	510078.0	403566.0	204143.0	72815.3	
653957.0	551374.0	548848.0	564480.0	565310.0	547595.0	510078.0	403566.0	204143.0	72815.3	
653957.0	551374.0	548848.0	564480.0	565310.0	547595.0	510078.0	403566.0	204143.0	72815.3	
653957.0	551374.0	548848.0	564480.0	565310.0	547595.0	510078.0	403566.0	204143.0	72815.3	
679222.0	522087.0	526541.0	541832.0	541747.0	524907.0	489101.0	387522.0	197051.0	70939.9	
679222.0	522087.0	526541.0	541832.0	541747.0	524907.0	489101.0	387522.0	197051.0	70939.9	
679222.0	522087.0	526541.0	541832.0	541747.0	524907.0	489101.0	387522.0	197051.0	70939.9	
679222.0	522087.0	526541.0	541832.0	541747.0	524907.0	489101.0	387522.0	197051.0	70939.9	
679222.0	522087.0	526541.0	541832.0	541747.0	524907.0	489101.0	387522.0	197051.0	70939.9	
679222.0	522087.0	526541.0	541832.0	541747.0	524907.0	489101.0	387522.0	197051.0	70939.9	
679222.0	522087.0	526541.0	541832.0	541747.0	524907.0	489101.0	387522.0	197051.0	70939.9	
679222.0	522087.0	526541.0	541832.0	541747.0	524907.0	489101.0	387522.0	197051.0	70939.9	
679222.0	522087.0	526541.0	541832.0	541747.0	524907.0	489101.0	387522.0	197051.0	70939.9	
679222.0	522087.0	526541.0	541832.0	541747.0	524907.0	489101.0	387522.0	197051.0	70939.9	
679222.0	522087.0	526541.0	541832.0	541747.0	524907.0	489101.0	387522.0	197051.0	70939.9	
679222.0	522087.0	526541.0	541832.0	541747.0	524907.0	489101.0	387522.0	197051.0	70939.9	
679222.0	522087.0	526541.0	541832.0	541747.0	524907.0	489101.0	387522.0	197051.0	70939.9	
697291.0	501270.0	496111.0	517923.0	517376.0	501015.0	466353.0	368457.0	185368.0	65606.3	
697291.0	501270.0	496111.0	517923.0	517376.0	501015.0	466353.0	368457.0	185368.0	65606.3	
697291.0	501270.0	496111.0	517923.0	517376.0	501015.0	466353.0	368457.0	185368.0	65606.3	
697291.0	501270.0	496111.0	517923.0	517376.0	501015.0	466353.0	368457.0	185368.0	65606.3	
697291.0	501270.0	496111.0	517923.0	517376.0	501015.0	466353.0	368457.0	185368.0	65606.3	
697291.0	501270.0	496111.0	517923.0	517376.0	501015.0	466353.0	368457.0	185368.0	65606.3	
697291.0	501270.0	496111.0	517923.0	517376.0	501015.0	466353.0	368457.0	185368.0	65606.3	
697291.0	501270.0	496111.0	517923.0	517376.0	501015.0	466353.0	368457.0	185368.0	65606.3	
697291.0	501270.0	496111.0	517923.0	517376.0	501015.0	466353.0	368457.0	185368.0	65606.3	
697291.0	501270.0	496111.0	517923.0	517376.0	501015.0	466353.0	368457.0	185368.0	65606.3	
697291.0	501270.0	496111.0	517923.0	517376.0	501015.0	466353.0	368457.0	185368.0	65606.3	
697291.0	501270.0	496111.0	517923.0	517376.0	501015.0	466353.0	368457.0	185368.0	65606.3	
626985.0	437150.0	482882.0	490919.0	491421.0	476780.0	442758.0	348732.0	173152.0	59884.6	
626985.0	437150.0	482882.0	490919.0	491421.0	476780.0	442758.0	348732.0	173152.0	59884.6	
626985.0	437150.0	482882.0	490919.0	491421.0	476780.0	442758.0	348732.0	173152.0	59884.6	
626985.0	437150.0	482882.0	490919.0	491421.0	476780.0	442758.0	348732.0	173152.0	59884.6	
626985.0	437150.0	482882.0	490919.0	491421.0	476780.0	442758.0	348732.0	173152.0	59884.6	
626985.0	437150.0	482882.0	490919.0	491421.0	476780.0	442758.0	348732.0	173152.0	59884.6	
626985.0	437150.0	482882.0	490919.0	491421.0	476780.0	442758.0	348732.0	173152.0	59884.6	
626985.0	437150.0	482882.0	490919.0	491421.0	476780.0	442758.0	348732.0	173152.0	59884.6	
626985.0	437150.0	482882.0	490919.0	491421.0	476780.0	442758.0	348732.0	173152.0	59884.6	
626985.0	437150.0	482882.0	490919.0	491421.0	476780.0	442758.0	348732.0	173152.0	59884.6	
626985.0	437150.0	482882.0	490919.0	491421.0	476780.0	442758.0	348732.0	173152.0	59884.6	
626985.0	437150.0	482882.0	490919.0	491421.0	476780.0	442758.0	348732.0	173152.0	59884.6	
626985.0	437150.0	482882.0	490919.0	491421.0	476780.0	442758.0	348732.0	173152.0	59884.6	
626985.0	437150.0	482882.0	490919.0	491421.0	476780.0	442758.0	348732.0	173152.0	59884.6	
626985.0	437150.0	482882.0	490919.0	491421.0	476780.0	442758.0	348732.0	173152.0	59884.6	
626985.0	437150.0	482882.0	490919.0	491421.0	476780.0	442758.0	348732.0	173152.0	59884.6	
626985.0	437150.0	482882.0	490919.0	491421.0	476780.0	442758.0	348732.0	173152.0	59884.6	
626985.0	437150.0	482882.0	490919.0	491421.0	476780.0	442758.0	348732.0	173152.0	59884.6	
626985.0	437150.0	482882.0	490919.0	491421.0	476780.0	442758.0	348732.0	173152.0	59884.6	
626985.0	437150.0	482882.0	490919.0	491421.0	476780.0	442758.0	348732.0	173152.0	59884.6	
626985.0	437150.0	482882.0	490919.0	491421.0	476780.0	442758.0	348732.0	173152.0	59884.6	
626985.0	437150.0	482882.0	490919.0	491421.0	476780.0	442758.0	348732.0	173152.0	59884.6	
626985.0	437150.0	482882.0	490919.0	491421.0	476780.0	442758.0	348732.0	173152.0	59884.6	
626985.0	437150.0	482882.0	490919.0	491421.0	476780.0	442758.0	348732.0	173152.0	59884.6	
626985.0	437150.0	482882.0	490919.0	491421.0	476780.0	442758.0	348732.0	173152.0	59884.6	
626985.0	437150.0	482882.0	490919.0	491421.0	476780.0	442758.0	348732.0	173152.0	59884.6	
626985.0	437150.0	482882.0	490919.0	491421.0	476780.0	442758.0	348732.0	173152.0	59884.6	
626985.0	437150.0	482882.0	490919.0	491421.0	476780.0	442758.0	348732.0	173152.0	59884.6	
626985.0	437150.0	482882.0	490919.0	491421.0	476780.0	442758.0	348732.0	173152.0	59884.6	
626985.0	437150.0	482882.0	490919.0	491421.0	476780.0	442758.0	348732.0	173152.0	59884.6	
626985.0	437150.0	482882.0	490919.0	491421.0	476780.0	442758.0	348732.0	173152.0	59884.6	
626985.0	437150.0	482882.0	490919.0	491421.0	476780.0	442758.0	348732.0	173152.0	59884.6	
626985.0	437150.0	482882.0	490919.0	491421.0	476780.0	442758.0	348732.0	173152.0	59884.6	
626985.0	437150.0	482882.0	490919.0	491421.0	476780.0	442758.0	348732.0	173152.0	59884.6	
626985.0	437150.0	482882.0	490919.0	491421.0	476780.0	442758.0	348732.0	173152.0	59884.6	
626985.0	437150.0	482882.0	490919.0	491421.0	476780.0	442758.0	348732.0	173152.0	59884.6	
626985.0	437150.0	482882.0	490919.0	491421.0	476780.0	442758.0	348732.0	173152.0	59884.6	
626985.0	437150.0	482882.0	490919.0	491421.0	476780.0	442758.0	348732.0	173152.0	59884.6	
626985.0	437150.0	482882.0	490919.0	491421.0	476780.0	442758.0	348732.0	173152.0	59884.6	
626985.0	437150.0	482882.0	490919.0	491421.0	476780.0	442758.0	348732.0	173152.0	59884.6	
626985.0	437150.0	482882.0	490919.0	491421.0	476780.0	442758.0	348732.0	173152.0	59884.6	
626985.0	437150.0	482882.0	490919.0	491421.0	476780.0	442758.0	348732.0	173152.0	59884.6	
626985.0	437150.0	482882.0	490919.0	491421.0	476780.0	442758.0	348732.0	173152.0	59884.6	
626985.0	437150.0	482882.0	490919.0	491421.0	476780.0	442758.0	348732.0	173152.0	59884.6	
626985.0	437150.0	482882.0	490919.0	491421.0	476780.0	442758.0	348732.0	173152.0	59884.6	
626985.0	437150.0	482882.0	490919.0	491421.0	476780.0	442758.0	348732.0	173152.0	59884.6	
626985.0	437150.0	482882.0	490919.0	491421.0	476780.0	442758.0	348732.0	173152.0	59884.6	
626985.0	437150.0	482882.0	490919.0	491421.0	476780.0	442758.0	348732.0	173152.0	59884.6	
626985.0	437150.0	482882.0	490919.0	491421.0	476780.0	442758.0	348732.0	173152.0	59884.6	
626985.0	437150.0	482882.0	490919.0	491421.0	476780.0	442758.0	348732.0	173152.0	59884.6	
626985.0	437150.0	482882.0	490919.0	491421.0	476780.0	442758.0	348732.0	173152.0	59884.6	
626985.0	437150.0	482882.0	490919.0	491421.0	476780.0	442758.0	348732.0	173152.0	59884.6	
635597.0	397889.0	452211.0	459980.0	463202.0	448346.0	416331.0	327161.0	161067.0	54767.9	
635597.0	397889.0	452211.0	459980.0	463202.0	448346.0	416331.0	327161.0	161067.0	54767.9	
635597.0	397889.0	452211.0	459980.0	463202.0	448346.0	416331.0	327161.0	161067.0	54767.9	
635597.0	397889.0	452211.0	459980.0	463202.0	448346.0	416331.0	327161.0	161067.0	54767.9	
635597.0	397889.0	452211.0	459980.0	463202.0	448346.0	416331.0	327161.0	161067.0	54767.9	
635597.0	397889.0	452211.0	459980.0	463202.0	448346.0	416331.0	327161.0	161067.0	54767.9	
635597.0	397889.0	452211.0	459980.0	463202.0	448346.0	416331.0	327161.0	161067.0	54767.9	
635597.0	397889.0	452211.0	459980.0	463202.0	448346.0	416331.0	327161.0	161067.0	54767.9	
635597.0	397889.0	452211.0	459980.0	463202.0	448346.0	416331.0	327161.0	161067.0	54767.9	
635597.0	397889.0	452211.0	459980.0	463202.0	448346.0	416331.0	327161.0	161067.0	54767.9	
635597.0	397889.0	452211.0	459980.0	463202.0	448346.0	416331.0	327161.0	161067.0	54767.9	
635597.0	397889.0	452211.0	459980.0	463202.0	448346.0	416331.0	327161.0	161067.0	54767.9	
635597.0	397889.0	452211.0	459980.0	463202.0	448346.0	416331.0	327161.0	161067.0	54767.9	
635597.0	397889.0	452211.0	459980.0	463202.0	448346.0	416331.0	327161.0	161067.0	54767.9	
635597.0	397889.0	452211.0	459980.0	463202.0	448346.0	416331.0	327161.0	161067.0	54767.9	
635597.0	397889.0	452211.0	459980.0	463202.0	448346.0	416331.0	327161.0	161067.0	54767.9	
635597.0	397889.0	452211.0	459980.0	463202.0	448346.0	416331.0	327161.0	161067.0	54767.9	
635597.0	397889.0	452211.0	459980.0	463202.0	448346.0	416331.0	327161.0	161067.0	54767.9	
635597.0	397889.0	452211.0	459980.0	463202.0	448346.0	416331.0	327161.0	161067.0	54767.9	
635597.0	397889.0	452211.0	459980.0	463202.0	448346.0	416331.0	327161.0	161067.0	54767.9	
635597.0	397889.0	452211.0	459980.0	463202.0	448346.0	416331.0	327161.0	161067.0	54767.9	
635597.0	397889.0	452211.0	459980.0	463202.0	448346.0	416331.0	327161.0	161067.0	54767.9	
635597.0	397889.0	452211.0	459980.0	463202.0	448346.0	416331.0	327161.0	161067.0	54767.9	
635597.0	397889.0	452211.0	459980.0	463202.0	448346.0	416331.0	327161.0	161067.0	54767.9	
635597.0	397889.0	452211.0	459980.0	463202.0	448346.0	416331.0	327161.0	161067.0	54767.9	
635597.0	397889.0	452211.0	459980.0	463202.0	448346.0	416331.0	327161.0	161067.0	54767.9	
635597.0	397889.0	452211.0	459980.0	463202.0	448346.0	416331.0	327161.0	161067.0	54767.9	
635597.0	397889.0	452211.0	459980.0	463202.0	448346.0	416331.0	327161.0	161067.0	54767.9	
635597.0	397889.0	452211.0	459980.0	463202.0	448346.0	416331.0	327161.0	161067.0	54767.9	
635597.0	397889.0	452211.0	459980.0	463202.0	448346.0	416331.0	327161.0	161067.0	54767.9	
635597.0	397889.0	452211.0	459980.0	463202.0	448346.0	416331.0	327161.0	161067.0	54767.9	
635597.0	397889.0	452211.0	459980.0	463202.0	448346.0	416331.0	327161.0	161067.0	54767.9	
635597.0	397889.0	452211.0	459980.0	463202.0	448346.0	416331.0	327161.0	161067.0	54767.9	
635597.0	397889.0	452211.0	459980.0	463202.0	448346.0	416331.0	327161.0	161067.0	54767.9	
635597.0	397889.0	452211.0	459980.0	463202.0	448346.0	416331.0	327161.0	161067.0	54767.9	
635597.0	397889.0	452211.0	459980.0	463202.0	448346.0	416331.0	327161.0	161067.0	54767.9	
635597.0	397889.0	452211.0	459980.0	463202.0	448346.0	416331.0	327161.0	161067.0	54767.9	
635597.0	397889.0	452211.0	459980.0	463202.0	448346.0	416331.0	327161.0	161067.0	54767.9	
635597.0	397889.0	452211.0	459980.0	463202.0	448346.0	416331.0	327161.0	161067.0	54767.9	
635597.0	397889.0	452211.0	459980.0	463202.0	448346.0	416331.0	327161.0	161067.0	54767.9	
635597.0	397889.0	452211.0	459980.0	463202.0	448346.0	416331.0	327161.0	161067.0	54767.9	
635597.0	397889.0	452211.0	459980.0	463202.0	448346.0	416331.0	327161.0	161067.0	54767.9	
635597.0	397889.0	452211.0	459980.0	463202.0	448346.0	416331.0	327161.0	161067.0	54767.9	
635597.0	397889.0	452211.0	459980.0	463202.0	448346.0	416331.0	327161.0	161067.0	54767.9	
635597.0	397889.0	452211.0	459980.0	463202.0	448346.0	416331.0	327161.0	161067.0	54767.9	
635597.0	397889.0	452211.0	459980.0	463202.0	448346.0	416331.0	327161.0	161067.0	54767.9	
635597.0	397889.0	452211.0	459980.0	463202.0	448346.0	416331.0	327161.0	161067.0	54767.9	
635597.0	397889.0	452211.0	459980.0	463202.0	448346.0	416331.0	327161.0	161067.0	54767.9	
635597.0	397889.0	452211.0	459980.0	463202.0	448346.0	416331.0	327161.0	161067.0	54767.9	
635597.0	397889.0	452211.0	459980.0	463202.0	448346.0	416331.0	327161.0	161067.0	54767.9	
635597.0	397889.0	452211.0	459980.0	463202.0	448346.0	416331.0	327161.0	161067.0	54767.9	
635597.0	397889.0	452211.0	459980.0	463202.0	448346.0	416331.0	327161.0	161067.0	54767.9	
635597.0	397889.0	452211.0	459980.0	463202.0	448346.0	416331.0	327161.0	161067.0	54767.9	
635597.0	397889.0	452211.0	459980.0	463202.0	448346.0	416331.0	327161.0	161067.0	54767.9	
635597.0	397889.0	452211.0	459980.0	463202.0	448346.0	416331.0	327161.0	161067.0	54767.9	
635597.0	397889.0	452211.0	459980.0	463202.0	448346.0	416331.0	327161.0	161067.0	54767.9	
635597.0	397889.0	452211.0	459980.0	463202.0	448346.0	416331.0	327161.0	161067.0	54767.9	
635597.0	397889.0	452211.0	459980.0	463202.0	448346.0	416331.0	327161.0	161067.0	54767.9	
635597.0	397889.0	452211.0	459980.0	463202.0	448346.0	416331.0	327161.0	161067.0	54767.9	
635597.0	397889.0	452211.0	459980.0	463202.0	448346.0	416331.0	327161.0	161067.0	54767.9	
635597.0	397889.0	452211.0	459980.0	463202.0	448346.0	416331.0	327161.0	161067.0	54767.9	
635597.0	397889.0	452211.0	459980.0	463202.0	448346.0	416331.0	327161.0	161067.0	54767.9	
635597.0	397889.0	452211.0	459980.0	463202.0	448346.0	416331.0	327161.0	161067.0	54767.9	
635597.0	397889.0	452211.0	459980.0	463202.0	448346.0	416331.0	327161.0	161067.0	54767.9	
635597.0	397889.0	452211.0	459980.0	463202.0	448346.0	416331.0	327161.0	161067.0	54767.9	
635597.0	397889.0	452211.0	459980.0	463202.0	448346.0	416331.0	327161.0	161067.0	54767.9	
635597.0	397889.0	452211.0	459980.0	463202.0	448346.0	416331.0	327161.0	161067.0	54767.9	
635597.0	397889.0	452211.0	459980.0	463202.0	448346.0	416331.0	327161.0	161067.0	54767.9	
635597.0	397889.0	452211.0	459980.0	463202.0	448346.0	416331.0	327161.0	161067.0	54767.9	
635597.0	397889.0	452211.0	459980.0	463202.0	448346.0	416331.0	327161.0	161067.0	54767.9	
635597.0	397889.0	452211.0	459980.0	463202.0	448346.0	416331.0	327161.0	161067.0	54767.9	
635597.0	397889.0	452211.0	459980.0	463202.0	448346.0	416331.0	327161.0	161067.0	54767.9	
635597.0	397889.0	452211.0	459980.0	463202.0	448346.0	416331.0	327161.0	161067.0	54767.9	
635597.0	397889.0	452211.0	459980.0	463202.0	448346.0	416331.0	327161.0	161067.0	54767.9	
635597.0	397889.0	452211.0	459980.0	463202.0	448346.0	416331.0	327161.0	161067.0	54767.9	
635597.0	397889.0	452211.0	459980.0	463202.0	448346.0	416331.0	327161.0	161067.0	54767.9	
635597.0	397889.0	452211.0	459980.0	463202.0	448346.0	416331.0	327161.0	161067.0	54767.9	
635597.0	397889.0	452211.0	459980.0	463202.0	448346.0	416331.0	327161.0	161067.0	54767.9	
635597.0	397889.0	452211.0	459980.0	463202.0	448346.0	416331.0	327161.0	161067.0	54767.9	
635597.0	397889.0	452211.0	459980.0	463202.0	448346.0	416331.0	327161.0	161067.0	54767.9	
635597.0	397889.0	452211.0	459980.0	463202.0	448346.0	416331.0	327161.0	161067.0	54767.9	
635597.0	397889.0	452211.0	459980.0	463202.0	448346.0	416331.0	327161.0	161067.0	54767.9	
635597.0	397889.0	452211.0	459980.0	463202.0	448346.0	416331.0	327161.0	161067.0	54767.9	
635597.0	397889.0	452211.0	459980.0	463202.0	448346.0	416331.0	327161.0	161067.0	54767.9	
635597.0	397889.0	452211.0	459980.0	463202.0	448346.0	416331.0	327161.0	161067.0	54767.9	
635597.0	397889.0	452211.0	459980.0	463202.0	448346.0	416331.0	327161.0	161067.0	54767.9	
635597.0	397889.0	452211.0	459980.0	463202.0	448346.0	416331.0	327161.0	161067.0	54767.9	
635597.0	397889.0	452211.0	459980.0	463202.0	448346.0	416331.0	327161.0	161067.0	54767.9	
635597.0	397889.0	452211.0	459980.0	463202.0	448346.0	416331.0	327161.0	161067.0	54767.9	
635597.0	397889.0	452211.0	459980.0	463202.0	448346.0	416331.0	327161.0	161067.0	54767.9	
635597.0	397889.0	452211.0	459980.0	463202.0	448346.0	416331.0	327161.0	161067.0	54767.9	
635597.0	397889.0	452211.0	459980.0	463202.0	448346.0	416331.0	327161.0	161067.0	54767.9	
635597.0	397889.0	452211.0	459980.0	463202.0	448346.0	416331.0	327161.0	161067.0	54767.9	
635597.0	397889.0	452211.0	459980.0	463202.0	448346.0	416331.0	327161.0	161067.0	54767.9	
635597.0	397889.0	452211.0	459980.0	463202.0	448346.0	416331.0	327161.0	161067.0	54767.9	
635597.0	397889.0	452211.0	459980.0	463202.0	448346.0	416331.0	327161.0	161067.0	54767.9	
635597.0	397889.0	452211.0	459980.0	463202.0	448346.0	416331.0	327161.0	161067.0	54767.9	
635597.0	397889.0	452211.0	459980.0	463202.0	448346.0	416331.0	327161.0	161067.0	54767.9	
635597.0	397889.0	452211.0	459980.0	463202.0	448346.0	416331.0	327161.0	161067.0	54767.9	
635597.0	397889.0	452211.0	459980.0	463202.0	448346.0	416331.0	327161.0	161067.0	54767.9	
635597.0	397889.0	452211.0	459980.0	463202.0	448346.0	416331.0	327161.0	161067.0	54767.9	
635597.0	397889.0	452211.0	459980.0	463202.0	448346.0	416331.0	327161.0	161067.0	54767.9	
635597.0	397889.0	452211.0	459980.0	463202.0	448346.0	416331.0	327161.0	161067.0	54767.9	
635597.0	397889.0	452211.0	459980.0	463202.0	448346.0	416331.0	327161.0	161067.0	54767.9	
635597.0	397889.0	452211.0	459980.0	463202.0	448346.0	416331.0	327161.0	161067.0	54767.9	
635597.0	397889.0	452211.0	459980.0	463202.0	448346.0	416331.0	327161.0	161067.0	54767.9	
635597.0	397889.0	452211.0	459980.0	463202.0	448346.0	416331.0	327161.0	161067.0	54767.9	
635597.0	397889.0	452211.0	459980.0	463202.0	448346.0	416331.0	327161.0	161067.0	54767.9	
635597.0	397889.0	452211.0	459980.0	463202.0	448346.0	416331.0	327161.0	161067.0	54767.9	
635597.0	397889.0	452211.0	459980.0	463202.0	448346.0	416331.0	327161.0	161067.0	54767.9	
635597.0	397889.0	452211.0	459980.0	463202.0	448346.0	416331.0	327161.0	161067.0	54767.9	
635597.0	397889.0	452211.0	459980.0	463202.0	448346.0	416331.0	327161.0	161067.0	54767.9	
635597.0	397889.0	452211.0	459980.0	463202.0	448346.0	416331.0	327161.0	161067.0	54767.9	
635597.0	397889.0	452211.0	459980.0	463202.0	448346.0	416331.0	327161.0	161067.0	54767.9	
635597.0	397889.0	452211.0	459980.0	463202.0	448346.0	416331.0	327161.0	161067.0	54767.9	
635597.0	397889.0	452211.0	459980.0	463202.0	448346.0	416331.0	327161.0	161067.0	54767.9	
604281.0	362922.0	419018.0	419416.0	424878.0	411367.0	382597.0	302319.0	151694.0	52884.0	
604281.0	362922.0	419018.0	419416.0	424878.0	411367.0	382597.0	302319.0	151694.0	52884.0	
427004.0	341556.0	400404.0	381161.0	385231.0	374323.0	347469.0	274542.0	137905.0	49222.1	
427004.0	341556.0	400404.0	381161.0	385231.0	374323.0	347469.0	274542.0	137905.0	49222.1	
427004.0	341556.0	400404.0	381161.0	385231.0	374323.0	347469.0	274542.0	137905.0	49222.1	
427004.0	341556.0	400404.0	381161.0	385231.0	374323.0	347469.0	274542.0	137905.0	49222.1	
427004.0	341556.0	400404.0	381161.0	385231.0	374323.0	347469.0	274542.0	137905.0	49222.1	
427004.0	341556.0	400404.0	381161.0	385231.0	374323.0	347469.0	274542.0	137905.0	49222.1	
427004.0	341556.0	400404.0	381161.0	385231.0	374323.0	347469.0	274542.0	137905.0	49222.1	
427004.0	341556.0	400404.0	381161.0	385231.0	374323.0	347469.0	274542.0	137905.0	49222.1	
427004.0	341556.0	400404.0	381161.0	385231.0	374323.0	347469.0	274542.0	137905.0	49222.1	
427004.0	341556.0	400404.0	381161.0	385231.0	374323.0	347469.0	274542.0	137905.0	49222.1	
427004.0	341556.0	400404.0	381161.0	385231.0	374323.0	347469.0	274542.0	137905.0	49222.1	
427004.0	341556.0	400404.0	381161.0	385231.0	374323.0	347469.0	274542.0	137905.0	49222.1	
427004.0	341556.0	400404.0	381161.0	385231.0	374323.0	347469.0	274542.0	137905.0	49222.1	
427004.0	341556.0	400404.0	381161.0	385231.0	374323.0	347469.0	274542.0	137905.0	49222.1	
427004.0	341556.0	400404.0	381161.0	385231.0	374323.0	347469.0	274542.0	137905.0	49222.1	
427004.0	341556.0	400404.0	381161.0	385231.0	374323.0	347469.0	274542.0	137905.0	49222.1	
427004.0	341556.0	400404.0	381161.0	385231.0	374323.0	347469.0	274542.0	137905.0	49222.1	
427004.0	341556.0	400404.0	381161.0	385231.0	374323.0	347469.0	274542.0	137905.0	49222.1	
427004.0	341556.0	400404.0	381161.0	385231.0	374323.0	347469.0	274542.0	137905.0	49222.1	
427004.0	341556.0	400404.0	381161.0	385231.0	374323.0	347469.0	274542.0	137905.0	49222.1	
427004.0	341556.0	400404.0	381161.0	385231.0	374323.0	347469.0	274542.0	137905.0	49222.1	
427004.0	341556.0	400404.0	381161.0	385231.0	374323.0	347469.0	274542.0	137905.0	49222.1	
427004.0	341556.0	400404.0	381161.0	385231.0	374323.0	347469.0	274542.0	137905.0	49222.1	
427004.0	341556.0	400404.0	381161.0	385231.0	374323.0	347469.0	274542.0	137905.0	49222.1	
427004.0	341556.0	400404.0	381161.0	385231.0	374323.0	347469.0	274542.0	137905.0	49222.1	
427004.0	341556.0	400404.0	381161.0	385231.0	374323.0	347469.0	274542.0	137905.0	49222.1	
427004.0	341556.0	400404.0	381161.0	385231.0	374323.0	347469.0	274542.0	137905.0	49222.1	
427004.0	341556.0	400404.0	381161.0	385231.0	374323.0	347469.0	274542.0	137905.0	49222.1	
427004.0	341556.0	400404.0	381161.0	385231.0	374323.0	347469.0	274542.0	137905.0	49222.1	
427004.0	341556.0	400404.0	381161.0	385231.0	374323.0	347469.0	274542.0	137905.0	49222.1	
427004.0	341556.0	400404.0	381161.0	385231.0	374323.0	347469.0	274542.0	137905.0	49222.1	
427004.0	341556.0	400404.0	381161.0	385231.0	374323.0	347469.0	274542.0	137905.0	49222.1	
427004.0	341556.0	400404.0	381161.0	385231.0	374323.0	347469.0	274542.0	137905.0	49222.1	
427004.0	341556.0	400404.0	381161.0	385231.0	374323.0	347469.0	274542.0	137905.0	49222.1	
427004.0	341556.0	400404.0	381161.0	385231.0	374323.0	347469.0	274542.0	137905.0	49222.1	
427004.0	341556.0	400404.0	381161.0	385231.0	374323.0	347469.0	274542.0	137905.0	49222.1	
427004.0	341556.0	400404.0	381161.0	385231.0	374323.0	347469.0	274542.0	137905.0	49222.1	
427004.0	341556.0	400404.0	381161.0	385231.0	374323.0	347469.0	274542.0	137905.0	49222.1	
427004.0	341556.0	400404.0	381161.0	385231.0	374323.0	347469.0	274542.0	137905.0	49222.1	
427004.0	341556.0	400404.0	381161.0	385231.0	374323.0	347469.0	274542.0	137905.0	49222.1	
427004.0	341556.0	400404.0	381161.0	385231.0	374323.0	347469.0	274542.0	137905.0	49222.1	
427004.0	341556.0	400404.0	381161.0	385231.0	374323.0	347469.0	274542.0	137905.0	49222.1	
427004.0	341556.0	400404.0	381161.0	385231.0	374323.0	347469.0	274542.0	137905.0	49222.1	
427004.0	341556.0	400404.0	381161.0	385231.0	374323.0	347469.0	274542.0	137905.0	49222.1	
427004.0	341556.0	400404.0	381161.0	385231.0	374323.0	347469.0	274542.0	137905.0	49222.1	
427004.0	341556.0	400404.0	381161.0	385231.0	374323.0	347469.0	274542.0	137905.0	49222.1	
427004.0	341556.0	400404.0	381161.0	385231.0	374323.0	347469.0	274542.0	137905.0	49222.1	
427004.0	341556.0	400404.0	381161.0	385231.0	374323.0	347469.0	274542.0	137905.0	49222.1	
427004.0	341556.0	400404.0	381161.0	385231.0	374323.0	347469.0	274542.0	137905.0	49222.1	
427004.0	341556.0	400404.0	381161.0	385231.0	374323.0	347469.0	274542.0	137905.0	49222.1	
427004.0	341556.0	400404.0	381161.0	385231.0	374323.0	347469.0	274542.0	137905.0	49222.1	
427004.0	341556.0	400404.0	381161.0	385231.0	374323.0	347469.0	274542.0	137905.0	49222.1	
427004.0	341556.0	400404.0	381161.0	385231.0	374323.0	347469.0	274542.0	137905.0	49222.1	
427004.0	341556.0	400404.0	381161.0	385231.0	374323.0	347469.0	274542.0	137905.0	49222.1	
427004.0	341556.0	400404.0	381161.0	385231.0	374323.0	347469.0	274542.0	137905.0	49222.1	
427004.0	341556.0	400404.0	381161.0	385231.0	374323.0	347469.0	274542.0	137905.0	49222.1	
427004.0	341556.0	400404.0	381161.0	385231.0	374323.0	347469.0	274542.0	137905.0	49222.1	
427004.0	341556.0	400404.0	381161.0	385231.0	374323.0	347469.0	274542.0	137905.0	49222.1	
427004.0	341556.0	400404.0	381161.0	385231.0	374323.0	347469.0	274542.0	137905.0	49222.1	
427004.0	341556.0	400404.0	381161.0	385231.0	374323.0	347469.0	274542.0	137905.0	49222.1	
427004.0	341556.0	400404.0	381161.0	385231.0	374323.0	347469.0	274542.0	137905.0	49222.1	
427004.0	341556.0	400404.0	381161.0	385231.0	374323.0	347469.0	274542.0	137905.0	49222.1	
427004.0	341556.0	400404.0	381161.0	385231.0	374323.0	347469.0	274542.0	137905.0	49222.1	
427004.0	341556.0	400404.0	381161.0	385231.0	374323.0	347469.0	274542.0	137905.0	49222.1	
427004.0	341556.0	400404.0	381161.0	385231.0	374323.0	347469.0	274542.0	137905.0	49222.1	
427004.0	341556.0	400404.0	381161.0	385231.0	374323.0	347469.0	274542.0	137905.0	49222.1	
427004.0	341556.0	400404.0	381161.0	385231.0	374323.0	347469.0	274542.0	137905.0	49222.1	
427004.0	341556.0	400404.0	381161.0	385231.0	374323.0	347469.0	274542.0	137905.0	49222.1	
427004.0	341556.0	400404.0	381161.0	385231.0	374323.0	347469.0	274542.0	137905.0	49222.1	
427004.0	341556.0	400404.0	381161.0	385231.0	374323.0	347469.0	274542.0	137905.0	49222.1	
427004.0	341556.0	400404.0	381161.0	385231.0	374323.0	347469.0	274542.0	137905.0	49222.1	
427004.0	341556.0	400404.0	381161.0	385231.0	374323.0	347469.0	274542.0	137905.0	49222.1	
427004.0	341556.0	400404.0	381161.0	385231.0	374323.0	347469.0	274542.0	137905.0	49222.1	
427004.0	341556.0	400404.0	381161.0	385231.0	374323.0	347469.0	274542.0	137905.0	49222.1	
427004.0	341556.0	400404.0	381161.0	385231.0	374323.0	347469.0	274542.0	137905.0	49222.1	
427004.0	341556.0	400404.0	381161.0	385231.0	374323.0	347469.0	274542.0	137905.0	49222.1	
427004.0	341556.0	400404.0	381161.0	385231.0	374323.0	347469.0	274542.0	137905.0	49222.1	
427004.0	341556.0	400404.0	381161.0	385231.0	374323.0	347469.0	274542.0	137905.0	49222.1	
427004.0	341556.0	400404.0	381161.0	385231.0	374323.0	347469.0	274542.0	137905.0	49222.1	
427004.0	341556.0	400404.0	381161.0	385231.0	374323.0	347469.0	274542.0	137905.0	49222.1	
427004.0	341556.0	400404.0	381161.0	385231.0	374323.0	347469.0	274542.0	137905.0	49222.1	
427004.0	341556.0	400404.0	381161.0	385231.0	374323.0	347469.0	274542.0	137905.0	49222.1	
427004.0	341556.0	400404.0	381161.0	385231.0	374323.0	347469.0	274542.0	137905.0	49222.1	
427004.0	341556.0	400404.0	381161.0	385231.0	374323.0	347469.0	274542.0	137905.0	49222.1	
427004.0	341556.0	400404.0	381161.0	385231.0	374323.0	347469.0	274542.0	137905.0	49222.1	
427004.0	341556.0	400404.0	381161.0	385231.0	374323.0	347469.0	274542.0	137905.0	49222.1	
427004.0	341556.0	400404.0	381161.0	385231.0	374323.0	347469.0	274542.0	137905.0	49222.1	
427004.0	341556.0	400404.0	381161.0	385231.0	374323.0	347469.0	274542.0	137905.0	49222.1	
427004.0	341556.0	400404.0	381161.0	385231.0	374323.0	347469.0	274542.0	137905.0	49222.1	
427004.0	341556.0	400404.0	381161.0	385231.0	374323.0	347469.0	274542.0	137905.0	49222.1	
427004.0	341556.0	400404.0	381161.0	385231.0	374323.0	347469.0	274542.0	137905.0	49222.1	
427004.0	341556.0	400404.0	381161.0	385231.0	374323.0	347469.0	274542.0	137905.0	49222.1	
427004.0	341556.0	400404.0	381161.0	385231.0	374323.0	347469.0	274542.0	137905.0	49222.1	
427004.0	341556.0	400404.0	381161.0	385231.0	374323.0	347469.0	274542.0	137905.0	49222.1	
427004.0	341556.0	400404.0	381161.0	385231.0	374323.0	347469.0	274542.0	137905.0	49222.1	
427004.0	341556.0	400404.0	381161.0	385231.0	374323.0	347469.0	274542.0	137905.0	49222.1	
427004.0	341556.0	400404.0	381161.0	385231.0	374323.0	347469.0	274542.0	137905.0	49222.1	
427004.0	341556.0	400404.0	381161.0	385231.0	374323.0	347469.0	274542.0	137905.0	49222.1	
427004.0	341556.0	400404.0	381161.0	385231.0	374323.0	347469.0	274542.0	137905.0	49222.1	
427004.0	341556.0	400404.0	381161.0	385231.0	374323.0	347469.0	274542.0	137905.0	49222.1	
427004.0	341556.0	400404.0	381161.0	385231.0	374323.0	347469.0	274542.0	137905.0	49222.1	
427004.0	341556.0	400404.0	381161.0	385231.0	374323.0	347469.0	274542.0	137905.0	49222.1	
427004.0	341556.0	400404.0	381161.0	385231.0	374323.0	347469.0	274542.0	137905.0	49222.1	
427004.0	341556.0	400404.0	381161.0	385231.0	374323.0	347469.0	274542.0	137905.0	49222.1	
427004.0	341556.0	400404.0	381161.0	385231.0	374323.0	347469.0	274542.0	137905.0	49222.1	
427004.0	341556.0	400404.0	381161.0	385231.0	374323.0	347469.0	274542.0	137905.0	49222.1	
427004.0	341556.0	400404.0	381161.0	385231.0	374323.0	347469.0	274542.0	137905.0	49222.1	
427004.0	341556.0	400404.0	381161.0	385231.0	374323.0	347469.0	274542.0	137905.0	49222.1	
427004.0	341556.0	400404.0	381161.0	385231.0	374323.0	347469.0	274542.0	137905.0	49222.1	
427004.0	341556.0	400404.0	381161.0	385231.0	374323.0	347469.0	274542.0	137905.0	49222.1	
427004.0	341556.0	400404.0	381161.0	385231.0	374323.0	347469.0	274542.0	137905.0	49222.1	
427004.0	341556.0	400404.0	381161.0	385231.0	374323.0	347469.0	274542.0	137905.0	49222.1	
427004.0	341556.0	400404.0	381161.0	385231.0	374323.0	347469.0	274542.0	137905.0	49222.1	
427004.0	341556.0	400404.0	381161.0	385231.0	374323.0	347469.0	274542.0	137905.0	49222.1	
427004.0	341556.0	400404.0	381161.0	385231.0	374323.0	347469.0	274542.0	137905.0	49222.1	
427004.0	341556.0	400404.0	381161.0	385231.0	374323.0	347469.0	274542.0	137905.0	49222.1	
427004.0	341556.0	400404.0	381161.0	385231.0	374323.0	347469.0	274542.0	137905.0	49222.1	
427004.0	341556.0	400404.0	381161.0	385231.0	374323.0	347469.0	274542.0	137905.0	49222.1	
427004.0	341556.0	400404.0	381161.0	385231.0	374323.0	347469.0	274542.0	137905.0	49222.1	
427004.0	341556.0	400404.0	381161.0	385231.0	374323.0	347469.0	274542.0	137905.0	49222.1	
427004.0	341556.0	400404.0	381161.0	385231.0	374323.0	347469.0	274542.0	137905.0	49222.1	
427004.0	341556.0	400404.0	381161.0	385231.0	374323.0	347469.0	274542.0	137905.0	49222.1	
427004.0	341556.0	400404.0	381161.0	385231.0	374323.0	347469.0	274542.0	137905.0	49222.1	
427004.0	341556.0	400404.0	381161.0	385231.0	374323.0	347469.0	274542.0	137905.0	49222.1	
427004.0	341556.0	400404.0	381161.0	385231.0	374323.0	347469.0	274542.0	137905.0	49222.1	
427004.0	341556.0	400404.0	381161.0	385231.0	374323.0	347469.0	274542.0	137905.0	49222.1	
427004.0	341556.0	400404.0	381161.0	385231.0	374323.0	347469.0	274542.0	137905.0	49222.1	
427004.0	341556.0	400404.0	381161.0	385231.0	374323.0	347469.0	274542.0	137905.0	49222.1	
427004.0	341556.0	400404.0	381161.0	385231.0	374323.0	347469.0	274542.0	137905.0	49222.1	
427004.0	341556.0	400404.0	381161.0	385231.0	374323.0	347469.0	274542.0	137905.0	49222.1	
427004.0	341556.0	400404.0	381161.0	385231.0	374323.0	347469.0	274542.0	137905.0	49222.1	
427004.0	341556.0	400404.0	381161.0	385231.0	374323.0	347469.0	274542.0	137905.0	49222.1	
427004.0	341556.0	400404.0	381161.0	385231.0	374323.0	347469.0	274542.0	137905.0	49222.1	
427004.0	341556.0	400404.0	381161.0	385231.0	374323.0	347469.0	274542.0	137905.0	49222.1	
427004.0	341556.0	400404.0	381161.0	385231.0	374323.0	347469.0	274542.0	137905.0	49222.1	
427004.0	341556.0	400404.0	381161.0	385231.0	374323.0	347469.0	274542.0	137905.0	49222.1	
427004.0	341556.0	400404.0	381161.0	385231.0	374323.0	347469.0	274542.0	137905.0	49222.1	
427004.0	341556.0	400404.0	381161.0	385231.0	374323.0	347469.0	274542.0	137905.0	49222.1	
427004.0	341556.0	400404.0	381161.0	385231.0	374323.0	347469.0	274542.0	137905.0	49222.1	
427004.0	341556.0	400404.0	381161.0	385231.0	374323.0	347469.0	274542.0	137905.0	49222.1	
427004.0	341556.0	400404.0	381161.0	385231.0	374323.0	347469.0	274542.0	137905.0	49222.1	
427004.0	341556.0	400404.0	381161.0	385231.0	374323.0	347469.0	274542.0	137905.0	49222.1	
427004.0	341556.0	400404.0	381161.0	385231.0	374323.0	347469.0	274542.0	137905.0	49222.1	
427004.0	341556.0	400404.0	381161.0	385231.0	374323.0	347469.0	274542.0	137905.0	49222.1	
427004.0	341556.0	400404.0	381161.0	385231.0	374323.0	347469.0	274542.0	137905.0	49222.1	
427004.0	341556.0	400404.0	381161.0	385231.0	374323.0	347469.0	274542.0	137905.0	49222.1	
427004.0	341556.0	400404.0	381161.0	385231.0	374323.0	347469.0	274542.0	137905.0	49222.1	
427004.0	341556.0	400404.0	381161.0	385231.0	374323.0	347469.0	274542.0	137905.0	49222.1	
427004.0	341556.0	400404.0	381161.0	385231.0	374323.0	347469.0	274542.0	137905.0	49222.1	
427004.0	341556.0	400404.0	381161.0	385231.0	374323.0	347469.0	274542.0	137905.0	49222.1	
427004.0	341556.0	400404.0	381161.0	385231.0	374323.0	347469.0	274542.0	137905.0	49222.1	
427004.0	341556.0	400404.0	381161.0	385231.0	374323.0	347469.0	274542.0	137905.0	49222.1	
427004.0	341556.0	400404.0	381161.0	385231.0	374323.0	347469.0	274542.0	137905.0	49222.1	
427004.0	341556.0	400404.0	381161.0	385231.0	374323.0	347469.0	274542.0	137905.0	49222.1	
427004.0	341556.0	400404.0	381161.0	385231.0	374323.0	347469.0	274542.0	137905.0	49222.1	
427004.0	341556.0	400404.0	381161.0	385231.0	374323.0	347469.0	274542.0	137905.0	49222.1	
427004.0	341556.0	400404.0	381161.0	385231.0	374323.0	347469.0	274542.0	137905.0	49222.1	
427004.0	341556.0	400404.0	381161.0	385231.0	374323.0	347469.0	274542.0	137905.0	49222.1	
427004.0	341556.0	400404.0	381161.0	385231.0	374323.0	347469.0	274542.0	137905.0	49222.1	
427004.0	341556.0	400404.0	381161.0	385231.0	374323.0	347469.0	274542.0	137905.0	49222.1	
427004.0	341556.0	400404.0	381161.0	385231.0	374323.0	347469.0	274542.0	137905.0	49222.1	
427004.0	341556.0	400404.0	381161.0	385231.0	374323.0	347469.0	274542.0	137905.0	49222.1	
427004.0	341556.0	400404.0	381161.0	385231.0	374323.0	347469.0	274542.0	137905.0	49222.1	
427004.0	341556.0	400404.0	381161.0	385231.0	374323.0	347469.0	274542.0	137905.0	49222.1	
427004.0	341556.0	400404.0	381161.0	385231.0	374323.0	347469.0	274542.0	137905.0	49222.1	
427004.0	341556.0	400404.0	381161.0	385231.0	374323.0	347469.0	274542.0	137905.0	49222.1	
427004.0	341556.0	400404.0	381161.0	385231.0	374323.0	347469.0	274542.0	137905.0	49222.1	
427004.0	341556.0	400404.0	381161.0	385231.0	374323.0	347469.0	274542.0	137905.0	49222.1	
427004.0	341556.0	400404.0	381161.0	385231.0	374323.0	347469.0	274542.0	137905.0	49222.1	
427004.0	341556.0	400404.0	381161.0	385231.0	374323.0	347469.0	274542.0	137905.0	49222.1	
427004.0	341556.0	400404.0	381161.0	385231.0	374323.0	347469.0	274542.0	137905.0	49222.1	
427004.0	341556.0	400404.0	381161.0	385231.0	374323.0	347469.0	274542.0	137905.0	49222.1	
427004.0	341556.0	400404.0	381161.0	385231.0	374323.0	347469.0	274542.0	137905.0	49222.1	
427004.0	341556.0	400404.0	381161.0	385231.0	374323.0	347469.0	274542.0	137905.0	49222.1	
427004.0	341556.0	400404.0	381161.0	385231.0	374323.0	347469.0	274542.0	137905.0	49222.1	
427004.0	341556.0	400404.0	381161.0	385231.0	374323.0	347469.0	274542.0	137905.0	49222.1	
427004.0	341556.0	400404.0	381161.0	385231.0	374323.0	347469.0	274542.0	137905.0	49222.1	
427004.0	341556.0	400404.0	381161.0	385231.0	374323.0	347469.0	274542.0	137905.0	49222.1	
427004.0	341556.0	400404.0	381161.0	385231.0	374323.0	347469.0	274542.0	137905.0	49222.1	
427004.0	341556.0	400404.0	381161.0	385231.0	374323.0	347469.0	274542.0	137905.0	49222.1	
427004.0	341556.0	400404.0	381161.0	385231.0	374323.0	347469.0	274542.0	137905.0	49222.1	
427004.0	341556.0	400404.0	381161.0	385231.0	374323.0	347469.0	274542.0	137905.0	49222.1	
427004.0	341556.0	400404.0	381161.0	385231.0	374323.0	347469.0	274542.0	137905.0	49222.1	
427004.0	341556.0	400404.0	381161.0	385231.0	374323.0	347469.0	274542.0	137905.0	49222.1	
427004.0	341556.0	400404.0	381161.0	385231.0	374323.0	347469.0	274542.0	137905.0	49222.1	
427004.0	341556.0	400404.0	381161.0	385231.0	374323.0	347469.0	274542.0	137905.0	49222.1	
427004.0	341556.0	400404.0	381161.0	385231.0	374323.0	347469.0	274542.0	137905.0	49222.1	
427004.0	341556.0	400404.0	381161.0	385231.0	374323.0	347469.0	274542.0	137905.0	49222.1	
427004.0	341556.0	400404.0	381161.0	385231.0	374323.0	347469.0	274542.0	137905.0	49222.1	
427004.0	341556.0	400404.0	381161.0	385231.0	374323.0	347469.0	274542.0	137905.0	49222.1	
427004.0	341556.0	400404.0	381161.0	385231.0	374323.0	347469.0	274542.0	137905.0	49222.1	
427004.0	341556.0	400404.0	381161.0	385231.0	374323.0	347469.0	274542.0	137905.0	49222.1	
427004.0	341556.0	400404.0	381161.0	385231.0	374323.0	347469.0	274542.0	137905.0	49222.1	
427004.0	341556.0	400404.0	381161.0	385231.0	374323.0	347469.0	274542.0	137905.0	49222.1	
427004.0	341556.0	400404.0	381161.0	385231.0	374323.0	347469.0	274542.0	137905.0	49222.1	
427004.0	341556.0	400404.0	381161.0	385231.0	374323.0	347469.0	274542.0	137905.0	49222.1	
427004.0	341556.0	400404.0	381161.0	385231.0	374323.0	347469.0	274542.0	137905.0	49222.1	
427004.0	341556.0	400404.0	381161.0	385231.0	374323.0	347469.0	274542.0	137905.0	49222.1	
427004.0	341556.0	400404.0	381161.0	385231.0	374323.0	347469.0	274542.0	137905.0	49222.1	
427004.0	341556.0	400404.0	381161.0	385231.0	374323.0	347469.0	274542.0	137905.0	49222.1	
427004.0	341556.0	400404.0	381161.0	385231.0	374323.0	347469.0	274542.0	137905.0	49222.1	
427004.0	341556.0	400404.0	381161.0	385231.0	374323.0	347469.0	274542.0	137905.0	49222.1	
427004.0	341556.0	400404.0	381161.0	385231.0	374323.0	347469.0	274542.0	137905.0	49222.1	
427004.0	341556.0	400404.0	381161.0	385231.0	374323.0	347469.0	274542.0	137905.0	49222.1	
427004.0	341556.0	400404.0	381161.0	385231.0	374323.0	347469.0	274542.0	137905.0	49222.1	
427004.0	341556.0	400404.0	381161.0	385231.0	374323.0	347469.0	274542.0	137905.0	49222.1	
427004.0	341556.0	400404.0	381161.0	385231.0	374323.0	347469.0	274542.0	137905.0	49222.1	
427004.0	341556.0	400404.0	381161.0	385231.0	374323.0	347469.0	274542.0	137905.0	49222.1	
427004.0	341556.0	400404.0	381161.0	385231.0	374323.0	347469.0	274542.0	137905.0	49222.1	
427004.0	341556.0	400404.0	381161.0	385231.0	374323.0	347469.0	274542.0	137905.0	49222.1	
427004.0	341556.0	400404.0	381161.0	385231.0	374323.0	347469.0	274542.0	137905.0	49222.1	
427004.0	341556.0	400404.0	381161.0	385231.0	374323.0	347469.0	274542.0	137905.0	49222.1	
427004.0	341556.0	400404.0	381161.0	385231.0	374323.0	347469.0	274542.0	137905.0	49222.1	
427004.0	341556.0	400404.0	381161.0	385231.0	374323.0	347469.0	274542.0	137905.0	49222.1	
427004.0	341556.0	400404.0	381161.0	385231.0	374323.0	347469.0	274542.0	137905.0	49222.1	
427004.0	341556.0	400404.0	381161.0	385231.0	374323.0	347469.0	274542.0	137905.0	49222.1	
427004.0	341556.0	400404.0	381161.0	385231.0	374323.0	347469.0	274542.0	137905.0	49222.1	
427004.0	341556.0	400404.0	381161.0	385231.0	374323.0	347469.0	274542.0	137905.0	49222.1	
427004.0	341556.0	400404.0	381161.0	385231.0	374323.0	347469.0	274542.0	137905.0	49222.1	
427004.0	341556.0	400404.0	381161.0	385231.0	374323.0	347469.0	274542.0	137905.0	49222.1	
427004.0	341556.0	400404.0	381161.0	385231.0	374323.0	347469.0	274542.0	137905.0	49222.1	
427004.0	341556.0	400404.0	381161.0	385231.0	374323.0	347469.0	274542.0	137905.0	49222.1	
427004.0	341556.0	400404.0	381161.0	385231.0	374323.0	347469.0	274542.0	137905.0	49222.1	
427004.0	341556.0	400404.0	381161.0	385231.0	374323.0	347469.0	274542.0	137905.0	49222.1	
427004.0	341556.0	400404.0	381161.0	385231.0	374323.0	347469.0	274542.0	137905.0	49222.1	
427004.0	341556.0	400404.0	381161.0	385231.0	374323.0	347469.0	274542.0	137905.0	49222.1	
427004.0	341556.0	400404.0	381161.0	385231.0	374323.0	347469.0	274542.0	137905.0	49222.1	
427004.0	341556.0	400404.0	381161.0	385231.0	374323.0	347469.0	274542.0	137905.0	49222.1	
427004.0	341556.0	400404.0	381161.0	385231.0	374323.0	347469.0	274542.0	137905.0	49222.1	
427004.0	341556.0	400404.0	381161.0	385231.0	374323.0	347469.0	274542.0	137905.0	49222.1	
427004.0	341556.0	400404.0	381161.0	385231.0	374323.0	347469.0	274542.0	137905.0	49222.1	
427004.0	341556.0	400404.0	381161.0	385231.0	374323.0	347469.0	274542.0	137905.0	49222.1	
427004.0	341556.0	400404.0	381161.0	385231.0	374323.0	347469.0	274542.0	137905.0	49222.1	
427004.0	341556.0	400404.0	381161.0	385231.0	374323.0	347469.0	274542.0	137905.0	49222.1	
427004.0	341556.0	400404.0	381161.0	385231.0	374323.0	347469.0	274542.0	137905.0	49222.1	
427004.0	341556.0	400404.0	381161.0	385231.0	374323.0	347469.0	274542.0	137905.0	49222.1	
427004.0	341556.0	400404.0	381161.0	385231.0	374323.0	347469.0	274542.0	137905.0	49222.1	
427004.0	341556.0	400404.0	381161.0	385231.0	374323.0	347469.0	274542.0	137905.0	49222.1	
427004.0	341556.0	400404.0	381161.0	385231.0	374323.0	347469.0	274542.0	137905.0	49222.1	
427004.0	341556.0	400404.0	381161.0	385231.0	374323.0	347469.0	274542.0	137905.0	49222.1	
427004.0	341556.0	400404.0	381161.0	385231.0	374323.0	347469.0	274542.0	137905.0	49222.1	
427004.0	341556.0	400404.0	381161.0	385231.0	374323.0	347469.0	274542.0	137905.0	49222.1	
427004.0	341556.0	400404.0	381161.0	385231.0	374323.0	347469.0	274542.0	137905.0	49222.1	
427004.0	341556.0	400404.0	381161.0	385231.0	374323.0	347469.0	274542.0	137905.0	49222.1	
427004.0	341556.0	400404.0	381161.0	385231.0	374323.0	347469.0	274542.0	137905.0	49222.1	
427004.0	341556.0	400404.0	381161.0	385231.0	374323.0	347469.0	274542.0	137905.0	49222.1	
427004.0	341556.0	400404.0	381161.0	385231.0	374323.0	347469.0	274542.0	137905.0	49222.1	
427004.0	341556.0	400404.0	381161.0	385231.0	374323.0	347469.0	274542.0	137905.0	49222.1	
427004.0	341556.0	400404.0	381161.0	385231.0	374323.0	347469.0	274542.0	137905.0	49222.1	
427004.0	341556.0	400404.0	381161.0	385231.0	374323.0	347469.0	274542.0	137905.0	49222.1	
427004.0	341556.0	400404.0	381161.0	385231.0	374323.0	347469.0	274542.0	137905.0	49222.1	
427004.0	341556.0	400404.0	381161.0	385231.0	374323.0	347469.0	274542.0	137905.0	49222.1	
427004.0	341556.0	400404.0	381161.0	385231.0	374323.0	347469.0	274542.0	137905.0	49222.1	
427004.0	341556.0	400404.0	381161.0	385231.0	374323.0	347469.0	274542.0	137905.0	49222.1	
427004.0	341556.0	400404.0	381161.0	385231.0	374323.0	347469.0	274542.0	137905.0	49222.1	
427004.0	341556.0	400404.0	381161.0	385231.0	374323.0	347469.0	274542.0	137905.0	49222.1	
427004.0	341556.0	400404.0	381161.0	385231.0	374323.0	347469.0	274542.0	137905.0	49222.1	
427004.0	341556.0	400404.0	381161.0	385231.0	374323.0	347469.0	274542.0	137905.0	49222.1	
427004.0	341556.0	400404.0	381161.0	385231.0	374323.0	347469.0	274542.0	137905.0	49222.1	
427004.0	341556.0	400404.0	381161.0	385231.0	374323.0	347469.0	274542.0	137905.0	49222.1	
427004.0	341556.0	400404.0	381161.0	385231.0	374323.0	347469.0	274542.0	137905.0	49222.1	
427004.0	341556.0	400404.0	381161.0	385231.0	374323.0	347469.0	274542.0	137905.0	49222.1	
427004.0	341556.0	400404.0	381161.0	385231.0	374323.0	347469.0	274542.0	137905.0	49222.1	
427004.0	341556.0	400404.0	381161.0	385231.0	374323.0	347469.0	274542.0	137905.0	49222.1	
427004.0	341556.0	400404.0	381161.0	385231.0	374323.0	347469.0	274542.0	137905.0	49222.1	
427004.0	341556.0	400404.0	381161.0	385231.0	374323.0	347469.0	274542.0	137905.0	49222.1	
427004.0	341556.0	400404.0	381161.0	385231.0	374323.0	347469.0	274542.0	137905.0	49222.1	
427004.0	341556.0	400404.0	381161.0	385231.0	374323.0	347469.0	274542.0	137905.0	49222.1	
427004.0	341556.0	400404.0	381161.0	385231.0	374323.0	347469.0	274542.0	137905.0	49222.1	
427004.0	341556.0	400404.0	381161.0	385231.0	374323.0	347469.0	274542.0	137905.0	49222.1	
427004.0	341556.0	400404.0	381161.0	385231.0	374323.0	347469.0	274542.0	137905.0	49222.1	
427004.0	341556.0	400404.0	381161.0	385231.0	374323.0	347469.0	274542.0	137905.0	49222.1	
427004.0	341556.0	400404.0	381161.0	385231.0	374323.0	347469.0	274542.0	137905.0	49222.1	
427004.0	341556.0	400404.0	381161.0	385231.0	374323.0	347469.0	274542.0	137905.0	49222.1	
427004.0	341556.0	400404.0	381161.0	385231.0	374323.0	347469.0	274542.0	137905.0	49222.1	
427004.0	341556.0	400404.0	381161.0	385231.0	374323.0	347469.0	274542.0	137905.0	49222.1	
427004.0	341556.0	400404.0	381161.0	385231.0	374323.0	347469.0	274542.0	137905.0	49222.1	
308120.0	308826.0	322428.0	315161.0	315874.0	307619.0	285626.0	225380.0	112931.0	40626.2	
308120.0	308826.0	322428.0	315161.0	315874.0	307619.0	285626.0	225380.0	112931.0	40626.2	
308120.0	308826.0	322428.0	315161.0	315874.0	307619.0	285626.0	225380.0	112931.0	40626.2	
308120.0	308826.0	322428.0	315161.0	315874.0	307619.0	285626.0	225380.0	112931.0	40626.2	
308120.0	308826.0	322428.0	315161.0	315874.0	307619.0	285626.0	225380.0	112931.0	40626.2	
308120.0	308826.0	322428.0	315161.0	315874.0	307619.0	285626.0	225380.0	112931.0	40626.2	
308120.0	308826.0	322428.0	315161.0	315874.0	307619.0	285626.0	225380.0	112931.0	40626.2	
308120.0	308826.0	322428.0	315161.0	315874.0	307619.0	285626.0	225380.0	112931.0	40626.2	
308120.0	308826.0	322428.0	315161.0	315874.0	307619.0	285626.0	225380.0	112931.0	40626.2	
308120.0	308826.0	322428.0	315161.0	315874.0	307619.0	285626.0	225380.0	112931.0	40626.2	
308120.0	308826.0	322428.0	315161.0	315874.0	307619.0	285626.0	225380.0	112931.0	40626.2	
308120.0	308826.0	322428.0	315161.0	315874.0	307619.0	285626.0	225380.0	112931.0	40626.2	
308120.0	308826.0	322428.0	315161.0	315874.0	307619.0	285626.0	225380.0	112931.0	40626.2	
308120.0	308826.0	322428.0	315161.0	315874.0	307619.0	285626.0	225380.0	112931.0	40626.2	
308120.0	308826.0	322428.0	315161.0	315874.0	307619.0	285626.0	225380.0	112931.0	40626.2	
308120.0	308826.0	322428.0	315161.0	315874.0	307619.0	285626.0	225380.0	112931.0	40626.2	
308120.0	308826.0	322428.0	315161.0	315874.0	307619.0	285626.0	225380.0	112931.0	40626.2	
308120.0	308826.0	322428.0	315161.0	315874.0	307619.0	285626.0	225380.0	112931.0	40626.2	
308120.0	308826.0	322428.0	315161.0	315874.0	307619.0	285626.0	225380.0	112931.0	40626.2	
308120.0	308826.0	322428.0	315161.0	315874.0	307619.0	285626.0	225380.0	112931.0	40626.2	
308120.0	308826.0	322428.0	315161.0	315874.0	307619.0	285626.0	225380.0	112931.0	40626.2	
308120.0	308826.0	322428.0	315161.0	315874.0	307619.0	285626.0	225380.0	112931.0	40626.2	
308120.0	308826.0	322428.0	315161.0	315874.0	307619.0	285626.0	225380.0	112931.0	40626.2	
308120.0	308826.0	322428.0	315161.0	315874.0	307619.0	285626.0	225380.0	112931.0	40626.2	
308120.0	308826.0	322428.0	315161.0	315874.0	307619.0	285626.0	225380.0	112931.0	40626.2	
308120.0	308826.0	322428.0	315161.0	315874.0	307619.0	285626.0	225380.0	112931.0	40626.2	
308120.0	308826.0	322428.0	315161.0	315874.0	307619.0	285626.0	225380.0	112931.0	40626.2	
308120.0	308826.0	322428.0	315161.0	315874.0	307619.0	285626.0	225380.0	112931.0	40626.2	
308120.0	308826.0	322428.0	315161.0	315874.0	307619.0	285626.0	225380.0	112931.0	40626.2	
308120.0	308826.0	322428.0	315161.0	315874.0	307619.0	285626.0	225380.0	112931.0	40626.2	
308120.0	308826.0	322428.0	315161.0	315874.0	307619.0	285626.0	225380.0	112931.0	40626.2	
308120.0	308826.0	322428.0	315161.0	315874.0	307619.0	285626.0	225380.0	112931.0	40626.2	
308120.0	308826.0	322428.0	315161.0	315874.0	307619.0	285626.0	225380.0	112931.0	40626.2	
308120.0	308826.0	322428.0	315161.0	315874.0	307619.0	285626.0	225380.0	112931.0	40626.2	
308120.0	308826.0	322428.0	315161.0	315874.0	307619.0	285626.0	225380.0	112931.0	40626.2	
308120.0	308826.0	322428.0	315161.0	315874.0	307619.0	285626.0	225380.0	112931.0	40626.2	
308120.0	308826.0	322428.0	315161.0	315874.0	307619.0	285626.0	225380.0	112931.0	40626.2	
308120.0	308826.0	322428.0	315161.0	315874.0	307619.0	285626.0	225380.0	112931.0	40626.2	
308120.0	308826.0	322428.0	315161.0	315874.0	307619.0	285626.0	225380.0	112931.0	40626.2	
308120.0	308826.0	322428.0	315161.0	315874.0	307619.0	285626.0	225380.0	112931.0	40626.2	
308120.0	308826.0	322428.0	315161.0	315874.0	307619.0	285626.0	225380.0	112931.0	40626.2	
308120.0	308826.0	322428.0	315161.0	315874.0	307619.0	285626.0	225380.0	112931.0	40626.2	
308120.0	308826.0	322428.0	315161.0	315874.0	307619.0	285626.0	225380.0	112931.0	40626.2	
308120.0	308826.0	322428.0	315161.0	315874.0	307619.0	285626.0	225380.0	112931.0	40626.2	
308120.0	308826.0	322428.0	315161.0	315874.0	307619.0	285626.0	225380.0	112931.0	40626.2	
308120.0	308826.0	322428.0	315161.0	315874.0	307619.0	285626.0	225380.0	112931.0	40626.2	
308120.0	308826.0	322428.0	315161.0	315874.0	307619.0	285626.0	225380.0	112931.0	40626.2	
308120.0	308826.0	322428.0	315161.0	315874.0	307619.0	285626.0	225380.0	112931.0	40626.2	
308120.0	308826.0	322428.0	315161.0	315874.0	307619.0	285626.0	225380.0	112931.0	40626.2	
308120.0	308826.0	322428.0	315161.0	315874.0	307619.0	285626.0	225380.0	112931.0	40626.2	
308120.0	308826.0	322428.0	315161.0	315874.0	307619.0	285626.0	225380.0	112931.0	40626.2	
308120.0	308826.0	322428.0	315161.0	315874.0	307619.0	285626.0	225380.0	112931.0	40626.2	
308120.0	308826.0	322428.0	315161.0	315874.0	307619.0	285626.0	225380.0	112931.0	40626.2	
308120.0	308826.0	322428.0	315161.0	315874.0	307619.0	285626.0	225380.0	112931.0	40626.2	
308120.0	308826.0	322428.0	315161.0	315874.0	307619.0	285626.0	225380.0	112931.0	40626.2	
308120.0	308826.0	322428.0	315161.0	315874.0	307619.0	285626.0	225380.0	112931.0	40626.2	
308120.0	308826.0	322428.0	315161.0	315874.0	307619.0	285626.0	225380.0	112931.0	40626.2	
308120.0	308826.0	322428.0	315161.0	315874.0	307619.0	285626.0	225380.0	112931.0	40626.2	
308120.0	308826.0	322428.0	315161.0	315874.0	307619.0	285626.0	225380.0	112931.0	40626.2	
308120.0	308826.0	322428.0	315161.0	315874.0	307619.0	285626.0	225380.0	112931.0	40626.2	
241704.0	241639.0	241463.0	240871.0	238991.0	233090.0	215220.0	166973.0	77931.3	23529.6	
241704.0	241639.0	241463.0	240871.0	238991.0	233090.0	215220.0	166973.0	77931.3	23529.6	
241704.0	241639.0	241463.0	240871.0	238991.0	233090.0	215220.0	166973.0	77931.3	23529.6	
241704.0	241639.0	241463.0	240871.0	238991.0	233090.0	215220.0	166973.0	77931.3	23529.6	
241704.0	241639.0	241463.0	240871.0	238991.0	233090.0	215220.0	166973.0	77931.3	23529.6	
241704.0	241639.0	241463.0	240871.0	238991.0	233090.0	215220.0	166973.0	77931.3	23529.6	
241704.0	241639.0	241463.0	240871.0	238991.0	233090.0	215220.0	166973.0	77931.3	23529.6	
241704.0	241639.0	241463.0	240871.0	238991.0	233090.0	215220.0	166973.0	77931.3	23529.6	
241704.0	241639.0	241463.0	240871.0	238991.0	233090.0	215220.0	166973.0	77931.3	23529.6	
241704.0	241639.0	241463.0	240871.0	238991.0	233090.0	215220.0	166973.0	77931.3	23529.6	
241704.0	241639.0	241463.0	240871.0	238991.0	233090.0	215220.0	166973.0	77931.3	23529.6	
241704.0	241639.0	241463.0	240871.0	238991.0	233090.0	215220.0	166973.0	77931.3	23529.6	
241704.0	241639.0	241463.0	240871.0	238991.0	233090.0	215220.0	166973.0	77931.3	23529.6	
241704.0	241639.0	241463.0	240871.0	238991.0	233090.0	215220.0	166973.0	77931.3	23529.6	
241704.0	241639.0	241463.0	240871.0	238991.0	233090.0	215220.0	166973.0	77931.3	23529.6	
241704.0	241639.0	241463.0	240871.0	238991.0	233090.0	215220.0	166973.0	77931.3	23529.6	
241704.0	241639.0	241463.0	240871.0	238991.0	233090.0	215220.0	166973.0	77931.3	23529.6	
241704.0	241639.0	241463.0	240871.0	238991.0	233090.0	215220.0	166973.0	77931.3	23529.6	
241704.0	241639.0	241463.0	240871.0	238991.0	233090.0	215220.0	166973.0	77931.3	23529.6	
241704.0	241639.0	241463.0	240871.0	238991.0	233090.0	215220.0	166973.0	77931.3	23529.6	
241704.0	241639.0	241463.0	240871.0	238991.0	233090.0	215220.0	166973.0	77931.3	23529.6	
241704.0	241639.0	241463.0	240871.0	238991.0	233090.0	215220.0	166973.0	77931.3	23529.6	
241704.0	241639.0	241463.0	240871.0	238991.0	233090.0	215220.0	166973.0	77931.3	23529.6	
241704.0	241639.0	241463.0	240871.0	238991.0	233090.0	215220.0	166973.0	77931.3	23529.6	
241704.0	241639.0	241463.0	240871.0	238991.0	233090.0	215220.0	166973.0	77931.3	23529.6	
241704.0	241639.0	241463.0	240871.0	238991.0	233090.0	215220.0	166973.0	77931.3	23529.6	
241704.0	241639.0	241463.0	240871.0	238991.0	233090.0	215220.0	166973.0	77931.3	23529.6	
241704.0	241639.0	241463.0	240871.0	238991.0	233090.0	215220.0	166973.0	77931.3	23529.6	
241704.0	241639.0	241463.0	240871.0	238991.0	233090.0	215220.0	166973.0	77931.3	23529.6	
241704.0	241639.0	241463.0	240871.0	238991.0	233090.0	215220.0	166973.0	77931.3	23529.6	
241704.0	241639.0	241463.0	240871.0	238991.0	233090.0	215220.0	166973.0	77931.3	23529.6	
241704.0	241639.0	241463.0	240871.0	238991.0	233090.0	215220.0	166973.0	77931.3	23529.6	
241704.0	241639.0	241463.0	240871.0	238991.0	233090.0	215220.0	166973.0	77931.3	23529.6	
241704.0	241639.0	241463.0	240871.0	238991.0	233090.0	215220.0	166973.0	77931.3	23529.6	
241704.0	241639.0	241463.0	240871.0	238991.0	233090.0	215220.0	166973.0	77931.3	23529.6	
241704.0	241639.0	241463.0	240871.0	238991.0	233090.0	215220.0	166973.0	77931.3	23529.6	
241704.0	241639.0	241463.0	240871.0	238991.0	233090.0	215220.0	166973.0	77931.3	23529.6	
241704.0	241639.0	241463.0	240871.0	238991.0	233090.0	215220.0	166973.0	77931.3	23529.6	
241704.0	241639.0	241463.0	240871.0	238991.0	233090.0	215220.0	166973.0	77931.3	23529.6	
241704.0	241639.0	241463.0	240871.0	238991.0	233090.0	215220.0	166973.0	77931.3	23529.6	
241704.0	241639.0	241463.0	240871.0	238991.0	233090.0	215220.0	166973.0	77931.3	23529.6	
241704.0	241639.0	241463.0	240871.0	238991.0	233090.0	215220.0	166973.0	77931.3	23529.6	
241704.0	241639.0	241463.0	240871.0	238991.0	233090.0	215220.0	166973.0	77931.3	23529.6	
241704.0	241639.0	241463.0	240871.0	238991.0	233090.0	215220.0	166973.0	77931.3	23529.6	
241704.0	241639.0	241463.0	240871.0	238991.0	233090.0	215220.0	166973.0	77931.3	23529.6	
241704.0	241639.0	241463.0	240871.0	238991.0	233090.0	215220.0	166973.0	77931.3	23529.6	
241704.0	241639.0	241463.0	240871.0	238991.0	233090.0	215220.0	166973.0	77931.3	23529.6	
241704.0	241639.0	241463.0	240871.0	238991.0	233090.0	215220.0	166973.0	77931.3	23529.6	
241704.0	241639.0	241463.0	240871.0	238991.0	233090.0	215220.0	166973.0	77931.3	23529.6	
241704.0	241639.0	241463.0	240871.0	238991.0	233090.0	215220.0	166973.0	77931.3	23529.6	
241704.0	241639.0	241463.0	240871.0	238991.0	233090.0	215220.0	166973.0	77931.3	23529.6	
241704.0	241639.0	241463.0	240871.0	238991.0	233090.0	215220.0	166973.0	77931.3	23529.6	
241704.0	241639.0	241463.0	240871.0	238991.0	233090.0	215220.0	166973.0	77931.3	23529.6	
241704.0	241639.0	241463.0	240871.0	238991.0	233090.0	215220.0	166973.0	77931.3	23529.6	
241704.0	241639.0	241463.0	240871.0	238991.0	233090.0	215220.0	166973.0	77931.3	23529.6	
241704.0	241639.0	241463.0	240871.0	238991.0	233090.0	215220.0	166973.0	77931.3	23529.6	
241704.0	241639.0	241463.0	240871.0	238991.0	233090.0	215220.0	166973.0	77931.3	23529.6	
241704.0	241639.0	241463.0	240871.0	238991.0	233090.0	215220.0	166973.0	77931.3	23529.6	
241704.0	241639.0	241463.0	240871.0	238991.0	233090.0	215220.0	166973.0	77931.3	23529.6	
241704.0	241639.0	241463.0	240871.0	238991.0	233090.0	215220.0	166973.0	77931.3	23529.6	
241704.0	241639.0	241463.0	240871.0	238991.0	233090.0	215220.0	166973.0	77931.3	23529.6	
241704.0	241639.0	241463.0	240871.0	238991.0	233090.0	215220.0	166973.0	77931.3	23529.6	
241704.0	241639.0	241463.0	240871.0	238991.0	233090.0	215220.0	166973.0	77931.3	23529.6	
241704.0	241639.0	241463.0	240871.0	238991.0	233090.0	215220.0	166973.0	77931.3	23529.6	
241704.0	241639.0	241463.0	240871.0	238991.0	233090.0	215220.0	166973.0	77931.3	23529.6	
241704.0	241639.0	241463.0	240871.0	238991.0	233090.0	215220.0	166973.0	77931.3	23529.6	
241704.0	241639.0	241463.0	240871.0	238991.0	233090.0	215220.0	166973.0	77931.3	23529.6	
241704.0	241639.0	241463.0	240871.0	238991.0	233090.0	215220.0	166973.0	77931.3	23529.6	
241704.0	241639.0	241463.0	240871.0	238991.0	233090.0	215220.0	166973.0	77931.3	23529.6	
241704.0	241639.0	241463.0	240871.0	238991.0	233090.0	215220.0	166973.0	77931.3	23529.6	
241704.0	241639.0	241463.0	240871.0	238991.0	233090.0	215220.0	166973.0	77931.3	23529.6	
241704.0	241639.0	241463.0	240871.0	238991.0	233090.0	215220.0	166973.0	77931.3	23529.6	
241704.0	241639.0	241463.0	240871.0	238991.0	233090.0	215220.0	166973.0	77931.3	23529.6	
241704.0	241639.0	241463.0	240871.0	238991.0	233090.0	215220.0	166973.0	77931.3	23529.6	
241704.0	241639.0	241463.0	240871.0	238991.0	233090.0	215220.0	166973.0	77931.3	23529.6	
241704.0	241639.0	241463.0	240871.0	238991.0	233090.0	215220.0	166973.0	77931.3	23529.6	
241704.0	241639.0	241463.0	240871.0	238991.0	233090.0	215220.0	166973.0	77931.3	23529.6	
241704.0	241639.0	241463.0	240871.0	238991.0	233090.0	215220.0	166973.0	77931.3	23529.6	
241704.0	241639.0	241463.0	240871.0	238991.0	233090.0	215220.0	166973.0	77931.3	23529.6	
241704.0	241639.0	241463.0	240871.0	238991.0	233090.0	215220.0	166973.0	77931.3	23529.6	
241704.0	241639.0	241463.0	240871.0	238991.0	233090.0	215220.0	166973.0	77931.3	23529.6	
241704.0	241639.0	241463.0	240871.0	238991.0	233090.0	215220.0	166973.0	77931.3	23529.6	
241704.0	241639.0	241463.0	240871.0	238991.0	233090.0	215220.0	166973.0	77931.3	23529.6	
241704.0	241639.0	241463.0	240871.0	238991.0	233090.0	215220.0	166973.0	77931.3	23529.6	
241704.0	241639.0	241463.0	240871.0	238991.0	233090.0	215220.0	166973.0	77931.3	23529.6	
241704.0	241639.0	241463.0	240871.0	238991.0	233090.0	215220.0	166973.0	77931.3	23529.6	
241704.0	241639.0	241463.0	240871.0	238991.0	233090.0	215220.0	166973.0	77931.3	23529.6	
241704.0	241639.0	241463.0	240871.0	238991.0	233090.0	215220.0	166973.0	77931.3	23529.6	
241704.0	241639.0	241463.0	240871.0	238991.0	233090.0	215220.0	166973.0	77931.3	23529.6	
241704.0	241639.0	241463.0	240871.0	238991.0	233090.0	215220.0	166973.0	77931.3	23529.6	
241704.0	241639.0	241463.0	240871.0	238991.0	233090.0	215220.0	166973.0	77931.3	23529.6	
241704.0	241639.0	241463.0	240871.0	238991.0	233090.0	215220.0	166973.0	77931.3	23529.6	
241704.0	241639.0	241463.0	240871.0	238991.0	233090.0	215220.0	166973.0	77931.3	23529.6	
241704.0	241639.0	241463.0	240871.0	238991.0	233090.0	215220.0	166973.0	77931.3	23529.6	
241704.0	241639.0	241463.0	240871.0	238991.0	233090.0	215220.0	166973.0	77931.3	23529.6	
241704.0	241639.0	241463.0	240871.0	238991.0	233090.0	215220.0	166973.0	77931.3	23529.6	
241704.0	241639.0	241463.0	240871.0	238991.0	233090.0	215220.0	166973.0	77931.3	23529.6	
241704.0	241639.0	241463.0	240871.0	238991.0	233090.0	215220.0	166973.0	77931.3	23529.6	
241704.0	241639.0	241463.0	240871.0	238991.0	233090.0	215220.0	166973.0	77931.3	23529.6	
241704.0	241639.0	241463.0	240871.0	238991.0	233090.0	215220.0	166973.0	77931.3	23529.6	
241704.0	241639.0	241463.0	240871.0	238991.0	233090.0	215220.0	166973.0	77931.3	23529.6	
241704.0	241639.0	241463.0	240871.0	238991.0	233090.0	215220.0	166973.0	77931.3	23529.6	
241704.0	241639.0	241463.0	240871.0	238991.0	233090.0	215220.0	166973.0	77931.3	23529.6	
241704.0	241639.0	241463.0	240871.0	238991.0	233090.0	215220.0	166973.0	77931.3	23529.6	
241704.0	241639.0	241463.0	240871.0	238991.0	233090.0	215220.0	166973.0	77931.3	23529.6	
241704.0	241639.0	241463.0	240871.0	238991.0	233090.0	215220.0	166973.0	77931.3	23529.6	
241704.0	241639.0	241463.0	240871.0	238991.0	233090.0	215220.0	166973.0	77931.3	23529.6	
241704.0	241639.0	241463.0	240871.0	238991.0	233090.0	215220.0	166973.0	77931.3	23529.6	
241704.0	241639.0	241463.0	240871.0	238991.0	233090.0	215220.0	166973.0	77931.3	23529.6	
241704.0	241639.0	241463.0	240871.0	238991.0	233090.0	215220.0	166973.0	77931.3	23529.6	
241704.0	241639.0	241463.0	240871.0	238991.0	233090.0	215220.0	166973.0	77931.3	23529.6	
241704.0	241639.0	241463.0	240871.0	238991.0	233090.0	215220.0	166973.0	77931.3	23529.6	
241704.0	241639.0	241463.0	240871.0	238991.0	233090.0	215220.0	166973.0	77931.3	23529.6	
241704.0	241639.0	241463.0	240871.0	238991.0	233090.0	215220.0	166973.0	77931.3	23529.6	
241704.0	241639.0	241463.0	240871.0	238991.0	233090.0	215220.0	166973.0	77931.3	23529.6	
241704.0	241639.0	241463.0	240871.0	238991.0	233090.0	215220.0	166973.0	77931.3	23529.6	
241704.0	241639.0	241463.0	240871.0	238991.0	233090.0	215220.0	166973.0	77931.3	23529.6	
241704.0	241639.0	241463.0	240871.0	238991.0	233090.0	215220.0	166973.0	77931.3	23529.6	
241704.0	241639.0	241463.0	240871.0	238991.0	233090.0	215220.0	166973.0	77931.3	23529.6	
241704.0	241639.0	241463.0	240871.0	238991.0	233090.0	215220.0	166973.0	77931.3	23529.6	
241704.0	241639.0	241463.0	240871.0	238991.0	233090.0	215220.0	166973.0	77931.3	23529.6	
241704.0	241639.0	241463.0	240871.0	238991.0	233090.0	215220.0	166973.0	77931.3	23529.6	
241704.0	241639.0	241463.0	240871.0	238991.0	233090.0	215220.0	166973.0	77931.3	23529.6	
241704.0	241639.0	241463.0	240871.0	238991.0	233090.0	215220.0	166973.0	77931.3	23529.6	
241704.0	241639.0	241463.0	240871.0	238991.0	233090.0	215220.0	166973.0	77931.3	23529.6	
241704.0	241639.0	241463.0	240871.0	238991.0	233090.0	215220.0	166973.0	77931.3	23529.6	
241704.0	241639.0	241463.0	240871.0	238991.0	233090.0	215220.0	166973.0	77931.3	23529.6	
241704.0	241639.0	241463.0	240871.0	238991.0	233090.0	215220.0	166973.0	77931.3	23529.6	
241704.0	241639.0	241463.0	240871.0	238991.0	233090.0	215220.0	166973.0	77931.3	23529.6	
241704.0	241639.0	241463.0	240871.0	238991.0	233090.0	215220.0	166973.0	77931.3	23529.6	
241704.0	241639.0	241463.0	240871.0	238991.0	233090.0	215220.0	166973.0	77931.3	23529.6	
241704.0	241639.0	241463.0	240871.0	238991.0	233090.0	215220.0	166973.0	77931.3	23529.6	
241704.0	241639.0	241463.0	240871.0	238991.0	233090.0	215220.0	166973.0	77931.3	23529.6	
241704.0	241639.0	241463.0	240871.0	238991.0	233090.0	215220.0	166973.0	77931.3	23529.6	
241704.0	241639.0	241463.0	240871.0	238991.0	233090.0	215220.0	166973.0	77931.3	23529.6	
241704.0	241639.0	241463.0	240871.0	238991.0	233090.0	215220.0	166973.0	77931.3	23529.6	
241704.0	241639.0	241463.0	240871.0	238991.0	233090.0	215220.0	166973.0	77931.3	23529.6	
241704.0	241639.0	241463.0	240871.0	238991.0	233090.0	215220.0	166973.0	77931.3	23529.6	
241704.0	241639.0	241463.0	240871.0	238991.0	233090.0	215220.0	166973.0	77931.3	23529.6	
241704.0	241639.0	241463.0	240871.0	238991.0	233090.0	215220.0	166973.0	77931.3	23529.6	
241704.0	241639.0	241463.0	240871.0	238991.0	233090.0	215220.0	166973.0	77931.3	23529.6	
241704.0	241639.0	241463.0	240871.0	238991.0	233090.0	215220.0	166973.0	77931.3	23529.6	
241704.0	241639.0	241463.0	240871.0	238991.0	233090.0	215220.0	166973.0	77931.3	23529.6	
241704.0	241639.0	241463.0	240871.0	238991.0	233090.0	215220.0	166973.0	77931.3	23529.6	
241704.0	241639.0	241463.0	240871.0	238991.0	233090.0	215220.0	166973.0	77931.3	23529.6	
241704.0	241639.0	241463.0	240871.0	238991.0	233090.0	215220.0	166973.0	77931.3	23529.6	
241704.0	241639.0	241463.0	240871.0	238991.0	233090.0	215220.0	166973.0	77931.3	23529.6	
241704.0	241639.0	241463.0	240871.0	238991.0	233090.0	215220.0	166973.0	77931.3	23529.6	
241704.0	241639.0	241463.0	240871.0	238991.0	233090.0	215220.0	166973.0	77931.3	23529.6	
241704.0	241639.0	241463.0	240871.0	238991.0	233090.0	215220.0	166973.0	77931.3	23529.6	
241704.0	241639.0	241463.0	240871.0	238991.0	233090.0	215220.0	166973.0	77931.3	23529.6	
241704.0	241639.0	241463.0	240871.0	238991.0	233090.0	215220.0	166973.0	77931.3	23529.6	
241704.0	241639.0	241463.0	240871.0	238991.0	233090.0	215220.0	166973.0	77931.3	23529.6	
241704.0	241639.0	241463.0	240871.0	238991.0	233090.0	215220.0	166973.0	77931.3	23529.6	
241704.0	241639.0	241463.0	240871.0	238991.0	233090.0	215220.0	166973.0	77931.3	23529.6	
241704.0	241639.0	241463.0	240871.0	238991.0	233090.0	215220.0	166973.0	77931.3	23529.6	
241704.0	241639.0	241463.0	240871.0	238991.0	233090.0	215220.0	166973.0	77931.3	23529.6	
241704.0	241639.0	241463.0	240871.0	238991.0	233090.0	215220.0	166973.0	77931.3	23529.6	
241704.0	241639.0	241463.0	240871.0	238991.0	233090.0	215220.0	166973.0	77931.3	23529.6	
241704.0	241639.0	241463.0	240871.0	238991.0	233090.0	215220.0	166973.0	77931.3	23529.6	
241704.0	241639.0	241463.0	240871.0	238991.0	233090.0	215220.0	166973.0	77931.3	23529.6	
241704.0	241639.0	241463.0	240871.0	238991.0	233090.0	215220.0	166973.0	77931.3	23529.6	
241704.0	241639.0	241463.0	240871.0	238991.0	233090.0	215220.0	166973.0	77931.3	23529.6	
241704.0	241639.0	241463.0	240871.0	238991.0	233090.0	215220.0	166973.0	77931.3	23529.6	
241704.0	241639.0	241463.0	240871.0	238991.0	233090.0	215220.0	166973.0	77931.3	23529.6	
241704.0	241639.0	241463.0	240871.0	238991.0	233090.0	215220.0	166973.0	77931.3	23529.6	
241704.0	241639.0	241463.0	240871.0	238991.0	233090.0	215220.0	166973.0	77931.3	23529.6	
241704.0	241639.0	241463.0	240871.0	238991.0	233090.0	215220.0	166973.0	77931.3	23529.6	
241704.0	241639.0	241463.0	240871.0	238991.0	233090.0	215220.0	166973.0	77931.3	23529.6	
241704.0	241639.0	241463.0	240871.0	238991.0	233090.0	215220.0	166973.0	77931.3	23529.6	
241704.0	241639.0	241463.0	240871.0	238991.0	233090.0	215220.0	166973.0	77931.3	23529.6	
241704.0	241639.0	241463.0	240871.0	238991.0	233090.0	215220.0	166973.0	77931.3	23529.6	
241704.0	241639.0	241463.0	240871.0	238991.0	233090.0	215220.0	166973.0	77931.3	23529.6	
241704.0	241639.0	241463.0	240871.0	238991.0	233090.0	215220.0	166973.0	77931.3	23529.6	
241704.0	241639.0	241463.0	240871.0	238991.0	233090.0	215220.0	166973.0	77931.3	23529.6	
241704.0	241639.0	241463.0	240871.0	238991.0	233090.0	215220.0	166973.0	77931.3	23529.6	
241704.0	241639.0	241463.0	240871.0	238991.0	233090.0	215220.0	166973.0	77931.3	23529.6	
241704.0	241639.0	241463.0	240871.0	238991.0	233090.0	215220.0	166973.0	77931.3	23529.6	
241704.0	241639.0	241463.0	240871.0	238991.0	233090.0	215220.0	166973.0	77931.3	23529.6	
241704.0	241639.0	241463.0	240871.0	238991.0	233090.0	215220.0	166973.0	77931.3	23529.6	
241704.0	241639.0	241463.0	240871.0	238991.0	233090.0	215220.0	166973.0	77931.3	23529.6	
241704.0	241639.0	241463.0	240871.0	238991.0	233090.0	215220.0	166973.0	77931.3	23529.6	
241704.0	241639.0	241463.0	240871.0	238991.0	233090.0	215220.0	166973.0	77931.3	23529.6	
241704.0	241639.0	241463.0	240871.0	238991.0	233090.0	215220.0	166973.0	77931.3	23529.6	
241704.0	241639.0	241463.0	240871.0	238991.0	233090.0	215220.0	166973.0	77931.3	23529.6	
241704.0	241639.0	241463.0	240871.0	238991.0	233090.0	215220.0	166973.0	77931.3	23529.6	
241704.0	241639.0	241463.0	240871.0	238991.0	233090.0	215220.0	166973.0	77931.3	23529.6	
241704.0	241639.0	241463.0	240871.0	238991.0	233090.0	215220.0	166973.0	77931.3	23529.6	
241704.0	241639.0	241463.0	240871.0	238991.0	233090.0	215220.0	166973.0	77931.3	23529.6	
241704.0	241639.0	241463.0	240871.0	238991.0	233090.0	215220.0	166973.0	77931.3	23529.6	
241704.0	241639.0	241463.0	240871.0	238991.0	233090.0	215220.0	166973.0	77931.3	23529.6	
241704.0	241639.0	241463.0	240871.0	238991.0	233090.0	215220.0	166973.0	77931.3	23529.6	
241704.0	241639.0	241463.0	240871.0	238991.0	233090.0	215220.0	166973.0	77931.3	23529.6	
241704.0	241639.0	241463.0	240871.0	238991.0	233090.0	215220.0	166973.0	77931.3	23529.6	
241704.0	241639.0	241463.0	240871.0	238991.0	233090.0	215220.0	166973.0	77931.3	23529.6	
241704.0	241639.0	241463.0	240871.0	238991.0	233090.0	215220.0	166973.0	77931.3	23529.6	
241704.0	241639.0	241463.0	240871.0	238991.0	233090.0	215220.0	166973.0	77931.3	23529.6	
241704.0	241639.0	241463.0	240871.0	238991.0	233090.0	215220.0	166973.0	77931.3	23529.6	
241704.0	241639.0	241463.0	240871.0	238991.0	233090.0	215220.0	166973.0	77931.3	23529.6	
241704.0	241639.0	241463.0	240871.0	238991.0	233090.0	215220.0	166973.0	77931.3	23529.6	
241704.0	241639.0	241463.0	240871.0	238991.0	233090.0	215220.0	166973.0	77931.3	23529.6	
241704.0	241639.0	241463.0	240871.0	238991.0	233090.0	215220.0	166973.0	77931.3	23529.6	
241704.0	241639.0	241463.0	240871.0	238991.0	233090.0	215220.0	166973.0	77931.3	23529.6	
241704.0	241639.0	241463.0	240871.0	238991.0	233090.0	215220.0	166973.0	77931.3	23529.6	
241704.0	241639.0	241463.0	240871.0	238991.0	233090.0	215220.0	166973.0	77931.3	23529.6	
241704.0	241639.0	241463.0	240871.0	238991.0	233090.0	215220.0	166973.0	77931.3	23529.6	
241704.0	241639.0	241463.0	240871.0	238991.0	233090.0	215220.0	166973.0	77931.3	23529.6	
241704.0	241639.0	241463.0	240871.0	238991.0	233090.0	215220.0	166973.0	77931.3	23529.6	
241704.0	241639.0	241463.0	240871.0	238991.0	233090.0	215220.0	166973.0	77931.3	23529.6	
241704.0	241639.0	241463.0	240871.0	238991.0	233090.0	215220.0	166973.0	77931.3	23529.6	
241704.0	241639.0	241463.0	240871.0	238991.0	233090.0	215220.0	166973.0	77931.3	23529.6	
241704.0	241639.0	241463.0	240871.0	238991.0	233090.0	215220.0	166973.0	77931.3	23529.6	
241704.0	241639.0	241463.0	240871.0	238991.0	233090.0	215220.0	166973.0	77931.3	23529.6	
241704.0	241639.0	241463.0	240871.0	238991.0	233090.0	215220.0	166973.0	77931.3	23529.6	
241704.0	241639.0	241463.0	240871.0	238991.0	233090.0	215220.0	166973.0	77931.3	23529.6	
241704.0	241639.0	241463.0	240871.0	238991.0	233090.0	215220.0	166973.0	77931.3	23529.6	
241704.0	241639.0	241463.0	240871.0	238991.0	233090.0	215220.0	166973.0	77931.3	23529.6	
241704.0	241639.0	241463.0	240871.0	238991.0	233090.0	215220.0	166973.0	77931.3	23529.6	
241704.0	241639.0	241463.0	240871.0	238991.0	233090.0	215220.0	166973.0	77931.3	23529.6	
241704.0	241639.0	241463.0	240871.0	238991.0	233090.0	215220.0	166973.0	77931.3	23529.6	
241704.0	241639.0	241463.0	240871.0	238991.0	233090.0	215220.0	166973.0	77931.3	23529.6	
241704.0	241639.0	241463.0	240871.0	238991.0	233090.0	215220.0	166973.0	77931.3	23529.6	
241704.0	241639.0	241463.0	240871.0	238991.0	233090.0	215220.0	166973.0	77931.3	23529.6	
241704.0	241639.0	241463.0	240871.0	238991.0	233090.0	215220.0	166973.0	77931.3	23529.6	
241704.0	241639.0	241463.0	240871.0	238991.0	233090.0	215220.0	166973.0	77931.3	23529.6	
241704.0	241639.0	241463.0	240871.0	238991.0	233090.0	215220.0	166973.0	77931.3	23529.6	
241704.0	241639.0	241463.0	240871.0	238991.0	233090.0	215220.0	166973.0	77931.3	23529.6	
241704.0	241639.0	241463.0	240871.0	238991.0	233090.0	215220.0	166973.0	77931.3	23529.6	
241704.0	241639.0	241463.0	240871.0	238991.0	233090.0	215220.0	166973.0	77931.3	23529.6	
241704.0	241639.0	241463.0	240871.0	238991.0	233090.0	215220.0	166973.0	77931.3	23529.6	
241704.0	241639.0	241463.0	240871.0	238991.0	233090.0	215220.0	166973.0	77931.3	23529.6	
241704.0	241639.0	241463.0	240871.0	238991.0	233090.0	215220.0	166973.0	77931.3	23529.6	
241704.0	241639.0	241463.0	240871.0	238991.0	233090.0	215220.0	166973.0	77931.3	23529.6	
241704.0	241639.0	241463.0	240871.0	238991.0	233090.0	215220.0	166973.0	77931.3	23529.6	
241704.0	241639.0	241463.0	240871.0	238991.0	233090.0	215220.0	166973.0	77931.3	23529.6	
241704.0	241639.0	241463.0	240871.0	238991.0	233090.0	215220.0	166973.0	77931.3	23529.6	
241704.0	241639.0	241463.0	240871.0	238991.0	233090.0	215220.0	166973.0	77931.3	23529.6	
241704.0	241639.0	241463.0	240871.0	238991.0	233090.0	215220.0	166973.0	77931.3	23529.6	
241704.0	241639.0	241463.0	240871.0	238991.0	233090.0	215220.0	166973.0	77931.3	23529.6	
241704.0	241639.0	241463.0	240871.0	238991.0	233090.0	215220.0	166973.0	77931.3	23529.6	
241704.0	241639.0	241463.0	240871.0	238991.0	233090.0	215220.0	166973.0	77931.3	23529.6	
241704.0	241639.0	241463.0	240871.0	238991.0	233090.0	215220.0	166973.0	77931.3	23529.6	
241704.0	241639.0	241463.0	240871.0	238991.0	233090.0	215220.0	166973.0	77931.3	23529.6	
241704.0	241639.0	241463.0	240871.0	238991.0	233090.0	215220.0	166973.0	77931.3	23529.6	
241704.0	241639.0	241463.0	240871.0	238991.0	233090.0	215220.0	166973.0	77931.3	23529.6	
241704.0	241639.0	241463.0	240871.0	238991.0	233090.0	215220.0	166973.0	77931.3	23529.6	
241704.0	241639.0	241463.0	240871.0	238991.0	233090.0	215220.0	166973.0	77931.3	23529.6	
241704.0	241639.0	241463.0	240871.0	238991.0	233090.0	215220.0	166973.0	77931.3	23529.6	
241704.0	241639.0	241463.0	240871.0	238991.0	233090.0	215220.0	166973.0	77931.3	23529.6	
241704.0	241639.0	241463.0	240871.0	238991.0	233090.0	215220.0	166973.0	77931.3	23529.6	
241704.0	241639.0	241463.0	240871.0	238991.0	233090.0	215220.0	166973.0	77931.3	23529.6	
241704.0	241639.0	241463.0	240871.0	238991.0	233090.0	215220.0	166973.0	77931.3	23529.6	
241704.0	241639.0	241463.0	240871.0	238991.0	233090.0	215220.0	166973.0	77931.3	23529.6	
241704.0	241639.0	241463.0	240871.0	238991.0	233090.0	215220.0	166973.0	77931.3	23529.6	
241704.0	241639.0	241463.0	240871.0	238991.0	233090.0	215220.0	166973.0	77931.3	23529.6	
241704.0	241639.0	241463.0	240871.0	238991.0	233090.0	215220.0	166973.0	77931.3	23529.6	
241704.0	241639.0	241463.0	240871.0	238991.0	233090.0	215220.0	166973.0	77931.3	23529.6	
241704.0	241639.0	241463.0	240871.0	238991.0	233090.0	215220.0	166973.0	77931.3	23529.6	
241704.0	241639.0	241463.0	240871.0	238991.0	233090.0	215220.0	166973.0	77931.3	23529.6	
241704.0	241639.0	241463.0	240871.0	238991.0	233090.0	215220.0	166973.0	77931.3	23529.6	
241704.0	241639.0	241463.0	240871.0	238991.0	233090.0	215220.0	166973.0	77931.3	23529.6	
241704.0	241639.0	241463.0	240871.0	238991.0	233090.0	215220.0	166973.0	77931.3	23529.6	
241704.0	241639.0	241463.0	240871.0	238991.0	233090.0	215220.0	166973.0	77931.3	23529.6	
241704.0	241639.0	241463.0	240871.0	238991.0	233090.0	215220.0	166973.0	77931.3	23529.6	
241704.0	241639.0	241463.0	240871.0	238991.0	233090.0	215220.0	166973.0	77931.3	23529.6	
241704.0	241639.0	241463.0	240871.0	238991.0	233090.0	215220.0	166973.0	77931.3	23529.6	
241704.0	241639.0	241463.0	240871.0	238991.0	233090.0	215220.0	166973.0	77931.3	23529.6	
241704.0	241639.0	241463.0	240871.0	238991.0	233090.0	215220.0	166973.0	77931.3	23529.6	
241704.0	241639.0	241463.0	240871.0	238991.0	233090.0	215220.0	166973.0	77931.3	23529.6	
241704.0	241639.0	241463.0	240871.0	238991.0	233090.0	215220.0	166973.0	77931.3	23529.6	
241704.0	241639.0	241463.0	240871.0	238991.0	233090.0	215220.0	166973.0	77931.3	23529.6	
241704.0	241639.0	241463.0	240871.0	238991.0	233090.0	215220.0	166973.0	77931.3	23529.6	
241704.0	241639.0	241463.0	240871.0	238991.0	233090.0	215220.0	166973.0	77931.3	23529.6	
241704.0	241639.0	241463.0	240871.0	238991.0	233090.0	215220.0	166973.0	77931.3	23529.6	
241704.0	241639.0	241463.0	240871.0	238991.0	233090.0	215220.0	166973.0	77931.3	23529.6	
241704.0	241639.0	241463.0	240871.0	238991.0	233090.0	215220.0	166973.0	77931.3	23529.6	
241704.0	241639.0	241463.0	240871.0	238991.0	233090.0	215220.0	166973.0	77931.3	23529.6	
241704.0	241639.0	241463.0	240871.0	238991.0	233090.0	215220.0	166973.0	77931.3	23529.6	
241704.0	241639.0	241463.0	240871.0	238991.0	233090.0	215220.0	166973.0	77931.3	23529.6	
241704.0	241639.0	241463.0	240871.0	238991.0	233090.0	215220.0	166973.0	77931.3	23529.6	
241704.0	241639.0	241463.0	240871.0	238991.0	233090.0	215220.0	166973.0	77931.3	23529.6	
241704.0	241639.0	241463.0	240871.0	238991.0	233090.0	215220.0	166973.0	77931.3	23529.6	
241704.0	241639.0	241463.0	240871.0	238991.0	233090.0	215220.0	166973.0	77931.3	23529.6	
241704.0	241639.0	241463.0	240871.0	238991.0	233090.0	215220.0	166973.0	77931.3	23529.6	
241704.0	241639.0	241463.0	240871.0	238991.0	233090.0	215220.0	166973.0	77931.3	23529.6	
241704.0	241639.0	241463.0	240871.0	238991.0	233090.0	215220.0	166973.0	77931.3	23529.6	
241704.0	241639.0	241463.0	240871.0	238991.0	233090.0	215220.0	166973.0	77931.3	23529.6	
241704.0	241639.0	241463.0	240871.0	238991.0	233090.0	215220.0	166973.0	77931.3	23529.6	
241704.0	241639.0	241463.0	240871.0	238991.0	233090.0	215220.0	166973.0	77931.3	23529.6	
241704.0	241639.0	241463.0	240871.0	238991.0	233090.0	215220.0	166973.0	77931.3	23529.6	
241704.0	241639.0	241463.0	240871.0	238991.0	233090.0	215220.0	166973.0	77931.3	23529.6	
241704.0	241639.0	241463.0	240871.0	238991.0	233090.0	215220.0	166973.0	77931.3	23529.6	
241704.0	241639.0	241463.0	240871.0	238991.0	233090.0	215220.0	166973.0	77931.3	23529.6	
241704.0	241639.0	241463.0	240871.0	238991.0	233090.0	215220.0	166973.0	77931.3	23529.6	
241704.0	241639.0	241463.0	240871.0	238991.0	233090.0	215220.0	166973.0	77931.3	23529.6	
241704.0	241639.0	241463.0	240871.0	238991.0	233090.0	215220.0	166973.0	77931.3	23529.6	
241704.0	241639.0	241463.0	240871.0	238991.0	233090.0	215220.0	166973.0	77931.3	23529.6	
241704.0	241639.0	241463.0	240871.0	238991.0	233090.0	215220.0	166973.0	77931.3	23529.6	
241704.0	241639.0	241463.0	240871.0	238991.0	233090.0	215220.0	166973.0	77931.3	23529.6	
241704.0	241639.0	241463.0	240871.0	238991.0	233090.0	215220.0	166973.0	77931.3	23529.6	
241704.0	241639.0	241463.0	240871.0	238991.0	233090.0	215220.0	166973.0	77931.3	23529.6	
241704.0	241639.0	241463.0	240871.0	238991.0	233090.0	215220.0	166973.0	77931.3	23529.6	
241704.0	241639.0	241463.0	240871.0	238991.0	233090.0	215220.0	166973.0	77931.3	23529.6	
241704.0	241639.0	241463.0	240871.0	238991.0	233090.0	215220.0	166973.0	77931.3	23529.6	
241704.0	241639.0	241463.0	240871.0	238991.0	233090.0	215220.0	166973.0	77931.3	23529.6	
241704.0	241639.0	241463.0	240871.0	238991.0	233090.0	215220.0	166973.0	77931.3	23529.6	
241704.0	241639.0	241463.0	240871.0	238991.0	233090.0	215220.0	166973.0	77931.3	23529.6	
241704.0	241639.0	241463.0	240871.0	238991.0	233090.0	215220.0	166973.0	77931.3	23529.6	
241704.0	241639.0	241463.0	240871.0	238991.0	233090.0	215220.0	166973.0	77931.3	23529.6	
241704.0	241639.0	241463.0	240871.0	238991.0	233090.0	215220.0	166973.0	77931.3	23529.6	
241704.0	241639.0	241463.0	240871.0	238991.0	233090.0	215220.0	166973.0	77931.3	23529.6	
241704.0	241639.0	241463.0	240871.0	238991.0	233090.0	215220.0	166973.0	77931.3	23529.6	
241704.0	241639.0	241463.0	240871.0	238991.0	233090.0	215220.0	166973.0	77931.3	23529.6	
241704.0	241639.0	241463.0	240871.0	238991.0	233090.0	215220.0	166973.0	77931.3	23529.6	
241704.0	241639.0	241463.0	240871.0	238991.0	233090.0	215220.0	166973.0	77931.3	23529.6	
241704.0	241639.0	241463.0	240871.0	238991.0	233090.0	215220.0	166973.0	77931.3	23529.6	
241704.0	241639.0	241463.0	240871.0	238991.0	233090.0	215220.0	166973.0	77931.3	23529.6	
241704.0	241639.0	241463.0	240871.0	238991.0	233090.0	215220.0	166973.0	77931.3	23529.6	
241704.0	241639.0	241463.0	240871.0	238991.0	233090.0	215220.0	166973.0	77931.3	23529.6	
241704.0	241639.0	241463.0	240871.0	238991.0	233090.0	215220.0	166973.0	77931.3	23529.6	
241704.0	241639.0	241463.0	240871.0	238991.0	233090.0	215220.0	166973.0	77931.3	23529.6	
241704.0	241639.0	241463.0	240871.0	238991.0	233090.0	215220.0	166973.0	77931.3	23529.6	
241704.0	241639.0	241463.0	240871.0	238991.0	233090.0	215220.0	166973.0	77931.3	23529.6	
241704.0	241639.0	241463.0	240871.0	238991.0	233090.0	215220.0	166973.0	77931.3	23529.6	
241704.0	241639.0	241463.0	240871.0	238991.0	233090.0	215220.0	166973.0	77931.3	23529.6	
241704.0	241639.0	241463.0	240871.0	238991.0	233090.0	215220.0	166973.0	77931.3	23529.6	
241704.0	241639.0	241463.0	240871.0	238991.0	233090.0	215220.0	166973.0	77931.3	23529.6	
241704.0	241639.0	241463.0	240871.0	238991.0	233090.0	215220.0	166973.0	77931.3	23529.6	
241704.0	241639.0	241463.0	240871.0	238991.0	233090.0	215220.0	166973.0	77931.3	23529.6	
241704.0	241639.0	241463.0	240871.0	238991.0	233090.0	215220.0	166973.0	77931.3	23529.6	
241704.0	241639.0	241463.0	240871.0	238991.0	233090.0	215220.0	166973.0	77931.3	23529.6	
241704.0	241639.0	241463.0	240871.0	238991.0	233090.0	215220.0	166973.0	77931.3	23529.6	
241704.0	241639.0	241463.0	240871.0	238991.0	233090.0	215220.0	166973.0	77931.3	23529.6	
241704.0	241639.0	241463.0	240871.0	238991.0	233090.0	215220.0	166973.0	77931.3	23529.6	
241704.0	241639.0	241463.0	240871.0	238991.0	233090.0	215220.0	166973.0	77931.3	23529.6	
241704.0	241639.0	241463.0	240871.0	238991.0	233090.0	215220.0	166973.0	77931.3	23529.6	
241704.0	241639.0	241463.0	240871.0	238991.0	233090.0	215220.0	166973.0	77931.3	23529.6	
241704.0	241639.0	241463.0	240871.0	238991.0	233090.0	215220.0	166973.0	77931.3	23529.6	
241704.0	241639.0	241463.0	240871.0	238991.0	233090.0	215220.0	166973.0	77931.3	23529.6	
241704.0	241639.0	241463.0	240871.0	238991.0	233090.0	215220.0	166973.0	77931.3	23529.6	
241704.0	241639.0	241463.0	240871.0	238991.0	233090.0	215220.0	166973.0	77931.3	23529.6	
241704.0	241639.0	241463.0	240871.0	238991.0	233090.0	215220.0	166973.0	77931.3	23529.6	
241704.0	241639.0	241463.0	240871.0	238991.0	233090.0	215220.0	166973.0	77931.3	23529.6	
241704.0	241639.0	241463.0	240871.0	238991.0	233090.0	215220.0	166973.0	77931.3	23529.6	
241704.0	241639.0	241463.0	240871.0	238991.0	233090.0	215220.0	166973.0	77931.3	23529.6	
241704.0	241639.0	241463.0	240871.0	238991.0	233090.0	215220.0	166973.0	77931.3	23529.6	
241704.0	241639.0	241463.0	240871.0	238991.0	233090.0	215220.0	166973.0	77931.3	23529.6	
241704.0	241639.0	241463.0	240871.0	238991.0	233090.0	215220.0	166973.0	77931.3	23529.6	
241704.0	241639.0	241463.0	240871.0	238991.0	233090.0	215220.0	166973.0	77931.3	23529.6	
241704.0	241639.0	241463.0	240871.0	238991.0	233090.0	215220.0	166973.0	77931.3	23529.6	
241704.0	241639.0	241463.0	240871.0	238991.0	233090.0	215220.0	166973.0	77931.3	23529.6	
241704.0	241639.0	241463.0	240871.0	238991.0	233090.0	215220.0	166973.0	77931.3	23529.6	
241704.0	241639.0	241463.0	240871.0	238991.0	233090.0	215220.0	166973.0	77931.3	23529.6	
241704.0	241639.0	241463.0	240871.0	238991.0	233090.0	215220.0	166973.0	77931.3	23529.6	
241704.0	241639.0	241463.0	240871.0	238991.0	233090.0	215220.0	166973.0	77931.3	23529.6	
241704.0	241639.0	241463.0	240871.0	238991.0	233090.0	215220.0	166973.0	77931.3	23529.6	
241704.0	241639.0	241463.0	240871.0	238991.0	233090.0	215220.0	166973.0	77931.3	23529.6	
241704.0	241639.0	241463.0	240871.0	238991.0	233090.0	215220.0	166973.0	77931.3	23529.6	
241704.0	241639.0	241463.0	240871.0	238991.0	233090.0	215220.0	166973.0	77931.3	23529.6	
241704.0	241639.0	241463.0	240871.0	238991.0	233090.0	215220.0	166973.0	77931.3	23529.6	
241704.0	241639.0	241463.0	240871.0	238991.0	233090.0	215220.0	166973.0	77931.3	23529.6	
241704.0	241639.0	241463.0	240871.0	238991.0	233090.0	215220.0	166973.0	77931.3	23529.6	
241704.0	241639.0	241463.0	240871.0	238991.0	233090.0	215220.0	166973.0	77931.3	23529.6	
241704.0	241639.0	241463.0	240871.0	238991.0	233090.0	215220.0	166973.0	77931.3	23529.6	
241704.0	241639.0	241463.0	240871.0	238991.0	233090.0	215220.0	166973.0	77931.3	23529.6	
241704.0	241639.0	241463.0	240871.0	238991.0	233090.0	215220.0	166973.0	77931.3	23529.6	
241704.0	241639.0	241463.0	240871.0	238991.0	233090.0	215220.0	166973.0	77931.3	23529.6	
241704.0	241639.0	241463.0	240871.0	238991.0	233090.0	215220.0	166973.0	77931.3	23529.6	
241704.0	241639.0	241463.0	240871.0	238991.0	233090.0	215220.0	166973.0	77931.3	23529.6	
241704.0	241639.0	241463.0	240871.0	238991.0	233090.0	215220.0	166973.0	77931.3	23529.6	
241704.0	241639.0	241463.0	240871.0	238991.0	233090.0	215220.0	166973.0	77931.3	23529.6	
241704.0	241639.0	241463.0	240871.0	238991.0	233090.0	215220.0	166973.0	77931.3	23529.6	
241704.0	241639.0	241463.0	240871.0	238991.0	233090.0	215220.0	166973.0	77931.3	23529.6	
241704.0	241639.0	241463.0	240871.0	238991.0	233090.0	215220.0	166973.0	77931.3	23529.6	
241704.0	241639.0	241463.0	240871.0	238991.0	233090.0	215220.0	166973.0	77931.3	23529.6	
241704.0	241639.0	241463.0	240871.0	238991.0	233090.0	215220.0	166973.0	77931.3	23529.6	
241704.0	241639.0	241463.0	240871.0	238991.0	233090.0	215220.0	166973.0	77931.3	23529.6	
241704.0	241639.0	241463.0	240871.0	238991.0	233090.0	215220.0	166973.0	77931.3	23529.6	
241704.0	241639.0	241463.0	240871.0	238991.0	233090.0	215220.0	166973.0	77931.3	23529.6	
241704.0	241639.0	241463.0	240871.0	238991.0	233090.0	215220.0	166973.0	77931.3	23529.6	
241704.0	241639.0	241463.0	240871.0	238991.0	233090.0	215220.0	166973.0	77931.3	23529.6	
241704.0	241639.0	241463.0	240871.0	238991.0	233090.0	215220.0	166973.0	77931.3	23529.6	
241704.0	241639.0	241463.0	240871.0	238991.0	233090.0	215220.0	166973.0	77931.3	23529.6	
241704.0	241639.0	241463.0	240871.0	238991.0	233090.0	215220.0	166973.0	77931.3	23529.6	
241704.0	241639.0	241463.0	240871.0	238991.0	233090.0	215220.0	166973.0	77931.3	23529.6	
241704.0	241639.0	241463.0	240871.0	238991.0	233090.0	215220.0	166973.0	77931.3	23529.6	
241704.0	241639.0	241463.0	240871.0	238991.0	233090.0	215220.0	166973.0	77931.3	23529.6	
241704.0	241639.0	241463.0	240871.0	238991.0	233090.0	215220.0	166973.0	77931.3	23529.6	
241704.0	241639.0	241463.0	240871.0	238991.0	233090.0	215220.0	166973.0	77931.3	23529.6	
241704.0	241639.0	241463.0	240871.0	238991.0	233090.0	215220.0	166973.0	77931.3	23529.6	
241704.0	241639.0	241463.0	240871.0	238991.0	233090.0	215220.0	166973.0	77931.3	23529.6	
241704.0	241639.0	241463.0	240871.0	238991.0	233090.0	215220.0	166973.0	77931.3	23529.6	
241704.0	241639.0	241463.0	240871.0	238991.0	233090.0	215220.0	166973.0	77931.3	23529.6	
241704.0	241639.0	241463.0	240871.0	238991.0	233090.0	215220.0	166973.0	77931.3	23529.6	
241704.0	241639.0	241463.0	240871.0	238991.0	233090.0	215220.0	166973.0	77931.3	23529.6	
241704.0	241639.0	241463.0	240871.0	238991.0	233090.0	215220.0	166973.0	77931.3	23529.6	
241704.0	241639.0	241463.0	240871.0	238991.0	233090.0	215220.0	166973.0	77931.3	23529.6	
241704.0	241639.0	241463.0	240871.0	238991.0	233090.0	215220.0	166973.0	77931.3	23529.6	
241704.0	241639.0	241463.0	240871.0	238991.0	233090.0	215220.0	166973.0	77931.3	23529.6	
241704.0	241639.0	241463.0	240871.0	238991.0	233090.0	215220.0	166973.0	77931.3	23529.6	
241704.0	241639.0	241463.0	240871.0	238991.0	233090.0	215220.0	166973.0	77931.3	23529.6	
241704.0	241639.0	241463.0	240871.0	238991.0	233090.0	215220.0	166973.0	77931.3	23529.6	
241704.0	241639.0	241463.0	240871.0	238991.0	233090.0	215220.0	166973.0	77931.3	23529.6	
241704.0	241639.0	241463.0	240871.0	238991.0	233090.0	215220.0	166973.0	77931.3	23529.6	
241704.0	241639.0	241463.0	240871.0	238991.0	233090.0	215220.0	166973.0	77931.3	23529.6	
241704.0	241639.0	241463.0	240871.0	238991.0	233090.0	215220.0	166973.0	77931.3	23529.6	
241704.0	241639.0	241463.0	240871.0	238991.0	233090.0	215220.0	166973.0	77931.3	23529.6	
241704.0	241639.0	241463.0	240871.0	238991.0	233090.0	215220.0	166973.0	77931.3	23529.6	
241704.0	241639.0	241463.0	240871.0	238991.0	233090.0	215220.0	166973.0	77931.3	23529.6	
241704.0	241639.0	241463.0	240871.0	238991.0	233090.0	215220.0	166973.0	77931.3	23529.6	
241704.0	241639.0	241463.0	240871.0	238991.0	233090.0	215220.0	166973.0	77931.3	23529.6	
241704.0	241639.0	241463.0	240871.0	238991.0	233090.0	215220.0	166973.0	77931.3	23529.6	
241704.0	241639.0	241463.0	240871.0	238991.0	233090.0	215220.0	166973.0	77931.3	23529.6	
241704.0	241639.0	241463.0	240871.0	238991.0	233090.0	215220.0	166973.0	77931.3	23529.6	
241704.0	241639.0	241463.0	240871.0	238991.0	233090.0	215220.0	166973.0	77931.3	23529.6	
241704.0	241639.0	241463.0	240871.0	238991.0	233090.0	215220.0	166973.0	77931.3	23529.6	
241704.0	241639.0	241463.0	240871.0	238991.0	233090.0	215220.0	166973.0	77931.3	23529.6	
241704.0	241639.0	241463.0	240871.0	238991.0	233090.0	215220.0	166973.0	77931.3	23529.6	
241704.0	241639.0	241463.0	240871.0	238991.0	233090.0	215220.0	166973.0	77931.3	23529.6	
241704.0	241639.0	241463.0	240871.0	238991.0	233090.0	215220.0	166973.0	77931.3	23529.6	
241704.0	241639.0	241463.0	240871.0	238991.0	233090.0	215220.0	166973.0	77931.3	23529.6	
241704.0	241639.0	241463.0	240871.0	238991.0	233090.0	215220.0	166973.0	77931.3	23529.6	
241704.0	241639.0	241463.0	240871.0	238991.0	233090.0	215220.0	166973.0	77931.3	23529.6	
241704.0	241639.0	241463.0	240871.0	238991.0	233090.0	215220.0	166973.0	77931.3	23529.6	
241704.0	241639.0	241463.0	240871.0	238991.0	233090.0	215220.0	166973.0	77931.3	23529.6	
241704.0	241639.0	241463.0	240871.0	238991.0	233090.0	215220.0	166973.0	77931.3	23529.6	
241704.0	241639.0	241463.0	240871.0	238991.0	233090.0	215220.0	166973.0	77931.3	23529.6	
241704.0	241639.0	241463.0	240871.0	238991.0	233090.0	215220.0	166973.0	77931.3	23529.6	
241704.0	241639.0	241463.0	240871.0	238991.0	233090.0	215220.0	166973.0	77931.3	23529.6	
241704.0	241639.0	241463.0	240871.0	238991.0	233090.0	215220.0	166973.0	77931.3	23529.6	
241704.0	241639.0	241463.0	240871.0	238991.0	233090.0	215220.0	166973.0	77931.3	23529.6	
241704.0	241639.0	241463.0	240871.0	238991.0	233090.0	215220.0	166973.0	77931.3	23529.6	
241704.0	241639.0	241463.0	240871.0	238991.0	233090.0	215220.0	166973.0	77931.3	23529.6	
241704.0	241639.0	241463.0	240871.0	238991.0	233090.0	215220.0	166973.0	77931.3	23529.6	
241704.0	241639.0	241463.0	240871.0	238991.0	233090.0	215220.0	166973.0	77931.3	23529.6	
241704.0	241639.0	241463.0	240871.0	238991.0	233090.0	215220.0	166973.0	77931.3	23529.6	
241704.0	241639.0	241463.0	240871.0	238991.0	233090.0	215220.0	166973.0	77931.3	23529.6	
241704.0	241639.0	241463.0	240871.0	238991.0	233090.0	215220.0	166973.0	77931.3	23529.6	
241704.0	241639.0	241463.0	240871.0	238991.0	233090.0	215220.0	166973.0	77931.3	23529.6	
241704.0	241639.0	241463.0	240871.0	238991.0	233090.0	215220.0	166973.0	77931.3	23529.6	
241704.0	241639.0	241463.0	240871.0	238991.0	233090.0	215220.0	166973.0	77931.3	23529.6	
241704.0	241639.0	241463.0	240871.0	238991.0	233090.0	215220.0	166973.0	77931.3	23529.6	
241704.0	241639.0	241463.0	240871.0	238991.0	233090.0	215220.0	166973.0	77931.3	23529.6	
241704.0	241639.0	241463.0	240871.0	238991.0	233090.0	215220.0	166973.0	77931.3	23529.6	
241704.0	241639.0	241463.0	240871.0	238991.0	233090.0	215220.0	166973.0	77931.3	23529.6	
241704.0	241639.0	241463.0	240871.0	238991.0	233090.0	215220.0	166973.0	77931.3	23529.6	
241704.0	241639.0	241463.0	240871.0	238991.0	233090.0	215220.0	166973.0	77931.3	23529.6	
241704.0	241639.0	241463.0	240871.0	238991.0	233090.0	215220.0	166973.0	77931.3	23529.6	
241704.0	241639.0	241463.0	240871.0	238991.0	233090.0	215220.0	166973.0	77931.3	23529.6	
241704.0	241639.0	241463.0	240871.0	238991.0	233090.0	215220.0	166973.0	77931.3	23529.6	
241704.0	241639.0	241463.0	240871.0	238991.0	233090.0	215220.0	166973.0	77931.3	23529.6	
241704.0	241639.0	241463.0	240871.0	238991.0	233090.0	215220.0	166973.0	77931.3	23529.6	
241704.0	241639.0	241463.0	240871.0	238991.0	233090.0	215220.0	166973.0	77931.3	23529.6	
241704.0	241639.0	241463.0	240871.0	238991.0	233090.0	215220.0	166973.0	77931.3	23529.6	
241704.0	241639.0	241463.0	240871.0	238991.0	233090.0	215220.0	166973.0	77931.3	23529.6	
241704.0	241639.0	241463.0	240871.0	238991.0	233090.0	215220.0	166973.0	77931.3	23529.6	
241704.0	241639.0	241463.0	240871.0	238991.0	233090.0	215220.0	166973.0	77931.3	23529.6	
241704.0	241639.0	241463.0	240871.0	238991.0	233090.0	215220.0	166973.0	77931.3	23529.6	
241704.0	241639.0	241463.0	240871.0	238991.0	233090.0	215220.0	166973.0	77931.3	23529.6	
241704.0	241639.0	241463.0	240871.0	238991.0	233090.0	215220.0	166973.0	77931.3	23529.6	
241704.0	241639.0	241463.0	240871.0	238991.0	233090.0	215220.0	166973.0	77931.3	23529.6	
241704.0	241639.0	241463.0	240871.0	238991.0	233090.0	215220.0	166973.0	77931.3	23529.6	
241704.0	241639.0	241463.0	240871.0	238991.0	233090.0	215220.0	166973.0	77931.3	23529.6	
241704.0	241639.0	241463.0	240871.0	238991.0	233090.0	215220.0	166973.0	77931.3	23529.6	
241704.0	241639.0	241463.0	240871.0	238991.0	233090.0	215220.0	166973.0	77931.3	23529.6	
241704.0	241639.0	241463.0	240871.0	238991.0	233090.0	215220.0	166973.0	77931.3	23529.6	
241704.0	241639.0	241463.0	240871.0	238991.0	233090.0	215220.0	166973.0	77931.3	23529.6	
241704.0	241639.0	241463.0	240871.0	238991.0	233090.0	215220.0	166973.0	77931.3	23529.6	
241704.0	241639.0	241463.0	240871.0	238991.0	233090.0	215220.0	166973.0	77931.3	23529.6	
241704.0	241639.0	241463.0	240871.0	238991.0	233090.0	215220.0	166973.0	77931.3	23529.6	
241704.0	241639.0	241463.0	240871.0	238991.0	233090.0	215220.0	166973.0	77931.3	23529.6	
241704.0	241639.0	241463.0	240871.0	238991.0	233090.0	215220.0	166973.0	77931.3	23529.6	
241704.0	241639.0	241463.0	240871.0	238991.0	233090.0	215220.0	166973.0	77931.3	23529.6	
241704.0	241639.0	241463.0	240871.0	238991.0	233090.0	215220.0	166973.0	77931.3	23529.6	
241704.0	241639.0	241463.0	240871.0	238991.0	233090.0	215220.0	166973.0	77931.3	23529.6	
241704.0	241639.0	241463.0	240871.0	238991.0	233090.0	215220.0	166973.0	77931.3	23529.6	
241704.0	241639.0	241463.0	240871.0	238991.0	233090.0	215220.0	166973.0	77931.3	23529.6	
241704.0	241639.0	241463.0	240871.0	238991.0	233090.0	215220.0	166973.0	77931.3	23529.6	
241704.0	241639.0	241463.0	240871.0	238991.0	233090.0	215220.0	166973.0	77931.3	23529.6	
241704.0	241639.0	241463.0	240871.0	238991.0	233090.0	215220.0	166973.0	77931.3	23529.6	
241704.0	241639.0	241463.0	240871.0	238991.0	233090.0	215220.0	166973.0	77931.3	23529.6	
241704.0	241639.0	241463.0	240871.0	238991.0	233090.0	215220.0	166973.0	77931.3	23529.6	
241704.0	241639.0	241463.0	240871.0	238991.0	233090.0	215220.0	166973.0	77931.3	23529.6	
241704.0	241639.0	241463.0	240871.0	238991.0	233090.0	215220.0	166973.0	77931.3	23529.6	
241704.0	241639.0	241463.0	240871.0	238991.0	233090.0	215220.0	166973.0	77931.3	23529.6	
241704.0	241639.0	241463.0	240871.0	238991.0	233090.0	215220.0	166973.0	77931.3	23529.6	
241704.0	241639.0	241463.0	240871.0	238991.0	233090.0	215220.0	166973.0	77931.3	23529.6	
241704.0	241639.0	241463.0	240871.0	238991.0	233090.0	215220.0	166973.0	77931.3	23529.6	
241704.0	241639.0	241463.0	240871.0	238991.0	233090.0	215220.0	166973.0	77931.3	23529.6	
241704.0	241639.0	241463.0	240871.0	238991.0	233090.0	215220.0	166973.0	77931.3	23529.6	
241704.0	241639.0	241463.0	240871.0	238991.0	233090.0	215220.0	166973.0	77931.3	23529.6	
241704.0	241639.0	241463.0	240871.0	238991.0	233090.0	215220.0	166973.0	77931.3	23529.6	
241704.0	241639.0	241463.0	240871.0	238991.0	233090.0	215220.0	166973.0	77931.3	23529.6	
241704.0	241639.0	241463.0	240871.0	238991.0	233090.0	215220.0	166973.0	77931.3	23529.6	
241704.0	241639.0	241463.0	240871.0	238991.0	233090.0	215220.0	166973.0	77931.3	23529.6	
241704.0	241639.0	241463.0	240871.0	238991.0	233090.0	215220.0	166973.0	77931.3	23529.6	
241704.0	241639.0	241463.0	240871.0	238991.0	233090.0	215220.0	166973.0	77931.3	23529.6	
241704.0	241639.0	241463.0	240871.0	238991.0	233090.0	215220.0	166973.0	77931.3	23529.6	
241704.0	241639.0	241463.0	240871.0	238991.0	233090.0	215220.0	166973.0	77931.3	23529.6	
241704.0	241639.0	241463.0	240871.0	238991.0	233090.0	215220.0	166973.0	77931.3	23529.6	
241704.0	241639.0	241463.0	240871.0	238991.0	233090.0	215220.0	166973.0	77931.3	23529.6	
241704.0	241639.0	241463.0	240871.0	238991.0	233090.0	215220.0	166973.0	77931.3	23529.6	
241704.0	241639.0	241463.0	240871.0	238991.0	233090.0	215220.0	166973.0	77931.3	23529.6	
241704.0	241639.0	241463.0	240871.0	238991.0	233090.0	215220.0	166973.0	77931.3	23529.6	
241704.0	241639.0	241463.0	240871.0	238991.0	233090.0	215220.0	166973.0	77931.3	23529.6	
241704.0	241639.0	241463.0	240871.0	238991.0	233090.0	215220.0	166973.0	77931.3	23529.6	
241704.0	241639.0	241463.0	240871.0	238991.0	233090.0	215220.0	166973.0	77931.3	23529.6	
241704.0	241639.0	241463.0	240871.0	238991.0	233090.0	215220.0	166973.0	77931.3	23529.6	
241704.0	241639.0	241463.0	240871.0	238991.0	233090.0	215220.0	166973.0	77931.3	23529.6	
241704.0	241639.0	241463.0	240871.0	238991.0	233090.0	215220.0	166973.0	77931.3	23529.6	
241704.0	241639.0	241463.0	240871.0	238991.0	233090.0	215220.0	166973.0	77931.3	23529.6	
241704.0	241639.0	241463.0	240871.0	238991.0	233090.0	215220.0	166973.0	77931.3	23529.6	
241704.0	241639.0	241463.0	240871.0	238991.0	233090.0	215220.0	166973.0	77931.3	23529.6	
241704.0	241639.0	241463.0	240871.0	238991.0	233090.0	215220.0	166973.0	77931.3	23529.6	
241704.0	241639.0	241463.0	240871.0	238991.0	233090.0	215220.0	166973.0	77931.3	23529.6	
241704.0	241639.0	241463.0	240871.0	238991.0	233090.0	215220.0	166973.0	77931.3	23529.6	
241704.0	241639.0	241463.0	240871.0	238991.0	233090.0	215220.0	166973.0	77931.3	23529.6	
241704.0	241639.0	241463.0	240871.0	238991.0	233090.0	215220.0	166973.0	77931.3	23529.6	
241704.0	241639.0	241463.0	240871.0	238991.0	233090.0	215220.0	166973.0	77931.3	23529.6	
241704.0	241639.0	241463.0	240871.0	238991.0	233090.0	215220.0	166973.0	77931.3	23529.6	
241704.0	241639.0	241463.0	240871.0	238991.0	233090.0	215220.0	166973.0	77931.3	23529.6	
241704.0	241639.0	241463.0	240871.0	238991.0	233090.0	215220.0	166973.0	77931.3	23529.6	
241704.0	241639.0	241463.0	240871.0	238991.0	233090.0	215220.0	166973.0	77931.3	23529.6	
241704.0	241639.0	241463.0	240871.0	238991.0	233090.0	215220.0	166973.0	77931.3	23529.6	
241704.0	241639.0	241463.0	240871.0	238991.0	233090.0	215220.0	166973.0	77931.3	23529.6	
241704.0	241639.0	241463.0	240871.0	238991.0	233090.0	215220.0	166973.0	77931.3	23529.6	
241704.0	241639.0	241463.0	240871.0	238991.0	233090.0	215220.0	166973.0	77931.3	23529.6	
241704.0	241639.0	241463.0	240871.0	238991.0	233090.0	215220.0	166973.0	77931.3	23529.6	
241704.0	241639.0	241463.0	240871.0	238991.0	233090.0	215220.0	166973.0	77931.3	23529.6	
241704.0	241639.0	241463.0	240871.0	238991.0	233090.0	215220.0	166973.0	77931.3	23529.6	
241704.0	241639.0	241463.0	240871.0	238991.0	233090.0	215220.0	166973.0	77931.3	23529.6	
241704.0	241639.0	241463.0	240871.0	238991.0	233090.0	215220.0	166973.0	77931.3	23529.6	
241704.0	241639.0	241463.0	240871.0	238991.0	233090.0	215220.0	166973.0	77931.3	23529.6	
241704.0	241639.0	241463.0	240871.0	238991.0	233090.0	215220.0	166973.0	77931.3	23529.6	
241704.0	241639.0	241463.0	240871.0	238991.0	233090.0	215220.0	166973.0	77931.3	23529.6	
241704.0	241639.0	241463.0	240871.0	238991.0	233090.0	215220.0	166973.0	77931.3	23529.6	
241704.0	241639.0	241463.0	240871.0	238991.0	233090.0	215220.0	166973.0	77931.3	23529.6	
241704.0	241639.0	241463.0	240871.0	238991.0	233090.0	215220.0	166973.0	77931.3	23529.6	
241704.0	241639.0	241463.0	240871.0	238991.0	233090.0	215220.0	166973.0	77931.3	23529.6	
241704.0	241639.0	241463.0	240871.0	238991.0	233090.0	215220.0	166973.0	77931.3	23529.6	
241704.0	241639.0	241463.0	240871.0	238991.0	233090.0	215220.0	166973.0	77931.3	23529.6	
241704.0	241639.0	241463.0	240871.0	238991.0	233090.0	215220.0	166973.0	77931.3	23529.6	
241704.0	241639.0	241463.0	240871.0	238991.0	233090.0	215220.0	166973.0	77931.3	23529.6	
241704.0	241639.0	241463.0	240871.0	238991.0	233090.0	215220.0	166973.0	77931.3	23529.6	
241704.0	241639.0	241463.0	240871.0	238991.0	233090.0	215220.0	166973.0	77931.3	23529.6	
241704.0	241639.0	241463.0	240871.0	238991.0	233090.0	215220.0	166973.0	77931.3	23529.6	
241704.0	241639.0	241463.0	240871.0	238991.0	233090.0	215220.0	166973.0	77931.3	23529.6	
241704.0	241639.0	241463.0	240871.0	238991.0	233090.0	215220.0	166973.0	77931.3	23529.6	
241704.0	241639.0	241463.0	240871.0	238991.0	233090.0	215220.0	166973.0	77931.3	23529.6	
241704.0	241639.0	241463.0	240871.0	238991.0	233090.0	215220.0	166973.0	77931.3	23529.6	
241704.0	241639.0	241463.0	240871.0	238991.0	233090.0	215220.0	166973.0	77931.3	23529.6	
241704.0	241639.0	241463.0	240871.0	238991.0	233090.0	215220.0	166973.0	77931.3	23529.6	
241704.0	241639.0	241463.0	240871.0	238991.0	233090.0	215220.0	166973.0	77931.3	23529.6	
241704.0	241639.0	241463.0	240871.0	238991.0	233090.0	215220.0	166973.0	77931.3	23529.6	
241704.0	241639.0	241463.0	240871.0	238991.0	233090.0	215220.0	166973.0	77931.3	23529.6	
241704.0	241639.0	241463.0	240871.0	238991.0	233090.0	215220.0	166973.0	77931.3	23529.6	
241704.0	241639.0	241463.0	240871.0	238991.0	233090.0	215220.0	166973.0	77931.3	23529.6	
241704.0	241639.0	241463.0	240871.0	238991.0	233090.0	215220.0	166973.0	77931.3	23529.6	
241704.0	241639.0	241463.0	240871.0	238991.0	233090.0	215220.0	166973.0	77931.3	23529.6	
241704.0	241639.0	241463.0	240871.0	238991.0	233090.0	215220.0	166973.0	77931.3	23529.6	
241704.0	241639.0	241463.0	240871.0	238991.0	233090.0	215220.0	166973.0	77931.3	23529.6	
241704.0	241639.0	241463.0	240871.0	238991.0	233090.0	215220.0	166973.0	77931.3	23529.6	
241704.0	241639.0	241463.0	240871.0	238991.0	233090.0	215220.0	166973.0	77931.3	23529.6	
241704.0	241639.0	241463.0	240871.0	238991.0	233090.0	215220.0	166973.0	77931.3	23529.6	
241704.0	241639.0	241463.0	240871.0	238991.0	233090.0	215220.0	166973.0	77931.3	23529.6	
241704.0	241639.0	241463.0	240871.0	238991.0	233090.0	215220.0	166973.0	77931.3	23529.6	
241704.0	241639.0	241463.0	240871.0	238991.0	233090.0	215220.0	166973.0	77931.3	23529.6	
241704.0	241639.0	241463.0	240871.0	238991.0	233090.0	215220.0	166973.0	77931.3	23529.6	
241704.0	241639.0	241463.0	240871.0	238991.0	233090.0	215220.0	166973.0	77931.3	23529.6	
241704.0	241639.0	241463.0	240871.0	238991.0	233090.0	215220.0	166973.0	77931.3	23529.6	
241704.0	241639.0	241463.0	240871.0	238991.0	233090.0	215220.0	166973.0	77931.3	23529.6	
241704.0	241639.0	241463.0	240871.0	238991.0	233090.0	215220.0	166973.0	77931.3	23529.6	
241704.0	241639.0	241463.0	240871.0	238991.0	233090.0	215220.0	166973.0	77931.3	23529.6	
241704.0	241639.0	241463.0	240871.0	238991.0	233090.0	215220.0	166973.0	77931.3	23529.6	
241704.0	241639.0	241463.0	240871.0	238991.0	233090.0	215220.0	166973.0	77931.3	23529.6	
241704.0	241639.0	241463.0	240871.0	238991.0	233090.0	215220.0	166973.0	77931.3	23529.6	
241704.0	241639.0	241463.0	240871.0	238991.0	233090.0	215220.0	166973.0	77931.3	23529.6	
241704.0	241639.0	241463.0	240871.0	238991.0	233090.0	215220.0	166973.0	77931.3	23529.6	
241704.0	241639.0	241463.0	240871.0	238991.0	233090.0	215220.0	166973.0	77931.3	23529.6	
241704.0	241639.0	241463.0	240871.0	238991.0	233090.0	215220.0	166973.0	77931.3	23529.6	
241704.0	241639.0	241463.0	240871.0	238991.0	233090.0	215220.0	166973.0	77931.3	23529.6	
241704.0	241639.0	241463.0	240871.0	238991.0	233090.0	215220.0	166973.0	77931.3	23529.6	
241704.0	241639.0	241463.0	240871.0	238991.0	233090.0	215220.0	166973.0	77931.3	23529.6	
241704.0	241639.0	241463.0	240871.0	238991.0	233090.0	215220.0	166973.0	77931.3	23529.6	
241704.0	241639.0	241463.0	240871.0	238991.0	233090.0	215220.0	166973.0	77931.3	23529.6	
241704.0	241639.0	241463.0	240871.0	238991.0	233090.0	215220.0	166973.0	77931.3	23529.6	
241704.0	241639.0	241463.0	240871.0	238991.0	233090.0	215220.0	166973.0	77931.3	23529.6	
241704.0	241639.0	241463.0	240871.0	238991.0	233090.0	215220.0	166973.0	77931.3	23529.6	
241704.0	241639.0	241463.0	240871.0	238991.0	233090.0	215220.0	166973.0	77931.3	23529.6	
241704.0	241639.0	241463.0	240871.0	238991.0	233090.0	215220.0	166973.0	77931.3	23529.6	
241704.0	241639.0	241463.0	240871.0	238991.0	233090.0	215220.0	166973.0	77931.3	23529.6	
241704.0	241639.0	241463.0	240871.0	238991.0	233090.0	215220.0	166973.0	77931.3	23529.6	
241704.0	241639.0	241463.0	240871.0	238991.0	233090.0	215220.0	166973.0	77931.3	23529.6	
241704.0	241639.0	241463.0	240871.0	238991.0	233090.0	215220.0	166973.0	77931.3	23529.6	
241704.0	241639.0	241463.0	240871.0	238991.0	233090.0	215220.0	166973.0	77931.3	23529.6	
241704.0	241639.0	241463.0	240871.0	238991.0	233090.0	215220.0	166973.0	77931.3	23529.6	
241704.0	241639.0	241463.0	240871.0	238991.0	233090.0	215220.0	166973.0	77931.3	23529.6	
241704.0	241639.0	241463.0	240871.0	238991.0	233090.0	215220.0	166973.0	77931.3	23529.6	
241704.0	241639.0	241463.0	240871.0	238991.0	233090.0	215220.0	166973.0	77931.3	23529.6	
241704.0	241639.0	241463.0	240871.0	238991.0	233090.0	215220.0	166973.0	77931.3	23529.6	
241704.0	241639.0	241463.0	240871.0	238991.0	233090.0	215220.0	166973.0	77931.3	23529.6	
241704.0	241639.0	241463.0	240871.0	238991.0	233090.0	215220.0	166973.0	77931.3	23529.6	
241704.0	241639.0	241463.0	240871.0	238991.0	233090.0	215220.0	166973.0	77931.3	23529.6	
241704.0	241639.0	241463.0	240871.0	238991.0	233090.0	215220.0	166973.0	77931.3	23529.6	
241704.0	241639.0	241463.0	240871.0	238991.0	233090.0	215220.0	166973.0	77931.3	23529.6	
241704.0	241639.0	241463.0	240871.0	238991.0	233090.0	215220.0	166973.0	77931.3	23529.6	
241704.0	241639.0	241463.0	240871.0	238991.0	233090.0	215220.0	166973.0	77931.3	23529.6	
241704.0	241639.0	241463.0	240871.0	238991.0	233090.0	215220.0	166973.0	77931.3	23529.6	
241704.0	241639.0	241463.0	240871.0	238991.0	233090.0	215220.0	166973.0	77931.3	23529.6	
241704.0	241639.0	241463.0	240871.0	238991.0	233090.0	215220.0	166973.0	77931.3	23529.6	
241704.0	241639.0	241463.0	240871.0	238991.0	233090.0	215220.0	166973.0	77931.3	23529.6	
241704.0	241639.0	241463.0	240871.0	238991.0	233090.0	215220.0	166973.0	77931.3	23529.6	
241704.0	241639.0	241463.0	240871.0	238991.0	233090.0	215220.0	166973.0	77931.3	23529.6	
241704.0	241639.0	241463.0	240871.0	238991.0	233090.0	215220.0	166973.0	77931.3	23529.6	
241704.0	241639.0	241463.0	240871.0	238991.0	233090.0	215220.0	166973.0	77931.3	23529.6	
241704.0	241639.0	241463.0	240871.0	238991.0	233090.0	215220.0	166973.0	77931.3	23529.6	
241704.0	241639.0	241463.0	240871.0	238991.0	233090.0	215220.0	166973.0	77931.3	23529.6	
241704.0	241639.0	241463.0	240871.0	238991.0	233090.0	215220.0	166973.0	77931.3	23529.6	
241704.0	241639.0	241463.0	240871.0	238991.0	233090.0	215220.0	166973.0	77931.3	23529.6	
241704.0	241639.0	241463.0	240871.0	238991.0	233090.0	215220.0	166973.0	77931.3	23529.6	
241704.0	241639.0	241463.0	240871.0	238991.0	233090.0	215220.0	166973.0	77931.3	23529.6	
241704.0	241639.0	241463.0	240871.0	238991.0	233090.0	215220.0	166973.0	77931.3	23529.6	
241704.0	241639.0	241463.0	240871.0	238991.0	233090.0	215220.0	166973.0	77931.3	23529.6	
241704.0	241639.0	241463.0	240871.0	238991.0	233090.0	215220.0	166973.0	77931.3	23529.6	
241704.0	241639.0	241463.0	240871.0	238991.0	233090.0	215220.0	166973.0	77931.3	23529.6	
241704.0	241639.0	241463.0	240871.0	238991.0	233090.0	215220.0	166973.0	77931.3	23529.6	
241704.0	241639.0	241463.0	240871.0	238991.0	233090.0	215220.0	166973.0	77931.3	23529.6	
241704.0	241639.0	241463.0	240871.0	238991.0	233090.0	215220.0	166973.0	77931.3	23529.6	
241704.0	241639.0	241463.0	240871.0	238991.0	233090.0	215220.0	166973.0	77931.3	23529.6	
241704.0	241639.0	241463.0	240871.0	238991.0	233090.0	215220.0	166973.0	77931.3	23529.6	
241704.0	241639.0	241463.0	240871.0	238991.0	233090.0	215220.0	166973.0	77931.3	23529.6	
241704.0	241639.0	241463.0	240871.0	238991.0	233090.0	215220.0	166973.0	77931.3	23529.6	
241704.0	241639.0	241463.0	240871.0	238991.0	233090.0	215220.0	166973.0	77931.3	23529.6	
241704.0	241639.0	241463.0	240871.0	238991.0	233090.0	215220.0	166973.0	77931.3	23529.6	
241704.0	241639.0	241463.0	240871.0	238991.0	233090.0	215220.0	166973.0	77931.3	23529.6	
241704.0	241639.0	241463.0	240871.0	238991.0	233090.0	215220.0	166973.0	77931.3	23529.6	
241704.0	241639.0	241463.0	240871.0	238991.0	233090.0	215220.0	166973.0	77931.3	23529.6	
241704.0	241639.0	241463.0	240871.0	238991.0	233090.0	215220.0	166973.0	77931.3	23529.6	
241704.0	241639.0	241463.0	240871.0	238991.0	233090.0	215220.0	166973.0	77931.3	23529.6	
241704.0	241639.0	241463.0	240871.0	238991.0	233090.0	215220.0	166973.0	77931.3	23529.6	
241704.0	241639.0	241463.0	240871.0	238991.0	233090.0	215220.0	166973.0	77931.3	23529.6	
241704.0	241639.0	241463.0	240871.0	238991.0	233090.0	215220.0	166973.0	77931.3	23529.6	
241704.0	241639.0	241463.0	240871.0	238991.0	233090.0	215220.0	166973.0	77931.3	23529.6	
241704.0	241639.0	241463.0	240871.0	238991.0	233090.0	215220.0	166973.0	77931.3	23529.6	
241704.0	241639.0	241463.0	240871.0	238991.0	233090.0	215220.0	166973.0	77931.3	23529.6	
241704.0	241639.0	241463.0	240871.0	238991.0	233090.0	215220.0	166973.0	77931.3	23529.6	
241704.0	241639.0	241463.0	240871.0	238991.0	233090.0	215220.0	166973.0	77931.3	23529.6	
241704.0	241639.0	241463.0	240871.0	238991.0	233090.0	215220.0	166973.0	77931.3	23529.6	
241704.0	241639.0	241463.0	240871.0	238991.0	233090.0	215220.0	166973.0	77931.3	23529.6	
241704.0	241639.0	241463.0	240871.0	238991.0	233090.0	215220.0	166973.0	77931.3	23529.6	
241704.0	241639.0	241463.0	240871.0	238991.0	233090.0	215220.0	166973.0	77931.3	23529.6	
241704.0	241639.0	241463.0	240871.0	238991.0	233090.0	215220.0	166973.0	77931.3	23529.6	
241704.0	241639.0	241463.0	240871.0	238991.0	233090.0	215220.0	166973.0	77931.3	23529.6	
241704.0	241639.0	241463.0	240871.0	238991.0	233090.0	215220.0	166973.0	77931.3	23529.6	
241704.0	241639.0	241463.0	240871.0	238991.0	233090.0	215220.0	166973.0	77931.3	23529.6	
241704.0	241639.0	241463.0	240871.0	238991.0	233090.0	215220.0	166973.0	77931.3	23529.6	
241704.0	241639.0	241463.0	240871.0	238991.0	233090.0	215220.0	166973.0	77931.3	23529.6	
241704.0	241639.0	241463.0	240871.0	238991.0	233090.0	215220.0	166973.0	77931.3	23529.6	
241704.0	241639.0	241463.0	240871.0	238991.0	233090.0	215220.0	166973.0	77931.3	23529.6	
241704.0	241639.0	241463.0	240871.0	238991.0	233090.0	215220.0	166973.0	77931.3	23529.6	
241704.0	241639.0	241463.0	240871.0	238991.0	233090.0	215220.0	166973.0	77931.3	23529.6	
241704.0	241639.0	241463.0	240871.0	238991.0	233090.0	215220.0	166973.0	77931.3	23529.6	
241704.0	241639.0	241463.0	240871.0	238991.0	233090.0	215220.0	166973.0	77931.3	23529.6	
241704.0	241639.0	241463.0	240871.0	238991.0	233090.0	215220.0	166973.0	77931.3	23529.6	
241704.0	241639.0	241463.0	240871.0	238991.0	233090.0	215220.0	166973.0	77931.3	23529.6	
241704.0	241639.0	241463.0	240871.0	238991.0	233090.0	215220.0	166973.0	77931.3	23529.6	
241704.0	241639.0	241463.0	240871.0	238991.0	233090.0	215220.0	166973.0	77931.3	23529.6	
241704.0	241639.0	241463.0	240871.0	238991.0	233090.0	215220.0	166973.0	77931.3	23529.6	
241704.0	241639.0	241463.0	240871.0	238991.0	233090.0	215220.0	166973.0	77931.3	23529.6	
241704.0	241639.0	241463.0	240871.0	238991.0	233090.0	215220.0	166973.0	77931.3	23529.6	
241704.0	241639.0	241463.0	240871.0	238991.0	233090.0	215220.0	166973.0	77931.3	23529.6	
