-4.328129267019357185e-01 3.950000000000000178e-01
-4.324132841103365266e-01 3.950000000000000178e-01
-4.320136415187373347e-01 3.950000000000000178e-01
-4.316139989271381427e-01 3.950000000000000178e-01
-4.312143563355389508e-01 3.950000000000000178e-01
-4.308147137439396479e-01 3.950000000000000178e-01
-4.304150711523404560e-01 3.950000000000000178e-01
-4.300154285607412641e-01 3.950000000000000178e-01
-4.296157859691420722e-01 3.950000000000000178e-01
-4.292161433775428803e-01 3.950000000000000178e-01
-4.288165007859436884e-01 3.950000000000000178e-01
-4.284168581943444964e-01 3.950000000000000178e-01
-4.280172156027453045e-01 3.950000000000000178e-01
-4.276175730111461126e-01 3.950000000000000178e-01
-4.272179304195469207e-01 3.950000000000000178e-01
-4.268182878279476733e-01 3.950000000000000178e-01
-4.264186452363484814e-01 3.950000000000000178e-01
-4.260190026447492340e-01 3.950000000000000178e-01
-4.256193600531500421e-01 3.950000000000000178e-01
-4.252197174615508501e-01 3.950000000000000178e-01
-4.248200748699516582e-01 3.950000000000000178e-01
-4.244204322783524663e-01 3.950000000000000178e-01
-4.240207896867532744e-01 3.950000000000000178e-01
-4.236211470951540825e-01 3.950000000000000178e-01
-4.232215045035548906e-01 3.950000000000000178e-01
-4.228218619119556432e-01 3.950000000000000178e-01
-4.224222193203564513e-01 3.950000000000000178e-01
-4.220225767287572594e-01 3.950000000000000178e-01
-4.216229341371580674e-01 3.950000000000000178e-01
-4.212232915455588200e-01 3.950000000000000178e-01
-4.208236489539596281e-01 3.950000000000000178e-01
-4.204240063623604362e-01 3.950000000000000178e-01
-4.200243637707612443e-01 3.950000000000000178e-01
-4.196247211791620524e-01 3.950000000000000178e-01
-4.192250785875628050e-01 3.950000000000000178e-01
-4.188254359959636131e-01 3.950000000000000178e-01
-4.184257934043644211e-01 3.950000000000000178e-01
-4.180261508127652292e-01 3.950000000000000178e-01
-4.176265082211660373e-01 3.950000000000000178e-01
-4.172268656295668454e-01 3.950000000000000178e-01
-4.168272230379676535e-01 3.950000000000000178e-01
-4.164275804463684061e-01 3.950000000000000178e-01
-4.160279378547692142e-01 3.950000000000000178e-01
-4.156282952631700223e-01 3.950000000000000178e-01
-4.152286526715707748e-01 3.950000000000000178e-01
-4.148290100799715829e-01 3.950000000000000178e-01
-4.144293674883723910e-01 3.950000000000000178e-01
-4.140297248967731991e-01 3.950000000000000178e-01
-4.136300823051740072e-01 3.950000000000000178e-01
-4.132304397135748153e-01 3.950000000000000178e-01
-4.128307971219756234e-01 3.950000000000000178e-01
-4.124311545303764315e-01 3.950000000000000178e-01
-4.120315119387771841e-01 3.950000000000000178e-01
-4.116318693471779921e-01 3.950000000000000178e-01
-4.112322267555787447e-01 3.950000000000000178e-01
-4.108325841639795528e-01 3.950000000000000178e-01
-4.104329415723803609e-01 3.950000000000000178e-01
-4.100332989807811690e-01 3.950000000000000178e-01
-4.096336563891819771e-01 3.950000000000000178e-01
-4.092340137975827852e-01 3.950000000000000178e-01
-4.088343712059835933e-01 3.950000000000000178e-01
-4.084347286143844014e-01 3.950000000000000178e-01
-4.080350860227852094e-01 3.950000000000000178e-01
-4.076354434311860175e-01 3.950000000000000178e-01
-4.072358008395868256e-01 3.950000000000000178e-01
-4.068361582479875227e-01 3.950000000000000178e-01
-4.064365156563883308e-01 3.950000000000000178e-01
-4.060368730647891389e-01 3.950000000000000178e-01
-4.056372304731899470e-01 3.950000000000000178e-01
-4.052375878815907551e-01 3.950000000000000178e-01
-4.048379452899915631e-01 3.950000000000000178e-01
-4.044383026983923712e-01 3.950000000000000178e-01
-4.040386601067931793e-01 3.950000000000000178e-01
-4.036390175151939874e-01 3.950000000000000178e-01
-4.032393749235947955e-01 3.950000000000000178e-01
-4.028397323319956036e-01 3.950000000000000178e-01
-4.024400897403963007e-01 3.950000000000000178e-01
-4.020404471487971088e-01 3.950000000000000178e-01
-4.016408045571979168e-01 3.950000000000000178e-01
-4.012411619655987249e-01 3.950000000000000178e-01
-4.008415193739995330e-01 3.950000000000000178e-01
-4.004418767824003411e-01 3.950000000000000178e-01
-4.000422341908011492e-01 3.950000000000000178e-01
-3.996425915992019573e-01 3.950000000000000178e-01
-3.992429490076027654e-01 3.950000000000000178e-01
-3.988433064160035735e-01 3.950000000000000178e-01
-3.984436638244043816e-01 3.950000000000000178e-01
-3.980440212328051897e-01 3.950000000000000178e-01
-3.976443786412058867e-01 3.950000000000000178e-01
-3.972447360496066948e-01 3.950000000000000178e-01
-3.968450934580075029e-01 3.950000000000000178e-01
-3.964454508664083110e-01 3.950000000000000178e-01
-3.960458082748091191e-01 3.950000000000000178e-01
-3.956461656832099272e-01 3.950000000000000178e-01
-3.952465230916107353e-01 3.950000000000000178e-01
-3.948468805000115434e-01 3.950000000000000178e-01
-3.944472379084123514e-01 3.950000000000000178e-01
-3.940475953168131595e-01 3.950000000000000178e-01
-3.936479527252139676e-01 3.950000000000000178e-01
-3.932483101336147202e-01 3.950000000000000178e-01
-3.928486675420154728e-01 3.950000000000000178e-01
-3.924490249504162809e-01 3.950000000000000178e-01
-3.920493823588170890e-01 3.950000000000000178e-01
-3.916497397672178971e-01 3.950000000000000178e-01
-3.912500971756187051e-01 3.950000000000000178e-01
-3.908504545840195132e-01 3.950000000000000178e-01
-3.904508119924203213e-01 3.950000000000000178e-01
-3.900511694008211294e-01 3.950000000000000178e-01
-3.896515268092219375e-01 3.950000000000000178e-01
-3.892518842176226901e-01 3.950000000000000178e-01
-3.888522416260234982e-01 3.950000000000000178e-01
-3.884525990344242508e-01 3.950000000000000178e-01
-3.880529564428250588e-01 3.950000000000000178e-01
-3.876533138512258669e-01 3.950000000000000178e-01
-3.872536712596266750e-01 3.950000000000000178e-01
-3.868540286680274831e-01 3.950000000000000178e-01
-3.864543860764282912e-01 3.950000000000000178e-01
-3.860547434848290993e-01 3.950000000000000178e-01
-3.856551008932298519e-01 3.950000000000000178e-01
-3.852554583016306600e-01 3.950000000000000178e-01
-3.848558157100314681e-01 3.950000000000000178e-01
-3.844561731184322761e-01 3.950000000000000178e-01
-3.840565305268330287e-01 3.950000000000000178e-01
-3.836568879352338368e-01 3.950000000000000178e-01
-3.832572453436346449e-01 3.950000000000000178e-01
-3.828576027520354530e-01 3.950000000000000178e-01
-3.824579601604362611e-01 3.950000000000000178e-01
-3.820583175688370692e-01 3.950000000000000178e-01
-3.816586749772378218e-01 3.950000000000000178e-01
-3.812590323856386298e-01 3.950000000000000178e-01
-3.808593897940394379e-01 3.950000000000000178e-01
-3.804597472024402460e-01 3.950000000000000178e-01
-3.800601046108410541e-01 3.950000000000000178e-01
-3.796604620192418622e-01 3.950000000000000178e-01
-3.792608194276426703e-01 3.950000000000000178e-01
-3.788611768360434229e-01 3.950000000000000178e-01
-3.784615342444442310e-01 3.950000000000000178e-01
-3.780618916528450391e-01 3.950000000000000178e-01
-3.776622490612457916e-01 3.950000000000000178e-01
-3.772626064696465997e-01 3.950000000000000178e-01
-3.768629638780474078e-01 3.950000000000000178e-01
-3.764633212864482159e-01 3.950000000000000178e-01
-3.760636786948490240e-01 3.950000000000000178e-01
-3.756640361032498321e-01 3.950000000000000178e-01
-3.752643935116506402e-01 3.950000000000000178e-01
-3.748647509200514483e-01 3.950000000000000178e-01
-3.744651083284522008e-01 3.950000000000000178e-01
-3.740654657368529534e-01 3.950000000000000178e-01
-3.736658231452537615e-01 3.950000000000000178e-01
-3.732661805536545696e-01 3.950000000000000178e-01
-3.728665379620553777e-01 3.950000000000000178e-01
-3.724668953704561858e-01 3.950000000000000178e-01
-3.720672527788569939e-01 3.950000000000000178e-01
-3.716676101872578020e-01 3.950000000000000178e-01
-3.712679675956586101e-01 3.950000000000000178e-01
-3.708683250040594181e-01 3.950000000000000178e-01
-3.704686824124602262e-01 3.950000000000000178e-01
-3.700690398208609233e-01 3.950000000000000178e-01
-3.696693972292618424e-01 3.950000000000000178e-01
-3.692697546376625395e-01 3.950000000000000178e-01
-3.688701120460633476e-01 3.950000000000000178e-01
-3.684704694544641557e-01 3.950000000000000178e-01
-3.680708268628649638e-01 3.950000000000000178e-01
-3.676711842712657718e-01 3.950000000000000178e-01
-3.672715416796665799e-01 3.950000000000000178e-01
-3.668718990880673880e-01 3.950000000000000178e-01
-3.664722564964681961e-01 3.950000000000000178e-01
-3.660726139048690042e-01 3.950000000000000178e-01
-3.656729713132698123e-01 3.950000000000000178e-01
-3.652733287216706204e-01 3.950000000000000178e-01
-3.648736861300713175e-01 3.950000000000000178e-01
-3.644740435384721255e-01 3.950000000000000178e-01
-3.640744009468729336e-01 3.950000000000000178e-01
-3.636747583552737417e-01 3.950000000000000178e-01
-3.632751157636745498e-01 3.950000000000000178e-01
-3.628754731720753579e-01 3.950000000000000178e-01
-3.624758305804761660e-01 3.950000000000000178e-01
-3.620761879888769741e-01 3.950000000000000178e-01
-3.616765453972777822e-01 3.950000000000000178e-01
-3.612769028056785903e-01 3.950000000000000178e-01
-3.608772602140793984e-01 3.950000000000000178e-01
-3.604776176224800954e-01 3.950000000000000178e-01
-3.600779750308809035e-01 3.950000000000000178e-01
-3.596783324392817116e-01 3.950000000000000178e-01
-3.592786898476825197e-01 3.950000000000000178e-01
-3.588790472560833278e-01 3.950000000000000178e-01
-3.584794046644841359e-01 3.950000000000000178e-01
-3.580797620728849440e-01 3.950000000000000178e-01
-3.576801194812857521e-01 3.950000000000000178e-01
-3.572804768896865601e-01 3.950000000000000178e-01
-3.568808342980873682e-01 3.950000000000000178e-01
-3.564811917064881763e-01 3.950000000000000178e-01
-3.560815491148889844e-01 3.950000000000000178e-01
-3.556819065232897370e-01 3.950000000000000178e-01
-3.552822639316904896e-01 3.950000000000000178e-01
-3.548826213400912977e-01 3.950000000000000178e-01
-3.544829787484921058e-01 3.950000000000000178e-01
-3.540833361568929138e-01 3.950000000000000178e-01
-3.536836935652937219e-01 3.950000000000000178e-01
-3.532840509736945300e-01 3.950000000000000178e-01
-3.528844083820953381e-01 3.950000000000000178e-01
-3.524847657904961462e-01 3.950000000000000178e-01
-3.520851231988968988e-01 3.950000000000000178e-01
-3.516854806072977069e-01 3.950000000000000178e-01
-3.512858380156985150e-01 3.950000000000000178e-01
-3.508861954240992675e-01 3.950000000000000178e-01
-3.504865528325000756e-01 3.950000000000000178e-01
-3.500869102409008837e-01 3.950000000000000178e-01
-3.496872676493016918e-01 3.950000000000000178e-01
-3.492876250577024999e-01 3.950000000000000178e-01
-3.488879824661033080e-01 3.950000000000000178e-01
-3.484883398745041161e-01 3.950000000000000178e-01
-3.480886972829048687e-01 3.950000000000000178e-01
-3.476890546913056768e-01 3.950000000000000178e-01
-3.472894120997064848e-01 3.950000000000000178e-01
-3.468897695081072929e-01 3.950000000000000178e-01
-3.464901269165081010e-01 3.950000000000000178e-01
-3.460904843249088536e-01 3.950000000000000178e-01
-3.456908417333096617e-01 3.950000000000000178e-01
-3.452911991417104698e-01 3.950000000000000178e-01
-3.448915565501112779e-01 3.950000000000000178e-01
-3.444919139585120860e-01 3.950000000000000178e-01
-3.440922713669128385e-01 3.950000000000000178e-01
-3.436926287753136466e-01 3.950000000000000178e-01
-3.432929861837144547e-01 3.950000000000000178e-01
-3.428933435921152628e-01 3.950000000000000178e-01
-3.424937010005160709e-01 3.950000000000000178e-01
-3.420940584089168790e-01 3.950000000000000178e-01
-3.416944158173176871e-01 3.950000000000000178e-01
-3.412947732257184397e-01 3.950000000000000178e-01
-3.408951306341192478e-01 3.950000000000000178e-01
-3.404954880425200003e-01 3.950000000000000178e-01
-3.400958454509208084e-01 3.950000000000000178e-01
-3.396962028593216165e-01 3.950000000000000178e-01
-3.392965602677224246e-01 3.950000000000000178e-01
-3.388969176761232327e-01 3.950000000000000178e-01
-3.384972750845240408e-01 3.950000000000000178e-01
-3.380976324929248489e-01 3.950000000000000178e-01
-3.376979899013256570e-01 3.950000000000000178e-01
-3.372983473097264651e-01 3.950000000000000178e-01
-3.368987047181272176e-01 3.950000000000000178e-01
-3.364990621265280257e-01 3.950000000000000178e-01
-3.360994195349288338e-01 3.950000000000000178e-01
-3.356997769433295864e-01 3.950000000000000178e-01
-3.353001343517303945e-01 3.950000000000000178e-01
-3.349004917601312026e-01 3.950000000000000178e-01
-3.345008491685320107e-01 3.950000000000000178e-01
-3.341012065769328188e-01 3.950000000000000178e-01
-3.337015639853336268e-01 3.950000000000000178e-01
-3.333019213937344349e-01 3.950000000000000178e-01
-3.329022788021352430e-01 3.950000000000000178e-01
-3.325026362105360511e-01 3.950000000000000178e-01
-3.321029936189368037e-01 3.950000000000000178e-01
-3.317033510273376118e-01 3.950000000000000178e-01
-3.313037084357384199e-01 3.950000000000000178e-01
-3.309040658441391725e-01 3.950000000000000178e-01
-3.305044232525399805e-01 3.950000000000000178e-01
-3.301047806609407886e-01 3.950000000000000178e-01
-3.297051380693415967e-01 3.950000000000000178e-01
-3.293054954777424048e-01 3.950000000000000178e-01
-3.289058528861432129e-01 3.950000000000000178e-01
-3.285062102945440210e-01 3.950000000000000178e-01
-3.281065677029448291e-01 3.950000000000000178e-01
-3.277069251113456372e-01 3.950000000000000178e-01
-3.273072825197463898e-01 3.950000000000000178e-01
-3.269076399281471978e-01 3.950000000000000178e-01
-3.265079973365480059e-01 3.950000000000000178e-01
-3.261083547449487585e-01 3.950000000000000178e-01
-3.257087121533495666e-01 3.950000000000000178e-01
-3.253090695617503747e-01 3.950000000000000178e-01
-3.249094269701511828e-01 3.950000000000000178e-01
-3.245097843785519909e-01 3.950000000000000178e-01
-3.241101417869527990e-01 3.950000000000000178e-01
-3.237104991953536071e-01 3.950000000000000178e-01
-3.233108566037544152e-01 3.950000000000000178e-01
-3.229112140121552232e-01 3.950000000000000178e-01
-3.225115714205559758e-01 3.950000000000000178e-01
-3.221119288289567839e-01 3.950000000000000178e-01
-3.217122862373575920e-01 3.950000000000000178e-01
-3.213126436457583446e-01 3.950000000000000178e-01
-3.209130010541591527e-01 3.950000000000000178e-01
-3.205133584625599608e-01 3.950000000000000178e-01
-3.201137158709607689e-01 3.950000000000000178e-01
-3.197140732793615769e-01 3.950000000000000178e-01
-3.193144306877623850e-01 3.950000000000000178e-01
-3.189147880961631931e-01 3.950000000000000178e-01
-3.185151455045639457e-01 3.950000000000000178e-01
-3.181155029129647538e-01 3.950000000000000178e-01
-3.177158603213655619e-01 3.950000000000000178e-01
-3.173162177297663700e-01 3.950000000000000178e-01
-3.169165751381671225e-01 3.950000000000000178e-01
-3.165169325465679306e-01 3.950000000000000178e-01
-3.161172899549687387e-01 3.950000000000000178e-01
-3.157176473633695468e-01 3.950000000000000178e-01
-3.153180047717703549e-01 3.950000000000000178e-01
-3.149183621801711630e-01 3.950000000000000178e-01
-3.145187195885719156e-01 3.950000000000000178e-01
-3.141190769969727237e-01 3.950000000000000178e-01
-3.137194344053735318e-01 3.950000000000000178e-01
-3.133197918137743399e-01 3.950000000000000178e-01
-3.129201492221751479e-01 3.950000000000000178e-01
-3.125205066305759005e-01 3.950000000000000178e-01
-3.121208640389767086e-01 3.950000000000000178e-01
-3.117212214473775167e-01 3.950000000000000178e-01
-3.113215788557783248e-01 3.950000000000000178e-01
-3.109219362641791329e-01 3.950000000000000178e-01
-3.105222936725798855e-01 3.950000000000000178e-01
-3.101226510809806935e-01 3.950000000000000178e-01
-3.097230084893815016e-01 3.950000000000000178e-01
-3.093233658977823097e-01 3.950000000000000178e-01
-3.089237233061831178e-01 3.950000000000000178e-01
-3.085240807145838704e-01 3.950000000000000178e-01
-3.081244381229846785e-01 3.950000000000000178e-01
-3.077247955313854866e-01 3.950000000000000178e-01
-3.073251529397862947e-01 3.950000000000000178e-01
-3.069255103481871028e-01 3.950000000000000178e-01
-3.065258677565878553e-01 3.950000000000000178e-01
-3.061262251649886634e-01 3.950000000000000178e-01
-3.057265825733894715e-01 3.950000000000000178e-01
-3.053269399817902796e-01 3.950000000000000178e-01
-3.049272973901910877e-01 3.950000000000000178e-01
-3.045276547985918958e-01 3.950000000000000178e-01
-3.041280122069927039e-01 3.950000000000000178e-01
-3.037283696153934565e-01 3.950000000000000178e-01
-3.033287270237942646e-01 3.950000000000000178e-01
-3.029290844321950726e-01 3.950000000000000178e-01
-3.025294418405958252e-01 3.950000000000000178e-01
-3.021297992489966333e-01 3.950000000000000178e-01
-3.017301566573974414e-01 3.950000000000000178e-01
-3.013305140657982495e-01 3.950000000000000178e-01
-3.009308714741990576e-01 3.950000000000000178e-01
-3.005312288825998657e-01 3.950000000000000178e-01
-3.001315862910006738e-01 3.950000000000000178e-01
-2.997319436994014819e-01 3.950000000000000178e-01
-2.993323011078022344e-01 3.950000000000000178e-01
-2.989326585162030425e-01 3.950000000000000178e-01
-2.985330159246038506e-01 3.950000000000000178e-01
-2.981333733330046032e-01 3.950000000000000178e-01
-2.977337307414054113e-01 3.950000000000000178e-01
-2.973340881498062194e-01 3.950000000000000178e-01
-2.969344455582070275e-01 3.950000000000000178e-01
-2.965348029666078356e-01 3.950000000000000178e-01
-2.961351603750086436e-01 3.950000000000000178e-01
-2.957355177834094517e-01 3.950000000000000178e-01
-2.953358751918102598e-01 3.950000000000000178e-01
-2.949362326002110679e-01 3.950000000000000178e-01
-2.945365900086118205e-01 3.950000000000000178e-01
-2.941369474170126286e-01 3.950000000000000178e-01
-2.937373048254134367e-01 3.950000000000000178e-01
-2.933376622338141892e-01 3.950000000000000178e-01
-2.929380196422149973e-01 3.950000000000000178e-01
-2.925383770506158054e-01 3.950000000000000178e-01
-2.921387344590166135e-01 3.950000000000000178e-01
-2.917390918674174216e-01 3.950000000000000178e-01
-2.913394492758182297e-01 3.950000000000000178e-01
-2.909398066842190378e-01 3.950000000000000178e-01
-2.905401640926198459e-01 3.950000000000000178e-01
-2.901405215010206540e-01 3.950000000000000178e-01
-2.897408789094214066e-01 3.950000000000000178e-01
-2.893412363178222146e-01 3.950000000000000178e-01
-2.889415937262230227e-01 3.950000000000000178e-01
-2.885419511346237753e-01 3.950000000000000178e-01
-2.881423085430245834e-01 3.950000000000000178e-01
-2.877426659514253915e-01 3.950000000000000178e-01
-2.873430233598261996e-01 3.950000000000000178e-01
-2.869433807682270077e-01 3.950000000000000178e-01
-2.865437381766278158e-01 3.950000000000000178e-01
-2.861440955850286239e-01 3.950000000000000178e-01
-2.857444529934294319e-01 3.950000000000000178e-01
-2.853448104018302400e-01 3.950000000000000178e-01
-2.849451678102309926e-01 3.950000000000000178e-01
-2.845455252186318007e-01 3.950000000000000178e-01
-2.841458826270326088e-01 3.950000000000000178e-01
-2.837462400354333614e-01 3.950000000000000178e-01
-2.833465974438341695e-01 3.950000000000000178e-01
-2.829469548522349776e-01 3.950000000000000178e-01
-2.825473122606357856e-01 3.950000000000000178e-01
-2.821476696690365937e-01 3.950000000000000178e-01
-2.817480270774374018e-01 3.950000000000000178e-01
-2.813483844858382099e-01 3.950000000000000178e-01
-2.809487418942389625e-01 3.950000000000000178e-01
-2.805490993026397706e-01 3.950000000000000178e-01
-2.801494567110405787e-01 3.950000000000000178e-01
-2.797498141194413868e-01 3.950000000000000178e-01
-2.793501715278421949e-01 3.950000000000000178e-01
-2.789505289362429474e-01 3.950000000000000178e-01
-2.785508863446437555e-01 3.950000000000000178e-01
-2.781512437530445636e-01 3.950000000000000178e-01
-2.777516011614453717e-01 3.950000000000000178e-01
-2.773519585698461798e-01 3.950000000000000178e-01
-2.769523159782469324e-01 3.950000000000000178e-01
-2.765526733866477405e-01 3.950000000000000178e-01
-2.761530307950485486e-01 3.950000000000000178e-01
-2.757533882034493566e-01 3.950000000000000178e-01
-2.753537456118501647e-01 3.950000000000000178e-01
-2.749541030202509173e-01 3.950000000000000178e-01
-2.745544604286517254e-01 3.950000000000000178e-01
-2.741548178370525335e-01 3.950000000000000178e-01
-2.737551752454533416e-01 3.950000000000000178e-01
-2.733555326538541497e-01 3.950000000000000178e-01
-2.729558900622549023e-01 3.950000000000000178e-01
-2.725562474706557103e-01 3.950000000000000178e-01
-2.721566048790565184e-01 3.950000000000000178e-01
-2.717569622874573265e-01 3.950000000000000178e-01
-2.713573196958581346e-01 3.950000000000000178e-01
-2.709576771042588872e-01 3.950000000000000178e-01
-2.705580345126596953e-01 3.950000000000000178e-01
-2.701583919210605034e-01 3.950000000000000178e-01
-2.697587493294613115e-01 3.950000000000000178e-01
-2.693591067378620640e-01 3.950000000000000178e-01
-2.689594641462628721e-01 3.950000000000000178e-01
-2.685598215546636802e-01 3.950000000000000178e-01
-2.681601789630644883e-01 3.950000000000000178e-01
-2.677605363714652964e-01 3.950000000000000178e-01
-2.673608937798661045e-01 3.950000000000000178e-01
-2.669612511882669126e-01 3.950000000000000178e-01
-2.665616085966677207e-01 3.950000000000000178e-01
-2.661619660050684733e-01 3.950000000000000178e-01
-2.657623234134692813e-01 3.950000000000000178e-01
-2.653626808218700894e-01 3.950000000000000178e-01
-2.649630382302708420e-01 3.950000000000000178e-01
-2.645633956386716501e-01 3.950000000000000178e-01
-2.641637530470724582e-01 3.950000000000000178e-01
-2.637641104554732663e-01 3.950000000000000178e-01
-2.633644678638740744e-01 3.950000000000000178e-01
-2.629648252722748825e-01 3.950000000000000178e-01
-2.625651826806756906e-01 3.950000000000000178e-01
-2.621655400890764986e-01 3.950000000000000178e-01
-2.617658974974773067e-01 3.950000000000000178e-01
-2.613662549058780593e-01 3.950000000000000178e-01
-2.609666123142788674e-01 3.950000000000000178e-01
-2.605669697226796755e-01 3.950000000000000178e-01
-2.601673271310804281e-01 3.950000000000000178e-01
-2.597676845394812362e-01 3.950000000000000178e-01
-2.593680419478820443e-01 3.950000000000000178e-01
-2.589683993562828523e-01 3.950000000000000178e-01
-2.585687567646836604e-01 3.950000000000000178e-01
-2.581691141730844685e-01 3.950000000000000178e-01
-2.577694715814852211e-01 3.950000000000000178e-01
-2.573698289898860292e-01 3.950000000000000178e-01
-2.569701863982868373e-01 3.950000000000000178e-01
-2.565705438066876454e-01 3.950000000000000178e-01
-2.561709012150884535e-01 3.950000000000000178e-01
-2.557712586234892616e-01 3.950000000000000178e-01
-2.553716160318900696e-01 3.950000000000000178e-01
-2.549719734402908222e-01 3.950000000000000178e-01
-2.545723308486916303e-01 3.950000000000000178e-01
-2.541726882570924384e-01 3.950000000000000178e-01
-2.537730456654932465e-01 3.950000000000000178e-01
-2.533734030738940546e-01 3.950000000000000178e-01
-2.529737604822948627e-01 3.950000000000000178e-01
-2.525741178906956153e-01 3.950000000000000178e-01
-2.521744752990964233e-01 3.950000000000000178e-01
-2.517748327074972314e-01 3.950000000000000178e-01
-2.513751901158980395e-01 3.950000000000000178e-01
-2.509755475242988476e-01 3.950000000000000178e-01
-2.505759049326996557e-01 3.950000000000000178e-01
-2.501762623411004083e-01 3.950000000000000178e-01
-2.497766197495012164e-01 3.950000000000000178e-01
-2.493769771579020245e-01 3.950000000000000178e-01
-2.489773345663028048e-01 3.950000000000000178e-01
-2.485776919747036129e-01 3.950000000000000178e-01
-2.481780493831043932e-01 3.950000000000000178e-01
-2.477784067915052013e-01 3.950000000000000178e-01
-2.473787641999060094e-01 3.950000000000000178e-01
-2.469791216083067897e-01 3.950000000000000178e-01
-2.465794790167075978e-01 3.950000000000000178e-01
-2.461798364251084059e-01 3.950000000000000178e-01
-2.457801938335091863e-01 3.950000000000000178e-01
-2.453805512419099943e-01 3.950000000000000178e-01
-2.449809086503107747e-01 3.950000000000000178e-01
-2.445812660587115828e-01 3.950000000000000178e-01
-2.441816234671123909e-01 3.950000000000000178e-01
-2.437819808755131989e-01 3.950000000000000178e-01
-2.433823382839139793e-01 3.950000000000000178e-01
-2.429826956923147596e-01 3.950000000000000178e-01
-2.425830531007155677e-01 3.950000000000000178e-01
-2.421834105091163758e-01 3.950000000000000178e-01
-2.417837679175171839e-01 3.950000000000000178e-01
-2.413841253259179920e-01 3.950000000000000178e-01
-2.409844827343187446e-01 3.950000000000000178e-01
-2.405848401427195526e-01 3.950000000000000178e-01
-2.401851975511203607e-01 3.950000000000000178e-01
-2.397855549595211688e-01 3.950000000000000178e-01
-2.393859123679219769e-01 3.950000000000000178e-01
-2.389862697763227850e-01 3.950000000000000178e-01
-2.385866271847235376e-01 3.950000000000000178e-01
-2.381869845931243457e-01 3.950000000000000178e-01
-2.377873420015251538e-01 3.950000000000000178e-01
-2.373876994099259619e-01 3.950000000000000178e-01
-2.369880568183267699e-01 3.950000000000000178e-01
-2.365884142267275780e-01 3.950000000000000178e-01
-2.361887716351283306e-01 3.950000000000000178e-01
-2.357891290435291387e-01 3.950000000000000178e-01
-2.353894864519299468e-01 3.950000000000000178e-01
-2.349898438603307549e-01 3.950000000000000178e-01
-2.345902012687315630e-01 3.950000000000000178e-01
-2.341905586771323433e-01 3.950000000000000178e-01
-2.337909160855331236e-01 3.950000000000000178e-01
-2.333912734939339317e-01 3.950000000000000178e-01
-2.329916309023347398e-01 3.950000000000000178e-01
-2.325919883107355479e-01 3.950000000000000178e-01
-2.321923457191363283e-01 3.950000000000000178e-01
-2.317927031275371363e-01 3.950000000000000178e-01
-2.313930605359379167e-01 3.950000000000000178e-01
-2.309934179443387248e-01 3.950000000000000178e-01
-2.305937753527395329e-01 3.950000000000000178e-01
-2.301941327611403132e-01 3.950000000000000178e-01
-2.297944901695411213e-01 3.950000000000000178e-01
-2.293948475779419294e-01 3.950000000000000178e-01
-2.289952049863427097e-01 3.950000000000000178e-01
-2.285955623947435178e-01 3.950000000000000178e-01
-2.281959198031442981e-01 3.950000000000000178e-01
-2.277962772115451062e-01 3.950000000000000178e-01
-2.273966346199459143e-01 3.950000000000000178e-01
-2.269969920283466946e-01 3.950000000000000178e-01
-2.265973494367475027e-01 3.950000000000000178e-01
-2.261977068451482831e-01 3.950000000000000178e-01
-2.257980642535490912e-01 3.950000000000000178e-01
-2.253984216619498993e-01 3.950000000000000178e-01
-2.249987790703507073e-01 3.950000000000000178e-01
-2.245991364787514877e-01 3.950000000000000178e-01
-2.241994938871522680e-01 3.950000000000000178e-01
-2.237998512955530761e-01 3.950000000000000178e-01
-2.234002087039538842e-01 3.950000000000000178e-01
-2.230005661123546923e-01 3.950000000000000178e-01
-2.226009235207555004e-01 3.950000000000000178e-01
-2.222012809291562530e-01 3.950000000000000178e-01
-2.218016383375570610e-01 3.950000000000000178e-01
-2.214019957459578691e-01 3.950000000000000178e-01
-2.210023531543586772e-01 3.950000000000000178e-01
-2.206027105627594853e-01 3.950000000000000178e-01
-2.202030679711602934e-01 3.950000000000000178e-01
-2.198034253795610460e-01 3.950000000000000178e-01
-2.194037827879618541e-01 3.950000000000000178e-01
-2.190041401963626622e-01 3.950000000000000178e-01
-2.186044976047634703e-01 3.950000000000000178e-01
-2.182048550131642783e-01 3.950000000000000178e-01
-2.178052124215650864e-01 3.950000000000000178e-01
-2.174055698299658390e-01 3.950000000000000178e-01
-2.170059272383666471e-01 3.950000000000000178e-01
-2.166062846467674552e-01 3.950000000000000178e-01
-2.162066420551682633e-01 3.950000000000000178e-01
-2.158069994635690714e-01 3.950000000000000178e-01
-2.154073568719698517e-01 3.950000000000000178e-01
-2.150077142803706320e-01 3.950000000000000178e-01
-2.146080716887714401e-01 3.950000000000000178e-01
-2.142084290971722482e-01 3.950000000000000178e-01
-2.138087865055730563e-01 3.950000000000000178e-01
-2.134091439139738366e-01 3.950000000000000178e-01
-2.130095013223746447e-01 3.950000000000000178e-01
-2.126098587307754251e-01 3.950000000000000178e-01
-2.122102161391762332e-01 3.950000000000000178e-01
-2.118105735475770413e-01 3.950000000000000178e-01
-2.114109309559778216e-01 3.950000000000000178e-01
-2.110112883643786297e-01 3.950000000000000178e-01
-2.106116457727794378e-01 3.950000000000000178e-01
-2.102120031811802181e-01 3.950000000000000178e-01
-2.098123605895810262e-01 3.950000000000000178e-01
-2.094127179979818065e-01 3.950000000000000178e-01
-2.090130754063826146e-01 3.950000000000000178e-01
-2.086134328147834227e-01 3.950000000000000178e-01
-2.082137902231842308e-01 3.950000000000000178e-01
-2.078141476315850111e-01 3.950000000000000178e-01
-2.074145050399857915e-01 3.950000000000000178e-01
-2.070148624483865996e-01 3.950000000000000178e-01
-2.066152198567874076e-01 3.950000000000000178e-01
-2.062155772651882157e-01 3.950000000000000178e-01
-2.058159346735889961e-01 3.950000000000000178e-01
-2.054162920819897764e-01 3.950000000000000178e-01
-2.050166494903905845e-01 3.950000000000000178e-01
-2.046170068987913926e-01 3.950000000000000178e-01
-2.042173643071922007e-01 3.950000000000000178e-01
-2.038177217155930088e-01 3.950000000000000178e-01
-2.034180791239937613e-01 3.950000000000000178e-01
-2.030184365323945694e-01 3.950000000000000178e-01
-2.026187939407953775e-01 3.950000000000000178e-01
-2.022191513491961856e-01 3.950000000000000178e-01
-2.018195087575969937e-01 3.950000000000000178e-01
-2.014198661659978018e-01 3.950000000000000178e-01
-2.010202235743985544e-01 3.950000000000000178e-01
-2.006205809827993625e-01 3.950000000000000178e-01
-2.002209383912001706e-01 3.950000000000000178e-01
-1.998212957996009786e-01 3.950000000000000178e-01
-1.994216532080017867e-01 3.950000000000000178e-01
-1.990220106164025948e-01 3.950000000000000178e-01
-1.986223680248033474e-01 3.950000000000000178e-01
-1.982227254332041555e-01 3.950000000000000178e-01
-1.978230828416049636e-01 3.950000000000000178e-01
-1.974234402500057717e-01 3.950000000000000178e-01
-1.970237976584065798e-01 3.950000000000000178e-01
-1.966241550668073601e-01 3.950000000000000178e-01
-1.962245124752081404e-01 3.950000000000000178e-01
-1.958248698836089485e-01 3.950000000000000178e-01
-1.954252272920097566e-01 3.950000000000000178e-01
-1.950255847004105647e-01 3.950000000000000178e-01
-1.946259421088113450e-01 3.950000000000000178e-01
-1.942262995172121531e-01 3.950000000000000178e-01
-1.938266569256129335e-01 3.950000000000000178e-01
-1.934270143340137416e-01 3.950000000000000178e-01
-1.930273717424145496e-01 3.950000000000000178e-01
-1.926277291508153300e-01 3.950000000000000178e-01
-1.922280865592161381e-01 3.950000000000000178e-01
-1.918284439676169462e-01 3.950000000000000178e-01
-1.914288013760177265e-01 3.950000000000000178e-01
-1.910291587844185346e-01 3.950000000000000178e-01
-1.906295161928193149e-01 3.950000000000000178e-01
-1.902298736012201230e-01 3.950000000000000178e-01
-1.898302310096209311e-01 3.950000000000000178e-01
-1.894305884180217392e-01 3.950000000000000178e-01
-1.890309458264225195e-01 3.950000000000000178e-01
-1.886313032348232999e-01 3.950000000000000178e-01
-1.882316606432241080e-01 3.950000000000000178e-01
-1.878320180516249160e-01 3.950000000000000178e-01
-1.874323754600257241e-01 3.950000000000000178e-01
-1.870327328684264767e-01 3.950000000000000178e-01
-1.866330902768272848e-01 3.950000000000000178e-01
-1.862334476852280929e-01 3.950000000000000178e-01
-1.858338050936289010e-01 3.950000000000000178e-01
-1.854341625020297091e-01 3.950000000000000178e-01
-1.850345199104305172e-01 3.950000000000000178e-01
-1.846348773188312697e-01 3.950000000000000178e-01
-1.842352347272320778e-01 3.950000000000000178e-01
-1.838355921356328859e-01 3.950000000000000178e-01
-1.834359495440336940e-01 3.950000000000000178e-01
-1.830363069524345021e-01 3.950000000000000178e-01
-1.826366643608353102e-01 3.950000000000000178e-01
-1.822370217692360628e-01 3.950000000000000178e-01
-1.818373791776368709e-01 3.950000000000000178e-01
-1.814377365860376790e-01 3.950000000000000178e-01
-1.810380939944384870e-01 3.950000000000000178e-01
-1.806384514028392951e-01 3.950000000000000178e-01
-1.802388088112401032e-01 3.950000000000000178e-01
-1.798391662196408558e-01 3.950000000000000178e-01
-1.794395236280416639e-01 3.950000000000000178e-01
-1.790398810364424720e-01 3.950000000000000178e-01
-1.786402384448432801e-01 3.950000000000000178e-01
-1.782405958532440882e-01 3.950000000000000178e-01
-1.778409532616448685e-01 3.950000000000000178e-01
-1.774413106700456488e-01 3.950000000000000178e-01
-1.770416680784464569e-01 3.950000000000000178e-01
-1.766420254868472650e-01 3.950000000000000178e-01
-1.762423828952480731e-01 3.950000000000000178e-01
-1.758427403036488534e-01 3.950000000000000178e-01
-1.754430977120496615e-01 3.950000000000000178e-01
-1.750434551204504419e-01 3.950000000000000178e-01
-1.746438125288512500e-01 3.950000000000000178e-01
-1.742441699372520580e-01 3.950000000000000178e-01
-1.738445273456528384e-01 3.950000000000000178e-01
-1.734448847540536465e-01 3.950000000000000178e-01
-1.730452421624544546e-01 3.950000000000000178e-01
-1.726455995708552349e-01 3.950000000000000178e-01
-1.722459569792560430e-01 3.950000000000000178e-01
-1.718463143876568233e-01 3.950000000000000178e-01
-1.714466717960576314e-01 3.950000000000000178e-01
-1.710470292044584395e-01 3.950000000000000178e-01
-1.706473866128592476e-01 3.950000000000000178e-01
-1.702477440212600002e-01 3.950000000000000178e-01
-1.698481014296608083e-01 3.950000000000000178e-01
-1.694484588380616163e-01 3.950000000000000178e-01
-1.690488162464624244e-01 3.950000000000000178e-01
-1.686491736548632325e-01 3.950000000000000178e-01
-1.682495310632640406e-01 3.950000000000000178e-01
-1.678498884716647932e-01 3.950000000000000178e-01
-1.674502458800656013e-01 3.950000000000000178e-01
-1.670506032884664094e-01 3.950000000000000178e-01
-1.666509606968672175e-01 3.950000000000000178e-01
-1.662513181052680256e-01 3.950000000000000178e-01
-1.658516755136687781e-01 3.950000000000000178e-01
-1.654520329220695862e-01 3.950000000000000178e-01
-1.650523903304703943e-01 3.950000000000000178e-01
-1.646527477388712024e-01 3.950000000000000178e-01
-1.642531051472720105e-01 3.950000000000000178e-01
-1.638534625556728186e-01 3.950000000000000178e-01
-1.634538199640735712e-01 3.950000000000000178e-01
-1.630541773724743793e-01 3.950000000000000178e-01
-1.626545347808751873e-01 3.950000000000000178e-01
-1.622548921892759954e-01 3.950000000000000178e-01
-1.618552495976768035e-01 3.950000000000000178e-01
-1.614556070060776116e-01 3.950000000000000178e-01
-1.610559644144783642e-01 3.950000000000000178e-01
-1.606563218228791723e-01 3.950000000000000178e-01
-1.602566792312799804e-01 3.950000000000000178e-01
-1.598570366396807885e-01 3.950000000000000178e-01
-1.594573940480815966e-01 3.950000000000000178e-01
-1.590577514564823769e-01 3.950000000000000178e-01
-1.586581088648831572e-01 3.950000000000000178e-01
-1.582584662732839653e-01 3.950000000000000178e-01
-1.578588236816847734e-01 3.950000000000000178e-01
-1.574591810900855815e-01 3.950000000000000178e-01
-1.570595384984863618e-01 3.950000000000000178e-01
-1.566598959068871699e-01 3.950000000000000178e-01
-1.562602533152879503e-01 3.950000000000000178e-01
-1.558606107236887584e-01 3.950000000000000178e-01
-1.554609681320895664e-01 3.950000000000000178e-01
-1.550613255404903468e-01 3.950000000000000178e-01
-1.546616829488911549e-01 3.950000000000000178e-01
-1.542620403572919630e-01 3.950000000000000178e-01
-1.538623977656927433e-01 3.950000000000000178e-01
-1.534627551740935514e-01 3.950000000000000178e-01
-1.530631125824943317e-01 3.950000000000000178e-01
-1.526634699908951398e-01 3.950000000000000178e-01
-1.522638273992959479e-01 3.950000000000000178e-01
-1.518641848076967560e-01 3.950000000000000178e-01
-1.514645422160975086e-01 3.950000000000000178e-01
-1.510648996244983167e-01 3.950000000000000178e-01
-1.506652570328991247e-01 3.950000000000000178e-01
-1.502656144412999328e-01 3.950000000000000178e-01
-1.498659718497007409e-01 3.950000000000000178e-01
-1.494663292581015490e-01 3.950000000000000178e-01
-1.490666866665023016e-01 3.950000000000000178e-01
-1.486670440749031097e-01 3.950000000000000178e-01
-1.482674014833039178e-01 3.950000000000000178e-01
-1.478677588917047259e-01 3.950000000000000178e-01
-1.474681163001055340e-01 3.950000000000000178e-01
-1.470684737085063420e-01 3.950000000000000178e-01
-1.466688311169070946e-01 3.950000000000000178e-01
-1.462691885253079027e-01 3.950000000000000178e-01
-1.458695459337087108e-01 3.950000000000000178e-01
-1.454699033421095189e-01 3.950000000000000178e-01
-1.450702607505103270e-01 3.950000000000000178e-01
-1.446706181589110796e-01 3.950000000000000178e-01
-1.442709755673118877e-01 3.950000000000000178e-01
-1.438713329757126957e-01 3.950000000000000178e-01
-1.434716903841135038e-01 3.950000000000000178e-01
-1.430720477925143119e-01 3.950000000000000178e-01
-1.426724052009151200e-01 3.950000000000000178e-01
-1.422727626093158726e-01 3.950000000000000178e-01
-1.418731200177166807e-01 3.950000000000000178e-01
-1.414734774261174888e-01 3.950000000000000178e-01
-1.410738348345182969e-01 3.950000000000000178e-01
-1.406741922429191050e-01 3.950000000000000178e-01
-1.402745496513198853e-01 3.950000000000000178e-01
-1.398749070597206656e-01 3.950000000000000178e-01
-1.394752644681214737e-01 3.950000000000000178e-01
-1.390756218765222818e-01 3.950000000000000178e-01
-1.386759792849230899e-01 3.950000000000000178e-01
-1.382763366933238702e-01 3.950000000000000178e-01
-1.378766941017246783e-01 3.950000000000000178e-01
-1.374770515101254587e-01 3.950000000000000178e-01
-1.370774089185262667e-01 3.950000000000000178e-01
-1.366777663269270748e-01 3.950000000000000178e-01
-1.362781237353278552e-01 3.950000000000000178e-01
-1.358784811437286633e-01 3.950000000000000178e-01
-1.354788385521294714e-01 3.950000000000000178e-01
-1.350791959605302517e-01 3.950000000000000178e-01
-1.346795533689310320e-01 3.950000000000000178e-01
-1.342799107773318401e-01 3.950000000000000178e-01
-1.338802681857326482e-01 3.950000000000000178e-01
-1.334806255941334563e-01 3.950000000000000178e-01
-1.330809830025342644e-01 3.950000000000000178e-01
-1.326813404109350170e-01 3.950000000000000178e-01
-1.322816978193358251e-01 3.950000000000000178e-01
-1.318820552277366331e-01 3.950000000000000178e-01
-1.314824126361374412e-01 3.950000000000000178e-01
-1.310827700445382493e-01 3.950000000000000178e-01
-1.306831274529390574e-01 3.950000000000000178e-01
-1.302834848613398100e-01 3.950000000000000178e-01
-1.298838422697406181e-01 3.950000000000000178e-01
-1.294841996781414262e-01 3.950000000000000178e-01
-1.290845570865422343e-01 3.950000000000000178e-01
-1.286849144949430424e-01 3.950000000000000178e-01
-1.282852719033438504e-01 3.950000000000000178e-01
-1.278856293117446030e-01 3.950000000000000178e-01
-1.274859867201454111e-01 3.950000000000000178e-01
-1.270863441285462192e-01 3.950000000000000178e-01
-1.266867015369470273e-01 3.950000000000000178e-01
-1.262870589453478354e-01 3.950000000000000178e-01
-1.258874163537486435e-01 3.950000000000000178e-01
-1.254877737621493961e-01 3.950000000000000178e-01
-1.250881311705502041e-01 3.950000000000000178e-01
-1.246884885789510122e-01 3.950000000000000178e-01
-1.242888459873518064e-01 3.950000000000000178e-01
-1.238892033957526145e-01 3.950000000000000178e-01
-1.234895608041533810e-01 3.950000000000000178e-01
-1.230899182125541891e-01 3.950000000000000178e-01
-1.226902756209549972e-01 3.950000000000000178e-01
-1.222906330293557914e-01 3.950000000000000178e-01
-1.218909904377565995e-01 3.950000000000000178e-01
-1.214913478461574076e-01 3.950000000000000178e-01
-1.210917052545581740e-01 3.950000000000000178e-01
-1.206920626629589821e-01 3.950000000000000178e-01
-1.202924200713597763e-01 3.950000000000000178e-01
-1.198927774797605844e-01 3.950000000000000178e-01
-1.194931348881613925e-01 3.950000000000000178e-01
-1.190934922965622006e-01 3.950000000000000178e-01
-1.186938497049629532e-01 3.950000000000000178e-01
-1.182942071133637613e-01 3.950000000000000178e-01
-1.178945645217645694e-01 3.950000000000000178e-01
-1.174949219301653774e-01 3.950000000000000178e-01
-1.170952793385661717e-01 3.950000000000000178e-01
-1.166956367469669797e-01 3.950000000000000178e-01
-1.162959941553677462e-01 3.950000000000000178e-01
-1.158963515637685543e-01 3.950000000000000178e-01
-1.154967089721693624e-01 3.950000000000000178e-01
-1.150970663805701566e-01 3.950000000000000178e-01
-1.146974237889709647e-01 3.950000000000000178e-01
-1.142977811973717728e-01 3.950000000000000178e-01
-1.138981386057725392e-01 3.950000000000000178e-01
-1.134984960141733473e-01 3.950000000000000178e-01
-1.130988534225741415e-01 3.950000000000000178e-01
-1.126992108309749496e-01 3.950000000000000178e-01
-1.122995682393757577e-01 3.950000000000000178e-01
-1.118999256477765658e-01 3.950000000000000178e-01
-1.115002830561773323e-01 3.950000000000000178e-01
-1.111006404645781265e-01 3.950000000000000178e-01
-1.107009978729789346e-01 3.950000000000000178e-01
-1.103013552813797427e-01 3.950000000000000178e-01
-1.099017126897805507e-01 3.950000000000000178e-01
-1.095020700981813450e-01 3.950000000000000178e-01
-1.091024275065821114e-01 3.950000000000000178e-01
-1.087027849149829195e-01 3.950000000000000178e-01
-1.083031423233837276e-01 3.950000000000000178e-01
-1.079034997317845357e-01 3.950000000000000178e-01
-1.075038571401853299e-01 3.950000000000000178e-01
-1.071042145485861380e-01 3.950000000000000178e-01
-1.067045719569869044e-01 3.950000000000000178e-01
-1.063049293653877125e-01 3.950000000000000178e-01
-1.059052867737885206e-01 3.950000000000000178e-01
-1.055056441821893148e-01 3.950000000000000178e-01
-1.051060015905901229e-01 3.950000000000000178e-01
-1.047063589989908894e-01 3.950000000000000178e-01
-1.043067164073916975e-01 3.950000000000000178e-01
-1.039070738157925056e-01 3.950000000000000178e-01
-1.035074312241932998e-01 3.950000000000000178e-01
-1.031077886325941079e-01 3.950000000000000178e-01
-1.027081460409949160e-01 3.950000000000000178e-01
-1.023085034493956824e-01 3.950000000000000178e-01
-1.019088608577964766e-01 3.950000000000000178e-01
-1.015092182661972847e-01 3.950000000000000178e-01
-1.011095756745980928e-01 3.950000000000000178e-01
-1.007099330829989009e-01 3.950000000000000178e-01
-1.003102904913996951e-01 3.950000000000000178e-01
-9.991064789980046157e-02 3.950000000000000178e-01
-9.951100530820126966e-02 3.950000000000000178e-01
-9.911136271660207775e-02 3.950000000000000178e-01
-9.871172012500288584e-02 3.950000000000000178e-01
-9.831207753340368005e-02 3.950000000000000178e-01
-9.791243494180448814e-02 3.950000000000000178e-01
-9.751279235020525460e-02 3.950000000000000178e-01
-9.711314975860606269e-02 3.950000000000000178e-01
-9.671350716700687078e-02 3.950000000000000178e-01
-9.631386457540766499e-02 3.950000000000000178e-01
-9.591422198380847308e-02 3.950000000000000178e-01
-9.551457939220928117e-02 3.950000000000000178e-01
-9.511493680061004763e-02 3.950000000000000178e-01
-9.471529420901085572e-02 3.950000000000000178e-01
-9.431565161741164993e-02 3.950000000000000178e-01
-9.391600902581245802e-02 3.950000000000000178e-01
-9.351636643421326611e-02 3.950000000000000178e-01
-9.311672384261407420e-02 3.950000000000000178e-01
-9.271708125101484066e-02 3.950000000000000178e-01
-9.231743865941563487e-02 3.950000000000000178e-01
-9.191779606781644296e-02 3.950000000000000178e-01
-9.151815347621725105e-02 3.950000000000000178e-01
-9.111851088461805914e-02 3.950000000000000178e-01
-9.071886829301885335e-02 3.950000000000000178e-01
-9.031922570141961981e-02 3.950000000000000178e-01
-8.991958310982042790e-02 3.950000000000000178e-01
-8.951994051822123599e-02 3.950000000000000178e-01
-8.912029792662204408e-02 3.950000000000000178e-01
-8.872065533502283829e-02 3.950000000000000178e-01
-8.832101274342364639e-02 3.950000000000000178e-01
-8.792137015182441284e-02 3.950000000000000178e-01
-8.752172756022522093e-02 3.950000000000000178e-01
-8.712208496862602902e-02 3.950000000000000178e-01
-8.672244237702682323e-02 3.950000000000000178e-01
-8.632279978542763132e-02 3.950000000000000178e-01
-8.592315719382843942e-02 3.950000000000000178e-01
-8.552351460222920587e-02 3.950000000000000178e-01
-8.512387201063000008e-02 3.950000000000000178e-01
-8.472422941903080817e-02 3.950000000000000178e-01
-8.432458682743161626e-02 3.950000000000000178e-01
-8.392494423583242436e-02 3.950000000000000178e-01
-8.352530164423319081e-02 3.950000000000000178e-01
-8.312565905263398502e-02 3.950000000000000178e-01
-8.272601646103475148e-02 3.950000000000000178e-01
-8.232637386943555957e-02 3.950000000000000178e-01
-8.192673127783636766e-02 3.950000000000000178e-01
-8.152708868623717575e-02 3.950000000000000178e-01
-8.112744609463796996e-02 3.950000000000000178e-01
-8.072780350303877805e-02 3.950000000000000178e-01
-8.032816091143958614e-02 3.950000000000000178e-01
-7.992851831984039424e-02 3.950000000000000178e-01
-7.952887572824118845e-02 3.950000000000000178e-01
-7.912923313664199654e-02 3.950000000000000178e-01
-7.872959054504280463e-02 3.950000000000000178e-01
-7.832994795344361272e-02 3.950000000000000178e-01
-7.793030536184440693e-02 3.950000000000000178e-01
-7.753066277024514563e-02 3.950000000000000178e-01
-7.713102017864593984e-02 3.950000000000000178e-01
-7.673137758704674793e-02 3.950000000000000178e-01
-7.633173499544755602e-02 3.950000000000000178e-01
-7.593209240384836411e-02 3.950000000000000178e-01
-7.553244981224915833e-02 3.950000000000000178e-01
-7.513280722064996642e-02 3.950000000000000178e-01
-7.473316462905077451e-02 3.950000000000000178e-01
-7.433352203745158260e-02 3.950000000000000178e-01
-7.393387944585237681e-02 3.950000000000000178e-01
-7.353423685425318490e-02 3.950000000000000178e-01
-7.313459426265399299e-02 3.950000000000000178e-01
-7.273495167105471781e-02 3.950000000000000178e-01
-7.233530907945552590e-02 3.950000000000000178e-01
-7.193566648785633399e-02 3.950000000000000178e-01
-7.153602389625712821e-02 3.950000000000000178e-01
-7.113638130465793630e-02 3.950000000000000178e-01
-7.073673871305874439e-02 3.950000000000000178e-01
-7.033709612145955248e-02 3.950000000000000178e-01
-6.993745352986034669e-02 3.950000000000000178e-01
-6.953781093826115478e-02 3.950000000000000178e-01
-6.913816834666196287e-02 3.950000000000000178e-01
-6.873852575506277096e-02 3.950000000000000178e-01
-6.833888316346356517e-02 3.950000000000000178e-01
-6.793924057186429000e-02 3.950000000000000178e-01
-6.753959798026509809e-02 3.950000000000000178e-01
-6.713995538866590618e-02 3.950000000000000178e-01
-6.674031279706671427e-02 3.950000000000000178e-01
-6.634067020546750848e-02 3.950000000000000178e-01
-6.594102761386831657e-02 3.950000000000000178e-01
-6.554138502226912466e-02 3.950000000000000178e-01
-6.514174243066993275e-02 3.950000000000000178e-01
-6.474209983907072696e-02 3.950000000000000178e-01
-6.434245724747153505e-02 3.950000000000000178e-01
-6.394281465587234314e-02 3.950000000000000178e-01
-6.354317206427306797e-02 3.950000000000000178e-01
-6.314352947267387606e-02 3.950000000000000178e-01
-6.274388688107468415e-02 3.950000000000000178e-01
-6.234424428947548530e-02 3.950000000000000178e-01
-6.194460169787628645e-02 3.950000000000000178e-01
-6.154495910627709454e-02 3.950000000000000178e-01
-6.114531651467789569e-02 3.950000000000000178e-01
-6.074567392307870378e-02 3.950000000000000178e-01
-6.034603133147950493e-02 3.950000000000000178e-01
-5.994638873988031302e-02 3.950000000000000178e-01
-5.954674614828111417e-02 3.950000000000000178e-01
-5.914710355668192227e-02 3.950000000000000178e-01
-5.874746096508264709e-02 3.950000000000000178e-01
-5.834781837348345518e-02 3.950000000000000178e-01
-5.794817578188425633e-02 3.950000000000000178e-01
-5.754853319028506442e-02 3.950000000000000178e-01
-5.714889059868586557e-02 3.950000000000000178e-01
-5.674924800708667366e-02 3.950000000000000178e-01
-5.634960541548747481e-02 3.950000000000000178e-01
-5.594996282388828290e-02 3.950000000000000178e-01
-5.555032023228908405e-02 3.950000000000000178e-01
-5.515067764068989214e-02 3.950000000000000178e-01
-5.475103504909069330e-02 3.950000000000000178e-01
-5.435139245749150139e-02 3.950000000000000178e-01
-5.395174986589222621e-02 3.950000000000000178e-01
-5.355210727429303430e-02 3.950000000000000178e-01
-5.315246468269383545e-02 3.950000000000000178e-01
-5.275282209109464354e-02 3.950000000000000178e-01
-5.235317949949544469e-02 3.950000000000000178e-01
-5.195353690789625278e-02 3.950000000000000178e-01
-5.155389431629705393e-02 3.950000000000000178e-01
-5.115425172469786202e-02 3.950000000000000178e-01
-5.075460913309866318e-02 3.950000000000000178e-01
-5.035496654149947127e-02 3.950000000000000178e-01
-4.995532394990027242e-02 3.950000000000000178e-01
-4.955568135830108051e-02 3.950000000000000178e-01
-4.915603876670180533e-02 3.950000000000000178e-01
-4.875639617510260648e-02 3.950000000000000178e-01
-4.835675358350341457e-02 3.950000000000000178e-01
-4.795711099190421572e-02 3.950000000000000178e-01
-4.755746840030502381e-02 3.950000000000000178e-01
-4.715782580870582497e-02 3.950000000000000178e-01
-4.675818321710663306e-02 3.950000000000000178e-01
-4.635854062550743421e-02 3.950000000000000178e-01
-4.595889803390824230e-02 3.950000000000000178e-01
-4.555925544230904345e-02 3.950000000000000178e-01
-4.515961285070985154e-02 3.950000000000000178e-01
-4.475997025911065269e-02 3.950000000000000178e-01
-4.436032766751138445e-02 3.950000000000000178e-01
-4.396068507591218560e-02 3.950000000000000178e-01
-4.356104248431299369e-02 3.950000000000000178e-01
-4.316139989271379485e-02 3.950000000000000178e-01
-4.276175730111460294e-02 3.950000000000000178e-01
-4.236211470951540409e-02 3.950000000000000178e-01
-4.196247211791621218e-02 3.950000000000000178e-01
-4.156282952631701333e-02 3.950000000000000178e-01
-4.116318693471782142e-02 3.950000000000000178e-01
-4.076354434311862257e-02 3.950000000000000178e-01
-4.036390175151943066e-02 3.950000000000000178e-01
-3.996425915992015548e-02 3.950000000000000178e-01
-3.956461656832096357e-02 3.950000000000000178e-01
-3.916497397672176473e-02 3.950000000000000178e-01
-3.876533138512257282e-02 3.950000000000000178e-01
-3.836568879352337397e-02 3.950000000000000178e-01
-3.796604620192418206e-02 3.950000000000000178e-01
-3.756640361032498321e-02 3.950000000000000178e-01
-3.716676101872579130e-02 3.950000000000000178e-01
-3.676711842712659245e-02 3.950000000000000178e-01
-3.636747583552740054e-02 3.950000000000000178e-01
-3.596783324392820169e-02 3.950000000000000178e-01
-3.556819065232900978e-02 3.950000000000000178e-01
-3.516854806072973461e-02 3.950000000000000178e-01
-3.476890546913053576e-02 3.950000000000000178e-01
-3.436926287753134385e-02 3.950000000000000178e-01
-3.396962028593214500e-02 3.950000000000000178e-01
-3.356997769433295309e-02 3.950000000000000178e-01
-3.317033510273375424e-02 3.950000000000000178e-01
-3.277069251113456233e-02 3.950000000000000178e-01
-3.237104991953536348e-02 3.950000000000000178e-01
-3.197140732793617157e-02 3.950000000000000178e-01
-3.157176473633697272e-02 3.950000000000000178e-01
-3.117212214473778081e-02 3.950000000000000178e-01
-3.077247955313858543e-02 3.950000000000000178e-01
-3.037283696153931373e-02 3.950000000000000178e-01
-2.997319436994011835e-02 3.950000000000000178e-01
-2.957355177834092297e-02 3.950000000000000178e-01
-2.917390918674172759e-02 3.950000000000000178e-01
-2.877426659514253221e-02 3.950000000000000178e-01
-2.837462400354333683e-02 3.950000000000000178e-01
-2.797498141194414145e-02 3.950000000000000178e-01
-2.757533882034494607e-02 3.950000000000000178e-01
-2.717569622874575069e-02 3.950000000000000178e-01
-2.677605363714655531e-02 3.950000000000000178e-01
-2.637641104554735993e-02 3.950000000000000178e-01
-2.597676845394816456e-02 3.950000000000000178e-01
-2.557712586234888938e-02 3.950000000000000178e-01
-2.517748327074969400e-02 3.950000000000000178e-01
-2.477784067915049862e-02 3.950000000000000178e-01
-2.437819808755130324e-02 3.950000000000000178e-01
-2.397855549595210786e-02 3.950000000000000178e-01
-2.357891290435291248e-02 3.950000000000000178e-01
-2.317927031275371710e-02 3.950000000000000178e-01
-2.277962772115452172e-02 3.950000000000000178e-01
-2.237998512955532635e-02 3.950000000000000178e-01
-2.198034253795613097e-02 3.950000000000000178e-01
-2.158069994635693559e-02 3.950000000000000178e-01
-2.118105735475766388e-02 3.950000000000000178e-01
-2.078141476315846850e-02 3.950000000000000178e-01
-2.038177217155927312e-02 3.950000000000000178e-01
-1.998212957996007774e-02 3.950000000000000178e-01
-1.958248698836088236e-02 3.950000000000000178e-01
-1.918284439676168698e-02 3.950000000000000178e-01
-1.878320180516249160e-02 3.950000000000000178e-01
-1.838355921356329623e-02 3.950000000000000178e-01
-1.798391662196410085e-02 3.950000000000000178e-01
-1.758427403036490547e-02 3.950000000000000178e-01
-1.718463143876571009e-02 3.950000000000000178e-01
-1.678498884716651471e-02 3.950000000000000178e-01
-1.638534625556724300e-02 3.950000000000000178e-01
-1.598570366396804762e-02 3.950000000000000178e-01
-1.558606107236885224e-02 3.950000000000000178e-01
-1.518641848076965686e-02 3.950000000000000178e-01
-1.478677588917046148e-02 3.950000000000000178e-01
-1.438713329757126611e-02 3.950000000000000178e-01
-1.398749070597207073e-02 3.950000000000000178e-01
-1.358784811437287535e-02 3.950000000000000178e-01
-1.318820552277367997e-02 3.950000000000000178e-01
-1.278856293117448459e-02 3.950000000000000178e-01
-1.238892033957528921e-02 3.950000000000000178e-01
-1.198927774797609383e-02 3.950000000000000178e-01
-1.158963515637682039e-02 3.950000000000000178e-01
-1.118999256477762501e-02 3.950000000000000178e-01
-1.079034997317842963e-02 3.950000000000000178e-01
-1.039070738157923425e-02 3.950000000000000178e-01
-9.991064789980038871e-03 3.950000000000000178e-01
-9.591422198380843492e-03 3.950000000000000178e-01
-9.191779606781648113e-03 3.950000000000000178e-01
-8.792137015182452733e-03 3.950000000000000178e-01
-8.392494423583257354e-03 3.950000000000000178e-01
-7.992851831984061975e-03 3.950000000000000178e-01
-7.593209240384866596e-03 3.950000000000000178e-01
-7.193566648785671216e-03 3.950000000000000178e-01
-6.793924057186398642e-03 3.950000000000000178e-01
-6.394281465587203263e-03 3.950000000000000178e-01
-5.994638873988007884e-03 3.950000000000000178e-01
-5.594996282388812504e-03 3.950000000000000178e-01
-5.195353690789617125e-03 3.950000000000000178e-01
-4.795711099190421746e-03 3.950000000000000178e-01
-4.396068507591226367e-03 3.950000000000000178e-01
-3.996425915992030987e-03 3.950000000000000178e-01
-3.596783324392835608e-03 3.950000000000000178e-01
-3.197140732793640663e-03 3.950000000000000178e-01
-2.797498141194445283e-03 3.950000000000000178e-01
-2.397855549595171842e-03 3.950000000000000178e-01
-1.998212957995976896e-03 3.950000000000000178e-01
-1.598570366396781300e-03 3.950000000000000178e-01
-1.198927774797585921e-03 3.950000000000000178e-01
-7.992851831983906500e-04 3.950000000000000178e-01
-3.996425915991953250e-04 3.950000000000000178e-01
0.000000000000000000e+00 3.950000000000000178e-01
3.996425915991953250e-04 3.950000000000000178e-01
7.992851831983906500e-04 3.950000000000000178e-01
1.198927774797585921e-03 3.950000000000000178e-01
1.598570366396781300e-03 3.950000000000000178e-01
1.998212957995976896e-03 3.950000000000000178e-01
2.397855549595249904e-03 3.950000000000000178e-01
2.797498141194445283e-03 3.950000000000000178e-01
3.197140732793640663e-03 3.950000000000000178e-01
3.596783324392835608e-03 3.950000000000000178e-01
3.996425915992030987e-03 3.950000000000000178e-01
4.396068507591226367e-03 3.950000000000000178e-01
4.795711099190421746e-03 3.950000000000000178e-01
5.195353690789617125e-03 3.950000000000000178e-01
5.594996282388812504e-03 3.950000000000000178e-01
5.994638873988007884e-03 3.950000000000000178e-01
6.394281465587203263e-03 3.950000000000000178e-01
6.793924057186398642e-03 3.950000000000000178e-01
7.193566648785671216e-03 3.950000000000000178e-01
7.593209240384866596e-03 3.950000000000000178e-01
7.992851831984061975e-03 3.950000000000000178e-01
8.392494423583257354e-03 3.950000000000000178e-01
8.792137015182452733e-03 3.950000000000000178e-01
9.191779606781648113e-03 3.950000000000000178e-01
9.591422198380843492e-03 3.950000000000000178e-01
9.991064789980038871e-03 3.950000000000000178e-01
1.039070738157923425e-02 3.950000000000000178e-01
1.079034997317842963e-02 3.950000000000000178e-01
1.118999256477762501e-02 3.950000000000000178e-01
1.158963515637682039e-02 3.950000000000000178e-01
1.198927774797609383e-02 3.950000000000000178e-01
1.238892033957528921e-02 3.950000000000000178e-01
1.278856293117448459e-02 3.950000000000000178e-01
1.318820552277367997e-02 3.950000000000000178e-01
1.358784811437287535e-02 3.950000000000000178e-01
1.398749070597207073e-02 3.950000000000000178e-01
1.438713329757126611e-02 3.950000000000000178e-01
1.478677588917046148e-02 3.950000000000000178e-01
1.518641848076965686e-02 3.950000000000000178e-01
1.558606107236885224e-02 3.950000000000000178e-01
1.598570366396804762e-02 3.950000000000000178e-01
1.638534625556724300e-02 3.950000000000000178e-01
1.678498884716651471e-02 3.950000000000000178e-01
1.718463143876571009e-02 3.950000000000000178e-01
1.758427403036490547e-02 3.950000000000000178e-01
1.798391662196410085e-02 3.950000000000000178e-01
1.838355921356329623e-02 3.950000000000000178e-01
1.878320180516249160e-02 3.950000000000000178e-01
1.918284439676168698e-02 3.950000000000000178e-01
1.958248698836088236e-02 3.950000000000000178e-01
1.998212957996007774e-02 3.950000000000000178e-01
2.038177217155927312e-02 3.950000000000000178e-01
2.078141476315846850e-02 3.950000000000000178e-01
2.118105735475774021e-02 3.950000000000000178e-01
2.158069994635693559e-02 3.950000000000000178e-01
2.198034253795613097e-02 3.950000000000000178e-01
2.237998512955532635e-02 3.950000000000000178e-01
2.277962772115452172e-02 3.950000000000000178e-01
2.317927031275371710e-02 3.950000000000000178e-01
2.357891290435291248e-02 3.950000000000000178e-01
2.397855549595210786e-02 3.950000000000000178e-01
2.437819808755130324e-02 3.950000000000000178e-01
2.477784067915049862e-02 3.950000000000000178e-01
2.517748327074969400e-02 3.950000000000000178e-01
2.557712586234888938e-02 3.950000000000000178e-01
2.597676845394816456e-02 3.950000000000000178e-01
2.637641104554735993e-02 3.950000000000000178e-01
2.677605363714655531e-02 3.950000000000000178e-01
2.717569622874575069e-02 3.950000000000000178e-01
2.757533882034494607e-02 3.950000000000000178e-01
2.797498141194414145e-02 3.950000000000000178e-01
2.837462400354333683e-02 3.950000000000000178e-01
2.877426659514253221e-02 3.950000000000000178e-01
2.917390918674172759e-02 3.950000000000000178e-01
2.957355177834092297e-02 3.950000000000000178e-01
2.997319436994011835e-02 3.950000000000000178e-01
3.037283696153931373e-02 3.950000000000000178e-01
3.077247955313858543e-02 3.950000000000000178e-01
3.117212214473778081e-02 3.950000000000000178e-01
3.157176473633697272e-02 3.950000000000000178e-01
3.197140732793617157e-02 3.950000000000000178e-01
3.237104991953536348e-02 3.950000000000000178e-01
3.277069251113456233e-02 3.950000000000000178e-01
3.317033510273375424e-02 3.950000000000000178e-01
3.356997769433295309e-02 3.950000000000000178e-01
3.396962028593214500e-02 3.950000000000000178e-01
3.436926287753134385e-02 3.950000000000000178e-01
3.476890546913053576e-02 3.950000000000000178e-01
3.516854806072973461e-02 3.950000000000000178e-01
3.556819065232900978e-02 3.950000000000000178e-01
3.596783324392820169e-02 3.950000000000000178e-01
3.636747583552740054e-02 3.950000000000000178e-01
3.676711842712659245e-02 3.950000000000000178e-01
3.716676101872579130e-02 3.950000000000000178e-01
3.756640361032498321e-02 3.950000000000000178e-01
3.796604620192418206e-02 3.950000000000000178e-01
3.836568879352337397e-02 3.950000000000000178e-01
3.876533138512257282e-02 3.950000000000000178e-01
3.916497397672176473e-02 3.950000000000000178e-01
3.956461656832096357e-02 3.950000000000000178e-01
3.996425915992023181e-02 3.950000000000000178e-01
4.036390175151943066e-02 3.950000000000000178e-01
4.076354434311862257e-02 3.950000000000000178e-01
4.116318693471782142e-02 3.950000000000000178e-01
4.156282952631701333e-02 3.950000000000000178e-01
4.196247211791621218e-02 3.950000000000000178e-01
4.236211470951540409e-02 3.950000000000000178e-01
4.276175730111460294e-02 3.950000000000000178e-01
4.316139989271379485e-02 3.950000000000000178e-01
4.356104248431299369e-02 3.950000000000000178e-01
4.396068507591218560e-02 3.950000000000000178e-01
4.436032766751138445e-02 3.950000000000000178e-01
4.475997025911065269e-02 3.950000000000000178e-01
4.515961285070985154e-02 3.950000000000000178e-01
4.555925544230904345e-02 3.950000000000000178e-01
4.595889803390824230e-02 3.950000000000000178e-01
4.635854062550743421e-02 3.950000000000000178e-01
4.675818321710663306e-02 3.950000000000000178e-01
4.715782580870582497e-02 3.950000000000000178e-01
4.755746840030502381e-02 3.950000000000000178e-01
4.795711099190421572e-02 3.950000000000000178e-01
4.835675358350341457e-02 3.950000000000000178e-01
4.875639617510260648e-02 3.950000000000000178e-01
4.915603876670180533e-02 3.950000000000000178e-01
4.955568135830108051e-02 3.950000000000000178e-01
4.995532394990027242e-02 3.950000000000000178e-01
5.035496654149947127e-02 3.950000000000000178e-01
5.075460913309866318e-02 3.950000000000000178e-01
5.115425172469786202e-02 3.950000000000000178e-01
5.155389431629705393e-02 3.950000000000000178e-01
5.195353690789625278e-02 3.950000000000000178e-01
5.235317949949544469e-02 3.950000000000000178e-01
5.275282209109464354e-02 3.950000000000000178e-01
5.315246468269383545e-02 3.950000000000000178e-01
5.355210727429303430e-02 3.950000000000000178e-01
5.395174986589222621e-02 3.950000000000000178e-01
5.435139245749150139e-02 3.950000000000000178e-01
5.475103504909069330e-02 3.950000000000000178e-01
5.515067764068989214e-02 3.950000000000000178e-01
5.555032023228908405e-02 3.950000000000000178e-01
5.594996282388828290e-02 3.950000000000000178e-01
5.634960541548747481e-02 3.950000000000000178e-01
5.674924800708667366e-02 3.950000000000000178e-01
5.714889059868586557e-02 3.950000000000000178e-01
5.754853319028506442e-02 3.950000000000000178e-01
5.794817578188425633e-02 3.950000000000000178e-01
5.834781837348345518e-02 3.950000000000000178e-01
5.874746096508272342e-02 3.950000000000000178e-01
5.914710355668192227e-02 3.950000000000000178e-01
5.954674614828111417e-02 3.950000000000000178e-01
5.994638873988031302e-02 3.950000000000000178e-01
6.034603133147950493e-02 3.950000000000000178e-01
6.074567392307870378e-02 3.950000000000000178e-01
6.114531651467789569e-02 3.950000000000000178e-01
6.154495910627709454e-02 3.950000000000000178e-01
6.194460169787628645e-02 3.950000000000000178e-01
6.234424428947548530e-02 3.950000000000000178e-01
6.274388688107468415e-02 3.950000000000000178e-01
6.314352947267387606e-02 3.950000000000000178e-01
6.354317206427315123e-02 3.950000000000000178e-01
6.394281465587234314e-02 3.950000000000000178e-01
6.434245724747153505e-02 3.950000000000000178e-01
6.474209983907072696e-02 3.950000000000000178e-01
6.514174243066993275e-02 3.950000000000000178e-01
6.554138502226912466e-02 3.950000000000000178e-01
6.594102761386831657e-02 3.950000000000000178e-01
6.634067020546750848e-02 3.950000000000000178e-01
6.674031279706671427e-02 3.950000000000000178e-01
6.713995538866590618e-02 3.950000000000000178e-01
6.753959798026509809e-02 3.950000000000000178e-01
6.793924057186429000e-02 3.950000000000000178e-01
6.833888316346356517e-02 3.950000000000000178e-01
6.873852575506277096e-02 3.950000000000000178e-01
6.913816834666196287e-02 3.950000000000000178e-01
6.953781093826115478e-02 3.950000000000000178e-01
6.993745352986034669e-02 3.950000000000000178e-01
7.033709612145955248e-02 3.950000000000000178e-01
7.073673871305874439e-02 3.950000000000000178e-01
7.113638130465793630e-02 3.950000000000000178e-01
7.153602389625712821e-02 3.950000000000000178e-01
7.193566648785633399e-02 3.950000000000000178e-01
7.233530907945552590e-02 3.950000000000000178e-01
7.273495167105471781e-02 3.950000000000000178e-01
7.313459426265399299e-02 3.950000000000000178e-01
7.353423685425318490e-02 3.950000000000000178e-01
7.393387944585237681e-02 3.950000000000000178e-01
7.433352203745158260e-02 3.950000000000000178e-01
7.473316462905077451e-02 3.950000000000000178e-01
7.513280722064996642e-02 3.950000000000000178e-01
7.553244981224915833e-02 3.950000000000000178e-01
7.593209240384836411e-02 3.950000000000000178e-01
7.633173499544755602e-02 3.950000000000000178e-01
7.673137758704674793e-02 3.950000000000000178e-01
7.713102017864593984e-02 3.950000000000000178e-01
7.753066277024514563e-02 3.950000000000000178e-01
7.793030536184440693e-02 3.950000000000000178e-01
7.832994795344361272e-02 3.950000000000000178e-01
7.872959054504280463e-02 3.950000000000000178e-01
7.912923313664199654e-02 3.950000000000000178e-01
7.952887572824118845e-02 3.950000000000000178e-01
7.992851831984039424e-02 3.950000000000000178e-01
8.032816091143958614e-02 3.950000000000000178e-01
8.072780350303877805e-02 3.950000000000000178e-01
8.112744609463796996e-02 3.950000000000000178e-01
8.152708868623717575e-02 3.950000000000000178e-01
8.192673127783636766e-02 3.950000000000000178e-01
8.232637386943564284e-02 3.950000000000000178e-01
8.272601646103483475e-02 3.950000000000000178e-01
8.312565905263402666e-02 3.950000000000000178e-01
8.352530164423323245e-02 3.950000000000000178e-01
8.392494423583242436e-02 3.950000000000000178e-01
8.432458682743161626e-02 3.950000000000000178e-01
8.472422941903080817e-02 3.950000000000000178e-01
8.512387201063000008e-02 3.950000000000000178e-01
8.552351460222920587e-02 3.950000000000000178e-01
8.592315719382839778e-02 3.950000000000000178e-01
8.632279978542758969e-02 3.950000000000000178e-01
8.672244237702678160e-02 3.950000000000000178e-01
8.712208496862605678e-02 3.950000000000000178e-01
8.752172756022526257e-02 3.950000000000000178e-01
8.792137015182445448e-02 3.950000000000000178e-01
8.832101274342364639e-02 3.950000000000000178e-01
8.872065533502283829e-02 3.950000000000000178e-01
8.912029792662204408e-02 3.950000000000000178e-01
8.951994051822123599e-02 3.950000000000000178e-01
8.991958310982042790e-02 3.950000000000000178e-01
9.031922570141961981e-02 3.950000000000000178e-01
9.071886829301882560e-02 3.950000000000000178e-01
9.111851088461801751e-02 3.950000000000000178e-01
9.151815347621720942e-02 3.950000000000000178e-01
9.191779606781648460e-02 3.950000000000000178e-01
9.231743865941567651e-02 3.950000000000000178e-01
9.271708125101486841e-02 3.950000000000000178e-01
9.311672384261407420e-02 3.950000000000000178e-01
9.351636643421326611e-02 3.950000000000000178e-01
9.391600902581245802e-02 3.950000000000000178e-01
9.431565161741164993e-02 3.950000000000000178e-01
9.471529420901085572e-02 3.950000000000000178e-01
9.511493680061004763e-02 3.950000000000000178e-01
9.551457939220923954e-02 3.950000000000000178e-01
9.591422198380843145e-02 3.950000000000000178e-01
9.631386457540763724e-02 3.950000000000000178e-01
9.671350716700689853e-02 3.950000000000000178e-01
9.711314975860610432e-02 3.950000000000000178e-01
9.751279235020529623e-02 3.950000000000000178e-01
9.791243494180448814e-02 3.950000000000000178e-01
9.831207753340368005e-02 3.950000000000000178e-01
9.871172012500288584e-02 3.950000000000000178e-01
9.911136271660207775e-02 3.950000000000000178e-01
9.951100530820126966e-02 3.950000000000000178e-01
9.991064789980046157e-02 3.950000000000000178e-01
1.003102904913996674e-01 3.950000000000000178e-01
1.007099330829988593e-01 3.950000000000000178e-01
1.011095756745981344e-01 3.950000000000000178e-01
1.015092182661973264e-01 3.950000000000000178e-01
1.019088608577965183e-01 3.950000000000000178e-01
1.023085034493957240e-01 3.950000000000000178e-01
1.027081460409949160e-01 3.950000000000000178e-01
1.031077886325941079e-01 3.950000000000000178e-01
1.035074312241932998e-01 3.950000000000000178e-01
1.039070738157925056e-01 3.950000000000000178e-01
1.043067164073916975e-01 3.950000000000000178e-01
1.047063589989908894e-01 3.950000000000000178e-01
1.051060015905900813e-01 3.950000000000000178e-01
1.055056441821892871e-01 3.950000000000000178e-01
1.059052867737885484e-01 3.950000000000000178e-01
1.063049293653877542e-01 3.950000000000000178e-01
1.067045719569869461e-01 3.950000000000000178e-01
1.071042145485861380e-01 3.950000000000000178e-01
1.075038571401853299e-01 3.950000000000000178e-01
1.079034997317845357e-01 3.950000000000000178e-01
1.083031423233837276e-01 3.950000000000000178e-01
1.087027849149829195e-01 3.950000000000000178e-01
1.091024275065821114e-01 3.950000000000000178e-01
1.095020700981813172e-01 3.950000000000000178e-01
1.099017126897805091e-01 3.950000000000000178e-01
1.103013552813797010e-01 3.950000000000000178e-01
1.107009978729789762e-01 3.950000000000000178e-01
1.111006404645781681e-01 3.950000000000000178e-01
1.115002830561773600e-01 3.950000000000000178e-01
1.118999256477765658e-01 3.950000000000000178e-01
1.122995682393757577e-01 3.950000000000000178e-01
1.126992108309749496e-01 3.950000000000000178e-01
1.130988534225741415e-01 3.950000000000000178e-01
1.134984960141733473e-01 3.950000000000000178e-01
1.138981386057725392e-01 3.950000000000000178e-01
1.142977811973717311e-01 3.950000000000000178e-01
1.146974237889709231e-01 3.950000000000000178e-01
1.150970663805701288e-01 3.950000000000000178e-01
1.154967089721694040e-01 3.950000000000000178e-01
1.158963515637685959e-01 3.950000000000000178e-01
1.162959941553677878e-01 3.950000000000000178e-01
1.166956367469669797e-01 3.950000000000000178e-01
1.170952793385661717e-01 3.950000000000000178e-01
1.174949219301653774e-01 3.950000000000000178e-01
1.178945645217645694e-01 3.950000000000000178e-01
1.182942071133637613e-01 3.950000000000000178e-01
1.186938497049629532e-01 3.950000000000000178e-01
1.190934922965621590e-01 3.950000000000000178e-01
1.194931348881613509e-01 3.950000000000000178e-01
1.198927774797606260e-01 3.950000000000000178e-01
1.202924200713598180e-01 3.950000000000000178e-01
1.206920626629590099e-01 3.950000000000000178e-01
1.210917052545582157e-01 3.950000000000000178e-01
1.214913478461574076e-01 3.950000000000000178e-01
1.218909904377565995e-01 3.950000000000000178e-01
1.222906330293557914e-01 3.950000000000000178e-01
1.226902756209549972e-01 3.950000000000000178e-01
1.230899182125541891e-01 3.950000000000000178e-01
1.234895608041533810e-01 3.950000000000000178e-01
1.238892033957525729e-01 3.950000000000000178e-01
1.242888459873517787e-01 3.950000000000000178e-01
1.246884885789510400e-01 3.950000000000000178e-01
1.250881311705502319e-01 3.950000000000000178e-01
1.254877737621494238e-01 3.950000000000000178e-01
1.258874163537486435e-01 3.950000000000000178e-01
1.262870589453478354e-01 3.950000000000000178e-01
1.266867015369470273e-01 3.950000000000000178e-01
1.270863441285462192e-01 3.950000000000000178e-01
1.274859867201454111e-01 3.950000000000000178e-01
1.278856293117446030e-01 3.950000000000000178e-01
1.282852719033437949e-01 3.950000000000000178e-01
1.286849144949429868e-01 3.950000000000000178e-01
1.290845570865422065e-01 3.950000000000000178e-01
1.294841996781414539e-01 3.950000000000000178e-01
1.298838422697406736e-01 3.950000000000000178e-01
1.302834848613398655e-01 3.950000000000000178e-01
1.306831274529390574e-01 3.950000000000000178e-01
1.310827700445382493e-01 3.950000000000000178e-01
1.314824126361374412e-01 3.950000000000000178e-01
1.318820552277366331e-01 3.950000000000000178e-01
1.322816978193358251e-01 3.950000000000000178e-01
1.326813404109350170e-01 3.950000000000000178e-01
1.330809830025342366e-01 3.950000000000000178e-01
1.334806255941334285e-01 3.950000000000000178e-01
1.338802681857326204e-01 3.950000000000000178e-01
1.342799107773318956e-01 3.950000000000000178e-01
1.346795533689310875e-01 3.950000000000000178e-01
1.350791959605302794e-01 3.950000000000000178e-01
1.354788385521294714e-01 3.950000000000000178e-01
1.358784811437286633e-01 3.950000000000000178e-01
1.362781237353278552e-01 3.950000000000000178e-01
1.366777663269270748e-01 3.950000000000000178e-01
1.370774089185262667e-01 3.950000000000000178e-01
1.374770515101254587e-01 3.950000000000000178e-01
1.378766941017246506e-01 3.950000000000000178e-01
1.382763366933238425e-01 3.950000000000000178e-01
1.386759792849230344e-01 3.950000000000000178e-01
1.390756218765223096e-01 3.950000000000000178e-01
1.394752644681215015e-01 3.950000000000000178e-01
1.398749070597206934e-01 3.950000000000000178e-01
1.402745496513198853e-01 3.950000000000000178e-01
1.406741922429191050e-01 3.950000000000000178e-01
1.410738348345182969e-01 3.950000000000000178e-01
1.414734774261174888e-01 3.950000000000000178e-01
1.418731200177166807e-01 3.950000000000000178e-01
1.422727626093158726e-01 3.950000000000000178e-01
1.426724052009150645e-01 3.950000000000000178e-01
1.430720477925142564e-01 3.950000000000000178e-01
1.434716903841135316e-01 3.950000000000000178e-01
1.438713329757127235e-01 3.950000000000000178e-01
1.442709755673119154e-01 3.950000000000000178e-01
1.446706181589111351e-01 3.950000000000000178e-01
1.450702607505103270e-01 3.950000000000000178e-01
1.454699033421095189e-01 3.950000000000000178e-01
1.458695459337087108e-01 3.950000000000000178e-01
1.462691885253079027e-01 3.950000000000000178e-01
1.466688311169070946e-01 3.950000000000000178e-01
1.470684737085062865e-01 3.950000000000000178e-01
1.474681163001054784e-01 3.950000000000000178e-01
1.478677588917046981e-01 3.950000000000000178e-01
1.482674014833039455e-01 3.950000000000000178e-01
1.486670440749031652e-01 3.950000000000000178e-01
1.490666866665023571e-01 3.950000000000000178e-01
1.494663292581015490e-01 3.950000000000000178e-01
1.498659718497007409e-01 3.950000000000000178e-01
1.502656144412999328e-01 3.950000000000000178e-01
1.506652570328991247e-01 3.950000000000000178e-01
1.510648996244983167e-01 3.950000000000000178e-01
1.514645422160975086e-01 3.950000000000000178e-01
1.518641848076967282e-01 3.950000000000000178e-01
1.522638273992959201e-01 3.950000000000000178e-01
1.526634699908951120e-01 3.950000000000000178e-01
1.530631125824943872e-01 3.950000000000000178e-01
1.534627551740935791e-01 3.950000000000000178e-01
1.538623977656927710e-01 3.950000000000000178e-01
1.542620403572919630e-01 3.950000000000000178e-01
1.546616829488911549e-01 3.950000000000000178e-01
1.550613255404903468e-01 3.950000000000000178e-01
1.554609681320895664e-01 3.950000000000000178e-01
1.558606107236887584e-01 3.950000000000000178e-01
1.562602533152879503e-01 3.950000000000000178e-01
1.566598959068871422e-01 3.950000000000000178e-01
1.570595384984863341e-01 3.950000000000000178e-01
1.574591810900855260e-01 3.950000000000000178e-01
1.578588236816848012e-01 3.950000000000000178e-01
1.582584662732839931e-01 3.950000000000000178e-01
1.586581088648831850e-01 3.950000000000000178e-01
1.590577514564823769e-01 3.950000000000000178e-01
1.594573940480815966e-01 3.950000000000000178e-01
1.598570366396807885e-01 3.950000000000000178e-01
1.602566792312799804e-01 3.950000000000000178e-01
1.606563218228791723e-01 3.950000000000000178e-01
1.610559644144783642e-01 3.950000000000000178e-01
1.614556070060775561e-01 3.950000000000000178e-01
1.618552495976767480e-01 3.950000000000000178e-01
1.622548921892760232e-01 3.950000000000000178e-01
1.626545347808752151e-01 3.950000000000000178e-01
1.630541773724744070e-01 3.950000000000000178e-01
1.634538199640736267e-01 3.950000000000000178e-01
1.638534625556728186e-01 3.950000000000000178e-01
1.642531051472720105e-01 3.950000000000000178e-01
1.646527477388712024e-01 3.950000000000000178e-01
1.650523903304703943e-01 3.950000000000000178e-01
1.654520329220695862e-01 3.950000000000000178e-01
1.658516755136687781e-01 3.950000000000000178e-01
1.662513181052679700e-01 3.950000000000000178e-01
1.666509606968671897e-01 3.950000000000000178e-01
1.670506032884664649e-01 3.950000000000000178e-01
1.674502458800656568e-01 3.950000000000000178e-01
1.678498884716648487e-01 3.950000000000000178e-01
1.682495310632640406e-01 3.950000000000000178e-01
1.686491736548632325e-01 3.950000000000000178e-01
1.690488162464624244e-01 3.950000000000000178e-01
1.694484588380616163e-01 3.950000000000000178e-01
1.698481014296608083e-01 3.950000000000000178e-01
1.702477440212600002e-01 3.950000000000000178e-01
1.706473866128592198e-01 3.950000000000000178e-01
1.710470292044584117e-01 3.950000000000000178e-01
1.714466717960576037e-01 3.950000000000000178e-01
1.718463143876568788e-01 3.950000000000000178e-01
1.722459569792560707e-01 3.950000000000000178e-01
1.726455995708552626e-01 3.950000000000000178e-01
1.730452421624544546e-01 3.950000000000000178e-01
1.734448847540536465e-01 3.950000000000000178e-01
1.738445273456528384e-01 3.950000000000000178e-01
1.742441699372520580e-01 3.950000000000000178e-01
1.746438125288512500e-01 3.950000000000000178e-01
1.750434551204504419e-01 3.950000000000000178e-01
1.754430977120496338e-01 3.950000000000000178e-01
1.758427403036488257e-01 3.950000000000000178e-01
1.762423828952480176e-01 3.950000000000000178e-01
1.766420254868472928e-01 3.950000000000000178e-01
1.770416680784464847e-01 3.950000000000000178e-01
1.774413106700456766e-01 3.950000000000000178e-01
1.778409532616448685e-01 3.950000000000000178e-01
1.782405958532440882e-01 3.950000000000000178e-01
1.786402384448432801e-01 3.950000000000000178e-01
1.790398810364424720e-01 3.950000000000000178e-01
1.794395236280416639e-01 3.950000000000000178e-01
1.798391662196408558e-01 3.950000000000000178e-01
1.802388088112400477e-01 3.950000000000000178e-01
1.806384514028392396e-01 3.950000000000000178e-01
1.810380939944384315e-01 3.950000000000000178e-01
1.814377365860377067e-01 3.950000000000000178e-01
1.818373791776368986e-01 3.950000000000000178e-01
1.822370217692361183e-01 3.950000000000000178e-01
1.826366643608353102e-01 3.950000000000000178e-01
1.830363069524345021e-01 3.950000000000000178e-01
1.834359495440336940e-01 3.950000000000000178e-01
1.838355921356328859e-01 3.950000000000000178e-01
1.842352347272320778e-01 3.950000000000000178e-01
1.846348773188312697e-01 3.950000000000000178e-01
1.850345199104304617e-01 3.950000000000000178e-01
1.854341625020296813e-01 3.950000000000000178e-01
1.858338050936289565e-01 3.950000000000000178e-01
1.862334476852281484e-01 3.950000000000000178e-01
1.866330902768273403e-01 3.950000000000000178e-01
1.870327328684265322e-01 3.950000000000000178e-01
1.874323754600257241e-01 3.950000000000000178e-01
1.878320180516249160e-01 3.950000000000000178e-01
1.882316606432241080e-01 3.950000000000000178e-01
1.886313032348232999e-01 3.950000000000000178e-01
1.890309458264225195e-01 3.950000000000000178e-01
1.894305884180217114e-01 3.950000000000000178e-01
1.898302310096209033e-01 3.950000000000000178e-01
1.902298736012200953e-01 3.950000000000000178e-01
1.906295161928193704e-01 3.950000000000000178e-01
1.910291587844185623e-01 3.950000000000000178e-01
1.914288013760177543e-01 3.950000000000000178e-01
1.918284439676169462e-01 3.950000000000000178e-01
1.922280865592161381e-01 3.950000000000000178e-01
1.926277291508153300e-01 3.950000000000000178e-01
1.930273717424145496e-01 3.950000000000000178e-01
1.934270143340137416e-01 3.950000000000000178e-01
1.938266569256129335e-01 3.950000000000000178e-01
1.942262995172121254e-01 3.950000000000000178e-01
1.946259421088113173e-01 3.950000000000000178e-01
1.950255847004105092e-01 3.950000000000000178e-01
1.954252272920097844e-01 3.950000000000000178e-01
1.958248698836089763e-01 3.950000000000000178e-01
1.962245124752081682e-01 3.950000000000000178e-01
1.966241550668073601e-01 3.950000000000000178e-01
1.970237976584065798e-01 3.950000000000000178e-01
1.974234402500057717e-01 3.950000000000000178e-01
1.978230828416049636e-01 3.950000000000000178e-01
1.982227254332041555e-01 3.950000000000000178e-01
1.986223680248033474e-01 3.950000000000000178e-01
1.990220106164025393e-01 3.950000000000000178e-01
1.994216532080017312e-01 3.950000000000000178e-01
1.998212957996009231e-01 3.950000000000000178e-01
2.002209383912001983e-01 3.950000000000000178e-01
2.006205809827993902e-01 3.950000000000000178e-01
2.010202235743986099e-01 3.950000000000000178e-01
2.014198661659978018e-01 3.950000000000000178e-01
2.018195087575969937e-01 3.950000000000000178e-01
2.022191513491961856e-01 3.950000000000000178e-01
2.026187939407953775e-01 3.950000000000000178e-01
2.030184365323945694e-01 3.950000000000000178e-01
2.034180791239937613e-01 3.950000000000000178e-01
2.038177217155929533e-01 3.950000000000000178e-01
2.042173643071921729e-01 3.950000000000000178e-01
2.046170068987914481e-01 3.950000000000000178e-01
2.050166494903906400e-01 3.950000000000000178e-01
2.054162920819898319e-01 3.950000000000000178e-01
2.058159346735890238e-01 3.950000000000000178e-01
2.062155772651882157e-01 3.950000000000000178e-01
2.066152198567874076e-01 3.950000000000000178e-01
2.070148624483865996e-01 3.950000000000000178e-01
2.074145050399857915e-01 3.950000000000000178e-01
2.078141476315850111e-01 3.950000000000000178e-01
2.082137902231842030e-01 3.950000000000000178e-01
2.086134328147833950e-01 3.950000000000000178e-01
2.090130754063825869e-01 3.950000000000000178e-01
2.094127179979818620e-01 3.950000000000000178e-01
2.098123605895810539e-01 3.950000000000000178e-01
2.102120031811802459e-01 3.950000000000000178e-01
2.106116457727794378e-01 3.950000000000000178e-01
2.110112883643786297e-01 3.950000000000000178e-01
2.114109309559778216e-01 3.950000000000000178e-01
2.118105735475770413e-01 3.950000000000000178e-01
2.122102161391762332e-01 3.950000000000000178e-01
2.126098587307754251e-01 3.950000000000000178e-01
2.130095013223746170e-01 3.950000000000000178e-01
2.134091439139738089e-01 3.950000000000000178e-01
2.138087865055730008e-01 3.950000000000000178e-01
2.142084290971722760e-01 3.950000000000000178e-01
2.146080716887714679e-01 3.950000000000000178e-01
2.150077142803706598e-01 3.950000000000000178e-01
2.154073568719698517e-01 3.950000000000000178e-01
2.158069994635690714e-01 3.950000000000000178e-01
2.162066420551682633e-01 3.950000000000000178e-01
2.166062846467674552e-01 3.950000000000000178e-01
2.170059272383666471e-01 3.950000000000000178e-01
2.174055698299658390e-01 3.950000000000000178e-01
2.178052124215650309e-01 3.950000000000000178e-01
2.182048550131642228e-01 3.950000000000000178e-01
2.186044976047634147e-01 3.950000000000000178e-01
2.190041401963626899e-01 3.950000000000000178e-01
2.194037827879619096e-01 3.950000000000000178e-01
2.198034253795611015e-01 3.950000000000000178e-01
2.202030679711602934e-01 3.950000000000000178e-01
2.206027105627594853e-01 3.950000000000000178e-01
2.210023531543586772e-01 3.950000000000000178e-01
2.214019957459578691e-01 3.950000000000000178e-01
2.218016383375570610e-01 3.950000000000000178e-01
2.222012809291562530e-01 3.950000000000000178e-01
2.226009235207554726e-01 3.950000000000000178e-01
2.230005661123546645e-01 3.950000000000000178e-01
2.234002087039539397e-01 3.950000000000000178e-01
2.237998512955531316e-01 3.950000000000000178e-01
2.241994938871523235e-01 3.950000000000000178e-01
2.245991364787515154e-01 3.950000000000000178e-01
2.249987790703507073e-01 3.950000000000000178e-01
2.253984216619498993e-01 3.950000000000000178e-01
2.257980642535490912e-01 3.950000000000000178e-01
2.261977068451482831e-01 3.950000000000000178e-01
2.265973494367475027e-01 3.950000000000000178e-01
2.269969920283466946e-01 3.950000000000000178e-01
2.273966346199458866e-01 3.950000000000000178e-01
2.277962772115450785e-01 3.950000000000000178e-01
2.281959198031443536e-01 3.950000000000000178e-01
2.285955623947435456e-01 3.950000000000000178e-01
2.289952049863427375e-01 3.950000000000000178e-01
2.293948475779419294e-01 3.950000000000000178e-01
2.297944901695411213e-01 3.950000000000000178e-01
2.301941327611403132e-01 3.950000000000000178e-01
2.305937753527395329e-01 3.950000000000000178e-01
2.309934179443387248e-01 3.950000000000000178e-01
2.313930605359379167e-01 3.950000000000000178e-01
2.317927031275371086e-01 3.950000000000000178e-01
2.321923457191363005e-01 3.950000000000000178e-01
2.325919883107354924e-01 3.950000000000000178e-01
2.329916309023347676e-01 3.950000000000000178e-01
2.333912734939339595e-01 3.950000000000000178e-01
2.337909160855331514e-01 3.950000000000000178e-01
2.341905586771323433e-01 3.950000000000000178e-01
2.345902012687315630e-01 3.950000000000000178e-01
2.349898438603307549e-01 3.950000000000000178e-01
2.353894864519299468e-01 3.950000000000000178e-01
2.357891290435291387e-01 3.950000000000000178e-01
2.361887716351283306e-01 3.950000000000000178e-01
2.365884142267275225e-01 3.950000000000000178e-01
2.369880568183267144e-01 3.950000000000000178e-01
2.373876994099259063e-01 3.950000000000000178e-01
2.377873420015251815e-01 3.950000000000000178e-01
2.381869845931244012e-01 3.950000000000000178e-01
2.385866271847235931e-01 3.950000000000000178e-01
2.389862697763227850e-01 3.950000000000000178e-01
2.393859123679219769e-01 3.950000000000000178e-01
2.397855549595211688e-01 3.950000000000000178e-01
2.401851975511203607e-01 3.950000000000000178e-01
2.405848401427195526e-01 3.950000000000000178e-01
2.409844827343187446e-01 3.950000000000000178e-01
2.413841253259179642e-01 3.950000000000000178e-01
2.417837679175171561e-01 3.950000000000000178e-01
2.421834105091163480e-01 3.950000000000000178e-01
2.425830531007156232e-01 3.950000000000000178e-01
2.429826956923148151e-01 3.950000000000000178e-01
2.433823382839140070e-01 3.950000000000000178e-01
2.437819808755131989e-01 3.950000000000000178e-01
2.441816234671123909e-01 3.950000000000000178e-01
2.445812660587115828e-01 3.950000000000000178e-01
2.449809086503107747e-01 3.950000000000000178e-01
2.453805512419099943e-01 3.950000000000000178e-01
2.457801938335091863e-01 3.950000000000000178e-01
2.461798364251083782e-01 3.950000000000000178e-01
2.465794790167075701e-01 3.950000000000000178e-01
2.469791216083068452e-01 3.950000000000000178e-01
2.473787641999060372e-01 3.950000000000000178e-01
2.477784067915052291e-01 3.950000000000000178e-01
2.481780493831044210e-01 3.950000000000000178e-01
2.485776919747036129e-01 3.950000000000000178e-01
2.489773345663028048e-01 3.950000000000000178e-01
2.493769771579020245e-01 3.950000000000000178e-01
2.497766197495012164e-01 3.950000000000000178e-01
2.501762623411004083e-01 3.950000000000000178e-01
2.505759049326996002e-01 3.950000000000000178e-01
2.509755475242987921e-01 3.950000000000000178e-01
2.513751901158979840e-01 3.950000000000000178e-01
2.517748327074972869e-01 3.950000000000000178e-01
2.521744752990964789e-01 3.950000000000000178e-01
2.525741178906956708e-01 3.950000000000000178e-01
2.529737604822948627e-01 3.950000000000000178e-01
2.533734030738940546e-01 3.950000000000000178e-01
2.537730456654932465e-01 3.950000000000000178e-01
2.541726882570924384e-01 3.950000000000000178e-01
2.545723308486916303e-01 3.950000000000000178e-01
2.549719734402908222e-01 3.950000000000000178e-01
2.553716160318900141e-01 3.950000000000000178e-01
2.557712586234892060e-01 3.950000000000000178e-01
2.561709012150883980e-01 3.950000000000000178e-01
2.565705438066877009e-01 3.950000000000000178e-01
2.569701863982868928e-01 3.950000000000000178e-01
2.573698289898860847e-01 3.950000000000000178e-01
2.577694715814852766e-01 3.950000000000000178e-01
2.581691141730844685e-01 3.950000000000000178e-01
2.585687567646836604e-01 3.950000000000000178e-01
2.589683993562828523e-01 3.950000000000000178e-01
2.593680419478820443e-01 3.950000000000000178e-01
2.597676845394812362e-01 3.950000000000000178e-01
2.601673271310804281e-01 3.950000000000000178e-01
2.605669697226796200e-01 3.950000000000000178e-01
2.609666123142788119e-01 3.950000000000000178e-01
2.613662549058781148e-01 3.950000000000000178e-01
2.617658974974773067e-01 3.950000000000000178e-01
2.621655400890764986e-01 3.950000000000000178e-01
2.625651826806756906e-01 3.950000000000000178e-01
2.629648252722748825e-01 3.950000000000000178e-01
2.633644678638740744e-01 3.950000000000000178e-01
2.637641104554732663e-01 3.950000000000000178e-01
2.641637530470724582e-01 3.950000000000000178e-01
2.645633956386716501e-01 3.950000000000000178e-01
2.649630382302708420e-01 3.950000000000000178e-01
2.653626808218700339e-01 3.950000000000000178e-01
2.657623234134693369e-01 3.950000000000000178e-01
2.661619660050685288e-01 3.950000000000000178e-01
2.665616085966677207e-01 3.950000000000000178e-01
2.669612511882669126e-01 3.950000000000000178e-01
2.673608937798661045e-01 3.950000000000000178e-01
2.677605363714654074e-01 3.950000000000000178e-01
2.681601789630646548e-01 3.950000000000000178e-01
2.685598215546637912e-01 3.950000000000000178e-01
2.689594641462630387e-01 3.950000000000000178e-01
2.693591067378621751e-01 3.950000000000000178e-01
2.697587493294614225e-01 3.950000000000000178e-01
2.701583919210605589e-01 3.950000000000000178e-01
2.705580345126598063e-01 3.950000000000000178e-01
2.709576771042589427e-01 3.950000000000000178e-01
2.713573196958582456e-01 3.950000000000000178e-01
2.717569622874573265e-01 3.950000000000000178e-01
2.721566048790566295e-01 3.950000000000000178e-01
2.725562474706557103e-01 3.950000000000000178e-01
2.729558900622550133e-01 3.950000000000000178e-01
2.733555326538542607e-01 3.950000000000000178e-01
2.737551752454533971e-01 3.950000000000000178e-01
2.741548178370526445e-01 3.950000000000000178e-01
2.745544604286517809e-01 3.950000000000000178e-01
2.749541030202510838e-01 3.950000000000000178e-01
2.753537456118501647e-01 3.950000000000000178e-01
2.757533882034494677e-01 3.950000000000000178e-01
2.761530307950485486e-01 3.950000000000000178e-01
2.765526733866478515e-01 3.950000000000000178e-01
2.769523159782469324e-01 3.950000000000000178e-01
2.773519585698462353e-01 3.950000000000000178e-01
2.777516011614454827e-01 3.950000000000000178e-01
2.781512437530446191e-01 3.950000000000000178e-01
2.785508863446439221e-01 3.950000000000000178e-01
2.789505289362430029e-01 3.950000000000000178e-01
2.793501715278423059e-01 3.950000000000000178e-01
2.797498141194413868e-01 3.950000000000000178e-01
2.801494567110406897e-01 3.950000000000000178e-01
2.805490993026397706e-01 3.950000000000000178e-01
2.809487418942390735e-01 3.950000000000000178e-01
2.813483844858382099e-01 3.950000000000000178e-01
2.817480270774374573e-01 3.950000000000000178e-01
2.821476696690365937e-01 3.950000000000000178e-01
2.825473122606358412e-01 3.950000000000000178e-01
2.829469548522351441e-01 3.950000000000000178e-01
2.833465974438342250e-01 3.950000000000000178e-01
2.837462400354335279e-01 3.950000000000000178e-01
2.841458826270326088e-01 3.950000000000000178e-01
2.845455252186319117e-01 3.950000000000000178e-01
2.849451678102310481e-01 3.950000000000000178e-01
2.853448104018302955e-01 3.950000000000000178e-01
2.857444529934294319e-01 3.950000000000000178e-01
2.861440955850286794e-01 3.950000000000000178e-01
2.865437381766278158e-01 3.950000000000000178e-01
2.869433807682270632e-01 3.950000000000000178e-01
2.873430233598263661e-01 3.950000000000000178e-01
2.877426659514254470e-01 3.950000000000000178e-01
2.881423085430247499e-01 3.950000000000000178e-01
2.885419511346238308e-01 3.950000000000000178e-01
2.889415937262231338e-01 3.950000000000000178e-01
2.893412363178222702e-01 3.950000000000000178e-01
2.897408789094215176e-01 3.950000000000000178e-01
2.901405215010206540e-01 3.950000000000000178e-01
2.905401640926199014e-01 3.950000000000000178e-01
2.909398066842190378e-01 3.950000000000000178e-01
2.913394492758182852e-01 3.950000000000000178e-01
2.917390918674175881e-01 3.950000000000000178e-01
2.921387344590166690e-01 3.950000000000000178e-01
2.925383770506159720e-01 3.950000000000000178e-01
2.929380196422151084e-01 3.950000000000000178e-01
2.933376622338143558e-01 3.950000000000000178e-01
2.937373048254134922e-01 3.950000000000000178e-01
2.941369474170127396e-01 3.950000000000000178e-01
2.945365900086118760e-01 3.950000000000000178e-01
2.949362326002111234e-01 3.950000000000000178e-01
2.953358751918102598e-01 3.950000000000000178e-01
2.957355177834095072e-01 3.950000000000000178e-01
2.961351603750086436e-01 3.950000000000000178e-01
2.965348029666078911e-01 3.950000000000000178e-01
2.969344455582071940e-01 3.950000000000000178e-01
2.973340881498063304e-01 3.950000000000000178e-01
2.977337307414055778e-01 3.950000000000000178e-01
2.981333733330047142e-01 3.950000000000000178e-01
2.985330159246039616e-01 3.950000000000000178e-01
2.989326585162030980e-01 3.950000000000000178e-01
2.993323011078023455e-01 3.950000000000000178e-01
2.997319436994014819e-01 3.950000000000000178e-01
3.001315862910007293e-01 3.950000000000000178e-01
3.005312288825998657e-01 3.950000000000000178e-01
3.009308714741991686e-01 3.950000000000000178e-01
3.013305140657984160e-01 3.950000000000000178e-01
3.017301566573975524e-01 3.950000000000000178e-01
3.021297992489967998e-01 3.950000000000000178e-01
3.025294418405959362e-01 3.950000000000000178e-01
3.029290844321951837e-01 3.950000000000000178e-01
3.033287270237943201e-01 3.950000000000000178e-01
3.037283696153935675e-01 3.950000000000000178e-01
3.041280122069927039e-01 3.950000000000000178e-01
3.045276547985920068e-01 3.950000000000000178e-01
3.049272973901910877e-01 3.950000000000000178e-01
3.053269399817903906e-01 3.950000000000000178e-01
3.057265825733896381e-01 3.950000000000000178e-01
3.061262251649887745e-01 3.950000000000000178e-01
3.065258677565880219e-01 3.950000000000000178e-01
3.069255103481871583e-01 3.950000000000000178e-01
3.073251529397864057e-01 3.950000000000000178e-01
3.077247955313855421e-01 3.950000000000000178e-01
3.081244381229847895e-01 3.950000000000000178e-01
3.085240807145839259e-01 3.950000000000000178e-01
3.089237233061832288e-01 3.950000000000000178e-01
3.093233658977823097e-01 3.950000000000000178e-01
3.097230084893816127e-01 3.950000000000000178e-01
3.101226510809806935e-01 3.950000000000000178e-01
3.105222936725799965e-01 3.950000000000000178e-01
3.109219362641792439e-01 3.950000000000000178e-01
3.113215788557783803e-01 3.950000000000000178e-01
3.117212214473776277e-01 3.950000000000000178e-01
3.121208640389767641e-01 3.950000000000000178e-01
3.125205066305760671e-01 3.950000000000000178e-01
3.129201492221751479e-01 3.950000000000000178e-01
3.133197918137744509e-01 3.950000000000000178e-01
3.137194344053735318e-01 3.950000000000000178e-01
3.141190769969728347e-01 3.950000000000000178e-01
3.145187195885719156e-01 3.950000000000000178e-01
3.149183621801712185e-01 3.950000000000000178e-01
3.153180047717704659e-01 3.950000000000000178e-01
3.157176473633696023e-01 3.950000000000000178e-01
3.161172899549689053e-01 3.950000000000000178e-01
3.165169325465679862e-01 3.950000000000000178e-01
3.169165751381672891e-01 3.950000000000000178e-01
3.173162177297663700e-01 3.950000000000000178e-01
3.177158603213656729e-01 3.950000000000000178e-01
3.181155029129647538e-01 3.950000000000000178e-01
3.185151455045640567e-01 3.950000000000000178e-01
3.189147880961631931e-01 3.950000000000000178e-01
3.193144306877624405e-01 3.950000000000000178e-01
3.197140732793615769e-01 3.950000000000000178e-01
3.201137158709608244e-01 3.950000000000000178e-01
3.205133584625601273e-01 3.950000000000000178e-01
3.209130010541592082e-01 3.950000000000000178e-01
3.213126436457585111e-01 3.950000000000000178e-01
3.217122862373575920e-01 3.950000000000000178e-01
3.221119288289568949e-01 3.950000000000000178e-01
3.225115714205560313e-01 3.950000000000000178e-01
3.229112140121552788e-01 3.950000000000000178e-01
3.233108566037544152e-01 3.950000000000000178e-01
3.237104991953536626e-01 3.950000000000000178e-01
3.241101417869527990e-01 3.950000000000000178e-01
3.245097843785520464e-01 3.950000000000000178e-01
3.249094269701513493e-01 3.950000000000000178e-01
3.253090695617504302e-01 3.950000000000000178e-01
3.257087121533497331e-01 3.950000000000000178e-01
3.261083547449488140e-01 3.950000000000000178e-01
3.265079973365481170e-01 3.950000000000000178e-01
3.269076399281472534e-01 3.950000000000000178e-01
3.273072825197465008e-01 3.950000000000000178e-01
3.277069251113456372e-01 3.950000000000000178e-01
3.281065677029448846e-01 3.950000000000000178e-01
3.285062102945440210e-01 3.950000000000000178e-01
3.289058528861432684e-01 3.950000000000000178e-01
3.293054954777425714e-01 3.950000000000000178e-01
3.297051380693416522e-01 3.950000000000000178e-01
3.301047806609409552e-01 3.950000000000000178e-01
3.305044232525400916e-01 3.950000000000000178e-01
3.309040658441393390e-01 3.950000000000000178e-01
3.313037084357384754e-01 3.950000000000000178e-01
3.317033510273377228e-01 3.950000000000000178e-01
3.321029936189368592e-01 3.950000000000000178e-01
3.325026362105361066e-01 3.950000000000000178e-01
3.329022788021352430e-01 3.950000000000000178e-01
3.333019213937344905e-01 3.950000000000000178e-01
3.337015639853336268e-01 3.950000000000000178e-01
3.341012065769329298e-01 3.950000000000000178e-01
3.345008491685321772e-01 3.950000000000000178e-01
3.349004917601313136e-01 3.950000000000000178e-01
3.353001343517305610e-01 3.950000000000000178e-01
3.356997769433296974e-01 3.950000000000000178e-01
3.360994195349289448e-01 3.950000000000000178e-01
3.364990621265280812e-01 3.950000000000000178e-01
3.368987047181273287e-01 3.950000000000000178e-01
3.372983473097264651e-01 3.950000000000000178e-01
3.376979899013257125e-01 3.950000000000000178e-01
3.380976324929248489e-01 3.950000000000000178e-01
3.384972750845241518e-01 3.950000000000000178e-01
3.388969176761233992e-01 3.950000000000000178e-01
3.392965602677225356e-01 3.950000000000000178e-01
3.396962028593217831e-01 3.950000000000000178e-01
3.400958454509209195e-01 3.950000000000000178e-01
3.404954880425201669e-01 3.950000000000000178e-01
3.408951306341193033e-01 3.950000000000000178e-01
3.412947732257185507e-01 3.950000000000000178e-01
3.416944158173176871e-01 3.950000000000000178e-01
3.420940584089169900e-01 3.950000000000000178e-01
3.424937010005160709e-01 3.950000000000000178e-01
3.428933435921153738e-01 3.950000000000000178e-01
3.432929861837144547e-01 3.950000000000000178e-01
3.436926287753137577e-01 3.950000000000000178e-01
3.440922713669130051e-01 3.950000000000000178e-01
3.444919139585121415e-01 3.950000000000000178e-01
3.448915565501113889e-01 3.950000000000000178e-01
3.452911991417105253e-01 3.950000000000000178e-01
3.456908417333098282e-01 3.950000000000000178e-01
3.460904843249089091e-01 3.950000000000000178e-01
3.464901269165082121e-01 3.950000000000000178e-01
3.468897695081072929e-01 3.950000000000000178e-01
3.472894120997065959e-01 3.950000000000000178e-01
3.476890546913056768e-01 3.950000000000000178e-01
3.480886972829049797e-01 3.950000000000000178e-01
3.484883398745042271e-01 3.950000000000000178e-01
3.488879824661033635e-01 3.950000000000000178e-01
3.492876250577026109e-01 3.950000000000000178e-01
3.496872676493017473e-01 3.950000000000000178e-01
3.500869102409010503e-01 3.950000000000000178e-01
3.504865528325001311e-01 3.950000000000000178e-01
3.508861954240994341e-01 3.950000000000000178e-01
3.512858380156985150e-01 3.950000000000000178e-01
3.516854806072978179e-01 3.950000000000000178e-01
3.520851231988968988e-01 3.950000000000000178e-01
3.524847657904962017e-01 3.950000000000000178e-01
3.528844083820954491e-01 3.950000000000000178e-01
3.532840509736945855e-01 3.950000000000000178e-01
3.536836935652938885e-01 3.950000000000000178e-01
3.540833361568929694e-01 3.950000000000000178e-01
3.544829787484922723e-01 3.950000000000000178e-01
3.548826213400913532e-01 3.950000000000000178e-01
3.552822639316906561e-01 3.950000000000000178e-01
3.556819065232897370e-01 3.950000000000000178e-01
3.560815491148890399e-01 3.950000000000000178e-01
3.564811917064881763e-01 3.950000000000000178e-01
3.568808342980874238e-01 3.950000000000000178e-01
3.572804768896865601e-01 3.950000000000000178e-01
3.576801194812858076e-01 3.950000000000000178e-01
3.580797620728851105e-01 3.950000000000000178e-01
3.584794046644841914e-01 3.950000000000000178e-01
3.588790472560834943e-01 3.950000000000000178e-01
3.592786898476825752e-01 3.950000000000000178e-01
3.596783324392818781e-01 3.950000000000000178e-01
3.600779750308810145e-01 3.950000000000000178e-01
3.604776176224802620e-01 3.950000000000000178e-01
3.608772602140793984e-01 3.950000000000000178e-01
3.612769028056786458e-01 3.950000000000000178e-01
3.616765453972777822e-01 3.950000000000000178e-01
3.620761879888770296e-01 3.950000000000000178e-01
3.624758305804763325e-01 3.950000000000000178e-01
3.628754731720754134e-01 3.950000000000000178e-01
3.632751157636747164e-01 3.950000000000000178e-01
3.636747583552737972e-01 3.950000000000000178e-01
3.640744009468731002e-01 3.950000000000000178e-01
3.644740435384722366e-01 3.950000000000000178e-01
3.648736861300714840e-01 3.950000000000000178e-01
3.652733287216706204e-01 3.950000000000000178e-01
3.656729713132698678e-01 3.950000000000000178e-01
3.660726139048690042e-01 3.950000000000000178e-01
3.664722564964682516e-01 3.950000000000000178e-01
3.668718990880675546e-01 3.950000000000000178e-01
3.672715416796666354e-01 3.950000000000000178e-01
3.676711842712659384e-01 3.950000000000000178e-01
3.680708268628650748e-01 3.950000000000000178e-01
3.684704694544643222e-01 3.950000000000000178e-01
3.688701120460634586e-01 3.950000000000000178e-01
3.692697546376627060e-01 3.950000000000000178e-01
3.696693972292618424e-01 3.950000000000000178e-01
3.700690398208610898e-01 3.950000000000000178e-01
3.704686824124602262e-01 3.950000000000000178e-01
3.708683250040594737e-01 3.950000000000000178e-01
3.712679675956586101e-01 3.950000000000000178e-01
3.716676101872579130e-01 3.950000000000000178e-01
3.720672527788571604e-01 3.950000000000000178e-01
3.724668953704562968e-01 3.950000000000000178e-01
3.728665379620555442e-01 3.950000000000000178e-01
3.732661805536546806e-01 3.950000000000000178e-01
3.736658231452539281e-01 3.950000000000000178e-01
3.740654657368530644e-01 3.950000000000000178e-01
3.744651083284523119e-01 3.950000000000000178e-01
3.748647509200514483e-01 3.950000000000000178e-01
3.752643935116506957e-01 3.950000000000000178e-01
3.756640361032498321e-01 3.950000000000000178e-01
3.760636786948491350e-01 3.950000000000000178e-01
3.764633212864483824e-01 3.950000000000000178e-01
3.768629638780475188e-01 3.950000000000000178e-01
3.772626064696467663e-01 3.950000000000000178e-01
3.776622490612459027e-01 3.950000000000000178e-01
3.780618916528451501e-01 3.950000000000000178e-01
3.784615342444442865e-01 3.950000000000000178e-01
3.788611768360435339e-01 3.950000000000000178e-01
3.792608194276426703e-01 3.950000000000000178e-01
3.796604620192419732e-01 3.950000000000000178e-01
3.800601046108410541e-01 3.950000000000000178e-01
3.804597472024403571e-01 3.950000000000000178e-01
3.808593897940394379e-01 3.950000000000000178e-01
3.812590323856387409e-01 3.950000000000000178e-01
3.816586749772379883e-01 3.950000000000000178e-01
3.820583175688371247e-01 3.950000000000000178e-01
3.824579601604363721e-01 3.950000000000000178e-01
3.828576027520355085e-01 3.950000000000000178e-01
3.832572453436348114e-01 3.950000000000000178e-01
3.836568879352338923e-01 3.950000000000000178e-01
3.840565305268331953e-01 3.950000000000000178e-01
3.844561731184322761e-01 3.950000000000000178e-01
3.848558157100315791e-01 3.950000000000000178e-01
3.852554583016306600e-01 3.950000000000000178e-01
3.856551008932299629e-01 3.950000000000000178e-01
3.860547434848292103e-01 3.950000000000000178e-01
3.864543860764283467e-01 3.950000000000000178e-01
3.868540286680275941e-01 3.950000000000000178e-01
3.872536712596267305e-01 3.950000000000000178e-01
3.876533138512260335e-01 3.950000000000000178e-01
3.880529564428251144e-01 3.950000000000000178e-01
3.884525990344244173e-01 3.950000000000000178e-01
3.888522416260234982e-01 3.950000000000000178e-01
3.892518842176228011e-01 3.950000000000000178e-01
3.896515268092219375e-01 3.950000000000000178e-01
3.900511694008211849e-01 3.950000000000000178e-01
3.904508119924204324e-01 3.950000000000000178e-01
3.908504545840195687e-01 3.950000000000000178e-01
3.912500971756188717e-01 3.950000000000000178e-01
3.916497397672179526e-01 3.950000000000000178e-01
3.920493823588172555e-01 3.950000000000000178e-01
3.924490249504163364e-01 3.950000000000000178e-01
3.928486675420156393e-01 3.950000000000000178e-01
3.932483101336147202e-01 3.950000000000000178e-01
3.936479527252140231e-01 3.950000000000000178e-01
3.940475953168131595e-01 3.950000000000000178e-01
3.944472379084124070e-01 3.950000000000000178e-01
3.948468805000115434e-01 3.950000000000000178e-01
3.952465230916107908e-01 3.950000000000000178e-01
3.956461656832100937e-01 3.950000000000000178e-01
3.960458082748091746e-01 3.950000000000000178e-01
3.964454508664084775e-01 3.950000000000000178e-01
3.968450934580075584e-01 3.950000000000000178e-01
3.972447360496068614e-01 3.950000000000000178e-01
3.976443786412059977e-01 3.950000000000000178e-01
3.980440212328052452e-01 3.950000000000000178e-01
3.984436638244043816e-01 3.950000000000000178e-01
3.988433064160036290e-01 3.950000000000000178e-01
3.992429490076027654e-01 3.950000000000000178e-01
3.996425915992020128e-01 3.950000000000000178e-01
4.000422341908013157e-01 3.950000000000000178e-01
4.004418767824003966e-01 3.950000000000000178e-01
4.008415193739996996e-01 3.950000000000000178e-01
4.012411619655987804e-01 3.950000000000000178e-01
4.016408045571980834e-01 3.950000000000000178e-01
4.020404471487972198e-01 3.950000000000000178e-01
4.024400897403964672e-01 3.950000000000000178e-01
4.028397323319956036e-01 3.950000000000000178e-01
4.032393749235948510e-01 3.950000000000000178e-01
4.036390175151939874e-01 3.950000000000000178e-01
4.040386601067932348e-01 3.950000000000000178e-01
4.044383026983923712e-01 3.950000000000000178e-01
4.048379452899916187e-01 3.950000000000000178e-01
4.052375878815909216e-01 3.950000000000000178e-01
4.056372304731900580e-01 3.950000000000000178e-01
4.060368730647893054e-01 3.950000000000000178e-01
4.064365156563884418e-01 3.950000000000000178e-01
4.068361582479876892e-01 3.950000000000000178e-01
4.072358008395868256e-01 3.950000000000000178e-01
4.076354434311860730e-01 3.950000000000000178e-01
4.080350860227852094e-01 3.950000000000000178e-01
4.084347286143844569e-01 3.950000000000000178e-01
4.088343712059835933e-01 3.950000000000000178e-01
4.092340137975828962e-01 3.950000000000000178e-01
4.096336563891821436e-01 3.950000000000000178e-01
4.100332989807812800e-01 3.950000000000000178e-01
4.104329415723805274e-01 3.950000000000000178e-01
4.108325841639796638e-01 3.950000000000000178e-01
4.112322267555789113e-01 3.950000000000000178e-01
4.116318693471780477e-01 3.950000000000000178e-01
4.120315119387772951e-01 3.950000000000000178e-01
4.124311545303764315e-01 3.950000000000000178e-01
4.128307971219756789e-01 3.950000000000000178e-01
4.132304397135748153e-01 3.950000000000000178e-01
4.136300823051741182e-01 3.950000000000000178e-01
4.140297248967733656e-01 3.950000000000000178e-01
4.144293674883725020e-01 3.950000000000000178e-01
4.148290100799717495e-01 3.950000000000000178e-01
4.152286526715708859e-01 3.950000000000000178e-01
4.156282952631701333e-01 3.950000000000000178e-01
4.160279378547692697e-01 3.950000000000000178e-01
4.164275804463685171e-01 3.950000000000000178e-01
4.168272230379676535e-01 3.950000000000000178e-01
4.172268656295669564e-01 3.950000000000000178e-01
4.176265082211660373e-01 3.950000000000000178e-01
4.180261508127653403e-01 3.950000000000000178e-01
4.184257934043644211e-01 3.950000000000000178e-01
4.188254359959637241e-01 3.950000000000000178e-01
4.192250785875629715e-01 3.950000000000000178e-01
4.196247211791621079e-01 3.950000000000000178e-01
4.200243637707613553e-01 3.950000000000000178e-01
4.204240063623604917e-01 3.950000000000000178e-01
4.208236489539597946e-01 3.950000000000000178e-01
4.212232915455588755e-01 3.950000000000000178e-01
4.216229341371581785e-01 3.950000000000000178e-01
4.220225767287572594e-01 3.950000000000000178e-01
4.224222193203565623e-01 3.950000000000000178e-01
4.228218619119556432e-01 3.950000000000000178e-01
4.232215045035549461e-01 3.950000000000000178e-01
4.236211470951541935e-01 3.950000000000000178e-01
4.240207896867533299e-01 3.950000000000000178e-01
4.244204322783525773e-01 3.950000000000000178e-01
4.248200748699517137e-01 3.950000000000000178e-01
4.252197174615510167e-01 3.950000000000000178e-01
4.256193600531500976e-01 3.950000000000000178e-01
4.260190026447494005e-01 3.950000000000000178e-01
4.264186452363484814e-01 3.950000000000000178e-01
4.268182878279477843e-01 3.950000000000000178e-01
4.272179304195469207e-01 3.950000000000000178e-01
4.276175730111461681e-01 3.950000000000000178e-01
4.280172156027454156e-01 3.950000000000000178e-01
4.284168581943445520e-01 3.950000000000000178e-01
4.288165007859438549e-01 3.950000000000000178e-01
4.292161433775429358e-01 3.950000000000000178e-01
4.296157859691422387e-01 3.950000000000000178e-01
4.300154285607413196e-01 3.950000000000000178e-01
4.304150711523406225e-01 3.950000000000000178e-01
4.308147137439397034e-01 3.950000000000000178e-01
4.312143563355390063e-01 3.950000000000000178e-01
4.316139989271381427e-01 3.950000000000000178e-01
4.320136415187373902e-01 3.950000000000000178e-01
4.324132841103365266e-01 3.950000000000000178e-01
4.328129267019357740e-01 3.950000000000000178e-01
